cmd: ./debug/test_bench
events: Ir
fl=./csu/../csu/libc-start.c
fn=__libc_start_main@@GLIBC_2.34
128 2
134 3
135 7
138 1
139 2
142 3
143 2
144 16
145 8
242 13
311 3
312 3
337 6
340 2
343 2
350 2
352 2
360 4
fl=./csu/../sysdeps/nptl/libc_start_call_main.h
fn=(below main)
29 9
44 3
46 2
51 2
52 2
55 2
58 6
74 2
fl=./csu/./csu/init-first.c
fn=_init_first
46 6
51 2
55 5
61 1
62 1
63 2
71 2
72 3
fl=./ctype/./ctype/ctype-info.c
fn=__ctype_init
29 19
31 133
33 76
35 76
36 19
fl=./debug/../sysdeps/x86_64/multiarch/ifunc-memmove.h
fn=__memcpy_chk
56 2
57 3
60 3
61 2
74 2
77 2
85 2
93 2
96 5
fn=__memmove_chk
56 2
57 3
60 3
61 2
74 2
77 2
85 2
93 2
96 5
fn=__mempcpy_chk
56 2
57 3
60 3
61 2
74 2
77 2
85 2
93 2
96 5
fl=./debug/../sysdeps/x86_64/multiarch/ifunc-memset.h
fn=__memset_chk
54 5
57 3
58 2
64 2
73 2
75 2
85 2
93 2
96 5
fl=./debug/../sysdeps/x86_64/multiarch/memcpy_chk.c
fn=__memcpy_chk
29 1
fl=./debug/../sysdeps/x86_64/multiarch/memmove_chk.c
fn=__memmove_chk
29 1
fl=./debug/../sysdeps/x86_64/multiarch/mempcpy_chk.c
fn=__mempcpy_chk
29 1
fl=./debug/../sysdeps/x86_64/multiarch/memset_chk.c
fn=__memset_chk
29 1
fl=./dlfcn/./dlfcn/libc_dlerror_result.c
fn=__libc_dlerror_result_free
29 90
30 72
39 54
fl=./elf/../bits/stdlib-bsearch.h
fn=intel_check_word.constprop.0
27 96
28 48
29 744
31 648
32 348
35 264
37 120
fl=./elf/../elf/dl-tls.c
fn=_dl_add_to_slotinfo
1017 36
1023 4
1026 4
1027 4
1031 12
1065 8
1068 8
1069 12
1072 24
fn=_dl_allocate_tls
365 18
369 18
370 18
371 36
374 18
380 54
530 36
531 18
534 36
537 54
549 18
554 504
560 180
563 216
564 144
570 216
571 144
573 378
576 144
577 144
580 144
581 288
583 144
584 144
593 72
603 936
609 216
615 36
618 18
620 18
626 180
627 36
630 144
fn=_dl_allocate_tls_init
523 11
524 2
528 2
531 1
534 2
537 3
549 1
554 32
560 11
563 12
564 8
570 12
571 8
573 31
576 8
577 8
580 8
581 16
583 8
584 8
593 4
601 8
603 40
609 4
615 2
618 2
621 9
fn=_dl_allocate_tls_storage
365 1
369 1
370 1
371 2
374 1
380 2
417 7
419 1
430 1
431 1
432 2
440 6
441 1
445 305
464 1
470 7
fn=_dl_assign_tls_modid
125 12
128 6
141 3
181 3
183 3
186 3
187 6
fn=_dl_count_modids
192 1
194 2
195 1
210 2
fn=_dl_deallocate_tls
636 126
637 14
640 560
641 756
644 28
645 14
647 28
649 84
fn=_dl_determine_tlsoffset
216 9
217 1
218 1
219 1
222 4
225 2
259 1
261 32
263 11
265 12
266 8
268 8
270 20
281 4
286 32
288 8
289 4
294 4
301 1
302 7
304 2
354 1
355 8
fn=_dl_tls_static_surplus_init
83 3
97 8
100 6
101 5
102 3
104 4
107 1
109 1
111 3
112 6
fl=./elf/../include/list.h
fn=__tls_init_tp
43 2
44 2
45 1
47 1
fl=./elf/../include/rtld-malloc.h
fn=__minimal_calloc
56 17
fn=_dl_allocate_tls
44 36
fn=_dl_allocate_tls_storage
44 2
56 1
fn=_dl_check_map_versions
44 18
fn=_dl_deallocate_tls
50 518
fn=_dl_find_object_init
56 2
fn=_dl_important_hwcaps
56 4
fn=_dl_init_paths
56 5
fn=_dl_map_object_deps
56 12
fn=_dl_new_object
44 18
56 15
fn=do_lookup_x
44 13
fn=fillin_rpath.isra.0
50 20
51 10
56 8
fn=init_tls
44 2
fl=./elf/../include/scratch_buffer.h
fn=_dl_map_object_deps
77 2
78 1
85 3
131 20
fl=./elf/../misc/sbrk.c
fn=sbrk
37 6
40 1
58 2
62 2
78 5
fl=./elf/../nptl/nptl-stack.h
fn=__libc_early_init
61 8
fl=./elf/../sysdeps/generic/_itoa.h
fn=_dl_check_map_versions
76 39
fl=./elf/../sysdeps/generic/dl-cache.h
fn=_dl_load_cache_lookup
125 4
194 1
195 5
fl=./elf/../sysdeps/generic/dl-call_tls_init_tp.h
fn=init_tls
31 8
33 1
fl=./elf/../sysdeps/generic/dl-debug.h
fn=dl_main
29 4
30 1
fl=./elf/../sysdeps/generic/dl-hash.h
fn=__rtld_malloc_init_real
43 1
44 1
45 19
48 18
62 24
67 1
72 1
fl=./elf/../sysdeps/generic/dl-new-hash.h
fn=_dl_lookup_symbol_x
69 2036
70 4072
74 43611
77 87222
80 42588
81 85176
87 1013
88 1013
89 2026
90 1013
99 41575
101 41575
102 83150
104 41575
105 41575
fl=./elf/../sysdeps/generic/dl-protected.h
fn=do_lookup_x
29 8080
fl=./elf/../sysdeps/generic/ldsodefs.h
fn=_dl_relocate_object
79 62
140 10590
fn=_dl_start
79 6
fn=do_lookup_x
139 4040
140 6060
fl=./elf/../sysdeps/nptl/dl-mutex.c
fn=__rtld_mutex_init
30 7
37 1
40 7
44 2
45 9
47 6
51 2
52 7
53 6
fl=./elf/../sysdeps/nptl/dl-tls_init_tp.c
fn=__tls_init_tp
68 5
69 1
72 1
75 4
76 2
77 1
82 2
87 4
90 1
93 3
105 4
121 3
128 2
129 3
fn=__tls_pre_init_tp
53 3
56 10
61 2
62 1
64 1
fn=rtld_mutex_dummy
42 178
44 356
fl=./elf/../sysdeps/nptl/pthread_early_init.h
fn=__libc_early_init
33 6
34 1
38 5
45 2
46 1
48 2
52 5
53 1
54 1
56 1
fl=./elf/../sysdeps/posix/dl-fileid.h
fn=_dl_map_object_from_fd
37 20
40 20
49 60
fl=./elf/../sysdeps/unix/sysv/linux/brk.c
fn=brk
36 1
37 1
38 2
44 1
45 1
fl=./elf/../sysdeps/unix/sysv/linux/brk_call.h
fn=brk
24 2
fl=./elf/../sysdeps/unix/sysv/linux/dl-osinfo.h
fn=dl_main
39 2
52 1
fl=./elf/../sysdeps/unix/sysv/linux/dl-parse_auxv.h
fn=_dl_sysdep_parse_arguments
32 2
33 1
34 1
41 93
42 44
43 44
45 1
46 2
47 2
48 2
49 1
51 2
52 2
53 2
54 2
56 2
fl=./elf/../sysdeps/unix/sysv/linux/dl-sysdep.c
fn=_dl_sysdep_parse_arguments
78 7
79 2
80 2
81 3
82 49
83 101
86 2
90 56
93 5
94 2
95 3
96 6
fn=_dl_sysdep_start
102 6
103 1
106 2
110 2
113 1
115 2
122 3
123 2
125 5
137 3
140 5
143 4
fn=_dl_sysdep_start_cleanup
147 1
148 1
fl=./elf/../sysdeps/unix/sysv/linux/dl-vdso-setup.h
fn=dl_main
30 1
33 1
36 1
39 1
45 1
fl=./elf/../sysdeps/unix/sysv/linux/dl-vdso.h
fn=dl_main
40 2
41 5
55 2
fl=./elf/../sysdeps/unix/sysv/linux/rseq-internal.h
fn=__tls_init_tp
32 3
34 7
37 2
40 1
fl=./elf/../sysdeps/unix/sysv/linux/x86/dl-hwcap2.h
fn=update_active.constprop.0
25 2
fl=./elf/../sysdeps/unix/sysv/linux/x86/dl-minsigstacksize.h
fn=get_common_indices.constprop.0
24 2
27 2
28 2
65 3
72 1
74 1
fl=./elf/../sysdeps/x86/cpu-features.c
fn=get_common_indices.constprop.0
398 3
402 4
405 5
409 1
410 4
411 4
412 4
413 3
414 2
421 2
423 9
428 8
435 2
436 7
442 2
457 3
fn=init_cpu_features.constprop.0
376 3
377 2
378 6
383 2
384 6
389 2
390 7
682 8
685 1
686 1
687 1
690 1
699 3
702 6
703 1
706 2
708 6
713 1
715 3
717 9
721 7
774 3
781 2
799 1
832 2
866 4
869 2
870 1
878 2
885 2
887 2
891 2
897 2
899 1
1001 3
1002 2
1005 2
1006 2
1012 1
1013 1
1014 1
1015 2
1019 4
1022 4
1028 3
1041 2
1042 4
1081 1
1082 2
1086 3
1103 2
1104 2
1106 3
1107 2
1109 3
1110 2
1113 2
1127 4
1129 4
1135 4
1142 8
fn=update_active.constprop.0
72 8
76 1
84 3
85 3
86 1
94 4
95 1
103 4
104 1
109 4
112 4
113 1
116 5
117 2
121 5
122 3
123 3
124 2
128 5
129 5
130 3
132 2
133 4
147 2
151 7
152 4
154 3
158 4
161 1
164 2
166 2
170 1
171 1
178 4
180 5
186 4
188 5
190 4
195 5
244 3
245 3
261 4
277 2
281 2
282 1
285 4
289 2
293 3
294 2
296 1
297 1
300 2
302 1
305 2
356 5
360 3
369 1
370 8
fl=./elf/../sysdeps/x86/dl-cacheinfo.h
fn=get_common_cache_info.constprop.0
571 11
586 1
587 1
588 2
589 1
590 2
596 3
598 7
601 2
613 1
618 3
622 2
627 5
630 24
637 8
640 26
645 2
649 3
650 2
654 2
658 3
661 4
662 1
667 4
673 4
681 6
683 2
685 4
687 12
689 1
690 1
691 9
693 4
696 7
701 1
703 4
704 3
705 1
708 2
711 2
718 1
720 4
721 1
726 2
731 2
732 1
733 2
734 1
759 3
770 5
771 5
775 2
782 1
783 2
784 1
785 7
fn=handle_intel.constprop.0
250 108
255 24
261 12
262 12
267 48
271 24
276 24
279 60
281 24
284 60
286 24
305 96
fn=init_cpu_features.constprop.0
792 1
793 1
795 1
809 2
811 3
812 3
813 3
814 2
817 3
819 3
820 2
822 3
824 3
825 1
827 3
829 3
830 2
832 3
834 3
836 3
838 5
894 2
895 2
896 2
897 2
898 2
899 2
900 1
901 1
902 1
903 1
904 1
905 1
907 1
910 3
924 3
925 7
930 2
931 6
932 2
939 3
959 6
968 2
969 2
974 12
987 5
995 7
997 2
1000 5
1002 2
1005 5
1006 5
1010 6
1011 3
1017 7
1020 11
1021 10
1022 13
1025 10
1027 10
1040 4
1042 2
1043 2
1044 1
1045 1
1046 1
1047 1
fn=intel_check_word.constprop.0
110 648
113 324
119 216
123 48
125 12
129 120
131 144
133 60
135 120
143 120
152 12
155 138
158 99
162 58
164 189
167 120
168 72
169 60
170 48
172 11
174 22
176 12
177 16
178 12
179 20
180 14
181 12
183 8
184 12
187 21
190 2
194 192
202 168
216 48
246 144
fl=./elf/../sysdeps/x86/dl-get-cpu-features.c
fn=__x86_cpu_features
39 3
71 3
fn=_dl_x86_init_cpu_features
37 1
39 3
41 1
fl=./elf/../sysdeps/x86/dl-isa-level.h
fn=_dl_load_cache_lookup
28 24
fl=./elf/../sysdeps/x86/dl-procinfo.h
fn=_dl_load_cache_lookup
39 8
42 28
fl=./elf/../sysdeps/x86/dl-prop.h
fn=_dl_map_object_from_fd
149 20
fn=_dl_process_pt_gnu_property
95 36
102 18
115 18
118 9
252 6
253 3
254 12
255 6
257 36
258 3
260 9
fn=dl_main
36 2
37 24
40 10
49 40
53 33
71 2
149 4
235 4
236 2
fl=./elf/../sysdeps/x86/get-isa-level.h
fn=_dl_hwcaps_subdirs_active
30 4
31 1
32 3
36 3
39 4
40 4
45 4
48 2
51 5
53 4
54 2
55 2
58 4
fn=update_active.constprop.0
28 1
30 4
31 1
32 3
36 3
38 1
39 2
40 4
45 4
47 1
48 2
51 5
53 4
54 2
55 2
57 1
58 4
fl=./elf/../sysdeps/x86_64/dl-cet.c
fn=_dl_cet_check
145 2
157 2
173 1
179 1
275 2
276 1
277 2
282 4
283 3
285 2
293 5
296 1
300 2
301 1
302 2
303 2
304 2
305 2
308 1
310 1
313 2
361 8
363 6
fn=_dl_cet_setup_features
331 1
334 2
350 1
fl=./elf/../sysdeps/x86_64/dl-hwcaps-subdirs.c
fn=_dl_hwcaps_subdirs_active
29 1
38 3
43 1
48 1
52 1
fl=./elf/../sysdeps/x86_64/dl-irel.h
fn=_dl_fixup
32 5
fl=./elf/../sysdeps/x86_64/dl-machine.h
fn=_dl_fixup
234 131
fn=_dl_relocate_object
81 30
87 8
91 6
97 2
108 6
129 4
132 4
134 8
267 7094
274 7094
278 7094
287 28755
290 7113
291 136
292 14124
295 12
296 18
307 12
314 30
317 21282
320 121
323 121
346 8
347 12
352 6
354 4
363 4
393 35
400 51
402 68
406 51
415 34
423 9833
436 7
460 12
464 16
465 16
466 20
467 8
476 136
478 68
479 68
498 3249
499 1083
503 2166
504 2166
514 2224
518 2224
521 3336
522 1112
730 14
734 8
fn=_dl_start
55 1
278 9
287 27
290 6
291 12
317 8
323 2
fn=_dl_sysdep_start
220 1
fl=./elf/../sysdeps/x86_64/dl-runtime.h
fn=_dl_fixup
28 131
fl=./elf/../sysdeps/x86_64/dl-trampoline.h
fn=_dl_runtime_resolve_xsave
71 131
76 131
79 131
81 131
91 131
97 131
98 131
99 131
100 131
101 131
102 131
103 131
107 131
108 131
111 131
112 131
114 131
115 131
116 131
117 131
118 131
119 131
121 131
128 131
129 131
130 131
131 131
136 131
137 131
138 131
140 131
141 131
142 131
143 131
144 131
145 131
146 131
148 131
150 131
154 131
156 131
fl=./elf/../sysdeps/x86_64/tls_get_addr.S
fn=__tls_get_addr
29 2
30 2
31 2
33 2
34 2
35 2
38 2
39 2
43 2
44 2
45 2
46 2
fl=./elf/./dl-find_object.h
fn=_dl_find_object_from_map
95 14
96 14
97 7
103 35
104 206
105 142
107 21
112 7
fl=./elf/./dl-hwcaps.h
fn=_dl_important_hwcaps
43 9
45 7
46 1
77 8
78 8
79 7
fl=./elf/./dl-load.h
fn=_dl_map_object_from_fd
91 40
92 16
93 20
94 16
96 16
fl=./elf/./dl-main.h
fn=dl_main
109 5
fl=./elf/./dl-map-segments.h
fn=_dl_map_object_from_fd
28 15
29 45
81 5
101 5
102 15
105 15
106 10
108 10
125 5
135 120
137 60
139 150
149 80
155 10
156 5
157 15
158 10
160 10
165 10
168 15
176 35
182 10
186 16
189 4
194 20
fl=./elf/./dl-sym-post.h
fn=lookup_malloc_symbol
41 8
53 12
fl=./elf/./dl-tunable-types.h
fn=__GI___tunable_set_val
84 5
fl=./elf/./elf/dl-audit.c
fn=_dl_audit_activity_map
29 7
30 1
31 3
37 6
fn=_dl_audit_activity_nsid
41 3
45 12
46 3
47 15
fn=_dl_audit_objclose
97 7
98 28
fn=_dl_audit_objopen
77 5
78 20
fn=_dl_audit_preinit
118 1
119 4
fl=./elf/./elf/dl-cache.c
fn=_dl_cache_libcmp
357 72
358 516
360 690
362 250
368 40
369 30
370 234
372 234
374 20
380 440
382 440
383 78
386 194
387 194
390 66
fn=_dl_load_cache_lookup
191 52
205 4
208 32
210 40
211 8
213 20
220 64
222 170
223 52
227 78
231 78
232 52
240 26
242 18
245 18
247 54
249 9
259 16
263 4
264 6
269 24
270 16
286 28
295 8
298 8
301 4
302 12
330 8
342 16
346 22
347 9
349 13
403 40
405 8
408 12
411 5
419 5
420 8
423 6
424 1
431 1
432 2
477 9
482 12
485 12
500 8
512 12
513 60
514 16
515 4
516 32
fn=_dl_unload_cache
525 3
526 4
528 2
529 1
533 1
535 2
fl=./elf/./elf/dl-call-libc-early-init.c
fn=_dl_call_libc_early_init
27 7
29 2
33 5
37 2
39 4
40 2
41 3
fl=./elf/./elf/dl-call_fini.c
fn=_dl_call_fini
24 56
28 14
32 7
34 7
35 14
38 10
39 15
42 44
43 6
47 7
48 14
49 15
50 37
fl=./elf/./elf/dl-catch.c
fn=_dl_catch_error
254 12
256 2
257 2
258 2
259 2
261 6
fn=_dl_catch_exception
58 42
59 28
69 28
70 70
204 112
207 28
214 14
228 14
229 28
235 84
237 42
239 56
248 42
fn=_dl_receive_error
58 2
59 1
69 2
70 2
186 7
188 1
192 1
194 1
197 1
198 4
fl=./elf/./elf/dl-debug.c
fn=_dl_debug_initialize
56 3
57 1
59 2
61 2
63 3
64 1
85 3
90 3
91 2
92 1
95 3
96 6
99 2
107 2
fn=_dl_debug_state
116 2
117 2
fn=_dl_debug_update
38 6
40 12
41 6
44 12
48 6
fl=./elf/./elf/dl-deps.c
fn=_dl_map_object_deps
128 3
129 5
130 6
132 3
136 8
143 13
144 20
160 9
161 1
164 1
182 1
183 6
184 1
188 15
190 27
193 7
197 21
198 46
201 20
205 10
208 22
210 20
215 5
216 5
217 10
218 10
219 5
221 635
222 300
228 122
230 13
232 52
233 26
242 13
244 26
249 35
252 5
253 5
254 5
255 10
256 5
257 5
259 20
263 39
264 27
266 411
417 14
419 25
422 10
423 20
429 5
430 25
431 25
434 5
435 10
439 21
441 7
442 32
448 5
449 1
452 4
463 5
465 4
470 5
471 1
472 2
474 25
478 7
483 14
485 21
490 7
494 2
495 3
532 2
533 2
547 9
552 9
553 5
557 1
559 2
560 1
561 3
568 3
571 2
574 8
fn=openaux
61 78
64 143
65 13
68 13
69 39
fl=./elf/./elf/dl-environ.c
fn=_dl_next_ld_env_entry
28 3
29 3
32 151
34 98
35 20
37 2
40 4
42 2
45 47
fl=./elf/./elf/dl-find_object.c
fn=_dl_find_object_init
561 5
564 1
566 2
567 3
579 2
580 3
582 2
585 2
590 1
591 1
594 3
596 2
599 6
601 1
604 4
fn=_dlfo_process_initial
474 8
475 2
477 2
478 4
504 24
505 34
506 14
508 52
511 48
513 36
515 12
516 12
517 24
529 2
531 8
fn=_dlfo_sort_mappings
536 1
537 2
540 24
544 10
545 70
546 75
548 5
549 5
553 20
554 25
555 10
557 1
fl=./elf/./elf/dl-fini.c
fn=_dl_fini
26 11
43 1
46 13
49 2
51 1
54 2
56 5
61 1
63 4
68 18
73 25
75 14
77 14
79 14
80 7
81 7
85 7
87 6
88 6
94 6
103 2
108 41
110 7
112 14
114 28
117 14
122 7
126 5
132 6
134 1
138 2
145 8
fl=./elf/./elf/dl-hwcaps.c
fn=_dl_important_hwcaps
52 16
54 2
55 4
56 2
57 2
77 16
80 16
84 2
86 6
87 2
88 2
100 5
102 3
105 1
108 1
112 5
125 12
127 10
128 4
129 4
130 2
133 3
142 13
143 11
145 8
151 5
155 4
156 3
157 3
161 1
162 2
163 2
172 14
174 2
175 3
185 2
186 3
189 3
193 2
194 2
201 1
202 5
208 2
209 1
213 3
216 9
fl=./elf/./elf/dl-hwcaps_split.c
fn=_dl_hwcaps_split
25 5
26 3
27 1
47 4
fn=_dl_hwcaps_split_masked
26 44
30 24
34 78
35 12
36 24
41 36
42 18
43 12
45 6
51 110
55 5
56 18
57 27
58 24
60 6
62 88
67 12
fl=./elf/./elf/dl-init.c
fn=_dl_init
29 16
35 40
37 41
81 13
82 1
83 1
86 3
89 2
94 4
119 1
120 32
121 14
127 8
fn=call_init.part.0
26 84
43 21
46 21
47 2
51 12
59 18
60 24
63 6
64 12
70 15
72 10
73 117
74 92
76 56
fl=./elf/./elf/dl-load.c
fn=_dl_dst_count
238 117
241 26
244 26
245 13
264 117
fn=_dl_init_paths
706 13
720 4
725 1
727 3
734 3
735 2
739 4
741 4
747 1
748 1
756 8
758 8
759 4
761 5
762 7
763 4
766 13
767 10
768 18
770 32
776 1
777 1
782 1
785 3
787 4
789 3
806 1
808 3
822 2
825 5
827 23
831 2
832 976
833 243
834 486
836 1
837 1
838 2
844 6
847 3
853 1
857 8
fn=_dl_map_object
682 40
696 20
1967 168
1969 5
1975 28
1976 56
1979 307
1984 420
1986 300
1990 102
1991 153
1994 140
1995 84
1996 140
2010 20
2011 15
2019 15
2034 5
2036 25
2040 16
2042 8
2049 16
2053 4
2054 4
2058 12
2059 4
2073 20
2074 28
2075 4
2084 8
2099 8
2100 64
2106 12
2107 4
2115 4
2129 8
2131 12
2135 12
2137 8
2141 8
2149 8
2172 36
2176 12
2177 4
2194 8
2200 1
2201 4
2202 2
2203 2
2207 9
2210 3
2222 20
2267 10
2268 88
2270 131
fn=_dl_map_object_from_fd
944 70
959 20
989 95
990 40
1008 10
1036 20
1046 10
1053 40
1054 10
1065 10
1066 15
1067 10
1069 15
1070 20
1071 8
1074 17
1075 6
1086 5
1088 5
1090 110
1091 5
1092 5
1093 5
1094 5
1100 210
1101 507
1107 10
1114 13
1115 15
1116 50
1121 2
1122 1
1127 155
1135 100
1136 130
1137 100
1138 20
1139 40
1141 140
1143 40
1156 40
1157 75
1162 20
1163 205
1176 9
1180 12
1181 3
1185 15
1186 6
1189 3
1194 12
1209 10
1210 5
1213 15
1218 35
1228 95
1229 40
1235 10
1245 20
1252 35
1264 5
1268 20
1269 15
1275 14
1276 10
1278 10
1288 15
1307 15
1309 30
1361 15
1362 6
1368 170
1369 280
1375 80
1380 20
1393 10
1395 20
1397 10
1413 10
1417 10
1418 10
1435 10
1436 1
1439 10
1444 10
1449 10
1461 40
1462 15
1463 36
1464 12
1465 5
1471 10
1472 12
1477 6
1484 15
1487 10
1491 15
1492 15
1510 10
1514 35
1515 20
1519 45
fn=_dl_process_pt_gnu_property
868 18
869 12
870 6
876 12
882 30
885 18
886 12
887 12
890 18
891 18
895 6
896 12
900 18
901 9
904 18
907 9
908 36
918 18
920 24
fn=expand_dynamic_string_token
241 30
244 20
385 100
399 20
410 70
fn=fillin_rpath.isra.0
468 17
472 1
474 66
477 1
478 1
481 20
483 54
487 18
492 27
493 18
500 45
505 18
509 105
510 98
517 27
518 18
521 12
528 16
532 16
534 8
538 4
539 8
540 16
541 4
543 8
544 2
549 16
550 56
551 16
553 8
554 12
555 4
561 8
562 4
565 12
571 1
574 8
fn=open_path
1812 44
1813 8
1816 4
1817 4
1819 8
1822 8
1824 88
1827 32
1831 16
1835 96
1842 96
1843 352
1846 96
1851 297
1854 54
1860 81
1863 216
1865 81
1867 18
1872 18
1873 63
1879 27
1881 62
1882 4
1884 9
1891 111
1893 61
1937 104
1941 16
1943 64
1946 12
1960 36
fn=open_verify.constprop.0
1572 384
1604 96
1609 54
1623 160
1625 64
1633 5
1634 15
1639 30
1641 10
1643 10
1645 10
1651 10
1668 74
1749 10
1754 10
1760 20
1766 10
1772 20
1773 20
1777 16
1778 5
1799 288
fl=./elf/./elf/dl-lookup-direct.c
fn=_dl_lookup_direct
32 15
33 9
35 6
36 6
48 9
51 6
53 21
57 9
58 21
59 15
74 39
76 6
78 21
79 6
81 12
84 25
86 12
93 6
115 3
116 27
fl=./elf/./elf/dl-lookup.c
fn=_dl_lookup_symbol_x
772 26468
774 4072
775 8144
778 2036
782 8106
785 4072
787 4072
791 28584
792 34612
797 10180
799 96
816 2036
817 48
820 4072
821 14124
828 2084
856 8080
870 6060
871 2
873 4040
890 8080
892 18324
fn=check_match
70 30435
73 16232
78 20
86 10120
89 5218
93 2024
94 4048
96 4042
115 4042
116 16168
117 10075
118 12
119 12
144 6
146 18
147 12
150 2
151 7
153 3
161 2019
162 16232
fn=do_lookup_x
170 300
171 307
172 940
174 98
175 294
176 530
179 152
180 152
181 82
182 152
183 70
222 492
224 738
226 164
227 82
228 328
230 2694
231 486
234 352
235 176
254 352
257 95
258 285
259 322
262 1377
269 12
272 4
279 298
280 276
281 350
285 20
286 2
287 2
288 4
289 8
300 3
302 2
305 1
306 1
307 2
310 164
311 492
318 328
329 574
331 164
333 246
334 164
347 28504
348 2036
353 2036
354 2036
358 13312
361 13312
365 17408
386 13304
390 13304
396 19956
400 6652
401 6652
404 33260
405 19956
408 6652
409 13304
411 6652
412 6108
413 13304
415 14252
416 26608
419 46564
422 4384
423 6576
424 4384
426 4286
429 26460
431 6087
432 51979
433 4058
436 6087
439 9839
461 16152
470 993
472 2
476 4040
483 10804
487 3894
491 1
499 3876
500 1938
501 2020
518 13908
521 16
522 16288
fl=./elf/./elf/dl-minimal-malloc.c
fn=__minimal_calloc
80 85
84 17
87 17
88 51
fn=__minimal_free
97 24
99 42
103 30
104 6
106 12
fn=__minimal_malloc
36 424
37 159
42 3
43 2
44 2
48 211
51 359
56 12
57 12
59 3
60 24
62 6
64 12
65 9
67 8
70 54
71 57
73 318
fl=./elf/./elf/dl-minimal.c
fn=__rtld_malloc_init_real
76 10
86 2
87 1
89 1
91 6
92 5
93 5
94 4
99 1
100 1
101 1
102 1
103 8
fn=__rtld_malloc_init_stubs
42 1
43 2
44 2
45 2
46 2
47 1
fn=lookup_malloc_symbol
61 36
63 4
64 28
68 28
69 28
71 4
72 24
fn=strsep
239 11
242 22
244 11
245 22
247 20
249 734
251 486
254 954
256 1404
260 18
264 234
267 10
271 22
fl=./elf/./elf/dl-misc.c
fn=_dl_higher_prime_number
87 2
124 2
125 2
127 26
129 80
130 30
131 6
133 7
145 2
146 2
fn=_dl_name_match_p
68 931
69 532
70 22
72 133
74 524
75 755
80 129
82 111
83 532
fn=_dl_sysdep_read_whole_file
36 11
39 3
40 2
42 6
44 2
47 2
49 8
60 3
63 8
fl=./elf/./elf/dl-object.c
fn=_dl_add_to_namespace_list
31 54
33 18
35 53
38 80
40 5
42 5
45 2
46 18
47 12
48 12
50 12
51 30
fn=_dl_new_object
59 90
62 12
64 2
66 3
67 2
71 6
77 2
80 10
83 26
87 10
92 5
95 12
98 6
99 6
100 12
103 12
104 42
106 6
119 28
123 5
125 1
127 42
130 12
131 12
132 6
136 6
139 40
141 20
149 12
150 6
153 1
155 36
157 20
160 14
164 20
168 35
176 1
179 12
189 24
191 20
195 15
199 10
200 10
208 5
212 5
245 20
250 168
251 168
255 10
256 5
259 5
263 54
fl=./elf/./elf/dl-open.c
fn=_dl_find_dso_for_object
214 10
218 3
219 3
220 4
221 2
224 2
228 7
fl=./elf/./elf/dl-reloc.c
fn=_dl_relocate_object
170 14460
171 7060
174 24145
175 19540
177 1629
178 6514
182 3802
183 1901
184 1901
186 15214
187 9475
188 3790
190 13404
193 1901
194 13307
196 1629
207 88
208 16
220 14
221 21
224 28
226 21
228 7
229 21
251 35
252 14
253 3
255 14
262 21
301 10279
304 35
328 7
331 14
348 21
350 64
356 42
359 14
363 14
364 42
fl=./elf/./elf/dl-runtime.c
fn=_dl_fixup
46 1441
48 655
49 393
54 131
55 524
56 917
58 262
63 262
67 262
69 131
71 393
75 393
76 524
77 393
84 131
85 393
87 19
88 19
95 1441
99 655
100 76
109 1310
124 524
125 10
133 393
159 393
163 1048
fl=./elf/./elf/dl-setup_hash.c
fn=_dl_setup_hash
25 14
28 21
31 21
32 14
33 7
34 7
36 21
37 7
38 21
40 7
41 14
43 7
45 21
50 7
fl=./elf/./elf/dl-sort-maps.c
fn=_dl_sort_maps
140 70
181 2
182 4
183 52
184 28
211 34
216 4
218 2
219 10
221 44
223 14
226 42
244 8
263 8
276 8
283 2
298 26
306 6
310 18
fn=_dl_sort_maps_init
289 4
290 4
291 1
292 3
293 2
fn=dfs_traversal.part.0
135 126
140 70
143 14
145 42
147 184
156 49
171 42
172 14
173 84
fl=./elf/./elf/dl-tunables.c
fn=__GI___tunable_set_val
72 50
82 5
93 40
94 25
97 10
100 35
104 10
111 10
112 10
115 25
116 5
117 5
118 5
153 30
157 15
fn=__GI___tunables_init
42 250
45 49
48 4116
52 98
56 196
128 1
261 10
267 4
281 8036
283 2
287 14553
304 8
fn=__tunable_get_val
387 80
390 474
399 52
400 15
409 31
416 240
418 40
fl=./elf/./elf/dl-tunables.h
fn=__GI___tunable_set_val
141 10
142 10
151 5
fn=__GI___tunables_init
160 926
161 2277
fl=./elf/./elf/dl-version.c
fn=_dl_check_all_versions
392 7
394 1
396 26
397 7
398 63
401 7
fn=_dl_check_map_versions
36 224
37 60
38 378
56 252
64 189
70 189
86 63
87 126
89 63
94 2547
108 2232
110 63
113 504
120 3159
124 1053
155 70
156 7
164 12
170 21
172 35
174 7
175 7
177 14
180 15
184 40
198 8
200 39
208 39
213 39
215 50
217 252
218 498
221 126
224 189
225 5
228 28
231 252
234 189
239 50
243 39
248 8
257 30
260 10
263 551
266 412
270 129
274 18
279 6
280 24
281 18
291 6
294 32
296 12
299 20
301 8
303 39
306 189
308 252
310 315
311 126
312 189
313 189
316 189
321 50
324 39
329 8
334 12
337 10
341 129
343 268
347 129
348 645
349 387
350 129
353 402
357 129
365 10
366 10
367 10
368 4
370 4
372 124
373 60
375 2
376 7
387 63
fl=./elf/./elf/do-rel.h
fn=_dl_relocate_object
49 42
50 42
51 7
53 70
72 8
73 9
80 42
83 3352
85 4448
96 12
97 4
114 36
123 3277
124 2166
126 36
129 40
131 14490
133 18045
134 14436
135 10827
136 14436
138 10827
141 272
142 68
143 68
147 3541
150 10646
151 363
164 24
165 285
166 252
169 204
171 272
172 68
173 136
180 31
182 42
183 12
185 18
193 6
196 18
211 7
fn=_dl_start
49 6
50 4
51 1
53 10
56 4
61 13
63 9
64 6
65 3
fl=./elf/./elf/get-dynamic-info.h
fn=_dl_map_object_from_fd
39 10
43 5
45 567
49 276
51 74
52 37
53 6
54 129
55 109
56 25
59 20
62 20
64 20
68 138
72 20
84 17
85 20
86 20
87 20
88 17
89 19
90 19
91 20
103 40
110 16
115 8
122 8
123 15
129 15
130 6
147 15
152 4
154 4
156 4
158 4
159 4
162 15
164 9
165 6
174 6
175 9
180 6
181 6
184 10
fl=./elf/./elf/libc-dl-profstub.c
fn=_dl_mcount_wrapper_check
36 128
37 384
38 128
fl=./elf/./elf/libc_early_init.c
fn=__libc_early_init
33 9
35 1
38 2
41 2
47 4
49 2
fl=./elf/./elf/rtld.c
fn=_dl_start
85 8
458 2
476 3
477 1
478 2
488 1
494 4
496 2
517 16
543 1
546 2
547 4
563 190
565 1
578 1
585 9
fn=dl_main
85 17
92 12
93 2
101 9
197 2
199 1
224 3
225 5
226 4
296 3
302 1
303 1
837 1
839 1
848 1
850 1
855 1
1115 1
1116 1
1118 1
1122 3
1124 1
1125 1
1140 1
1143 50
1144 127
1148 4
1153 3
1154 9
1163 2
1164 2
1166 1
1173 3
1191 2
1199 8
1200 17
1201 8
1202 1
1204 12
1205 14
1209 8
1210 8
1211 4
1215 12
1221 3
1227 4
1228 1
1233 4
1234 2
1235 1
1238 2
1243 2
1247 3
1253 30
1254 66
1260 18
1266 4
1268 3
1269 3
1271 3
1346 13
1351 1
1352 1
1357 1
1373 3
1374 4
1637 10
1639 2
1640 3
1641 2
1642 3
1646 2
1647 2
1672 3
1673 5
1674 3
1675 3
1678 1
1680 1
1681 1
1683 2
1684 2
1688 2
1690 2
1698 4
1705 2
1708 2
1733 4
1735 1
1740 2
1743 4
1744 4
1745 3
1746 1
1747 1
1748 1
1759 2
1760 2
1762 2
1764 1
1765 3
1770 5
1771 5
1773 3
1779 2
1788 2
1792 1
1793 2
1817 2
1823 1
1824 1
1825 1
1829 3
1834 3
1836 1
1838 2
1842 5
1847 2
1863 6
1939 4
1943 19
1944 1
1947 3
1948 1
1949 2
1950 2
1955 3
1965 9
1971 31
1972 18
1975 3
1976 2
1977 1
1979 26
1980 12
1984 2
1990 1
1992 3
1993 2
1995 2
1997 3
1999 3
2000 1
2001 2
2013 2
2014 2
2015 3
2026 5
2027 4
2028 5
2038 2
2039 2
2040 4
2042 2
2047 3
2246 3
2250 3
2256 2
2259 2
2267 2
2279 3
2282 3
2284 3
2285 6
2292 2
2293 30
2295 14
2300 14
2302 16
2304 1
2305 1
2308 7
2310 14
2311 48
2315 22
2316 12
2325 2
2329 4
2331 1
2338 4
2341 2
2345 3
2347 2
2357 1
2362 3
2365 1
2371 1
2372 5
2380 3
2387 1
2390 3
2394 3
2395 1
2396 1
2397 1
2401 1
2406 8
2538 1
2598 1
2600 2
2602 15
2604 2
2606 107
2607 19
2615 13
2640 2
2650 4
2652 2
2653 1
2687 5
2689 2
2690 2
2691 1
2727 5
2749 3
fn=handle_preload_list
183 3
806 1
810 2
811 2
812 1
814 1
816 6
817 3
825 3
869 13
870 3
874 5
877 4
878 3
880 4
881 2
887 1
889 2
891 2
892 1
895 9
fn=init_tls
734 4
736 2
740 3
746 2
749 1
750 1
751 1
755 1
757 1
761 2
762 2
763 18
764 7
765 14
769 12
771 4
773 3
776 2
779 1
786 2
787 2
793 2
797 1
800 5
fn=map_doit
641 6
643 4
644 6
646 3
fn=version_check_doit
674 6
676 6
680 3
fl=./elf/./get-dynamic-info.h
fn=_dl_start
45 75
49 36
51 10
52 5
54 20
55 16
56 5
59 4
62 4
64 4
68 18
72 3
84 4
85 3
86 4
87 4
88 5
89 3
90 4
91 4
103 10
110 3
123 3
129 3
130 3
133 2
134 3
139 5
142 5
fn=dl_main
39 4
43 1
45 119
49 58
51 12
52 6
54 25
55 21
56 5
59 4
62 4
64 4
68 29
72 7
84 3
85 5
86 5
87 5
88 4
89 5
90 5
91 5
103 9
110 3
115 2
122 3
123 4
129 3
147 4
152 2
154 2
156 2
158 2
159 2
162 4
164 3
165 2
174 2
175 3
180 2
181 3
184 3
fl=./elf/./setup-vdso.h
fn=dl_main
24 2
fl=./iconv/./iconv/gconv_simple.c
fn=__gconv_btwoc_ascii
49 128
51 512
54 128
fl=./io/../sysdeps/unix/sysv/linux/access.c
fn=access
25 1
27 7
31 1
fl=./io/../sysdeps/unix/sysv/linux/close_nocancel.c
fn=__GI___close_nocancel
25 6
26 24
27 6
fn=__close_nocancel
25 11
26 44
27 11
fl=./io/../sysdeps/unix/sysv/linux/fstat64.c
fn=fstat
30 7
39 28
72 7
fl=./io/../sysdeps/unix/sysv/linux/fstatat64.c
fn=fstatat
91 18
146 18
160 14
161 34
162 2
fl=./io/../sysdeps/unix/sysv/linux/open64.c
fn=open
30 72
33 42
41 81
43 48
fl=./io/../sysdeps/unix/sysv/linux/open64_nocancel.c
fn=__open_nocancel
28 172
31 266
39 347
41 91
fl=./io/../sysdeps/unix/sysv/linux/pread64_nocancel.c
fn=__pread64_nocancel
25 4
26 8
27 2
fl=./io/../sysdeps/unix/sysv/linux/read.c
fn=read
25 17818
26 44025
27 6173
fl=./io/../sysdeps/unix/sysv/linux/read_nocancel.c
fn=__read_nocancel
25 10
26 40
27 10
fl=./io/../sysdeps/unix/sysv/linux/stat64.c
fn=stat
28 18
29 36
fl=./io/../sysdeps/unix/sysv/linux/write.c
fn=write
25 336
26 774
27 106
fl=./libio/../include/printf_buffer.h
fn=__vsnprintf_internal
124 54
127 18
128 18
137 36
fn=vsnprintf
124 3
127 1
128 1
137 2
fl=./libio/../include/sys/sysmacros.h
fn=_IO_file_doallocate
47 6
fl=./libio/./libio/filedoalloc.c
fn=_IO_file_doallocate
78 11
84 9
86 4
89 2
91 2
94 2
97 4
101 3
102 2
104 4
105 1
106 9
fl=./libio/./libio/fileno.c
fn=fileno
32 3844
35 19220
42 3844
fl=./libio/./libio/fileops.c
fn=_IO_do_write@@GLIBC_2.2.5
424 721
426 423
427 481
434 120
441 240
444 60
449 300
450 300
452 180
453 120
454 60
455 120
456 240
fn=_IO_file_close
1165 6
1168 12
fn=_IO_file_close_it@@GLIBC_2.2.5
128 42
130 18
133 12
134 18
137 6
139 12
142 42
145 18
153 30
154 24
157 12
158 6
159 6
160 6
162 12
163 42
fn=_IO_file_finish@@GLIBC_2.2.5
168 36
169 12
175 18
176 18
fn=_IO_file_fopen@@GLIBC_2.2.5
213 72
214 6
222 12
224 36
227 6
228 12
247 72
281 30
284 12
287 24
288 12
357 72
fn=_IO_file_open
182 72
184 12
185 6
188 12
189 12
191 6
192 36
195 18
205 12
206 6
207 36
fn=_IO_file_overflow@@GLIBC_2.2.5
732 776
733 388
740 483
743 2
745 2
746 6
755 3
764 3
765 1
766 1
767 1
768 1
769 3
771 3
772 5
773 2
775 194
776 46
777 119
778 148
781 222
782 222
783 296
784 56
785 42
787 74
788 559
fn=_IO_file_setbuf@@GLIBC_2.2.5
382 6
383 3
386 1
388 3
390 2
391 3
fn=_IO_file_stat
1147 1
1148 2
fn=_IO_file_sync@@GLIBC_2.2.5
793 336
798 192
799 168
800 48
801 96
812 96
816 240
fn=_IO_file_write@@GLIBC_2.2.5
1174 480
1175 120
1176 360
1180 180
1181 180
1182 120
1187 60
1188 60
1190 180
1191 180
1194 360
fn=_IO_file_xsputn@@GLIBC_2.2.5
444 44
446 42
1198 1143
1200 1
1204 508
1205 127
1211 508
1213 506
1214 252
1217 2624
1219 3279
1221 22
1228 3
1229 104
1232 66
1234 252
1236 630
1237 126
1238 378
1240 252
1244 138
1250 46
1251 115
1253 69
1264 46
1265 8
1267 6
1268 1143
fn=_IO_new_file_init_internal
106 36
110 6
111 6
113 6
114 6
115 18
fl=./libio/./libio/genops.c
fn=_IO_cleanup
776 6
777 17
780 12
784 3
785 54
792 9
794 6
796 4
798 2
800 3
801 1
805 5
807 3
814 3
816 34
817 3
821 9
822 2
842 12
843 2
855 12
fn=_IO_default_finish
54 12
601 36
603 18
609 18
612 18
624 18
fn=_IO_default_setbuf
330 5
332 1
333 1
337 2
452 10
453 5
455 4
457 3
458 2
462 1
466 4
467 1
468 6
fn=_IO_default_xsputn
371 22
373 4
374 8
375 2
379 252
399 614
401 61
404 16
fn=_IO_doallocbuf
343 8
344 2
346 3
347 5
350 6
fn=_IO_enable_locks
518 1
521 3
523 1
524 9
525 3
526 1
1044 1
1058 3
fn=_IO_flush_all
686 12
687 1
691 6
692 14
695 12
697 3
698 51
700 21
708 36
709 3
713 9
714 2
718 12
fn=_IO_link_in
87 84
88 60
90 12
92 42
93 69
94 6
95 81
97 12
98 6
100 54
101 6
102 51
103 12
106 114
fn=_IO_no_init
563 66
564 6
565 6
566 12
568 6
572 36
579 6
581 6
587 6
588 36
fn=_IO_old_init
531 6
532 12
534 36
539 42
544 6
550 12
555 18
556 12
558 6
fn=_IO_setb
329 77
330 28
332 7
333 7
335 42
338 42
fn=_IO_un_link
53 12
54 24
82 12
fn=_IO_unsave_markers
937 36
939 12
944 18
946 18
fn=__GI__IO_un_link.part.0
52 60
58 36
59 72
60 6
61 99
63 18
65 12
66 18
74 15
76 75
77 6
78 51
79 12
82 54
fn=__overflow
199 65
201 39
203 39
204 26
fl=./libio/./libio/iofclose.c
fn=fclose@@GLIBC_2.2.5
34 48
48 18
49 6
51 93
52 15
53 18
57 24
58 18
71 12
76 42
fl=./libio/./libio/iofflush.c
fn=fflush
32 282
33 94
39 792
40 235
44 235
fl=./libio/./libio/iofopen.c
fn=fopen@@GLIBC_2.2.5
37 12
65 12
67 18
70 12
72 42
73 12
74 12
75 42
85 54
87 42
fl=./libio/./libio/iofwrite.c
fn=fwrite
31 1143
32 254
35 762
37 2293
38 634
39 889
45 714
46 127
49 1143
fl=./libio/./libio/libioP.h
fn=_IO_cleanup
1025 3
1026 2
fn=_IO_default_setbuf
1025 3
1026 2
fn=_IO_default_xsputn
1025 124
1026 122
fn=_IO_do_write@@GLIBC_2.2.5
1025 180
1026 120
fn=_IO_doallocbuf
1025 3
1026 2
fn=_IO_file_close_it@@GLIBC_2.2.5
1025 18
1026 12
fn=_IO_file_doallocate
1025 3
1026 2
fn=_IO_file_xsputn@@GLIBC_2.2.5
1025 69
1026 46
fn=_IO_flush_all
1025 2
fn=__overflow
1025 39
1026 26
fn=fclose@@GLIBC_2.2.5
951 24
952 24
958 12
979 24
980 57
1025 18
1026 12
fn=fflush
979 94
980 452
1025 141
1026 94
fn=fwrite
979 254
980 1246
1025 254
1026 254
fn=putc
979 16
980 80
fl=./libio/./libio/putc.c
fn=putc
25 117
28 26
29 35
30 144
31 64
34 73
fl=./libio/./libio/vsnprintf.c
fn=__vsnprintf_internal
63 36
66 18
75 54
76 18
87 36
93 234
96 54
98 108
fn=vsnprintf
63 2
66 1
75 3
76 1
87 2
96 4
102 11
104 6
fl=./libio/./libio/vtables.c
fn=check_stdfiles_vtables
545 1
546 4
547 3
548 3
550 1
fl=./locale/./locale/newlocale.c
fn=newlocale
43 15
55 2
56 1
63 2
66 3
73 4
75 1
277 12
fl=./locale/./locale/uselocale.c
fn=uselocale
30 4
31 12
33 8
36 8
37 4
65 12
66 12
68 12
72 12
73 4
fl=./malloc/../string/bits/string_fortified.h
fn=calloc
59 54
fn=tcache_init.part.0
59 1672
fl=./malloc/../sysdeps/unix/sysv/linux/not-cancel.h
fn=ptmalloc_init.part.0
97 6
fl=./malloc/./malloc/arena.c
fn=__malloc_arena_thread_freeres
55 270
147 1620
153 1134
893 162
899 36
900 18
902 36
904 72
907 54
908 54
910 36
911 18
913 72
915 144
fn=_int_free_maybe_consolidate
55 99185
147 19837
545 59511
572 19837
585 59511
586 39674
591 216
595 108
596 108
fn=alloc_new_heap
49 72
55 36
380 162
387 54
389 36
390 18
395 126
402 54
404 84
405 8
406 48
414 80
415 20
417 10
418 50
420 30
421 10
423 18
424 50
441 108
448 72
453 36
455 18
456 18
458 162
fn=arena_get2.part.0
463 54
470 144
619 36
638 36
640 36
649 54
651 18
653 54
656 18
657 18
658 36
659 36
660 18
661 72
663 18
664 36
665 18
666 18
668 72
671 36
676 18
678 72
680 72
682 72
694 72
818 180
828 54
830 36
832 42
834 4
836 8
837 16
845 4
853 54
855 126
857 36
865 162
fn=calloc
153 38
fn=free
55 212358
147 1274148
153 10861527
fn=get_free_list
703 108
704 36
705 18
706 36
731 126
fn=malloc
55 48831
147 292986
153 257827
264 1
fn=ptmalloc_init.part.0
262 8
267 1
292 2
296 3
300 4
301 4
302 4
303 4
304 4
305 4
306 4
308 4
309 4
310 4
313 4
314 4
316 2
326 8
fn=tcache_init.part.0
824 36
825 90
fl=./malloc/./malloc/malloc.c
fn=__malloc_arena_thread_freeres
3213 36
3215 36
3217 36
3221 54
3225 3474
3227 4446
3230 576
3231 288
3233 1152
3238 54
3248 864
3371 576
3373 288
3375 864
3392 576
3398 864
3401 288
fn=_int_free
1792 79929
1992 62742
3163 6940164
3165 13880328
3166 3470082
3167 6940164
4495 24850077
4499 10650033
4505 14200044
4506 7100022
4510 17750055
4517 7099410
4518 21299454
4521 3501036
4527 10503108
4547 17505180
4550 3470082
4561 159858
4572 83656
4574 62742
4593 20914
4595 20914
4596 20914
4597 62742
4600 62742
4602 41828
4616 41828
4619 83656
4621 83656
4622 41828
4628 83656
4637 118030
4640 118030
4643 118030
4644 236048
4646 118030
4649 236048
4658 21300063
fn=_int_free_maybe_consolidate
4770 649165
4776 118030
4778 79348
4779 36
4781 59511
4792 19837
4794 39674
4795 39674
4798 649165
fn=_int_free_merge_chunk
1992 177045
4665 472120
4666 59015
4670 354090
4673 138614
4675 30876
4678 177045
4681 118030
4682 118030
4683 118030
4689 118030
4691 19486
4692 19486
4693 19486
4694 77944
4696 38972
4701 177045
4702 413105
4714 118030
4720 78164
4721 19142
4722 19142
4724 29511
4732 39082
4733 156328
4734 78164
4736 39082
4738 78164
4740 87003
4743 39082
4744 39082
4746 117246
4747 39082
4756 19933
4757 59799
4758 39866
fn=_int_malloc
1326 159622
1345 478866
1794 69694
1985 29619
2008 116
2017 2
2552 192
2553 28
2564 64
2565 12
2568 16
2576 24
2577 8
2589 112
2590 56
2599 328
2605 81
2608 84
2669 84
2677 56
2678 84
2691 84
2693 28
2699 140
2707 56
2709 112
2710 84
2711 28
2712 28
2715 56
2744 192
2745 1
2746 56
2752 224
2753 162
2755 4
2782 2
2783 1
2795 3
2814 2
2817 2
2818 6
2820 1
2821 6
2833 5
2873 1
2875 1
2876 5
2877 1
2888 3
2921 84
2922 28
2926 28
2930 140
2932 28
2933 28
2934 28
2935 196
2936 56
2938 28
3163 410
3165 1136
3166 209
3167 812
3178 4
3182 8
3186 16
3190 8
3191 8
3199 4
3846 877921
3882 1
3887 159622
3914 189973
3916 42500
3917 99
3919 30859
3921 41484
3923 198
3926 198
3929 1778
3930 61929
3932 198
3933 198
3939 198
3940 594
3945 498
3946 1497
3948 402
3950 603
3954 3230
3977 118138
3979 83386
3980 61998
3982 92997
3984 1
3985 2
3987 1
3988 1
3989 1
3991 3
3997 2
3998 6
4003 5
4004 2
4020 1
4039 337628
4040 146139
4041 96
4058 239095
4059 239133
4060 239133
4069 38062
4070 465722
4072 19224
4073 38448
4074 19224
4076 38448
4077 57672
4079 19224
4080 76896
4082 76896
4084 38448
4085 38448
4087 38448
4098 76896
4099 624
4100 616
4101 308
4104 282
4105 282
4106 282
4107 846
4108 846
4109 564
4111 468
4115 2256
4117 846
4118 282
4121 291
4122 846
4123 282
4127 18942
4128 18942
4132 37884
4134 18
4135 27
4136 2
4140 18
4141 24
4161 47009
4163 468
4164 936
4165 234
4169 206595
4170 56095
4171 18699
4174 37398
4177 2
4179 8
4180 4
4192 6
4193 4
4199 2
4202 2
4205 4
4206 1
4207 2
4209 1
4210 3
4212 2
4213 4
4218 74788
4221 132531
4222 18933
4223 18933
4224 18933
4225 18933
4230 37866
4231 37866
4240 75732
4246 37480
4248 4
4257 238260
4259 194832
4262 146124
4263 79423
4266 1
4267 6
4273 2
4278 3
4279 3
4282 4
4284 1
4285 3
4330 79419
4331 158838
4332 158838
4333 158838
4334 476514
4339 365217
4343 561494
4346 485040
4348 76324
4349 38162
4353 153700
4355 57525
4357 115050
4361 19325
4364 38650
4366 47785
4367 9557
4368 9557
4373 39072
4376 19536
4378 29304
4381 29304
4384 39072
4386 192
4387 576
4394 9576
4399 38304
4400 19152
4403 9576
4404 9576
4405 9576
4408 19152
4409 33
4410 19152
4412 19100
4415 76608
4417 28728
4418 9576
4421 9768
4443 69651
4444 139302
4446 139302
4449 208953
4451 69619
4452 139238
4453 69619
4454 556952
4456 139238
4459 139240
4460 208956
4461 69652
4466 128
4482 36
4487 957732
fn=alloc_new_heap
2008 72
fn=alloc_perturb
1985 209802
1987 69934
fn=arena_get2.part.0
1946 6894
1949 6858
1953 54
1955 18
1958 18
fn=calloc
3699 171
3709 171
3717 38
3720 57
3722 38
3725 152
3732 19
3733 38
3740 57
3754 57
3756 190
3759 38
3769 76
3784 38
3787 76
3796 57
3799 95
3807 19
3809 38
3811 38
3816 2
3818 1
3819 2
3821 1
3823 2
3837 134
fn=free
3248 72
3359 24848377
3363 7100030
3371 7099454
3373 3549727
3375 10649181
3379 12
3381 16
3383 8
3384 8
3385 4
3388 8
3392 10649169
3398 10649169
3401 3549727
3402 21298650
fn=malloc
1326 7099392
1345 17717501
3178 6939846
3182 6939846
3186 13879692
3190 6939846
3191 3469923
3248 76
3294 28397568
3301 7099392
3311 7037434
3313 14198784
3316 7099392
3318 10503066
3326 159546
3328 121280
3329 151600
3334 395624
3336 148359
3339 98906
3347 197812
3351 296094
3354 21298176
fn=malloc_consolidate
4811 450
4826 50
4828 100
4839 50
4841 1000
4842 1000
4845 41044
4849 61566
4850 82088
4855 102610
4858 41044
4859 20522
4860 61566
4862 41044
4863 20080
4864 20080
4865 20080
4866 80320
4868 240960
4871 41044
4874 41010
4875 10215
4876 81720
4878 20580
4880 20505
4881 41010
4882 41010
4884 41010
4885 20436
4889 61515
4891 20505
4892 40935
4896 17
4897 34
4898 34
4901 61478
4904 1500
4905 400
fn=munmap_chunk
3024 8
3025 8
3026 12
3028 8
3030 4
3031 12
3032 4
3038 16
3039 20
3042 4
3043 12
3048 8
3049 4
fn=ptmalloc_init.part.0
1946 385
1949 381
1957 1
1958 1
1960 1
3143 2
fn=sysmalloc_mmap.isra.0
2008 16
2400 24
2413 12
2418 8
2421 40
2424 8
2428 8
2432 16
2448 12
2466 4
2467 12
2471 12
2472 18
2475 12
2476 18
2481 28
fn=tcache_init.part.0
3242 76
3251 80
3252 75
3253 38
3260 36
3261 76
3268 36
3270 38
3274 57
fn=unlink_chunk.isra.0
1608 138242
1610 345605
1613 138242
1614 138242
1616 276484
1619 69121
1620 69121
1621 284474
1623 37386
1624 56079
1627 37386
1641 18693
1642 18693
1645 138242
fl=./malloc/./malloc/morecore.c
fn=__glibc_morecore
25 87
26 58
29 29
30 58
34 58
fl=./malloc/./malloc/scratch_buffer_set_array_size.c
fn=__libc_scratch_buffer_set_array_size
30 65
34 5
35 10
45 10
46 5
63 30
fl=./malloc/./malloc/thread-freeres.c
fn=__libc_thread_freeres
31 54
33 18
35 18
36 18
37 18
41 18
42 18
fl=./math/../sysdeps/ieee754/dbl-64/e_log.c
fn=__ieee754_log_fma
39 20000
49 10000
61 50000
65 1770
67 590
68 590
69 590
70 1770
71 2360
72 2950
75 2360
76 590
77 1180
78 1180
79 1180
80 1770
81 590
82 590
83 590
85 28230
102 18820
103 18820
104 9410
105 28230
106 47050
114 28230
119 18820
122 18820
123 9410
124 28230
127 9410
130 84690
131 9410
fl=./math/../sysdeps/ieee754/dbl-64/math_config.h
fn=__ieee754_log_fma
85 10000
fl=./math/../sysdeps/x86_64/fpu/e_logl.S
fn=__ieee754_logl
30 20000
31 20000
32 20000
33 20000
34 20000
35 20000
36 20000
37 20000
38 20000
39 20000
40 20000
41 20000
42 20000
43 20000
44 20000
45 20000
46 20000
47 20000
58 20000
59 20000
60 20000
fl=./math/../sysdeps/x86_64/fpu/multiarch/e_asin.c
fn=__acos_finite@GLIBC_2.15
35 1
fn=__asin_finite@GLIBC_2.15
27 2
fl=./math/../sysdeps/x86_64/fpu/multiarch/e_atan2.c
fn=__atan2_finite@GLIBC_2.15
26 2
fl=./math/../sysdeps/x86_64/fpu/multiarch/e_exp.c
fn=__exp_finite@GLIBC_2.15
27 2
fl=./math/../sysdeps/x86_64/fpu/multiarch/e_exp2f.c
fn=exp2f@@GLIBC_2.27
27 2
fl=./math/../sysdeps/x86_64/fpu/multiarch/e_expf.c
fn=expf@@GLIBC_2.27
27 2
fl=./math/../sysdeps/x86_64/fpu/multiarch/e_log.c
fn=__log_finite@GLIBC_2.15
27 2
fl=./math/../sysdeps/x86_64/fpu/multiarch/e_log2.c
fn=log2@@GLIBC_2.29
27 2
fl=./math/../sysdeps/x86_64/fpu/multiarch/e_log2f.c
fn=log2f@@GLIBC_2.27
27 2
fl=./math/../sysdeps/x86_64/fpu/multiarch/e_logf.c
fn=logf@@GLIBC_2.27
27 2
fl=./math/../sysdeps/x86_64/fpu/multiarch/e_pow.c
fn=__pow_finite@GLIBC_2.15
27 2
fl=./math/../sysdeps/x86_64/fpu/multiarch/e_powf.c
fn=powf@@GLIBC_2.27
30 1
fl=./math/../sysdeps/x86_64/fpu/multiarch/ifunc-avx-fma4.h
fn=__atan2_finite@GLIBC_2.15
32 5
33 2
fn=__exp_finite@GLIBC_2.15
32 5
33 2
fn=__log_finite@GLIBC_2.15
32 5
33 2
fn=cos
32 5
33 2
fn=sin
32 5
33 2
fl=./math/../sysdeps/x86_64/fpu/multiarch/ifunc-fma.h
fn=__log1p
29 4
30 3
fn=cosf
29 4
30 3
fn=exp2f@@GLIBC_2.27
29 4
30 3
fn=expf@@GLIBC_2.27
29 4
30 3
fn=expm1
29 4
30 3
fn=log2@@GLIBC_2.29
29 4
30 3
fn=log2f@@GLIBC_2.27
29 4
30 3
fn=logf@@GLIBC_2.27
29 4
30 3
fn=powf@@GLIBC_2.27
29 4
30 4
fn=sincosf
29 4
30 3
fn=sinf
29 4
30 3
fl=./math/../sysdeps/x86_64/fpu/multiarch/ifunc-fma4.h
fn=__acos_finite@GLIBC_2.15
31 4
32 2
35 1
fn=__asin_finite@GLIBC_2.15
31 4
32 2
fn=__pow_finite@GLIBC_2.15
31 4
32 2
fn=sincos
31 4
32 2
fl=./math/../sysdeps/x86_64/fpu/multiarch/s_cosf.c
fn=cosf
26 2
fl=./math/../sysdeps/x86_64/fpu/multiarch/s_expm1.c
fn=expm1
26 2
fl=./math/../sysdeps/x86_64/fpu/multiarch/s_fma.c
fn=fma
49 6
fl=./math/../sysdeps/x86_64/fpu/multiarch/s_log1p.c
fn=__log1p
26 2
fl=./math/../sysdeps/x86_64/fpu/multiarch/s_sin.c
fn=cos
34 2
fn=sin
27 2
fl=./math/../sysdeps/x86_64/fpu/multiarch/s_sincos.c
fn=sincos
26 2
fl=./math/../sysdeps/x86_64/fpu/multiarch/s_sincosf.c
fn=sincosf
26 2
fl=./math/../sysdeps/x86_64/fpu/multiarch/s_sinf.c
fn=sinf
26 2
fl=./math/./math/w_logl_compat.c
fn=logl
29 100000
30 100000
44 40000
45 20000
fl=./math/./w_log_template.c
fn=log@@GLIBC_2.29
31 10000
32 30000
41 10000
fl=./misc/../sysdeps/unix/syscall-template.S
fn=madvise
117 90
122 18
fn=mprotect
117 215
122 43
fn=munmap
117 155
122 31
fl=./misc/../sysdeps/unix/sysv/linux/brk.c
fn=brk
36 29
37 58
38 58
44 29
45 29
fl=./misc/../sysdeps/unix/sysv/linux/brk_call.h
fn=brk
24 58
fl=./misc/../sysdeps/unix/sysv/linux/clone-internal.c
fn=__clone_internal
53 36
62 36
64 144
80 54
82 4
83 4
86 1
97 216
99 36
106 18
109 36
110 144
fl=./misc/../sysdeps/unix/sysv/linux/getpagesize.c
fn=getpagesize
27 36
28 144
30 36
fl=./misc/../sysdeps/unix/sysv/linux/getsysstats.c
fn=get_nprocs
215 15
216 10
217 10
222 10
fn=read_sysfs_file
72 30
73 10
76 5
78 20
79 10
102 5
103 10
105 10
139 60
148 15
150 15
151 10
158 25
159 15
166 10
168 5
169 20
170 15
177 15
178 15
180 5
181 25
184 10
190 60
fl=./misc/../sysdeps/unix/sysv/linux/mmap64.c
fn=mmap
47 462
50 132
53 347
58 396
60 264
fl=./misc/../sysdeps/unix/sysv/linux/not-cancel.h
fn=read_sysfs_file
75 10
76 5
fl=./misc/../sysdeps/unix/sysv/linux/setvmaname.c
fn=__set_vma_name
33 418
35 301
40 14
47 2
48 1
49 531
fl=./misc/../sysdeps/unix/sysv/linux/x86_64/clone.S
fn=clone
52 18
54 18
55 18
56 18
59 18
60 18
63 18
65 18
69 18
72 18
73 18
74 18
75 18
76 18
81 18
83 36
84 36
85 36
87 18
95 18
98 18
99 18
100 18
fl=./misc/../sysdeps/unix/sysv/linux/x86_64/clone3.S
fn=clone3
42 1
44 1
45 1
46 1
47 1
48 1
52 1
55 1
60 1
62 1
63 1
86 5
fl=./misc/./misc/init-misc.c
fn=__init_misc
30 5
31 6
33 3
37 5
38 3
40 4
fl=./misc/./misc/sbrk.c
fn=sbrk
37 232
40 58
43 58
58 58
59 4
62 58
63 2
66 112
74 84
78 203
fl=./nptl/../include/list.h
fn=__nptl_deallocate_stack
43 36
44 36
45 18
47 18
55 54
56 18
fn=__nptl_free_stacks
55 42
56 14
fn=__nptl_stack_list_add
43 90
45 18
47 18
fl=./nptl/../nptl/descr.h
fn=__pthread_enable_asynccancel
439 4792
fl=./nptl/../sysdeps/nptl/futex-internal.h
fn=__pthread_once_slow
209 16
fn=start_thread
146 18
fl=./nptl/../sysdeps/unix/sysv/linux/internal-signals.h
fn=pthread_create@@GLIBC_2.34
81 126
89 108
fn=start_thread
89 90
fl=./nptl/../sysdeps/unix/sysv/linux/internal-sigset.h
fn=pthread_create@@GLIBC_2.34
34 18
102 18
103 18
fn=start_thread
102 54
fl=./nptl/../sysdeps/unix/sysv/linux/rseq-internal.h
fn=start_thread
32 36
40 18
fl=./nptl/../sysdeps/unix/sysv/linux/sigsetops.h
fn=pthread_create@@GLIBC_2.34
54 1
104 2
fl=./nptl/../sysdeps/unix/sysv/linux/x86/elision-conf.c
fn=__lll_elision_init
92 8
96 5
98 4
100 4
102 4
104 4
107 3
108 1
109 6
fl=./nptl/../sysdeps/x86/nptl/tls-setup.h
fn=pthread_create@@GLIBC_2.34
22 36
fl=./nptl/./nptl-stack.h
fn=pthread_create@@GLIBC_2.34
61 180
fl=./nptl/./nptl/alloca_cutoff.c
fn=__libc_alloca_cutoff
27 1
28 9
35 1
fl=./nptl/./nptl/allocatestack.c
fn=name_stack_maps
587 216
589 180
593 72
595 72
596 126
599 18
600 36
601 54
603 180
605 252
fn=pthread_create@@GLIBC_2.34
66 72
74 72
99 72
166 54
170 126
219 72
223 54
228 54
238 36
328 36
329 108
333 54
343 108
347 108
351 36
352 54
353 18
366 252
369 72
374 72
380 36
385 36
386 18
395 36
407 36
408 36
411 36
416 36
419 18
426 18
429 108
442 72
445 126
447 108
454 90
477 54
506 90
532 18
537 18
542 18
545 18
547 72
558 72
563 36
fn=start_thread
189 36
191 90
192 36
193 36
194 90
fl=./nptl/./nptl/cancellation.c
fn=__pthread_disable_asynccancel
63 2396
66 7188
71 7188
74 4792
76 7188
83 7188
fn=__pthread_enable_asynccancel
31 2396
32 2396
33 4792
37 4792
39 4792
42 9584
45 4792
56 4792
fl=./nptl/./nptl/cleanup_compat.c
fn=_pthread_cleanup_pop@@GLIBC_2.34
40 20
43 40
47 40
49 20
fn=_pthread_cleanup_push@@GLIBC_2.34
25 20
28 20
29 20
30 40
32 20
33 20
fl=./nptl/./nptl/libc-cleanup.c
fn=__libc_cleanup_pop_restore
54 14
55 14
57 28
59 14
60 42
71 14
fn=__libc_cleanup_push_defer
24 14
25 14
27 28
29 28
32 28
46 42
48 14
49 14
fl=./nptl/./nptl/nptl-stack.c
fn=__nptl_deallocate_stack
29 18
37 18
44 54
52 18
104 54
105 54
107 28
112 108
113 90
117 18
123 36
129 72
130 72
fn=__nptl_free_stacks
29 14
37 14
58 140
65 84
69 14
70 42
76 42
79 28
83 70
87 28
91 112
fn=__nptl_stack_list_add
43 18
44 72
52 18
53 18
fl=./nptl/./nptl/nptl_deallocate_tsd.c
fn=__nptl_deallocate_tsd
23 18
28 72
110 18
fl=./nptl/./nptl/nptl_free_tcb.c
fn=__nptl_free_tcb
25 108
27 36
31 54
42 36
44 36
fl=./nptl/./nptl/pthread_attr_copy.c
fn=__pthread_attr_copy
25 234
29 144
32 18
38 54
61 144
62 18
63 198
fl=./nptl/./nptl/pthread_attr_destroy.c
fn=pthread_attr_destroy
26 18
36 54
44 36
fl=./nptl/./nptl/pthread_create.c
fn=create_thread
236 216
240 90
244 36
247 36
248 36
287 198
290 18
297 72
298 36
303 18
309 36
321 36
332 18
333 198
fn=pthread_create@@GLIBC_2.34
81 2
82 1
83 4
90 6
609 72
626 288
632 36
635 1
638 3
644 18
645 72
647 72
648 36
650 36
663 1
674 18
677 18
683 36
684 36
685 18
688 18
689 72
690 54
694 18
695 72
700 72
703 72
708 36
709 36
713 36
718 36
730 36
731 36
751 36
752 3
755 54
757 18
767 18
772 36
780 54
791 36
836 126
843 36
883 36
893 36
897 36
898 36
901 234
fn=start_thread
338 198
345 36
367 72
370 18
373 54
377 18
388 90
405 72
419 36
423 108
426 36
429 36
431 36
433 18
437 36
447 72
448 18
452 18
455 18
458 18
461 54
492 36
494 36
508 108
515 90
516 36
517 72
552 54
553 54
556 54
573 54
578 72
599 90
fl=./nptl/./nptl/pthread_getattr_default_np.c
fn=pthread_getattr_default_np@@GLIBC_2.34
24 108
25 72
26 54
27 72
29 54
fl=./nptl/./nptl/pthread_join.c
fn=pthread_join@@GLIBC_2.34
23 18
24 72
fl=./nptl/./nptl/pthread_join_common.c
fn=__pthread_clockjoin_ex
39 216
43 108
48 90
52 18
55 18
57 36
58 36
74 90
84 36
89 108
94 72
111 72
114 18
118 18
121 36
125 54
130 18
133 198
fl=./nptl/./nptl/pthread_mutex_conf.c
fn=__pthread_tunables_init
55 8
56 5
58 4
60 4
62 6
fl=./nptl/./nptl/pthread_mutex_lock.c
fn=pthread_mutex_lock@@GLIBC_2.2.5
44 100154
45 400616
48 400616
77 500770
80 300462
82 100154
84 200308
88 200308
90 300402
94 300402
97 40
108 80
112 20
115 40
124 100154
130 60
131 40
179 100154
182 100154
184 100154
187 100154
190 300462
fl=./nptl/./nptl/pthread_mutex_unlock.c
fn=pthread_mutex_unlock@@GLIBC_2.2.5
39 100154
40 400616
43 400616
51 300462
52 200308
57 200308
62 100154
65 100154
70 100154
72 100154
74 40
80 80
84 60
87 40
367 400616
369 200308
fl=./nptl/./nptl/pthread_once.c
fn=__pthread_once_slow
68 22
76 2
80 4
88 4
92 4
101 8
114 26
116 2
118 6
124 2
132 20
fn=pthread_once@@GLIBC_2.34
136 3303327
139 3303327
140 6606654
143 2
144 6606650
fl=./posix/../malloc/dynarray-skeleton.c
fn=__unregister_atfork
243 5
fl=./posix/../sysdeps/unix/sysv/linux/_exit.c
fn=_Exit
27 2
30 4
fl=./posix/../sysdeps/unix/sysv/linux/nanosleep.c
fn=nanosleep
24 90
25 54
26 36
32 36
fl=./posix/./posix/register-atfork.c
fn=__unregister_atfork
71 10
82 30
83 20
109 20
110 15
fl=./resolv/./resolv/res-close.c
fn=__res_thread_freeres
131 126
132 18
134 90
142 108
fl=./resolv/./resolv/resolv_context.c
fn=__resolv_context_freeres
242 162
244 36
245 18
246 36
252 144
fl=./resource/../sysdeps/unix/sysv/linux/getrlimit64.c
fn=getrlimit
38 2
39 7
40 1
fl=./setjmp/../sysdeps/x86_64/bsd-_setjmp.S
fn=_setjmp
28 19
30 19
32 19
fl=./setjmp/../sysdeps/x86_64/setjmp.S
fn=__sigsetjmp
31 33
33 33
42 33
43 66
44 33
48 33
49 33
50 33
51 33
52 33
54 66
56 33
57 33
58 33
60 66
62 33
67 19
68 19
70 14
73 14
74 14
81 14
82 14
85 19
fl=./setjmp/./setjmp/sigjmp.c
fn=__sigjmp_save
28 114
29 19
30 38
34 76
fl=./signal/../string/bits/string_fortified.h
fn=__libc_sigaction
29 16
fl=./signal/../sysdeps/unix/sysv/linux/libc_sigaction.c
fn=__libc_sigaction
43 8
48 2
50 2
53 5
58 11
63 4
71 6
fl=./stdio-common/../include/../locale/localeinfo.h
fn=__printf_fp_l_buffer
331 3
fl=./stdio-common/../include/printf_buffer.h
fn=__printf_buffer
163 72
fn=__printf_fp_buffer_1.isra.0
163 6
fl=./stdio-common/../include/rounding-mode.h
fn=__printf_fp_buffer_1.isra.0
52 2
fl=./stdio-common/../string/bits/string_fortified.h
fn=__printf_buffer_write
29 111
fn=__printf_fp_buffer_1.isra.0
29 7
fl=./stdio-common/../sysdeps/generic/get-rounding-mode.h
fn=__printf_fp_buffer_1.isra.0
94 1
95 7
fl=./stdio-common/../sysdeps/pthread/allocalim.h
fn=__printf_fp_buffer_1.isra.0
27 2
29 5
fl=./stdio-common/./stdio-common/Xprintf_buffer_done.c
fn=__printf_buffer_done
25 19
26 57
31 38
33 228
40 19
fl=./stdio-common/./stdio-common/Xprintf_buffer_write.c
fn=__printf_buffer_write
27 456
28 171
31 262
33 185
36 37
37 74
40 111
41 37
44 342
fl=./stdio-common/./stdio-common/_itoa.c
fn=_itoa_word
169 18
172 72
174 36
183 1800
192 36
fl=./stdio-common/./stdio-common/printf-parse.h
fn=__printf_buffer
82 171
fl=./stdio-common/./stdio-common/printf_fp.c
fn=__printf_fp_buffer_1.isra.0
91 6
93 6
95 4
101 4
105 14
107 8
108 2
110 4
111 10
118 2
122 6
123 4
124 5
138 18
159 8
177 1
187 1
221 2
222 1
226 3
230 17
234 1
266 5
267 1
268 2
271 17
272 16
273 16
279 1
280 2
283 1
293 1
294 7
297 3
301 4
305 4
306 1
308 6
309 9
310 2
311 7
313 2
318 13
322 77
324 8
327 3
337 3
368 2
369 4
375 12
377 2
380 4
381 4
382 6
385 25
388 8
389 8
390 10
391 8
394 13
396 26
397 2
403 3
407 12
411 4
413 2
439 2
442 8
458 4
460 3
461 6
463 6
477 2
665 3
674 6
676 2
680 2
686 2
688 2
689 2
692 3
694 9
696 2
738 4
746 3
759 17
760 2
763 3
766 28
769 18
771 1
773 6
775 3
787 1
788 5
789 5
790 8
792 2
793 2
794 6
795 4
805 5
806 4
808 7
809 1
810 6
813 2
924 3
931 2
935 3
980 7
983 2
987 5
991 3
994 4
996 8
999 4
1001 3
1003 2
1006 2
1009 3
1022 4
1024 3
1028 3
1030 11
fn=__printf_fp_l_buffer
1099 19
1102 3
1111 1
1112 2
1115 5
1116 5
1117 3
1122 7
1126 1
1147 11
fn=hack_digit
88 35
91 21
93 21
95 14
101 14
105 49
107 28
108 7
110 14
111 42
118 14
122 28
123 14
124 30
128 35
fl=./stdio-common/./stdio-common/snprintf.c
fn=snprintf
26 216
30 108
31 54
35 90
fl=./stdio-common/./stdio-common/vfprintf-internal.c
fn=__printf_buffer
263 3
264 3
266 1
600 285
627 95
631 19
634 19
638 76
642 19
653 57
654 38
655 57
659 38
663 152
683 19
684 19
685 19
686 19
687 19
690 38
691 19
692 19
693 19
694 19
695 19
698 19
699 19
705 266
709 1
744 2
784 18
813 1
814 3
818 2
819 4
834 7
837 6
855 14
883 18
891 2
973 59
976 34
996 11
997 2
1001 1
1018 19
1024 19
1028 57
1029 38
1031 38
1044 209
fl=./stdio-common/./stdio-common/vfprintf-process-arg.c
fn=__printf_buffer
66 18
67 18
92 18
93 18
94 18
126 36
128 36
130 36
131 144
136 54
138 36
155 270
161 162
166 108
170 36
186 90
187 162
195 90
197 54
199 72
201 126
206 36
208 72
211 36
224 36
233 36
236 36
240 90
fl=./stdlib/../include/rounding-mode.h
fn=round_and_return
46 15024440
52 8018786
fl=./stdlib/../stdlib/gmp.h
fn=round_and_return
453 1004505
454 1004505
fl=./stdlib/../stdlib/strtol.c
fn=__isoc23_strtoul
125 10
126 50
fl=./stdlib/../stdlib/strtol_l.c
fn=____strtoul_l_internal
238 130
252 10
257 10
258 10
264 20
292 10
295 40
304 60
306 20
310 10
311 20
316 20
320 20
322 10
327 20
335 10
342 20
345 40
390 30
391 30
393 10
394 10
395 10
449 30
451 110
453 75
460 20
477 30
478 10
481 45
484 60
489 35
490 45
495 20
500 30
501 10
513 20
524 50
546 90
fl=./stdlib/../string/bits/string_fortified.h
fn=____strtof_l_internal
29 19987291
fl=./stdlib/../sysdeps/generic/get-rounding-mode.h
fn=round_and_return
94 3004888
95 27043992
fl=./stdlib/../sysdeps/ieee754/dbl-64/dbl2mpn.c
fn=__mpn_extract_double
33 3
35 1
37 3
38 5
47 3
56 3
103 2
107 2
fl=./stdlib/../sysdeps/ieee754/flt-32/mpn2flt.c
fn=__mpn_construct_float
29 3004888
33 3004888
35 18029328
40 3004888
41 6009776
fl=./stdlib/../sysdeps/x86_64/lshift.S
fn=__mpn_lshift
28 5018100
29 5018100
30 5018100
32 5018100
33 5018100
34 5018100
46 5018100
47 5018100
48 5018100
49 5018100
50 5018100
51 5018100
52 5018100
58 5018100
59 5018100
60 5018100
fl=./stdlib/../sysdeps/x86_64/mul_1.S
fn=__mpn_mul_1
31 1992015
32 1992015
35 1992015
36 1992015
37 1992015
38 1992015
39 1992015
41 1992015
42 1992015
44 1992015
45 1992015
46 1992015
47 1992015
48 1992013
50 1992013
51 1992013
52 1992013
53 1992013
79 2
80 2
81 2
82 2
83 2
84 2
85 2
86 2
87 2
113 2
114 2
115 2
117 2
118 2
119 2
120 2
121 2
122 1992015
124 1992015
127 1992015
fl=./stdlib/../sysdeps/x86_64/rshift.S
fn=__mpn_rshift
28 2
29 2
30 2
31 2
44 2
45 2
61 2
62 2
63 2
64 2
65 2
66 2
67 2
72 2
73 2
74 2
75 2
76 2
fl=./stdlib/./stdlib/cmp.c
fn=__mpn_cmp
31 3
35 6
37 3
38 3
39 6
47 15
fl=./stdlib/./stdlib/cxa_atexit.c
fn=__cxa_atexit
41 24
43 96
44 24
46 24
52 36
53 12
54 12
55 12
56 12
57 48
58 12
67 84
69 72
fn=__new_exitfn
80 60
81 12
86 24
91 76
93 48
94 55
101 1
104 22
122 1
123 1
129 33
130 22
134 1
136 12
137 12
141 60
fl=./stdlib/./stdlib/cxa_finalize.c
fn=__cxa_finalize
30 50
33 35
36 35
40 196
41 132
43 22
45 11
76 11
78 33
81 44
82 33
83 44
87 33
93 35
97 30
105 10
106 20
107 40
fl=./stdlib/./stdlib/cxa_thread_atexit_impl.c
fn=__call_tls_dtors
148 95
149 80
153 3
155 2
156 2
162 2
163 2
165 76
fn=__cxa_thread_atexit_impl
102 9
103 3
106 3
107 2
110 2
111 1
112 3
113 1
117 3
120 2
124 2
128 5
136 1
137 2
139 2
142 7
fl=./stdlib/./stdlib/divrem.c
fn=__mpn_divrem
46 126
47 9
49 18
62 9
63 9
65 18
72 83
73 24
76 18
79 9
81 9
234 81
fl=./stdlib/./stdlib/exit.c
fn=__run_exit_handlers
38 12
40 2
41 2
43 5
54 2
56 2
60 1
64 39
66 24
67 12
69 106
94 2
101 1
102 1
103 1
104 3
107 4
108 3
109 4
113 3
119 3
120 2
126 4
128 2
129 2
131 2
fn=exit
137 3
138 4
fl=./stdlib/./stdlib/getenv.c
fn=getenv
24 9
25 8
28 2
29 199
31 98
32 30
37 9
fl=./stdlib/./stdlib/mul.c
fn=__mpn_mul
48 33864102
54 3984012
66 3984012
71 1992006
72 3984012
81 7968024
83 1992006
84 1992006
88 3984012
141 1992006
142 21912066
fl=./stdlib/./stdlib/secure-getenv.c
fn=secure_getenv
28 1
29 5
fl=./stdlib/./stdlib/strtod_l.c
fn=____strtof_l_internal
508 39633600
514 7912162
553 3302800
561 9908400
563 6605600
587 3302800
595 6605600
596 9908400
597 9908400
601 3302800
602 2332232
603 4013538
607 3302800
610 13211200
611 16514000
614 6605600
616 970568
617 2911704
619 4664464
632 19816800
633 6605600
641 9908400
685 297906
689 13519643
708 16514000
709 6914043
710 4609362
732 11214962
733 13828086
734 18437448
739 25351491
740 4609362
747 9218724
765 1489554
775 16943012
776 6605600
779 3517306
788 6605600
801 3517306
804 13211200
846 6605600
855 26422400
856 6605600
862 9908400
863 3302800
864 29721753
865 89161812
868 50310356
869 26709125
870 6605600
871 19813353
874 6605600
877 2984892
880 9908400
881 6605600
882 16514000
980 6605600
1013 6605600
1015 24055256
1017 7978605
1018 1492446
1020 4477338
1023 7959580
1042 9908400
1043 3302800
1045 995096
1048 6009776
1057 4108836
1059 6848060
1068 5478448
1069 5478448
1072 10118612
1076 1369612
1077 1369612
1081 3270552
1175 30048880
1176 3004888
1177 9014664
1180 12019552
1192 6009776
1195 6009776
1198 13973666
1204 5988714
1224 998119
1248 2994357
1249 3992476
1253 1996238
1259 1996238
1291 1996238
1294 6964286
1296 2984694
1298 4974490
1306 4974490
1310 1989796
1325 7959184
1330 3221
1353 4019980
1354 4019980
1355 2009990
1357 10053171
1366 6442
1369 9663
1370 16105
1375 6020307
1378 16054152
1386 4013538
1391 4013538
1396 16054152
1399 6029970
1402 18089910
1410 10049950
1413 2009990
1414 2009990
1417 12056114
1420 4001994
1422 8003988
1424 6011984
1425 8021974
1430 24011964
1434 3984008
1435 3984008
1436 3984008
1437 5976012
1440 6028057
1441 6028057
1443 12056114
1445 10049950
1446 1990682
1449 18089910
1466 10049950
1468 8039960
1472 10049950
1473 12059940
1474 4019980
1485 4023201
1487 4019980
1494 2009990
1495 2009990
1496 12059940
1500 12069603
1538 44216559
1540 6023528
1542 22103448
1543 4019980
1544 4019980
1770 36330800
fn=round_and_return
215 48078208
218 6009776
226 3004888
233 3004888
313 6009776
316 6009776
319 10984831
320 6009776
328 2009010
338 2009010
350 7012547
352 4019754
355 23024238
356 21034216
fn=str_to_mpn.isra.0
365 30081090
374 6016218
375 3008109
378 3008109
379 18048654
382 24091634
413 48183268
416 1280756
423 640378
426 36777829
427 24091634
429 24091634
431 12032436
438 9024327
440 9024327
442 3008109
443 3008109
458 27072981
fn=strtof_l
1782 6605600
1783 6605600
fl=./string/../include/rtld-malloc.h
fn=strdup
56 28
fl=./string/../string/strcspn.c
fn=strcspn
32 6
33 3
34 2
39 6
40 4
41 4
42 4
44 1
47 9
48 6
51 4
52 4
53 4
54 4
56 3
61 13
62 26
63 26
64 26
65 13
67 78
69 1
70 4
71 3
fl=./string/../string/strstr.c
fn=__GI_strstr
77 72
82 18
84 30
85 12
86 12
161 72
fl=./string/../sysdeps/unix/sysv/linux/tls-internal.c
fn=__glibc_tls_internal_free
24 90
25 18
26 36
27 36
28 36
fl=./string/../sysdeps/x86/cacheinfo.c
fn=__x86_cacheinfo
86 1
fl=./string/../sysdeps/x86/cacheinfo.h
fn=__x86_cacheinfo
59 1
62 3
64 3
65 1
71 3
73 3
74 1
78 2
80 2
81 2
82 2
84 2
86 2
fl=./string/../sysdeps/x86_64/multiarch/../multiarch/memcmp-sse2.S
fn=bcmp
59 7
71 7
72 7
94 1
95 1
140 1
141 1
143 1
144 1
146 1
147 1
149 1
150 1
197 1
198 1
199 1
200 1
201 1
202 1
255 6
257 6
258 6
259 6
260 6
261 6
262 6
269 6
271 6
273 6
274 6
275 6
276 6
277 6
281 6
289 6
fl=./string/../sysdeps/x86_64/multiarch/../multiarch/memset-vec-unaligned-erms.S
fn=memset
132 91
133 455
138 91
139 91
142 66
143 66
145 25
146 25
147 25
181 19
182 19
184 19
244 41
245 41
257 41
260 41
261 41
273 22
274 22
287 22
288 22
290 22
293 3
296 6
299 93
300 93
301 93
302 93
303 93
304 93
305 93
308 22
309 22
310 22
311 22
316 22
350 25
352 25
353 25
392 25
393 25
395 25
fl=./string/../sysdeps/x86_64/multiarch/../multiarch/strchr-sse2.S
fn=index
32 37
33 37
34 37
35 37
36 37
37 37
38 37
39 37
40 37
41 37
42 37
43 37
44 37
45 37
46 37
47 37
48 37
49 37
50 24
54 24
55 24
56 24
57 24
59 24
63 13
64 13
65 13
66 13
67 13
68 13
69 13
70 13
71 13
72 13
73 13
74 13
75 13
76 13
77 13
78 13
79 13
80 13
81 13
82 13
83 13
84 13
85 13
86 13
138 13
142 13
143 13
144 13
145 13
147 13
fl=./string/../sysdeps/x86_64/multiarch/../multiarch/strcmp-sse2.S
fn=strcmp
98 2601
131 2601
132 2601
134 2601
135 2601
156 2601
157 2601
158 2391
159 2391
160 2262
161 2262
162 2262
163 2262
180 2262
181 2262
182 2262
183 2262
184 2262
185 2262
186 2262
191 61
192 183
201 400
202 400
203 400
204 400
205 400
206 400
207 400
208 400
209 313
210 150
211 150
212 150
214 313
215 313
216 313
217 313
218 313
219 313
229 87
230 87
231 87
233 87
239 87
240 87
241 87
242 87
243 87
248 87
250 77
251 77
252 154
260 78
261 78
264 78
265 78
266 78
267 78
268 78
269 78
275 3
276 3
277 3
280 3
281 3
282 3
283 3
284 3
285 3
290 1
291 1
300 6
301 6
302 6
303 6
304 6
306 6
307 6
308 6
309 6
310 6
311 6
312 6
313 6
316 6
317 6
318 6
324 6
325 6
326 12
330 6
331 6
334 6
335 6
336 6
338 6
339 6
340 6
344 6
345 6
346 6
347 6
348 6
349 6
542 3
543 3
544 3
545 3
546 3
548 3
549 3
550 3
551 3
552 3
553 3
554 3
555 2
559 2
560 2
561 2
567 2
568 2
569 4
573 4
574 4
577 4
578 4
579 4
581 4
582 4
583 4
587 4
588 4
589 4
590 4
591 4
592 4
599 3
600 3
602 3
603 3
605 3
606 3
607 3
609 3
610 3
611 3
615 3
616 3
617 3
618 3
619 3
620 3
627 2
628 2
629 2
661 5
662 5
663 5
664 5
665 5
667 5
668 5
669 5
670 5
671 5
672 5
673 5
674 4
678 4
679 4
680 4
686 4
687 4
688 8
692 5
693 5
696 5
697 5
698 5
700 5
701 5
702 5
706 5
707 5
708 5
709 5
710 5
711 5
718 1
719 1
721 1
722 1
724 1
725 1
726 1
728 1
729 1
730 1
734 1
735 1
736 1
737 1
738 1
739 1
746 1
747 1
748 1
780 5
781 5
782 5
783 5
784 5
786 5
787 5
788 5
789 5
790 5
791 5
792 5
793 4
797 4
798 4
799 4
805 4
806 4
807 8
811 6
812 6
815 5
816 5
817 5
819 5
820 5
821 5
825 5
826 5
827 5
828 5
829 5
830 5
837 4
838 4
840 4
841 4
843 4
844 4
845 4
847 4
848 4
849 4
853 4
854 4
855 4
856 4
857 4
858 4
865 2
866 2
867 2
871 1
872 1
873 1
874 1
887 1
888 1
889 1
890 1
899 9
900 9
901 9
902 9
903 9
905 9
906 9
907 9
908 9
909 9
910 9
911 9
912 8
916 8
917 8
918 8
924 8
925 8
926 16
930 10
931 10
934 10
935 10
936 10
938 10
939 10
940 10
944 10
945 10
946 10
947 10
948 10
949 10
956 6
957 6
959 6
960 6
962 6
963 6
964 6
966 6
967 6
968 6
972 6
973 6
974 6
975 6
976 6
977 6
984 2
985 2
986 2
1018 7
1019 7
1020 7
1021 7
1022 7
1024 7
1025 7
1026 7
1027 7
1028 7
1029 7
1030 7
1031 6
1035 6
1036 6
1037 6
1043 6
1044 6
1045 12
1049 7
1050 7
1053 7
1054 7
1055 7
1057 7
1058 7
1059 7
1063 7
1064 7
1065 7
1066 7
1067 7
1068 7
1075 1
1076 1
1078 1
1079 1
1081 1
1082 1
1083 1
1085 1
1086 1
1087 1
1091 1
1092 1
1093 1
1094 1
1095 1
1096 1
1103 1
1104 1
1105 1
1137 23
1138 23
1139 23
1140 23
1141 23
1143 23
1144 23
1145 23
1146 23
1147 23
1148 23
1149 23
1150 12
1154 12
1155 12
1156 12
1162 12
1163 12
1164 24
1168 16
1169 16
1172 16
1173 16
1174 16
1176 16
1177 16
1178 16
1182 16
1183 16
1184 16
1185 16
1186 16
1187 16
1194 8
1195 8
1197 8
1198 8
1200 8
1201 8
1202 8
1204 8
1205 8
1206 8
1210 8
1211 8
1212 8
1213 8
1214 8
1215 8
1222 4
1223 4
1224 4
1256 24
1257 24
1258 24
1259 24
1260 24
1262 24
1263 24
1264 24
1265 24
1266 24
1267 24
1268 24
1269 14
1273 14
1274 14
1275 14
1281 14
1282 14
1283 28
1287 17
1288 17
1291 17
1292 17
1293 17
1295 17
1296 17
1297 17
1301 17
1302 17
1303 17
1304 17
1305 17
1306 17
1313 4
1314 4
1316 4
1317 4
1319 4
1320 4
1321 4
1323 4
1324 4
1325 4
1329 4
1330 4
1331 4
1332 4
1333 4
1334 4
1341 3
1342 3
1343 3
1375 29
1376 29
1377 29
1378 29
1379 29
1381 29
1382 29
1383 29
1384 29
1385 29
1386 29
1387 29
1388 16
1392 16
1393 16
1394 16
1400 16
1401 16
1402 32
1406 16
1407 16
1410 16
1411 16
1412 16
1414 16
1415 16
1416 16
1420 16
1421 16
1422 16
1423 16
1424 16
1425 16
1432 2
1433 2
1435 2
1436 2
1438 2
1439 2
1440 2
1442 2
1443 2
1444 2
1448 2
1449 2
1450 2
1451 2
1452 2
1453 2
1494 45
1495 45
1496 45
1497 45
1498 45
1500 45
1501 45
1502 45
1503 45
1504 45
1505 45
1506 45
1507 33
1511 33
1512 33
1513 33
1519 33
1520 33
1521 66
1525 39
1526 39
1529 39
1530 39
1531 39
1533 39
1534 39
1535 39
1539 39
1540 39
1541 39
1542 39
1543 39
1544 39
1551 8
1552 8
1554 8
1555 8
1557 8
1558 8
1559 8
1561 8
1562 8
1563 8
1567 8
1568 8
1569 8
1570 8
1571 8
1572 8
1579 6
1580 6
1581 6
1613 45
1614 45
1615 45
1616 45
1617 45
1619 45
1620 45
1621 45
1622 45
1623 45
1624 45
1625 45
1626 21
1630 21
1631 21
1632 21
1638 21
1639 21
1640 42
1644 25
1645 25
1648 25
1649 25
1650 25
1652 25
1653 25
1654 25
1658 25
1659 25
1660 25
1661 25
1662 25
1663 25
1670 7
1671 7
1673 7
1674 7
1676 7
1677 7
1678 7
1680 7
1681 7
1682 7
1686 7
1687 7
1688 7
1689 7
1690 7
1691 7
1698 4
1699 4
1700 4
1732 33
1733 33
1734 33
1735 33
1736 33
1738 33
1739 33
1740 33
1741 33
1742 33
1743 33
1744 33
1745 18
1749 18
1750 18
1751 18
1757 18
1758 18
1759 36
1763 21
1764 21
1767 21
1768 21
1769 21
1771 21
1772 21
1773 21
1777 21
1778 21
1779 21
1780 21
1781 21
1782 21
1789 5
1790 5
1792 5
1793 5
1795 5
1796 5
1797 5
1799 5
1800 5
1801 5
1805 5
1806 5
1807 5
1808 5
1809 5
1810 5
1817 3
1818 3
1819 3
1823 1
1824 1
1825 1
1826 1
1833 1
1834 1
1835 1
1851 36
1852 36
1853 36
1854 36
1855 36
1857 36
1858 36
1859 36
1860 36
1861 36
1862 36
1863 36
1864 20
1868 20
1869 20
1870 20
1876 20
1877 20
1878 40
1882 21
1883 21
1886 21
1887 21
1888 21
1890 21
1891 21
1892 21
1896 21
1897 21
1898 21
1899 21
1900 21
1901 21
1908 5
1909 5
1911 5
1912 5
1914 5
1915 5
1916 5
1918 5
1919 5
1920 5
1924 5
1925 5
1926 5
1927 5
1928 5
1929 5
1936 1
1937 1
1938 1
1970 43
1971 43
1972 43
1973 43
1974 43
1976 43
1977 43
1978 43
1979 43
1980 43
1981 43
1982 43
1984 19
1988 19
1989 19
1990 19
1996 19
1997 19
1999 38
2003 21
2004 21
2007 21
2008 21
2009 21
2011 21
2012 21
2013 21
2017 21
2018 21
2019 21
2020 21
2021 21
2022 21
2029 7
2030 7
2032 7
2033 7
2035 7
2036 7
2037 7
2039 7
2040 7
2041 7
2045 7
2046 7
2047 7
2048 7
2049 7
2050 7
2057 2
2058 2
2059 2
2086 1
2087 1
2088 1
2089 2
2093 260
2095 400
2096 400
2097 400
2098 400
2099 300
2104 2601
2110 2601
2111 2601
2119 2601
2120 2601
fn=strncmp
98 1
125 1
126 1
127 1
128 1
129 1
131 1
132 1
134 1
135 1
156 1
157 1
158 1
159 1
160 1
161 1
162 1
163 1
180 1
181 1
182 1
183 1
184 1
185 1
186 1
2104 1
2107 1
2108 1
2110 1
2111 1
2119 1
2120 1
fl=./string/../sysdeps/x86_64/multiarch/../multiarch/strlen-sse2.S
fn=strlen
57 46
101 46
102 46
103 46
104 46
105 46
106 46
107 46
109 46
111 46
142 45
143 45
144 45
145 45
146 45
147 14
149 14
153 31
154 31
155 31
156 31
157 31
158 31
159 31
160 31
161 31
162 31
163 31
164 31
169 246
173 1
174 14
175 8
243 2
244 2
245 2
246 2
247 2
248 2
249 2
250 2
252 2
254 2
255 2
256 2
257 2
258 2
259 2
260 2
261 2
262 1
268 1
269 14
271 1
272 1
273 1
275 1
fl=./string/../sysdeps/x86_64/multiarch/ifunc-avx2.h
fn=memrchr
38 4
40 3
41 2
42 3
45 2
46 2
49 3
52 6
fn=rindex
38 4
40 3
41 2
42 3
45 2
46 2
49 3
52 6
fn=strchrnul
38 4
40 3
41 2
42 3
45 2
46 2
49 3
52 6
fn=strlen
38 12
40 9
41 6
42 9
45 6
46 6
49 9
52 18
fn=strnlen
38 8
40 6
41 4
42 6
45 4
46 4
49 6
52 12
fl=./string/../sysdeps/x86_64/multiarch/ifunc-evex.h
fn=memchr
37 12
38 9
39 9
42 6
43 6
45 6
51 9
54 12
fl=./string/../sysdeps/x86_64/multiarch/ifunc-memcmp.h
fn=bcmp
34 15
35 6
36 6
37 9
40 6
41 6
44 9
47 12
fl=./string/../sysdeps/x86_64/multiarch/ifunc-memmove.h
fn=memcpy@@GLIBC_2.14
56 6
57 9
60 9
61 6
74 6
77 6
85 6
93 6
96 15
fn=memmove
56 4
57 6
60 6
61 4
74 4
77 4
85 4
93 4
96 10
fn=mempcpy
56 2
57 3
60 3
61 2
74 2
77 2
85 2
93 2
96 5
fl=./string/../sysdeps/x86_64/multiarch/ifunc-memset.h
fn=memset
54 15
57 9
58 6
64 6
73 6
75 6
85 6
93 6
96 15
fl=./string/../sysdeps/x86_64/multiarch/ifunc-sse4_2.h
fn=strcspn
36 5
fn=strpbrk
36 5
fn=strspn
36 5
fl=./string/../sysdeps/x86_64/multiarch/ifunc-strcasecmp.h
fn=strcasecmp
36 4
37 2
38 3
41 2
42 2
45 3
48 5
fn=strcasecmp_l
36 4
37 2
38 3
41 2
42 2
45 3
48 5
fn=strncasecmp
36 4
37 2
38 3
41 2
42 2
45 3
48 5
fn=strncasecmp_l
36 4
37 2
38 3
41 2
42 2
45 3
48 5
fl=./string/../sysdeps/x86_64/multiarch/ifunc-strcpy.h
fn=stpcpy
38 4
39 3
42 2
43 2
46 3
49 3
fn=strcat
38 4
39 3
42 2
43 2
46 3
49 3
fn=strcpy
38 4
39 3
42 2
43 2
46 3
49 3
fl=./string/../sysdeps/x86_64/multiarch/ifunc-strncpy.h
fn=stpncpy
35 5
36 3
39 2
40 2
43 3
46 4
fn=strncpy
35 5
36 3
39 2
40 2
43 3
46 4
fl=./string/../sysdeps/x86_64/multiarch/memchr-avx2.S
fn=__memchr_avx2
61 222
68 222
70 222
73 222
74 222
76 222
77 222
78 222
79 222
82 220
83 220
86 220
87 220
89 198
90 198
101 22
106 22
113 22
114 22
115 16
116 16
121 79
122 79
123 79
124 158
128 6
129 6
133 116
134 116
135 116
136 232
161 200
162 200
163 200
165 200
175 200
176 200
179 200
180 200
182 195
183 195
185 116
186 116
187 116
188 116
257 5
258 5
261 3
262 3
266 1
267 1
270 1
271 1
272 1
273 1
274 1
275 1
276 1
278 2
310 2
312 2
314 2
315 2
316 2
317 2
318 4
338 2
342 2
344 2
345 4
366 2
367 2
368 2
369 2
412 2
415 2
416 2
417 2
420 2
421 2
428 2
431 2
432 2
434 2
435 2
fl=./string/../sysdeps/x86_64/multiarch/memchr.c
fn=memchr
29 6
fl=./string/../sysdeps/x86_64/multiarch/memcmp-avx2-movbe.S
fn=__memcmp_avx2_movbe
73 50
80 50
81 50
84 1
85 1
86 1
90 1
91 1
93 1
94 1
97 1
98 1
99 1
102 1
103 1
106 1
107 1
110 1
111 1
112 1
113 1
114 1
115 1
116 1
117 1
118 1
119 1
122 1
123 1
129 1
130 1
131 1
132 1
136 1
137 1
139 1
140 1
141 1
142 1
145 1
146 1
147 1
148 1
149 1
150 1
152 2
156 39
166 39
167 39
168 39
171 78
401 49
402 49
407 49
408 49
409 49
410 49
411 49
414 49
415 49
416 49
417 49
420 49
421 49
422 10
423 20
fl=./string/../sysdeps/x86_64/multiarch/memcmp.c
fn=bcmp
29 12
fl=./string/../sysdeps/x86_64/multiarch/memcmpeq.c
fn=memcpy@@GLIBC_2.14
29 3
fl=./string/../sysdeps/x86_64/multiarch/memmove-vec-unaligned-erms.S
fn=???
251 16015572
fn=__memcpy_avx_unaligned_erms
255 4004867
256 4004867
262 4004993
263 4004993
265 914
266 914
267 914
270 513
271 513
272 513
275 1026
305 4004079
306 4004079
308 4004005
309 4004005
311 93
315 93
316 55
317 55
318 55
319 55
320 30
321 30
323 55
325 55
331 38
332 38
333 38
334 38
335 38
342 74
343 74
344 74
345 74
347 74
364 4003912
365 4003912
366 4003912
367 4003912
368 4003912
375 200
376 200
377 200
378 200
379 200
380 200
381 400
386 401
387 401
392 400
393 400
395 200
396 200
397 200
417 200
418 200
422 200
424 200
428 200
429 200
440 200
443 200
445 200
447 200
451 200
452 200
461 185
462 185
464 185
466 185
467 185
468 185
471 185
473 185
475 185
477 370
483 464
484 464
485 464
486 464
487 464
488 464
489 464
490 464
491 464
492 464
493 464
494 464
496 185
497 185
498 185
499 185
501 185
505 370
518 15
519 15
521 15
522 15
523 15
525 15
527 15
529 30
535 36
536 36
537 36
538 36
539 36
540 36
541 36
542 36
543 36
544 36
545 36
546 36
548 15
549 15
550 15
551 15
553 15
554 30
601 1
602 1
606 1
608 1
611 1
615 1
616 1
684 1
685 1
686 1
691 1
692 1
693 1
700 1
706 1
708 1
716 1
717 1
719 1
721 1
723 1
725 1
733 1
734 1
735 1
736 1
741 1
742 1
743 1
746 1
748 2
753 624
755 39936
756 39936
757 39936
758 39936
760 79872
761 79872
762 19968
764 79872
765 79872
766 19968
767 19968
768 19968
769 624
770 624
771 624
772 624
773 1
776 1
777 1
782 126
783 126
784 63
785 63
786 63
787 63
788 63
789 63
790 63
791 63
792 63
793 63
794 63
795 63
796 63
800 1
801 1
802 1
803 1
805 1
806 1
807 1
808 1
809 2
fn=__memcpy_chk_avx_unaligned_erms
249 4003893
250 4003893
251 4003893
fn=__mempcpy_avx_unaligned_erms
242 126
243 126
244 126
245 126
fn=memcpy
210 43
211 43
217 200
218 200
220 83
221 83
222 83
224 64
225 64
226 64
228 64
308 117
309 117
311 76
315 76
316 76
317 76
318 1
319 1
323 1
325 76
364 41
365 41
366 41
367 41
368 41
375 16
376 16
377 16
378 16
379 16
380 16
381 16
392 19
393 19
395 16
396 16
397 16
417 3
418 3
422 3
424 3
440 3
443 3
445 3
447 3
451 3
452 3
461 3
462 3
464 3
466 3
467 3
468 3
471 3
473 3
475 3
477 3
483 9
484 9
485 9
486 9
487 9
488 9
489 9
490 9
491 9
492 9
493 9
494 9
496 3
497 3
498 3
499 3
501 3
505 3
fn=mempcpy
197 157
198 157
199 157
200 157
fl=./string/../sysdeps/x86_64/multiarch/memmove.c
fn=memmove
29 2
fl=./string/../sysdeps/x86_64/multiarch/mempcpy.c
fn=mempcpy
33 1
fl=./string/../sysdeps/x86_64/multiarch/memrchr.c
fn=memrchr
29 3
fl=./string/../sysdeps/x86_64/multiarch/memset-vec-unaligned-erms.S
fn=__memset_avx2_unaligned_erms
158 225
159 450
164 225
165 225
166 218
167 218
168 218
181 200
182 200
184 400
237 218
238 218
244 218
245 218
257 218
260 218
261 218
273 18
274 18
287 18
288 18
290 18
293 18
296 18
299 18
300 18
301 18
302 18
303 18
304 18
305 36
308 18
309 18
310 18
311 18
314 36
337 7
346 7
347 7
352 6
353 6
354 6
355 6
356 4
357 4
358 3
359 3
361 3
378 1
379 1
380 1
403 2
404 2
409 2
416 1
417 1
418 1
423 1
fl=./string/../sysdeps/x86_64/multiarch/memset.c
fn=memset
29 3
fl=./string/../sysdeps/x86_64/multiarch/stpcpy.c
fn=stpcpy
33 3
fl=./string/../sysdeps/x86_64/multiarch/stpncpy.c
fn=stpncpy
31 3
fl=./string/../sysdeps/x86_64/multiarch/strcasecmp.c
fn=strcasecmp
31 3
fl=./string/../sysdeps/x86_64/multiarch/strcasecmp_l.c
fn=strcasecmp_l
31 3
fl=./string/../sysdeps/x86_64/multiarch/strcat.c
fn=strcat
29 3
fl=./string/../sysdeps/x86_64/multiarch/strchr-avx2.S
fn=__strchr_avx2
53 6
55 6
56 6
57 6
58 6
59 6
62 6
63 6
67 6
68 6
69 6
70 6
71 6
72 6
73 6
74 6
77 6
85 6
93 6
94 12
fn=__strchrnul_avx2
53 38
55 38
56 38
57 38
58 38
59 38
62 38
63 38
67 38
68 38
69 38
70 38
71 38
72 38
73 38
74 38
87 38
89 76
fl=./string/../sysdeps/x86_64/multiarch/strchr.c
fn=index
42 4
43 2
44 3
47 2
48 2
51 3
54 3
65 3
fl=./string/../sysdeps/x86_64/multiarch/strchrnul.c
fn=strchrnul
31 3
fl=./string/../sysdeps/x86_64/multiarch/strcmp-avx2.S
fn=__strncmp_avx2
206 5
230 5
235 5
249 5
274 5
275 5
276 5
278 5
279 5
283 4
287 4
289 4
291 4
294 4
296 4
297 4
308 4
318 4
319 4
322 4
326 8
331 4
332 4
333 4
957 1
958 1
959 1
960 1
962 1
965 1
966 1
993 1
994 1
995 1
996 1
997 1
998 1
1000 1
1047 1
1048 1
1051 1
1052 1
1053 1
1056 2
1063 1
1064 1
1065 1
1066 1
1076 1
1077 1
1080 1
1081 1
1082 1
1083 1
1089 1
1091 1
1094 1
1095 1
fl=./string/../sysdeps/x86_64/multiarch/strcmp.c
fn=strcmp
47 4
48 2
49 3
52 2
53 2
56 3
59 3
79 3
fl=./string/../sysdeps/x86_64/multiarch/strcpy.c
fn=strcpy
29 3
fl=./string/../sysdeps/x86_64/multiarch/strcspn.c
fn=strcspn
29 2
fl=./string/../sysdeps/x86_64/multiarch/strlen-avx2.S
fn=__strlen_avx2
52 3302960
65 3302960
66 3302960
67 3302960
70 3302960
72 3302960
73 3302960
76 3302960
77 3302960
85 3302960
86 3302960
87 3302949
92 6605898
118 5
131 5
132 5
133 5
139 10
143 6
156 6
157 6
158 6
164 12
221 11
236 11
242 11
243 11
244 11
246 6
247 6
248 6
249 6
fl=./string/../sysdeps/x86_64/multiarch/strlen.c
fn=strlen
29 9
fl=./string/../sysdeps/x86_64/multiarch/strncase.c
fn=strncasecmp
31 3
fl=./string/../sysdeps/x86_64/multiarch/strncase_l.c
fn=strncasecmp_l
31 3
fl=./string/../sysdeps/x86_64/multiarch/strncmp.c
fn=strncmp
43 4
44 2
45 3
48 2
49 2
52 3
55 5
67 3
fl=./string/../sysdeps/x86_64/multiarch/strncpy.c
fn=strncpy
29 3
fl=./string/../sysdeps/x86_64/multiarch/strnlen.c
fn=strnlen
31 6
fl=./string/../sysdeps/x86_64/multiarch/strpbrk.c
fn=strpbrk
29 2
fl=./string/../sysdeps/x86_64/multiarch/strrchr-avx2.S
fn=__strrchr_avx2
53 1
54 1
55 1
57 1
58 1
62 1
63 1
64 1
322 1
323 1
324 1
325 1
326 1
329 1
330 1
331 1
332 1
333 1
337 1
338 1
340 1
341 1
342 1
343 1
348 2
fl=./string/../sysdeps/x86_64/multiarch/strrchr.c
fn=rindex
28 3
fl=./string/../sysdeps/x86_64/multiarch/strspn.c
fn=strspn
29 2
fl=./string/./string/strdup.c
fn=strdup
40 84
41 28
44 28
47 56
48 42
fl=./sunrpc/./sunrpc/rpc_thread.c
fn=__rpc_thread_destroy
21 90
22 36
24 36
39 72
fl=./time/../sysdeps/unix/sysv/linux/clock_gettime.c
fn=clock_gettime@@GLIBC_2.17
30 604
38 1208
40 1208
44 1208
68 1208
69 1208
fl=./time/../sysdeps/unix/sysv/linux/clock_nanosleep.c
fn=clock_nanosleep@@GLIBC_2.17
63 216
64 90
66 36
78 288
80 72
113 18
114 198
fl=./wcsmbs/../sysdeps/x86_64/multiarch/ifunc-avx2.h
fn=wcschr
38 8
40 6
41 4
42 6
45 4
46 4
49 6
52 12
fn=wcscmp
38 4
40 3
41 2
42 3
45 2
46 2
49 3
52 6
fl=./wcsmbs/../sysdeps/x86_64/multiarch/ifunc-evex.h
fn=wmemchr
37 8
38 6
39 6
42 4
43 4
45 4
51 6
54 8
fl=./wcsmbs/../sysdeps/x86_64/multiarch/ifunc-memcmp.h
fn=wmemcmp
34 5
35 2
36 2
37 3
40 2
41 2
44 3
47 4
fl=./wcsmbs/../sysdeps/x86_64/multiarch/ifunc-wcs.h
fn=wcpncpy
39 4
40 3
41 3
44 2
45 3
48 4
fn=wcscat
39 4
40 3
41 3
44 2
45 3
48 4
fn=wcsncpy
39 4
40 3
41 3
44 2
45 3
48 4
fl=./wcsmbs/../sysdeps/x86_64/multiarch/ifunc-wcslen.h
fn=wcslen
40 4
41 2
42 3
45 2
46 2
49 3
52 3
fn=wcsnlen
40 4
41 2
42 3
45 2
46 2
49 3
52 3
fl=./wcsmbs/../sysdeps/x86_64/multiarch/ifunc-wmemset.h
fn=wmemset
36 10
37 6
fl=./wcsmbs/../sysdeps/x86_64/multiarch/wcpcpy.c
fn=wcpncpy
31 1
fl=./wcsmbs/../sysdeps/x86_64/multiarch/wcpncpy.c
fn=wcpncpy
31 1
fl=./wcsmbs/../sysdeps/x86_64/multiarch/wcscat.c
fn=wcscat
31 2
fn=wcschr
31 2
fl=./wcsmbs/../sysdeps/x86_64/multiarch/wcschr.c
fn=wcschr
31 4
fl=./wcsmbs/../sysdeps/x86_64/multiarch/wcscmp.c
fn=wcscmp
30 3
fl=./wcsmbs/../sysdeps/x86_64/multiarch/wcscpy.c
fn=wcscpy
42 4
43 2
44 3
46 2
47 3
50 3
60 2
fl=./wcsmbs/../sysdeps/x86_64/multiarch/wcslen.c
fn=wcslen
29 3
fl=./wcsmbs/../sysdeps/x86_64/multiarch/wcsncpy.c
fn=wcsncpy
31 2
fl=./wcsmbs/../sysdeps/x86_64/multiarch/wcsnlen.c
fn=wcsnlen
30 3
fl=./wcsmbs/../sysdeps/x86_64/multiarch/wmemchr.c
fn=wmemchr
31 4
fl=./wcsmbs/../sysdeps/x86_64/multiarch/wmemcmp.c
fn=wmemcmp
29 4
fl=./wcsmbs/../sysdeps/x86_64/multiarch/wmemset.c
fn=wmemset
31 4
fl=./wcsmbs/./wcsmbs/btowc.c
fn=btowc
32 2560
37 1792
42 512
46 384
47 256
48 256
52 512
55 1152
94 1792
fl=./wcsmbs/./wcsmbs/wctob.c
fn=wctob
30 1280
39 384
44 256
45 128
79 1152
fl=./wcsmbs/./wcsmbsload.h
fn=btowc
69 128
70 384
fl=./wctype/./wctype/wctype_l.c
fn=wctype_l
26 110
29 20
32 30
33 68
35 174
37 410
40 48
41 96
45 20
46 10
47 80
fl=/home/ray847/projects/DataStructures/PJ/src/Global.h
fn=__static_initialization_and_destruction_0()
95 10
fl=/home/ray847/projects/DataStructures/PJ/src/TestBench.cpp
fn=(anonymous namespace)::LoadBaseFromFile(global::DataSetInfo const&)
29 22
30 44
31 36
32 16
34 22
35 65600038
36 18
37 4
38 24
fn=(anonymous namespace)::LoadDataset(global::DataSetInfo const&)
70 20
71 36
72 6
73 10
74 8
75 8
78 28
79 28
80 28
82 10
83 2
84 14
fn=(anonymous namespace)::LoadLabelsFromFile(global::DataSetInfo const&)
53 22
54 44
55 36
56 16
58 32
59 3038
60 600
61 1000
62 1800
63 43800
64 1200
65 18
66 4
67 24
fn=(anonymous namespace)::LoadSamplesFromFile(global::DataSetInfo const&)
40 22
41 44
42 36
43 16
45 38
46 3038
47 459800
49 18
50 4
51 24
fn=(anonymous namespace)::LoadedDataset::LoadedDataset()
19 44
fn=(anonymous namespace)::LoadedDataset::~LoadedDataset()
19 44
fn=_GLOBAL__sub_I_main
204 6
fn=__static_initialization_and_destruction_0()
204 6
fn=main
147 9
175 5
176 5
177 11
184 3
188 5
189 5
197 3
203 1
204 9
fn=void (anonymous namespace)::RunTest<TunableHNSW::HNSWConfig<128, true, (TunableHNSW::SearchStrategy)0, (TunableHNSW::QuantizationStrategy)0, (TunableHNSW::IndexStrategy)0, 32ul, 64ul, 300ul, 100ul, 16, 100, 0, 0ul, 0, 0, 0ul, false> >((anonymous namespace)::LoadedDataset const&, std::basic_string_view<char, std::char_traits<char> >)
88 19
90 4
95 5
96 26
97 5
109 5
110 16
112 9
113 2
116 9
118 2
119 9
121 9
122 2
123 506
124 2400
126 2
127 9
130 1
131 1107
132 2900
133 3400
134 22998
137 20
139 37
140 42
141 23
142 5
143 18
fl=/home/ray847/projects/DataStructures/PJ/src/TunableHNSW/../Eigen/src/Core/util/IndexedViewHelper.h
fn=Eigen::internal::all_t::all_t()
137 7
fn=__static_initialization_and_destruction_0()
38 3
57 6
171 3
fl=/home/ray847/projects/DataStructures/PJ/src/TunableHNSW/../Eigen/src/Core/util/IntegralConstant.h
fn=Eigen::internal::FixedInt<1>::FixedInt()
56 7
fn=Eigen::internal::FixedInt<1>::operator()() const
82 7
fn=__static_initialization_and_destruction_0()
189 3
fl=/home/ray847/projects/DataStructures/PJ/src/TunableHNSW/../Eigen/src/Core/util/SymbolicIndex.h
fn=Eigen::symbolic::AddExpr<Eigen::symbolic::SymbolExpr<Eigen::internal::symbolic_last_tag>, Eigen::symbolic::ValueExpr<Eigen::internal::FixedInt<1> > > Eigen::symbolic::BaseExpr<Eigen::symbolic::SymbolExpr<Eigen::internal::symbolic_last_tag> >::operator+<1>(Eigen::internal::FixedInt<1>) const
117 8
118 18
fn=Eigen::symbolic::AddExpr<Eigen::symbolic::SymbolExpr<Eigen::internal::symbolic_last_tag>, Eigen::symbolic::ValueExpr<Eigen::internal::FixedInt<1> > >::AddExpr(Eigen::symbolic::SymbolExpr<Eigen::internal::symbolic_last_tag> const&, Eigen::symbolic::ValueExpr<Eigen::internal::FixedInt<1> > const&)
254 9
fn=Eigen::symbolic::BaseExpr<Eigen::symbolic::SymbolExpr<Eigen::internal::symbolic_last_tag> >::derived() const
80 7
fn=Eigen::symbolic::SymbolExpr<Eigen::internal::symbolic_last_tag>::SymbolExpr()
219 7
fn=Eigen::symbolic::ValueExpr<Eigen::internal::FixedInt<1> >::ValueExpr()
66 7
fl=/home/ray847/projects/DataStructures/PJ/src/TunableHNSW/Distance.h
fn=TunableHNSW::Distance<128, true, void>::L2Sq(float const*, float const*)
107 138416754
109 19773822
111 1067786388
112 2531049216
113 3796573824
114 2214668064
115 316381152
118 19773822
119 138416754
120 98869110
121 98869110
122 59321466
125 39547644
fl=/home/ray847/projects/DataStructures/PJ/src/TunableHNSW/HNSW.h
fn=TunableHNSW::HNSW<TunableHNSW::HNSWConfig<128, true, (TunableHNSW::SearchStrategy)0, (TunableHNSW::QuantizationStrategy)0, (TunableHNSW::IndexStrategy)0, 32ul, 64ul, 300ul, 100ul, 16, 100, 0, 0ul, 0, 0, 0ul, false> >::AddConnection_(int, int, int)
420 1201596
422 801064
423 901197
424 901197
425 600798
426 901197
427 7589969
428 15950945
429 498879
430 400528
431 700875
432 1101375
434 21
435 42
436 1827
437 12544
438 133
439 7
440 70
442 63
443 21
444 1101462
fn=TunableHNSW::HNSW<TunableHNSW::HNSWConfig<128, true, (TunableHNSW::SearchStrategy)0, (TunableHNSW::QuantizationStrategy)0, (TunableHNSW::IndexStrategy)0, 32ul, 64ul, 300ul, 100ul, 16, 100, 0, 0ul, 0, 0, 0ul, false> >::Build(std::vector<float, std::allocator<float> > const&)
77 8
78 12
79 5
80 7
81 7
83 3
86 20
88 5
89 3
92 9
123 6
fn=TunableHNSW::HNSW<TunableHNSW::HNSWConfig<128, true, (TunableHNSW::SearchStrategy)0, (TunableHNSW::QuantizationStrategy)0, (TunableHNSW::IndexStrategy)0, 32ul, 64ul, 300ul, 100ul, 16, 100, 0, 0ul, 0, 0, 0ul, false> >::BuildGraphConcurrently_()
247 9
248 1
249 2
250 2
251 4
260 3
261 5
262 113
263 108
267 1
268 191
269 306
270 54
271 304
272 32
274 162
276 9
279 343
280 9
fn=TunableHNSW::HNSW<TunableHNSW::HNSWConfig<128, true, (TunableHNSW::SearchStrategy)0, (TunableHNSW::QuantizationStrategy)0, (TunableHNSW::IndexStrategy)0, 32ul, 64ul, 300ul, 100ul, 16, 100, 0, 0ul, 0, 0, 0ul, false> >::BuildGraphConcurrently_()::{lambda(int)#1}::operator()(int) const
251 306
252 54
253 126
254 9999
255 60102
256 50103
257 69993
259 54
fn=TunableHNSW::HNSW<TunableHNSW::HNSWConfig<128, true, (TunableHNSW::SearchStrategy)0, (TunableHNSW::QuantizationStrategy)0, (TunableHNSW::IndexStrategy)0, 32ul, 64ul, 300ul, 100ul, 16, 100, 0, 0ul, 0, 0, 0ul, false> >::DistSqFP_(int, int)
182 43073030
183 30766450
184 67686190
185 36919740
186 12306580
fn=TunableHNSW::HNSW<TunableHNSW::HNSWConfig<128, true, (TunableHNSW::SearchStrategy)0, (TunableHNSW::QuantizationStrategy)0, (TunableHNSW::IndexStrategy)0, 32ul, 64ul, 300ul, 100ul, 16, 100, 0, 0ul, 0, 0, 0ul, false> >::GetLinkOffset_(int) const
290 15633280
291 9899323
292 6253312
fn=TunableHNSW::HNSW<TunableHNSW::HNSWConfig<128, true, (TunableHNSW::SearchStrategy)0, (TunableHNSW::QuantizationStrategy)0, (TunableHNSW::IndexStrategy)0, 32ul, 64ul, 300ul, 100ul, 16, 100, 0, 0ul, 0, 0, 0ul, false> >::GetNeighborsHeuristic_(int, std::vector<std::pair<float, int>, std::allocator<std::pair<float, int> > >&, int, int*, int&)
399 144928
402 51414
403 20704
404 51760
405 103520
406 44609710
407 14800890
408 2960178
409 34225808
410 110751030
411 2859887
412 2859887
415 7123848
417 62112
fn=TunableHNSW::HNSW<TunableHNSW::HNSWConfig<128, true, (TunableHNSW::SearchStrategy)0, (TunableHNSW::QuantizationStrategy)0, (TunableHNSW::IndexStrategy)0, 32ul, 64ul, 300ul, 100ul, 16, 100, 0, 0ul, 0, 0, 0ul, false> >::GetRandomLevel_(std::mersenne_twister_engine<unsigned long, 32ul, 624ul, 397ul, 31ul, 2567483615ul, 11ul, 4294967295ul, 7ul, 2636928640ul, 15ul, 4022730752ul, 18ul, 1812433253ul>&)
283 90000
284 70000
285 220000
286 10000
287 50000
fn=TunableHNSW::HNSW<TunableHNSW::HNSWConfig<128, true, (TunableHNSW::SearchStrategy)0, (TunableHNSW::QuantizationStrategy)0, (TunableHNSW::IndexStrategy)0, 32ul, 64ul, 300ul, 100ul, 16, 100, 0, 0ul, 0, 0, 0ul, false> >::HNSW()
54 6
55 3
56 43
69 4
fn=TunableHNSW::HNSW<TunableHNSW::HNSWConfig<128, true, (TunableHNSW::SearchStrategy)0, (TunableHNSW::QuantizationStrategy)0, (TunableHNSW::IndexStrategy)0, 32ul, 64ul, 300ul, 100ul, 16, 100, 0, 0ul, 0, 0, 0ul, false> >::InitializeNodes_()
231 11
232 4
233 50006
234 60000
235 80000
236 150000
237 170000
238 10000
239 31348
240 110000
242 2
243 8
244 7
fn=TunableHNSW::HNSW<TunableHNSW::HNSWConfig<128, true, (TunableHNSW::SearchStrategy)0, (TunableHNSW::QuantizationStrategy)0, (TunableHNSW::IndexStrategy)0, 32ul, 64ul, 300ul, 100ul, 16, 100, 0, 0ul, 0, 0, 0ul, false> >::Insert_(unsigned long, TunableHNSW::HNSW<TunableHNSW::HNSWConfig<128, true, (TunableHNSW::SearchStrategy)0, (TunableHNSW::QuantizationStrategy)0, (TunableHNSW::IndexStrategy)0, 32ul, 64ul, 300ul, 100ul, 16, 100, 0, 0ul, 0, 0, 0ul, false> >::VisitedList&)
295 109989
296 59994
297 79992
298 29997
299 29997
301 138498
302 19626
303 169078
304 45287
305 362296
306 362296
307 452870
308 271722
309 407583
310 407583
311 1544687
312 2306941
313 2636504
314 988689
315 69758
316 69758
317 34879
323 193095
325 124140
327 31035
328 41380
329 17830753
330 23677784
331 8879169
333 62070
334 144830
335 10345
336 124140
338 144830
339 452257
340 1401862
341 124140
344 49995
345 6
346 5
347 3
348 4
350 3
352 49995
354 69993
fn=TunableHNSW::HNSW<TunableHNSW::HNSWConfig<128, true, (TunableHNSW::SearchStrategy)0, (TunableHNSW::QuantizationStrategy)0, (TunableHNSW::IndexStrategy)0, 32ul, 64ul, 300ul, 100ul, 16, 100, 0, 0ul, 0, 0, 0ul, false> >::Node::Node()
148 200000
fn=TunableHNSW::HNSW<TunableHNSW::HNSWConfig<128, true, (TunableHNSW::SearchStrategy)0, (TunableHNSW::QuantizationStrategy)0, (TunableHNSW::IndexStrategy)0, 32ul, 64ul, 300ul, 100ul, 16, 100, 0, 0ul, 0, 0, 0ul, false> >::Node::~Node()
141 200000
fn=TunableHNSW::HNSW<TunableHNSW::HNSWConfig<128, true, (TunableHNSW::SearchStrategy)0, (TunableHNSW::QuantizationStrategy)0, (TunableHNSW::IndexStrategy)0, 32ul, 64ul, 300ul, 100ul, 16, 100, 0, 0ul, 0, 0, 0ul, false> >::PrintMetricsReport_() const
848 6
850 5
851 5
852 9
854 5
855 5
856 5
857 15
858 15
859 26
860 5
861 5
862 15
863 30
864 6
865 84
866 27
869 5
871 4
fn=TunableHNSW::HNSW<TunableHNSW::HNSWConfig<128, true, (TunableHNSW::SearchStrategy)0, (TunableHNSW::QuantizationStrategy)0, (TunableHNSW::IndexStrategy)0, 32ul, 64ul, 300ul, 100ul, 16, 100, 0, 0ul, 0, 0, 0ul, false> >::QueryDistSqFP_(float const*, int)
188 95343724
189 68102660
190 149825852
191 27241064
fn=TunableHNSW::HNSW<TunableHNSW::HNSWConfig<128, true, (TunableHNSW::SearchStrategy)0, (TunableHNSW::QuantizationStrategy)0, (TunableHNSW::IndexStrategy)0, 32ul, 64ul, 300ul, 100ul, 16, 100, 0, 0ul, 0, 0, 0ul, false> >::Search(std::vector<float, std::allocator<float> > const&, int*)
125 700
131 600
133 300
fn=TunableHNSW::HNSW<TunableHNSW::HNSWConfig<128, true, (TunableHNSW::SearchStrategy)0, (TunableHNSW::QuantizationStrategy)0, (TunableHNSW::IndexStrategy)0, 32ul, 64ul, 300ul, 100ul, 16, 100, 0, 0ul, 0, 0, 0ul, false> >::SearchFP_(std::vector<float, std::allocator<float> > const&, int*)
447 1100
449 510
450 1107
451 400
452 400
453 300
454 800
456 1200
457 400
458 200
459 1788
460 494
461 3952
462 4940
463 4446
464 2964
465 4446
466 21022
467 32466
468 18552
469 58016
472 37104
473 13914
474 866
475 866
476 433
480 400
481 1200
482 800
483 1200
484 800
487 200
489 300
490 400
494 300
495 1100
496 1100
497 600
498 60766
499 131443
500 30333
501 131743
502 300
503 100
504 90099
505 70077
506 50055
507 90099
508 949995
509 1574895
510 2024865
511 790816
512 990336
513 444760
514 237776
515 237776
516 151312
517 35148
522 300
582 200
583 600
584 1000
586 300
588 100
589 300
590 60700
591 80000
592 30000
594 1000
595 17300
596 2300
597 9000
599 300
600 1200
fn=TunableHNSW::HNSW<TunableHNSW::HNSWConfig<128, true, (TunableHNSW::SearchStrategy)0, (TunableHNSW::QuantizationStrategy)0, (TunableHNSW::IndexStrategy)0, 32ul, 64ul, 300ul, 100ul, 16, 100, 0, 0ul, 0, 0, 0ul, false> >::SearchLayerFP_(float const*, int, int, int, TunableHNSW::HNSW<TunableHNSW::HNSWConfig<128, true, (TunableHNSW::SearchStrategy)0, (TunableHNSW::QuantizationStrategy)0, (TunableHNSW::IndexStrategy)0, 32ul, 64ul, 300ul, 100ul, 16, 100, 0, 0ul, 0, 0, 0ul, false> >::VisitedList&)
357 165520
361 31035
363 31035
364 31035
365 82760
366 113795
367 113795
368 51725
369 17834731
370 38608635
371 38637162
372 57054
373 9509
374 8881158
375 26643474
376 26643474
377 17762316
378 26643474
379 240867914
380 395615472
381 226065984
382 749785708
385 452131968
386 105053976
387 220430941
388 51756551
389 51756551
390 47613558
395 30199
396 103450
fn=TunableHNSW::HNSW<TunableHNSW::HNSWConfig<128, true, (TunableHNSW::SearchStrategy)0, (TunableHNSW::QuantizationStrategy)0, (TunableHNSW::IndexStrategy)0, 32ul, 64ul, 300ul, 100ul, 16, 100, 0, 0ul, 0, 0, 0ul, false> >::VisitedList::advance()
169 94005
170 114895
174 73115
fn=TunableHNSW::HNSW<TunableHNSW::HNSWConfig<128, true, (TunableHNSW::SearchStrategy)0, (TunableHNSW::QuantizationStrategy)0, (TunableHNSW::IndexStrategy)0, 32ul, 64ul, 300ul, 100ul, 16, 100, 0, 0ul, 0, 0, 0ul, false> >::VisitedList::resize(unsigned long)
168 418
fn=TunableHNSW::HNSW<TunableHNSW::HNSWConfig<128, true, (TunableHNSW::SearchStrategy)0, (TunableHNSW::QuantizationStrategy)0, (TunableHNSW::IndexStrategy)0, 32ul, 64ul, 300ul, 100ul, 16, 100, 0, 0ul, 0, 0, 0ul, false> >::VisitedList::visit(int)
175 397263482
176 824796802
177 119169396
178 13241044
179 170255778
fn=TunableHNSW::HNSW<TunableHNSW::HNSWConfig<128, true, (TunableHNSW::SearchStrategy)0, (TunableHNSW::QuantizationStrategy)0, (TunableHNSW::IndexStrategy)0, 32ul, 64ul, 300ul, 100ul, 16, 100, 0, 0ul, 0, 0, 0ul, false> >::VisitedList::~VisitedList()
165 209
fn=TunableHNSW::HNSW<TunableHNSW::HNSWConfig<128, true, (TunableHNSW::SearchStrategy)0, (TunableHNSW::QuantizationStrategy)0, (TunableHNSW::IndexStrategy)0, 32ul, 64ul, 300ul, 100ul, 16, 100, 0, 0ul, 0, 0, 0ul, false> >::~HNSW()
71 5
73 3
75 22
fl=/home/ray847/projects/DataStructures/PJ/src/TunableHNSW/Metrics.h
fn=TunableHNSW::HNSWMetrics<16>::HNSWMetrics()
17 26
18 3
19 6
fn=TunableHNSW::HNSWMetrics<16>::add_navigation_time(int, long long)
43 2100
45 1200
46 3300
49 900
fn=TunableHNSW::HNSWMetrics<16>::increment_distance_calculations(long long)
31 98869110
33 98869110
35 59321466
fn=TunableHNSW::HNSWMetrics<16>::increment_search_count()
37 400
39 500
41 300
fn=TunableHNSW::HNSWMetrics<16>::reset()
21 5
23 4
24 5
25 55
26 170
29 4
fn=TunableHNSW::HNSWMetrics<16>::~HNSWMetrics()
11 12
fl=/usr/include/c++/13/array
fn=std::array<std::__format::_Arg_t, 1ul>::begin() const
131 30
132 30
fn=std::array<std::__format::_Arg_t, 1ul>::data() const
281 36
282 27
fn=std::array<std::__format::_Arg_t, 1ul>::end() const
141 15
142 18
fn=std::array<std::__format::_Arg_t, 1ul>::rbegin() const
151 18
152 33
fn=std::array<std::__format::_Arg_t, 1ul>::rend() const
161 36
162 66
fn=std::array<std::__format::_Arg_t, 2ul>::begin() const
131 15
132 15
fn=std::array<std::__format::_Arg_t, 2ul>::data() const
281 16
282 12
fn=std::array<std::__format::_Arg_t, 2ul>::end() const
141 5
142 6
fn=std::array<std::__format::_Arg_t, 2ul>::rbegin() const
151 6
152 11
fn=std::array<std::__format::_Arg_t, 2ul>::rend() const
161 18
162 33
fl=/usr/include/c++/13/atomic
fn=std::atomic<long long>::atomic()
919 187
fn=std::atomic<long long>::atomic(long long)
925 28
fn=std::atomic<unsigned long>::atomic()
896 11
fl=/usr/include/c++/13/bit
fn=int std::__bit_width<unsigned int>(unsigned int)
365 20
367 4
368 24
369 8
fn=int std::__bit_width<unsigned long>(unsigned long)
365 51760
367 10352
368 62112
369 20704
fn=int std::__countl_zero<unsigned int>(unsigned int)
195 16
198 4
200 8
203 4
204 4
205 4
209 4
210 12
237 8
fn=int std::__countl_zero<unsigned long>(unsigned long)
195 41408
198 10352
200 20704
203 10352
204 10352
205 10352
214 10352
215 31056
237 20704
fl=/usr/include/c++/13/bits/alloc_traits.h
fn=std::_Vector_base<TunableHNSW::HNSW<TunableHNSW::HNSWConfig<128, true, (TunableHNSW::SearchStrategy)0, (TunableHNSW::QuantizationStrategy)0, (TunableHNSW::IndexStrategy)0, 32ul, 64ul, 300ul, 100ul, 16, 100, 0, 0ul, 0, 0, 0ul, false> >::Node, std::allocator<TunableHNSW::HNSW<TunableHNSW::HNSWConfig<128, true, (TunableHNSW::SearchStrategy)0, (TunableHNSW::QuantizationStrategy)0, (TunableHNSW::IndexStrategy)0, 32ul, 64ul, 300ul, 100ul, 16, 100, 0, 0ul, 0, 0, 0ul, false> >::Node> >::_M_allocate(unsigned long)
482 2
fn=std::_Vector_base<TunableHNSW::HNSW<TunableHNSW::HNSWConfig<128, true, (TunableHNSW::SearchStrategy)0, (TunableHNSW::QuantizationStrategy)0, (TunableHNSW::IndexStrategy)0, 32ul, 64ul, 300ul, 100ul, 16, 100, 0, 0ul, 0, 0, 0ul, false> >::Node, std::allocator<TunableHNSW::HNSW<TunableHNSW::HNSWConfig<128, true, (TunableHNSW::SearchStrategy)0, (TunableHNSW::QuantizationStrategy)0, (TunableHNSW::IndexStrategy)0, 32ul, 64ul, 300ul, 100ul, 16, 100, 0, 0ul, 0, 0, 0ul, false> >::Node> >::_M_deallocate(TunableHNSW::HNSW<TunableHNSW::HNSWConfig<128, true, (TunableHNSW::SearchStrategy)0, (TunableHNSW::QuantizationStrategy)0, (TunableHNSW::IndexStrategy)0, 32ul, 64ul, 300ul, 100ul, 16, 100, 0, 0ul, 0, 0, 0ul, false> >::Node*, unsigned long)
517 1
fn=std::_Vector_base<float, std::allocator<float> >::_M_allocate(unsigned long)
482 410
fn=std::_Vector_base<float, std::allocator<float> >::_M_deallocate(float*, unsigned long)
517 205
fn=std::_Vector_base<int, std::allocator<int> >::_M_allocate(unsigned long)
482 40202
fn=std::_Vector_base<int, std::allocator<int> >::_M_deallocate(int*, unsigned long)
517 20101
fn=std::_Vector_base<std::atomic<long long>, std::allocator<std::atomic<long long> > >::_M_allocate(unsigned long)
482 2
fn=std::_Vector_base<std::atomic<long long>, std::allocator<std::atomic<long long> > >::_M_deallocate(std::atomic<long long>*, unsigned long)
517 1
fn=std::_Vector_base<std::pair<float, int>, std::allocator<std::pair<float, int> > >::_M_allocate(unsigned long)
482 429636
fn=std::_Vector_base<std::pair<float, int>, std::allocator<std::pair<float, int> > >::_M_deallocate(std::pair<float, int>*, unsigned long)
517 214818
fn=std::_Vector_base<std::thread, std::allocator<std::thread> >::_M_allocate(unsigned long)
482 2
fn=std::_Vector_base<std::thread, std::allocator<std::thread> >::_M_deallocate(std::thread*, unsigned long)
517 1
fn=std::_Vector_base<std::vector<float, std::allocator<float> >, std::allocator<std::vector<float, std::allocator<float> > > >::_M_allocate(unsigned long)
482 4
fn=std::_Vector_base<std::vector<float, std::allocator<float> >, std::allocator<std::vector<float, std::allocator<float> > > >::_M_deallocate(std::vector<float, std::allocator<float> >*, unsigned long)
517 2
fn=std::_Vector_base<std::vector<int, std::allocator<int> >, std::allocator<std::vector<int, std::allocator<int> > > >::_M_allocate(unsigned long)
482 2
fn=std::_Vector_base<std::vector<int, std::allocator<int> >, std::allocator<std::vector<int, std::allocator<int> > > >::_M_deallocate(std::vector<int, std::allocator<int> >*, unsigned long)
517 1
fn=std::_Vector_base<std::vector<unsigned long, std::allocator<unsigned long> >, std::allocator<std::vector<unsigned long, std::allocator<unsigned long> > > >::_M_allocate(unsigned long)
482 4
fn=std::_Vector_base<std::vector<unsigned long, std::allocator<unsigned long> >, std::allocator<std::vector<unsigned long, std::allocator<unsigned long> > > >::_M_deallocate(std::vector<unsigned long, std::allocator<unsigned long> >*, unsigned long)
517 2
fn=std::_Vector_base<unsigned long, std::allocator<unsigned long> >::_M_allocate(unsigned long)
482 404
fn=std::_Vector_base<unsigned long, std::allocator<unsigned long> >::_M_deallocate(unsigned long*, unsigned long)
517 202
fn=std::_Vector_base<unsigned short, std::allocator<unsigned short> >::_M_allocate(unsigned long)
482 38
fn=std::_Vector_base<unsigned short, std::allocator<unsigned short> >::_M_deallocate(unsigned short*, unsigned long)
517 19
fn=std::__cxx11::basic_string<char, std::char_traits<char>, std::allocator<char> >::_M_destroy(unsigned long)
517 210
fn=std::__cxx11::basic_string<char, std::char_traits<char>, std::allocator<char> >::_S_allocate(std::allocator<char>&, unsigned long)
482 410
fn=std::__cxx11::basic_string<char, std::char_traits<char>, std::allocator<char> >::max_size() const
576 419
fn=std::__detail::_Hash_node<int, false>* std::__detail::_Hashtable_alloc<std::allocator<std::__detail::_Hash_node<int, false> > >::_M_allocate_node<int&>(int&)
482 1000
540 8000
542 1000
fn=std::__detail::_Hashtable_alloc<std::allocator<std::__detail::_Hash_node<int, false> > >::_M_allocate_buckets(unsigned long)
482 100
fn=std::__detail::_Hashtable_alloc<std::allocator<std::__detail::_Hash_node<int, false> > >::_M_deallocate_buckets(std::__detail::_Hash_node_base**, unsigned long)
517 100
fn=std::__detail::_Hashtable_alloc<std::allocator<std::__detail::_Hash_node<int, false> > >::_M_deallocate_node(std::__detail::_Hash_node<int, false>*)
560 3000
562 1000
fn=std::__detail::_Hashtable_alloc<std::allocator<std::__detail::_Hash_node<int, false> > >::_M_deallocate_node_ptr(std::__detail::_Hash_node<int, false>*)
517 1000
fn=std::pair<float, int>& std::vector<std::pair<float, int>, std::allocator<std::pair<float, int> > >::emplace_back<std::pair<float, int> >(std::pair<float, int>&&)
540 74169544
542 9271193
fn=std::thread& std::vector<std::thread, std::allocator<std::thread> >::emplace_back<TunableHNSW::HNSW<TunableHNSW::HNSWConfig<128, true, (TunableHNSW::SearchStrategy)0, (TunableHNSW::QuantizationStrategy)0, (TunableHNSW::IndexStrategy)0, 32ul, 64ul, 300ul, 100ul, 16, 100, 0, 0ul, 0, 0, 0ul, false> >::BuildGraphConcurrently_()::{lambda(int)#1}&, unsigned int&>(TunableHNSW::HNSW<TunableHNSW::HNSWConfig<128, true, (TunableHNSW::SearchStrategy)0, (TunableHNSW::QuantizationStrategy)0, (TunableHNSW::IndexStrategy)0, 32ul, 64ul, 300ul, 100ul, 16, 100, 0, 0ul, 0, 0, 0ul, false> >::BuildGraphConcurrently_()::{lambda(int)#1}&, unsigned int&)
540 234
542 18
fn=std::vector<TunableHNSW::HNSW<TunableHNSW::HNSWConfig<128, true, (TunableHNSW::SearchStrategy)0, (TunableHNSW::QuantizationStrategy)0, (TunableHNSW::IndexStrategy)0, 32ul, 64ul, 300ul, 100ul, 16, 100, 0, 0ul, 0, 0, 0ul, false> >::Node, std::allocator<TunableHNSW::HNSW<TunableHNSW::HNSWConfig<128, true, (TunableHNSW::SearchStrategy)0, (TunableHNSW::QuantizationStrategy)0, (TunableHNSW::IndexStrategy)0, 32ul, 64ul, 300ul, 100ul, 16, 100, 0, 0ul, 0, 0, 0ul, false> >::Node> >::_S_max_size(std::allocator<TunableHNSW::HNSW<TunableHNSW::HNSWConfig<128, true, (TunableHNSW::SearchStrategy)0, (TunableHNSW::QuantizationStrategy)0, (TunableHNSW::IndexStrategy)0, 32ul, 64ul, 300ul, 100ul, 16, 100, 0, 0ul, 0, 0, 0ul, false> >::Node> const&)
576 4
fn=std::vector<TunableHNSW::HNSW<TunableHNSW::HNSWConfig<128, true, (TunableHNSW::SearchStrategy)0, (TunableHNSW::QuantizationStrategy)0, (TunableHNSW::IndexStrategy)0, 32ul, 64ul, 300ul, 100ul, 16, 100, 0, 0ul, 0, 0, 0ul, false> >::Node, std::allocator<TunableHNSW::HNSW<TunableHNSW::HNSWConfig<128, true, (TunableHNSW::SearchStrategy)0, (TunableHNSW::QuantizationStrategy)0, (TunableHNSW::IndexStrategy)0, 32ul, 64ul, 300ul, 100ul, 16, 100, 0, 0ul, 0, 0, 0ul, false> >::Node> >::~vector()
948 5
949 1
fn=std::vector<float, std::allocator<float> >::_M_move_assign(std::vector<float, std::allocator<float> >&&, std::integral_constant<bool, true>)
755 6
759 2
fn=std::vector<float, std::allocator<float> >::_S_max_size(std::allocator<float> const&)
576 5
fn=std::vector<float, std::allocator<float> >::vector(std::vector<float, std::allocator<float> > const&)
588 200
fn=std::vector<float, std::allocator<float> >::~vector()
948 1045
949 209
fn=std::vector<int, std::allocator<int> >::_M_fill_insert(__gnu_cxx::__normal_iterator<int*, std::vector<int, std::allocator<int> > >, unsigned long, int const&)
948 50000
949 10000
fn=std::vector<int, std::allocator<int> >::_S_max_size(std::allocator<int> const&)
576 60001
fn=std::vector<int, std::allocator<int> >::vector(std::vector<int, std::allocator<int> > const&)
588 100
fn=std::vector<int, std::allocator<int> >::~vector()
948 100505
949 20101
fn=std::vector<std::atomic<long long>, std::allocator<std::atomic<long long> > >::_S_max_size(std::allocator<std::atomic<long long> > const&)
576 1
fn=std::vector<std::atomic<long long>, std::allocator<std::atomic<long long> > >::~vector()
948 5
949 1
fn=std::vector<std::pair<float, int>, std::allocator<std::pair<float, int> > >::_S_max_size(std::allocator<std::pair<float, int> > const&)
576 419284
fn=std::vector<std::pair<float, int>, std::allocator<std::pair<float, int> > >::pop_back()
560 23123097
562 7707699
fn=std::vector<std::pair<float, int>, std::allocator<std::pair<float, int> > >::push_back(std::pair<float, int> const&)
540 23751384
542 2968923
fn=std::vector<std::pair<float, int>, std::allocator<std::pair<float, int> > >::~vector()
948 156710
949 31342
fn=std::vector<std::thread, std::allocator<std::thread> >::_S_max_size(std::allocator<std::thread> const&)
576 1
fn=std::vector<std::thread, std::allocator<std::thread> >::~vector()
948 5
949 1
fn=std::vector<std::vector<float, std::allocator<float> >, std::allocator<std::vector<float, std::allocator<float> > > >::_M_move_assign(std::vector<std::vector<float, std::allocator<float> >, std::allocator<std::vector<float, std::allocator<float> > > >&&, std::integral_constant<bool, true>)
755 6
759 2
fn=std::vector<std::vector<float, std::allocator<float> >, std::allocator<std::vector<float, std::allocator<float> > > >::_S_max_size(std::allocator<std::vector<float, std::allocator<float> > > const&)
576 2
fn=std::vector<std::vector<float, std::allocator<float> >, std::allocator<std::vector<float, std::allocator<float> > > >::~vector()
948 30
949 6
fn=std::vector<std::vector<int, std::allocator<int> >, std::allocator<std::vector<int, std::allocator<int> > > >::_S_max_size(std::allocator<std::vector<int, std::allocator<int> > > const&)
576 1
fn=std::vector<std::vector<int, std::allocator<int> >, std::allocator<std::vector<int, std::allocator<int> > > >::~vector()
948 5
949 1
fn=std::vector<std::vector<unsigned long, std::allocator<unsigned long> >, std::allocator<std::vector<unsigned long, std::allocator<unsigned long> > > >::_M_move_assign(std::vector<std::vector<unsigned long, std::allocator<unsigned long> >, std::allocator<std::vector<unsigned long, std::allocator<unsigned long> > > >&&, std::integral_constant<bool, true>)
755 6
759 2
fn=std::vector<std::vector<unsigned long, std::allocator<unsigned long> >, std::allocator<std::vector<unsigned long, std::allocator<unsigned long> > > >::_S_max_size(std::allocator<std::vector<unsigned long, std::allocator<unsigned long> > > const&)
576 2
fn=std::vector<std::vector<unsigned long, std::allocator<unsigned long> >, std::allocator<std::vector<unsigned long, std::allocator<unsigned long> > > >::~vector()
948 30
949 6
fn=std::vector<unsigned char, std::allocator<unsigned char> >::~vector()
948 5
949 1
fn=std::vector<unsigned long, std::allocator<unsigned long> >::_S_max_size(std::allocator<unsigned long> const&)
576 2
fn=std::vector<unsigned long, std::allocator<unsigned long> >::vector(std::vector<unsigned long, std::allocator<unsigned long> > const&)
588 200
fn=std::vector<unsigned long, std::allocator<unsigned long> >::~vector()
948 1010
949 202
fn=std::vector<unsigned short, std::allocator<unsigned short> >::_M_fill_insert(__gnu_cxx::__normal_iterator<unsigned short*, std::vector<unsigned short, std::allocator<unsigned short> > >, unsigned long, unsigned short const&)
948 95
949 19
fn=std::vector<unsigned short, std::allocator<unsigned short> >::_S_max_size(std::allocator<unsigned short> const&)
576 38
fn=std::vector<unsigned short, std::allocator<unsigned short> >::~vector()
948 95
949 19
fn=void std::__relocate_object_a<std::pair<float, int>, std::pair<float, int>, std::allocator<std::pair<float, int> > >(std::pair<float, int>*, std::pair<float, int>*, std::allocator<std::pair<float, int> >&)
540 79363224
542 9920403
560 29761209
562 9920403
fn=void std::vector<float, std::allocator<float> >::_M_assign_aux<__gnu_cxx::__normal_iterator<float const*, std::vector<float, std::allocator<float> > > >(__gnu_cxx::__normal_iterator<float const*, std::vector<float, std::allocator<float> > >, __gnu_cxx::__normal_iterator<float const*, std::vector<float, std::allocator<float> > >, std::forward_iterator_tag)
948 5
949 1
fn=void std::vector<std::pair<float, int>, std::allocator<std::pair<float, int> > >::_M_realloc_insert<std::pair<float, int> >(__gnu_cxx::__normal_iterator<std::pair<float, int>*, std::vector<std::pair<float, int>, std::allocator<std::pair<float, int> > > >, std::pair<float, int>&&)
540 1629328
542 203666
fn=void std::vector<std::pair<float, int>, std::allocator<std::pair<float, int> > >::_M_realloc_insert<std::pair<float, int> const&>(__gnu_cxx::__normal_iterator<std::pair<float, int>*, std::vector<std::pair<float, int>, std::allocator<std::pair<float, int> > > >, std::pair<float, int> const&)
540 6400
542 800
fl=/usr/include/c++/13/bits/allocator.h
fn=(anonymous namespace)::LoadBaseFromFile(global::DataSetInfo const&)
163 4
184 4
fn=(anonymous namespace)::LoadLabelsFromFile(global::DataSetInfo const&)
163 10
184 6
fn=(anonymous namespace)::LoadSamplesFromFile(global::DataSetInfo const&)
163 10
184 6
fn=TunableHNSW::HNSWMetrics<16>::HNSWMetrics()
163 1
184 1
fn=std::_Hashtable<int, int, std::allocator<int>, std::__detail::_Identity, std::equal_to<int>, std::hash<int>, std::__detail::_Mod_range_hashing, std::__detail::_Default_ranged_hash, std::__detail::_Prime_rehash_policy, std::__detail::_Hashtable_traits<false, true, true> >::_Hashtable(std::hash<int> const&, std::equal_to<int> const&, std::allocator<int> const&)
178 100
184 100
fn=std::_Vector_base<TunableHNSW::HNSW<TunableHNSW::HNSWConfig<128, true, (TunableHNSW::SearchStrategy)0, (TunableHNSW::QuantizationStrategy)0, (TunableHNSW::IndexStrategy)0, 32ul, 64ul, 300ul, 100ul, 16, 100, 0, 0ul, 0, 0, 0ul, false> >::Node, std::allocator<TunableHNSW::HNSW<TunableHNSW::HNSWConfig<128, true, (TunableHNSW::SearchStrategy)0, (TunableHNSW::QuantizationStrategy)0, (TunableHNSW::IndexStrategy)0, 32ul, 64ul, 300ul, 100ul, 16, 100, 0, 0ul, 0, 0, 0ul, false> >::Node> >::_M_allocate(unsigned long)
191 3
198 7
fn=std::_Vector_base<TunableHNSW::HNSW<TunableHNSW::HNSWConfig<128, true, (TunableHNSW::SearchStrategy)0, (TunableHNSW::QuantizationStrategy)0, (TunableHNSW::IndexStrategy)0, 32ul, 64ul, 300ul, 100ul, 16, 100, 0, 0ul, 0, 0, 0ul, false> >::Node, std::allocator<TunableHNSW::HNSW<TunableHNSW::HNSWConfig<128, true, (TunableHNSW::SearchStrategy)0, (TunableHNSW::QuantizationStrategy)0, (TunableHNSW::IndexStrategy)0, 32ul, 64ul, 300ul, 100ul, 16, 100, 0, 0ul, 0, 0, 0ul, false> >::Node> >::_M_deallocate(TunableHNSW::HNSW<TunableHNSW::HNSWConfig<128, true, (TunableHNSW::SearchStrategy)0, (TunableHNSW::QuantizationStrategy)0, (TunableHNSW::IndexStrategy)0, 32ul, 64ul, 300ul, 100ul, 16, 100, 0, 0ul, 0, 0, 0ul, false> >::Node*, unsigned long)
205 3
210 6
fn=std::_Vector_base<TunableHNSW::HNSW<TunableHNSW::HNSWConfig<128, true, (TunableHNSW::SearchStrategy)0, (TunableHNSW::QuantizationStrategy)0, (TunableHNSW::IndexStrategy)0, 32ul, 64ul, 300ul, 100ul, 16, 100, 0, 0ul, 0, 0, 0ul, false> >::Node, std::allocator<TunableHNSW::HNSW<TunableHNSW::HNSWConfig<128, true, (TunableHNSW::SearchStrategy)0, (TunableHNSW::QuantizationStrategy)0, (TunableHNSW::IndexStrategy)0, 32ul, 64ul, 300ul, 100ul, 16, 100, 0, 0ul, 0, 0, 0ul, false> >::Node> >::_Vector_impl::_Vector_impl()
163 1
fn=std::_Vector_base<TunableHNSW::HNSW<TunableHNSW::HNSWConfig<128, true, (TunableHNSW::SearchStrategy)0, (TunableHNSW::QuantizationStrategy)0, (TunableHNSW::IndexStrategy)0, 32ul, 64ul, 300ul, 100ul, 16, 100, 0, 0ul, 0, 0, 0ul, false> >::Node, std::allocator<TunableHNSW::HNSW<TunableHNSW::HNSWConfig<128, true, (TunableHNSW::SearchStrategy)0, (TunableHNSW::QuantizationStrategy)0, (TunableHNSW::IndexStrategy)0, 32ul, 64ul, 300ul, 100ul, 16, 100, 0, 0ul, 0, 0, 0ul, false> >::Node> >::_Vector_impl::~_Vector_impl()
184 1
fn=std::_Vector_base<float, std::allocator<float> >::_M_allocate(unsigned long)
191 615
198 1435
fn=std::_Vector_base<float, std::allocator<float> >::_M_deallocate(float*, unsigned long)
205 615
210 1230
fn=std::_Vector_base<float, std::allocator<float> >::_Vector_impl::_Vector_impl()
163 3
fn=std::_Vector_base<float, std::allocator<float> >::_Vector_impl::_Vector_impl(std::allocator<float> const&)
168 206
fn=std::_Vector_base<float, std::allocator<float> >::_Vector_impl::~_Vector_impl()
184 209
fn=std::_Vector_base<float, std::allocator<float> >::get_allocator() const
168 2
fn=std::_Vector_base<int, std::allocator<int> >::_M_allocate(unsigned long)
191 60303
198 140707
fn=std::_Vector_base<int, std::allocator<int> >::_M_deallocate(int*, unsigned long)
205 60303
210 120606
fn=std::_Vector_base<int, std::allocator<int> >::_Vector_impl::_Vector_impl()
163 20000
fn=std::_Vector_base<int, std::allocator<int> >::_Vector_impl::_Vector_impl(std::allocator<int> const&)
168 101
fn=std::_Vector_base<int, std::allocator<int> >::_Vector_impl::~_Vector_impl()
184 20101
fn=std::_Vector_base<std::atomic<long long>, std::allocator<std::atomic<long long> > >::_M_allocate(unsigned long)
191 3
198 7
fn=std::_Vector_base<std::atomic<long long>, std::allocator<std::atomic<long long> > >::_M_deallocate(std::atomic<long long>*, unsigned long)
205 3
210 6
fn=std::_Vector_base<std::atomic<long long>, std::allocator<std::atomic<long long> > >::_Vector_impl::_Vector_impl(std::allocator<std::atomic<long long> > const&)
168 1
fn=std::_Vector_base<std::atomic<long long>, std::allocator<std::atomic<long long> > >::_Vector_impl::~_Vector_impl()
184 1
fn=std::_Vector_base<std::pair<float, int>, std::allocator<std::pair<float, int> > >::_M_allocate(unsigned long)
191 644454
198 1503726
fn=std::_Vector_base<std::pair<float, int>, std::allocator<std::pair<float, int> > >::_M_deallocate(std::pair<float, int>*, unsigned long)
205 644454
210 1288908
fn=std::_Vector_base<std::pair<float, int>, std::allocator<std::pair<float, int> > >::_Vector_impl::_Vector_impl()
163 20890
fn=std::_Vector_base<std::pair<float, int>, std::allocator<std::pair<float, int> > >::_Vector_impl::~_Vector_impl()
184 31342
fn=std::_Vector_base<std::thread, std::allocator<std::thread> >::_M_allocate(unsigned long)
191 3
198 7
fn=std::_Vector_base<std::thread, std::allocator<std::thread> >::_M_deallocate(std::thread*, unsigned long)
205 3
210 6
fn=std::_Vector_base<std::thread, std::allocator<std::thread> >::_Vector_impl::~_Vector_impl()
184 1
fn=std::_Vector_base<std::vector<float, std::allocator<float> >, std::allocator<std::vector<float, std::allocator<float> > > >::_M_allocate(unsigned long)
191 6
198 14
fn=std::_Vector_base<std::vector<float, std::allocator<float> >, std::allocator<std::vector<float, std::allocator<float> > > >::_M_deallocate(std::vector<float, std::allocator<float> >*, unsigned long)
205 6
210 12
fn=std::_Vector_base<std::vector<float, std::allocator<float> >, std::allocator<std::vector<float, std::allocator<float> > > >::_Vector_impl::_Vector_impl()
163 2
fn=std::_Vector_base<std::vector<float, std::allocator<float> >, std::allocator<std::vector<float, std::allocator<float> > > >::_Vector_impl::_Vector_impl(std::allocator<std::vector<float, std::allocator<float> > > const&)
168 4
fn=std::_Vector_base<std::vector<float, std::allocator<float> >, std::allocator<std::vector<float, std::allocator<float> > > >::_Vector_impl::~_Vector_impl()
184 6
fn=std::_Vector_base<std::vector<float, std::allocator<float> >, std::allocator<std::vector<float, std::allocator<float> > > >::get_allocator() const
168 2
fn=std::_Vector_base<std::vector<int, std::allocator<int> >, std::allocator<std::vector<int, std::allocator<int> > > >::_M_allocate(unsigned long)
191 3
198 7
fn=std::_Vector_base<std::vector<int, std::allocator<int> >, std::allocator<std::vector<int, std::allocator<int> > > >::_M_deallocate(std::vector<int, std::allocator<int> >*, unsigned long)
205 3
210 6
fn=std::_Vector_base<std::vector<int, std::allocator<int> >, std::allocator<std::vector<int, std::allocator<int> > > >::_Vector_impl::_Vector_impl(std::allocator<std::vector<int, std::allocator<int> > > const&)
168 1
fn=std::_Vector_base<std::vector<int, std::allocator<int> >, std::allocator<std::vector<int, std::allocator<int> > > >::_Vector_impl::~_Vector_impl()
184 1
fn=std::_Vector_base<std::vector<unsigned long, std::allocator<unsigned long> >, std::allocator<std::vector<unsigned long, std::allocator<unsigned long> > > >::_M_allocate(unsigned long)
191 6
198 14
fn=std::_Vector_base<std::vector<unsigned long, std::allocator<unsigned long> >, std::allocator<std::vector<unsigned long, std::allocator<unsigned long> > > >::_M_deallocate(std::vector<unsigned long, std::allocator<unsigned long> >*, unsigned long)
205 6
210 12
fn=std::_Vector_base<std::vector<unsigned long, std::allocator<unsigned long> >, std::allocator<std::vector<unsigned long, std::allocator<unsigned long> > > >::_Vector_impl::_Vector_impl()
163 2
fn=std::_Vector_base<std::vector<unsigned long, std::allocator<unsigned long> >, std::allocator<std::vector<unsigned long, std::allocator<unsigned long> > > >::_Vector_impl::_Vector_impl(std::allocator<std::vector<unsigned long, std::allocator<unsigned long> > > const&)
168 4
fn=std::_Vector_base<std::vector<unsigned long, std::allocator<unsigned long> >, std::allocator<std::vector<unsigned long, std::allocator<unsigned long> > > >::_Vector_impl::~_Vector_impl()
184 6
fn=std::_Vector_base<std::vector<unsigned long, std::allocator<unsigned long> >, std::allocator<std::vector<unsigned long, std::allocator<unsigned long> > > >::get_allocator() const
168 2
fn=std::_Vector_base<unsigned char, std::allocator<unsigned char> >::_Vector_impl::_Vector_impl()
163 1
fn=std::_Vector_base<unsigned char, std::allocator<unsigned char> >::_Vector_impl::~_Vector_impl()
184 1
fn=std::_Vector_base<unsigned long, std::allocator<unsigned long> >::_M_allocate(unsigned long)
191 606
198 1414
fn=std::_Vector_base<unsigned long, std::allocator<unsigned long> >::_M_deallocate(unsigned long*, unsigned long)
205 606
210 1212
fn=std::_Vector_base<unsigned long, std::allocator<unsigned long> >::_Vector_impl::_Vector_impl(std::allocator<unsigned long> const&)
168 202
fn=std::_Vector_base<unsigned long, std::allocator<unsigned long> >::_Vector_impl::~_Vector_impl()
184 202
fn=std::_Vector_base<unsigned short, std::allocator<unsigned short> >::_M_allocate(unsigned long)
191 57
198 133
fn=std::_Vector_base<unsigned short, std::allocator<unsigned short> >::_M_deallocate(unsigned short*, unsigned long)
205 57
210 114
fn=std::_Vector_base<unsigned short, std::allocator<unsigned short> >::_Vector_impl::~_Vector_impl()
184 19
fn=std::__cxx11::basic_string<char, std::char_traits<char>, std::allocator<char> >::_Alloc_hider::_Alloc_hider(char*, std::allocator<char> const&)
168 6
fn=std::__cxx11::basic_string<char, std::char_traits<char>, std::allocator<char> >::_Alloc_hider::_Alloc_hider(char*, std::allocator<char>&&)
168 216
fn=std::__cxx11::basic_string<char, std::char_traits<char>, std::allocator<char> >::_Alloc_hider::~_Alloc_hider()
184 222
fn=std::__cxx11::basic_string<char, std::char_traits<char>, std::allocator<char> >::_M_destroy(unsigned long)
205 630
210 1260
fn=std::__cxx11::basic_string<char, std::char_traits<char>, std::allocator<char> >::_S_allocate(std::allocator<char>&, unsigned long)
191 1230
198 2870
fn=std::__cxx11::basic_string<char, std::char_traits<char>, std::allocator<char> >::basic_string()
163 212
184 636
fn=std::__detail::_Hash_node<int, false>* std::__detail::_Hashtable_alloc<std::allocator<std::__detail::_Hash_node<int, false> > >::_M_allocate_node<int&>(int&)
191 3000
198 7000
fn=std::__detail::_Hashtable_alloc<std::allocator<std::__detail::_Hash_node<int, false> > >::_M_allocate_buckets(unsigned long)
178 700
184 100
191 300
198 700
fn=std::__detail::_Hashtable_alloc<std::allocator<std::__detail::_Hash_node<int, false> > >::_M_deallocate_buckets(std::__detail::_Hash_node_base**, unsigned long)
178 1100
184 100
205 300
210 600
fn=std::__detail::_Hashtable_alloc<std::allocator<std::__detail::_Hash_node<int, false> > >::_M_deallocate_node_ptr(std::__detail::_Hash_node<int, false>*)
205 3000
210 6000
fn=std::__detail::_Hashtable_ebo_helper<0, std::allocator<std::__detail::_Hash_node<int, false> >, true>::_Hashtable_ebo_helper<std::allocator<std::__detail::_Hash_node<int, false> > >(std::allocator<std::__detail::_Hash_node<int, false> >&&)
168 100
fn=std::__detail::_Hashtable_ebo_helper<0, std::allocator<std::__detail::_Hash_node<int, false> >, true>::~_Hashtable_ebo_helper()
184 100
fn=std::vector<float, std::allocator<float> >::_M_move_assign(std::vector<float, std::allocator<float> >&&, std::integral_constant<bool, true>)
184 2
fn=std::vector<float, std::allocator<float> >::_S_check_init_len(unsigned long, std::allocator<float> const&)
168 5
184 5
fn=std::vector<float, std::allocator<float> >::vector(std::vector<float, std::allocator<float> > const&)
168 200
184 200
fn=std::vector<int, std::allocator<int> >::_S_check_init_len(unsigned long, std::allocator<int> const&)
168 1
184 1
fn=std::vector<int, std::allocator<int> >::vector(std::vector<int, std::allocator<int> > const&)
168 100
184 100
fn=std::vector<std::atomic<long long>, std::allocator<std::atomic<long long> > >::_S_check_init_len(unsigned long, std::allocator<std::atomic<long long> > const&)
168 1
184 1
fn=std::vector<std::vector<float, std::allocator<float> >, std::allocator<std::vector<float, std::allocator<float> > > >::_M_move_assign(std::vector<std::vector<float, std::allocator<float> >, std::allocator<std::vector<float, std::allocator<float> > > >&&, std::integral_constant<bool, true>)
184 2
fn=std::vector<std::vector<float, std::allocator<float> >, std::allocator<std::vector<float, std::allocator<float> > > >::_S_check_init_len(unsigned long, std::allocator<std::vector<float, std::allocator<float> > > const&)
168 2
184 2
fn=std::vector<std::vector<int, std::allocator<int> >, std::allocator<std::vector<int, std::allocator<int> > > >::_S_check_init_len(unsigned long, std::allocator<std::vector<int, std::allocator<int> > > const&)
168 1
184 1
fn=std::vector<std::vector<unsigned long, std::allocator<unsigned long> >, std::allocator<std::vector<unsigned long, std::allocator<unsigned long> > > >::_M_move_assign(std::vector<std::vector<unsigned long, std::allocator<unsigned long> >, std::allocator<std::vector<unsigned long, std::allocator<unsigned long> > > >&&, std::integral_constant<bool, true>)
184 2
fn=std::vector<std::vector<unsigned long, std::allocator<unsigned long> >, std::allocator<std::vector<unsigned long, std::allocator<unsigned long> > > >::_S_check_init_len(unsigned long, std::allocator<std::vector<unsigned long, std::allocator<unsigned long> > > const&)
168 2
184 2
fn=std::vector<unsigned long, std::allocator<unsigned long> >::_S_check_init_len(unsigned long, std::allocator<unsigned long> const&)
168 2
184 2
fn=std::vector<unsigned long, std::allocator<unsigned long> >::vector(std::vector<unsigned long, std::allocator<unsigned long> > const&)
168 200
184 200
fn=void (anonymous namespace)::RunTest<TunableHNSW::HNSWConfig<128, true, (TunableHNSW::SearchStrategy)0, (TunableHNSW::QuantizationStrategy)0, (TunableHNSW::IndexStrategy)0, 32ul, 64ul, 300ul, 100ul, 16, 100, 0, 0ul, 0, 0, 0ul, false> >((anonymous namespace)::LoadedDataset const&, std::basic_string_view<char, std::char_traits<char> >)
163 104
184 102
fl=/usr/include/c++/13/bits/atomic_base.h
fn=TunableHNSW::HNSW<TunableHNSW::HNSWConfig<128, true, (TunableHNSW::SearchStrategy)0, (TunableHNSW::QuantizationStrategy)0, (TunableHNSW::IndexStrategy)0, 32ul, 64ul, 300ul, 100ul, 16, 100, 0, 0ul, 0, 0, 0ul, false> >::BuildGraphConcurrently_()
501 185
502 185
503 185
505 111
fn=TunableHNSW::HNSW<TunableHNSW::HNSWConfig<128, true, (TunableHNSW::SearchStrategy)0, (TunableHNSW::QuantizationStrategy)0, (TunableHNSW::IndexStrategy)0, 32ul, 64ul, 300ul, 100ul, 16, 100, 0, 0ul, 0, 0, 0ul, false> >::BuildGraphConcurrently_()::{lambda(int)#1}::operator()(int) const
635 40068
fn=TunableHNSW::HNSW<TunableHNSW::HNSWConfig<128, true, (TunableHNSW::SearchStrategy)0, (TunableHNSW::QuantizationStrategy)0, (TunableHNSW::IndexStrategy)0, 32ul, 64ul, 300ul, 100ul, 16, 100, 0, 0ul, 0, 0, 0ul, false> >::Insert_(unsigned long, TunableHNSW::HNSW<TunableHNSW::HNSWConfig<128, true, (TunableHNSW::SearchStrategy)0, (TunableHNSW::QuantizationStrategy)0, (TunableHNSW::IndexStrategy)0, 32ul, 64ul, 300ul, 100ul, 16, 100, 0, 0ul, 0, 0, 0ul, false> >::VisitedList&)
635 39996
fn=TunableHNSW::HNSW<TunableHNSW::HNSWConfig<128, true, (TunableHNSW::SearchStrategy)0, (TunableHNSW::QuantizationStrategy)0, (TunableHNSW::IndexStrategy)0, 32ul, 64ul, 300ul, 100ul, 16, 100, 0, 0ul, 0, 0, 0ul, false> >::PrintMetricsReport_() const
501 25
502 25
503 25
505 10
fn=TunableHNSW::HNSWMetrics<16>::add_navigation_time(int, long long)
635 900
fn=TunableHNSW::HNSWMetrics<16>::increment_distance_calculations(long long)
635 59321466
fn=TunableHNSW::HNSWMetrics<16>::increment_search_count()
635 300
fn=std::__atomic_base<long long>::__atomic_base()
355 153
fn=std::__atomic_base<long long>::__atomic_base(long long)
362 22
fn=std::__atomic_base<long long>::operator=(long long)
371 209
374 19
375 38
476 95
477 95
478 95
479 95
481 57
482 19
fn=std::__atomic_base<unsigned long>::__atomic_base()
355 9
fn=std::__atomic_base<unsigned long>::operator=(unsigned long)
371 11
374 1
375 2
476 5
477 5
478 5
479 5
481 3
482 1
fn=std::operator&(std::memory_order, std::__memory_order_modifier)
108 310
109 124
110 124
fl=/usr/include/c++/13/bits/basic_string.h
fn=std::__cxx11::basic_string<char, std::char_traits<char>, std::allocator<char> >::_Alloc_hider::_Alloc_hider(char*, std::allocator<char> const&)
188 84
189 36
fn=std::__cxx11::basic_string<char, std::char_traits<char>, std::allocator<char> >::_Alloc_hider::_Alloc_hider(char*, std::allocator<char>&&)
192 1512
193 3456
fn=std::__cxx11::basic_string<char, std::char_traits<char>, std::allocator<char> >::_Alloc_hider::~_Alloc_hider()
181 1998
fn=std::__cxx11::basic_string<char, std::char_traits<char>, std::allocator<char> >::_M_capacity(unsigned long)
249 1070
250 1284
fn=std::__cxx11::basic_string<char, std::char_traits<char>, std::allocator<char> >::_M_check_length(unsigned long, unsigned long, char const*) const
397 54
399 84
401 24
fn=std::__cxx11::basic_string<char, std::char_traits<char>, std::allocator<char> >::_M_data() const
222 5968
223 5968
fn=std::__cxx11::basic_string<char, std::char_traits<char>, std::allocator<char> >::_M_data(char*)
212 1090
213 1308
fn=std::__cxx11::basic_string<char, std::char_traits<char>, std::allocator<char> >::_M_destroy(unsigned long)
288 1680
289 5040
fn=std::__cxx11::basic_string<char, std::char_traits<char>, std::allocator<char> >::_M_disjunct(char const*) const
415 20
417 18
418 8
419 12
fn=std::__cxx11::basic_string<char, std::char_traits<char>, std::allocator<char> >::_M_dispose()
280 2130
282 2556
283 1260
284 1278
fn=std::__cxx11::basic_string<char, std::char_traits<char>, std::allocator<char> >::_M_get_allocator()
336 2496
337 1872
fn=std::__cxx11::basic_string<char, std::char_traits<char>, std::allocator<char> >::_M_get_allocator() const
341 1676
342 1257
fn=std::__cxx11::basic_string<char, std::char_traits<char>, std::allocator<char> >::_M_is_local() const
262 5040
264 9240
266 1878
268 1252
270 214
271 2520
fn=std::__cxx11::basic_string<char, std::char_traits<char>, std::allocator<char> >::_M_length(unsigned long)
217 2160
218 2592
fn=std::__cxx11::basic_string<char, std::char_traits<char>, std::allocator<char> >::_M_local_data()
227 1130
230 904
234 452
fn=std::__cxx11::basic_string<char, std::char_traits<char>, std::allocator<char> >::_M_local_data() const
238 4200
241 3360
245 1680
fn=std::__cxx11::basic_string<char, std::char_traits<char>, std::allocator<char> >::_M_set_length(unsigned long)
254 3852
256 2140
257 4280
258 2568
fn=std::__cxx11::basic_string<char, std::char_traits<char>, std::allocator<char> >::_S_allocate(std::allocator<char>&, unsigned long)
124 6970
126 410
136 410
137 2050
fn=std::__cxx11::basic_string<char, std::char_traits<char>, std::allocator<char> >::_S_copy(char*, char const*, unsigned long)
425 1484
427 424
430 1272
431 636
fn=std::__cxx11::basic_string<char, std::char_traits<char>, std::allocator<char> >::_S_copy_chars(char*, char const*, char const*)
482 42
484 66
fn=std::__cxx11::basic_string<char, std::char_traits<char>, std::allocator<char> >::_S_to_string_view(std::basic_string_view<char, std::char_traits<char> >)
153 48
154 24
fn=std::__cxx11::basic_string<char, std::char_traits<char>, std::allocator<char> >::__sv_wrapper::__sv_wrapper(std::basic_string_view<char, std::char_traits<char> >)
163 108
fn=std::__cxx11::basic_string<char, std::char_traits<char>, std::allocator<char> >::append(char const*, unsigned long)
1455 28
1458 24
1459 24
1460 8
fn=std::__cxx11::basic_string<char, std::char_traits<char>, std::allocator<char> >::assign(char const*, unsigned long)
1664 14
1667 26
1668 4
fn=std::__cxx11::basic_string<char, std::char_traits<char>, std::allocator<char> >::basic_string()
351 636
355 212
522 1908
524 2544
527 848
528 1484
fn=std::__cxx11::basic_string<char, std::char_traits<char>, std::allocator<char> >::basic_string(char const*, unsigned long, std::allocator<char> const&)
619 54
621 60
624 12
627 48
628 24
fn=std::__cxx11::basic_string<char, std::char_traits<char>, std::allocator<char> >::basic_string(std::__cxx11::basic_string<char, std::char_traits<char>, std::allocator<char> >&&)
351 12
355 4
365 20
677 32
678 56
680 20
688 32
689 24
695 48
696 16
697 16
698 24
fn=std::__cxx11::basic_string<char, std::char_traits<char>, std::allocator<char> >::basic_string(std::__cxx11::basic_string<char, std::char_traits<char>, std::allocator<char> >::__sv_wrapper, std::allocator<char> const&)
176 72
177 108
fn=std::__cxx11::basic_string<char, std::char_traits<char>, std::allocator<char> >::basic_string<std::basic_string_view<char, std::char_traits<char> >, void>(std::basic_string_view<char, std::char_traits<char> > const&, std::allocator<char> const&)
795 66
796 150
fn=std::__cxx11::basic_string<char, std::char_traits<char>, std::allocator<char> >::capacity() const
1169 2050
1171 2460
1172 410
1173 820
fn=std::__cxx11::basic_string<char, std::char_traits<char>, std::allocator<char> >::length() const
1078 1648
1079 1648
fn=std::__cxx11::basic_string<char, std::char_traits<char>, std::allocator<char> >::max_size() const
1084 2095
1085 3352
fn=std::__cxx11::basic_string<char, std::char_traits<char>, std::allocator<char> >::size() const
1071 1672
1072 1672
fn=std::__cxx11::basic_string<char, std::char_traits<char>, std::allocator<char> >::~basic_string()
803 1110
804 1998
fn=std::enable_if<std::__and_<std::is_convertible<std::basic_string_view<char, std::char_traits<char> > const&, std::basic_string_view<char, std::char_traits<char> > >, std::__not_<std::is_convertible<std::basic_string_view<char, std::char_traits<char> > const*, std::__cxx11::basic_string<char, std::char_traits<char>, std::allocator<char> > const*> >, std::__not_<std::is_convertible<std::basic_string_view<char, std::char_traits<char> > const&, char const*> > >::value, std::__cxx11::basic_string<char, std::char_traits<char>, std::allocator<char> >&>::type std::__cxx11::basic_string<char, std::char_traits<char>, std::allocator<char> >::assign<std::basic_string_view<char, std::char_traits<char> > >(std::basic_string_view<char, std::char_traits<char> > const&)
1742 20
1744 10
1745 26
1746 12
fn=std::enable_if<std::__and_<std::is_convertible<std::basic_string_view<char, std::char_traits<char> > const&, std::basic_string_view<char, std::char_traits<char> > >, std::__not_<std::is_convertible<std::basic_string_view<char, std::char_traits<char> > const*, std::__cxx11::basic_string<char, std::char_traits<char>, std::allocator<char> > const*> >, std::__not_<std::is_convertible<std::basic_string_view<char, std::char_traits<char> > const&, char const*> > >::value, std::__cxx11::basic_string<char, std::char_traits<char>, std::allocator<char> >&>::type std::__cxx11::basic_string<char, std::char_traits<char>, std::allocator<char> >::operator=<std::basic_string_view<char, std::char_traits<char> > >(std::basic_string_view<char, std::char_traits<char> > const&)
936 12
937 14
fl=/usr/include/c++/13/bits/basic_string.tcc
fn=std::__cxx11::basic_string<char, std::char_traits<char>, std::allocator<char> >::_M_append(char const*, unsigned long)
413 1632
416 1224
418 1428
424 2448
426 1020
427 204
428 612
fn=std::__cxx11::basic_string<char, std::char_traits<char>, std::allocator<char> >::_M_construct<char const*>(char const*, char const*, std::forward_iterator_tag)::_Guard::_Guard(std::__cxx11::basic_string<char, std::char_traits<char>, std::allocator<char> >*)
239 66
fn=std::__cxx11::basic_string<char, std::char_traits<char>, std::allocator<char> >::_M_construct<char const*>(char const*, char const*, std::forward_iterator_tag)::_Guard::~_Guard()
242 72
fn=std::__cxx11::basic_string<char, std::char_traits<char>, std::allocator<char> >::_M_create(unsigned long&, unsigned long)
138 3280
143 3690
149 4100
151 12
153 27
159 3690
160 1230
fn=std::__cxx11::basic_string<char, std::char_traits<char>, std::allocator<char> >::_M_mutate(unsigned long, unsigned long, char const*, unsigned long)
325 2448
329 1224
331 1428
332 2040
334 408
336 816
337 1632
338 408
342 612
343 1020
344 1020
345 1224
fn=std::__cxx11::basic_string<char, std::char_traits<char>, std::allocator<char> >::_M_replace(unsigned long, unsigned long, char const*, unsigned long)
511 18
515 12
517 8
518 10
520 14
522 12
524 8
526 6
537 20
539 4
541 4
542 14
550 10
551 2
552 4
fn=void std::__cxx11::basic_string<char, std::char_traits<char>, std::allocator<char> >::_M_construct<char const*>(char const*, char const*, std::forward_iterator_tag)
221 84
225 6
227 18
229 66
230 36
245 30
247 54
249 6
251 30
252 48
fl=/usr/include/c++/13/bits/char_traits.h
fn=std::char_traits<char>::assign(char&, char const&)
351 2568
354 1284
358 1712
359 1284
fn=std::char_traits<char>::assign(char*, unsigned long, char)
439 8
441 2
444 3
447 7
448 2
fn=std::char_traits<char>::copy(char*, char const*, unsigned long)
427 1582
429 452
432 678
435 2034
436 452
fn=std::char_traits<char>::find(char const*, unsigned long, char const&)
403 112
405 32
408 48
411 144
412 32
fn=std::char_traits<char>::length(char const*)
393 5
396 3
399 4
400 2
fl=/usr/include/c++/13/bits/charconv.h
fn=unsigned int std::__detail::__to_chars_len<unsigned long>(unsigned long, int)
55 5
61 1
62 3
63 4
64 4
67 4
68 6
74 2
fn=void std::__detail::__to_chars_10_impl<unsigned long>(char*, unsigned int, unsigned long)
81 10
87 52
93 3
94 3
102 2
104 3
105 6
106 6
110 7
fl=/usr/include/c++/13/bits/chrono.h
fn=auto std::chrono::operator<=><long, std::ratio<1l, 1000l>, long, std::ratio<1l, 1000l> >(std::chrono::duration<long, std::ratio<1l, 1000l> > const&, std::chrono::duration<long, std::ratio<1l, 1000l> > const&)
836 180
841 342
842 108
fn=std::chrono::duration<double, std::ratio<1l, 1l> > std::chrono::__duration_cast_impl<std::chrono::duration<double, std::ratio<1l, 1l> >, std::ratio<1l, 1000000000l>, double, true, false>::__cast<long, std::ratio<1l, 1000000000l> >(std::chrono::duration<long, std::ratio<1l, 1000000000l> > const&)
208 16
211 12
212 16
213 10
fn=std::chrono::duration<double, std::ratio<1l, 1l> >::count() const
589 8
590 8
fn=std::chrono::duration<double, std::ratio<1l, 1l> >::duration<double, void>(double const&)
573 10
574 14
fn=std::chrono::duration<long, std::ratio<1l, 1000000000l> > std::chrono::__duration_cast_impl<std::chrono::duration<long, std::ratio<1l, 1000000000l> >, std::ratio<1000000l, 1l>, long, false, true>::__cast<long, std::ratio<1l, 1000l> >(std::chrono::duration<long, std::ratio<1l, 1000l> > const&)
221 144
224 108
225 90
226 90
fn=std::chrono::duration<long, std::ratio<1l, 1000000000l> >::count() const
589 3696
590 3696
fn=std::chrono::duration<long, std::ratio<1l, 1000000000l> >::duration<long, void>(long const&)
573 1600
574 2240
fn=std::chrono::duration<long, std::ratio<1l, 1000l> > std::chrono::__duration_cast_impl<std::chrono::duration<long, std::ratio<1l, 1000l> >, std::ratio<1000l, 1l>, long, false, true>::__cast<long, std::ratio<1l, 1l> >(std::chrono::duration<long, std::ratio<1l, 1l> > const&)
221 144
224 108
225 90
226 90
fn=std::chrono::duration<long, std::ratio<1l, 1000l> >::count() const
589 504
590 504
fn=std::chrono::duration<long, std::ratio<1l, 1000l> >::duration<int, void>(int const&)
573 90
574 144
fn=std::chrono::duration<long, std::ratio<1l, 1000l> >::duration<long, std::ratio<1l, 1l>, void>(std::chrono::duration<long, std::ratio<1l, 1l> > const&)
581 162
582 270
fn=std::chrono::duration<long, std::ratio<1l, 1000l> >::duration<long, void>(long const&)
573 270
574 378
fn=std::chrono::duration<long, std::ratio<1l, 1000l> >::zero()
673 126
674 234
fn=std::chrono::duration<long, std::ratio<1l, 1l> > std::chrono::__duration_cast_impl<std::chrono::duration<long, std::ratio<1l, 1l> >, std::ratio<1l, 1000l>, long, true, false>::__cast<long, std::ratio<1l, 1000l> >(std::chrono::duration<long, std::ratio<1l, 1000l> > const&)
208 144
211 108
212 234
213 90
fn=std::chrono::duration<long, std::ratio<1l, 1l> >::count() const
589 144
590 144
fn=std::chrono::duration<long, std::ratio<1l, 1l> >::duration<long, void>(long const&)
573 90
574 126
fn=std::chrono::duration_values<long>::zero()
498 54
499 54
fn=std::chrono::time_point<std::chrono::_V2::system_clock, std::chrono::duration<long, std::ratio<1l, 1000000000l> > >::time_since_epoch() const
949 2416
950 2416
fn=std::common_type<std::chrono::duration<long, std::ratio<1l, 1000000000l> >, std::chrono::duration<long, std::ratio<1l, 1000000000l> > >::type std::chrono::operator-<long, std::ratio<1l, 1000000000l>, long, std::ratio<1l, 1000000000l> >(std::chrono::duration<long, std::ratio<1l, 1000000000l> > const&, std::chrono::duration<long, std::ratio<1l, 1000000000l> > const&)
710 3020
716 6644
717 1812
fn=std::common_type<std::chrono::duration<long, std::ratio<1l, 1000000000l> >, std::chrono::duration<long, std::ratio<1l, 1000000000l> > >::type std::chrono::operator-<std::chrono::_V2::system_clock, std::chrono::duration<long, std::ratio<1l, 1000000000l> >, std::chrono::duration<long, std::ratio<1l, 1000000000l> > >(std::chrono::time_point<std::chrono::_V2::system_clock, std::chrono::duration<long, std::ratio<1l, 1000000000l> > > const&, std::chrono::time_point<std::chrono::_V2::system_clock, std::chrono::duration<long, std::ratio<1l, 1000000000l> > > const&)
1141 2718
1143 5436
fn=std::common_type<std::chrono::duration<long, std::ratio<1l, 1000l> >, std::chrono::duration<long, std::ratio<1l, 1l> > >::type std::chrono::operator-<long, std::ratio<1l, 1000l>, long, std::ratio<1l, 1l> >(std::chrono::duration<long, std::ratio<1l, 1000l> > const&, std::chrono::duration<long, std::ratio<1l, 1l> > const&)
710 180
716 432
717 108
fn=std::enable_if<std::chrono::__is_duration<std::chrono::duration<double, std::ratio<1l, 1l> > >::value, std::chrono::duration<double, std::ratio<1l, 1l> > >::type std::chrono::duration_cast<std::chrono::duration<double, std::ratio<1l, 1l> >, long, std::ratio<1l, 1000000000l> >(std::chrono::duration<long, std::ratio<1l, 1000000000l> > const&)
273 10
287 6
291 4
fn=std::enable_if<std::chrono::__is_duration<std::chrono::duration<long, std::ratio<1l, 1000000000l> > >::value, std::chrono::duration<long, std::ratio<1l, 1000000000l> > >::type std::chrono::duration_cast<std::chrono::duration<long, std::ratio<1l, 1000000000l> >, long, std::ratio<1l, 1000000000l> >(std::chrono::duration<long, std::ratio<1l, 1000000000l> > const&)
273 1200
277 600
291 600
fn=std::enable_if<std::chrono::__is_duration<std::chrono::duration<long, std::ratio<1l, 1000000000l> > >::value, std::chrono::duration<long, std::ratio<1l, 1000000000l> > >::type std::chrono::duration_cast<std::chrono::duration<long, std::ratio<1l, 1000000000l> >, long, std::ratio<1l, 1000l> >(std::chrono::duration<long, std::ratio<1l, 1000l> > const&)
273 90
287 54
291 36
fn=std::enable_if<std::chrono::__is_duration<std::chrono::duration<long, std::ratio<1l, 1000l> > >::value, std::chrono::duration<long, std::ratio<1l, 1000l> > >::type std::chrono::duration_cast<std::chrono::duration<long, std::ratio<1l, 1000l> >, long, std::ratio<1l, 1l> >(std::chrono::duration<long, std::ratio<1l, 1l> > const&)
273 90
287 54
291 36
fn=std::enable_if<std::chrono::__is_duration<std::chrono::duration<long, std::ratio<1l, 1l> > >::value, std::chrono::duration<long, std::ratio<1l, 1l> > >::type std::chrono::duration_cast<std::chrono::duration<long, std::ratio<1l, 1l> >, long, std::ratio<1l, 1000l> >(std::chrono::duration<long, std::ratio<1l, 1000l> > const&)
273 90
287 54
291 36
fl=/usr/include/c++/13/bits/cpp_type_traits.h
fn=__gnu_cxx::__normal_iterator<float const*, std::vector<float, std::allocator<float> > > std::__miter_base<__gnu_cxx::__normal_iterator<float const*, std::vector<float, std::allocator<float> > > >(__gnu_cxx::__normal_iterator<float const*, std::vector<float, std::allocator<float> > >)
607 1608
608 1206
fn=__gnu_cxx::__normal_iterator<int const*, std::vector<int, std::allocator<int> > > std::__miter_base<__gnu_cxx::__normal_iterator<int const*, std::vector<int, std::allocator<int> > > >(__gnu_cxx::__normal_iterator<int const*, std::vector<int, std::allocator<int> > >)
607 800
608 600
fn=__gnu_cxx::__normal_iterator<std::pair<float, int>*, std::vector<std::pair<float, int>, std::allocator<std::pair<float, int> > > > std::__miter_base<__gnu_cxx::__normal_iterator<std::pair<float, int>*, std::vector<std::pair<float, int>, std::allocator<std::pair<float, int> > > > >(__gnu_cxx::__normal_iterator<std::pair<float, int>*, std::vector<std::pair<float, int>, std::allocator<std::pair<float, int> > > >)
607 86944
608 65208
fn=__gnu_cxx::__normal_iterator<unsigned long const*, std::vector<unsigned long, std::allocator<unsigned long> > > std::__miter_base<__gnu_cxx::__normal_iterator<unsigned long const*, std::vector<unsigned long, std::allocator<unsigned long> > > >(__gnu_cxx::__normal_iterator<unsigned long const*, std::vector<unsigned long, std::allocator<unsigned long> > >)
607 1600
608 1200
fn=int* std::__miter_base<int*>(int*)
607 160000
608 120000
fn=unsigned short* std::__miter_base<unsigned short*>(unsigned short*)
607 304
608 228
fl=/usr/include/c++/13/bits/enable_special_members.h
fn=std::_Enable_default_constructor<true, std::__detail::_Hash_node_base>::_Enable_default_constructor(std::_Enable_default_constructor_tag)
67 700
fl=/usr/include/c++/13/bits/functional_hash.h
fn=std::hash<int>::operator()(int) const
154 29034
fl=/usr/include/c++/13/bits/hashtable.h
fn=std::_Hashtable<int, int, std::allocator<int>, std::__detail::_Identity, std::equal_to<int>, std::hash<int>, std::__detail::_Mod_range_hashing, std::__detail::_Default_ranged_hash, std::__detail::_Prime_rehash_policy, std::__detail::_Hashtable_traits<false, true, true> >::_Hashtable(std::hash<int> const&, std::equal_to<int> const&, std::allocator<int> const&)
486 1100
490 3800
491 600
fn=std::_Hashtable<int, int, std::allocator<int>, std::__detail::_Identity, std::equal_to<int>, std::hash<int>, std::__detail::_Mod_range_hashing, std::__detail::_Default_ranged_hash, std::__detail::_Prime_rehash_policy, std::__detail::_Hashtable_traits<false, true, true> >::_Hashtable(unsigned long, std::hash<int> const&, std::equal_to<int> const&, std::allocator<int> const&)
1189 1000
1193 600
1195 700
1196 400
1201 400
fn=std::_Hashtable<int, int, std::allocator<int>, std::__detail::_Identity, std::equal_to<int>, std::hash<int>, std::__detail::_Mod_range_hashing, std::__detail::_Default_ranged_hash, std::__detail::_Prime_rehash_policy, std::__detail::_Hashtable_traits<false, true, true> >::_Hashtable<__gnu_cxx::__normal_iterator<int*, std::vector<int, std::allocator<int> > > >(__gnu_cxx::__normal_iterator<int*, std::vector<int, std::allocator<int> > >, __gnu_cxx::__normal_iterator<int*, std::vector<int, std::allocator<int> > >, unsigned long, std::hash<int> const&, std::equal_to<int> const&, std::allocator<int> const&)
562 1000
568 1300
569 300
fn=std::_Hashtable<int, int, std::allocator<int>, std::__detail::_Identity, std::equal_to<int>, std::hash<int>, std::__detail::_Mod_range_hashing, std::__detail::_Default_ranged_hash, std::__detail::_Prime_rehash_policy, std::__detail::_Hashtable_traits<false, true, true> >::_Hashtable<__gnu_cxx::__normal_iterator<int*, std::vector<int, std::allocator<int> > > >(__gnu_cxx::__normal_iterator<int*, std::vector<int, std::allocator<int> > >, __gnu_cxx::__normal_iterator<int*, std::vector<int, std::allocator<int> > >, unsigned long, std::hash<int> const&, std::equal_to<int> const&, std::allocator<int> const&, std::integral_constant<bool, true>)
1208 1100
1214 800
1215 1000
fn=std::_Hashtable<int, int, std::allocator<int>, std::__detail::_Identity, std::equal_to<int>, std::hash<int>, std::__detail::_Mod_range_hashing, std::__detail::_Default_ranged_hash, std::__detail::_Prime_rehash_policy, std::__detail::_Hashtable_traits<false, true, true> >::_M_allocate_buckets(unsigned long)
434 600
436 500
442 600
443 200
fn=std::_Hashtable<int, int, std::allocator<int>, std::__detail::_Identity, std::equal_to<int>, std::hash<int>, std::__detail::_Mod_range_hashing, std::__detail::_Default_ranged_hash, std::__detail::_Prime_rehash_policy, std::__detail::_Hashtable_traits<false, true, true> >::_M_begin() const
464 1200
465 1200
fn=std::_Hashtable<int, int, std::allocator<int>, std::__detail::_Identity, std::equal_to<int>, std::hash<int>, std::__detail::_Mod_range_hashing, std::__detail::_Default_ranged_hash, std::__detail::_Prime_rehash_policy, std::__detail::_Hashtable_traits<false, true, true> >::_M_bucket_index(std::__detail::_Hash_node_value<int, false> const&) const
792 7356
793 11034
fn=std::_Hashtable<int, int, std::allocator<int>, std::__detail::_Identity, std::equal_to<int>, std::hash<int>, std::__detail::_Mod_range_hashing, std::__detail::_Default_ranged_hash, std::__detail::_Prime_rehash_policy, std::__detail::_Hashtable_traits<false, true, true> >::_M_bucket_index(unsigned long) const
796 12600
797 18900
fn=std::_Hashtable<int, int, std::allocator<int>, std::__detail::_Identity, std::equal_to<int>, std::hash<int>, std::__detail::_Mod_range_hashing, std::__detail::_Default_ranged_hash, std::__detail::_Prime_rehash_policy, std::__detail::_Hashtable_traits<false, true, true> >::_M_deallocate_buckets()
455 1000
456 2200
fn=std::_Hashtable<int, int, std::allocator<int>, std::__detail::_Identity, std::equal_to<int>, std::hash<int>, std::__detail::_Mod_range_hashing, std::__detail::_Default_ranged_hash, std::__detail::_Prime_rehash_policy, std::__detail::_Hashtable_traits<false, true, true> >::_M_deallocate_buckets(std::__detail::_Hash_node_base**, unsigned long)
446 1400
448 1400
449 100
451 700
452 400
fn=std::_Hashtable<int, int, std::allocator<int>, std::__detail::_Identity, std::equal_to<int>, std::hash<int>, std::__detail::_Mod_range_hashing, std::__detail::_Default_ranged_hash, std::__detail::_Prime_rehash_policy, std::__detail::_Hashtable_traits<false, true, true> >::_M_find_before_node(unsigned long, int const&, unsigned long) const
1948 8000
1954 7000
1955 2000
1958 3000
1959 1336
1961 12340
1962 1996
1964 5714
1965 2
1966 668
1969 2
1970 2000
fn=std::_Hashtable<int, int, std::allocator<int>, std::__detail::_Identity, std::equal_to<int>, std::hash<int>, std::__detail::_Mod_range_hashing, std::__detail::_Default_ranged_hash, std::__detail::_Prime_rehash_policy, std::__detail::_Hashtable_traits<false, true, true> >::_M_find_node(unsigned long, int const&, unsigned long) const
812 8000
815 7000
816 2000
817 2994
818 2
819 2000
fn=std::_Hashtable<int, int, std::allocator<int>, std::__detail::_Identity, std::equal_to<int>, std::hash<int>, std::__detail::_Mod_range_hashing, std::__detail::_Default_ranged_hash, std::__detail::_Prime_rehash_policy, std::__detail::_Hashtable_traits<false, true, true> >::_M_insert_bucket_begin(unsigned long, std::__detail::_Hash_node<int, false>*)
2007 9000
2011 8000
2015 2448
2016 2176
2023 2912
2024 2184
2026 2912
2029 8792
2031 5824
2033 6272
fn=std::_Hashtable<int, int, std::allocator<int>, std::__detail::_Identity, std::equal_to<int>, std::hash<int>, std::__detail::_Mod_range_hashing, std::__detail::_Default_ranged_hash, std::__detail::_Prime_rehash_policy, std::__detail::_Hashtable_traits<false, true, true> >::_M_insert_unique_node(unsigned long, unsigned long, std::__detail::_Hash_node<int, false>*, unsigned long)
2166 12000
2172 7000
2174 13000
2177 3000
2179 600
2180 600
2183 7000
2186 6000
2187 5000
2188 6000
2189 5000
fn=std::_Hashtable<int, int, std::allocator<int>, std::__detail::_Identity, std::equal_to<int>, std::hash<int>, std::__detail::_Mod_range_hashing, std::__detail::_Default_ranged_hash, std::__detail::_Prime_rehash_policy, std::__detail::_Hashtable_traits<false, true, true> >::_M_rehash(unsigned long, unsigned long const&)
2559 800
2565 500
2574 400
fn=std::_Hashtable<int, int, std::allocator<int>, std::__detail::_Identity, std::equal_to<int>, std::hash<int>, std::__detail::_Mod_range_hashing, std::__detail::_Default_ranged_hash, std::__detail::_Prime_rehash_policy, std::__detail::_Hashtable_traits<false, true, true> >::_M_rehash_aux(unsigned long, std::integral_constant<bool, true>)
2582 600
2586 600
2587 400
2588 200
2589 100
2590 300
2613 300
2614 300
2615 300
2616 300
fn=std::_Hashtable<int, int, std::allocator<int>, std::__detail::_Identity, std::equal_to<int>, std::hash<int>, std::__detail::_Mod_range_hashing, std::__detail::_Default_ranged_hash, std::__detail::_Prime_rehash_policy, std::__detail::_Hashtable_traits<false, true, true> >::_M_uses_single_bucket(std::__detail::_Hash_node_base**) const
416 1000
417 1800
fn=std::_Hashtable<int, int, std::allocator<int>, std::__detail::_Identity, std::equal_to<int>, std::hash<int>, std::__detail::_Mod_range_hashing, std::__detail::_Default_ranged_hash, std::__detail::_Prime_rehash_policy, std::__detail::_Hashtable_traits<false, true, true> >::_Scoped_node::_Scoped_node(std::__detail::_Hash_node<int, false>*, std::__detail::_Hashtable_alloc<std::allocator<std::__detail::_Hash_node<int, false> > >*)
300 6000
301 9000
fn=std::_Hashtable<int, int, std::allocator<int>, std::__detail::_Identity, std::equal_to<int>, std::hash<int>, std::__detail::_Mod_range_hashing, std::__detail::_Default_ranged_hash, std::__detail::_Prime_rehash_policy, std::__detail::_Hashtable_traits<false, true, true> >::_Scoped_node::~_Scoped_node()
311 12000
fn=std::_Hashtable<int, int, std::allocator<int>, std::__detail::_Identity, std::equal_to<int>, std::hash<int>, std::__detail::_Mod_range_hashing, std::__detail::_Default_ranged_hash, std::__detail::_Prime_rehash_policy, std::__detail::_Hashtable_traits<false, true, true> >::__small_size_threshold()
424 9000
427 3000
428 6000
fn=std::_Hashtable<int, int, std::allocator<int>, std::__detail::_Identity, std::equal_to<int>, std::hash<int>, std::__detail::_Mod_range_hashing, std::__detail::_Default_ranged_hash, std::__detail::_Prime_rehash_policy, std::__detail::_Hashtable_traits<false, true, true> >::begin()
623 800
624 1400
fn=std::_Hashtable<int, int, std::allocator<int>, std::__detail::_Identity, std::equal_to<int>, std::hash<int>, std::__detail::_Mod_range_hashing, std::__detail::_Default_ranged_hash, std::__detail::_Prime_rehash_policy, std::__detail::_Hashtable_traits<false, true, true> >::clear()
2520 500
2524 800
2525 600
2526 200
2527 200
2528 200
2529 300
fn=std::_Hashtable<int, int, std::allocator<int>, std::__detail::_Identity, std::equal_to<int>, std::hash<int>, std::__detail::_Mod_range_hashing, std::__detail::_Default_ranged_hash, std::__detail::_Prime_rehash_policy, std::__detail::_Hashtable_traits<false, true, true> >::count(int const&) const
1744 9000
1749 6000
1750 3000
1751 4
1754 998
1766 5000
fn=std::_Hashtable<int, int, std::allocator<int>, std::__detail::_Identity, std::equal_to<int>, std::hash<int>, std::__detail::_Mod_range_hashing, std::__detail::_Default_ranged_hash, std::__detail::_Prime_rehash_policy, std::__detail::_Hashtable_traits<false, true, true> >::end()
631 800
632 1000
fn=std::_Hashtable<int, int, std::allocator<int>, std::__detail::_Identity, std::equal_to<int>, std::hash<int>, std::__detail::_Mod_range_hashing, std::__detail::_Default_ranged_hash, std::__detail::_Prime_rehash_policy, std::__detail::_Hashtable_traits<false, true, true> >::find(int const&) const
1687 10000
1692 9000
1700 6000
1701 6000
1702 12000
1703 6000
fn=std::_Hashtable<int, int, std::allocator<int>, std::__detail::_Identity, std::equal_to<int>, std::hash<int>, std::__detail::_Mod_range_hashing, std::__detail::_Default_ranged_hash, std::__detail::_Prime_rehash_policy, std::__detail::_Hashtable_traits<false, true, true> >::size() const
647 12000
648 12000
fn=std::_Hashtable<int, int, std::allocator<int>, std::__detail::_Identity, std::equal_to<int>, std::hash<int>, std::__detail::_Mod_range_hashing, std::__detail::_Default_ranged_hash, std::__detail::_Prime_rehash_policy, std::__detail::_Hashtable_traits<false, true, true> >::~_Hashtable()
1595 500
1608 300
1609 300
1610 600
fn=std::__conditional<std::__and_<std::__is_nothrow_invocable<std::hash<int>&, int const&>, std::__not_<std::__is_nothrow_invocable<std::hash<int>&, int&> > >::value>::type<int, int&> std::_Hashtable<int, int, std::allocator<int>, std::__detail::_Identity, std::equal_to<int>, std::hash<int>, std::__detail::_Mod_range_hashing, std::__detail::_Default_ranged_hash, std::__detail::_Prime_rehash_policy, std::__detail::_Hashtable_traits<false, true, true> >::_S_forward_key<int&>(int&)
889 5000
890 5000
fn=std::__detail::_Hash_node<int, false>* std::_Hashtable<int, int, std::allocator<int>, std::__detail::_Identity, std::equal_to<int>, std::hash<int>, std::__detail::_Mod_range_hashing, std::__detail::_Default_ranged_hash, std::__detail::_Prime_rehash_policy, std::__detail::_Hashtable_traits<false, true, true> >::_M_find_node_tr<int>(unsigned long, int const&, unsigned long) const
823 7200
826 6300
827 1800
829 900
830 1800
fn=std::__detail::_Hash_node_base* std::_Hashtable<int, int, std::allocator<int>, std::__detail::_Identity, std::equal_to<int>, std::hash<int>, std::__detail::_Mod_range_hashing, std::__detail::_Default_ranged_hash, std::__detail::_Prime_rehash_policy, std::__detail::_Hashtable_traits<false, true, true> >::_M_find_before_node_tr<int>(unsigned long, int const&, unsigned long) const
1978 7200
1984 6300
1985 1800
1986 1256
1988 816
1989 248
1991 3068
1994 5230
1995 272
1996 124
1999 272
2000 1800
fn=std::pair<std::__detail::_Node_iterator<int, true, false>, bool> std::_Hashtable<int, int, std::allocator<int>, std::__detail::_Identity, std::equal_to<int>, std::hash<int>, std::__detail::_Mod_range_hashing, std::__detail::_Default_ranged_hash, std::__detail::_Prime_rehash_policy, std::__detail::_Hashtable_traits<false, true, true> >::_M_insert<int&, std::__detail::_AllocNode<std::allocator<std::__detail::_Hash_node<int, false> > > >(int&, std::__detail::_AllocNode<std::allocator<std::__detail::_Hash_node<int, false> > > const&, std::integral_constant<bool, true>)
911 10000
916 14000
918 5000
fn=std::pair<std::__detail::_Node_iterator<int, true, false>, bool> std::_Hashtable<int, int, std::allocator<int>, std::__detail::_Identity, std::equal_to<int>, std::hash<int>, std::__detail::_Mod_range_hashing, std::__detail::_Default_ranged_hash, std::__detail::_Prime_rehash_policy, std::__detail::_Hashtable_traits<false, true, true> >::_M_insert_unique<int&, int&, std::__detail::_AllocNode<std::allocator<std::__detail::_Hash_node<int, false> > > >(int&, int&, std::__detail::_AllocNode<std::allocator<std::__detail::_Hash_node<int, false> > > const&)
2253 14000
2259 9000
2260 1700
2264 6000
2265 6000
2267 9000
2268 8100
2271 19000
2278 8000
2279 1000
2280 9000
2281 14000
fn=std::pair<std::__detail::_Node_iterator<int, true, false>, bool> std::_Hashtable<int, int, std::allocator<int>, std::__detail::_Identity, std::equal_to<int>, std::hash<int>, std::__detail::_Mod_range_hashing, std::__detail::_Default_ranged_hash, std::__detail::_Prime_rehash_policy, std::__detail::_Hashtable_traits<false, true, true> >::_M_insert_unique_aux<int&, std::__detail::_AllocNode<std::allocator<std::__detail::_Hash_node<int, false> > > >(int&, std::__detail::_AllocNode<std::allocator<std::__detail::_Hash_node<int, false> > > const&)
902 11000
904 10000
905 11000
907 6000
fl=/usr/include/c++/13/bits/hashtable_policy.h
fn=bool std::__detail::_Hashtable_base<int, int, std::__detail::_Identity, std::equal_to<int>, std::hash<int>, std::__detail::_Mod_range_hashing, std::__detail::_Default_ranged_hash, std::__detail::_Hashtable_traits<false, true, true> >::_M_equals_tr<int>(int const&, unsigned long, std::__detail::_Hash_node_value<int, false> const&) const
1738 2672
1741 6012
fn=bool std::__detail::_Hashtable_base<int, int, std::__detail::_Identity, std::equal_to<int>, std::hash<int>, std::__detail::_Mod_range_hashing, std::__detail::_Default_ranged_hash, std::__detail::_Hashtable_traits<false, true, true> >::_M_key_equals_tr<int>(int const&, std::__detail::_Hash_node_value<int, false> const&) const
338 1670
348 334
1720 3674
1728 5678
1729 2004
fn=int const& std::__detail::_Identity::operator()<int const&>(int const&) const
89 17364
90 14470
fn=int& std::__detail::_ConvertToValueType<std::__detail::_Identity, int>::operator()<int&>(int&) const
124 6000
125 5000
fn=int& std::__detail::_Identity::operator()<int&>(int&) const
89 6000
90 5000
fn=std::__detail::_AllocNode<std::allocator<std::__detail::_Hash_node<int, false> > >::_AllocNode(std::__detail::_Hashtable_alloc<std::allocator<std::__detail::_Hash_node<int, false> > >&)
242 500
243 600
fn=std::__detail::_AllocNode<std::allocator<std::__detail::_Hash_node<int, false> > >::__node_type* std::__detail::_NodeBuilder<std::__detail::_Identity>::_S_build<int&, int&, std::__detail::_AllocNode<std::allocator<std::__detail::_Hash_node<int, false> > > >(int&, int&, std::__detail::_AllocNode<std::allocator<std::__detail::_Hash_node<int, false> > > const&)
171 7000
173 10000
fn=std::__detail::_Hash_code_base<int, int, std::__detail::_Identity, std::hash<int>, std::__detail::_Mod_range_hashing, std::__detail::_Default_ranged_hash, false>::_Hash_code_base(std::hash<int> const&)
1303 1400
fn=std::__detail::_Hash_code_base<int, int, std::__detail::_Identity, std::hash<int>, std::__detail::_Mod_range_hashing, std::__detail::_Default_ranged_hash, false>::_M_bucket_index(std::__detail::_Hash_node_value<int, false> const&, unsigned long) const
338 6130
348 1226
1335 12260
1341 23294
1343 6130
fn=std::__detail::_Hash_code_base<int, int, std::__detail::_Identity, std::hash<int>, std::__detail::_Mod_range_hashing, std::__detail::_Default_ranged_hash, false>::_M_bucket_index(unsigned long, unsigned long) const
1331 21000
1332 23100
fn=std::__detail::_Hash_code_base<int, int, std::__detail::_Identity, std::hash<int>, std::__detail::_Mod_range_hashing, std::__detail::_Default_ranged_hash, false>::_M_hash() const
1375 32260
fn=std::__detail::_Hash_code_base<int, int, std::__detail::_Identity, std::hash<int>, std::__detail::_Mod_range_hashing, std::__detail::_Default_ranged_hash, false>::_M_hash_code(int const&) const
1306 13356
1310 20034
1311 4452
fn=std::__detail::_Hash_code_base<int, int, std::__detail::_Identity, std::hash<int>, std::__detail::_Mod_range_hashing, std::__detail::_Default_ranged_hash, false>::_M_store_code(std::__detail::_Hash_node_code_cache<false>&, unsigned long) const
1353 6000
1354 3000
fn=std::__detail::_Hash_node<int, false>* std::__detail::_AllocNode<std::allocator<std::__detail::_Hash_node<int, false> > >::operator()<int&>(int&) const
247 7000
248 11000
fn=std::__detail::_Hash_node<int, false>* std::__detail::_Hashtable_alloc<std::allocator<std::__detail::_Hash_node<int, false> > >::_M_allocate_node<int&>(int&)
333 5000
1987 11000
1990 10000
1991 4000
1994 6000
1995 13000
1998 1000
2005 8000
fn=std::__detail::_Hash_node<int, false>::_Hash_node()
375 11000
fn=std::__detail::_Hash_node<int, false>::_M_next() const
380 10488
381 10488
fn=std::__detail::_Hash_node_base::_Hash_node_base()
313 9900
fn=std::__detail::_Hashtable_alloc<std::allocator<std::__detail::_Hash_node<int, false> > >::_Hashtable_alloc<std::allocator<std::__detail::_Hash_node<int, false> > >(std::allocator<std::__detail::_Hash_node<int, false> >&&)
1945 600
1946 800
1947 300
fn=std::__detail::_Hashtable_alloc<std::allocator<std::__detail::_Hash_node<int, false> > >::_M_allocate_buckets(unsigned long)
2039 900
2042 600
2044 100
2045 400
2046 600
2047 100
2048 500
fn=std::__detail::_Hashtable_alloc<std::allocator<std::__detail::_Hash_node<int, false> > >::_M_deallocate_buckets(std::__detail::_Hash_node_base**, unsigned long)
2052 1000
2057 400
2058 600
2060 600
fn=std::__detail::_Hashtable_alloc<std::allocator<std::__detail::_Hash_node<int, false> > >::_M_deallocate_node(std::__detail::_Hash_node<int, false>*)
333 5000
2009 7000
2011 8000
2012 5000
2013 4000
fn=std::__detail::_Hashtable_alloc<std::allocator<std::__detail::_Hash_node<int, false> > >::_M_deallocate_node_ptr(std::__detail::_Hash_node<int, false>*)
2017 6000
2020 4000
2022 13000
2023 3000
fn=std::__detail::_Hashtable_alloc<std::allocator<std::__detail::_Hash_node<int, false> > >::_M_deallocate_nodes(std::__detail::_Hash_node<int, false>*)
2027 600
2029 2300
2031 2000
2032 4000
2033 5000
2035 400
fn=std::__detail::_Hashtable_alloc<std::allocator<std::__detail::_Hash_node<int, false> > >::_M_node_allocator()
1950 21000
1951 21000
fn=std::__detail::_Hashtable_alloc<std::allocator<std::__detail::_Hash_node<int, false> > >::~_Hashtable_alloc()
1912 1100
fn=std::__detail::_Hashtable_base<int, int, std::__detail::_Identity, std::equal_to<int>, std::hash<int>, std::__detail::_Mod_range_hashing, std::__detail::_Default_ranged_hash, std::__detail::_Hashtable_traits<false, true, true> >::_Hashtable_base(std::hash<int> const&, std::equal_to<int> const&)
1703 700
1704 1000
1705 300
fn=std::__detail::_Hashtable_base<int, int, std::__detail::_Identity, std::equal_to<int>, std::hash<int>, std::__detail::_Mod_range_hashing, std::__detail::_Default_ranged_hash, std::__detail::_Hashtable_traits<false, true, true> >::_M_eq() const
1760 16680
fn=std::__detail::_Hashtable_base<int, int, std::__detail::_Identity, std::equal_to<int>, std::hash<int>, std::__detail::_Mod_range_hashing, std::__detail::_Default_ranged_hash, std::__detail::_Hashtable_traits<false, true, true> >::_M_equals(int const&, unsigned long, std::__detail::_Hash_node_value<int, false> const&) const
1732 10672
1734 25010
fn=std::__detail::_Hashtable_base<int, int, std::__detail::_Identity, std::equal_to<int>, std::hash<int>, std::__detail::_Mod_range_hashing, std::__detail::_Default_ranged_hash, std::__detail::_Hashtable_traits<false, true, true> >::_M_key_equals(int const&, std::__detail::_Hash_node_value<int, false> const&) const
338 6670
348 1334
1708 14674
1715 22678
1716 8004
fn=std::__detail::_Hashtable_base<int, int, std::__detail::_Identity, std::equal_to<int>, std::hash<int>, std::__detail::_Mod_range_hashing, std::__detail::_Default_ranged_hash, std::__detail::_Hashtable_traits<false, true, true> >::_S_equals(unsigned long, std::__detail::_Hash_node_code_cache<false> const&)
1683 8340
1684 5004
fn=std::__detail::_Hashtable_ebo_helper<0, std::allocator<std::__detail::_Hash_node<int, false> >, true>::_Hashtable_ebo_helper<std::allocator<std::__detail::_Hash_node<int, false> > >(std::allocator<std::__detail::_Hash_node<int, false> >&&)
1221 600
1222 1000
1223 300
fn=std::__detail::_Hashtable_ebo_helper<0, std::allocator<std::__detail::_Hash_node<int, false> >, true>::_M_get()
1226 29400
fn=std::__detail::_Hashtable_ebo_helper<0, std::allocator<std::__detail::_Hash_node<int, false> >, true>::~_Hashtable_ebo_helper()
1215 900
fn=std::__detail::_Hashtable_ebo_helper<0, std::equal_to<int>, true>::_Hashtable_ebo_helper<std::equal_to<int> const&>(std::equal_to<int> const&)
1221 600
1222 300
1223 300
fn=std::__detail::_Hashtable_ebo_helper<0, std::equal_to<int>, true>::_M_cget() const
1225 11676
fn=std::__detail::_Hashtable_ebo_helper<1, std::hash<int>, true>::_Hashtable_ebo_helper<std::hash<int> const&>(std::hash<int> const&)
1221 600
1222 300
1223 300
fn=std::__detail::_Hashtable_ebo_helper<1, std::hash<int>, true>::_M_cget() const
1225 22582
fn=std::__detail::_Hashtable_hash_traits<std::hash<int> >::__small_size_threshold()
297 9000
298 9000
fn=std::__detail::_Insert_base<int, int, std::allocator<int>, std::__detail::_Identity, std::equal_to<int>, std::hash<int>, std::__detail::_Mod_range_hashing, std::__detail::_Default_ranged_hash, std::__detail::_Prime_rehash_policy, std::__detail::_Hashtable_traits<false, true, true> >::_M_conjure_hashtable()
903 800
904 600
fn=std::__detail::_Mod_range_hashing::operator()(unsigned long, unsigned long) const
526 19956
528 19956
fn=std::__detail::_Node_const_iterator<int, true, false>::_Node_const_iterator(std::__detail::_Hash_node<int, false>*)
483 6000
484 8000
fn=std::__detail::_Node_iterator<int, true, false>::_Node_iterator(std::__detail::_Hash_node<int, false>*)
436 7200
437 9600
fn=std::__detail::_Node_iterator_base<int, false>::_Node_iterator_base(std::__detail::_Hash_node<int, false>*)
393 11000
394 13200
fn=std::__detail::_Prime_rehash_policy::_M_state() const
571 4000
572 4000
fn=std::__detail::_Prime_rehash_policy::_Prime_rehash_policy(float)
544 500
545 800
fn=std::__detail::operator==(std::__detail::_Node_iterator_base<int, false> const&, std::__detail::_Node_iterator_base<int, false> const&)
401 500
403 800
fn=unsigned long std::__detail::_Hash_code_base<int, int, std::__detail::_Identity, std::hash<int>, std::__detail::_Mod_range_hashing, std::__detail::_Default_ranged_hash, false>::_M_hash_code_tr<int>(int const&) const
1315 6000
1319 9000
1320 2000
fn=void std::__detail::_Insert_base<int, int, std::allocator<int>, std::__detail::_Identity, std::equal_to<int>, std::hash<int>, std::__detail::_Mod_range_hashing, std::__detail::_Default_ranged_hash, std::__detail::_Prime_rehash_policy, std::__detail::_Hashtable_traits<false, true, true> >::_M_insert_range<__gnu_cxx::__normal_iterator<int*, std::vector<int, std::allocator<int> > >, std::__detail::_AllocNode<std::allocator<std::__detail::_Hash_node<int, false> > > >(__gnu_cxx::__normal_iterator<int*, std::vector<int, std::allocator<int> > >, __gnu_cxx::__normal_iterator<int*, std::vector<int, std::allocator<int> > >, std::__detail::_AllocNode<std::allocator<std::__detail::_Hash_node<int, false> > > const&, std::integral_constant<bool, true>)
986 800
992 400
993 11900
994 9000
995 400
fn=void std::__detail::_Insert_base<int, int, std::allocator<int>, std::__detail::_Identity, std::equal_to<int>, std::hash<int>, std::__detail::_Mod_range_hashing, std::__detail::_Default_ranged_hash, std::__detail::_Prime_rehash_policy, std::__detail::_Hashtable_traits<false, true, true> >::insert<__gnu_cxx::__normal_iterator<int*, std::vector<int, std::allocator<int> > > >(__gnu_cxx::__normal_iterator<int*, std::vector<int, std::allocator<int> > >, __gnu_cxx::__normal_iterator<int*, std::vector<int, std::allocator<int> > >)
972 1000
974 400
975 500
976 700
977 500
fl=/usr/include/c++/13/bits/invoke.h
fn=std::__invoke_result<TunableHNSW::HNSW<TunableHNSW::HNSWConfig<128, true, (TunableHNSW::SearchStrategy)0, (TunableHNSW::QuantizationStrategy)0, (TunableHNSW::IndexStrategy)0, 32ul, 64ul, 300ul, 100ul, 16, 100, 0, 0ul, 0, 0, 0ul, false> >::BuildGraphConcurrently_()::{lambda(int)#1}, unsigned int>::type std::__invoke<TunableHNSW::HNSW<TunableHNSW::HNSWConfig<128, true, (TunableHNSW::SearchStrategy)0, (TunableHNSW::QuantizationStrategy)0, (TunableHNSW::IndexStrategy)0, 32ul, 64ul, 300ul, 100ul, 16, 100, 0, 0ul, 0, 0, 0ul, false> >::BuildGraphConcurrently_()::{lambda(int)#1}, unsigned int>(TunableHNSW::HNSW<TunableHNSW::HNSWConfig<128, true, (TunableHNSW::SearchStrategy)0, (TunableHNSW::QuantizationStrategy)0, (TunableHNSW::IndexStrategy)0, 32ul, 64ul, 300ul, 100ul, 16, 100, 0, 0ul, 0, 0, 0ul, false> >::BuildGraphConcurrently_()::{lambda(int)#1}&&, unsigned int&&)
90 126
96 180
97 18
98 54
fn=void std::__invoke_impl<void, TunableHNSW::HNSW<TunableHNSW::HNSWConfig<128, true, (TunableHNSW::SearchStrategy)0, (TunableHNSW::QuantizationStrategy)0, (TunableHNSW::IndexStrategy)0, 32ul, 64ul, 300ul, 100ul, 16, 100, 0, 0ul, 0, 0, 0ul, false> >::BuildGraphConcurrently_()::{lambda(int)#1}, unsigned int>(std::__invoke_other, TunableHNSW::HNSW<TunableHNSW::HNSWConfig<128, true, (TunableHNSW::SearchStrategy)0, (TunableHNSW::QuantizationStrategy)0, (TunableHNSW::IndexStrategy)0, 32ul, 64ul, 300ul, 100ul, 16, 100, 0, 0ul, 0, 0, 0ul, false> >::BuildGraphConcurrently_()::{lambda(int)#1}&&, unsigned int&&)
60 126
61 270
fl=/usr/include/c++/13/bits/ios_base.h
fn=std::fixed(std::ios_base&)
1085 5
1086 5
1087 1
1088 2
fn=std::ios_base::setf(std::_Ios_Fmtflags, std::_Ios_Fmtflags)
706 7
708 3
709 9
710 11
711 1
712 2
fn=std::operator&(std::_Ios_Fmtflags, std::_Ios_Fmtflags)
84 18
fn=std::operator&=(std::_Ios_Fmtflags&, std::_Ios_Fmtflags)
104 17
fn=std::operator|(std::_Ios_Fmtflags, std::_Ios_Fmtflags)
88 9
fn=std::operator|(std::_Ios_Openmode, std::_Ios_Openmode)
131 1800
fn=std::operator|=(std::_Ios_Fmtflags&, std::_Ios_Fmtflags)
100 17
fn=std::operator~(std::_Ios_Fmtflags)
96 8
fl=/usr/include/c++/13/bits/move.h
fn=TunableHNSW::HNSW<TunableHNSW::HNSWConfig<128, true, (TunableHNSW::SearchStrategy)0, (TunableHNSW::QuantizationStrategy)0, (TunableHNSW::IndexStrategy)0, 32ul, 64ul, 300ul, 100ul, 16, 100, 0, 0ul, 0, 0, 0ul, false> >::BuildGraphConcurrently_()::{lambda(int)#1}& std::forward<TunableHNSW::HNSW<TunableHNSW::HNSWConfig<128, true, (TunableHNSW::SearchStrategy)0, (TunableHNSW::QuantizationStrategy)0, (TunableHNSW::IndexStrategy)0, 32ul, 64ul, 300ul, 100ul, 16, 100, 0, 0ul, 0, 0, 0ul, false> >::BuildGraphConcurrently_()::{lambda(int)#1}&>(std::remove_reference<TunableHNSW::HNSW<TunableHNSW::HNSWConfig<128, true, (TunableHNSW::SearchStrategy)0, (TunableHNSW::QuantizationStrategy)0, (TunableHNSW::IndexStrategy)0, 32ul, 64ul, 300ul, 100ul, 16, 100, 0, 0ul, 0, 0, 0ul, false> >::BuildGraphConcurrently_()::{lambda(int)#1}&>::type&)
70 648
71 486
fn=TunableHNSW::HNSW<TunableHNSW::HNSWConfig<128, true, (TunableHNSW::SearchStrategy)0, (TunableHNSW::QuantizationStrategy)0, (TunableHNSW::IndexStrategy)0, 32ul, 64ul, 300ul, 100ul, 16, 100, 0, 0ul, 0, 0, 0ul, false> >::BuildGraphConcurrently_()::{lambda(int)#1}&& std::forward<TunableHNSW::HNSW<TunableHNSW::HNSWConfig<128, true, (TunableHNSW::SearchStrategy)0, (TunableHNSW::QuantizationStrategy)0, (TunableHNSW::IndexStrategy)0, 32ul, 64ul, 300ul, 100ul, 16, 100, 0, 0ul, 0, 0, 0ul, false> >::BuildGraphConcurrently_()::{lambda(int)#1}>(std::remove_reference<TunableHNSW::HNSW<TunableHNSW::HNSWConfig<128, true, (TunableHNSW::SearchStrategy)0, (TunableHNSW::QuantizationStrategy)0, (TunableHNSW::IndexStrategy)0, 32ul, 64ul, 300ul, 100ul, 16, 100, 0, 0ul, 0, 0, 0ul, false> >::BuildGraphConcurrently_()::{lambda(int)#1}>::type&)
70 216
71 162
fn=TunableHNSW::HNSW<TunableHNSW::HNSWConfig<128, true, (TunableHNSW::SearchStrategy)0, (TunableHNSW::QuantizationStrategy)0, (TunableHNSW::IndexStrategy)0, 32ul, 64ul, 300ul, 100ul, 16, 100, 0, 0ul, 0, 0, 0ul, false> >::Node* std::__addressof<TunableHNSW::HNSW<TunableHNSW::HNSWConfig<128, true, (TunableHNSW::SearchStrategy)0, (TunableHNSW::QuantizationStrategy)0, (TunableHNSW::IndexStrategy)0, 32ul, 64ul, 300ul, 100ul, 16, 100, 0, 0ul, 0, 0, 0ul, false> >::Node>(TunableHNSW::HNSW<TunableHNSW::HNSWConfig<128, true, (TunableHNSW::SearchStrategy)0, (TunableHNSW::QuantizationStrategy)0, (TunableHNSW::IndexStrategy)0, 32ul, 64ul, 300ul, 100ul, 16, 100, 0, 0ul, 0, 0, 0ul, false> >::Node&)
51 80000
52 60000
fn=bool&& std::forward<bool>(std::remove_reference<bool>::type&)
70 4000
71 3000
fn=char const* std::__addressof<char const>(char const&)
51 3360
52 2520
fn=char const* std::addressof<char const>(char const&)
138 4200
139 4200
fn=char const*& std::forward<char const*&>(std::remove_reference<char const*&>::type&)
70 16
71 12
fn=char const*&& std::forward<char const*>(std::remove_reference<char const*>::type&)
70 16
71 12
fn=char* std::__addressof<char>(char&)
51 904
52 678
fn=char* std::addressof<char>(char&)
138 1130
139 1130
fn=float& std::forward<float&>(std::remove_reference<float&>::type&)
70 37897616
71 28423212
fn=float&& std::forward<float>(std::remove_reference<float>::type&)
70 394256640
71 295692480
fn=float* std::__addressof<float>(float&)
51 16
52 12
fn=int const& std::forward<int const&>(std::remove_reference<int const&>::type&)
70 11576
71 8682
fn=int& std::forward<int&>(std::remove_reference<int&>::type&)
70 37951436
71 28463577
fn=int&& std::forward<int>(std::remove_reference<int>::type&)
70 394254820
71 295691115
fn=int* std::__addressof<int>(int&)
51 40004
52 30003
fn=std::__detail::_Hash_node<int, false>* std::__addressof<std::__detail::_Hash_node<int, false> >(std::__detail::_Hash_node<int, false>&)
51 4000
52 3000
fn=std::__detail::_Hash_node<int, false>* std::addressof<std::__detail::_Hash_node<int, false> >(std::__detail::_Hash_node<int, false>&)
138 5000
139 5000
fn=std::__detail::_Hash_node_base** std::__addressof<std::__detail::_Hash_node_base*>(std::__detail::_Hash_node_base*&)
51 400
52 300
fn=std::__detail::_Hash_node_base** std::addressof<std::__detail::_Hash_node_base*>(std::__detail::_Hash_node_base*&)
138 500
139 500
fn=std::__detail::_Node_iterator<int, true, false>& std::forward<std::__detail::_Node_iterator<int, true, false>&>(std::remove_reference<std::__detail::_Node_iterator<int, true, false>&>::type&)
70 4000
71 3000
fn=std::__format::_Formatting_scanner<std::__format::_Sink_iter<char>, char>::_M_format_arg(unsigned long)::{lambda(auto:1&)#1}&& std::forward<std::__format::_Formatting_scanner<std::__format::_Sink_iter<char>, char>::_M_format_arg(unsigned long)::{lambda(auto:1&)#1}>(std::remove_reference<std::__format::_Formatting_scanner<std::__format::_Sink_iter<char>, char>::_M_format_arg(unsigned long)::{lambda(auto:1&)#1}>::type&)
70 40
71 30
fn=std::__format::_Sink<char>* std::__addressof<std::__format::_Sink<char> >(std::__format::_Sink<char>&)
51 16
52 12
fn=std::__format::_Sink<char>* std::addressof<std::__format::_Sink<char> >(std::__format::_Sink<char>&)
138 20
139 20
fn=std::allocator<std::__detail::_Hash_node<int, false> >&& std::forward<std::allocator<std::__detail::_Hash_node<int, false> > >(std::remove_reference<std::allocator<std::__detail::_Hash_node<int, false> > >::type&)
70 800
71 600
fn=std::atomic<long long>* std::__addressof<std::atomic<long long> >(std::atomic<long long>&)
51 68
52 51
fn=std::default_delete<std::mutex>&& std::forward<std::default_delete<std::mutex> >(std::remove_reference<std::default_delete<std::mutex> >::type&)
70 40000
71 30000
fn=std::enable_if<std::__and_<std::__not_<std::__is_tuple_like<float> >, std::is_move_constructible<float>, std::is_move_assignable<float> >::value, void>::type std::swap<float>(float&, float&)
189 16004385
197 8891325
198 10669590
199 10669590
200 10669590
fn=std::enable_if<std::__and_<std::__not_<std::__is_tuple_like<int> >, std::is_move_constructible<int>, std::is_move_assignable<int> >::value, void>::type std::swap<int>(int&, int&)
189 16004385
197 8891325
198 10669590
199 10669590
200 10669590
fn=std::equal_to<int> const& std::forward<std::equal_to<int> const&>(std::remove_reference<std::equal_to<int> const&>::type&)
70 400
71 300
fn=std::hash<int> const& std::forward<std::hash<int> const&>(std::remove_reference<std::hash<int> const&>::type&)
70 400
71 300
fn=std::pair<float, int> const& std::forward<std::pair<float, int> const&>(std::remove_reference<std::pair<float, int> const&>::type&)
70 23760984
71 17820738
fn=std::pair<float, int>& std::forward<std::pair<float, int>&>(std::remove_reference<std::pair<float, int>&>::type&)
70 545416224
71 409062168
fn=std::pair<float, int>&& std::forward<std::pair<float, int> >(std::remove_reference<std::pair<float, int> >::type&)
70 193876196
71 145407147
fn=std::pair<float, int>* std::__addressof<std::pair<float, int> >(std::pair<float, int>&)
51 119044836
52 89283627
fn=std::remove_reference<TunableHNSW::HNSW<TunableHNSW::HNSWConfig<128, true, (TunableHNSW::SearchStrategy)0, (TunableHNSW::QuantizationStrategy)0, (TunableHNSW::IndexStrategy)0, 32ul, 64ul, 300ul, 100ul, 16, 100, 0, 0ul, 0, 0, 0ul, false> >*&>::type&& std::move<TunableHNSW::HNSW<TunableHNSW::HNSWConfig<128, true, (TunableHNSW::SearchStrategy)0, (TunableHNSW::QuantizationStrategy)0, (TunableHNSW::IndexStrategy)0, 32ul, 64ul, 300ul, 100ul, 16, 100, 0, 0ul, 0, 0, 0ul, false> >*&>(TunableHNSW::HNSW<TunableHNSW::HNSWConfig<128, true, (TunableHNSW::SearchStrategy)0, (TunableHNSW::QuantizationStrategy)0, (TunableHNSW::IndexStrategy)0, 32ul, 64ul, 300ul, 100ul, 16, 100, 0, 0ul, 0, 0, 0ul, false> >*&)
97 4
98 3
fn=std::remove_reference<float&>::type&& std::move<float&>(float&)
97 21339180
98 16004385
fn=std::remove_reference<int&>::type&& std::move<int&>(int&)
97 21339180
98 16004385
fn=std::remove_reference<int*&>::type&& std::move<int*&>(int*&)
97 160000
98 120000
fn=std::remove_reference<std::__cxx11::basic_string<char, std::char_traits<char>, std::allocator<char> >&>::type&& std::move<std::__cxx11::basic_string<char, std::char_traits<char>, std::allocator<char> >&>(std::__cxx11::basic_string<char, std::char_traits<char>, std::allocator<char> >&)
97 16
98 12
fn=std::remove_reference<std::__format::_Seq_sink<std::__cxx11::basic_string<char, std::char_traits<char>, std::allocator<char> > >&>::type&& std::move<std::__format::_Seq_sink<std::__cxx11::basic_string<char, std::char_traits<char>, std::allocator<char> > >&>(std::__format::_Seq_sink<std::__cxx11::basic_string<char, std::char_traits<char>, std::allocator<char> > >&)
98 12
fn=std::remove_reference<std::__format::_Sink_iter<char>&>::type&& std::move<std::__format::_Sink_iter<char>&>(std::__format::_Sink_iter<char>&)
97 192
98 144
fn=std::remove_reference<std::allocator<char>&>::type&& std::move<std::allocator<char>&>(std::allocator<char>&)
97 880
98 660
fn=std::remove_reference<std::allocator<float>&>::type&& std::move<std::allocator<float>&>(std::allocator<float>&)
97 8
98 6
fn=std::remove_reference<std::allocator<std::vector<float, std::allocator<float> > >&>::type&& std::move<std::allocator<std::vector<float, std::allocator<float> > >&>(std::allocator<std::vector<float, std::allocator<float> > >&)
97 8
98 6
fn=std::remove_reference<std::allocator<std::vector<unsigned long, std::allocator<unsigned long> > >&>::type&& std::move<std::allocator<std::vector<unsigned long, std::allocator<unsigned long> > >&>(std::allocator<std::vector<unsigned long, std::allocator<unsigned long> > >&)
97 8
98 6
fn=std::remove_reference<std::mutex*&>::type&& std::move<std::mutex*&>(std::mutex*&)
97 40000
98 30000
fn=std::remove_reference<std::pair<float, int>&>::type&& std::move<std::pair<float, int>&>(std::pair<float, int>&)
97 701479240
98 526109430
fn=std::remove_reference<std::pair<unsigned short, char const*>&>::type&& std::move<std::pair<unsigned short, char const*>&>(std::pair<unsigned short, char const*>&)
97 32
98 24
fn=std::remove_reference<std::tuple<TunableHNSW::HNSW<TunableHNSW::HNSWConfig<128, true, (TunableHNSW::SearchStrategy)0, (TunableHNSW::QuantizationStrategy)0, (TunableHNSW::IndexStrategy)0, 32ul, 64ul, 300ul, 100ul, 16, 100, 0, 0ul, 0, 0, 0ul, false> >::BuildGraphConcurrently_()::{lambda(int)#1}, unsigned int>&>::type&& std::move<std::tuple<TunableHNSW::HNSW<TunableHNSW::HNSWConfig<128, true, (TunableHNSW::SearchStrategy)0, (TunableHNSW::QuantizationStrategy)0, (TunableHNSW::IndexStrategy)0, 32ul, 64ul, 300ul, 100ul, 16, 100, 0, 0ul, 0, 0, 0ul, false> >::BuildGraphConcurrently_()::{lambda(int)#1}, unsigned int>&>(std::tuple<TunableHNSW::HNSW<TunableHNSW::HNSWConfig<128, true, (TunableHNSW::SearchStrategy)0, (TunableHNSW::QuantizationStrategy)0, (TunableHNSW::IndexStrategy)0, 32ul, 64ul, 300ul, 100ul, 16, 100, 0, 0ul, 0, 0, 0ul, false> >::BuildGraphConcurrently_()::{lambda(int)#1}, unsigned int>&)
97 144
98 108
fn=std::remove_reference<std::vector<float, std::allocator<float> >&>::type&& std::move<std::vector<float, std::allocator<float> >&>(std::vector<float, std::allocator<float> >&)
97 8
98 6
fn=std::remove_reference<std::vector<std::vector<float, std::allocator<float> >, std::allocator<std::vector<float, std::allocator<float> > > >&>::type&& std::move<std::vector<std::vector<float, std::allocator<float> >, std::allocator<std::vector<float, std::allocator<float> > > >&>(std::vector<std::vector<float, std::allocator<float> >, std::allocator<std::vector<float, std::allocator<float> > > >&)
97 8
98 6
fn=std::remove_reference<std::vector<std::vector<unsigned long, std::allocator<unsigned long> >, std::allocator<std::vector<unsigned long, std::allocator<unsigned long> > > >&>::type&& std::move<std::vector<std::vector<unsigned long, std::allocator<unsigned long> >, std::allocator<std::vector<unsigned long, std::allocator<unsigned long> > > >&>(std::vector<std::vector<unsigned long, std::allocator<unsigned long> >, std::allocator<std::vector<unsigned long, std::allocator<unsigned long> > > >&)
97 8
98 6
fn=std::remove_reference<unsigned short*&>::type&& std::move<unsigned short*&>(unsigned short*&)
98 228
fn=std::thread* std::__addressof<std::thread>(std::thread&)
51 72
52 54
fn=std::vector<float, std::allocator<float> > const& std::forward<std::vector<float, std::allocator<float> > const&>(std::remove_reference<std::vector<float, std::allocator<float> > const&>::type&)
70 800
71 600
fn=std::vector<float, std::allocator<float> >* std::__addressof<std::vector<float, std::allocator<float> > >(std::vector<float, std::allocator<float> >&)
51 1600
52 1200
fn=std::vector<int, std::allocator<int> > const& std::forward<std::vector<int, std::allocator<int> > const&>(std::remove_reference<std::vector<int, std::allocator<int> > const&>::type&)
70 400
71 300
fn=std::vector<int, std::allocator<int> >* std::__addressof<std::vector<int, std::allocator<int> > >(std::vector<int, std::allocator<int> >&)
51 800
52 600
fn=std::vector<unsigned long, std::allocator<unsigned long> > const& std::forward<std::vector<unsigned long, std::allocator<unsigned long> > const&>(std::remove_reference<std::vector<unsigned long, std::allocator<unsigned long> > const&>::type&)
70 800
71 600
fn=std::vector<unsigned long, std::allocator<unsigned long> >* std::__addressof<std::vector<unsigned long, std::allocator<unsigned long> > >(std::vector<unsigned long, std::allocator<unsigned long> >&)
51 1600
52 1200
fn=unsigned int& std::forward<unsigned int&>(std::remove_reference<unsigned int&>::type&)
70 720
71 540
fn=unsigned int&& std::forward<unsigned int>(std::remove_reference<unsigned int>::type&)
70 216
71 162
fn=unsigned long* std::__addressof<unsigned long>(unsigned long&)
51 8
52 6
fn=unsigned short& std::forward<unsigned short&>(std::remove_reference<unsigned short&>::type&)
70 16
71 12
fn=unsigned short&& std::forward<unsigned short>(std::remove_reference<unsigned short>::type&)
70 16
71 12
fl=/usr/include/c++/13/bits/new_allocator.h
fn=(anonymous namespace)::LoadBaseFromFile(global::DataSetInfo const&)
88 4
fn=(anonymous namespace)::LoadLabelsFromFile(global::DataSetInfo const&)
88 6
fn=(anonymous namespace)::LoadSamplesFromFile(global::DataSetInfo const&)
88 6
fn=TunableHNSW::HNSWMetrics<16>::HNSWMetrics()
88 1
fn=std::_Hashtable<int, int, std::allocator<int>, std::__detail::_Identity, std::equal_to<int>, std::hash<int>, std::__detail::_Mod_range_hashing, std::__detail::_Default_ranged_hash, std::__detail::_Prime_rehash_policy, std::__detail::_Hashtable_traits<false, true, true> >::_Hashtable(std::hash<int> const&, std::equal_to<int> const&, std::allocator<int> const&)
88 100
fn=std::_Vector_base<TunableHNSW::HNSW<TunableHNSW::HNSWConfig<128, true, (TunableHNSW::SearchStrategy)0, (TunableHNSW::QuantizationStrategy)0, (TunableHNSW::IndexStrategy)0, 32ul, 64ul, 300ul, 100ul, 16, 100, 0, 0ul, 0, 0, 0ul, false> >::Node, std::allocator<TunableHNSW::HNSW<TunableHNSW::HNSWConfig<128, true, (TunableHNSW::SearchStrategy)0, (TunableHNSW::QuantizationStrategy)0, (TunableHNSW::IndexStrategy)0, 32ul, 64ul, 300ul, 100ul, 16, 100, 0, 0ul, 0, 0, 0ul, false> >::Node> >::_Vector_impl::_Vector_impl()
88 1
fn=std::_Vector_base<float, std::allocator<float> >::_Vector_impl::_Vector_impl()
88 3
fn=std::_Vector_base<float, std::allocator<float> >::_Vector_impl::_Vector_impl(std::allocator<float> const&)
92 206
fn=std::_Vector_base<float, std::allocator<float> >::get_allocator() const
92 2
fn=std::_Vector_base<int, std::allocator<int> >::_Vector_impl::_Vector_impl()
88 20000
fn=std::_Vector_base<int, std::allocator<int> >::_Vector_impl::_Vector_impl(std::allocator<int> const&)
92 101
fn=std::_Vector_base<std::atomic<long long>, std::allocator<std::atomic<long long> > >::_Vector_impl::_Vector_impl(std::allocator<std::atomic<long long> > const&)
92 1
fn=std::_Vector_base<std::pair<float, int>, std::allocator<std::pair<float, int> > >::_Vector_impl::_Vector_impl()
88 20890
fn=std::_Vector_base<std::vector<float, std::allocator<float> >, std::allocator<std::vector<float, std::allocator<float> > > >::_Vector_impl::_Vector_impl()
88 2
fn=std::_Vector_base<std::vector<float, std::allocator<float> >, std::allocator<std::vector<float, std::allocator<float> > > >::_Vector_impl::_Vector_impl(std::allocator<std::vector<float, std::allocator<float> > > const&)
92 4
fn=std::_Vector_base<std::vector<float, std::allocator<float> >, std::allocator<std::vector<float, std::allocator<float> > > >::get_allocator() const
92 2
fn=std::_Vector_base<std::vector<int, std::allocator<int> >, std::allocator<std::vector<int, std::allocator<int> > > >::_Vector_impl::_Vector_impl(std::allocator<std::vector<int, std::allocator<int> > > const&)
92 1
fn=std::_Vector_base<std::vector<unsigned long, std::allocator<unsigned long> >, std::allocator<std::vector<unsigned long, std::allocator<unsigned long> > > >::_Vector_impl::_Vector_impl()
88 2
fn=std::_Vector_base<std::vector<unsigned long, std::allocator<unsigned long> >, std::allocator<std::vector<unsigned long, std::allocator<unsigned long> > > >::_Vector_impl::_Vector_impl(std::allocator<std::vector<unsigned long, std::allocator<unsigned long> > > const&)
92 4
fn=std::_Vector_base<std::vector<unsigned long, std::allocator<unsigned long> >, std::allocator<std::vector<unsigned long, std::allocator<unsigned long> > > >::get_allocator() const
92 2
fn=std::_Vector_base<unsigned char, std::allocator<unsigned char> >::_Vector_impl::_Vector_impl()
88 1
fn=std::_Vector_base<unsigned long, std::allocator<unsigned long> >::_Vector_impl::_Vector_impl(std::allocator<unsigned long> const&)
92 202
fn=std::__cxx11::basic_string<char, std::char_traits<char>, std::allocator<char> >::_Alloc_hider::_Alloc_hider(char*, std::allocator<char> const&)
92 6
fn=std::__cxx11::basic_string<char, std::char_traits<char>, std::allocator<char> >::_Alloc_hider::_Alloc_hider(char*, std::allocator<char>&&)
92 216
fn=std::__cxx11::basic_string<char, std::char_traits<char>, std::allocator<char> >::basic_string()
88 212
fn=std::__detail::_Hashtable_alloc<std::allocator<std::__detail::_Hash_node<int, false> > >::_M_allocate_buckets(unsigned long)
88 100
fn=std::__detail::_Hashtable_alloc<std::allocator<std::__detail::_Hash_node<int, false> > >::_M_deallocate_buckets(std::__detail::_Hash_node_base**, unsigned long)
88 100
fn=std::__detail::_Hashtable_ebo_helper<0, std::allocator<std::__detail::_Hash_node<int, false> >, true>::_Hashtable_ebo_helper<std::allocator<std::__detail::_Hash_node<int, false> > >(std::allocator<std::__detail::_Hash_node<int, false> >&&)
92 100
fn=std::__new_allocator<TunableHNSW::HNSW<TunableHNSW::HNSWConfig<128, true, (TunableHNSW::SearchStrategy)0, (TunableHNSW::QuantizationStrategy)0, (TunableHNSW::IndexStrategy)0, 32ul, 64ul, 300ul, 100ul, 16, 100, 0, 0ul, 0, 0, 0ul, false> >::Node>::allocate(unsigned long, void const*)
126 9
134 7
151 5
152 2
233 1
fn=std::__new_allocator<TunableHNSW::HNSW<TunableHNSW::HNSWConfig<128, true, (TunableHNSW::SearchStrategy)0, (TunableHNSW::QuantizationStrategy)0, (TunableHNSW::IndexStrategy)0, 32ul, 64ul, 300ul, 100ul, 16, 100, 0, 0ul, 0, 0, 0ul, false> >::Node>::deallocate(TunableHNSW::HNSW<TunableHNSW::HNSWConfig<128, true, (TunableHNSW::SearchStrategy)0, (TunableHNSW::QuantizationStrategy)0, (TunableHNSW::IndexStrategy)0, 32ul, 64ul, 300ul, 100ul, 16, 100, 0, 0ul, 0, 0, 0ul, false> >::Node*, unsigned long)
156 7
172 7
173 2
fn=std::__new_allocator<char>::allocate(unsigned long, void const*)
126 3690
134 2870
151 1640
152 820
233 410
fn=std::__new_allocator<char>::deallocate(char*, unsigned long)
156 1470
172 1050
173 420
fn=std::__new_allocator<float>::allocate(unsigned long, void const*)
126 1845
134 1435
151 1025
152 410
233 205
fn=std::__new_allocator<float>::deallocate(float*, unsigned long)
156 1435
172 1230
173 410
fn=std::__new_allocator<int>::allocate(unsigned long, void const*)
126 180909
134 140707
151 100505
152 40202
233 20101
fn=std::__new_allocator<int>::deallocate(int*, unsigned long)
156 140707
172 120606
173 40202
fn=std::__new_allocator<std::__detail::_Hash_node<int, false> >::allocate(unsigned long, void const*)
126 9000
134 7000
151 5000
152 2000
233 1000
fn=std::__new_allocator<std::__detail::_Hash_node<int, false> >::deallocate(std::__detail::_Hash_node<int, false>*, unsigned long)
156 7000
172 7000
173 2000
fn=std::__new_allocator<std::__detail::_Hash_node_base*>::allocate(unsigned long, void const*)
126 900
134 700
151 500
152 200
233 100
fn=std::__new_allocator<std::__detail::_Hash_node_base*>::deallocate(std::__detail::_Hash_node_base**, unsigned long)
156 700
172 600
173 200
fn=std::__new_allocator<std::atomic<long long> >::allocate(unsigned long, void const*)
126 9
134 7
151 5
152 2
233 1
fn=std::__new_allocator<std::atomic<long long> >::deallocate(std::atomic<long long>*, unsigned long)
156 7
172 6
173 2
fn=std::__new_allocator<std::pair<float, int> >::allocate(unsigned long, void const*)
126 1933362
134 1503726
151 1074090
152 429636
233 214818
fn=std::__new_allocator<std::pair<float, int> >::deallocate(std::pair<float, int>*, unsigned long)
156 1503726
172 1288908
173 429636
fn=std::__new_allocator<std::thread>::allocate(unsigned long, void const*)
126 9
134 7
151 5
152 2
233 1
fn=std::__new_allocator<std::thread>::deallocate(std::thread*, unsigned long)
156 7
172 6
173 2
fn=std::__new_allocator<std::vector<float, std::allocator<float> > >::allocate(unsigned long, void const*)
126 18
134 14
151 16
152 4
233 2
fn=std::__new_allocator<std::vector<float, std::allocator<float> > >::deallocate(std::vector<float, std::allocator<float> >*, unsigned long)
156 14
172 20
173 4
fn=std::__new_allocator<std::vector<int, std::allocator<int> > >::allocate(unsigned long, void const*)
126 9
134 7
151 8
152 2
233 1
fn=std::__new_allocator<std::vector<int, std::allocator<int> > >::deallocate(std::vector<int, std::allocator<int> >*, unsigned long)
156 7
172 10
173 2
fn=std::__new_allocator<std::vector<unsigned long, std::allocator<unsigned long> > >::allocate(unsigned long, void const*)
126 18
134 14
151 16
152 4
233 2
fn=std::__new_allocator<std::vector<unsigned long, std::allocator<unsigned long> > >::deallocate(std::vector<unsigned long, std::allocator<unsigned long> >*, unsigned long)
156 14
172 20
173 4
fn=std::__new_allocator<unsigned long>::allocate(unsigned long, void const*)
126 1818
134 1414
151 1010
152 404
233 202
fn=std::__new_allocator<unsigned long>::deallocate(unsigned long*, unsigned long)
156 1414
172 1212
173 404
fn=std::__new_allocator<unsigned short>::allocate(unsigned long, void const*)
126 171
134 133
151 95
152 38
233 19
fn=std::__new_allocator<unsigned short>::deallocate(unsigned short*, unsigned long)
156 133
172 114
173 38
fn=std::vector<float, std::allocator<float> >::_S_check_init_len(unsigned long, std::allocator<float> const&)
92 5
fn=std::vector<float, std::allocator<float> >::vector(std::vector<float, std::allocator<float> > const&)
92 200
fn=std::vector<int, std::allocator<int> >::_S_check_init_len(unsigned long, std::allocator<int> const&)
92 1
fn=std::vector<int, std::allocator<int> >::vector(std::vector<int, std::allocator<int> > const&)
92 100
fn=std::vector<std::atomic<long long>, std::allocator<std::atomic<long long> > >::_S_check_init_len(unsigned long, std::allocator<std::atomic<long long> > const&)
92 1
fn=std::vector<std::vector<float, std::allocator<float> >, std::allocator<std::vector<float, std::allocator<float> > > >::_S_check_init_len(unsigned long, std::allocator<std::vector<float, std::allocator<float> > > const&)
92 2
fn=std::vector<std::vector<int, std::allocator<int> >, std::allocator<std::vector<int, std::allocator<int> > > >::_S_check_init_len(unsigned long, std::allocator<std::vector<int, std::allocator<int> > > const&)
92 1
fn=std::vector<std::vector<unsigned long, std::allocator<unsigned long> >, std::allocator<std::vector<unsigned long, std::allocator<unsigned long> > > >::_S_check_init_len(unsigned long, std::allocator<std::vector<unsigned long, std::allocator<unsigned long> > > const&)
92 2
fn=std::vector<unsigned long, std::allocator<unsigned long> >::_S_check_init_len(unsigned long, std::allocator<unsigned long> const&)
92 2
fn=std::vector<unsigned long, std::allocator<unsigned long> >::vector(std::vector<unsigned long, std::allocator<unsigned long> > const&)
92 200
fn=void (anonymous namespace)::RunTest<TunableHNSW::HNSWConfig<128, true, (TunableHNSW::SearchStrategy)0, (TunableHNSW::QuantizationStrategy)0, (TunableHNSW::IndexStrategy)0, 32ul, 64ul, 300ul, 100ul, 16, 100, 0, 0ul, 0, 0, 0ul, false> >((anonymous namespace)::LoadedDataset const&, std::basic_string_view<char, std::char_traits<char> >)
88 102
fl=/usr/include/c++/13/bits/predefined_ops.h
fn=__gnu_cxx::__ops::__iter_less_iter()
51 62112
fn=__gnu_cxx::__ops::__val_comp_iter(__gnu_cxx::__ops::_Iter_less_iter)
109 17633748
fn=bool __gnu_cxx::__ops::_Iter_comp_iter<std::greater<void> >::operator()<__gnu_cxx::__normal_iterator<std::pair<float, int>*, std::vector<std::pair<float, int>, std::allocator<std::pair<float, int> > > >, __gnu_cxx::__normal_iterator<std::pair<float, int>*, std::vector<std::pair<float, int>, std::allocator<std::pair<float, int> > > > >(__gnu_cxx::__normal_iterator<std::pair<float, int>*, std::vector<std::pair<float, int>, std::allocator<std::pair<float, int> > > >, __gnu_cxx::__normal_iterator<std::pair<float, int>*, std::vector<std::pair<float, int>, std::allocator<std::pair<float, int> > > >)
157 185153985
158 349735305
fn=bool __gnu_cxx::__ops::_Iter_comp_iter<std::less<std::pair<float, int> > >::operator()<__gnu_cxx::__normal_iterator<std::pair<float, int>*, std::vector<std::pair<float, int>, std::allocator<std::pair<float, int> > > >, __gnu_cxx::__normal_iterator<std::pair<float, int>*, std::vector<std::pair<float, int>, std::allocator<std::pair<float, int> > > > >(__gnu_cxx::__normal_iterator<std::pair<float, int>*, std::vector<std::pair<float, int>, std::allocator<std::pair<float, int> > > >, __gnu_cxx::__normal_iterator<std::pair<float, int>*, std::vector<std::pair<float, int>, std::allocator<std::pair<float, int> > > >)
157 269037702
158 508182326
fn=bool __gnu_cxx::__ops::_Iter_comp_val<std::greater<void> >::operator()<__gnu_cxx::__normal_iterator<std::pair<float, int>*, std::vector<std::pair<float, int>, std::allocator<std::pair<float, int> > > >, std::pair<float, int> >(__gnu_cxx::__normal_iterator<std::pair<float, int>*, std::vector<std::pair<float, int>, std::allocator<std::pair<float, int> > > >, std::pair<float, int>&)
195 108126792
196 175706037
fn=bool __gnu_cxx::__ops::_Iter_comp_val<std::less<std::pair<float, int> > >::operator()<__gnu_cxx::__normal_iterator<std::pair<float, int>*, std::vector<std::pair<float, int>, std::allocator<std::pair<float, int> > > >, std::pair<float, int> >(__gnu_cxx::__normal_iterator<std::pair<float, int>*, std::vector<std::pair<float, int>, std::allocator<std::pair<float, int> > > >, std::pair<float, int>&)
195 140676024
196 228598539
fn=bool __gnu_cxx::__ops::_Iter_less_iter::operator()<__gnu_cxx::__normal_iterator<std::pair<float, int>*, std::vector<std::pair<float, int>, std::allocator<std::pair<float, int> > > >, __gnu_cxx::__normal_iterator<std::pair<float, int>*, std::vector<std::pair<float, int>, std::allocator<std::pair<float, int> > > > >(__gnu_cxx::__normal_iterator<std::pair<float, int>*, std::vector<std::pair<float, int>, std::allocator<std::pair<float, int> > > >, __gnu_cxx::__normal_iterator<std::pair<float, int>*, std::vector<std::pair<float, int>, std::allocator<std::pair<float, int> > > >) const
44 126023200
45 236293500
fn=bool __gnu_cxx::__ops::_Val_less_iter::operator()<std::pair<float, int>, __gnu_cxx::__normal_iterator<std::pair<float, int>*, std::vector<std::pair<float, int>, std::allocator<std::pair<float, int> > > > >(std::pair<float, int>&, __gnu_cxx::__normal_iterator<std::pair<float, int>*, std::vector<std::pair<float, int>, std::allocator<std::pair<float, int> > > >) const
97 39026638
98 66902808
fl=/usr/include/c++/13/bits/ptr_traits.h
fn=char const* std::__to_address<char const>(char const*)
212 88
215 22
216 44
fn=char const* std::to_address<char const>(char const*)
250 110
251 110
fn=char* std::__to_address<char>(char*)
212 120
215 30
216 60
fn=char* std::to_address<char>(char*)
250 150
251 150
fn=std::__detail::_Hash_node<int, false>* std::__to_address<std::__detail::_Hash_node<int, false> >(std::__detail::_Hash_node<int, false>*)
212 4000
215 1000
216 2000
fn=std::__detail::_Hash_node_base** std::__to_address<std::__detail::_Hash_node_base*>(std::__detail::_Hash_node_base**)
212 400
215 100
216 200
fn=std::__ptr_traits_ptr_to<char const*, char const, false>::pointer_to(char const&)
141 4200
142 4200
fn=std::__ptr_traits_ptr_to<char*, char, false>::pointer_to(char&)
141 1130
142 1130
fn=std::__ptr_traits_ptr_to<std::__detail::_Hash_node<int, false>*, std::__detail::_Hash_node<int, false>, false>::pointer_to(std::__detail::_Hash_node<int, false>&)
141 5000
142 5000
fn=std::__ptr_traits_ptr_to<std::__detail::_Hash_node_base**, std::__detail::_Hash_node_base*, false>::pointer_to(std::__detail::_Hash_node_base*&)
141 500
142 500
fl=/usr/include/c++/13/bits/random.h
fn=double std::uniform_real_distribution<double>::operator()<std::mersenne_twister_engine<unsigned long, 32ul, 624ul, 397ul, 31ul, 2567483615ul, 11ul, 4294967295ul, 7ul, 2636928640ul, 15ul, 4022730752ul, 18ul, 1812433253ul> >(std::mersenne_twister_engine<unsigned long, 32ul, 624ul, 397ul, 31ul, 2567483615ul, 11ul, 4294967295ul, 7ul, 2636928640ul, 15ul, 4022730752ul, 18ul, 1812433253ul>&)
1899 60000
1900 80000
fn=double std::uniform_real_distribution<double>::operator()<std::mersenne_twister_engine<unsigned long, 32ul, 624ul, 397ul, 31ul, 2567483615ul, 11ul, 4294967295ul, 7ul, 2636928640ul, 15ul, 4022730752ul, 18ul, 1812433253ul> >(std::mersenne_twister_engine<unsigned long, 32ul, 624ul, 397ul, 31ul, 2567483615ul, 11ul, 4294967295ul, 7ul, 2636928640ul, 15ul, 4022730752ul, 18ul, 1812433253ul>&, std::uniform_real_distribution<double>::param_type const&)
1904 110000
1908 50000
1909 190000
1910 60000
fn=std::__detail::_Adaptor<std::mersenne_twister_engine<unsigned long, 32ul, 624ul, 397ul, 31ul, 2567483615ul, 11ul, 4294967295ul, 7ul, 2636928640ul, 15ul, 4022730752ul, 18ul, 1812433253ul>, double>::_Adaptor(std::mersenne_twister_engine<unsigned long, 32ul, 624ul, 397ul, 31ul, 2567483615ul, 11ul, 4294967295ul, 7ul, 2636928640ul, 15ul, 4022730752ul, 18ul, 1812433253ul>&)
173 50000
174 60000
fn=std::__detail::_Adaptor<std::mersenne_twister_engine<unsigned long, 32ul, 624ul, 397ul, 31ul, 2567483615ul, 11ul, 4294967295ul, 7ul, 2636928640ul, 15ul, 4022730752ul, 18ul, 1812433253ul>, double>::operator()()
190 50000
194 40000
195 20000
fn=std::__detail::_Mod<unsigned long, 4294967296ul, 1ul, 0ul, true, true>::__calc(unsigned long)
139 4992
141 2496
143 2496
144 1248
145 2496
fn=std::__detail::_Mod<unsigned long, 624ul, 1ul, 0ul, true, true>::__calc(unsigned long)
139 4984
141 2492
143 13706
144 1246
145 2492
fn=std::mersenne_twister_engine<unsigned long, 32ul, 624ul, 397ul, 31ul, 2567483615ul, 11ul, 4294967295ul, 7ul, 2636928640ul, 15ul, 4022730752ul, 18ul, 1812433253ul>::mersenne_twister_engine(unsigned long)
545 12
546 16
fn=std::mersenne_twister_engine<unsigned long, 32ul, 624ul, 397ul, 31ul, 2567483615ul, 11ul, 4294967295ul, 7ul, 2636928640ul, 15ul, 4022730752ul, 18ul, 1812433253ul>::min()
570 60000
571 60000
fn=std::uniform_real_distribution<double>::param_type::a() const
1803 80000
1804 80000
fn=std::uniform_real_distribution<double>::param_type::b() const
1807 40000
1808 40000
fn=std::uniform_real_distribution<double>::param_type::param_type(double, double)
1796 70000
1797 60000
1799 50000
1800 30000
fn=std::uniform_real_distribution<double>::uniform_real_distribution(double, double)
1840 70000
1841 70000
1842 30000
fn=unsigned long std::__detail::__mod<unsigned long, 4294967296ul, 1ul, 0ul>(unsigned long)
150 6240
157 1248
158 3744
160 2496
fn=unsigned long std::__detail::__mod<unsigned long, 624ul, 1ul, 0ul>(unsigned long)
150 6230
157 1246
158 3738
160 2492
fl=/usr/include/c++/13/bits/random.tcc
fn=double std::generate_canonical<double, 53ul, std::mersenne_twister_engine<unsigned long, 32ul, 624ul, 397ul, 31ul, 2567483615ul, 11ul, 4294967295ul, 7ul, 2636928640ul, 15ul, 4022730752ul, 18ul, 1812433253ul> >(std::mersenne_twister_engine<unsigned long, 32ul, 624ul, 397ul, 31ul, 2567483615ul, 11ul, 4294967295ul, 7ul, 2636928640ul, 15ul, 4022730752ul, 18ul, 1812433253ul>&)
3349 90000
3354 10000
3357 20000
3359 280000
3360 80000
3361 50000
3363 20000
3364 20000
3365 110000
3367 340000
3368 80000
3370 30000
3371 70000
3380 10000
3381 60000
fn=std::mersenne_twister_engine<unsigned long, 32ul, 624ul, 397ul, 31ul, 2567483615ul, 11ul, 4294967295ul, 7ul, 2636928640ul, 15ul, 4022730752ul, 18ul, 1812433253ul>::_M_gen_rand()
397 132
401 33
402 33
404 22605
406 52437
407 37455
408 74910
409 56206
412 39336
414 91476
415 65340
416 130680
417 97948
420 198
421 99
422 231
423 216
424 66
425 99
fn=std::mersenne_twister_engine<unsigned long, 32ul, 624ul, 397ul, 31ul, 2567483615ul, 11ul, 4294967295ul, 7ul, 2636928640ul, 15ul, 4022730752ul, 18ul, 1812433253ul>::operator()()
453 100000
458 80000
459 99
462 160000
463 80000
464 80000
465 80000
466 60000
468 20000
469 40000
fn=std::mersenne_twister_engine<unsigned long, 32ul, 624ul, 397ul, 31ul, 2567483615ul, 11ul, 4294967295ul, 7ul, 2636928640ul, 15ul, 4022730752ul, 18ul, 1812433253ul>::seed(unsigned long)
326 12
330 4
331 6
333 3746
335 6230
336 3738
337 3738
338 4984
339 3738
340 3738
342 4
343 6
fl=/usr/include/c++/13/bits/std_mutex.h
fn=std::__mutex_base::__mutex_base()
67 120012
fn=std::lock_guard<std::mutex>::lock_guard(std::mutex&)
248 901206
249 700938
fn=std::lock_guard<std::mutex>::~lock_guard()
254 500670
255 700938
fn=std::mutex::lock()
111 500670
113 400536
116 200268
118 300402
fn=std::mutex::mutex()
104 110011
fn=std::mutex::unlock()
129 500670
132 300402
133 300402
fl=/usr/include/c++/13/bits/std_thread.h
fn=std::operator==(std::thread::id, std::thread::id)
325 90
330 72
331 36
fn=std::thread::_Invoker<std::tuple<TunableHNSW::HNSW<TunableHNSW::HNSWConfig<128, true, (TunableHNSW::SearchStrategy)0, (TunableHNSW::QuantizationStrategy)0, (TunableHNSW::IndexStrategy)0, 32ul, 64ul, 300ul, 100ul, 16, 100, 0, 0ul, 0, 0, 0ul, false> >::BuildGraphConcurrently_()::{lambda(int)#1}, unsigned int> >::_Invoker<TunableHNSW::HNSW<TunableHNSW::HNSWConfig<128, true, (TunableHNSW::SearchStrategy)0, (TunableHNSW::QuantizationStrategy)0, (TunableHNSW::IndexStrategy)0, 32ul, 64ul, 300ul, 100ul, 16, 100, 0, 0ul, 0, 0, 0ul, false> >::BuildGraphConcurrently_()::{lambda(int)#1}&, unsigned int&>(TunableHNSW::HNSW<TunableHNSW::HNSWConfig<128, true, (TunableHNSW::SearchStrategy)0, (TunableHNSW::QuantizationStrategy)0, (TunableHNSW::IndexStrategy)0, 32ul, 64ul, 300ul, 100ul, 16, 100, 0, 0ul, 0, 0, 0ul, false> >::BuildGraphConcurrently_()::{lambda(int)#1}&, unsigned int&)
276 162
277 216
278 108
fn=std::thread::_Invoker<std::tuple<TunableHNSW::HNSW<TunableHNSW::HNSWConfig<128, true, (TunableHNSW::SearchStrategy)0, (TunableHNSW::QuantizationStrategy)0, (TunableHNSW::IndexStrategy)0, 32ul, 64ul, 300ul, 100ul, 16, 100, 0, 0ul, 0, 0, 0ul, false> >::BuildGraphConcurrently_()::{lambda(int)#1}, unsigned int> >::operator()()
295 90
299 72
300 36
fn=std::thread::_State::_State()
225 180
fn=std::thread::_State_impl<std::thread::_Invoker<std::tuple<TunableHNSW::HNSW<TunableHNSW::HNSWConfig<128, true, (TunableHNSW::SearchStrategy)0, (TunableHNSW::QuantizationStrategy)0, (TunableHNSW::IndexStrategy)0, 32ul, 64ul, 300ul, 100ul, 16, 100, 0, 0ul, 0, 0, 0ul, false> >::BuildGraphConcurrently_()::{lambda(int)#1}, unsigned int> > >::_M_run()
244 216
fn=std::thread::_State_impl<std::thread::_Invoker<std::tuple<TunableHNSW::HNSW<TunableHNSW::HNSWConfig<128, true, (TunableHNSW::SearchStrategy)0, (TunableHNSW::QuantizationStrategy)0, (TunableHNSW::IndexStrategy)0, 32ul, 64ul, 300ul, 100ul, 16, 100, 0, 0ul, 0, 0, 0ul, false> >::BuildGraphConcurrently_()::{lambda(int)#1}, unsigned int> > >::_State_impl<TunableHNSW::HNSW<TunableHNSW::HNSWConfig<128, true, (TunableHNSW::SearchStrategy)0, (TunableHNSW::QuantizationStrategy)0, (TunableHNSW::IndexStrategy)0, 32ul, 64ul, 300ul, 100ul, 16, 100, 0, 0ul, 0, 0, 0ul, false> >::BuildGraphConcurrently_()::{lambda(int)#1}&, unsigned int&>(TunableHNSW::HNSW<TunableHNSW::HNSWConfig<128, true, (TunableHNSW::SearchStrategy)0, (TunableHNSW::QuantizationStrategy)0, (TunableHNSW::IndexStrategy)0, 32ul, 64ul, 300ul, 100ul, 16, 100, 0, 0ul, 0, 0, 0ul, false> >::BuildGraphConcurrently_()::{lambda(int)#1}&, unsigned int&)
239 162
240 342
241 108
fn=std::thread::_State_impl<std::thread::_Invoker<std::tuple<TunableHNSW::HNSW<TunableHNSW::HNSWConfig<128, true, (TunableHNSW::SearchStrategy)0, (TunableHNSW::QuantizationStrategy)0, (TunableHNSW::IndexStrategy)0, 32ul, 64ul, 300ul, 100ul, 16, 100, 0, 0ul, 0, 0, 0ul, false> >::BuildGraphConcurrently_()::{lambda(int)#1}, unsigned int> > >::~_State_impl()
234 504
fn=std::thread::id::id()
97 324
fn=std::thread::joinable() const
196 144
197 270
fn=std::thread::thread<TunableHNSW::HNSW<TunableHNSW::HNSWConfig<128, true, (TunableHNSW::SearchStrategy)0, (TunableHNSW::QuantizationStrategy)0, (TunableHNSW::IndexStrategy)0, 32ul, 64ul, 300ul, 100ul, 16, 100, 0, 0ul, 0, 0, 0ul, false> >::BuildGraphConcurrently_()::{lambda(int)#1}&, unsigned int&, void>(TunableHNSW::HNSW<TunableHNSW::HNSWConfig<128, true, (TunableHNSW::SearchStrategy)0, (TunableHNSW::QuantizationStrategy)0, (TunableHNSW::IndexStrategy)0, 32ul, 64ul, 300ul, 100ul, 16, 100, 0, 0ul, 0, 0, 0ul, false> >::BuildGraphConcurrently_()::{lambda(int)#1}&, unsigned int&)
154 234
155 54
164 522
167 180
fn=std::thread::~thread()
170 90
172 90
174 54
fn=void std::thread::_Invoker<std::tuple<TunableHNSW::HNSW<TunableHNSW::HNSWConfig<128, true, (TunableHNSW::SearchStrategy)0, (TunableHNSW::QuantizationStrategy)0, (TunableHNSW::IndexStrategy)0, 32ul, 64ul, 300ul, 100ul, 16, 100, 0, 0ul, 0, 0, 0ul, false> >::BuildGraphConcurrently_()::{lambda(int)#1}, unsigned int> >::_M_invoke<0ul, 1ul>(std::_Index_tuple<0ul, 1ul>)
291 108
292 324
fl=/usr/include/c++/13/bits/stl_algo.h
fn=__gnu_cxx::__normal_iterator<std::pair<float, int>*, std::vector<std::pair<float, int>, std::allocator<std::pair<float, int> > > > std::__unguarded_partition<__gnu_cxx::__normal_iterator<std::pair<float, int>*, std::vector<std::pair<float, int>, std::allocator<std::pair<float, int> > > >, __gnu_cxx::__ops::_Iter_less_iter>(__gnu_cxx::__normal_iterator<std::pair<float, int>*, std::vector<std::pair<float, int>, std::allocator<std::pair<float, int> > > >, __gnu_cxx::__normal_iterator<std::pair<float, int>*, std::vector<std::pair<float, int>, std::allocator<std::pair<float, int> > > >, __gnu_cxx::__normal_iterator<std::pair<float, int>*, std::vector<std::pair<float, int>, std::allocator<std::pair<float, int> > > >, __gnu_cxx::__ops::_Iter_less_iter)
1871 2124605
1877 59708017
1878 16405737
1879 5319795
1880 63688425
1881 17898390
1882 17732650
1883 607030
1884 7348750
1885 4409250
1887 607030
fn=__gnu_cxx::__normal_iterator<std::pair<float, int>*, std::vector<std::pair<float, int>, std::allocator<std::pair<float, int> > > > std::__unguarded_partition_pivot<__gnu_cxx::__normal_iterator<std::pair<float, int>*, std::vector<std::pair<float, int>, std::allocator<std::pair<float, int> > > >, __gnu_cxx::__ops::_Iter_less_iter>(__gnu_cxx::__normal_iterator<std::pair<float, int>*, std::vector<std::pair<float, int>, std::allocator<std::pair<float, int> > > >, __gnu_cxx::__normal_iterator<std::pair<float, int>*, std::vector<std::pair<float, int>, std::allocator<std::pair<float, int> > > >, __gnu_cxx::__ops::_Iter_less_iter)
1893 3035150
1896 4552725
1897 4552725
1899 3035150
1900 1821090
fn=void std::__final_insertion_sort<__gnu_cxx::__normal_iterator<std::pair<float, int>*, std::vector<std::pair<float, int>, std::allocator<std::pair<float, int> > > >, __gnu_cxx::__ops::_Iter_less_iter>(__gnu_cxx::__normal_iterator<std::pair<float, int>*, std::vector<std::pair<float, int>, std::allocator<std::pair<float, int> > > >, __gnu_cxx::__normal_iterator<std::pair<float, int>*, std::vector<std::pair<float, int>, std::allocator<std::pair<float, int> > > >, __gnu_cxx::__ops::_Iter_less_iter)
1854 62112
1857 93168
1859 92250
1860 92250
1864 510
1865 41306
fn=void std::__insertion_sort<__gnu_cxx::__normal_iterator<std::pair<float, int>*, std::vector<std::pair<float, int>, std::allocator<std::pair<float, int> > > >, __gnu_cxx::__ops::_Iter_less_iter>(__gnu_cxx::__normal_iterator<std::pair<float, int>*, std::vector<std::pair<float, int>, std::allocator<std::pair<float, int> > > >, __gnu_cxx::__normal_iterator<std::pair<float, int>*, std::vector<std::pair<float, int>, std::allocator<std::pair<float, int> > > >, __gnu_cxx::__ops::_Iter_less_iter)
1812 103520
1815 72464
1817 1853251
1819 1234888
1822 76076
1823 108680
1824 119548
1827 430479
1828 143493
1830 62112
fn=void std::__introsort_loop<__gnu_cxx::__normal_iterator<std::pair<float, int>*, std::vector<std::pair<float, int>, std::allocator<std::pair<float, int> > > >, long, __gnu_cxx::__ops::_Iter_less_iter>(__gnu_cxx::__normal_iterator<std::pair<float, int>*, std::vector<std::pair<float, int>, std::allocator<std::pair<float, int> > > >, __gnu_cxx::__normal_iterator<std::pair<float, int>*, std::vector<std::pair<float, int>, std::allocator<std::pair<float, int> > > >, long, __gnu_cxx::__ops::_Iter_less_iter)
1918 3138670
1922 5870305
1924 607030
1929 303515
1931 1821090
1932 1821090
1933 607030
1935 1569335
fn=void std::__move_median_to_first<__gnu_cxx::__normal_iterator<std::pair<float, int>*, std::vector<std::pair<float, int>, std::allocator<std::pair<float, int> > > >, __gnu_cxx::__ops::_Iter_less_iter>(__gnu_cxx::__normal_iterator<std::pair<float, int>*, std::vector<std::pair<float, int>, std::allocator<std::pair<float, int> > > >, __gnu_cxx::__normal_iterator<std::pair<float, int>*, std::vector<std::pair<float, int>, std::allocator<std::pair<float, int> > > >, __gnu_cxx::__normal_iterator<std::pair<float, int>*, std::vector<std::pair<float, int>, std::allocator<std::pair<float, int> > > >, __gnu_cxx::__normal_iterator<std::pair<float, int>*, std::vector<std::pair<float, int>, std::allocator<std::pair<float, int> > > >, __gnu_cxx::__ops::_Iter_less_iter)
85 2428120
88 2428120
90 2346064
91 1466200
92 144
93 45
95 45
97 82056
98 25
99 82016
100 30
102 51230
103 1203814
fn=void std::__reverse<__gnu_cxx::__normal_iterator<std::pair<float, int>*, std::vector<std::pair<float, int>, std::allocator<std::pair<float, int> > > > >(__gnu_cxx::__normal_iterator<std::pair<float, int>*, std::vector<std::pair<float, int>, std::allocator<std::pair<float, int> > > >, __gnu_cxx::__normal_iterator<std::pair<float, int>*, std::vector<std::pair<float, int>, std::allocator<std::pair<float, int> > > >, std::random_access_iterator_tag)
1102 600
1105 700
1107 300
1108 46100
1110 25000
1111 15000
1112 15000
1114 200
fn=void std::__sort<__gnu_cxx::__normal_iterator<std::pair<float, int>*, std::vector<std::pair<float, int>, std::allocator<std::pair<float, int> > > >, __gnu_cxx::__ops::_Iter_less_iter>(__gnu_cxx::__normal_iterator<std::pair<float, int>*, std::vector<std::pair<float, int>, std::allocator<std::pair<float, int> > > >, __gnu_cxx::__normal_iterator<std::pair<float, int>*, std::vector<std::pair<float, int>, std::allocator<std::pair<float, int> > > >, __gnu_cxx::__ops::_Iter_less_iter)
1942 62112
1945 82816
1947 62112
1948 72464
1950 51760
1952 31056
fn=void std::__unguarded_insertion_sort<__gnu_cxx::__normal_iterator<std::pair<float, int>*, std::vector<std::pair<float, int>, std::allocator<std::pair<float, int> > > >, __gnu_cxx::__ops::_Iter_less_iter>(__gnu_cxx::__normal_iterator<std::pair<float, int>*, std::vector<std::pair<float, int>, std::allocator<std::pair<float, int> > > >, __gnu_cxx::__normal_iterator<std::pair<float, int>*, std::vector<std::pair<float, int>, std::allocator<std::pair<float, int> > > >, __gnu_cxx::__ops::_Iter_less_iter)
1836 92250
1839 30862865
1840 8386395
1841 2795465
1842 61500
fn=void std::__unguarded_linear_insert<__gnu_cxx::__normal_iterator<std::pair<float, int>*, std::vector<std::pair<float, int>, std::allocator<std::pair<float, int> > > >, __gnu_cxx::__ops::_Val_less_iter>(__gnu_cxx::__normal_iterator<std::pair<float, int>*, std::vector<std::pair<float, int>, std::allocator<std::pair<float, int> > > >, __gnu_cxx::__ops::_Val_less_iter)
1792 26450622
1796 20572706
1797 5877916
1798 8816874
1799 47540830
1801 31635312
1802 5272552
1803 7908828
1805 29389580
1806 20572706
fn=void std::reverse<__gnu_cxx::__normal_iterator<std::pair<float, int>*, std::vector<std::pair<float, int>, std::allocator<std::pair<float, int> > > > >(__gnu_cxx::__normal_iterator<std::pair<float, int>*, std::vector<std::pair<float, int>, std::allocator<std::pair<float, int> > > >, __gnu_cxx::__normal_iterator<std::pair<float, int>*, std::vector<std::pair<float, int>, std::allocator<std::pair<float, int> > > >)
1131 600
1137 500
1138 300
fn=void std::sort<__gnu_cxx::__normal_iterator<std::pair<float, int>*, std::vector<std::pair<float, int>, std::allocator<std::pair<float, int> > > > >(__gnu_cxx::__normal_iterator<std::pair<float, int>*, std::vector<std::pair<float, int>, std::allocator<std::pair<float, int> > > >, __gnu_cxx::__normal_iterator<std::pair<float, int>*, std::vector<std::pair<float, int>, std::allocator<std::pair<float, int> > > >)
4851 62112
4861 62112
4862 31056
fl=/usr/include/c++/13/bits/stl_algobase.h
fn=TunableHNSW::HNSW<TunableHNSW::HNSWConfig<128, true, (TunableHNSW::SearchStrategy)0, (TunableHNSW::QuantizationStrategy)0, (TunableHNSW::IndexStrategy)0, 32ul, 64ul, 300ul, 100ul, 16, 100, 0, 0ul, 0, 0, 0ul, false> >::Node* std::__niter_base<TunableHNSW::HNSW<TunableHNSW::HNSWConfig<128, true, (TunableHNSW::SearchStrategy)0, (TunableHNSW::QuantizationStrategy)0, (TunableHNSW::IndexStrategy)0, 32ul, 64ul, 300ul, 100ul, 16, 100, 0, 0ul, 0, 0, 0ul, false> >::Node*>(TunableHNSW::HNSW<TunableHNSW::HNSWConfig<128, true, (TunableHNSW::SearchStrategy)0, (TunableHNSW::QuantizationStrategy)0, (TunableHNSW::IndexStrategy)0, 32ul, 64ul, 300ul, 100ul, 16, 100, 0, 0ul, 0, 0, 0ul, false> >::Node*)
316 12
318 9
fn=__gnu_cxx::__enable_if<std::__is_scalar<float>::__value, void>::__type std::__fill_a1<float*, float>(float*, float*, float const&)
926 24
929 12
930 13120912
931 9840672
932 16
fn=__gnu_cxx::__enable_if<std::__is_scalar<int>::__value, void>::__type std::__fill_a1<int*, int>(int*, int*, int const&)
926 120006
929 60003
930 2685976
931 1954479
932 80004
fn=__gnu_cxx::__enable_if<std::__is_scalar<unsigned long>::__value, void>::__type std::__fill_a1<unsigned long*, unsigned long>(unsigned long*, unsigned long*, unsigned long const&)
926 12
929 6
930 80
931 54
932 8
fn=__gnu_cxx::__enable_if<std::__is_scalar<unsigned short>::__value, void>::__type std::__fill_a1<unsigned short*, unsigned short>(unsigned short*, unsigned short*, unsigned short const&)
926 114
929 57
930 760076
931 570000
932 76
fn=__gnu_cxx::__normal_iterator<std::pair<float, int>*, std::vector<std::pair<float, int>, std::allocator<std::pair<float, int> > > > std::__copy_move_backward_a<true, __gnu_cxx::__normal_iterator<std::pair<float, int>*, std::vector<std::pair<float, int>, std::allocator<std::pair<float, int> > > >, __gnu_cxx::__normal_iterator<std::pair<float, int>*, std::vector<std::pair<float, int>, std::allocator<std::pair<float, int> > > > >(__gnu_cxx::__normal_iterator<std::pair<float, int>*, std::vector<std::pair<float, int>, std::allocator<std::pair<float, int> > > >, __gnu_cxx::__normal_iterator<std::pair<float, int>*, std::vector<std::pair<float, int>, std::allocator<std::pair<float, int> > > >, __gnu_cxx::__normal_iterator<std::pair<float, int>*, std::vector<std::pair<float, int>, std::allocator<std::pair<float, int> > > >)
805 97812
807 217360
811 54340
fn=__gnu_cxx::__normal_iterator<std::pair<float, int>*, std::vector<std::pair<float, int>, std::allocator<std::pair<float, int> > > > std::__niter_wrap<__gnu_cxx::__normal_iterator<std::pair<float, int>*, std::vector<std::pair<float, int>, std::allocator<std::pair<float, int> > > >, std::pair<float, int>*>(__gnu_cxx::__normal_iterator<std::pair<float, int>*, std::vector<std::pair<float, int>, std::allocator<std::pair<float, int> > > >, std::pair<float, int>*)
331 65208
332 152152
fn=__gnu_cxx::__normal_iterator<std::pair<float, int>*, std::vector<std::pair<float, int>, std::allocator<std::pair<float, int> > > > std::move_backward<__gnu_cxx::__normal_iterator<std::pair<float, int>*, std::vector<std::pair<float, int>, std::allocator<std::pair<float, int> > > >, __gnu_cxx::__normal_iterator<std::pair<float, int>*, std::vector<std::pair<float, int>, std::allocator<std::pair<float, int> > > > >(__gnu_cxx::__normal_iterator<std::pair<float, int>*, std::vector<std::pair<float, int>, std::allocator<std::pair<float, int> > > >, __gnu_cxx::__normal_iterator<std::pair<float, int>*, std::vector<std::pair<float, int>, std::allocator<std::pair<float, int> > > >, __gnu_cxx::__normal_iterator<std::pair<float, int>*, std::vector<std::pair<float, int>, std::allocator<std::pair<float, int> > > >)
892 86944
901 141284
904 32604
fn=float* std::__copy_move<false, true, std::random_access_iterator_tag>::__copy_m<float const, float>(float const*, float const*, float*)
433 1407
435 804
436 1005
437 1608
441 804
442 402
fn=float* std::__copy_move_a1<false, float const*, float*>(float const*, float const*, float*)
532 1407
533 1608
fn=float* std::__copy_move_a2<false, float const*, float*>(float const*, float const*, float*)
497 1407
501 603
506 1407
507 402
fn=float* std::__copy_move_a<false, __gnu_cxx::__normal_iterator<float const*, std::vector<float, std::allocator<float> > >, float*>(__gnu_cxx::__normal_iterator<float const*, std::vector<float, std::allocator<float> > >, __gnu_cxx::__normal_iterator<float const*, std::vector<float, std::allocator<float> > >, float*)
538 1809
540 4020
544 1005
fn=float* std::__fill_n_a<float*, unsigned long, float>(float*, unsigned long, float const&, std::random_access_iterator_tag)
1117 28
1123 8
1128 36
1129 16
1130 8
fn=float* std::__niter_base<float*>(float*)
316 804
318 603
fn=float* std::__niter_wrap<float*>(float* const&, float*)
338 1005
339 603
fn=float* std::copy<__gnu_cxx::__normal_iterator<float const*, std::vector<float, std::allocator<float> > >, float*>(__gnu_cxx::__normal_iterator<float const*, std::vector<float, std::allocator<float> > >, __gnu_cxx::__normal_iterator<float const*, std::vector<float, std::allocator<float> > >, float*)
624 1608
633 2613
634 603
fn=float* std::fill_n<float*, unsigned long, float>(float*, unsigned long, float const&)
1152 28
1157 36
1159 8
fn=int const& std::min<int>(int const&, int const&)
233 99995
238 119994
239 2
240 19998
241 39998
fn=int* std::__copy_move<false, true, std::random_access_iterator_tag>::__copy_m<int const, int>(int const*, int const*, int*)
433 700
435 400
436 500
437 800
441 400
442 200
fn=int* std::__copy_move<true, true, std::random_access_iterator_tag>::__copy_m<int, int>(int*, int*, int*)
433 140000
435 80000
436 100000
438 40000
441 80000
442 40000
fn=int* std::__copy_move_a1<false, int const*, int*>(int const*, int const*, int*)
532 700
533 800
fn=int* std::__copy_move_a1<true, int*, int*>(int*, int*, int*)
532 140000
533 160000
fn=int* std::__copy_move_a2<false, int const*, int*>(int const*, int const*, int*)
497 700
501 300
506 700
507 200
fn=int* std::__copy_move_a2<true, int*, int*>(int*, int*, int*)
497 140000
501 60000
506 140000
507 40000
fn=int* std::__copy_move_a<false, __gnu_cxx::__normal_iterator<int const*, std::vector<int, std::allocator<int> > >, int*>(__gnu_cxx::__normal_iterator<int const*, std::vector<int, std::allocator<int> > >, __gnu_cxx::__normal_iterator<int const*, std::vector<int, std::allocator<int> > >, int*)
538 900
540 2000
544 500
fn=int* std::__copy_move_a<true, int*, int*>(int*, int*, int*)
538 180000
540 400000
544 100000
fn=int* std::__fill_n_a<int*, unsigned long, int>(int*, unsigned long, int const&, std::random_access_iterator_tag)
1117 140007
1123 40002
1128 180009
1129 80004
1130 40002
fn=int* std::__niter_base<int*>(int*)
316 360400
318 270300
fn=int* std::__niter_wrap<int*>(int* const&, int*)
338 100500
339 60300
fn=int* std::copy<__gnu_cxx::__normal_iterator<int const*, std::vector<int, std::allocator<int> > >, int*>(__gnu_cxx::__normal_iterator<int const*, std::vector<int, std::allocator<int> > >, __gnu_cxx::__normal_iterator<int const*, std::vector<int, std::allocator<int> > >, int*)
624 800
633 1300
634 300
fn=int* std::copy<std::move_iterator<int*>, int*>(std::move_iterator<int*>, std::move_iterator<int*>, int*)
624 160000
633 260000
634 60000
fn=int* std::fill_n<int*, unsigned long, int>(int*, unsigned long, int const&)
1152 140007
1157 180009
1159 40002
fn=long std::__lg<long>(long)
1515 51760
1518 51760
1528 20704
fn=std::__size_to_integer(unsigned long)
1018 140182
fn=std::pair<float, int>* std::__copy_move_backward<true, false, std::random_access_iterator_tag>::__copy_move_b<std::pair<float, int>*, std::pair<float, int>*>(std::pair<float, int>*, std::pair<float, int>*, std::pair<float, int>*)
727 76076
730 43472
731 73077
732 134910
733 10868
734 21736
fn=std::pair<float, int>* std::__copy_move_backward_a1<true, std::pair<float, int>*, std::pair<float, int>*>(std::pair<float, int>*, std::pair<float, int>*, std::pair<float, int>*)
777 76076
778 86944
fn=std::pair<float, int>* std::__copy_move_backward_a2<true, std::pair<float, int>*, std::pair<float, int>*>(std::pair<float, int>*, std::pair<float, int>*, std::pair<float, int>*)
759 76076
763 32604
769 65208
771 10868
772 21736
fn=std::pair<float, int>* std::__niter_base<std::pair<float, int>*>(std::pair<float, int>*)
316 5031408
318 3773556
fn=std::thread* std::__niter_base<std::thread*>(std::thread*)
316 12
318 9
fn=unsigned long const& std::max<unsigned long>(unsigned long const&, unsigned long const&)
257 1172430
262 1406916
263 102020
264 183476
265 468972
fn=unsigned long const& std::min<unsigned long>(unsigned long const&, unsigned long const&)
233 2396780
238 2876136
240 479356
241 958712
fn=unsigned long* std::__copy_move<false, true, std::random_access_iterator_tag>::__copy_m<unsigned long const, unsigned long>(unsigned long const*, unsigned long const*, unsigned long*)
433 1400
435 800
436 1000
437 1600
441 800
442 400
fn=unsigned long* std::__copy_move_a1<false, unsigned long const*, unsigned long*>(unsigned long const*, unsigned long const*, unsigned long*)
532 1400
533 1600
fn=unsigned long* std::__copy_move_a2<false, unsigned long const*, unsigned long*>(unsigned long const*, unsigned long const*, unsigned long*)
497 1400
501 600
506 1400
507 400
fn=unsigned long* std::__copy_move_a<false, __gnu_cxx::__normal_iterator<unsigned long const*, std::vector<unsigned long, std::allocator<unsigned long> > >, unsigned long*>(__gnu_cxx::__normal_iterator<unsigned long const*, std::vector<unsigned long, std::allocator<unsigned long> > >, __gnu_cxx::__normal_iterator<unsigned long const*, std::vector<unsigned long, std::allocator<unsigned long> > >, unsigned long*)
538 1800
540 4000
544 1000
fn=unsigned long* std::__fill_n_a<unsigned long*, unsigned long, unsigned long>(unsigned long*, unsigned long, unsigned long const&, std::random_access_iterator_tag)
1117 14
1123 4
1128 18
1129 8
1130 4
fn=unsigned long* std::__niter_base<unsigned long*>(unsigned long*)
316 800
318 600
fn=unsigned long* std::__niter_wrap<unsigned long*>(unsigned long* const&, unsigned long*)
338 1000
339 600
fn=unsigned long* std::copy<__gnu_cxx::__normal_iterator<unsigned long const*, std::vector<unsigned long, std::allocator<unsigned long> > >, unsigned long*>(__gnu_cxx::__normal_iterator<unsigned long const*, std::vector<unsigned long, std::allocator<unsigned long> > >, __gnu_cxx::__normal_iterator<unsigned long const*, std::vector<unsigned long, std::allocator<unsigned long> > >, unsigned long*)
624 1600
633 2600
634 600
fn=unsigned long* std::fill_n<unsigned long*, unsigned long, unsigned long>(unsigned long*, unsigned long, unsigned long const&)
1152 14
1157 18
1159 4
fn=unsigned short* std::__copy_move<true, true, std::random_access_iterator_tag>::__copy_m<unsigned short, unsigned short>(unsigned short*, unsigned short*, unsigned short*)
433 266
435 152
436 190
438 76
441 152
442 76
fn=unsigned short* std::__copy_move_a1<true, unsigned short*, unsigned short*>(unsigned short*, unsigned short*, unsigned short*)
532 266
533 304
fn=unsigned short* std::__copy_move_a2<true, unsigned short*, unsigned short*>(unsigned short*, unsigned short*, unsigned short*)
497 266
501 114
506 266
507 76
fn=unsigned short* std::__copy_move_a<true, unsigned short*, unsigned short*>(unsigned short*, unsigned short*, unsigned short*)
538 342
540 760
544 190
fn=unsigned short* std::__fill_n_a<unsigned short*, unsigned long, unsigned short>(unsigned short*, unsigned long, unsigned short const&, std::random_access_iterator_tag)
1117 133
1123 38
1128 171
1129 76
1130 38
fn=unsigned short* std::__niter_base<unsigned short*>(unsigned short*)
316 456
318 342
fn=unsigned short* std::__niter_wrap<unsigned short*>(unsigned short* const&, unsigned short*)
338 190
339 114
fn=unsigned short* std::copy<std::move_iterator<unsigned short*>, unsigned short*>(std::move_iterator<unsigned short*>, std::move_iterator<unsigned short*>, unsigned short*)
624 304
633 494
634 114
fn=unsigned short* std::fill_n<unsigned short*, unsigned long, unsigned short>(unsigned short*, unsigned long, unsigned short const&)
1152 133
1157 171
1159 38
fn=void std::__fill_a<float*, float>(float*, float*, float const&)
976 28
977 36
fn=void std::__fill_a<int*, int>(int*, int*, int const&)
976 140007
977 180009
fn=void std::__fill_a<unsigned long*, unsigned long>(unsigned long*, unsigned long*, unsigned long const&)
976 14
977 18
fn=void std::__fill_a<unsigned short*, unsigned short>(unsigned short*, unsigned short*, unsigned short const&)
976 133
977 171
fn=void std::iter_swap<__gnu_cxx::__normal_iterator<std::pair<float, int>*, std::vector<std::pair<float, int>, std::allocator<std::pair<float, int> > > >, __gnu_cxx::__normal_iterator<std::pair<float, int>*, std::vector<std::pair<float, int>, std::allocator<std::pair<float, int> > > > >(__gnu_cxx::__normal_iterator<std::pair<float, int>*, std::vector<std::pair<float, int>, std::allocator<std::pair<float, int> > > >, __gnu_cxx::__normal_iterator<std::pair<float, int>*, std::vector<std::pair<float, int>, std::allocator<std::pair<float, int> > > >)
155 12447855
185 17782650
187 7113060
fl=/usr/include/c++/13/bits/stl_construct.h
fn=decltype (::new ((void*)(0)) int((declval<int&>)())) std::construct_at<int, int&>(int*, int&)
94 7000
97 14000
fn=decltype (::new ((void*)(0)) std::pair<float, int>((declval<std::pair<float, int> >)())) std::construct_at<std::pair<float, int>, std::pair<float, int> >(std::pair<float, int>*, std::pair<float, int>&&)
94 135766834
97 271533668
fn=decltype (::new ((void*)(0)) std::pair<float, int>((declval<std::pair<float, int> const&>)())) std::construct_at<std::pair<float, int>, std::pair<float, int> const&>(std::pair<float, int>*, std::pair<float, int> const&)
94 20788061
97 41576122
fn=decltype (::new ((void*)(0)) std::thread((declval<TunableHNSW::HNSW<TunableHNSW::HNSWConfig<128, true, (TunableHNSW::SearchStrategy)0, (TunableHNSW::QuantizationStrategy)0, (TunableHNSW::IndexStrategy)0, 32ul, 64ul, 300ul, 100ul, 16, 100, 0, 0ul, 0, 0, 0ul, false> >::BuildGraphConcurrently_()::{lambda(int)#1}&>)(), (declval<unsigned int&>)())) std::construct_at<std::thread, TunableHNSW::HNSW<TunableHNSW::HNSWConfig<128, true, (TunableHNSW::SearchStrategy)0, (TunableHNSW::QuantizationStrategy)0, (TunableHNSW::IndexStrategy)0, 32ul, 64ul, 300ul, 100ul, 16, 100, 0, 0ul, 0, 0, 0ul, false> >::BuildGraphConcurrently_()::{lambda(int)#1}&, unsigned int&>(std::thread*, TunableHNSW::HNSW<TunableHNSW::HNSWConfig<128, true, (TunableHNSW::SearchStrategy)0, (TunableHNSW::QuantizationStrategy)0, (TunableHNSW::IndexStrategy)0, 32ul, 64ul, 300ul, 100ul, 16, 100, 0, 0ul, 0, 0, 0ul, false> >::BuildGraphConcurrently_()::{lambda(int)#1}&, unsigned int&)
94 198
97 468
fn=std::remove_reference<std::__format::_Seq_sink<std::__cxx11::basic_string<char, std::char_traits<char>, std::allocator<char> > >&>::type&& std::move<std::__format::_Seq_sink<std::__cxx11::basic_string<char, std::char_traits<char>, std::allocator<char> > >&>(std::__format::_Seq_sink<std::__cxx11::basic_string<char, std::char_traits<char>, std::allocator<char> > >&)
97 16
fn=std::remove_reference<unsigned short*&>::type&& std::move<unsigned short*&>(unsigned short*&)
97 304
fn=void std::_Construct<TunableHNSW::HNSW<TunableHNSW::HNSWConfig<128, true, (TunableHNSW::SearchStrategy)0, (TunableHNSW::QuantizationStrategy)0, (TunableHNSW::IndexStrategy)0, 32ul, 64ul, 300ul, 100ul, 16, 100, 0, 0ul, 0, 0, 0ul, false> >::Node>(TunableHNSW::HNSW<TunableHNSW::HNSWConfig<128, true, (TunableHNSW::SearchStrategy)0, (TunableHNSW::QuantizationStrategy)0, (TunableHNSW::IndexStrategy)0, 32ul, 64ul, 300ul, 100ul, 16, 100, 0, 0ul, 0, 0, 0ul, false> >::Node*)
109 50000
112 30000
119 110000
120 20000
fn=void std::_Construct<float>(float*)
109 20
112 12
119 24
120 8
fn=void std::_Construct<int>(int*)
109 50005
112 30003
119 50005
120 20002
fn=void std::_Construct<std::atomic<long long>>(std::atomic<long long>*)
109 85
112 51
119 119
120 34
fn=void std::_Construct<std::vector<float, std::allocator<float> >, std::vector<float, std::allocator<float> > const&>(std::vector<float, std::allocator<float> >*, std::vector<float, std::allocator<float> > const&)
109 2000
112 600
119 2400
120 1600
fn=void std::_Construct<std::vector<int, std::allocator<int> >, std::vector<int, std::allocator<int> > const&>(std::vector<int, std::allocator<int> >*, std::vector<int, std::allocator<int> > const&)
109 1000
112 300
119 1200
120 800
fn=void std::_Construct<std::vector<unsigned long, std::allocator<unsigned long> >, std::vector<unsigned long, std::allocator<unsigned long> > const&>(std::vector<unsigned long, std::allocator<unsigned long> >*, std::vector<unsigned long, std::allocator<unsigned long> > const&)
109 2000
112 600
119 2400
120 1600
fn=void std::_Construct<unsigned long>(unsigned long*)
109 10
112 6
119 10
120 4
fn=void std::_Destroy<TunableHNSW::HNSW<TunableHNSW::HNSWConfig<128, true, (TunableHNSW::SearchStrategy)0, (TunableHNSW::QuantizationStrategy)0, (TunableHNSW::IndexStrategy)0, 32ul, 64ul, 300ul, 100ul, 16, 100, 0, 0ul, 0, 0, 0ul, false> >::Node*>(TunableHNSW::HNSW<TunableHNSW::HNSWConfig<128, true, (TunableHNSW::SearchStrategy)0, (TunableHNSW::QuantizationStrategy)0, (TunableHNSW::IndexStrategy)0, 32ul, 64ul, 300ul, 100ul, 16, 100, 0, 0ul, 0, 0, 0ul, false> >::Node*, TunableHNSW::HNSW<TunableHNSW::HNSWConfig<128, true, (TunableHNSW::SearchStrategy)0, (TunableHNSW::QuantizationStrategy)0, (TunableHNSW::IndexStrategy)0, 32ul, 64ul, 300ul, 100ul, 16, 100, 0, 0ul, 0, 0, 0ul, false> >::Node*)
182 6
192 3
196 5
197 2
fn=void std::_Destroy<TunableHNSW::HNSW<TunableHNSW::HNSWConfig<128, true, (TunableHNSW::SearchStrategy)0, (TunableHNSW::QuantizationStrategy)0, (TunableHNSW::IndexStrategy)0, 32ul, 64ul, 300ul, 100ul, 16, 100, 0, 0ul, 0, 0, 0ul, false> >::Node>(TunableHNSW::HNSW<TunableHNSW::HNSWConfig<128, true, (TunableHNSW::SearchStrategy)0, (TunableHNSW::QuantizationStrategy)0, (TunableHNSW::IndexStrategy)0, 32ul, 64ul, 300ul, 100ul, 16, 100, 0, 0ul, 0, 0, 0ul, false> >::Node*)
146 50000
149 30000
153 30000
fn=void std::_Destroy<float*>(float*, float*)
182 1260
192 630
196 1050
197 420
fn=void std::_Destroy<int*>(int*, int*)
182 180606
192 90303
196 150505
197 60202
fn=void std::_Destroy<std::atomic<long long>*>(std::atomic<long long>*, std::atomic<long long>*)
182 6
192 3
196 5
197 2
fn=void std::_Destroy<std::pair<float, int>*>(std::pair<float, int>*, std::pair<float, int>*)
182 188052
192 94026
196 156710
197 62684
fn=void std::_Destroy<std::thread*>(std::thread*, std::thread*)
182 6
192 3
196 5
197 2
fn=void std::_Destroy<std::thread>(std::thread*)
146 90
149 54
153 54
fn=void std::_Destroy<std::vector<float, std::allocator<float> > >(std::vector<float, std::allocator<float> >*)
146 1000
149 600
153 600
fn=void std::_Destroy<std::vector<float, std::allocator<float> >*>(std::vector<float, std::allocator<float> >*, std::vector<float, std::allocator<float> >*)
182 36
192 18
196 30
197 12
fn=void std::_Destroy<std::vector<int, std::allocator<int> > >(std::vector<int, std::allocator<int> >*)
146 500
149 300
153 300
fn=void std::_Destroy<std::vector<int, std::allocator<int> >*>(std::vector<int, std::allocator<int> >*, std::vector<int, std::allocator<int> >*)
182 6
192 3
196 5
197 2
fn=void std::_Destroy<std::vector<unsigned long, std::allocator<unsigned long> > >(std::vector<unsigned long, std::allocator<unsigned long> >*)
146 1000
149 600
153 600
fn=void std::_Destroy<std::vector<unsigned long, std::allocator<unsigned long> >*>(std::vector<unsigned long, std::allocator<unsigned long> >*, std::vector<unsigned long, std::allocator<unsigned long> >*)
182 36
192 18
196 30
197 12
fn=void std::_Destroy<unsigned char*>(unsigned char*, unsigned char*)
182 6
192 3
196 5
197 2
fn=void std::_Destroy<unsigned long*>(unsigned long*, unsigned long*)
182 1212
192 606
196 1010
197 404
fn=void std::_Destroy<unsigned short*>(unsigned short*, unsigned short*)
182 228
192 114
196 190
197 76
fn=void std::_Destroy_aux<false>::__destroy<TunableHNSW::HNSW<TunableHNSW::HNSWConfig<128, true, (TunableHNSW::SearchStrategy)0, (TunableHNSW::QuantizationStrategy)0, (TunableHNSW::IndexStrategy)0, 32ul, 64ul, 300ul, 100ul, 16, 100, 0, 0ul, 0, 0, 0ul, false> >::Node*>(TunableHNSW::HNSW<TunableHNSW::HNSWConfig<128, true, (TunableHNSW::SearchStrategy)0, (TunableHNSW::QuantizationStrategy)0, (TunableHNSW::IndexStrategy)0, 32ul, 64ul, 300ul, 100ul, 16, 100, 0, 0ul, 0, 0, 0ul, false> >::Node*, TunableHNSW::HNSW<TunableHNSW::HNSWConfig<128, true, (TunableHNSW::SearchStrategy)0, (TunableHNSW::QuantizationStrategy)0, (TunableHNSW::IndexStrategy)0, 32ul, 64ul, 300ul, 100ul, 16, 100, 0, 0ul, 0, 0, 0ul, false> >::Node*)
160 6
162 40004
163 50000
164 4
fn=void std::_Destroy_aux<false>::__destroy<std::thread*>(std::thread*, std::thread*)
160 6
162 76
163 90
164 4
fn=void std::_Destroy_aux<false>::__destroy<std::vector<float, std::allocator<float> >*>(std::vector<float, std::allocator<float> >*, std::vector<float, std::allocator<float> >*)
160 36
162 824
163 1000
164 24
fn=void std::_Destroy_aux<false>::__destroy<std::vector<int, std::allocator<int> >*>(std::vector<int, std::allocator<int> >*, std::vector<int, std::allocator<int> >*)
160 6
162 404
163 500
164 4
fn=void std::_Destroy_aux<false>::__destroy<std::vector<unsigned long, std::allocator<unsigned long> >*>(std::vector<unsigned long, std::allocator<unsigned long> >*, std::vector<unsigned long, std::allocator<unsigned long> >*)
160 36
162 824
163 1000
164 24
fn=void std::_Destroy_aux<true>::__destroy<float*>(float*, float*)
172 1680
fn=void std::_Destroy_aux<true>::__destroy<int*>(int*, int*)
172 240808
fn=void std::_Destroy_aux<true>::__destroy<std::atomic<long long>*>(std::atomic<long long>*, std::atomic<long long>*)
172 8
fn=void std::_Destroy_aux<true>::__destroy<std::pair<float, int>*>(std::pair<float, int>*, std::pair<float, int>*)
172 250736
fn=void std::_Destroy_aux<true>::__destroy<unsigned char*>(unsigned char*, unsigned char*)
172 8
fn=void std::_Destroy_aux<true>::__destroy<unsigned long*>(unsigned long*, unsigned long*)
172 1616
fn=void std::_Destroy_aux<true>::__destroy<unsigned short*>(unsigned short*, unsigned short*)
172 304
fn=void std::destroy_at<TunableHNSW::HNSW<TunableHNSW::HNSWConfig<128, true, (TunableHNSW::SearchStrategy)0, (TunableHNSW::QuantizationStrategy)0, (TunableHNSW::IndexStrategy)0, 32ul, 64ul, 300ul, 100ul, 16, 100, 0, 0ul, 0, 0, 0ul, false> >::Node>(TunableHNSW::HNSW<TunableHNSW::HNSWConfig<128, true, (TunableHNSW::SearchStrategy)0, (TunableHNSW::QuantizationStrategy)0, (TunableHNSW::IndexStrategy)0, 32ul, 64ul, 300ul, 100ul, 16, 100, 0, 0ul, 0, 0, 0ul, false> >::Node*)
80 50000
88 30000
89 30000
fn=void std::destroy_at<int>(int*)
80 4000
89 3000
fn=void std::destroy_at<std::pair<float, int> >(std::pair<float, int>*)
80 70512408
89 52884306
fn=void std::destroy_at<std::thread>(std::thread*)
80 90
88 54
89 54
fn=void std::destroy_at<std::vector<float, std::allocator<float> > >(std::vector<float, std::allocator<float> >*)
80 1000
88 600
89 600
fn=void std::destroy_at<std::vector<int, std::allocator<int> > >(std::vector<int, std::allocator<int> >*)
80 500
88 300
89 300
fn=void std::destroy_at<std::vector<unsigned long, std::allocator<unsigned long> > >(std::vector<unsigned long, std::allocator<unsigned long> >*)
80 1000
88 600
89 600
fl=/usr/include/c++/13/bits/stl_function.h
fn=decltype ((((forward<std::pair<float, int>&>)({parm#1}))>((forward<std::pair<float, int>&>)({parm#2})))) std::greater<void>::operator()<std::pair<float, int>&, std::pair<float, int>&>(std::pair<float, int>&, std::pair<float, int>&) const
527 374973654
531 340885140
533 204531084
fn=decltype(auto) std::greater<void>::_S_cmp<std::pair<float, int>&, std::pair<float, int>&>(std::pair<float, int>&, std::pair<float, int>&, std::integral_constant<bool, false>)
545 238619598
546 511327710
fn=std::equal_to<int>::operator()(int const&, int const&) const
377 10008
378 13344
fn=std::less<char const*>::operator()(char const*, char const*) const
451 14
454 6
457 8
458 4
fn=std::less<std::pair<float, int> >::operator()(std::pair<float, int> const&, std::pair<float, int> const&) const
407 332343067
408 427298229
fl=/usr/include/c++/13/bits/stl_heap.h
fn=void std::__adjust_heap<__gnu_cxx::__normal_iterator<std::pair<float, int>*, std::vector<std::pair<float, int>, std::allocator<std::pair<float, int> > > >, long, std::pair<float, int>, __gnu_cxx::__ops::_Iter_comp_iter<std::greater<void> > >(__gnu_cxx::__normal_iterator<std::pair<float, int>*, std::vector<std::pair<float, int>, std::allocator<std::pair<float, int> > > >, long, long, std::pair<float, int>, __gnu_cxx::__ops::_Iter_comp_iter<std::greater<void> >)
224 35510112
227 5918352
228 5918352
229 191213904
231 82290660
232 411453300
234 10363534
235 493743960
236 41145330
238 23667592
240 248620
241 1553875
243 186465
247 23673408
248 8877528
249 20714232
fn=void std::__adjust_heap<__gnu_cxx::__normal_iterator<std::pair<float, int>*, std::vector<std::pair<float, int>, std::allocator<std::pair<float, int> > > >, long, std::pair<float, int>, __gnu_cxx::__ops::_Iter_comp_iter<std::less<std::pair<float, int> > > >(__gnu_cxx::__normal_iterator<std::pair<float, int>*, std::vector<std::pair<float, int>, std::allocator<std::pair<float, int> > > >, long, long, std::pair<float, int>, __gnu_cxx::__ops::_Iter_comp_iter<std::less<std::pair<float, int> > >)
224 56721084
227 9453514
228 9453514
229 281685437
231 119572312
232 597861560
234 15027154
235 717433872
236 59786156
238 44843868
240 1647064
241 10294150
243 1235298
247 37814056
248 14180271
249 33087299
fn=void std::__pop_heap<__gnu_cxx::__normal_iterator<std::pair<float, int>*, std::vector<std::pair<float, int>, std::allocator<std::pair<float, int> > > >, __gnu_cxx::__ops::_Iter_comp_iter<std::greater<void> > >(__gnu_cxx::__normal_iterator<std::pair<float, int>*, std::vector<std::pair<float, int>, std::allocator<std::pair<float, int> > > >, __gnu_cxx::__normal_iterator<std::pair<float, int>*, std::vector<std::pair<float, int>, std::allocator<std::pair<float, int> > > >, __gnu_cxx::__normal_iterator<std::pair<float, int>*, std::vector<std::pair<float, int>, std::allocator<std::pair<float, int> > > >, __gnu_cxx::__ops::_Iter_comp_iter<std::greater<void> >&)
254 35510112
262 20714232
263 35510112
264 20714232
265 17755056
266 11836704
267 20714232
fn=void std::__pop_heap<__gnu_cxx::__normal_iterator<std::pair<float, int>*, std::vector<std::pair<float, int>, std::allocator<std::pair<float, int> > > >, __gnu_cxx::__ops::_Iter_comp_iter<std::less<std::pair<float, int> > > >(__gnu_cxx::__normal_iterator<std::pair<float, int>*, std::vector<std::pair<float, int>, std::allocator<std::pair<float, int> > > >, __gnu_cxx::__normal_iterator<std::pair<float, int>*, std::vector<std::pair<float, int>, std::allocator<std::pair<float, int> > > >, __gnu_cxx::__normal_iterator<std::pair<float, int>*, std::vector<std::pair<float, int>, std::allocator<std::pair<float, int> > > >, __gnu_cxx::__ops::_Iter_comp_iter<std::less<std::pair<float, int> > >&)
254 56721084
262 33087299
263 56721084
264 33087299
265 28360542
266 18907028
267 33087299
fn=void std::__push_heap<__gnu_cxx::__normal_iterator<std::pair<float, int>*, std::vector<std::pair<float, int>, std::allocator<std::pair<float, int> > > >, long, std::pair<float, int>, __gnu_cxx::__ops::_Iter_comp_val<std::greater<void> > >(__gnu_cxx::__normal_iterator<std::pair<float, int>*, std::vector<std::pair<float, int>, std::allocator<std::pair<float, int> > > >, long, long, std::pair<float, int>, __gnu_cxx::__ops::_Iter_comp_val<std::greater<void> >&)
135 100052914
139 53874646
140 271391893
142 143352720
143 11946060
144 41811210
146 123142048
147 53874646
fn=void std::__push_heap<__gnu_cxx::__normal_iterator<std::pair<float, int>*, std::vector<std::pair<float, int>, std::allocator<std::pair<float, int> > > >, long, std::pair<float, int>, __gnu_cxx::__ops::_Iter_comp_val<std::less<std::pair<float, int> > > >(__gnu_cxx::__normal_iterator<std::pair<float, int>*, std::vector<std::pair<float, int>, std::allocator<std::pair<float, int> > > >, long, long, std::pair<float, int>, __gnu_cxx::__ops::_Iter_comp_val<std::less<std::pair<float, int> > >&)
135 123031467
139 66247713
140 352422246
142 197403408
143 16450284
144 57575994
146 151423344
147 66247713
fn=void std::pop_heap<__gnu_cxx::__normal_iterator<std::pair<float, int>*, std::vector<std::pair<float, int>, std::allocator<std::pair<float, int> > > >, std::greater<void> >(__gnu_cxx::__normal_iterator<std::pair<float, int>*, std::vector<std::pair<float, int>, std::allocator<std::pair<float, int> > > >, __gnu_cxx::__normal_iterator<std::pair<float, int>*, std::vector<std::pair<float, int>, std::allocator<std::pair<float, int> > > >, std::greater<void>)
317 26734473
328 26734473
332 8877528
333 17755056
335 17822982
fn=void std::pop_heap<__gnu_cxx::__normal_iterator<std::pair<float, int>*, std::vector<std::pair<float, int>, std::allocator<std::pair<float, int> > > >, std::less<std::pair<float, int> > >(__gnu_cxx::__normal_iterator<std::pair<float, int>*, std::vector<std::pair<float, int>, std::allocator<std::pair<float, int> > > >, __gnu_cxx::__normal_iterator<std::pair<float, int>*, std::vector<std::pair<float, int>, std::allocator<std::pair<float, int> > > >, std::less<std::pair<float, int> >)
317 42634818
328 42634818
332 14180271
333 28360542
335 28423212
fn=void std::push_heap<__gnu_cxx::__normal_iterator<std::pair<float, int>*, std::vector<std::pair<float, int>, std::allocator<std::pair<float, int> > > >, std::greater<void> >(__gnu_cxx::__normal_iterator<std::pair<float, int>*, std::vector<std::pair<float, int>, std::allocator<std::pair<float, int> > > >, __gnu_cxx::__normal_iterator<std::pair<float, int>*, std::vector<std::pair<float, int>, std::allocator<std::pair<float, int> > > >, std::greater<void>)
198 47372020
215 56846424
216 66320828
217 18948808
218 33160414
fn=void std::push_heap<__gnu_cxx::__normal_iterator<std::pair<float, int>*, std::vector<std::pair<float, int>, std::allocator<std::pair<float, int> > > >, std::less<std::pair<float, int> > >(__gnu_cxx::__normal_iterator<std::pair<float, int>*, std::vector<std::pair<float, int>, std::allocator<std::pair<float, int> > > >, __gnu_cxx::__normal_iterator<std::pair<float, int>*, std::vector<std::pair<float, int>, std::allocator<std::pair<float, int> > > >, std::less<std::pair<float, int> >)
198 47372020
215 56846424
216 66320828
217 18948808
218 33160414
fl=/usr/include/c++/13/bits/stl_iterator.h
fn=__gnu_cxx::__normal_iterator<char*, std::span<char, 18446744073709551615ul> >::__normal_iterator(char* const&)
1076 170
1077 238
fn=__gnu_cxx::__normal_iterator<char*, std::span<char, 18446744073709551615ul> >::base() const
1162 176
1163 132
fn=__gnu_cxx::__normal_iterator<char*, std::span<char, 18446744073709551615ul> >::difference_type __gnu_cxx::operator-<char*, std::span<char, 18446744073709551615ul> >(__gnu_cxx::__normal_iterator<char*, std::span<char, 18446744073709551615ul> > const&, __gnu_cxx::__normal_iterator<char*, std::span<char, 18446744073709551615ul> > const&)
1334 154
1337 308
fn=__gnu_cxx::__normal_iterator<char*, std::span<char, 18446744073709551615ul> >::operator+=(long)
1142 70
1143 126
fn=__gnu_cxx::__normal_iterator<float const*, std::vector<float, std::allocator<float> > >::__normal_iterator(float const* const&)
1076 2010
1077 2814
fn=__gnu_cxx::__normal_iterator<float const*, std::vector<float, std::allocator<float> > >::base() const
1162 1616
1163 1212
fn=__gnu_cxx::__normal_iterator<float const*, std::vector<float, std::allocator<float> > >::difference_type __gnu_cxx::operator-<float const*, std::vector<float, std::allocator<float> > >(__gnu_cxx::__normal_iterator<float const*, std::vector<float, std::allocator<float> > > const&, __gnu_cxx::__normal_iterator<float const*, std::vector<float, std::allocator<float> > > const&)
1334 7
1337 15
fn=__gnu_cxx::__normal_iterator<float*, std::vector<float, std::allocator<float> > >::__normal_iterator(float* const&)
1076 2020
1077 2828
fn=__gnu_cxx::__normal_iterator<float*, std::vector<float, std::allocator<float> > >::base() const
1162 26424016
1163 19818012
fn=__gnu_cxx::__normal_iterator<float*, std::vector<float, std::allocator<float> > >::operator*() const
1099 13211200
1100 13211200
fn=__gnu_cxx::__normal_iterator<float*, std::vector<float, std::allocator<float> > >::operator++()
1109 13211200
1111 16514000
1112 3302800
1113 6605600
fn=__gnu_cxx::__normal_iterator<int const*, std::vector<int, std::allocator<int> > >::__normal_iterator(int const* const&)
1076 1000
1077 1400
fn=__gnu_cxx::__normal_iterator<int const*, std::vector<int, std::allocator<int> > >::base() const
1162 800
1163 600
fn=__gnu_cxx::__normal_iterator<int*, std::vector<int, std::allocator<int> > >::__normal_iterator(int* const&)
1076 51000
1077 71400
fn=__gnu_cxx::__normal_iterator<int*, std::vector<int, std::allocator<int> > >::base() const
1162 48800
1163 36600
fn=__gnu_cxx::__normal_iterator<int*, std::vector<int, std::allocator<int> > >::operator*() const
1099 4000
1100 4000
fn=__gnu_cxx::__normal_iterator<int*, std::vector<int, std::allocator<int> > >::operator++()
1109 4000
1111 5000
1112 1000
1113 2000
fn=__gnu_cxx::__normal_iterator<std::pair<float, int> const*, std::vector<std::pair<float, int>, std::allocator<std::pair<float, int> > > >::__normal_iterator(std::pair<float, int> const* const&)
1076 155822350
1077 218151290
fn=__gnu_cxx::__normal_iterator<std::pair<float, int> const*, std::vector<std::pair<float, int>, std::allocator<std::pair<float, int> > > >::base() const
1162 47853656
1163 35890242
fn=__gnu_cxx::__normal_iterator<std::pair<float, int> const*, std::vector<std::pair<float, int>, std::allocator<std::pair<float, int> > > >::operator*() const
1099 76804224
1100 76804224
fn=__gnu_cxx::__normal_iterator<std::pair<float, int>*, std::vector<std::pair<float, int>, std::allocator<std::pair<float, int> > > >::__normal_iterator(std::pair<float, int>* const&)
1076 1719867815
1077 2407814941
fn=__gnu_cxx::__normal_iterator<std::pair<float, int>*, std::vector<std::pair<float, int>, std::allocator<std::pair<float, int> > > >::base() const
1162 271852256
1163 203889192
fn=__gnu_cxx::__normal_iterator<std::pair<float, int>*, std::vector<std::pair<float, int>, std::allocator<std::pair<float, int> > > >::difference_type __gnu_cxx::operator-<std::pair<float, int>*, std::vector<std::pair<float, int>, std::allocator<std::pair<float, int> > > >(__gnu_cxx::__normal_iterator<std::pair<float, int>*, std::vector<std::pair<float, int>, std::allocator<std::pair<float, int> > > > const&, __gnu_cxx::__normal_iterator<std::pair<float, int>*, std::vector<std::pair<float, int>, std::allocator<std::pair<float, int> > > > const&)
1334 182098721
1337 390211545
fn=__gnu_cxx::__normal_iterator<std::pair<float, int>*, std::vector<std::pair<float, int>, std::allocator<std::pair<float, int> > > >::operator*() const
1099 1504983820
1100 1504983820
fn=__gnu_cxx::__normal_iterator<std::pair<float, int>*, std::vector<std::pair<float, int>, std::allocator<std::pair<float, int> > > >::operator+(long) const
1147 2523878820
1148 4767326660
fn=__gnu_cxx::__normal_iterator<std::pair<float, int>*, std::vector<std::pair<float, int>, std::allocator<std::pair<float, int> > > >::operator++()
1109 51417332
1111 64271665
1112 12854333
1113 25708666
fn=__gnu_cxx::__normal_iterator<std::pair<float, int>*, std::vector<std::pair<float, int>, std::allocator<std::pair<float, int> > > >::operator-(long) const
1157 173275002
1158 346550004
fn=__gnu_cxx::__normal_iterator<std::pair<float, int>*, std::vector<std::pair<float, int>, std::allocator<std::pair<float, int> > > >::operator--()
1123 84022648
1125 105028310
1126 21005662
1127 42011324
fn=__gnu_cxx::__normal_iterator<std::thread*, std::vector<std::thread, std::allocator<std::thread> > >::__normal_iterator(std::thread* const&)
1076 190
1077 266
fn=__gnu_cxx::__normal_iterator<std::thread*, std::vector<std::thread, std::allocator<std::thread> > >::base() const
1162 152
1163 114
fn=__gnu_cxx::__normal_iterator<std::thread*, std::vector<std::thread, std::allocator<std::thread> > >::operator*() const
1099 144
1100 144
fn=__gnu_cxx::__normal_iterator<std::thread*, std::vector<std::thread, std::allocator<std::thread> > >::operator++()
1109 72
1111 90
1112 18
1113 36
fn=__gnu_cxx::__normal_iterator<std::thread*, std::vector<std::thread, std::allocator<std::thread> > >::operator-(long) const
1157 162
1158 324
fn=__gnu_cxx::__normal_iterator<std::vector<float, std::allocator<float> >*, std::vector<std::vector<float, std::allocator<float> >, std::allocator<std::vector<float, std::allocator<float> > > > >::__normal_iterator(std::vector<float, std::allocator<float> >* const&)
1076 20
1077 28
fn=__gnu_cxx::__normal_iterator<std::vector<float, std::allocator<float> >*, std::vector<std::vector<float, std::allocator<float> >, std::allocator<std::vector<float, std::allocator<float> > > > >::base() const
1162 1616
1163 1212
fn=__gnu_cxx::__normal_iterator<std::vector<float, std::allocator<float> >*, std::vector<std::vector<float, std::allocator<float> >, std::allocator<std::vector<float, std::allocator<float> > > > >::operator*() const
1099 800
1100 800
fn=__gnu_cxx::__normal_iterator<std::vector<float, std::allocator<float> >*, std::vector<std::vector<float, std::allocator<float> >, std::allocator<std::vector<float, std::allocator<float> > > > >::operator++()
1109 800
1111 1000
1112 200
1113 400
fn=__gnu_cxx::__normal_iterator<std::vector<unsigned long, std::allocator<unsigned long> >*, std::vector<std::vector<unsigned long, std::allocator<unsigned long> >, std::allocator<std::vector<unsigned long, std::allocator<unsigned long> > > > >::__normal_iterator(std::vector<unsigned long, std::allocator<unsigned long> >* const&)
1076 20
1077 28
fn=__gnu_cxx::__normal_iterator<std::vector<unsigned long, std::allocator<unsigned long> >*, std::vector<std::vector<unsigned long, std::allocator<unsigned long> >, std::allocator<std::vector<unsigned long, std::allocator<unsigned long> > > > >::base() const
1162 1616
1163 1212
fn=__gnu_cxx::__normal_iterator<std::vector<unsigned long, std::allocator<unsigned long> >*, std::vector<std::vector<unsigned long, std::allocator<unsigned long> >, std::allocator<std::vector<unsigned long, std::allocator<unsigned long> > > > >::operator*() const
1099 800
1100 800
fn=__gnu_cxx::__normal_iterator<std::vector<unsigned long, std::allocator<unsigned long> >*, std::vector<std::vector<unsigned long, std::allocator<unsigned long> >, std::allocator<std::vector<unsigned long, std::allocator<unsigned long> > > > >::operator++()
1109 800
1111 1000
1112 200
1113 400
fn=__gnu_cxx::__normal_iterator<unsigned long const*, std::vector<unsigned long, std::allocator<unsigned long> > >::__normal_iterator(unsigned long const* const&)
1076 2000
1077 2800
fn=__gnu_cxx::__normal_iterator<unsigned long const*, std::vector<unsigned long, std::allocator<unsigned long> > >::base() const
1162 1600
1163 1200
fn=__gnu_cxx::__normal_iterator<unsigned long*, std::vector<unsigned long, std::allocator<unsigned long> > >::__normal_iterator(unsigned long* const&)
1076 2000
1077 2800
fn=__gnu_cxx::__normal_iterator<unsigned long*, std::vector<unsigned long, std::allocator<unsigned long> > >::base() const
1162 17600
1163 13200
fn=__gnu_cxx::__normal_iterator<unsigned long*, std::vector<unsigned long, std::allocator<unsigned long> > >::operator*() const
1099 8000
1100 8000
fn=__gnu_cxx::__normal_iterator<unsigned long*, std::vector<unsigned long, std::allocator<unsigned long> > >::operator++()
1109 8000
1111 10000
1112 2000
1113 4000
fn=__gnu_cxx::__normal_iterator<unsigned short*, std::vector<unsigned short, std::allocator<unsigned short> > >::__normal_iterator(unsigned short* const&)
1076 95
1077 133
fn=__gnu_cxx::__normal_iterator<unsigned short*, std::vector<unsigned short, std::allocator<unsigned short> > >::base() const
1162 76
1163 57
fn=bool __gnu_cxx::operator==<float*, std::vector<float, std::allocator<float> > >(__gnu_cxx::__normal_iterator<float*, std::vector<float, std::allocator<float> > > const&, __gnu_cxx::__normal_iterator<float*, std::vector<float, std::allocator<float> > > const&)
1197 23121014
1203 42939026
fn=bool __gnu_cxx::operator==<int*, std::vector<int, std::allocator<int> > >(__gnu_cxx::__normal_iterator<int*, std::vector<int, std::allocator<int> > > const&, __gnu_cxx::__normal_iterator<int*, std::vector<int, std::allocator<int> > > const&)
1197 7700
1203 14300
fn=bool __gnu_cxx::operator==<std::pair<float, int> const*, std::vector<std::pair<float, int>, std::allocator<std::pair<float, int> > > >(__gnu_cxx::__normal_iterator<std::pair<float, int> const*, std::vector<std::pair<float, int>, std::allocator<std::pair<float, int> > > > const&, __gnu_cxx::__normal_iterator<std::pair<float, int> const*, std::vector<std::pair<float, int>, std::allocator<std::pair<float, int> > > > const&)
1197 41871949
1203 77762191
fn=bool __gnu_cxx::operator==<std::pair<float, int>*, std::vector<std::pair<float, int>, std::allocator<std::pair<float, int> > > >(__gnu_cxx::__normal_iterator<std::pair<float, int>*, std::vector<std::pair<float, int>, std::allocator<std::pair<float, int> > > > const&, __gnu_cxx::__normal_iterator<std::pair<float, int>*, std::vector<std::pair<float, int>, std::allocator<std::pair<float, int> > > > const&)
1197 41740034
1203 77517206
fn=bool __gnu_cxx::operator==<std::thread*, std::vector<std::thread, std::allocator<std::thread> > >(__gnu_cxx::__normal_iterator<std::thread*, std::vector<std::thread, std::allocator<std::thread> > > const&, __gnu_cxx::__normal_iterator<std::thread*, std::vector<std::thread, std::allocator<std::thread> > > const&)
1197 133
1203 247
fn=bool __gnu_cxx::operator==<std::vector<float, std::allocator<float> >*, std::vector<std::vector<float, std::allocator<float> >, std::allocator<std::vector<float, std::allocator<float> > > > >(__gnu_cxx::__normal_iterator<std::vector<float, std::allocator<float> >*, std::vector<std::vector<float, std::allocator<float> >, std::allocator<std::vector<float, std::allocator<float> > > > > const&, __gnu_cxx::__normal_iterator<std::vector<float, std::allocator<float> >*, std::vector<std::vector<float, std::allocator<float> >, std::allocator<std::vector<float, std::allocator<float> > > > > const&)
1197 1414
1203 2626
fn=bool __gnu_cxx::operator==<std::vector<unsigned long, std::allocator<unsigned long> >*, std::vector<std::vector<unsigned long, std::allocator<unsigned long> >, std::allocator<std::vector<unsigned long, std::allocator<unsigned long> > > > >(__gnu_cxx::__normal_iterator<std::vector<unsigned long, std::allocator<unsigned long> >*, std::vector<std::vector<unsigned long, std::allocator<unsigned long> >, std::allocator<std::vector<unsigned long, std::allocator<unsigned long> > > > > const&, __gnu_cxx::__normal_iterator<std::vector<unsigned long, std::allocator<unsigned long> >*, std::vector<std::vector<unsigned long, std::allocator<unsigned long> >, std::allocator<std::vector<unsigned long, std::allocator<unsigned long> > > > > const&)
1197 1414
1203 2626
fn=bool __gnu_cxx::operator==<unsigned long*, std::vector<unsigned long, std::allocator<unsigned long> > >(__gnu_cxx::__normal_iterator<unsigned long*, std::vector<unsigned long, std::allocator<unsigned long> > > const&, __gnu_cxx::__normal_iterator<unsigned long*, std::vector<unsigned long, std::allocator<unsigned long> > > const&)
1197 15400
1203 28600
fn=bool std::operator==<std::__format::_Arg_t const*>(std::reverse_iterator<std::__format::_Arg_t const*> const&, std::reverse_iterator<std::__format::_Arg_t const*> const&)
593 63
596 108
fn=decltype (__miter_base(({parm#1}.base)())) std::__miter_base<int*>(std::move_iterator<int*>)
2968 200000
2970 320000
fn=decltype (__miter_base(({parm#1}.base)())) std::__miter_base<unsigned short*>(std::move_iterator<unsigned short*>)
2968 380
2970 608
fn=decltype (std::__detail::__synth3way((declval<std::pair<float, int>*&>)(), (declval<std::pair<float, int>*&>)())) __gnu_cxx::operator<=><std::pair<float, int>*, std::vector<std::pair<float, int>, std::allocator<std::pair<float, int> > > >(__gnu_cxx::__normal_iterator<std::pair<float, int>*, std::vector<std::pair<float, int>, std::allocator<std::pair<float, int> > > > const&, __gnu_cxx::__normal_iterator<std::pair<float, int>*, std::vector<std::pair<float, int>, std::allocator<std::pair<float, int> > > > const&)
1208 12448555
1211 26675475
fn=float const* std::__niter_base<float const*, std::vector<float, std::allocator<float> > >(__gnu_cxx::__normal_iterator<float const*, std::vector<float, std::allocator<float> > >)
1357 2010
1359 2412
fn=int const* std::__niter_base<int const*, std::vector<int, std::allocator<int> > >(__gnu_cxx::__normal_iterator<int const*, std::vector<int, std::allocator<int> > >)
1357 1000
1359 1200
fn=std::move_iterator<int*> std::__make_move_if_noexcept_iterator<int, std::move_iterator<int*> >(int*)
1832 320000
1833 440000
fn=std::move_iterator<int*>::base() const &
1550 160000
1551 120000
fn=std::move_iterator<int*>::move_iterator(int*)
1519 240000
1520 360000
fn=std::move_iterator<unsigned short*> std::__make_move_if_noexcept_iterator<unsigned short, std::move_iterator<unsigned short*> >(unsigned short*)
1832 608
1833 836
fn=std::move_iterator<unsigned short*>::base() const &
1550 304
1551 228
fn=std::move_iterator<unsigned short*>::move_iterator(unsigned short*)
1519 456
1520 684
fn=std::pair<float, int>* std::__niter_base<std::pair<float, int>*, std::vector<std::pair<float, int>, std::allocator<std::pair<float, int> > > >(__gnu_cxx::__normal_iterator<std::pair<float, int>*, std::vector<std::pair<float, int>, std::allocator<std::pair<float, int> > > >)
1357 217360
1359 260832
fn=std::reverse_iterator<std::__format::_Arg_t const*>::base() const
248 72
250 72
fn=std::reverse_iterator<std::__format::_Arg_t const*>::operator*() const
264 20
266 15
267 10
268 10
fn=std::reverse_iterator<std::__format::_Arg_t const*>::operator++()
296 20
298 25
299 5
300 10
fn=std::reverse_iterator<std::__format::_Arg_t const*>::reverse_iterator(std::__format::_Arg_t const*)
195 65
197 39
198 39
fn=unsigned long const* std::__niter_base<unsigned long const*, std::vector<unsigned long, std::allocator<unsigned long> > >(__gnu_cxx::__normal_iterator<unsigned long const*, std::vector<unsigned long, std::allocator<unsigned long> > >)
1357 2000
1359 2400
fl=/usr/include/c++/13/bits/stl_iterator_base_funcs.h
fn=void std::__cxx11::basic_string<char, std::char_traits<char>, std::allocator<char> >::_M_construct<char const*>(char const*, char const*, std::forward_iterator_tag)
106 12
151 24
152 6
fn=void std::vector<float, std::allocator<float> >::_M_assign_aux<__gnu_cxx::__normal_iterator<float const*, std::vector<float, std::allocator<float> > > >(__gnu_cxx::__normal_iterator<float const*, std::vector<float, std::allocator<float> > >, __gnu_cxx::__normal_iterator<float const*, std::vector<float, std::allocator<float> > >, std::forward_iterator_tag)
106 6
152 1
fl=/usr/include/c++/13/bits/stl_iterator_base_types.h
fn=float* std::fill_n<float*, unsigned long, float>(float*, unsigned long, float const&)
240 4
fn=int* std::fill_n<int*, unsigned long, int>(int*, unsigned long, int const&)
240 20001
fn=unsigned long* std::fill_n<unsigned long*, unsigned long, unsigned long>(unsigned long*, unsigned long, unsigned long const&)
240 2
fn=unsigned short* std::fill_n<unsigned short*, unsigned long, unsigned short>(unsigned short*, unsigned long, unsigned short const&)
240 19
fn=void std::__cxx11::basic_string<char, std::char_traits<char>, std::allocator<char> >::_M_construct<char const*>(char const*, char const*, std::forward_iterator_tag)
240 6
fn=void std::reverse<__gnu_cxx::__normal_iterator<std::pair<float, int>*, std::vector<std::pair<float, int>, std::allocator<std::pair<float, int> > > > >(__gnu_cxx::__normal_iterator<std::pair<float, int>*, std::vector<std::pair<float, int>, std::allocator<std::pair<float, int> > > >, __gnu_cxx::__normal_iterator<std::pair<float, int>*, std::vector<std::pair<float, int>, std::allocator<std::pair<float, int> > > >)
240 100
fn=void std::vector<float, std::allocator<float> >::_M_assign_aux<__gnu_cxx::__normal_iterator<float const*, std::vector<float, std::allocator<float> > > >(__gnu_cxx::__normal_iterator<float const*, std::vector<float, std::allocator<float> > >, __gnu_cxx::__normal_iterator<float const*, std::vector<float, std::allocator<float> > >, std::forward_iterator_tag)
240 5
fn=void std::vector<float, std::allocator<float> >::assign<__gnu_cxx::__normal_iterator<float const*, std::vector<float, std::allocator<float> > >, void>(__gnu_cxx::__normal_iterator<float const*, std::vector<float, std::allocator<float> > >, __gnu_cxx::__normal_iterator<float const*, std::vector<float, std::allocator<float> > >)
240 1
fl=/usr/include/c++/13/bits/stl_pair.h
fn=char const*&& std::__pair_get<1ul>::__move_get<unsigned short, char const*>(std::pair<unsigned short, char const*>&&)
1014 20
1015 24
fn=float&& std::__pair_get<0ul>::__move_get<float, int>(std::pair<float, int>&&)
990 14900030
991 14900030
fn=int&& std::__pair_get<1ul>::__move_get<float, int>(std::pair<float, int>&&)
1014 14900030
1015 17880036
fn=std::common_comparison_category<decltype (std::__detail::__synth3way((declval<float&>)(), (declval<float&>)())), decltype (std::__detail::__synth3way((declval<int&>)(), (declval<int&>)()))>::type std::operator<=><float, int>(std::pair<float, int> const&, std::pair<float, int> const&)
819 926048061
821 1337624977
822 205711668
823 499135
824 514471145
fn=std::enable_if<std::__and_<std::__is_swappable<float>, std::__is_swappable<int> >::value, void>::type std::swap<float, int>(std::pair<float, int>&, std::pair<float, int>&)
879 10669590
881 14226120
fn=std::pair<float, int>::operator=(std::pair<float, int>&&)
427 573502194
431 573502194
432 669085893
433 95583699
434 191167398
fn=std::pair<float, int>::pair<float&, int&>(float&, int&)
315 66320828
317 113692848
318 28423212
fn=std::pair<float, int>::pair<float, int&>(float&&, int&)
315 3185
317 5460
318 1365
fn=std::pair<float, int>::swap(std::pair<float, int>&)
206 10669590
211 8891325
212 12447855
213 5334795
fn=std::pair<std::__detail::_Node_iterator<int, true, false>, bool>::pair<std::__detail::_Node_iterator<int, true, false>&, bool>(std::__detail::_Node_iterator<int, true, false>&, bool&&)
315 7000
317 12000
318 3000
fn=std::pair<unsigned short, char const*>::pair<unsigned short&, char const*&>(unsigned short&, char const*&)
315 28
317 48
318 12
fn=std::tuple_element<0ul, std::pair<float, int> >::type&& std::get<0ul, float, int>(std::pair<float, int>&&)
1040 14900030
1041 20860042
fn=std::tuple_element<0ul, std::pair<unsigned short, char const*> >::type&& std::get<0ul, unsigned short, char const*>(std::pair<unsigned short, char const*>&&)
1040 20
1041 28
fn=std::tuple_element<1ul, std::pair<float, int> >::type&& std::get<1ul, float, int>(std::pair<float, int>&&)
1040 14900030
1041 20860042
fn=std::tuple_element<1ul, std::pair<unsigned short, char const*> >::type&& std::get<1ul, unsigned short, char const*>(std::pair<unsigned short, char const*>&&)
1040 20
1041 28
fn=unsigned short&& std::__pair_get<0ul>::__move_get<unsigned short, char const*>(std::pair<unsigned short, char const*>&&)
990 20
991 20
fl=/usr/include/c++/13/bits/stl_queue.h
fn=std::priority_queue<std::pair<float, int>, std::vector<std::pair<float, int>, std::allocator<std::pair<float, int> > >, std::greater<void> >::empty() const
708 14904210
709 14904210
fn=std::priority_queue<std::pair<float, int>, std::vector<std::pair<float, int>, std::allocator<std::pair<float, int> > >, std::greater<void> >::pop()
773 17822982
776 29704970
777 8911491
778 11881988
fn=std::priority_queue<std::pair<float, int>, std::vector<std::pair<float, int>, std::allocator<std::pair<float, int> > >, std::greater<void> >::priority_queue<std::vector<std::pair<float, int>, std::allocator<std::pair<float, int> > >, void>()
556 52225
557 104450
fn=std::priority_queue<std::pair<float, int>, std::vector<std::pair<float, int>, std::allocator<std::pair<float, int> > >, std::greater<void> >::push(std::pair<float, int>&&)
746 33160414
748 33160414
749 47372020
750 18948808
fn=std::priority_queue<std::pair<float, int>, std::vector<std::pair<float, int>, std::allocator<std::pair<float, int> > >, std::greater<void> >::top() const
723 14900030
726 8940018
727 5960012
fn=std::priority_queue<std::pair<float, int>, std::vector<std::pair<float, int>, std::allocator<std::pair<float, int> > >, std::greater<void> >::~priority_queue()
498 114895
fn=std::priority_queue<std::pair<float, int>, std::vector<std::pair<float, int>, std::allocator<std::pair<float, int> > >, std::less<std::pair<float, int> > >::empty() const
708 14900840
709 14900840
fn=std::priority_queue<std::pair<float, int>, std::vector<std::pair<float, int>, std::allocator<std::pair<float, int> > >, std::less<std::pair<float, int> > >::pop()
773 28423212
776 47372020
777 14211606
778 18948808
fn=std::priority_queue<std::pair<float, int>, std::vector<std::pair<float, int>, std::allocator<std::pair<float, int> > >, std::less<std::pair<float, int> > >::priority_queue<std::vector<std::pair<float, int>, std::allocator<std::pair<float, int> > >, void>()
556 52225
557 104450
fn=std::priority_queue<std::pair<float, int>, std::vector<std::pair<float, int>, std::allocator<std::pair<float, int> > >, std::less<std::pair<float, int> > >::push(std::pair<float, int>&&)
746 33160414
748 33160414
749 47372020
750 18948808
fn=std::priority_queue<std::pair<float, int>, std::vector<std::pair<float, int>, std::allocator<std::pair<float, int> > >, std::less<std::pair<float, int> > >::size() const
714 89834825
715 89834825
fn=std::priority_queue<std::pair<float, int>, std::vector<std::pair<float, int>, std::allocator<std::pair<float, int> > >, std::less<std::pair<float, int> > >::top() const
723 81105250
726 48663150
727 32442100
fn=std::priority_queue<std::pair<float, int>, std::vector<std::pair<float, int>, std::allocator<std::pair<float, int> > >, std::less<std::pair<float, int> > >::~priority_queue()
498 114895
fl=/usr/include/c++/13/bits/stl_uninitialized.h
fn=TunableHNSW::HNSW<TunableHNSW::HNSWConfig<128, true, (TunableHNSW::SearchStrategy)0, (TunableHNSW::QuantizationStrategy)0, (TunableHNSW::IndexStrategy)0, 32ul, 64ul, 300ul, 100ul, 16, 100, 0, 0ul, 0, 0, 0ul, false> >::Node* std::__relocate_a<TunableHNSW::HNSW<TunableHNSW::HNSWConfig<128, true, (TunableHNSW::SearchStrategy)0, (TunableHNSW::QuantizationStrategy)0, (TunableHNSW::IndexStrategy)0, 32ul, 64ul, 300ul, 100ul, 16, 100, 0, 0ul, 0, 0, 0ul, false> >::Node*, TunableHNSW::HNSW<TunableHNSW::HNSWConfig<128, true, (TunableHNSW::SearchStrategy)0, (TunableHNSW::QuantizationStrategy)0, (TunableHNSW::IndexStrategy)0, 32ul, 64ul, 300ul, 100ul, 16, 100, 0, 0ul, 0, 0, 0ul, false> >::Node*, std::allocator<TunableHNSW::HNSW<TunableHNSW::HNSWConfig<128, true, (TunableHNSW::SearchStrategy)0, (TunableHNSW::QuantizationStrategy)0, (TunableHNSW::IndexStrategy)0, 32ul, 64ul, 300ul, 100ul, 16, 100, 0, 0ul, 0, 0, 0ul, false> >::Node> >(TunableHNSW::HNSW<TunableHNSW::HNSWConfig<128, true, (TunableHNSW::SearchStrategy)0, (TunableHNSW::QuantizationStrategy)0, (TunableHNSW::IndexStrategy)0, 32ul, 64ul, 300ul, 100ul, 16, 100, 0, 0ul, 0, 0, 0ul, false> >::Node*, TunableHNSW::HNSW<TunableHNSW::HNSWConfig<128, true, (TunableHNSW::SearchStrategy)0, (TunableHNSW::QuantizationStrategy)0, (TunableHNSW::IndexStrategy)0, 32ul, 64ul, 300ul, 100ul, 16, 100, 0, 0ul, 0, 0, 0ul, false> >::Node*, TunableHNSW::HNSW<TunableHNSW::HNSWConfig<128, true, (TunableHNSW::SearchStrategy)0, (TunableHNSW::QuantizationStrategy)0, (TunableHNSW::IndexStrategy)0, 32ul, 64ul, 300ul, 100ul, 16, 100, 0, 0ul, 0, 0, 0ul, false> >::Node*, std::allocator<TunableHNSW::HNSW<TunableHNSW::HNSWConfig<128, true, (TunableHNSW::SearchStrategy)0, (TunableHNSW::QuantizationStrategy)0, (TunableHNSW::IndexStrategy)0, 32ul, 64ul, 300ul, 100ul, 16, 100, 0, 0ul, 0, 0, 0ul, false> >::Node>&)
1141 10
1147 17
1150 5
fn=TunableHNSW::HNSW<TunableHNSW::HNSWConfig<128, true, (TunableHNSW::SearchStrategy)0, (TunableHNSW::QuantizationStrategy)0, (TunableHNSW::IndexStrategy)0, 32ul, 64ul, 300ul, 100ul, 16, 100, 0, 0ul, 0, 0, 0ul, false> >::Node* std::__relocate_a_1<TunableHNSW::HNSW<TunableHNSW::HNSWConfig<128, true, (TunableHNSW::SearchStrategy)0, (TunableHNSW::QuantizationStrategy)0, (TunableHNSW::IndexStrategy)0, 32ul, 64ul, 300ul, 100ul, 16, 100, 0, 0ul, 0, 0, 0ul, false> >::Node*, TunableHNSW::HNSW<TunableHNSW::HNSWConfig<128, true, (TunableHNSW::SearchStrategy)0, (TunableHNSW::QuantizationStrategy)0, (TunableHNSW::IndexStrategy)0, 32ul, 64ul, 300ul, 100ul, 16, 100, 0, 0ul, 0, 0, 0ul, false> >::Node*, std::allocator<TunableHNSW::HNSW<TunableHNSW::HNSWConfig<128, true, (TunableHNSW::SearchStrategy)0, (TunableHNSW::QuantizationStrategy)0, (TunableHNSW::IndexStrategy)0, 32ul, 64ul, 300ul, 100ul, 16, 100, 0, 0ul, 0, 0, 0ul, false> >::Node> >(TunableHNSW::HNSW<TunableHNSW::HNSWConfig<128, true, (TunableHNSW::SearchStrategy)0, (TunableHNSW::QuantizationStrategy)0, (TunableHNSW::IndexStrategy)0, 32ul, 64ul, 300ul, 100ul, 16, 100, 0, 0ul, 0, 0, 0ul, false> >::Node*, TunableHNSW::HNSW<TunableHNSW::HNSWConfig<128, true, (TunableHNSW::SearchStrategy)0, (TunableHNSW::QuantizationStrategy)0, (TunableHNSW::IndexStrategy)0, 32ul, 64ul, 300ul, 100ul, 16, 100, 0, 0ul, 0, 0, 0ul, false> >::Node*, TunableHNSW::HNSW<TunableHNSW::HNSWConfig<128, true, (TunableHNSW::SearchStrategy)0, (TunableHNSW::QuantizationStrategy)0, (TunableHNSW::IndexStrategy)0, 32ul, 64ul, 300ul, 100ul, 16, 100, 0, 0ul, 0, 0, 0ul, false> >::Node*, std::allocator<TunableHNSW::HNSW<TunableHNSW::HNSWConfig<128, true, (TunableHNSW::SearchStrategy)0, (TunableHNSW::QuantizationStrategy)0, (TunableHNSW::IndexStrategy)0, 32ul, 64ul, 300ul, 100ul, 16, 100, 0, 0ul, 0, 0, 0ul, false> >::Node>&)
1091 9
1103 2
1104 4
1107 1
1108 3
fn=TunableHNSW::HNSW<TunableHNSW::HNSWConfig<128, true, (TunableHNSW::SearchStrategy)0, (TunableHNSW::QuantizationStrategy)0, (TunableHNSW::IndexStrategy)0, 32ul, 64ul, 300ul, 100ul, 16, 100, 0, 0ul, 0, 0, 0ul, false> >::Node* std::__uninitialized_default_n<TunableHNSW::HNSW<TunableHNSW::HNSWConfig<128, true, (TunableHNSW::SearchStrategy)0, (TunableHNSW::QuantizationStrategy)0, (TunableHNSW::IndexStrategy)0, 32ul, 64ul, 300ul, 100ul, 16, 100, 0, 0ul, 0, 0, 0ul, false> >::Node*, unsigned long>(TunableHNSW::HNSW<TunableHNSW::HNSWConfig<128, true, (TunableHNSW::SearchStrategy)0, (TunableHNSW::QuantizationStrategy)0, (TunableHNSW::IndexStrategy)0, 32ul, 64ul, 300ul, 100ul, 16, 100, 0, 0ul, 0, 0, 0ul, false> >::Node*, unsigned long)
696 6
699 3
707 1
712 6
713 2
fn=TunableHNSW::HNSW<TunableHNSW::HNSWConfig<128, true, (TunableHNSW::SearchStrategy)0, (TunableHNSW::QuantizationStrategy)0, (TunableHNSW::IndexStrategy)0, 32ul, 64ul, 300ul, 100ul, 16, 100, 0, 0ul, 0, 0, 0ul, false> >::Node* std::__uninitialized_default_n_1<false>::__uninit_default_n<TunableHNSW::HNSW<TunableHNSW::HNSWConfig<128, true, (TunableHNSW::SearchStrategy)0, (TunableHNSW::QuantizationStrategy)0, (TunableHNSW::IndexStrategy)0, 32ul, 64ul, 300ul, 100ul, 16, 100, 0, 0ul, 0, 0, 0ul, false> >::Node*, unsigned long>(TunableHNSW::HNSW<TunableHNSW::HNSWConfig<128, true, (TunableHNSW::SearchStrategy)0, (TunableHNSW::QuantizationStrategy)0, (TunableHNSW::IndexStrategy)0, 32ul, 64ul, 300ul, 100ul, 16, 100, 0, 0ul, 0, 0, 0ul, false> >::Node*, unsigned long)
637 6
639 2
642 40003
643 50000
644 1
651 2
fn=TunableHNSW::HNSW<TunableHNSW::HNSWConfig<128, true, (TunableHNSW::SearchStrategy)0, (TunableHNSW::QuantizationStrategy)0, (TunableHNSW::IndexStrategy)0, 32ul, 64ul, 300ul, 100ul, 16, 100, 0, 0ul, 0, 0, 0ul, false> >::Node* std::__uninitialized_default_n_a<TunableHNSW::HNSW<TunableHNSW::HNSWConfig<128, true, (TunableHNSW::SearchStrategy)0, (TunableHNSW::QuantizationStrategy)0, (TunableHNSW::IndexStrategy)0, 32ul, 64ul, 300ul, 100ul, 16, 100, 0, 0ul, 0, 0, 0ul, false> >::Node*, unsigned long, TunableHNSW::HNSW<TunableHNSW::HNSWConfig<128, true, (TunableHNSW::SearchStrategy)0, (TunableHNSW::QuantizationStrategy)0, (TunableHNSW::IndexStrategy)0, 32ul, 64ul, 300ul, 100ul, 16, 100, 0, 0ul, 0, 0, 0ul, false> >::Node>(TunableHNSW::HNSW<TunableHNSW::HNSWConfig<128, true, (TunableHNSW::SearchStrategy)0, (TunableHNSW::QuantizationStrategy)0, (TunableHNSW::IndexStrategy)0, 32ul, 64ul, 300ul, 100ul, 16, 100, 0, 0ul, 0, 0, 0ul, false> >::Node*, unsigned long, std::allocator<TunableHNSW::HNSW<TunableHNSW::HNSWConfig<128, true, (TunableHNSW::SearchStrategy)0, (TunableHNSW::QuantizationStrategy)0, (TunableHNSW::IndexStrategy)0, 32ul, 64ul, 300ul, 100ul, 16, 100, 0, 0ul, 0, 0, 0ul, false> >::Node>&)
777 7
779 7
fn=float* std::__uninitialized_copy<true>::__uninit_copy<__gnu_cxx::__normal_iterator<float const*, std::vector<float, std::allocator<float> > >, float*>(__gnu_cxx::__normal_iterator<float const*, std::vector<float, std::allocator<float> > >, __gnu_cxx::__normal_iterator<float const*, std::vector<float, std::allocator<float> > >, float*)
145 1407
147 1608
fn=float* std::__uninitialized_copy_a<__gnu_cxx::__normal_iterator<float const*, std::vector<float, std::allocator<float> > >, float*, float>(__gnu_cxx::__normal_iterator<float const*, std::vector<float, std::allocator<float> > >, __gnu_cxx::__normal_iterator<float const*, std::vector<float, std::allocator<float> > >, float*, std::allocator<float>&)
366 1608
370 603
373 1407
374 402
fn=float* std::__uninitialized_default_n<float*, unsigned long>(float*, unsigned long)
696 24
699 12
707 4
712 24
713 8
fn=float* std::__uninitialized_default_n_1<true>::__uninit_default_n<float*, unsigned long>(float*, unsigned long)
660 24
662 8
665 16
666 12
667 4
668 32
670 4
671 8
fn=float* std::__uninitialized_default_n_a<float*, unsigned long, float>(float*, unsigned long, std::allocator<float>&)
777 28
779 28
fn=float* std::uninitialized_copy<__gnu_cxx::__normal_iterator<float const*, std::vector<float, std::allocator<float> > >, float*>(__gnu_cxx::__normal_iterator<float const*, std::vector<float, std::allocator<float> > >, __gnu_cxx::__normal_iterator<float const*, std::vector<float, std::allocator<float> > >, float*)
163 1407
174 201
181 201
185 1206
186 402
fn=int* std::__relocate_a<int*, int*, std::allocator<int> >(int*, int*, int*, std::allocator<int>&)
1141 100000
1147 170000
1150 50000
fn=int* std::__uninitialized_copy<true>::__uninit_copy<__gnu_cxx::__normal_iterator<int const*, std::vector<int, std::allocator<int> > >, int*>(__gnu_cxx::__normal_iterator<int const*, std::vector<int, std::allocator<int> > >, __gnu_cxx::__normal_iterator<int const*, std::vector<int, std::allocator<int> > >, int*)
145 700
147 800
fn=int* std::__uninitialized_copy<true>::__uninit_copy<std::move_iterator<int*>, int*>(std::move_iterator<int*>, std::move_iterator<int*>, int*)
145 140000
147 160000
fn=int* std::__uninitialized_copy_a<__gnu_cxx::__normal_iterator<int const*, std::vector<int, std::allocator<int> > >, int*, int>(__gnu_cxx::__normal_iterator<int const*, std::vector<int, std::allocator<int> > >, __gnu_cxx::__normal_iterator<int const*, std::vector<int, std::allocator<int> > >, int*, std::allocator<int>&)
366 800
370 300
373 700
374 200
fn=int* std::__uninitialized_copy_a<std::move_iterator<int*>, int*, int>(std::move_iterator<int*>, std::move_iterator<int*>, int*, std::allocator<int>&)
366 160000
370 60000
373 140000
374 40000
fn=int* std::__uninitialized_default_n<int*, unsigned long>(int*, unsigned long)
696 60006
699 30003
707 10001
712 60006
713 20002
fn=int* std::__uninitialized_default_n_1<true>::__uninit_default_n<int*, unsigned long>(int*, unsigned long)
660 60006
662 20002
665 40004
666 30003
667 10001
668 80008
670 10001
671 20002
fn=int* std::__uninitialized_default_n_a<int*, unsigned long, int>(int*, unsigned long, std::allocator<int>&)
777 70007
779 70007
fn=int* std::__uninitialized_fill_n<true>::__uninit_fill_n<int*, unsigned long, int>(int*, unsigned long, int const&)
292 70000
294 80000
fn=int* std::__uninitialized_fill_n_a<int*, unsigned long, int, int>(int*, unsigned long, int const&, std::allocator<int>&)
465 80000
469 30000
472 70000
473 20000
fn=int* std::__uninitialized_move_if_noexcept_a<int*, int*, std::allocator<int> >(int*, int*, int*, std::allocator<int>&)
393 180000
399 280000
401 60000
fn=int* std::uninitialized_copy<__gnu_cxx::__normal_iterator<int const*, std::vector<int, std::allocator<int> > >, int*>(__gnu_cxx::__normal_iterator<int const*, std::vector<int, std::allocator<int> > >, __gnu_cxx::__normal_iterator<int const*, std::vector<int, std::allocator<int> > >, int*)
163 700
174 100
181 100
185 600
186 200
fn=int* std::uninitialized_copy<std::move_iterator<int*>, int*>(std::move_iterator<int*>, std::move_iterator<int*>, int*)
163 140000
174 20000
181 20000
185 120000
186 40000
fn=int* std::uninitialized_fill_n<int*, unsigned long, int>(int*, unsigned long, int const&)
312 70000
319 10000
327 60000
328 20000
fn=std::atomic<long long>* std::__uninitialized_default_n<std::atomic<long long>*, unsigned long>(std::atomic<long long>*, unsigned long)
696 6
699 3
707 1
712 6
713 2
fn=std::atomic<long long>* std::__uninitialized_default_n_1<false>::__uninit_default_n<std::atomic<long long>*, unsigned long>(std::atomic<long long>*, unsigned long)
637 6
639 2
642 71
643 85
644 1
651 2
fn=std::atomic<long long>* std::__uninitialized_default_n_a<std::atomic<long long>*, unsigned long, std::atomic<long long> >(std::atomic<long long>*, unsigned long, std::allocator<std::atomic<long long> >&)
777 7
779 7
fn=std::enable_if<std::__is_bitwise_relocatable<int, void>::value, int*>::type std::__relocate_a_1<int, int>(int*, int*, int*, std::allocator<int>&)
1114 110000
1118 40000
1119 20000
1133 40000
1134 50000
fn=std::pair<float, int>* std::__relocate_a<std::pair<float, int>*, std::pair<float, int>*, std::allocator<std::pair<float, int> > >(std::pair<float, int>*, std::pair<float, int>*, std::pair<float, int>*, std::allocator<std::pair<float, int> >&)
1141 4192840
1147 7127828
1150 2096420
fn=std::pair<float, int>* std::__relocate_a_1<std::pair<float, int>*, std::pair<float, int>*, std::allocator<std::pair<float, int> > >(std::pair<float, int>*, std::pair<float, int>*, std::pair<float, int>*, std::allocator<std::pair<float, int> >&)
1091 3773556
1103 838568
1104 51279151
1105 128965239
1107 419284
1108 1257852
fn=std::thread* std::__relocate_a<std::thread*, std::thread*, std::allocator<std::thread> >(std::thread*, std::thread*, std::thread*, std::allocator<std::thread>&)
1141 10
1147 17
1150 5
fn=std::thread* std::__relocate_a_1<std::thread*, std::thread*, std::allocator<std::thread> >(std::thread*, std::thread*, std::thread*, std::allocator<std::thread>&)
1091 9
1103 2
1104 4
1107 1
1108 3
fn=std::vector<float, std::allocator<float> >* std::__do_uninit_fill_n<std::vector<float, std::allocator<float> >*, unsigned long, std::vector<float, std::allocator<float> > >(std::vector<float, std::allocator<float> >*, unsigned long, std::vector<float, std::allocator<float> > const&)
261 16
263 4
266 806
267 1600
268 4
275 6
fn=std::vector<float, std::allocator<float> >* std::__uninitialized_fill_n<false>::__uninit_fill_n<std::vector<float, std::allocator<float> >*, unsigned long, std::vector<float, std::allocator<float> > >(std::vector<float, std::allocator<float> >*, unsigned long, std::vector<float, std::allocator<float> > const&)
282 14
284 16
fn=std::vector<float, std::allocator<float> >* std::__uninitialized_fill_n_a<std::vector<float, std::allocator<float> >*, unsigned long, std::vector<float, std::allocator<float> >, std::vector<float, std::allocator<float> > >(std::vector<float, std::allocator<float> >*, unsigned long, std::vector<float, std::allocator<float> > const&, std::allocator<std::vector<float, std::allocator<float> > >&)
465 16
469 6
472 14
473 4
fn=std::vector<float, std::allocator<float> >* std::uninitialized_fill_n<std::vector<float, std::allocator<float> >*, unsigned long, std::vector<float, std::allocator<float> > >(std::vector<float, std::allocator<float> >*, unsigned long, std::vector<float, std::allocator<float> > const&)
312 14
319 2
327 12
328 4
fn=std::vector<int, std::allocator<int> >* std::__do_uninit_fill_n<std::vector<int, std::allocator<int> >*, unsigned long, std::vector<int, std::allocator<int> > >(std::vector<int, std::allocator<int> >*, unsigned long, std::vector<int, std::allocator<int> > const&)
261 8
263 2
266 403
267 800
268 2
275 3
fn=std::vector<int, std::allocator<int> >* std::__uninitialized_fill_n<false>::__uninit_fill_n<std::vector<int, std::allocator<int> >*, unsigned long, std::vector<int, std::allocator<int> > >(std::vector<int, std::allocator<int> >*, unsigned long, std::vector<int, std::allocator<int> > const&)
282 7
284 8
fn=std::vector<int, std::allocator<int> >* std::__uninitialized_fill_n_a<std::vector<int, std::allocator<int> >*, unsigned long, std::vector<int, std::allocator<int> >, std::vector<int, std::allocator<int> > >(std::vector<int, std::allocator<int> >*, unsigned long, std::vector<int, std::allocator<int> > const&, std::allocator<std::vector<int, std::allocator<int> > >&)
465 8
469 3
472 7
473 2
fn=std::vector<int, std::allocator<int> >* std::uninitialized_fill_n<std::vector<int, std::allocator<int> >*, unsigned long, std::vector<int, std::allocator<int> > >(std::vector<int, std::allocator<int> >*, unsigned long, std::vector<int, std::allocator<int> > const&)
312 7
319 1
327 6
328 2
fn=std::vector<unsigned long, std::allocator<unsigned long> >* std::__do_uninit_fill_n<std::vector<unsigned long, std::allocator<unsigned long> >*, unsigned long, std::vector<unsigned long, std::allocator<unsigned long> > >(std::vector<unsigned long, std::allocator<unsigned long> >*, unsigned long, std::vector<unsigned long, std::allocator<unsigned long> > const&)
261 16
263 4
266 806
267 1600
268 4
275 6
fn=std::vector<unsigned long, std::allocator<unsigned long> >* std::__uninitialized_fill_n<false>::__uninit_fill_n<std::vector<unsigned long, std::allocator<unsigned long> >*, unsigned long, std::vector<unsigned long, std::allocator<unsigned long> > >(std::vector<unsigned long, std::allocator<unsigned long> >*, unsigned long, std::vector<unsigned long, std::allocator<unsigned long> > const&)
282 14
284 16
fn=std::vector<unsigned long, std::allocator<unsigned long> >* std::__uninitialized_fill_n_a<std::vector<unsigned long, std::allocator<unsigned long> >*, unsigned long, std::vector<unsigned long, std::allocator<unsigned long> >, std::vector<unsigned long, std::allocator<unsigned long> > >(std::vector<unsigned long, std::allocator<unsigned long> >*, unsigned long, std::vector<unsigned long, std::allocator<unsigned long> > const&, std::allocator<std::vector<unsigned long, std::allocator<unsigned long> > >&)
465 16
469 6
472 14
473 4
fn=std::vector<unsigned long, std::allocator<unsigned long> >* std::uninitialized_fill_n<std::vector<unsigned long, std::allocator<unsigned long> >*, unsigned long, std::vector<unsigned long, std::allocator<unsigned long> > >(std::vector<unsigned long, std::allocator<unsigned long> >*, unsigned long, std::vector<unsigned long, std::allocator<unsigned long> > const&)
312 14
319 2
327 12
328 4
fn=unsigned long* std::__uninitialized_copy<true>::__uninit_copy<__gnu_cxx::__normal_iterator<unsigned long const*, std::vector<unsigned long, std::allocator<unsigned long> > >, unsigned long*>(__gnu_cxx::__normal_iterator<unsigned long const*, std::vector<unsigned long, std::allocator<unsigned long> > >, __gnu_cxx::__normal_iterator<unsigned long const*, std::vector<unsigned long, std::allocator<unsigned long> > >, unsigned long*)
145 1400
147 1600
fn=unsigned long* std::__uninitialized_copy_a<__gnu_cxx::__normal_iterator<unsigned long const*, std::vector<unsigned long, std::allocator<unsigned long> > >, unsigned long*, unsigned long>(__gnu_cxx::__normal_iterator<unsigned long const*, std::vector<unsigned long, std::allocator<unsigned long> > >, __gnu_cxx::__normal_iterator<unsigned long const*, std::vector<unsigned long, std::allocator<unsigned long> > >, unsigned long*, std::allocator<unsigned long>&)
366 1600
370 600
373 1400
374 400
fn=unsigned long* std::__uninitialized_default_n<unsigned long*, unsigned long>(unsigned long*, unsigned long)
696 12
699 6
707 2
712 12
713 4
fn=unsigned long* std::__uninitialized_default_n_1<true>::__uninit_default_n<unsigned long*, unsigned long>(unsigned long*, unsigned long)
660 12
662 4
665 8
666 6
667 2
668 16
670 2
671 4
fn=unsigned long* std::__uninitialized_default_n_a<unsigned long*, unsigned long, unsigned long>(unsigned long*, unsigned long, std::allocator<unsigned long>&)
777 14
779 14
fn=unsigned long* std::uninitialized_copy<__gnu_cxx::__normal_iterator<unsigned long const*, std::vector<unsigned long, std::allocator<unsigned long> > >, unsigned long*>(__gnu_cxx::__normal_iterator<unsigned long const*, std::vector<unsigned long, std::allocator<unsigned long> > >, __gnu_cxx::__normal_iterator<unsigned long const*, std::vector<unsigned long, std::allocator<unsigned long> > >, unsigned long*)
163 1400
174 200
181 200
185 1200
186 400
fn=unsigned short* std::__uninitialized_copy<true>::__uninit_copy<std::move_iterator<unsigned short*>, unsigned short*>(std::move_iterator<unsigned short*>, std::move_iterator<unsigned short*>, unsigned short*)
145 266
147 304
fn=unsigned short* std::__uninitialized_copy_a<std::move_iterator<unsigned short*>, unsigned short*, unsigned short>(std::move_iterator<unsigned short*>, std::move_iterator<unsigned short*>, unsigned short*, std::allocator<unsigned short>&)
366 304
370 114
373 266
374 76
fn=unsigned short* std::__uninitialized_fill_n<true>::__uninit_fill_n<unsigned short*, unsigned long, unsigned short>(unsigned short*, unsigned long, unsigned short const&)
292 133
294 152
fn=unsigned short* std::__uninitialized_fill_n_a<unsigned short*, unsigned long, unsigned short, unsigned short>(unsigned short*, unsigned long, unsigned short const&, std::allocator<unsigned short>&)
465 152
469 57
472 133
473 38
fn=unsigned short* std::__uninitialized_move_if_noexcept_a<unsigned short*, unsigned short*, std::allocator<unsigned short> >(unsigned short*, unsigned short*, unsigned short*, std::allocator<unsigned short>&)
393 342
399 532
401 114
fn=unsigned short* std::uninitialized_copy<std::move_iterator<unsigned short*>, unsigned short*>(std::move_iterator<unsigned short*>, std::move_iterator<unsigned short*>, unsigned short*)
163 266
174 38
181 38
185 228
186 76
fn=unsigned short* std::uninitialized_fill_n<unsigned short*, unsigned long, unsigned short>(unsigned short*, unsigned long, unsigned short const&)
312 133
319 19
327 114
328 38
fn=void std::__relocate_object_a<std::pair<float, int>, std::pair<float, int>, std::allocator<std::pair<float, int> > >(std::pair<float, int>*, std::pair<float, int>*, std::allocator<std::pair<float, int> >&)
1069 69442821
1077 79363224
1078 59522418
1079 29761209
fl=/usr/include/c++/13/bits/stl_vector.h
fn=float* std::vector<float, std::allocator<float> >::_M_allocate_and_copy<__gnu_cxx::__normal_iterator<float const*, std::vector<float, std::allocator<float> > > >(unsigned long, __gnu_cxx::__normal_iterator<float const*, std::vector<float, std::allocator<float> > >, __gnu_cxx::__normal_iterator<float const*, std::vector<float, std::allocator<float> > >)
1616 9
1619 6
1622 5
1623 4
1624 2
1631 3
fn=float* std::vector<float, std::allocator<float> >::_M_data_ptr<float>(float*) const
1990 505
1991 303
fn=int* std::vector<int, std::allocator<int> >::_M_data_ptr<int>(int*) const
1990 15633780
1991 9380268
fn=std::_Vector_base<TunableHNSW::HNSW<TunableHNSW::HNSWConfig<128, true, (TunableHNSW::SearchStrategy)0, (TunableHNSW::QuantizationStrategy)0, (TunableHNSW::IndexStrategy)0, 32ul, 64ul, 300ul, 100ul, 16, 100, 0, 0ul, 0, 0, 0ul, false> >::Node, std::allocator<TunableHNSW::HNSW<TunableHNSW::HNSWConfig<128, true, (TunableHNSW::SearchStrategy)0, (TunableHNSW::QuantizationStrategy)0, (TunableHNSW::IndexStrategy)0, 32ul, 64ul, 300ul, 100ul, 16, 100, 0, 0ul, 0, 0, 0ul, false> >::Node> >::_M_allocate(unsigned long)
378 9
381 10
382 5
fn=std::_Vector_base<TunableHNSW::HNSW<TunableHNSW::HNSWConfig<128, true, (TunableHNSW::SearchStrategy)0, (TunableHNSW::QuantizationStrategy)0, (TunableHNSW::IndexStrategy)0, 32ul, 64ul, 300ul, 100ul, 16, 100, 0, 0ul, 0, 0, 0ul, false> >::Node, std::allocator<TunableHNSW::HNSW<TunableHNSW::HNSWConfig<128, true, (TunableHNSW::SearchStrategy)0, (TunableHNSW::QuantizationStrategy)0, (TunableHNSW::IndexStrategy)0, 32ul, 64ul, 300ul, 100ul, 16, 100, 0, 0ul, 0, 0, 0ul, false> >::Node> >::_M_deallocate(TunableHNSW::HNSW<TunableHNSW::HNSWConfig<128, true, (TunableHNSW::SearchStrategy)0, (TunableHNSW::QuantizationStrategy)0, (TunableHNSW::IndexStrategy)0, 32ul, 64ul, 300ul, 100ul, 16, 100, 0, 0ul, 0, 0, 0ul, false> >::Node*, unsigned long)
386 14
389 4
390 12
391 6
fn=std::_Vector_base<TunableHNSW::HNSW<TunableHNSW::HNSWConfig<128, true, (TunableHNSW::SearchStrategy)0, (TunableHNSW::QuantizationStrategy)0, (TunableHNSW::IndexStrategy)0, 32ul, 64ul, 300ul, 100ul, 16, 100, 0, 0ul, 0, 0, 0ul, false> >::Node, std::allocator<TunableHNSW::HNSW<TunableHNSW::HNSWConfig<128, true, (TunableHNSW::SearchStrategy)0, (TunableHNSW::QuantizationStrategy)0, (TunableHNSW::IndexStrategy)0, 32ul, 64ul, 300ul, 100ul, 16, 100, 0, 0ul, 0, 0, 0ul, false> >::Node> >::_M_get_Tp_allocator()
301 12
302 9
fn=std::_Vector_base<TunableHNSW::HNSW<TunableHNSW::HNSWConfig<128, true, (TunableHNSW::SearchStrategy)0, (TunableHNSW::QuantizationStrategy)0, (TunableHNSW::IndexStrategy)0, 32ul, 64ul, 300ul, 100ul, 16, 100, 0, 0ul, 0, 0, 0ul, false> >::Node, std::allocator<TunableHNSW::HNSW<TunableHNSW::HNSWConfig<128, true, (TunableHNSW::SearchStrategy)0, (TunableHNSW::QuantizationStrategy)0, (TunableHNSW::IndexStrategy)0, 32ul, 64ul, 300ul, 100ul, 16, 100, 0, 0ul, 0, 0, 0ul, false> >::Node> >::_M_get_Tp_allocator() const
306 16
307 12
fn=std::_Vector_base<TunableHNSW::HNSW<TunableHNSW::HNSWConfig<128, true, (TunableHNSW::SearchStrategy)0, (TunableHNSW::QuantizationStrategy)0, (TunableHNSW::IndexStrategy)0, 32ul, 64ul, 300ul, 100ul, 16, 100, 0, 0ul, 0, 0, 0ul, false> >::Node, std::allocator<TunableHNSW::HNSW<TunableHNSW::HNSWConfig<128, true, (TunableHNSW::SearchStrategy)0, (TunableHNSW::QuantizationStrategy)0, (TunableHNSW::IndexStrategy)0, 32ul, 64ul, 300ul, 100ul, 16, 100, 0, 0ul, 0, 0, 0ul, false> >::Node> >::_Vector_base()
315 11
fn=std::_Vector_base<TunableHNSW::HNSW<TunableHNSW::HNSWConfig<128, true, (TunableHNSW::SearchStrategy)0, (TunableHNSW::QuantizationStrategy)0, (TunableHNSW::IndexStrategy)0, 32ul, 64ul, 300ul, 100ul, 16, 100, 0, 0ul, 0, 0, 0ul, false> >::Node, std::allocator<TunableHNSW::HNSW<TunableHNSW::HNSWConfig<128, true, (TunableHNSW::SearchStrategy)0, (TunableHNSW::QuantizationStrategy)0, (TunableHNSW::IndexStrategy)0, 32ul, 64ul, 300ul, 100ul, 16, 100, 0, 0ul, 0, 0, 0ul, false> >::Node> >::_Vector_impl::_Vector_impl()
137 9
142 3
143 3
fn=std::_Vector_base<TunableHNSW::HNSW<TunableHNSW::HNSWConfig<128, true, (TunableHNSW::SearchStrategy)0, (TunableHNSW::QuantizationStrategy)0, (TunableHNSW::IndexStrategy)0, 32ul, 64ul, 300ul, 100ul, 16, 100, 0, 0ul, 0, 0, 0ul, false> >::Node, std::allocator<TunableHNSW::HNSW<TunableHNSW::HNSWConfig<128, true, (TunableHNSW::SearchStrategy)0, (TunableHNSW::QuantizationStrategy)0, (TunableHNSW::IndexStrategy)0, 32ul, 64ul, 300ul, 100ul, 16, 100, 0, 0ul, 0, 0, 0ul, false> >::Node> >::_Vector_impl::~_Vector_impl()
133 9
fn=std::_Vector_base<TunableHNSW::HNSW<TunableHNSW::HNSWConfig<128, true, (TunableHNSW::SearchStrategy)0, (TunableHNSW::QuantizationStrategy)0, (TunableHNSW::IndexStrategy)0, 32ul, 64ul, 300ul, 100ul, 16, 100, 0, 0ul, 0, 0, 0ul, false> >::Node, std::allocator<TunableHNSW::HNSW<TunableHNSW::HNSWConfig<128, true, (TunableHNSW::SearchStrategy)0, (TunableHNSW::QuantizationStrategy)0, (TunableHNSW::IndexStrategy)0, 32ul, 64ul, 300ul, 100ul, 16, 100, 0, 0ul, 0, 0, 0ul, false> >::Node> >::_Vector_impl_data::_Vector_impl_data()
99 4
100 6
101 3
fn=std::_Vector_base<TunableHNSW::HNSW<TunableHNSW::HNSWConfig<128, true, (TunableHNSW::SearchStrategy)0, (TunableHNSW::QuantizationStrategy)0, (TunableHNSW::IndexStrategy)0, 32ul, 64ul, 300ul, 100ul, 16, 100, 0, 0ul, 0, 0, 0ul, false> >::Node, std::allocator<TunableHNSW::HNSW<TunableHNSW::HNSWConfig<128, true, (TunableHNSW::SearchStrategy)0, (TunableHNSW::QuantizationStrategy)0, (TunableHNSW::IndexStrategy)0, 32ul, 64ul, 300ul, 100ul, 16, 100, 0, 0ul, 0, 0, 0ul, false> >::Node> >::~_Vector_base()
367 5
369 7
370 7
371 6
fn=std::_Vector_base<float, std::allocator<float> >::_M_allocate(unsigned long)
378 1845
381 2050
382 1025
fn=std::_Vector_base<float, std::allocator<float> >::_M_create_storage(unsigned long)
396 1224
398 1428
399 816
400 1428
401 612
fn=std::_Vector_base<float, std::allocator<float> >::_M_deallocate(float*, unsigned long)
386 1470
389 420
390 2460
391 630
fn=std::_Vector_base<float, std::allocator<float> >::_M_get_Tp_allocator()
301 1680
302 1260
fn=std::_Vector_base<float, std::allocator<float> >::_M_get_Tp_allocator() const
306 808
307 606
fn=std::_Vector_base<float, std::allocator<float> >::_Vector_base()
315 33
fn=std::_Vector_base<float, std::allocator<float> >::_Vector_base(std::allocator<float> const&)
321 12
322 16
fn=std::_Vector_base<float, std::allocator<float> >::_Vector_base(unsigned long, std::allocator<float> const&)
333 1632
334 1020
335 1836
fn=std::_Vector_base<float, std::allocator<float> >::_Vector_impl::_Vector_impl()
137 27
142 9
143 9
fn=std::_Vector_base<float, std::allocator<float> >::_Vector_impl::_Vector_impl(std::allocator<float> const&)
146 2884
147 618
148 618
fn=std::_Vector_base<float, std::allocator<float> >::_Vector_impl::~_Vector_impl()
133 1881
fn=std::_Vector_base<float, std::allocator<float> >::_Vector_impl_data::_M_copy_data(std::_Vector_base<float, std::allocator<float> >::_Vector_impl_data const&)
113 60
115 48
116 48
117 48
118 36
fn=std::_Vector_base<float, std::allocator<float> >::_Vector_impl_data::_M_swap_data(std::_Vector_base<float, std::allocator<float> >::_Vector_impl_data&)
122 36
126 12
127 20
128 20
129 20
130 24
fn=std::_Vector_base<float, std::allocator<float> >::_Vector_impl_data::_Vector_impl_data()
99 836
100 1254
101 627
fn=std::_Vector_base<float, std::allocator<float> >::get_allocator() const
311 12
312 28
fn=std::_Vector_base<float, std::allocator<float> >::~_Vector_base()
367 1045
369 1463
370 1463
371 1254
fn=std::_Vector_base<int, std::allocator<int> >::_M_allocate(unsigned long)
378 180909
381 201010
382 100505
fn=std::_Vector_base<int, std::allocator<int> >::_M_create_storage(unsigned long)
396 606
398 707
399 404
400 707
401 303
fn=std::_Vector_base<int, std::allocator<int> >::_M_deallocate(int*, unsigned long)
386 280707
389 80202
390 241212
391 120303
fn=std::_Vector_base<int, std::allocator<int> >::_M_get_Tp_allocator()
301 320808
302 240606
fn=std::_Vector_base<int, std::allocator<int> >::_M_get_Tp_allocator() const
306 240400
307 180300
fn=std::_Vector_base<int, std::allocator<int> >::_Vector_base()
315 220000
fn=std::_Vector_base<int, std::allocator<int> >::_Vector_base(unsigned long, std::allocator<int> const&)
333 808
334 505
335 909
fn=std::_Vector_base<int, std::allocator<int> >::_Vector_impl::_Vector_impl()
137 180000
142 60000
143 60000
fn=std::_Vector_base<int, std::allocator<int> >::_Vector_impl::_Vector_impl(std::allocator<int> const&)
146 1414
147 303
148 303
fn=std::_Vector_base<int, std::allocator<int> >::_Vector_impl::~_Vector_impl()
133 180909
fn=std::_Vector_base<int, std::allocator<int> >::_Vector_impl_data::_Vector_impl_data()
99 80404
100 120606
101 60303
fn=std::_Vector_base<int, std::allocator<int> >::~_Vector_base()
367 100505
369 140707
370 140707
371 120606
fn=std::_Vector_base<std::atomic<long long>, std::allocator<std::atomic<long long> > >::_M_allocate(unsigned long)
378 9
381 10
382 5
fn=std::_Vector_base<std::atomic<long long>, std::allocator<std::atomic<long long> > >::_M_create_storage(unsigned long)
396 6
398 7
399 4
400 7
401 3
fn=std::_Vector_base<std::atomic<long long>, std::allocator<std::atomic<long long> > >::_M_deallocate(std::atomic<long long>*, unsigned long)
386 7
389 2
390 12
391 3
fn=std::_Vector_base<std::atomic<long long>, std::allocator<std::atomic<long long> > >::_M_get_Tp_allocator()
301 8
302 6
fn=std::_Vector_base<std::atomic<long long>, std::allocator<std::atomic<long long> > >::_Vector_base(unsigned long, std::allocator<std::atomic<long long> > const&)
333 8
334 5
335 9
fn=std::_Vector_base<std::atomic<long long>, std::allocator<std::atomic<long long> > >::_Vector_impl::_Vector_impl(std::allocator<std::atomic<long long> > const&)
146 14
147 3
148 3
fn=std::_Vector_base<std::atomic<long long>, std::allocator<std::atomic<long long> > >::_Vector_impl::~_Vector_impl()
133 9
fn=std::_Vector_base<std::atomic<long long>, std::allocator<std::atomic<long long> > >::_Vector_impl_data::_Vector_impl_data()
99 4
100 6
101 3
fn=std::_Vector_base<std::atomic<long long>, std::allocator<std::atomic<long long> > >::~_Vector_base()
367 5
369 7
370 7
371 6
fn=std::_Vector_base<std::pair<float, int>, std::allocator<std::pair<float, int> > >::_M_allocate(unsigned long)
378 1933362
381 2148180
382 1074090
fn=std::_Vector_base<std::pair<float, int>, std::allocator<std::pair<float, int> > >::_M_deallocate(std::pair<float, int>*, unsigned long)
386 1723120
389 492320
390 2577816
391 738480
fn=std::_Vector_base<std::pair<float, int>, std::allocator<std::pair<float, int> > >::_M_get_Tp_allocator()
301 1802504
302 1351878
fn=std::_Vector_base<std::pair<float, int>, std::allocator<std::pair<float, int> > >::_M_get_Tp_allocator() const
306 1677136
307 1257852
fn=std::_Vector_base<std::pair<float, int>, std::allocator<std::pair<float, int> > >::_Vector_base()
315 229790
fn=std::_Vector_base<std::pair<float, int>, std::allocator<std::pair<float, int> > >::_Vector_impl::_Vector_impl()
137 188010
142 62670
143 62670
fn=std::_Vector_base<std::pair<float, int>, std::allocator<std::pair<float, int> > >::_Vector_impl::~_Vector_impl()
133 282078
fn=std::_Vector_base<std::pair<float, int>, std::allocator<std::pair<float, int> > >::_Vector_impl_data::_Vector_impl_data()
99 83560
100 125340
101 62670
fn=std::_Vector_base<std::pair<float, int>, std::allocator<std::pair<float, int> > >::~_Vector_base()
367 156710
369 219394
370 219394
371 188052
fn=std::_Vector_base<std::thread, std::allocator<std::thread> >::_M_allocate(unsigned long)
378 9
381 10
382 5
fn=std::_Vector_base<std::thread, std::allocator<std::thread> >::_M_deallocate(std::thread*, unsigned long)
386 14
389 4
390 12
391 6
fn=std::_Vector_base<std::thread, std::allocator<std::thread> >::_M_get_Tp_allocator()
301 8
302 6
fn=std::_Vector_base<std::thread, std::allocator<std::thread> >::_M_get_Tp_allocator() const
306 4
307 3
fn=std::_Vector_base<std::thread, std::allocator<std::thread> >::_Vector_impl::~_Vector_impl()
133 9
fn=std::_Vector_base<std::thread, std::allocator<std::thread> >::~_Vector_base()
367 5
369 7
370 7
371 6
fn=std::_Vector_base<std::vector<float, std::allocator<float> >, std::allocator<std::vector<float, std::allocator<float> > > >::_M_allocate(unsigned long)
378 18
381 20
382 10
fn=std::_Vector_base<std::vector<float, std::allocator<float> >, std::allocator<std::vector<float, std::allocator<float> > > >::_M_create_storage(unsigned long)
396 12
398 14
399 8
400 20
401 6
fn=std::_Vector_base<std::vector<float, std::allocator<float> >, std::allocator<std::vector<float, std::allocator<float> > > >::_M_deallocate(std::vector<float, std::allocator<float> >*, unsigned long)
386 42
389 12
390 24
391 18
fn=std::_Vector_base<std::vector<float, std::allocator<float> >, std::allocator<std::vector<float, std::allocator<float> > > >::_M_get_Tp_allocator()
301 48
302 36
fn=std::_Vector_base<std::vector<float, std::allocator<float> >, std::allocator<std::vector<float, std::allocator<float> > > >::_M_get_Tp_allocator() const
306 8
307 6
fn=std::_Vector_base<std::vector<float, std::allocator<float> >, std::allocator<std::vector<float, std::allocator<float> > > >::_Vector_base()
315 22
fn=std::_Vector_base<std::vector<float, std::allocator<float> >, std::allocator<std::vector<float, std::allocator<float> > > >::_Vector_base(std::allocator<std::vector<float, std::allocator<float> > > const&)
321 12
322 16
fn=std::_Vector_base<std::vector<float, std::allocator<float> >, std::allocator<std::vector<float, std::allocator<float> > > >::_Vector_base(unsigned long, std::allocator<std::vector<float, std::allocator<float> > > const&)
333 16
334 10
335 18
fn=std::_Vector_base<std::vector<float, std::allocator<float> >, std::allocator<std::vector<float, std::allocator<float> > > >::_Vector_impl::_Vector_impl()
137 18
142 6
143 6
fn=std::_Vector_base<std::vector<float, std::allocator<float> >, std::allocator<std::vector<float, std::allocator<float> > > >::_Vector_impl::_Vector_impl(std::allocator<std::vector<float, std::allocator<float> > > const&)
146 56
147 12
148 12
fn=std::_Vector_base<std::vector<float, std::allocator<float> >, std::allocator<std::vector<float, std::allocator<float> > > >::_Vector_impl::~_Vector_impl()
133 54
fn=std::_Vector_base<std::vector<float, std::allocator<float> >, std::allocator<std::vector<float, std::allocator<float> > > >::_Vector_impl_data::_M_copy_data(std::_Vector_base<std::vector<float, std::allocator<float> >, std::allocator<std::vector<float, std::allocator<float> > > >::_Vector_impl_data const&)
113 60
115 48
116 48
117 48
118 36
fn=std::_Vector_base<std::vector<float, std::allocator<float> >, std::allocator<std::vector<float, std::allocator<float> > > >::_Vector_impl_data::_M_swap_data(std::_Vector_base<std::vector<float, std::allocator<float> >, std::allocator<std::vector<float, std::allocator<float> > > >::_Vector_impl_data&)
122 36
126 12
127 20
128 20
129 20
130 24
fn=std::_Vector_base<std::vector<float, std::allocator<float> >, std::allocator<std::vector<float, std::allocator<float> > > >::_Vector_impl_data::_Vector_impl_data()
99 24
100 36
101 18
fn=std::_Vector_base<std::vector<float, std::allocator<float> >, std::allocator<std::vector<float, std::allocator<float> > > >::get_allocator() const
311 12
312 28
fn=std::_Vector_base<std::vector<float, std::allocator<float> >, std::allocator<std::vector<float, std::allocator<float> > > >::~_Vector_base()
367 30
369 42
370 48
371 36
fn=std::_Vector_base<std::vector<int, std::allocator<int> >, std::allocator<std::vector<int, std::allocator<int> > > >::_M_allocate(unsigned long)
378 9
381 10
382 5
fn=std::_Vector_base<std::vector<int, std::allocator<int> >, std::allocator<std::vector<int, std::allocator<int> > > >::_M_create_storage(unsigned long)
396 6
398 7
399 4
400 10
401 3
fn=std::_Vector_base<std::vector<int, std::allocator<int> >, std::allocator<std::vector<int, std::allocator<int> > > >::_M_deallocate(std::vector<int, std::allocator<int> >*, unsigned long)
386 7
389 2
390 12
391 3
fn=std::_Vector_base<std::vector<int, std::allocator<int> >, std::allocator<std::vector<int, std::allocator<int> > > >::_M_get_Tp_allocator()
301 8
302 6
fn=std::_Vector_base<std::vector<int, std::allocator<int> >, std::allocator<std::vector<int, std::allocator<int> > > >::_Vector_base(unsigned long, std::allocator<std::vector<int, std::allocator<int> > > const&)
333 8
334 5
335 9
fn=std::_Vector_base<std::vector<int, std::allocator<int> >, std::allocator<std::vector<int, std::allocator<int> > > >::_Vector_impl::_Vector_impl(std::allocator<std::vector<int, std::allocator<int> > > const&)
146 14
147 3
148 3
fn=std::_Vector_base<std::vector<int, std::allocator<int> >, std::allocator<std::vector<int, std::allocator<int> > > >::_Vector_impl::~_Vector_impl()
133 9
fn=std::_Vector_base<std::vector<int, std::allocator<int> >, std::allocator<std::vector<int, std::allocator<int> > > >::_Vector_impl_data::_Vector_impl_data()
99 4
100 6
101 3
fn=std::_Vector_base<std::vector<int, std::allocator<int> >, std::allocator<std::vector<int, std::allocator<int> > > >::~_Vector_base()
367 5
369 7
370 8
371 6
fn=std::_Vector_base<std::vector<unsigned long, std::allocator<unsigned long> >, std::allocator<std::vector<unsigned long, std::allocator<unsigned long> > > >::_M_allocate(unsigned long)
378 18
381 20
382 10
fn=std::_Vector_base<std::vector<unsigned long, std::allocator<unsigned long> >, std::allocator<std::vector<unsigned long, std::allocator<unsigned long> > > >::_M_create_storage(unsigned long)
396 12
398 14
399 8
400 20
401 6
fn=std::_Vector_base<std::vector<unsigned long, std::allocator<unsigned long> >, std::allocator<std::vector<unsigned long, std::allocator<unsigned long> > > >::_M_deallocate(std::vector<unsigned long, std::allocator<unsigned long> >*, unsigned long)
386 42
389 12
390 24
391 18
fn=std::_Vector_base<std::vector<unsigned long, std::allocator<unsigned long> >, std::allocator<std::vector<unsigned long, std::allocator<unsigned long> > > >::_M_get_Tp_allocator()
301 48
302 36
fn=std::_Vector_base<std::vector<unsigned long, std::allocator<unsigned long> >, std::allocator<std::vector<unsigned long, std::allocator<unsigned long> > > >::_M_get_Tp_allocator() const
306 8
307 6
fn=std::_Vector_base<std::vector<unsigned long, std::allocator<unsigned long> >, std::allocator<std::vector<unsigned long, std::allocator<unsigned long> > > >::_Vector_base()
315 22
fn=std::_Vector_base<std::vector<unsigned long, std::allocator<unsigned long> >, std::allocator<std::vector<unsigned long, std::allocator<unsigned long> > > >::_Vector_base(std::allocator<std::vector<unsigned long, std::allocator<unsigned long> > > const&)
321 12
322 16
fn=std::_Vector_base<std::vector<unsigned long, std::allocator<unsigned long> >, std::allocator<std::vector<unsigned long, std::allocator<unsigned long> > > >::_Vector_base(unsigned long, std::allocator<std::vector<unsigned long, std::allocator<unsigned long> > > const&)
333 16
334 10
335 18
fn=std::_Vector_base<std::vector<unsigned long, std::allocator<unsigned long> >, std::allocator<std::vector<unsigned long, std::allocator<unsigned long> > > >::_Vector_impl::_Vector_impl()
137 18
142 6
143 6
fn=std::_Vector_base<std::vector<unsigned long, std::allocator<unsigned long> >, std::allocator<std::vector<unsigned long, std::allocator<unsigned long> > > >::_Vector_impl::_Vector_impl(std::allocator<std::vector<unsigned long, std::allocator<unsigned long> > > const&)
146 56
147 12
148 12
fn=std::_Vector_base<std::vector<unsigned long, std::allocator<unsigned long> >, std::allocator<std::vector<unsigned long, std::allocator<unsigned long> > > >::_Vector_impl::~_Vector_impl()
133 54
fn=std::_Vector_base<std::vector<unsigned long, std::allocator<unsigned long> >, std::allocator<std::vector<unsigned long, std::allocator<unsigned long> > > >::_Vector_impl_data::_M_copy_data(std::_Vector_base<std::vector<unsigned long, std::allocator<unsigned long> >, std::allocator<std::vector<unsigned long, std::allocator<unsigned long> > > >::_Vector_impl_data const&)
113 60
115 48
116 48
117 48
118 36
fn=std::_Vector_base<std::vector<unsigned long, std::allocator<unsigned long> >, std::allocator<std::vector<unsigned long, std::allocator<unsigned long> > > >::_Vector_impl_data::_M_swap_data(std::_Vector_base<std::vector<unsigned long, std::allocator<unsigned long> >, std::allocator<std::vector<unsigned long, std::allocator<unsigned long> > > >::_Vector_impl_data&)
122 36
126 12
127 20
128 20
129 20
130 24
fn=std::_Vector_base<std::vector<unsigned long, std::allocator<unsigned long> >, std::allocator<std::vector<unsigned long, std::allocator<unsigned long> > > >::_Vector_impl_data::_Vector_impl_data()
99 24
100 36
101 18
fn=std::_Vector_base<std::vector<unsigned long, std::allocator<unsigned long> >, std::allocator<std::vector<unsigned long, std::allocator<unsigned long> > > >::get_allocator() const
311 12
312 28
fn=std::_Vector_base<std::vector<unsigned long, std::allocator<unsigned long> >, std::allocator<std::vector<unsigned long, std::allocator<unsigned long> > > >::~_Vector_base()
367 30
369 42
370 48
371 36
fn=std::_Vector_base<unsigned char, std::allocator<unsigned char> >::_M_deallocate(unsigned char*, unsigned long)
386 7
389 2
391 3
fn=std::_Vector_base<unsigned char, std::allocator<unsigned char> >::_M_get_Tp_allocator()
301 4
302 3
fn=std::_Vector_base<unsigned char, std::allocator<unsigned char> >::_Vector_base()
315 11
fn=std::_Vector_base<unsigned char, std::allocator<unsigned char> >::_Vector_impl::_Vector_impl()
137 9
142 3
143 3
fn=std::_Vector_base<unsigned char, std::allocator<unsigned char> >::_Vector_impl::~_Vector_impl()
133 9
fn=std::_Vector_base<unsigned char, std::allocator<unsigned char> >::_Vector_impl_data::_Vector_impl_data()
99 4
100 6
101 3
fn=std::_Vector_base<unsigned char, std::allocator<unsigned char> >::~_Vector_base()
367 5
369 6
370 5
371 6
fn=std::_Vector_base<unsigned long, std::allocator<unsigned long> >::_M_allocate(unsigned long)
378 1818
381 2020
382 1010
fn=std::_Vector_base<unsigned long, std::allocator<unsigned long> >::_M_create_storage(unsigned long)
396 1212
398 1414
399 808
400 1414
401 606
fn=std::_Vector_base<unsigned long, std::allocator<unsigned long> >::_M_deallocate(unsigned long*, unsigned long)
386 1414
389 404
390 2424
391 606
fn=std::_Vector_base<unsigned long, std::allocator<unsigned long> >::_M_get_Tp_allocator()
301 1616
302 1212
fn=std::_Vector_base<unsigned long, std::allocator<unsigned long> >::_M_get_Tp_allocator() const
306 800
307 600
fn=std::_Vector_base<unsigned long, std::allocator<unsigned long> >::_Vector_base(unsigned long, std::allocator<unsigned long> const&)
333 1616
334 1010
335 1818
fn=std::_Vector_base<unsigned long, std::allocator<unsigned long> >::_Vector_impl::_Vector_impl(std::allocator<unsigned long> const&)
146 2828
147 606
148 606
fn=std::_Vector_base<unsigned long, std::allocator<unsigned long> >::_Vector_impl::~_Vector_impl()
133 1818
fn=std::_Vector_base<unsigned long, std::allocator<unsigned long> >::_Vector_impl_data::_Vector_impl_data()
99 808
100 1212
101 606
fn=std::_Vector_base<unsigned long, std::allocator<unsigned long> >::~_Vector_base()
367 1010
369 1414
370 1414
371 1212
fn=std::_Vector_base<unsigned short, std::allocator<unsigned short> >::_M_allocate(unsigned long)
378 171
381 190
382 95
fn=std::_Vector_base<unsigned short, std::allocator<unsigned short> >::_M_deallocate(unsigned short*, unsigned long)
386 266
389 76
390 228
391 114
fn=std::_Vector_base<unsigned short, std::allocator<unsigned short> >::_M_get_Tp_allocator()
301 380
302 285
fn=std::_Vector_base<unsigned short, std::allocator<unsigned short> >::_M_get_Tp_allocator() const
306 152
307 114
fn=std::_Vector_base<unsigned short, std::allocator<unsigned short> >::_Vector_impl::~_Vector_impl()
133 171
fn=std::_Vector_base<unsigned short, std::allocator<unsigned short> >::~_Vector_base()
367 95
369 133
370 133
371 114
fn=std::vector<TunableHNSW::HNSW<TunableHNSW::HNSWConfig<128, true, (TunableHNSW::SearchStrategy)0, (TunableHNSW::QuantizationStrategy)0, (TunableHNSW::IndexStrategy)0, 32ul, 64ul, 300ul, 100ul, 16, 100, 0, 0ul, 0, 0, 0ul, false> >::Node, std::allocator<TunableHNSW::HNSW<TunableHNSW::HNSWConfig<128, true, (TunableHNSW::SearchStrategy)0, (TunableHNSW::QuantizationStrategy)0, (TunableHNSW::IndexStrategy)0, 32ul, 64ul, 300ul, 100ul, 16, 100, 0, 0ul, 0, 0, 0ul, false> >::Node> >::_M_check_len(unsigned long, char const*) const
1896 11
1898 14
1901 16
1902 11
1903 6
fn=std::vector<TunableHNSW::HNSW<TunableHNSW::HNSWConfig<128, true, (TunableHNSW::SearchStrategy)0, (TunableHNSW::QuantizationStrategy)0, (TunableHNSW::IndexStrategy)0, 32ul, 64ul, 300ul, 100ul, 16, 100, 0, 0ul, 0, 0, 0ul, false> >::Node, std::allocator<TunableHNSW::HNSW<TunableHNSW::HNSWConfig<128, true, (TunableHNSW::SearchStrategy)0, (TunableHNSW::QuantizationStrategy)0, (TunableHNSW::IndexStrategy)0, 32ul, 64ul, 300ul, 100ul, 16, 100, 0, 0ul, 0, 0, 0ul, false> >::Node> >::_S_max_size(std::allocator<TunableHNSW::HNSW<TunableHNSW::HNSWConfig<128, true, (TunableHNSW::SearchStrategy)0, (TunableHNSW::QuantizationStrategy)0, (TunableHNSW::IndexStrategy)0, 32ul, 64ul, 300ul, 100ul, 16, 100, 0, 0ul, 0, 0, 0ul, false> >::Node> const&)
1916 32
1921 16
1923 4
1924 24
1925 20
fn=std::vector<TunableHNSW::HNSW<TunableHNSW::HNSWConfig<128, true, (TunableHNSW::SearchStrategy)0, (TunableHNSW::QuantizationStrategy)0, (TunableHNSW::IndexStrategy)0, 32ul, 64ul, 300ul, 100ul, 16, 100, 0, 0ul, 0, 0, 0ul, false> >::Node, std::allocator<TunableHNSW::HNSW<TunableHNSW::HNSWConfig<128, true, (TunableHNSW::SearchStrategy)0, (TunableHNSW::QuantizationStrategy)0, (TunableHNSW::IndexStrategy)0, 32ul, 64ul, 300ul, 100ul, 16, 100, 0, 0ul, 0, 0, 0ul, false> >::Node> >::_S_relocate(TunableHNSW::HNSW<TunableHNSW::HNSWConfig<128, true, (TunableHNSW::SearchStrategy)0, (TunableHNSW::QuantizationStrategy)0, (TunableHNSW::IndexStrategy)0, 32ul, 64ul, 300ul, 100ul, 16, 100, 0, 0ul, 0, 0, 0ul, false> >::Node*, TunableHNSW::HNSW<TunableHNSW::HNSWConfig<128, true, (TunableHNSW::SearchStrategy)0, (TunableHNSW::QuantizationStrategy)0, (TunableHNSW::IndexStrategy)0, 32ul, 64ul, 300ul, 100ul, 16, 100, 0, 0ul, 0, 0, 0ul, false> >::Node*, TunableHNSW::HNSW<TunableHNSW::HNSWConfig<128, true, (TunableHNSW::SearchStrategy)0, (TunableHNSW::QuantizationStrategy)0, (TunableHNSW::IndexStrategy)0, 32ul, 64ul, 300ul, 100ul, 16, 100, 0, 0ul, 0, 0, 0ul, false> >::Node*, std::allocator<TunableHNSW::HNSW<TunableHNSW::HNSWConfig<128, true, (TunableHNSW::SearchStrategy)0, (TunableHNSW::QuantizationStrategy)0, (TunableHNSW::IndexStrategy)0, 32ul, 64ul, 300ul, 100ul, 16, 100, 0, 0ul, 0, 0, 0ul, false> >::Node>&)
504 8
509 6
514 2
fn=std::vector<TunableHNSW::HNSW<TunableHNSW::HNSWConfig<128, true, (TunableHNSW::SearchStrategy)0, (TunableHNSW::QuantizationStrategy)0, (TunableHNSW::IndexStrategy)0, 32ul, 64ul, 300ul, 100ul, 16, 100, 0, 0ul, 0, 0, 0ul, false> >::Node, std::allocator<TunableHNSW::HNSW<TunableHNSW::HNSWConfig<128, true, (TunableHNSW::SearchStrategy)0, (TunableHNSW::QuantizationStrategy)0, (TunableHNSW::IndexStrategy)0, 32ul, 64ul, 300ul, 100ul, 16, 100, 0, 0ul, 0, 0, 0ul, false> >::Node> >::max_size() const
998 20
999 28
fn=std::vector<TunableHNSW::HNSW<TunableHNSW::HNSWConfig<128, true, (TunableHNSW::SearchStrategy)0, (TunableHNSW::QuantizationStrategy)0, (TunableHNSW::IndexStrategy)0, 32ul, 64ul, 300ul, 100ul, 16, 100, 0, 0ul, 0, 0, 0ul, false> >::Node, std::allocator<TunableHNSW::HNSW<TunableHNSW::HNSWConfig<128, true, (TunableHNSW::SearchStrategy)0, (TunableHNSW::QuantizationStrategy)0, (TunableHNSW::IndexStrategy)0, 32ul, 64ul, 300ul, 100ul, 16, 100, 0, 0ul, 0, 0, 0ul, false> >::Node> >::operator[](unsigned long)
1126 15935005
1129 15935005
1130 6374002
fn=std::vector<TunableHNSW::HNSW<TunableHNSW::HNSWConfig<128, true, (TunableHNSW::SearchStrategy)0, (TunableHNSW::QuantizationStrategy)0, (TunableHNSW::IndexStrategy)0, 32ul, 64ul, 300ul, 100ul, 16, 100, 0, 0ul, 0, 0, 0ul, false> >::Node, std::allocator<TunableHNSW::HNSW<TunableHNSW::HNSWConfig<128, true, (TunableHNSW::SearchStrategy)0, (TunableHNSW::QuantizationStrategy)0, (TunableHNSW::IndexStrategy)0, 32ul, 64ul, 300ul, 100ul, 16, 100, 0, 0ul, 0, 0, 0ul, false> >::Node> >::resize(unsigned long)
1013 6
1015 7
1016 9
1019 4
fn=std::vector<TunableHNSW::HNSW<TunableHNSW::HNSWConfig<128, true, (TunableHNSW::SearchStrategy)0, (TunableHNSW::QuantizationStrategy)0, (TunableHNSW::IndexStrategy)0, 32ul, 64ul, 300ul, 100ul, 16, 100, 0, 0ul, 0, 0, 0ul, false> >::Node, std::allocator<TunableHNSW::HNSW<TunableHNSW::HNSWConfig<128, true, (TunableHNSW::SearchStrategy)0, (TunableHNSW::QuantizationStrategy)0, (TunableHNSW::IndexStrategy)0, 32ul, 64ul, 300ul, 100ul, 16, 100, 0, 0ul, 0, 0, 0ul, false> >::Node> >::size() const
992 28
993 63
fn=std::vector<TunableHNSW::HNSW<TunableHNSW::HNSWConfig<128, true, (TunableHNSW::SearchStrategy)0, (TunableHNSW::QuantizationStrategy)0, (TunableHNSW::IndexStrategy)0, 32ul, 64ul, 300ul, 100ul, 16, 100, 0, 0ul, 0, 0, 0ul, false> >::Node, std::allocator<TunableHNSW::HNSW<TunableHNSW::HNSWConfig<128, true, (TunableHNSW::SearchStrategy)0, (TunableHNSW::QuantizationStrategy)0, (TunableHNSW::IndexStrategy)0, 32ul, 64ul, 300ul, 100ul, 16, 100, 0, 0ul, 0, 0, 0ul, false> >::Node> >::vector()
531 11
fn=std::vector<TunableHNSW::HNSW<TunableHNSW::HNSWConfig<128, true, (TunableHNSW::SearchStrategy)0, (TunableHNSW::QuantizationStrategy)0, (TunableHNSW::IndexStrategy)0, 32ul, 64ul, 300ul, 100ul, 16, 100, 0, 0ul, 0, 0, 0ul, false> >::Node, std::allocator<TunableHNSW::HNSW<TunableHNSW::HNSWConfig<128, true, (TunableHNSW::SearchStrategy)0, (TunableHNSW::QuantizationStrategy)0, (TunableHNSW::IndexStrategy)0, 32ul, 64ul, 300ul, 100ul, 16, 100, 0, 0ul, 0, 0, 0ul, false> >::Node> >::~vector()
733 5
735 7
736 3
738 6
fn=std::vector<float, std::allocator<float> >::_M_default_initialize(unsigned long)
1715 24
1717 8
1718 24
1719 16
1720 12
fn=std::vector<float, std::allocator<float> >::_M_move_assign(std::vector<float, std::allocator<float> >&&, std::integral_constant<bool, true>)
1959 20
1961 20
1962 10
1963 10
1964 18
1965 18
fn=std::vector<float, std::allocator<float> >::_S_check_init_len(unsigned long, std::allocator<float> const&)
1907 75
1909 35
1912 5
1913 25
fn=std::vector<float, std::allocator<float> >::_S_max_size(std::allocator<float> const&)
1916 40
1921 20
1923 5
1924 30
1925 25
fn=std::vector<float, std::allocator<float> >::begin()
873 1616
874 2222
fn=std::vector<float, std::allocator<float> >::begin() const
883 1608
884 2211
fn=std::vector<float, std::allocator<float> >::capacity() const
1078 4
1079 2
1080 7
fn=std::vector<float, std::allocator<float> >::data()
1260 5
1261 8
fn=std::vector<float, std::allocator<float> >::data() const
1265 500
1266 800
fn=std::vector<float, std::allocator<float> >::end()
893 1616
894 2424
fn=std::vector<float, std::allocator<float> >::end() const
903 1608
904 2412
fn=std::vector<float, std::allocator<float> >::operator=(std::vector<float, std::allocator<float> >&&)
766 12
768 2
771 16
772 2
773 4
fn=std::vector<float, std::allocator<float> >::size() const
992 804
993 1809
fn=std::vector<float, std::allocator<float> >::vector()
531 33
fn=std::vector<float, std::allocator<float> >::vector(std::allocator<float> const&)
542 12
543 16
fn=std::vector<float, std::allocator<float> >::vector(std::vector<float, std::allocator<float> > const&)
601 2400
603 4800
605 400
606 2800
608 800
609 2000
fn=std::vector<float, std::allocator<float> >::vector(unsigned long, std::allocator<float> const&)
556 32
557 48
558 36
fn=std::vector<float, std::allocator<float> >::~vector()
733 1045
735 1463
736 627
738 1254
fn=std::vector<int, std::allocator<int> >::_M_check_len(unsigned long, char const*) const
1896 220000
1898 280000
1901 320000
1902 220000
1903 120000
fn=std::vector<int, std::allocator<int> >::_M_default_initialize(unsigned long)
1715 6
1717 2
1718 6
1719 4
1720 3
fn=std::vector<int, std::allocator<int> >::_S_check_init_len(unsigned long, std::allocator<int> const&)
1907 15
1909 7
1912 1
1913 5
fn=std::vector<int, std::allocator<int> >::_S_max_size(std::allocator<int> const&)
1916 480008
1921 240004
1923 60001
1924 360006
1925 300005
fn=std::vector<int, std::allocator<int> >::_S_relocate(int*, int*, int*, std::allocator<int>&)
504 80000
509 60000
514 20000
fn=std::vector<int, std::allocator<int> >::begin()
873 800
874 1100
fn=std::vector<int, std::allocator<int> >::begin() const
883 800
884 1100
fn=std::vector<int, std::allocator<int> >::data()
1260 552890
1261 884624
fn=std::vector<int, std::allocator<int> >::data() const
1265 15080890
1266 24129424
fn=std::vector<int, std::allocator<int> >::end()
893 80800
894 121200
fn=std::vector<int, std::allocator<int> >::end() const
903 800
904 1200
fn=std::vector<int, std::allocator<int> >::max_size() const
998 300000
999 420000
fn=std::vector<int, std::allocator<int> >::operator[](unsigned long)
1126 1053050
1129 1053050
1130 421220
fn=std::vector<int, std::allocator<int> >::operator[](unsigned long) const
1145 15080890
1148 15080890
1149 6032356
fn=std::vector<int, std::allocator<int> >::resize(unsigned long)
1013 60000
1015 70000
1016 90000
1019 40000
fn=std::vector<int, std::allocator<int> >::resize(unsigned long, int const&)
1034 80000
1036 70000
1037 160000
1040 50000
fn=std::vector<int, std::allocator<int> >::size() const
992 703524
993 1582929
fn=std::vector<int, std::allocator<int> >::vector()
531 220000
fn=std::vector<int, std::allocator<int> >::vector(std::vector<int, std::allocator<int> > const&)
601 1200
603 2400
605 200
606 1400
608 400
609 1000
fn=std::vector<int, std::allocator<int> >::vector(unsigned long, std::allocator<int> const&)
556 8
557 12
558 9
fn=std::vector<int, std::allocator<int> >::~vector()
733 100505
735 140707
736 60303
738 120606
fn=std::vector<std::atomic<long long>, std::allocator<std::atomic<long long> > >::_M_default_initialize(unsigned long)
1715 6
1717 2
1718 6
1719 4
1720 3
fn=std::vector<std::atomic<long long>, std::allocator<std::atomic<long long> > >::_S_check_init_len(unsigned long, std::allocator<std::atomic<long long> > const&)
1907 15
1909 7
1912 1
1913 5
fn=std::vector<std::atomic<long long>, std::allocator<std::atomic<long long> > >::_S_max_size(std::allocator<std::atomic<long long> > const&)
1916 8
1921 4
1923 1
1924 6
1925 5
fn=std::vector<std::atomic<long long>, std::allocator<std::atomic<long long> > >::operator[](unsigned long)
1126 1585
1129 1585
1130 634
fn=std::vector<std::atomic<long long>, std::allocator<std::atomic<long long> > >::operator[](unsigned long) const
1145 15
1148 15
1149 6
fn=std::vector<std::atomic<long long>, std::allocator<std::atomic<long long> > >::vector(unsigned long, std::allocator<std::atomic<long long> > const&)
556 8
557 12
558 9
fn=std::vector<std::atomic<long long>, std::allocator<std::atomic<long long> > >::~vector()
733 5
735 7
736 3
738 6
fn=std::vector<std::pair<float, int>, std::allocator<std::pair<float, int> > >::_M_check_len(unsigned long, char const*) const
1896 2249126
1898 2862524
1901 3271456
1902 2249126
1903 1226796
fn=std::vector<std::pair<float, int>, std::allocator<std::pair<float, int> > >::_S_max_size(std::allocator<std::pair<float, int> > const&)
1916 3354272
1921 1677136
1923 419284
1924 2515704
1925 2096420
fn=std::vector<std::pair<float, int>, std::allocator<std::pair<float, int> > >::_S_relocate(std::pair<float, int>*, std::pair<float, int>*, std::pair<float, int>*, std::allocator<std::pair<float, int> >&)
504 3354272
509 2515704
514 838568
fn=std::vector<std::pair<float, int>, std::allocator<std::pair<float, int> > >::back()
1233 75798872
1236 113698308
1237 47374295
fn=std::vector<std::pair<float, int>, std::allocator<std::pair<float, int> > >::begin()
873 139259784
874 191482203
fn=std::vector<std::pair<float, int>, std::allocator<std::pair<float, int> > >::begin() const
883 201462104
884 277010393
fn=std::vector<std::pair<float, int>, std::allocator<std::pair<float, int> > >::capacity() const
1078 41408
1079 20704
1080 72464
fn=std::vector<std::pair<float, int>, std::allocator<std::pair<float, int> > >::empty() const
1088 47853656
1089 107670726
fn=std::vector<std::pair<float, int>, std::allocator<std::pair<float, int> > >::end()
893 215058656
894 322587984
fn=std::vector<std::pair<float, int>, std::allocator<std::pair<float, int> > >::end() const
903 47853656
904 71780484
fn=std::vector<std::pair<float, int>, std::allocator<std::pair<float, int> > >::front() const
1221 153608448
1224 134407392
1225 96005280
fn=std::vector<std::pair<float, int>, std::allocator<std::pair<float, int> > >::max_size() const
998 2096420
999 2934988
fn=std::vector<std::pair<float, int>, std::allocator<std::pair<float, int> > >::operator[](unsigned long)
1126 51725
1129 51725
1130 20690
fn=std::vector<std::pair<float, int>, std::allocator<std::pair<float, int> > >::pop_back()
1322 38538495
1325 38538495
1326 38538495
1328 23123097
fn=std::vector<std::pair<float, int>, std::allocator<std::pair<float, int> > >::push_back(std::pair<float, int> const&)
1281 17818338
1283 17818338
1286 20782461
1288 14844615
1292 7200
1293 11878092
fn=std::vector<std::pair<float, int>, std::allocator<std::pair<float, int> > >::push_back(std::pair<float, int>&&)
1298 56849154
1299 104223449
fn=std::vector<std::pair<float, int>, std::allocator<std::pair<float, int> > >::size() const
992 75180724
993 169156629
fn=std::vector<std::pair<float, int>, std::allocator<std::pair<float, int> > >::vector()
531 229790
fn=std::vector<std::pair<float, int>, std::allocator<std::pair<float, int> > >::~vector()
733 156710
735 219394
736 94026
738 188052
fn=std::vector<std::thread, std::allocator<std::thread> >::_S_max_size(std::allocator<std::thread> const&)
1916 8
1921 4
1923 1
1924 6
1925 5
fn=std::vector<std::thread, std::allocator<std::thread> >::_S_relocate(std::thread*, std::thread*, std::thread*, std::allocator<std::thread>&)
504 8
509 6
514 2
fn=std::vector<std::thread, std::allocator<std::thread> >::back()
1233 144
1236 216
1237 90
fn=std::vector<std::thread, std::allocator<std::thread> >::begin()
873 8
874 11
fn=std::vector<std::thread, std::allocator<std::thread> >::capacity() const
1078 4
1079 2
1080 7
fn=std::vector<std::thread, std::allocator<std::thread> >::end()
893 152
894 228
fn=std::vector<std::thread, std::allocator<std::thread> >::max_size() const
998 5
999 7
fn=std::vector<std::thread, std::allocator<std::thread> >::size() const
992 4
993 9
fn=std::vector<std::thread, std::allocator<std::thread> >::~vector()
733 5
735 7
736 3
738 6
fn=std::vector<std::vector<float, std::allocator<float> >, std::allocator<std::vector<float, std::allocator<float> > > >::_M_fill_initialize(unsigned long, std::vector<float, std::allocator<float> > const&)
1704 14
1706 4
1707 12
1708 8
1709 6
fn=std::vector<std::vector<float, std::allocator<float> >, std::allocator<std::vector<float, std::allocator<float> > > >::_M_move_assign(std::vector<std::vector<float, std::allocator<float> >, std::allocator<std::vector<float, std::allocator<float> > > >&&, std::integral_constant<bool, true>)
1959 20
1961 20
1962 10
1963 10
1964 18
1965 18
fn=std::vector<std::vector<float, std::allocator<float> >, std::allocator<std::vector<float, std::allocator<float> > > >::_S_check_init_len(unsigned long, std::allocator<std::vector<float, std::allocator<float> > > const&)
1907 30
1909 14
1912 2
1913 10
fn=std::vector<std::vector<float, std::allocator<float> >, std::allocator<std::vector<float, std::allocator<float> > > >::_S_max_size(std::allocator<std::vector<float, std::allocator<float> > > const&)
1916 16
1921 8
1923 2
1924 12
1925 10
fn=std::vector<std::vector<float, std::allocator<float> >, std::allocator<std::vector<float, std::allocator<float> > > >::begin()
873 16
874 22
fn=std::vector<std::vector<float, std::allocator<float> >, std::allocator<std::vector<float, std::allocator<float> > > >::end()
893 16
894 24
fn=std::vector<std::vector<float, std::allocator<float> >, std::allocator<std::vector<float, std::allocator<float> > > >::operator=(std::vector<std::vector<float, std::allocator<float> >, std::allocator<std::vector<float, std::allocator<float> > > >&&)
766 12
768 2
771 16
772 2
773 4
fn=std::vector<std::vector<float, std::allocator<float> >, std::allocator<std::vector<float, std::allocator<float> > > >::operator[](unsigned long) const
1145 500
1148 800
1149 200
fn=std::vector<std::vector<float, std::allocator<float> >, std::allocator<std::vector<float, std::allocator<float> > > >::vector()
531 22
fn=std::vector<std::vector<float, std::allocator<float> >, std::allocator<std::vector<float, std::allocator<float> > > >::vector(std::allocator<std::vector<float, std::allocator<float> > > const&)
542 12
543 16
fn=std::vector<std::vector<float, std::allocator<float> >, std::allocator<std::vector<float, std::allocator<float> > > >::vector(unsigned long, std::vector<float, std::allocator<float> > const&, std::allocator<std::vector<float, std::allocator<float> > > const&)
569 18
571 24
572 20
fn=std::vector<std::vector<float, std::allocator<float> >, std::allocator<std::vector<float, std::allocator<float> > > >::~vector()
733 30
735 42
736 18
738 36
fn=std::vector<std::vector<int, std::allocator<int> >, std::allocator<std::vector<int, std::allocator<int> > > >::_M_fill_initialize(unsigned long, std::vector<int, std::allocator<int> > const&)
1704 7
1706 2
1707 6
1708 4
1709 3
fn=std::vector<std::vector<int, std::allocator<int> >, std::allocator<std::vector<int, std::allocator<int> > > >::_S_check_init_len(unsigned long, std::allocator<std::vector<int, std::allocator<int> > > const&)
1907 15
1909 7
1912 1
1913 5
fn=std::vector<std::vector<int, std::allocator<int> >, std::allocator<std::vector<int, std::allocator<int> > > >::_S_max_size(std::allocator<std::vector<int, std::allocator<int> > > const&)
1916 8
1921 4
1923 1
1924 6
1925 5
fn=std::vector<std::vector<int, std::allocator<int> >, std::allocator<std::vector<int, std::allocator<int> > > >::operator[](unsigned long)
1126 1500
1129 2400
1130 600
fn=std::vector<std::vector<int, std::allocator<int> >, std::allocator<std::vector<int, std::allocator<int> > > >::vector(unsigned long, std::vector<int, std::allocator<int> > const&, std::allocator<std::vector<int, std::allocator<int> > > const&)
569 9
571 12
572 10
fn=std::vector<std::vector<int, std::allocator<int> >, std::allocator<std::vector<int, std::allocator<int> > > >::~vector()
733 5
735 7
736 3
738 6
fn=std::vector<std::vector<unsigned long, std::allocator<unsigned long> >, std::allocator<std::vector<unsigned long, std::allocator<unsigned long> > > >::_M_fill_initialize(unsigned long, std::vector<unsigned long, std::allocator<unsigned long> > const&)
1704 14
1706 4
1707 12
1708 8
1709 6
fn=std::vector<std::vector<unsigned long, std::allocator<unsigned long> >, std::allocator<std::vector<unsigned long, std::allocator<unsigned long> > > >::_M_move_assign(std::vector<std::vector<unsigned long, std::allocator<unsigned long> >, std::allocator<std::vector<unsigned long, std::allocator<unsigned long> > > >&&, std::integral_constant<bool, true>)
1959 20
1961 20
1962 10
1963 10
1964 18
1965 18
fn=std::vector<std::vector<unsigned long, std::allocator<unsigned long> >, std::allocator<std::vector<unsigned long, std::allocator<unsigned long> > > >::_S_check_init_len(unsigned long, std::allocator<std::vector<unsigned long, std::allocator<unsigned long> > > const&)
1907 30
1909 14
1912 2
1913 10
fn=std::vector<std::vector<unsigned long, std::allocator<unsigned long> >, std::allocator<std::vector<unsigned long, std::allocator<unsigned long> > > >::_S_max_size(std::allocator<std::vector<unsigned long, std::allocator<unsigned long> > > const&)
1916 16
1921 8
1923 2
1924 12
1925 10
fn=std::vector<std::vector<unsigned long, std::allocator<unsigned long> >, std::allocator<std::vector<unsigned long, std::allocator<unsigned long> > > >::begin()
873 16
874 22
fn=std::vector<std::vector<unsigned long, std::allocator<unsigned long> >, std::allocator<std::vector<unsigned long, std::allocator<unsigned long> > > >::end()
893 16
894 24
fn=std::vector<std::vector<unsigned long, std::allocator<unsigned long> >, std::allocator<std::vector<unsigned long, std::allocator<unsigned long> > > >::operator=(std::vector<std::vector<unsigned long, std::allocator<unsigned long> >, std::allocator<std::vector<unsigned long, std::allocator<unsigned long> > > >&&)
766 12
768 2
771 16
772 2
773 4
fn=std::vector<std::vector<unsigned long, std::allocator<unsigned long> >, std::allocator<std::vector<unsigned long, std::allocator<unsigned long> > > >::operator[](unsigned long) const
1145 5000
1148 8000
1149 2000
fn=std::vector<std::vector<unsigned long, std::allocator<unsigned long> >, std::allocator<std::vector<unsigned long, std::allocator<unsigned long> > > >::vector()
531 22
fn=std::vector<std::vector<unsigned long, std::allocator<unsigned long> >, std::allocator<std::vector<unsigned long, std::allocator<unsigned long> > > >::vector(std::allocator<std::vector<unsigned long, std::allocator<unsigned long> > > const&)
542 12
543 16
fn=std::vector<std::vector<unsigned long, std::allocator<unsigned long> >, std::allocator<std::vector<unsigned long, std::allocator<unsigned long> > > >::vector(unsigned long, std::vector<unsigned long, std::allocator<unsigned long> > const&, std::allocator<std::vector<unsigned long, std::allocator<unsigned long> > > const&)
569 18
571 24
572 20
fn=std::vector<std::vector<unsigned long, std::allocator<unsigned long> >, std::allocator<std::vector<unsigned long, std::allocator<unsigned long> > > >::~vector()
733 30
735 42
736 18
738 36
fn=std::vector<unsigned char, std::allocator<unsigned char> >::vector()
531 11
fn=std::vector<unsigned char, std::allocator<unsigned char> >::~vector()
733 5
735 7
736 3
738 6
fn=std::vector<unsigned long, std::allocator<unsigned long> >::_M_default_initialize(unsigned long)
1715 12
1717 4
1718 12
1719 8
1720 6
fn=std::vector<unsigned long, std::allocator<unsigned long> >::_S_check_init_len(unsigned long, std::allocator<unsigned long> const&)
1907 30
1909 14
1912 2
1913 10
fn=std::vector<unsigned long, std::allocator<unsigned long> >::_S_max_size(std::allocator<unsigned long> const&)
1916 16
1921 8
1923 2
1924 12
1925 10
fn=std::vector<unsigned long, std::allocator<unsigned long> >::begin()
873 1600
874 2200
fn=std::vector<unsigned long, std::allocator<unsigned long> >::begin() const
883 1600
884 2200
fn=std::vector<unsigned long, std::allocator<unsigned long> >::end()
893 1600
894 2400
fn=std::vector<unsigned long, std::allocator<unsigned long> >::end() const
903 1600
904 2400
fn=std::vector<unsigned long, std::allocator<unsigned long> >::operator[](unsigned long) const
1145 5000
1148 5000
1149 2000
fn=std::vector<unsigned long, std::allocator<unsigned long> >::size() const
992 800
993 1800
fn=std::vector<unsigned long, std::allocator<unsigned long> >::vector(std::vector<unsigned long, std::allocator<unsigned long> > const&)
601 2400
603 4800
605 400
606 2800
608 800
609 2000
fn=std::vector<unsigned long, std::allocator<unsigned long> >::vector(unsigned long, std::allocator<unsigned long> const&)
556 16
557 24
558 18
fn=std::vector<unsigned long, std::allocator<unsigned long> >::~vector()
733 1010
735 1414
736 606
738 1212
fn=std::vector<unsigned short, std::allocator<unsigned short> >::_M_check_len(unsigned long, char const*) const
1896 209
1898 266
1901 304
1902 209
1903 114
fn=std::vector<unsigned short, std::allocator<unsigned short> >::_S_max_size(std::allocator<unsigned short> const&)
1916 304
1921 152
1923 38
1924 228
1925 190
fn=std::vector<unsigned short, std::allocator<unsigned short> >::end()
893 152
894 228
fn=std::vector<unsigned short, std::allocator<unsigned short> >::max_size() const
998 190
999 266
fn=std::vector<unsigned short, std::allocator<unsigned short> >::operator[](unsigned long)
1126 349964850
1129 349964850
1130 139985940
fn=std::vector<unsigned short, std::allocator<unsigned short> >::resize(unsigned long, unsigned short const&)
1034 152
1036 133
1037 304
1040 95
fn=std::vector<unsigned short, std::allocator<unsigned short> >::size() const
992 856
993 1926
fn=std::vector<unsigned short, std::allocator<unsigned short> >::~vector()
733 95
735 133
736 57
738 114
fn=void std::vector<float, std::allocator<float> >::assign<__gnu_cxx::__normal_iterator<float const*, std::vector<float, std::allocator<float> > >, void>(__gnu_cxx::__normal_iterator<float const*, std::vector<float, std::allocator<float> > >, __gnu_cxx::__normal_iterator<float const*, std::vector<float, std::allocator<float> > >)
828 10
829 12
fl=/usr/include/c++/13/bits/string_view.tcc
fn=std::basic_string_view<char, std::char_traits<char> >::find(char, unsigned long) const
80 144
83 18
84 72
86 64
87 160
88 32
89 50
91 18
92 36
fl=/usr/include/c++/13/bits/this_thread_sleep.h
fn=void std::this_thread::sleep_for<long, std::ratio<1l, 1000l> >(std::chrono::duration<long, std::ratio<1l, 1000l> > const&)
68 144
70 198
72 72
73 180
75 36
77 54
78 54
80 216
85 90
fl=/usr/include/c++/13/bits/unique_ptr.h
fn=std::__detail::_MakeUniq<TunableHNSW::HNSW<TunableHNSW::HNSWConfig<128, true, (TunableHNSW::SearchStrategy)0, (TunableHNSW::QuantizationStrategy)0, (TunableHNSW::IndexStrategy)0, 32ul, 64ul, 300ul, 100ul, 16, 100, 0, 0ul, 0, 0, 0ul, false> > >::__single_object std::make_unique<TunableHNSW::HNSW<TunableHNSW::HNSWConfig<128, true, (TunableHNSW::SearchStrategy)0, (TunableHNSW::QuantizationStrategy)0, (TunableHNSW::IndexStrategy)0, 32ul, 64ul, 300ul, 100ul, 16, 100, 0, 0ul, 0, 0, 0ul, false> >>()
1069 7
1070 18
fn=std::__detail::_MakeUniq<std::mutex>::__single_object std::make_unique<std::mutex>()
1069 60000
1070 170000
fn=std::__uniq_ptr_data<TunableHNSW::HNSW<TunableHNSW::HNSWConfig<128, true, (TunableHNSW::SearchStrategy)0, (TunableHNSW::QuantizationStrategy)0, (TunableHNSW::IndexStrategy)0, 32ul, 64ul, 300ul, 100ul, 16, 100, 0, 0ul, 0, 0, 0ul, false> >, std::default_delete<TunableHNSW::HNSW<TunableHNSW::HNSWConfig<128, true, (TunableHNSW::SearchStrategy)0, (TunableHNSW::QuantizationStrategy)0, (TunableHNSW::IndexStrategy)0, 32ul, 64ul, 300ul, 100ul, 16, 100, 0, 0ul, 0, 0, 0ul, false> > >, true, true>::__uniq_ptr_impl(TunableHNSW::HNSW<TunableHNSW::HNSWConfig<128, true, (TunableHNSW::SearchStrategy)0, (TunableHNSW::QuantizationStrategy)0, (TunableHNSW::IndexStrategy)0, 32ul, 64ul, 300ul, 100ul, 16, 100, 0, 0ul, 0, 0, 0ul, false> >*)
241 14
fn=std::__uniq_ptr_data<std::mutex, std::default_delete<std::mutex>, true, true>::__uniq_ptr_impl()
241 110000
fn=std::__uniq_ptr_data<std::mutex, std::default_delete<std::mutex>, true, true>::__uniq_ptr_impl(std::mutex*)
241 140000
fn=std::__uniq_ptr_data<std::mutex, std::default_delete<std::mutex>, true, true>::operator=(std::__uniq_ptr_data<std::mutex, std::default_delete<std::mutex>, true, true>&&)
243 140000
fn=std::__uniq_ptr_data<std::thread::_State, std::default_delete<std::thread::_State>, true, true>::__uniq_ptr_impl(std::thread::_State*)
241 252
fn=std::__uniq_ptr_impl<TunableHNSW::HNSW<TunableHNSW::HNSWConfig<128, true, (TunableHNSW::SearchStrategy)0, (TunableHNSW::QuantizationStrategy)0, (TunableHNSW::IndexStrategy)0, 32ul, 64ul, 300ul, 100ul, 16, 100, 0, 0ul, 0, 0, 0ul, false> >, std::default_delete<TunableHNSW::HNSW<TunableHNSW::HNSWConfig<128, true, (TunableHNSW::SearchStrategy)0, (TunableHNSW::QuantizationStrategy)0, (TunableHNSW::IndexStrategy)0, 32ul, 64ul, 300ul, 100ul, 16, 100, 0, 0ul, 0, 0, 0ul, false> > > >::_M_deleter()
201 10
fn=std::__uniq_ptr_impl<TunableHNSW::HNSW<TunableHNSW::HNSWConfig<128, true, (TunableHNSW::SearchStrategy)0, (TunableHNSW::QuantizationStrategy)0, (TunableHNSW::IndexStrategy)0, 32ul, 64ul, 300ul, 100ul, 16, 100, 0, 0ul, 0, 0, 0ul, false> >, std::default_delete<TunableHNSW::HNSW<TunableHNSW::HNSWConfig<128, true, (TunableHNSW::SearchStrategy)0, (TunableHNSW::QuantizationStrategy)0, (TunableHNSW::IndexStrategy)0, 32ul, 64ul, 300ul, 100ul, 16, 100, 0, 0ul, 0, 0, 0ul, false> > > >::_M_ptr()
197 20
fn=std::__uniq_ptr_impl<TunableHNSW::HNSW<TunableHNSW::HNSWConfig<128, true, (TunableHNSW::SearchStrategy)0, (TunableHNSW::QuantizationStrategy)0, (TunableHNSW::IndexStrategy)0, 32ul, 64ul, 300ul, 100ul, 16, 100, 0, 0ul, 0, 0, 0ul, false> >, std::default_delete<TunableHNSW::HNSW<TunableHNSW::HNSWConfig<128, true, (TunableHNSW::SearchStrategy)0, (TunableHNSW::QuantizationStrategy)0, (TunableHNSW::IndexStrategy)0, 32ul, 64ul, 300ul, 100ul, 16, 100, 0, 0ul, 0, 0, 0ul, false> > > >::_M_ptr() const
199 1111
fn=std::__uniq_ptr_impl<TunableHNSW::HNSW<TunableHNSW::HNSWConfig<128, true, (TunableHNSW::SearchStrategy)0, (TunableHNSW::QuantizationStrategy)0, (TunableHNSW::IndexStrategy)0, 32ul, 64ul, 300ul, 100ul, 16, 100, 0, 0ul, 0, 0, 0ul, false> >, std::default_delete<TunableHNSW::HNSW<TunableHNSW::HNSWConfig<128, true, (TunableHNSW::SearchStrategy)0, (TunableHNSW::QuantizationStrategy)0, (TunableHNSW::IndexStrategy)0, 32ul, 64ul, 300ul, 100ul, 16, 100, 0, 0ul, 0, 0, 0ul, false> > > >::__uniq_ptr_impl(TunableHNSW::HNSW<TunableHNSW::HNSWConfig<128, true, (TunableHNSW::SearchStrategy)0, (TunableHNSW::QuantizationStrategy)0, (TunableHNSW::IndexStrategy)0, 32ul, 64ul, 300ul, 100ul, 16, 100, 0, 0ul, 0, 0, 0ul, false> >*)
176 19
fn=std::__uniq_ptr_impl<std::mutex, std::default_delete<std::mutex> >::_M_deleter()
201 300000
fn=std::__uniq_ptr_impl<std::mutex, std::default_delete<std::mutex> >::_M_ptr()
197 700000
fn=std::__uniq_ptr_impl<std::mutex, std::default_delete<std::mutex> >::_M_ptr() const
199 1101463
fn=std::__uniq_ptr_impl<std::mutex, std::default_delete<std::mutex> >::__uniq_ptr_impl()
174 110000
fn=std::__uniq_ptr_impl<std::mutex, std::default_delete<std::mutex> >::__uniq_ptr_impl(std::mutex*)
176 190000
fn=std::__uniq_ptr_impl<std::mutex, std::default_delete<std::mutex> >::operator=(std::__uniq_ptr_impl<std::mutex, std::default_delete<std::mutex> >&&)
189 60000
191 80000
192 80000
193 10000
194 20000
fn=std::__uniq_ptr_impl<std::mutex, std::default_delete<std::mutex> >::release()
215 50000
217 50000
218 40000
219 10000
220 20000
fn=std::__uniq_ptr_impl<std::mutex, std::default_delete<std::mutex> >::reset(std::mutex*)
206 70000
208 50000
209 50000
210 20000
212 40000
fn=std::__uniq_ptr_impl<std::thread::_State, std::default_delete<std::thread::_State> >::_M_ptr()
197 360
fn=std::__uniq_ptr_impl<std::thread::_State, std::default_delete<std::thread::_State> >::__uniq_ptr_impl(std::thread::_State*)
176 342
fn=std::default_delete<TunableHNSW::HNSW<TunableHNSW::HNSWConfig<128, true, (TunableHNSW::SearchStrategy)0, (TunableHNSW::QuantizationStrategy)0, (TunableHNSW::IndexStrategy)0, 32ul, 64ul, 300ul, 100ul, 16, 100, 0, 0ul, 0, 0, 0ul, false> > >::operator()(TunableHNSW::HNSW<TunableHNSW::HNSWConfig<128, true, (TunableHNSW::SearchStrategy)0, (TunableHNSW::QuantizationStrategy)0, (TunableHNSW::IndexStrategy)0, 32ul, 64ul, 300ul, 100ul, 16, 100, 0, 0ul, 0, 0, 0ul, false> >*) const
93 7
99 8
100 4
fn=std::default_delete<std::mutex>::operator()(std::mutex*) const
93 60000
99 60000
100 30000
fn=std::unique_ptr<TunableHNSW::HNSW<TunableHNSW::HNSWConfig<128, true, (TunableHNSW::SearchStrategy)0, (TunableHNSW::QuantizationStrategy)0, (TunableHNSW::IndexStrategy)0, 32ul, 64ul, 300ul, 100ul, 16, 100, 0, 0ul, 0, 0, 0ul, false> >, std::default_delete<TunableHNSW::HNSW<TunableHNSW::HNSWConfig<128, true, (TunableHNSW::SearchStrategy)0, (TunableHNSW::QuantizationStrategy)0, (TunableHNSW::IndexStrategy)0, 32ul, 64ul, 300ul, 100ul, 16, 100, 0, 0ul, 0, 0, 0ul, false> > > >::get() const
469 505
470 505
fn=std::unique_ptr<TunableHNSW::HNSW<TunableHNSW::HNSWConfig<128, true, (TunableHNSW::SearchStrategy)0, (TunableHNSW::QuantizationStrategy)0, (TunableHNSW::IndexStrategy)0, 32ul, 64ul, 300ul, 100ul, 16, 100, 0, 0ul, 0, 0, 0ul, false> >, std::default_delete<TunableHNSW::HNSW<TunableHNSW::HNSWConfig<128, true, (TunableHNSW::SearchStrategy)0, (TunableHNSW::QuantizationStrategy)0, (TunableHNSW::IndexStrategy)0, 32ul, 64ul, 300ul, 100ul, 16, 100, 0, 0ul, 0, 0, 0ul, false> > > >::get_deleter()
475 5
476 5
fn=std::unique_ptr<TunableHNSW::HNSW<TunableHNSW::HNSWConfig<128, true, (TunableHNSW::SearchStrategy)0, (TunableHNSW::QuantizationStrategy)0, (TunableHNSW::IndexStrategy)0, 32ul, 64ul, 300ul, 100ul, 16, 100, 0, 0ul, 0, 0, 0ul, false> >, std::default_delete<TunableHNSW::HNSW<TunableHNSW::HNSWConfig<128, true, (TunableHNSW::SearchStrategy)0, (TunableHNSW::QuantizationStrategy)0, (TunableHNSW::IndexStrategy)0, 32ul, 64ul, 300ul, 100ul, 16, 100, 0, 0ul, 0, 0, 0ul, false> > > >::operator->() const
460 505
463 303
464 202
fn=std::unique_ptr<TunableHNSW::HNSW<TunableHNSW::HNSWConfig<128, true, (TunableHNSW::SearchStrategy)0, (TunableHNSW::QuantizationStrategy)0, (TunableHNSW::IndexStrategy)0, 32ul, 64ul, 300ul, 100ul, 16, 100, 0, 0ul, 0, 0, 0ul, false> >, std::default_delete<TunableHNSW::HNSW<TunableHNSW::HNSWConfig<128, true, (TunableHNSW::SearchStrategy)0, (TunableHNSW::QuantizationStrategy)0, (TunableHNSW::IndexStrategy)0, 32ul, 64ul, 300ul, 100ul, 16, 100, 0, 0ul, 0, 0, 0ul, false> > > >::unique_ptr<std::default_delete<TunableHNSW::HNSW<TunableHNSW::HNSWConfig<128, true, (TunableHNSW::SearchStrategy)0, (TunableHNSW::QuantizationStrategy)0, (TunableHNSW::IndexStrategy)0, 32ul, 64ul, 300ul, 100ul, 16, 100, 0, 0ul, 0, 0, 0ul, false> > >, void>(TunableHNSW::HNSW<TunableHNSW::HNSWConfig<128, true, (TunableHNSW::SearchStrategy)0, (TunableHNSW::QuantizationStrategy)0, (TunableHNSW::IndexStrategy)0, 32ul, 64ul, 300ul, 100ul, 16, 100, 0, 0ul, 0, 0, 0ul, false> >*)
317 6
318 5
319 3
fn=std::unique_ptr<TunableHNSW::HNSW<TunableHNSW::HNSWConfig<128, true, (TunableHNSW::SearchStrategy)0, (TunableHNSW::QuantizationStrategy)0, (TunableHNSW::IndexStrategy)0, 32ul, 64ul, 300ul, 100ul, 16, 100, 0, 0ul, 0, 0, 0ul, false> >, std::default_delete<TunableHNSW::HNSW<TunableHNSW::HNSWConfig<128, true, (TunableHNSW::SearchStrategy)0, (TunableHNSW::QuantizationStrategy)0, (TunableHNSW::IndexStrategy)0, 32ul, 64ul, 300ul, 100ul, 16, 100, 0, 0ul, 0, 0, 0ul, false> > > >::~unique_ptr()
398 6
402 4
403 4
404 11
405 2
406 4
fn=std::unique_ptr<std::mutex, std::default_delete<std::mutex> >::get() const
469 500665
470 500665
fn=std::unique_ptr<std::mutex, std::default_delete<std::mutex> >::get_deleter()
475 50000
476 50000
fn=std::unique_ptr<std::mutex, std::default_delete<std::mutex> >::operator*() const
451 500665
453 500665
454 300399
455 200266
fn=std::unique_ptr<std::mutex, std::default_delete<std::mutex> >::operator=(std::unique_ptr<std::mutex, std::default_delete<std::mutex> >&&)
414 140000
fn=std::unique_ptr<std::mutex, std::default_delete<std::mutex> >::unique_ptr<std::default_delete<std::mutex>, void>()
304 50000
305 50000
306 30000
fn=std::unique_ptr<std::mutex, std::default_delete<std::mutex> >::unique_ptr<std::default_delete<std::mutex>, void>(std::mutex*)
317 60000
318 50000
319 30000
fn=std::unique_ptr<std::mutex, std::default_delete<std::mutex> >::~unique_ptr()
398 120000
402 80000
403 80000
404 110000
405 40000
406 80000
fn=std::unique_ptr<std::thread::_State, std::default_delete<std::thread::_State> >::unique_ptr<std::default_delete<std::thread::_State>, void>(std::thread::_State*)
317 108
318 90
319 54
fn=std::unique_ptr<std::thread::_State, std::default_delete<std::thread::_State> >::~unique_ptr()
398 108
402 72
403 72
405 36
406 72
fl=/usr/include/c++/13/bits/unordered_set.h
fn=std::unordered_set<int, std::hash<int>, std::equal_to<int>, std::allocator<int> >::count(int const&) const
692 6000
693 7000
fn=std::unordered_set<int, std::hash<int>, std::equal_to<int>, std::allocator<int> >::unordered_set<__gnu_cxx::__normal_iterator<int*, std::vector<int, std::allocator<int> > > >(__gnu_cxx::__normal_iterator<int*, std::vector<int, std::allocator<int> > >, __gnu_cxx::__normal_iterator<int*, std::vector<int, std::allocator<int> > >, unsigned long, std::hash<int> const&, std::equal_to<int> const&, std::allocator<int> const&)
173 1000
178 1300
179 300
fn=std::unordered_set<int, std::hash<int>, std::equal_to<int>, std::allocator<int> >::~unordered_set()
104 1100
fl=/usr/include/c++/13/bits/vector.tcc
fn=std::pair<float, int>& std::vector<std::pair<float, int>, std::allocator<std::pair<float, int> > >::emplace_back<std::pair<float, int> >(std::pair<float, int>&&)
111 66324013
114 56849154
117 83440737
119 55627158
123 2647658
125 28424577
127 28424577
fn=std::thread& std::vector<std::thread, std::allocator<std::thread> >::emplace_back<TunableHNSW::HNSW<TunableHNSW::HNSWConfig<128, true, (TunableHNSW::SearchStrategy)0, (TunableHNSW::QuantizationStrategy)0, (TunableHNSW::IndexStrategy)0, 32ul, 64ul, 300ul, 100ul, 16, 100, 0, 0ul, 0, 0, 0ul, false> >::BuildGraphConcurrently_()::{lambda(int)#1}&, unsigned int&>(TunableHNSW::HNSW<TunableHNSW::HNSWConfig<128, true, (TunableHNSW::SearchStrategy)0, (TunableHNSW::QuantizationStrategy)0, (TunableHNSW::IndexStrategy)0, 32ul, 64ul, 300ul, 100ul, 16, 100, 0, 0ul, 0, 0, 0ul, false> >::BuildGraphConcurrently_()::{lambda(int)#1}&, unsigned int&)
111 162
114 108
117 252
119 108
125 54
127 90
fn=std::vector<TunableHNSW::HNSW<TunableHNSW::HNSWConfig<128, true, (TunableHNSW::SearchStrategy)0, (TunableHNSW::QuantizationStrategy)0, (TunableHNSW::IndexStrategy)0, 32ul, 64ul, 300ul, 100ul, 16, 100, 0, 0ul, 0, 0, 0ul, false> >::Node, std::allocator<TunableHNSW::HNSW<TunableHNSW::HNSWConfig<128, true, (TunableHNSW::SearchStrategy)0, (TunableHNSW::QuantizationStrategy)0, (TunableHNSW::IndexStrategy)0, 32ul, 64ul, 300ul, 100ul, 16, 100, 0, 0ul, 0, 0, 0ul, false> >::Node> >::_M_default_append(unsigned long)
634 7
637 2
639 4
640 3
641 5
643 13
646 3
658 3
659 3
662 7
663 6
668 9
669 4
676 5
677 4
703 5
704 4
705 3
706 9
707 7
710 5
fn=std::vector<int, std::allocator<int> >::_M_default_append(unsigned long)
634 70000
637 20000
639 40000
640 30000
641 50000
643 130000
646 30000
658 30000
659 30000
662 70000
663 60000
668 80000
669 40000
676 50000
677 40000
703 50000
704 40000
705 30000
706 80000
707 60000
710 50000
fn=std::vector<int, std::allocator<int> >::_M_fill_insert(__gnu_cxx::__normal_iterator<int*, std::vector<int, std::allocator<int> > >, unsigned long, int const&)
529 130000
532 20000
534 40000
535 50000
580 30000
581 30000
582 50000
585 70000
586 40000
587 60000
588 20000
592 80000
594 40000
595 10000
599 100000
601 30000
605 100000
619 80000
621 50000
622 40000
623 30000
624 30000
625 60000
628 100000
fn=std::vector<std::pair<float, int>, std::allocator<std::pair<float, int> > >::reserve(unsigned long)
67 62112
70 72464
72 72464
74 41408
79 62112
80 72464
81 41408
93 82816
94 20704
95 51760
96 31056
97 62112
98 72464
100 31056
fn=std::vector<std::thread, std::allocator<std::thread> >::reserve(unsigned long)
67 6
70 7
72 7
74 4
79 6
80 7
81 4
93 8
94 2
95 5
96 3
97 6
98 7
100 3
fn=std::vector<unsigned short, std::allocator<unsigned short> >::_M_fill_insert(__gnu_cxx::__normal_iterator<unsigned short*, std::vector<unsigned short, std::allocator<unsigned short> > >, unsigned long, unsigned short const&)
529 247
532 38
534 76
535 95
580 57
581 57
582 95
585 133
586 76
587 114
588 38
592 152
594 76
595 19
599 190
601 57
605 190
619 152
621 95
622 76
623 57
624 57
625 114
628 190
fn=void std::vector<float, std::allocator<float> >::_M_assign_aux<__gnu_cxx::__normal_iterator<float const*, std::vector<float, std::allocator<float> > > >(__gnu_cxx::__normal_iterator<float const*, std::vector<float, std::allocator<float> > >, __gnu_cxx::__normal_iterator<float const*, std::vector<float, std::allocator<float> > >, std::forward_iterator_tag)
315 14
319 1
321 7
323 8
324 7
325 7
326 3
328 8
329 2
330 5
331 3
332 7
333 4
350 7
fn=void std::vector<std::pair<float, int>, std::allocator<std::pair<float, int> > >::_M_realloc_insert<std::pair<float, int> >(__gnu_cxx::__normal_iterator<std::pair<float, int>*, std::vector<std::pair<float, int>, std::allocator<std::pair<float, int> > > >, std::pair<float, int>&&)
445 2240326
455 1221996
456 610998
457 610998
458 2036660
459 1221996
460 407332
468 1832994
469 407332
475 203666
480 2036660
481 814664
483 203666
485 2036660
486 814664
519 1018330
520 814664
521 610998
522 610998
523 1221996
524 1425662
fn=void std::vector<std::pair<float, int>, std::allocator<std::pair<float, int> > >::_M_realloc_insert<std::pair<float, int> const&>(__gnu_cxx::__normal_iterator<std::pair<float, int>*, std::vector<std::pair<float, int>, std::allocator<std::pair<float, int> > > >, std::pair<float, int> const&)
445 8800
455 4800
456 2400
457 2400
458 8000
459 4800
460 1600
468 7200
469 1600
475 800
480 8000
481 3200
483 800
485 8000
486 3200
519 4000
520 3200
521 2400
522 2400
523 4800
524 5600
fl=/usr/include/c++/13/charconv
fn=bool std::__detail::__from_chars_alnum<true, unsigned short>(char const*&, char const*, unsigned short&, int)
527 32
532 20
533 4
534 65
536 63
537 27
538 8
540 10
541 10
543 45
553 8
fn=std::enable_if<std::__or_<std::__or_<std::is_same<std::remove_cv<unsigned long long>::type, signed char>, std::is_same<std::remove_cv<unsigned long long>::type, short>, std::is_same<std::remove_cv<unsigned long long>::type, int>, std::is_same<std::remove_cv<unsigned long long>::type, long>, std::is_same<std::remove_cv<unsigned long long>::type, long long>, std::is_same<std::remove_cv<unsigned long long>::type, __int128> >, std::__or_<std::is_same<std::remove_cv<unsigned long long>::type, unsigned char>, std::is_same<std::remove_cv<unsigned long long>::type, unsigned short>, std::is_same<std::remove_cv<unsigned long long>::type, unsigned int>, std::is_same<std::remove_cv<unsigned long long>::type, unsigned long>, std::is_same<std::remove_cv<unsigned long long>::type, unsigned long long>, std::is_same<std::remove_cv<unsigned long long>::type, unsigned __int128> >, std::is_same<char, std::remove_cv<unsigned long long>::type> >::value, std::to_chars_result>::type std::__to_chars_i<unsigned long long>(char*, char*, unsigned long long, int)
329 10
331 5
334 2
336 3
339 2
351 6
356 9
364 7
fn=std::enable_if<std::__or_<std::__or_<std::is_same<std::remove_cv<unsigned long>::type, signed char>, std::is_same<std::remove_cv<unsigned long>::type, short>, std::is_same<std::remove_cv<unsigned long>::type, int>, std::is_same<std::remove_cv<unsigned long>::type, long>, std::is_same<std::remove_cv<unsigned long>::type, long long>, std::is_same<std::remove_cv<unsigned long>::type, __int128> >, std::__or_<std::is_same<std::remove_cv<unsigned long>::type, unsigned char>, std::is_same<std::remove_cv<unsigned long>::type, unsigned short>, std::is_same<std::remove_cv<unsigned long>::type, unsigned int>, std::is_same<std::remove_cv<unsigned long>::type, unsigned long>, std::is_same<std::remove_cv<unsigned long>::type, unsigned long long>, std::is_same<std::remove_cv<unsigned long>::type, unsigned __int128> >, std::is_same<char, std::remove_cv<unsigned long>::type> >::value, std::to_chars_result>::type std::__detail::__to_chars_10<unsigned long>(char*, char*, unsigned long)
217 10
223 5
225 9
232 6
233 4
234 1
235 2
236 5
fn=std::to_chars(char*, char*, unsigned long long, int)
380 16
fn=unsigned char std::__detail::__from_chars_alnum_to_val<false>(unsigned char)
458 20
463 16
464 8
fn=unsigned char std::__detail::__from_chars_alnum_to_val<true>(unsigned char)
458 45
461 18
464 18
fl=/usr/include/c++/13/cmath
fn=std::log(long double)
327 180000
fl=/usr/include/c++/13/compare
fn=auto std::__detail::_Synth3way::operator()<float, float>(float const&, float const&) const
1214 617365374
1223 1929233415
1233 205788458
fn=auto std::__detail::_Synth3way::operator()<int, int>(int const&, int const&) const
1214 230370
1223 537530
1233 76790
fn=auto std::__detail::_Synth3way::operator()<std::pair<float, int>*, std::pair<float, int>*>(std::pair<float, int>* const&, std::pair<float, int>* const&) const
1214 10670190
1223 24897110
1233 3556730
fn=std::operator<(std::partial_ordering, std::__cmp_cat::__unspec)
98 275222860
99 344028575
fn=std::operator<(std::strong_ordering, std::__cmp_cat::__unspec)
292 7113480
293 7113480
fn=std::operator<=(std::strong_ordering, std::__cmp_cat::__unspec)
302 72
303 90
fn=std::operator==(std::partial_ordering, std::__cmp_cat::__unspec)
89 411576916
90 514471145
fn=std::operator==(std::strong_ordering, std::__cmp_cat::__unspec)
283 32
284 40
fn=std::operator>(std::partial_ordering, std::__cmp_cat::__unspec)
103 136354056
104 170442570
fn=std::partial_ordering::partial_ordering(std::__cmp_cat::_Ord)
67 230370
68 115185
69 115185
fn=std::strong_ordering::operator std::partial_ordering() const
273 307160
274 460740
fl=/usr/include/c++/13/ext/aligned_buffer.h
fn=__gnu_cxx::__aligned_buffer<int>::_M_addr()
104 8000
106 2000
107 4000
fn=__gnu_cxx::__aligned_buffer<int>::_M_addr() const
110 11576
112 2894
113 5788
fn=__gnu_cxx::__aligned_buffer<int>::_M_ptr()
116 10000
117 10000
fn=__gnu_cxx::__aligned_buffer<int>::_M_ptr() const
120 14470
121 14470
fl=/usr/include/c++/13/ext/alloc_traits.h
fn=std::vector<float, std::allocator<float> >::vector(std::vector<float, std::allocator<float> > const&)
98 200
fn=std::vector<int, std::allocator<int> >::vector(std::vector<int, std::allocator<int> > const&)
98 100
fn=std::vector<unsigned long, std::allocator<unsigned long> >::vector(std::vector<unsigned long, std::allocator<unsigned long> > const&)
98 200
fl=/usr/include/c++/13/format
fn=auto std::__format::_Formatting_scanner<std::__format::_Sink_iter<char>, char>::_M_format_arg(unsigned long)::{lambda(auto:1&)#1}::operator()<double>(double&) const
2088 18
3648 51
3657 6
3658 30
3659 48
fn=auto std::__format::_Formatting_scanner<std::__format::_Sink_iter<char>, char>::_M_format_arg(unsigned long)::{lambda(auto:1&)#1}::operator()<std::basic_string_view<char, std::char_traits<char> > >(std::basic_string_view<char, std::char_traits<char> >&) const
1991 6
3648 17
3657 2
3658 10
3659 15
fn=auto std::__format::_Formatting_scanner<std::__format::_Sink_iter<char>, char>::_M_format_arg(unsigned long)::{lambda(auto:1&)#1}::operator()<unsigned long long>(unsigned long long&) const
2043 6
3648 17
3657 2
3658 10
3659 15
fn=auto std::__format::__pack_arg_types<5, 1ul>(std::array<std::__format::_Arg_t, 1ul> const&)
3232 27
3234 3
3235 105
3236 30
3237 3
3238 18
fn=auto std::__format::__pack_arg_types<5, 2ul>(std::array<std::__format::_Arg_t, 2ul> const&)
3232 9
3234 1
3235 51
3236 20
3237 1
3238 6
fn=char const* std::__format::__formatter_int<char>::_M_parse<unsigned long long>(std::basic_format_parse_context<char>&)
976 6
1000 6
1001 2
fn=char* std::__format::__put_sign<unsigned long long>(unsigned long long, std::__format::_Sign, char*)
577 6
581 2
583 2
586 1
587 1
588 2
fn=decltype(auto) std::basic_format_arg<std::basic_format_context<std::__format::_Sink_iter<char>, char> >::_M_visit<std::__format::_Formatting_scanner<std::__format::_Sink_iter<char>, char>::_M_format_arg(unsigned long)::{lambda(auto:1&)#1}>(std::__format::_Formatting_scanner<std::__format::_Sink_iter<char>, char>::_M_format_arg(unsigned long)::{lambda(auto:1&)#1}&&, std::__format::_Arg_t)
3124 40
3127 45
3142 9
3147 27
3161 9
3185 10
fn=decltype(auto) std::visit_format_arg<std::__format::_Formatting_scanner<std::__format::_Sink_iter<char>, char>::_M_format_arg(unsigned long)::{lambda(auto:1&)#1}, std::basic_format_context<std::__format::_Sink_iter<char>, char> >(std::__format::_Formatting_scanner<std::__format::_Sink_iter<char>, char>::_M_format_arg(unsigned long)::{lambda(auto:1&)#1}&&, std::basic_format_arg<std::basic_format_context<std::__format::_Sink_iter<char>, char> >)
3190 30
3192 50
3193 15
fn=std::__cxx11::basic_string<char, std::char_traits<char>, std::allocator<char> > std::format<double>(std::basic_format_string<char, std::type_identity<double>::type>, double&&)
123 4
3366 10
3367 2
3416 16
3821 36
3822 56
fn=std::__cxx11::basic_string<char, std::char_traits<char>, std::allocator<char> > std::format<std::basic_string_view<char, std::char_traits<char> >&>(std::basic_format_string<char, std::type_identity<std::basic_string_view<char, std::char_traits<char> >&>::type>, std::basic_string_view<char, std::char_traits<char> >&)
123 2
3366 5
3367 1
3416 8
3821 18
3822 28
fn=std::__cxx11::basic_string<char, std::char_traits<char>, std::allocator<char> > std::format<unsigned long const&, double&>(std::basic_format_string<char, std::type_identity<unsigned long const&>::type, std::type_identity<double&>::type>, unsigned long const&, double&)
123 2
3366 10
3367 1
3416 1
3821 23
3822 24
fn=std::__format::_Arg_value<std::basic_format_context<std::__format::_Sink_iter<char>, char> > std::__format::_Arg_store<std::basic_format_context<std::__format::_Sink_iter<char>, char>, double>::_S_make_elt<double>(double&)
3353 16
3355 10
3357 12
3360 10
fn=std::__format::_Arg_value<std::basic_format_context<std::__format::_Sink_iter<char>, char> > std::__format::_Arg_store<std::basic_format_context<std::__format::_Sink_iter<char>, char>, std::basic_string_view<char, std::char_traits<char> > >::_S_make_elt<std::basic_string_view<char, std::char_traits<char> > >(std::basic_string_view<char, std::char_traits<char> >&)
3353 8
3355 5
3357 6
3360 5
fn=std::__format::_Arg_value<std::basic_format_context<std::__format::_Sink_iter<char>, char> > std::__format::_Arg_store<std::basic_format_context<std::__format::_Sink_iter<char>, char>, unsigned long long, double>::_S_make_elt<double>(double&)
3353 8
3355 5
3357 6
3360 5
fn=std::__format::_Arg_value<std::basic_format_context<std::__format::_Sink_iter<char>, char> > std::__format::_Arg_store<std::basic_format_context<std::__format::_Sink_iter<char>, char>, unsigned long long, double>::_S_make_elt<unsigned long const>(unsigned long const&)
3353 8
3355 5
3357 6
3360 5
fn=std::__format::_Formatting_scanner<std::__format::_Sink_iter<char>, char>::_Formatting_scanner(std::basic_format_context<std::__format::_Sink_iter<char>, char>&, std::basic_string_view<char, std::char_traits<char> >)
3625 32
3627 48
3628 12
fn=std::__format::_Formatting_scanner<std::__format::_Sink_iter<char>, char>::_M_format_arg(unsigned long)
3643 45
3648 105
3663 10
3664 30
fn=std::__format::_Formatting_scanner<std::__format::_Sink_iter<char>, char>::_M_on_chars(char const*)
3636 80
3638 72
3639 128
3640 56
fn=std::__format::_Optional_locale::~_Optional_locale()
725 96
fn=std::__format::_Scanner<char>::_M_fmt_str() const
3581 126
3582 280
fn=std::__format::_Scanner<char>::_M_on_replacement_field()
3586 45
3588 20
3591 20
3592 6
3593 16
3595 20
3596 32
3611 45
3612 90
3614 45
3615 35
fn=std::__format::_Scanner<char>::_M_scan()
3518 36
3520 20
3522 32
3529 24
3530 24
3532 67
3534 55
3535 40
3537 33
3538 27
3541 25
3543 35
3544 25
3546 50
3547 40
3548 40
3549 35
3550 25
3551 10
3559 15
3560 25
3561 30
3562 35
3578 24
fn=std::__format::_Scanner<char>::_Scanner(std::basic_string_view<char, std::char_traits<char> >, unsigned long)
3510 44
3511 44
3512 12
fn=std::__format::_Scanner<char>::begin() const
3514 517
fn=std::__format::_Scanner<char>::end() const
3515 275
fn=std::__format::_Seq_sink<std::__cxx11::basic_string<char, std::char_traits<char>, std::allocator<char> > >::_M_overflow()
2424 68
2436 28
2509 40
2511 16
2512 20
2515 52
2518 8
2519 32
fn=std::__format::_Seq_sink<std::__cxx11::basic_string<char, std::char_traits<char>, std::allocator<char> > >::get() &&
2424 68
2536 40
2538 44
2539 12
2540 36
2541 28
fn=std::__format::_Seq_sink<std::__cxx11::basic_string<char, std::char_traits<char>, std::allocator<char> > >::~_Seq_sink()
2501 60
fn=std::__format::_Sink<char>::_M_write(std::basic_string_view<char, std::char_traits<char> >)
2430 252
2456 238
2458 28
2459 168
2467 98
2469 182
2470 126
2472 98
fn=std::__format::_Sink_iter<char> std::__format::__do_vformat_to<std::__format::_Sink_iter<char>, char, std::basic_format_context<std::__format::_Sink_iter<char>, char> >(std::__format::_Sink_iter<char>, std::basic_string_view<char, std::char_traits<char> >, std::basic_format_args<std::basic_format_context<std::__format::_Sink_iter<char>, char> > const&, std::locale const*)
2417 52
2418 4
2494 60
2495 4
2587 48
2588 4
3714 64
3718 24
3719 4
3722 8
3726 32
3727 8
3729 28
3730 12
3733 24
3736 36
fn=std::__format::_Sink_iter<char> std::__format::__formatter_str<char>::format<std::__format::_Sink_iter<char> >(std::basic_string_view<char, std::char_traits<char> >, std::basic_format_context<std::__format::_Sink_iter<char>, char>&) const
819 11
827 5
831 4
833 5
843 9
844 2
845 2
fn=std::__format::_Sink_iter<char> std::__format::__write<std::__format::_Sink_iter<char>, char>(std::__format::_Sink_iter<char>, std::basic_string_view<char, std::char_traits<char> >)
594 196
598 154
604 14
605 70
2379 84
2380 14
fn=std::__format::_Sink_iter<char> std::__format::__write_padded<std::__format::_Sink_iter<char>, char>(std::__format::_Sink_iter<char>, std::basic_string_view<char, std::char_traits<char> >, std::__format::_Align, unsigned long, char)
611 17
614 1
616 1
617 6
619 2
632 2
638 2
646 1
647 2
648 2
650 2
651 8
654 6
656 6
657 10
658 6
660 1
661 5
fn=std::__format::_Sink_iter<char> std::__format::__write_padded_as_spec<char, std::__format::_Sink_iter<char> >(std::basic_string_view<std::type_identity<char>::type, std::char_traits<std::type_identity<char>::type> >, unsigned long, std::basic_format_context<std::__format::_Sink_iter<char>, char>&, std::__format::_Spec<char> const&, std::__format::_Align)
667 16
673 6
675 3
678 3
680 5
681 5
683 14
684 3
685 3
fn=std::__format::_Spec<char>::_M_parse_alternate_form(char const*, char const*)
443 18
445 12
450 3
451 6
fn=std::__format::_Spec<char>::_M_parse_fill_and_align(char const*, char const*)
391 28
393 16
397 16
399 36
407 32
409 2
410 9
411 3
414 3
415 8
fn=std::__format::_Spec<char>::_M_parse_locale(char const*, char const*)
540 18
542 12
547 3
548 6
fn=std::__format::_Spec<char>::_M_parse_precision(char const*, char const*, std::basic_format_parse_context<char>&)
520 33
523 12
526 9
527 3
528 9
529 36
531 9
534 33
535 3
536 15
fn=std::__format::_Spec<char>::_M_parse_sign(char const*, char const*)
431 21
433 24
438 3
439 6
fn=std::__format::_Spec<char>::_M_parse_width(char const*, char const*, std::basic_format_parse_context<char>&)
504 11
507 1
508 4
511 12
513 3
514 13
515 1
516 5
fn=std::__format::_Spec<char>::_M_parse_zero_fill(char const*, char const*)
455 18
457 12
462 3
463 6
fn=std::__format::_Spec<char>::_S_align(char)
378 40
380 77
382 2
385 7
387 16
fn=std::__format::_Spec<char>::_S_parse_width_or_precision(char const*, char const*, unsigned short&, bool&, std::basic_format_parse_context<char>&)
467 48
471 28
473 68
474 16
477 12
478 20
499 4
500 20
fn=std::__format::_Spec<char>::_S_sign(char)
418 15
420 15
425 3
427 6
fn=std::__format::__formatter_fp<char>::format<double, std::__format::_Sink_iter<char> >(double, std::basic_format_context<std::__format::_Sink_iter<char>, char>&) const::{lambda(char*, char*)#1}::operator()(char*, char*) const
1485 27
1486 15
1487 48
fn=std::__format::__formatter_fp<char>::parse(std::basic_format_parse_context<char>&)
1325 27
1327 6
1328 12
1329 12
1331 12
1335 18
1344 15
1347 21
1348 15
1351 21
1352 15
1355 21
1356 15
1359 21
1360 15
1363 12
1370 21
1371 15
1374 21
1375 15
1378 42
1397 12
1398 9
1399 3
1414 15
1415 6
1418 15
fn=std::__format::__formatter_fp<char>::parse(std::basic_format_parse_context<char>&)::{lambda()#1}::operator()() const
1331 21
1332 24
fn=std::__format::__formatter_fp<char>::parse(std::basic_format_parse_context<char>&)::{lambda()#2}::operator()() const
1335 168
1336 336
1338 12
1339 6
1341 21
fn=std::__format::__formatter_int<char>::_M_do_parse(std::basic_format_parse_context<char>&, std::__format::_Pres_type)
867 10
869 2
870 8
872 4
873 4
875 4
879 6
888 5
889 2
972 5
fn=std::__format::__formatter_int<char>::_M_do_parse(std::basic_format_parse_context<char>&, std::__format::_Pres_type)::{lambda()#1}::operator()() const
875 7
876 8
fn=std::__format::__formatter_int<char>::_M_do_parse(std::basic_format_parse_context<char>&, std::__format::_Pres_type)::{lambda()#2}::operator()() const
879 7
880 14
882 4
883 2
fn=std::__format::__formatter_str<char>::parse(std::basic_format_parse_context<char>&)
767 9
769 4
770 4
771 2
773 4
777 6
786 5
789 7
790 5
793 7
794 5
795 2
815 5
fn=std::__format::__formatter_str<char>::parse(std::basic_format_parse_context<char>&)::{lambda()#1}::operator()() const
773 7
774 8
fn=std::__format::__formatter_str<char>::parse(std::basic_format_parse_context<char>&)::{lambda()#2}::operator()() const
777 21
778 42
780 4
781 2
783 2
fn=std::__format::__is_digit(char)
355 56
fn=std::__format::__write_padded<std::__format::_Sink_iter<char>, char>(std::__format::_Sink_iter<char>, std::basic_string_view<char, std::char_traits<char> >, std::__format::_Align, unsigned long, char)::{lambda(unsigned long, std::__format::_Sink_iter<char>&)#1}::operator()(unsigned long, std::__format::_Sink_iter<char>&) const
619 32
620 4
621 1
622 9
627 2
628 24
fn=std::basic_format_arg<std::basic_format_context<std::__format::_Sink_iter<char>, char> >::basic_format_arg<double>(double&)
2762 3
3102 18
3103 6
3111 18
3112 9
fn=std::basic_format_arg<std::basic_format_context<std::__format::_Sink_iter<char>, char> >::basic_format_arg<std::basic_string_view<char, std::char_traits<char> > >(std::basic_string_view<char, std::char_traits<char> >&)
2762 1
3102 10
3103 2
3106 18
3112 7
fn=std::basic_format_arg<std::basic_format_context<std::__format::_Sink_iter<char>, char> >::basic_format_arg<unsigned long const>(unsigned long const&)
2762 1
3102 6
3103 2
3111 6
3112 3
fn=std::basic_format_args<std::basic_format_context<std::__format::_Sink_iter<char>, char> >::_M_type(unsigned long) const
3278 25
3280 60
3281 10
3282 10
fn=std::basic_format_args<std::basic_format_context<std::__format::_Sink_iter<char>, char> >::basic_format_args<double>(std::__format::_Arg_store<std::basic_format_context<std::__format::_Sink_iter<char>, char>, double> const&)
3377 18
3389 10
3392 26
3394 6
3405 12
fn=std::basic_format_args<std::basic_format_context<std::__format::_Sink_iter<char>, char> >::basic_format_args<std::basic_string_view<char, std::char_traits<char> > >(std::__format::_Arg_store<std::basic_format_context<std::__format::_Sink_iter<char>, char>, std::basic_string_view<char, std::char_traits<char> > > const&)
3377 9
3389 5
3392 13
3394 3
3405 6
fn=std::basic_format_args<std::basic_format_context<std::__format::_Sink_iter<char>, char> >::basic_format_args<unsigned long long, double>(std::__format::_Arg_store<std::basic_format_context<std::__format::_Sink_iter<char>, char>, unsigned long long, double> const&)
3377 9
3389 5
3392 14
3394 3
3405 6
fn=std::basic_format_context<std::__format::_Sink_iter<char>, char>::advance_to(std::__format::_Sink_iter<char>)
3490 195
fn=std::basic_format_context<std::__format::_Sink_iter<char>, char>::arg(unsigned long) const
2762 5
2910 25
3305 30
3307 35
3308 50
3312 10
3481 35
3482 40
fn=std::basic_format_context<std::__format::_Sink_iter<char>, char>::basic_format_context(std::basic_format_args<std::basic_format_context<std::__format::_Sink_iter<char>, char> >, std::__format::_Sink_iter<char>)
691 20
3454 44
3456 56
3457 12
fn=std::basic_format_context<std::__format::_Sink_iter<char>, char>::iterator std::__format::__formatter_fp<char>::format<double, std::__format::_Sink_iter<char> >(double, std::basic_format_context<std::__format::_Sink_iter<char>, char>&) const
691 9
1422 33
1424 9
1426 6
1428 3
1429 18
1430 9
1431 18
1433 9
1434 9
1436 3
1437 3
1438 3
1439 3
1441 39
1464 3
1465 3
1466 3
1485 24
1495 24
1497 18
1543 6
1549 3
1551 15
1553 15
1555 15
1558 3
1561 24
1565 15
1651 9
1652 6
1654 12
1669 15
1679 18
1681 21
1682 36
1707 48
fn=std::basic_format_context<std::__format::_Sink_iter<char>, char>::iterator std::__format::__formatter_int<char>::_M_format_int<std::__format::_Sink_iter<char> >(std::basic_string_view<char, std::char_traits<char> >, unsigned long, std::basic_format_context<std::__format::_Sink_iter<char>, char>&) const
691 3
1135 18
1138 6
1142 2
1144 4
1155 5
1183 7
1184 12
1210 13
fn=std::basic_format_context<std::__format::_Sink_iter<char>, char>::iterator std::__format::__formatter_int<char>::format<unsigned long long, std::__format::_Sink_iter<char> >(unsigned long long, std::basic_format_context<std::__format::_Sink_iter<char>, char>&) const
1005 11
1007 5
1011 2
1013 2
1018 2
1020 3
1021 3
1022 2
1024 17
1039 8
1040 1
1062 8
1068 12
1070 17
1071 3
1072 6
fn=std::basic_format_context<std::__format::_Sink_iter<char>, char>::iterator std::formatter<double, char>::format<std::__format::_Sink_iter<char> >(double, std::basic_format_context<std::__format::_Sink_iter<char>, char>&) const
2092 21
2093 27
fn=std::basic_format_context<std::__format::_Sink_iter<char>, char>::iterator std::formatter<std::basic_string_view<char, std::char_traits<char> >, char>::format<std::__format::_Sink_iter<char> >(std::basic_string_view<char, std::char_traits<char> >, std::basic_format_context<std::__format::_Sink_iter<char>, char>&) const
1995 11
1997 8
fn=std::basic_format_context<std::__format::_Sink_iter<char>, char>::iterator std::formatter<unsigned long long, char>::format<std::__format::_Sink_iter<char> >(unsigned long long, std::basic_format_context<std::__format::_Sink_iter<char>, char>&) const
2048 7
2049 8
fn=std::basic_format_context<std::__format::_Sink_iter<char>, char>::out()
3488 204
fn=std::basic_format_context<std::__format::_Sink_iter<char>, char>::~basic_format_context()
3472 48
fn=std::basic_format_parse_context<char>::advance_to(char const*)
218 110
219 132
fn=std::basic_format_parse_context<char>::basic_format_parse_context(std::basic_string_view<char, std::char_traits<char> >, unsigned long)
206 44
208 68
209 12
fn=std::basic_format_parse_context<char>::begin() const
214 416
fn=std::basic_format_parse_context<char>::end() const
215 240
fn=std::basic_format_parse_context<char>::next_arg_id()
222 25
224 20
226 10
230 15
233 25
234 10
fn=std::pair<unsigned short, char const*> std::__format::__parse_integer<char>(char const*, char const*)
269 40
271 8
276 8
277 4
279 32
280 28
281 36
294 48
fn=std::vformat[abi:cxx11](std::basic_string_view<char, std::char_traits<char> >, std::basic_format_args<std::basic_format_context<std::__format::_Sink_iter<char>, char> >)
2365 20
2417 52
2418 4
2481 40
2494 60
2495 4
2527 44
3760 44
3785 76
3788 40
3789 40
fn=unsigned long std::__format::_Spec<char>::_M_get_precision<std::basic_format_context<std::__format::_Sink_iter<char>, char> >(std::basic_format_context<std::__format::_Sink_iter<char>, char>&) const
564 27
566 3
567 15
568 15
571 3
572 15
fn=unsigned long std::__format::_Spec<char>::_M_get_width<std::basic_format_context<std::__format::_Sink_iter<char>, char> >(std::basic_format_context<std::__format::_Sink_iter<char>, char>&) const
552 45
554 5
555 25
556 5
557 20
559 5
560 25
fn=void std::basic_format_arg<std::basic_format_context<std::__format::_Sink_iter<char>, char> >::_M_set<double>(double)
2790 3
2841 12
2842 3
3093 15
3095 6
3096 12
3097 9
fn=void std::basic_format_arg<std::basic_format_context<std::__format::_Sink_iter<char>, char> >::_M_set<std::basic_string_view<char, std::char_traits<char> > >(std::basic_string_view<char, std::char_traits<char> >)
2803 1
2841 4
2842 1
3093 14
3095 2
3096 8
3097 6
fn=void std::basic_format_arg<std::basic_format_context<std::__format::_Sink_iter<char>, char> >::_M_set<unsigned long long>(unsigned long long)
2786 1
2841 4
2842 1
3093 5
3095 2
3096 4
3097 3
fl=/usr/include/c++/13/iomanip
fn=std::setprecision(int)
198 7
fn=std::setw(int)
228 42
fl=/usr/include/c++/13/new
fn=operator new(unsigned long, void*)
175 179100216
fl=/usr/include/c++/13/optional
fn=std::_Optional_base<decltype(nullptr), true, true>::_Optional_base()
645 22
fn=std::_Optional_base<std::pmr::monotonic_buffer_resource, false, false>::_Optional_base()
516 11
fn=std::_Optional_base<std::pmr::monotonic_buffer_resource, false, false>::~_Optional_base()
512 11
fn=std::_Optional_payload<decltype(nullptr), true, true, true>::_Optional_payload()
343 22
fn=std::_Optional_payload<std::pmr::monotonic_buffer_resource, false, false, false>::_Optional_payload()
434 11
fn=std::_Optional_payload<std::pmr::monotonic_buffer_resource, false, false, false>::~_Optional_payload()
441 14
fn=std::_Optional_payload<std::pmr::monotonic_buffer_resource, true, false, false>::_Optional_payload()
401 11
fn=std::_Optional_payload<std::pmr::monotonic_buffer_resource, true, false, false>::~_Optional_payload()
402 11
fn=std::_Optional_payload_base<decltype(nullptr)>::_Optional_payload_base()
120 26
fn=std::_Optional_payload_base<decltype(nullptr)>::_Storage<decltype(nullptr), true>::_Storage()
209 14
fn=std::_Optional_payload_base<std::pmr::monotonic_buffer_resource>::_M_reset()
315 5
317 4
320 2
321 3
fn=std::_Optional_payload_base<std::pmr::monotonic_buffer_resource>::_Optional_payload_base()
120 13
fn=std::_Optional_payload_base<std::pmr::monotonic_buffer_resource>::_Storage<std::pmr::monotonic_buffer_resource, false>::_Storage()
239 7
fn=std::_Optional_payload_base<std::pmr::monotonic_buffer_resource>::_Storage<std::pmr::monotonic_buffer_resource, false>::~_Storage()
263 7
fn=std::_Optional_payload_base<std::pmr::monotonic_buffer_resource>::~_Optional_payload_base()
121 11
fn=std::optional<decltype(nullptr)>::optional()
739 22
fn=std::optional<std::pmr::monotonic_buffer_resource>::optional()
739 11
fn=std::optional<std::pmr::monotonic_buffer_resource>::~optional()
707 11
fl=/usr/include/c++/13/span
fn=std::__detail::__extent_storage<18446744073709551615ul>::_M_extent() const
95 160
96 160
fn=std::__detail::__extent_storage<18446744073709551615ul>::__extent_storage(unsigned long)
90 150
91 90
92 90
fn=std::span<char, 18446744073709551615ul>::begin() const
301 272
302 374
fn=std::span<char, 18446744073709551615ul>::data() const
294 160
295 160
fn=std::span<char, 18446744073709551615ul>::empty() const
263 20
264 28
fn=std::span<char, 18446744073709551615ul>::first(unsigned long) const
358 72
360 40
361 88
362 40
fn=std::span<char, 18446744073709551615ul>::size() const
253 200
254 240
fn=std::span<char, 18446744073709551615ul>::span<256ul>(char (&) [256ul])
189 48
190 48
191 24
fn=std::span<char, 18446744073709551615ul>::span<char*>(char*, unsigned long)
159 210
161 330
168 90
fn=std::span<char, 18446744073709551615ul>::subspan(unsigned long, unsigned long) const
420 154
423 70
424 28
425 84
431 168
432 84
fl=/usr/include/c++/13/string_view
fn=std::__sv_check(unsigned long, unsigned long, char const*)
71 105
72 45
75 15
76 30
fn=std::basic_ostream<char, std::char_traits<char> >& std::operator<< <char, std::char_traits<char> >(std::basic_ostream<char, std::char_traits<char> >&, std::basic_string_view<char, std::char_traits<char> >)
761 96
763 128
fn=std::basic_string_view<char, std::char_traits<char> >::basic_string_view(char const*)
140 6
141 5
142 3
143 3
fn=std::basic_string_view<char, std::char_traits<char> >::basic_string_view(char const*, unsigned long)
146 42
147 42
148 21
fn=std::basic_string_view<char, std::char_traits<char> >::basic_string_view<char const*, char const*>(char const*, char const*)
155 154
157 220
158 66
fn=std::basic_string_view<char, std::char_traits<char> >::begin() const
187 16
188 16
fn=std::basic_string_view<char, std::char_traits<char> >::copy(char*, unsigned long, unsigned long) const
321 154
324 140
325 154
328 140
329 14
330 70
fn=std::basic_string_view<char, std::char_traits<char> >::data() const
289 124
290 124
fn=std::basic_string_view<char, std::char_traits<char> >::end() const
192 16
193 28
fn=std::basic_string_view<char, std::char_traits<char> >::operator[](unsigned long) const
254 30
256 25
257 20
258 10
fn=std::basic_string_view<char, std::char_traits<char> >::remove_suffix(unsigned long)
303 6
305 5
306 6
307 3
fn=std::basic_string_view<char, std::char_traits<char> >::size() const
229 504
230 504
fn=std::basic_string_view<char, std::char_traits<char> >::substr(unsigned long, unsigned long) const
334 10
336 10
337 11
338 11
339 5
fl=/usr/include/c++/13/tuple
fn=TunableHNSW::HNSW<TunableHNSW::HNSWConfig<128, true, (TunableHNSW::SearchStrategy)0, (TunableHNSW::QuantizationStrategy)0, (TunableHNSW::IndexStrategy)0, 32ul, 64ul, 300ul, 100ul, 16, 100, 0, 0ul, 0, 0, 0ul, false> >* const& std::__get_helper<0ul, TunableHNSW::HNSW<TunableHNSW::HNSWConfig<128, true, (TunableHNSW::SearchStrategy)0, (TunableHNSW::QuantizationStrategy)0, (TunableHNSW::IndexStrategy)0, 32ul, 64ul, 300ul, 100ul, 16, 100, 0, 0ul, 0, 0, 0ul, false> >*, std::default_delete<TunableHNSW::HNSW<TunableHNSW::HNSWConfig<128, true, (TunableHNSW::SearchStrategy)0, (TunableHNSW::QuantizationStrategy)0, (TunableHNSW::IndexStrategy)0, 32ul, 64ul, 300ul, 100ul, 16, 100, 0, 0ul, 0, 0, 0ul, false> > > >(std::_Tuple_impl<0ul, TunableHNSW::HNSW<TunableHNSW::HNSWConfig<128, true, (TunableHNSW::SearchStrategy)0, (TunableHNSW::QuantizationStrategy)0, (TunableHNSW::IndexStrategy)0, 32ul, 64ul, 300ul, 100ul, 16, 100, 0, 0ul, 0, 0, 0ul, false> >*, std::default_delete<TunableHNSW::HNSW<TunableHNSW::HNSWConfig<128, true, (TunableHNSW::SearchStrategy)0, (TunableHNSW::QuantizationStrategy)0, (TunableHNSW::IndexStrategy)0, 32ul, 64ul, 300ul, 100ul, 16, 100, 0, 0ul, 0, 0, 0ul, false> > > > const&)
1792 505
1793 505
fn=TunableHNSW::HNSW<TunableHNSW::HNSWConfig<128, true, (TunableHNSW::SearchStrategy)0, (TunableHNSW::QuantizationStrategy)0, (TunableHNSW::IndexStrategy)0, 32ul, 64ul, 300ul, 100ul, 16, 100, 0, 0ul, 0, 0, 0ul, false> >*& std::__get_helper<0ul, TunableHNSW::HNSW<TunableHNSW::HNSWConfig<128, true, (TunableHNSW::SearchStrategy)0, (TunableHNSW::QuantizationStrategy)0, (TunableHNSW::IndexStrategy)0, 32ul, 64ul, 300ul, 100ul, 16, 100, 0, 0ul, 0, 0, 0ul, false> >*, std::default_delete<TunableHNSW::HNSW<TunableHNSW::HNSWConfig<128, true, (TunableHNSW::SearchStrategy)0, (TunableHNSW::QuantizationStrategy)0, (TunableHNSW::IndexStrategy)0, 32ul, 64ul, 300ul, 100ul, 16, 100, 0, 0ul, 0, 0, 0ul, false> > > >(std::_Tuple_impl<0ul, TunableHNSW::HNSW<TunableHNSW::HNSWConfig<128, true, (TunableHNSW::SearchStrategy)0, (TunableHNSW::QuantizationStrategy)0, (TunableHNSW::IndexStrategy)0, 32ul, 64ul, 300ul, 100ul, 16, 100, 0, 0ul, 0, 0, 0ul, false> >*, std::default_delete<TunableHNSW::HNSW<TunableHNSW::HNSWConfig<128, true, (TunableHNSW::SearchStrategy)0, (TunableHNSW::QuantizationStrategy)0, (TunableHNSW::IndexStrategy)0, 32ul, 64ul, 300ul, 100ul, 16, 100, 0, 0ul, 0, 0, 0ul, false> > > >&)
1787 10
1788 10
fn=TunableHNSW::HNSW<TunableHNSW::HNSWConfig<128, true, (TunableHNSW::SearchStrategy)0, (TunableHNSW::QuantizationStrategy)0, (TunableHNSW::IndexStrategy)0, 32ul, 64ul, 300ul, 100ul, 16, 100, 0, 0ul, 0, 0, 0ul, false> >::BuildGraphConcurrently_()::{lambda(int)#1}& std::__get_helper<0ul, TunableHNSW::HNSW<TunableHNSW::HNSWConfig<128, true, (TunableHNSW::SearchStrategy)0, (TunableHNSW::QuantizationStrategy)0, (TunableHNSW::IndexStrategy)0, 32ul, 64ul, 300ul, 100ul, 16, 100, 0, 0ul, 0, 0, 0ul, false> >::BuildGraphConcurrently_()::{lambda(int)#1}, unsigned int>(std::_Tuple_impl<0ul, TunableHNSW::HNSW<TunableHNSW::HNSWConfig<128, true, (TunableHNSW::SearchStrategy)0, (TunableHNSW::QuantizationStrategy)0, (TunableHNSW::IndexStrategy)0, 32ul, 64ul, 300ul, 100ul, 16, 100, 0, 0ul, 0, 0, 0ul, false> >::BuildGraphConcurrently_()::{lambda(int)#1}, unsigned int>&)
1787 90
1788 90
fn=std::_Head_base<0ul, TunableHNSW::HNSW<TunableHNSW::HNSWConfig<128, true, (TunableHNSW::SearchStrategy)0, (TunableHNSW::QuantizationStrategy)0, (TunableHNSW::IndexStrategy)0, 32ul, 64ul, 300ul, 100ul, 16, 100, 0, 0ul, 0, 0, 0ul, false> >*, false>::_Head_base()
190 4
191 5
fn=std::_Head_base<0ul, TunableHNSW::HNSW<TunableHNSW::HNSWConfig<128, true, (TunableHNSW::SearchStrategy)0, (TunableHNSW::QuantizationStrategy)0, (TunableHNSW::IndexStrategy)0, 32ul, 64ul, 300ul, 100ul, 16, 100, 0, 0ul, 0, 0, 0ul, false> >*, false>::_M_head(std::_Head_base<0ul, TunableHNSW::HNSW<TunableHNSW::HNSWConfig<128, true, (TunableHNSW::SearchStrategy)0, (TunableHNSW::QuantizationStrategy)0, (TunableHNSW::IndexStrategy)0, 32ul, 64ul, 300ul, 100ul, 16, 100, 0, 0ul, 0, 0, 0ul, false> >*, false> const&)
237 707
fn=std::_Head_base<0ul, TunableHNSW::HNSW<TunableHNSW::HNSWConfig<128, true, (TunableHNSW::SearchStrategy)0, (TunableHNSW::QuantizationStrategy)0, (TunableHNSW::IndexStrategy)0, 32ul, 64ul, 300ul, 100ul, 16, 100, 0, 0ul, 0, 0, 0ul, false> >*, false>::_M_head(std::_Head_base<0ul, TunableHNSW::HNSW<TunableHNSW::HNSWConfig<128, true, (TunableHNSW::SearchStrategy)0, (TunableHNSW::QuantizationStrategy)0, (TunableHNSW::IndexStrategy)0, 32ul, 64ul, 300ul, 100ul, 16, 100, 0, 0ul, 0, 0, 0ul, false> >*, false>&)
234 14
fn=std::_Head_base<0ul, TunableHNSW::HNSW<TunableHNSW::HNSWConfig<128, true, (TunableHNSW::SearchStrategy)0, (TunableHNSW::QuantizationStrategy)0, (TunableHNSW::IndexStrategy)0, 32ul, 64ul, 300ul, 100ul, 16, 100, 0, 0ul, 0, 0, 0ul, false> >::BuildGraphConcurrently_()::{lambda(int)#1}, false>::_Head_base<TunableHNSW::HNSW<TunableHNSW::HNSWConfig<128, true, (TunableHNSW::SearchStrategy)0, (TunableHNSW::QuantizationStrategy)0, (TunableHNSW::IndexStrategy)0, 32ul, 64ul, 300ul, 100ul, 16, 100, 0, 0ul, 0, 0, 0ul, false> >::BuildGraphConcurrently_()::{lambda(int)#1}&>(TunableHNSW::HNSW<TunableHNSW::HNSWConfig<128, true, (TunableHNSW::SearchStrategy)0, (TunableHNSW::QuantizationStrategy)0, (TunableHNSW::IndexStrategy)0, 32ul, 64ul, 300ul, 100ul, 16, 100, 0, 0ul, 0, 0, 0ul, false> >::BuildGraphConcurrently_()::{lambda(int)#1}&)
200 108
201 198
fn=std::_Head_base<0ul, TunableHNSW::HNSW<TunableHNSW::HNSWConfig<128, true, (TunableHNSW::SearchStrategy)0, (TunableHNSW::QuantizationStrategy)0, (TunableHNSW::IndexStrategy)0, 32ul, 64ul, 300ul, 100ul, 16, 100, 0, 0ul, 0, 0, 0ul, false> >::BuildGraphConcurrently_()::{lambda(int)#1}, false>::_M_head(std::_Head_base<0ul, TunableHNSW::HNSW<TunableHNSW::HNSWConfig<128, true, (TunableHNSW::SearchStrategy)0, (TunableHNSW::QuantizationStrategy)0, (TunableHNSW::IndexStrategy)0, 32ul, 64ul, 300ul, 100ul, 16, 100, 0, 0ul, 0, 0, 0ul, false> >::BuildGraphConcurrently_()::{lambda(int)#1}, false>&)
234 126
fn=std::_Head_base<0ul, std::mutex*, false>::_Head_base()
190 80000
191 100000
fn=std::_Head_base<0ul, std::mutex*, false>::_M_head(std::_Head_base<0ul, std::mutex*, false> const&)
237 700931
fn=std::_Head_base<0ul, std::mutex*, false>::_M_head(std::_Head_base<0ul, std::mutex*, false>&)
234 490000
fn=std::_Head_base<0ul, std::thread::_State*, false>::_Head_base()
190 72
191 90
fn=std::_Head_base<0ul, std::thread::_State*, false>::_M_head(std::_Head_base<0ul, std::thread::_State*, false>&)
234 252
fn=std::_Head_base<1ul, std::default_delete<TunableHNSW::HNSW<TunableHNSW::HNSWConfig<128, true, (TunableHNSW::SearchStrategy)0, (TunableHNSW::QuantizationStrategy)0, (TunableHNSW::IndexStrategy)0, 32ul, 64ul, 300ul, 100ul, 16, 100, 0, 0ul, 0, 0, 0ul, false> > >, true>::_Head_base()
81 4
82 3
fn=std::_Head_base<1ul, std::default_delete<TunableHNSW::HNSW<TunableHNSW::HNSWConfig<128, true, (TunableHNSW::SearchStrategy)0, (TunableHNSW::QuantizationStrategy)0, (TunableHNSW::IndexStrategy)0, 32ul, 64ul, 300ul, 100ul, 16, 100, 0, 0ul, 0, 0, 0ul, false> > >, true>::_M_head(std::_Head_base<1ul, std::default_delete<TunableHNSW::HNSW<TunableHNSW::HNSWConfig<128, true, (TunableHNSW::SearchStrategy)0, (TunableHNSW::QuantizationStrategy)0, (TunableHNSW::IndexStrategy)0, 32ul, 64ul, 300ul, 100ul, 16, 100, 0, 0ul, 0, 0, 0ul, false> > >, true>&)
125 7
fn=std::_Head_base<1ul, std::default_delete<std::mutex>, true>::_Head_base()
81 80000
82 60000
fn=std::_Head_base<1ul, std::default_delete<std::mutex>, true>::_M_head(std::_Head_base<1ul, std::default_delete<std::mutex>, true>&)
125 210000
fn=std::_Head_base<1ul, std::default_delete<std::thread::_State>, true>::_Head_base()
81 72
82 54
fn=std::_Head_base<1ul, unsigned int, false>::_Head_base<unsigned int&>(unsigned int&)
200 108
201 162
fn=std::_Head_base<1ul, unsigned int, false>::_M_head(std::_Head_base<1ul, unsigned int, false>&)
234 126
fn=std::_Tuple_impl<0ul, TunableHNSW::HNSW<TunableHNSW::HNSWConfig<128, true, (TunableHNSW::SearchStrategy)0, (TunableHNSW::QuantizationStrategy)0, (TunableHNSW::IndexStrategy)0, 32ul, 64ul, 300ul, 100ul, 16, 100, 0, 0ul, 0, 0, 0ul, false> >*, std::default_delete<TunableHNSW::HNSW<TunableHNSW::HNSWConfig<128, true, (TunableHNSW::SearchStrategy)0, (TunableHNSW::QuantizationStrategy)0, (TunableHNSW::IndexStrategy)0, 32ul, 64ul, 300ul, 100ul, 16, 100, 0, 0ul, 0, 0, 0ul, false> > > >::_M_head(std::_Tuple_impl<0ul, TunableHNSW::HNSW<TunableHNSW::HNSWConfig<128, true, (TunableHNSW::SearchStrategy)0, (TunableHNSW::QuantizationStrategy)0, (TunableHNSW::IndexStrategy)0, 32ul, 64ul, 300ul, 100ul, 16, 100, 0, 0ul, 0, 0, 0ul, false> >*, std::default_delete<TunableHNSW::HNSW<TunableHNSW::HNSWConfig<128, true, (TunableHNSW::SearchStrategy)0, (TunableHNSW::QuantizationStrategy)0, (TunableHNSW::IndexStrategy)0, 32ul, 64ul, 300ul, 100ul, 16, 100, 0, 0ul, 0, 0, 0ul, false> > > > const&)
272 1010
fn=std::_Tuple_impl<0ul, TunableHNSW::HNSW<TunableHNSW::HNSWConfig<128, true, (TunableHNSW::SearchStrategy)0, (TunableHNSW::QuantizationStrategy)0, (TunableHNSW::IndexStrategy)0, 32ul, 64ul, 300ul, 100ul, 16, 100, 0, 0ul, 0, 0, 0ul, false> >*, std::default_delete<TunableHNSW::HNSW<TunableHNSW::HNSWConfig<128, true, (TunableHNSW::SearchStrategy)0, (TunableHNSW::QuantizationStrategy)0, (TunableHNSW::IndexStrategy)0, 32ul, 64ul, 300ul, 100ul, 16, 100, 0, 0ul, 0, 0, 0ul, false> > > >::_M_head(std::_Tuple_impl<0ul, TunableHNSW::HNSW<TunableHNSW::HNSWConfig<128, true, (TunableHNSW::SearchStrategy)0, (TunableHNSW::QuantizationStrategy)0, (TunableHNSW::IndexStrategy)0, 32ul, 64ul, 300ul, 100ul, 16, 100, 0, 0ul, 0, 0, 0ul, false> >*, std::default_delete<TunableHNSW::HNSW<TunableHNSW::HNSWConfig<128, true, (TunableHNSW::SearchStrategy)0, (TunableHNSW::QuantizationStrategy)0, (TunableHNSW::IndexStrategy)0, 32ul, 64ul, 300ul, 100ul, 16, 100, 0, 0ul, 0, 0, 0ul, false> > > >&)
269 20
fn=std::_Tuple_impl<0ul, TunableHNSW::HNSW<TunableHNSW::HNSWConfig<128, true, (TunableHNSW::SearchStrategy)0, (TunableHNSW::QuantizationStrategy)0, (TunableHNSW::IndexStrategy)0, 32ul, 64ul, 300ul, 100ul, 16, 100, 0, 0ul, 0, 0, 0ul, false> >*, std::default_delete<TunableHNSW::HNSW<TunableHNSW::HNSWConfig<128, true, (TunableHNSW::SearchStrategy)0, (TunableHNSW::QuantizationStrategy)0, (TunableHNSW::IndexStrategy)0, 32ul, 64ul, 300ul, 100ul, 16, 100, 0, 0ul, 0, 0, 0ul, false> > > >::_Tuple_impl()
280 5
281 9
fn=std::_Tuple_impl<0ul, TunableHNSW::HNSW<TunableHNSW::HNSWConfig<128, true, (TunableHNSW::SearchStrategy)0, (TunableHNSW::QuantizationStrategy)0, (TunableHNSW::IndexStrategy)0, 32ul, 64ul, 300ul, 100ul, 16, 100, 0, 0ul, 0, 0, 0ul, false> >::BuildGraphConcurrently_()::{lambda(int)#1}, unsigned int>::_M_head(std::_Tuple_impl<0ul, TunableHNSW::HNSW<TunableHNSW::HNSWConfig<128, true, (TunableHNSW::SearchStrategy)0, (TunableHNSW::QuantizationStrategy)0, (TunableHNSW::IndexStrategy)0, 32ul, 64ul, 300ul, 100ul, 16, 100, 0, 0ul, 0, 0, 0ul, false> >::BuildGraphConcurrently_()::{lambda(int)#1}, unsigned int>&)
269 198
fn=std::_Tuple_impl<0ul, TunableHNSW::HNSW<TunableHNSW::HNSWConfig<128, true, (TunableHNSW::SearchStrategy)0, (TunableHNSW::QuantizationStrategy)0, (TunableHNSW::IndexStrategy)0, 32ul, 64ul, 300ul, 100ul, 16, 100, 0, 0ul, 0, 0, 0ul, false> >::BuildGraphConcurrently_()::{lambda(int)#1}, unsigned int>::_Tuple_impl<TunableHNSW::HNSW<TunableHNSW::HNSWConfig<128, true, (TunableHNSW::SearchStrategy)0, (TunableHNSW::QuantizationStrategy)0, (TunableHNSW::IndexStrategy)0, 32ul, 64ul, 300ul, 100ul, 16, 100, 0, 0ul, 0, 0, 0ul, false> >::BuildGraphConcurrently_()::{lambda(int)#1}&, unsigned int&, void>(TunableHNSW::HNSW<TunableHNSW::HNSWConfig<128, true, (TunableHNSW::SearchStrategy)0, (TunableHNSW::QuantizationStrategy)0, (TunableHNSW::IndexStrategy)0, 32ul, 64ul, 300ul, 100ul, 16, 100, 0, 0ul, 0, 0, 0ul, false> >::BuildGraphConcurrently_()::{lambda(int)#1}&, unsigned int&)
291 144
293 270
294 72
fn=std::_Tuple_impl<0ul, std::mutex*, std::default_delete<std::mutex> >::_M_head(std::_Tuple_impl<0ul, std::mutex*, std::default_delete<std::mutex> > const&)
272 1001330
fn=std::_Tuple_impl<0ul, std::mutex*, std::default_delete<std::mutex> >::_M_head(std::_Tuple_impl<0ul, std::mutex*, std::default_delete<std::mutex> >&)
269 700000
fn=std::_Tuple_impl<0ul, std::mutex*, std::default_delete<std::mutex> >::_Tuple_impl()
280 100000
281 180000
fn=std::_Tuple_impl<0ul, std::thread::_State*, std::default_delete<std::thread::_State> >::_M_head(std::_Tuple_impl<0ul, std::thread::_State*, std::default_delete<std::thread::_State> >&)
269 360
fn=std::_Tuple_impl<0ul, std::thread::_State*, std::default_delete<std::thread::_State> >::_Tuple_impl()
280 90
281 162
fn=std::_Tuple_impl<1ul, std::default_delete<TunableHNSW::HNSW<TunableHNSW::HNSWConfig<128, true, (TunableHNSW::SearchStrategy)0, (TunableHNSW::QuantizationStrategy)0, (TunableHNSW::IndexStrategy)0, 32ul, 64ul, 300ul, 100ul, 16, 100, 0, 0ul, 0, 0, 0ul, false> > > >::_M_head(std::_Tuple_impl<1ul, std::default_delete<TunableHNSW::HNSW<TunableHNSW::HNSWConfig<128, true, (TunableHNSW::SearchStrategy)0, (TunableHNSW::QuantizationStrategy)0, (TunableHNSW::IndexStrategy)0, 32ul, 64ul, 300ul, 100ul, 16, 100, 0, 0ul, 0, 0, 0ul, false> > > >&)
497 10
fn=std::_Tuple_impl<1ul, std::default_delete<TunableHNSW::HNSW<TunableHNSW::HNSWConfig<128, true, (TunableHNSW::SearchStrategy)0, (TunableHNSW::QuantizationStrategy)0, (TunableHNSW::IndexStrategy)0, 32ul, 64ul, 300ul, 100ul, 16, 100, 0, 0ul, 0, 0, 0ul, false> > > >::_Tuple_impl()
503 5
504 6
fn=std::_Tuple_impl<1ul, std::default_delete<std::mutex> >::_M_head(std::_Tuple_impl<1ul, std::default_delete<std::mutex> >&)
497 300000
fn=std::_Tuple_impl<1ul, std::default_delete<std::mutex> >::_Tuple_impl()
503 100000
504 120000
fn=std::_Tuple_impl<1ul, std::default_delete<std::thread::_State> >::_Tuple_impl()
503 90
504 108
fn=std::_Tuple_impl<1ul, unsigned int>::_M_head(std::_Tuple_impl<1ul, unsigned int>&)
497 180
fn=std::_Tuple_impl<1ul, unsigned int>::_Tuple_impl<unsigned int&>(unsigned int&)
513 126
514 126
515 72
fn=std::default_delete<TunableHNSW::HNSW<TunableHNSW::HNSWConfig<128, true, (TunableHNSW::SearchStrategy)0, (TunableHNSW::QuantizationStrategy)0, (TunableHNSW::IndexStrategy)0, 32ul, 64ul, 300ul, 100ul, 16, 100, 0, 0ul, 0, 0, 0ul, false> > >& std::__get_helper<1ul, std::default_delete<TunableHNSW::HNSW<TunableHNSW::HNSWConfig<128, true, (TunableHNSW::SearchStrategy)0, (TunableHNSW::QuantizationStrategy)0, (TunableHNSW::IndexStrategy)0, 32ul, 64ul, 300ul, 100ul, 16, 100, 0, 0ul, 0, 0, 0ul, false> > >>(std::_Tuple_impl<1ul, std::default_delete<TunableHNSW::HNSW<TunableHNSW::HNSWConfig<128, true, (TunableHNSW::SearchStrategy)0, (TunableHNSW::QuantizationStrategy)0, (TunableHNSW::IndexStrategy)0, 32ul, 64ul, 300ul, 100ul, 16, 100, 0, 0ul, 0, 0, 0ul, false> > >>&)
1787 5
1788 5
fn=std::default_delete<std::mutex>& std::__get_helper<1ul, std::default_delete<std::mutex>>(std::_Tuple_impl<1ul, std::default_delete<std::mutex>>&)
1787 150000
1788 150000
fn=std::mutex* const& std::__get_helper<0ul, std::mutex*, std::default_delete<std::mutex> >(std::_Tuple_impl<0ul, std::mutex*, std::default_delete<std::mutex> > const&)
1792 500665
1793 500665
fn=std::mutex*& std::__get_helper<0ul, std::mutex*, std::default_delete<std::mutex> >(std::_Tuple_impl<0ul, std::mutex*, std::default_delete<std::mutex> >&)
1787 350000
1788 350000
fn=std::thread::_State*& std::__get_helper<0ul, std::thread::_State*, std::default_delete<std::thread::_State> >(std::_Tuple_impl<0ul, std::thread::_State*, std::default_delete<std::thread::_State> >&)
1787 180
1788 180
fn=std::tuple<TunableHNSW::HNSW<TunableHNSW::HNSWConfig<128, true, (TunableHNSW::SearchStrategy)0, (TunableHNSW::QuantizationStrategy)0, (TunableHNSW::IndexStrategy)0, 32ul, 64ul, 300ul, 100ul, 16, 100, 0, 0ul, 0, 0, 0ul, false> >*, std::default_delete<TunableHNSW::HNSW<TunableHNSW::HNSWConfig<128, true, (TunableHNSW::SearchStrategy)0, (TunableHNSW::QuantizationStrategy)0, (TunableHNSW::IndexStrategy)0, 32ul, 64ul, 300ul, 100ul, 16, 100, 0, 0ul, 0, 0, 0ul, false> > > >::tuple<true, true>()
1317 5
1319 6
fn=std::tuple<TunableHNSW::HNSW<TunableHNSW::HNSWConfig<128, true, (TunableHNSW::SearchStrategy)0, (TunableHNSW::QuantizationStrategy)0, (TunableHNSW::IndexStrategy)0, 32ul, 64ul, 300ul, 100ul, 16, 100, 0, 0ul, 0, 0, 0ul, false> >::BuildGraphConcurrently_()::{lambda(int)#1}, unsigned int>::tuple<TunableHNSW::HNSW<TunableHNSW::HNSWConfig<128, true, (TunableHNSW::SearchStrategy)0, (TunableHNSW::QuantizationStrategy)0, (TunableHNSW::IndexStrategy)0, 32ul, 64ul, 300ul, 100ul, 16, 100, 0, 0ul, 0, 0, 0ul, false> >::BuildGraphConcurrently_()::{lambda(int)#1}&, unsigned int&, true>(TunableHNSW::HNSW<TunableHNSW::HNSWConfig<128, true, (TunableHNSW::SearchStrategy)0, (TunableHNSW::QuantizationStrategy)0, (TunableHNSW::IndexStrategy)0, 32ul, 64ul, 300ul, 100ul, 16, 100, 0, 0ul, 0, 0, 0ul, false> >::BuildGraphConcurrently_()::{lambda(int)#1}&, unsigned int&)
1345 162
1347 324
fn=std::tuple<std::mutex*, std::default_delete<std::mutex> >::tuple<true, true>()
1317 100000
1319 120000
fn=std::tuple<std::thread::_State*, std::default_delete<std::thread::_State> >::tuple<true, true>()
1317 90
1319 108
fn=std::tuple_element<0ul, std::tuple<TunableHNSW::HNSW<TunableHNSW::HNSWConfig<128, true, (TunableHNSW::SearchStrategy)0, (TunableHNSW::QuantizationStrategy)0, (TunableHNSW::IndexStrategy)0, 32ul, 64ul, 300ul, 100ul, 16, 100, 0, 0ul, 0, 0, 0ul, false> >*, std::default_delete<TunableHNSW::HNSW<TunableHNSW::HNSWConfig<128, true, (TunableHNSW::SearchStrategy)0, (TunableHNSW::QuantizationStrategy)0, (TunableHNSW::IndexStrategy)0, 32ul, 64ul, 300ul, 100ul, 16, 100, 0, 0ul, 0, 0, 0ul, false> > > > >::type const& std::get<0ul, TunableHNSW::HNSW<TunableHNSW::HNSWConfig<128, true, (TunableHNSW::SearchStrategy)0, (TunableHNSW::QuantizationStrategy)0, (TunableHNSW::IndexStrategy)0, 32ul, 64ul, 300ul, 100ul, 16, 100, 0, 0ul, 0, 0, 0ul, false> >*, std::default_delete<TunableHNSW::HNSW<TunableHNSW::HNSWConfig<128, true, (TunableHNSW::SearchStrategy)0, (TunableHNSW::QuantizationStrategy)0, (TunableHNSW::IndexStrategy)0, 32ul, 64ul, 300ul, 100ul, 16, 100, 0, 0ul, 0, 0, 0ul, false> > > >(std::tuple<TunableHNSW::HNSW<TunableHNSW::HNSWConfig<128, true, (TunableHNSW::SearchStrategy)0, (TunableHNSW::QuantizationStrategy)0, (TunableHNSW::IndexStrategy)0, 32ul, 64ul, 300ul, 100ul, 16, 100, 0, 0ul, 0, 0, 0ul, false> >*, std::default_delete<TunableHNSW::HNSW<TunableHNSW::HNSWConfig<128, true, (TunableHNSW::SearchStrategy)0, (TunableHNSW::QuantizationStrategy)0, (TunableHNSW::IndexStrategy)0, 32ul, 64ul, 300ul, 100ul, 16, 100, 0, 0ul, 0, 0, 0ul, false> > > > const&)
1809 505
1810 505
fn=std::tuple_element<0ul, std::tuple<TunableHNSW::HNSW<TunableHNSW::HNSWConfig<128, true, (TunableHNSW::SearchStrategy)0, (TunableHNSW::QuantizationStrategy)0, (TunableHNSW::IndexStrategy)0, 32ul, 64ul, 300ul, 100ul, 16, 100, 0, 0ul, 0, 0, 0ul, false> >*, std::default_delete<TunableHNSW::HNSW<TunableHNSW::HNSWConfig<128, true, (TunableHNSW::SearchStrategy)0, (TunableHNSW::QuantizationStrategy)0, (TunableHNSW::IndexStrategy)0, 32ul, 64ul, 300ul, 100ul, 16, 100, 0, 0ul, 0, 0, 0ul, false> > > > >::type& std::get<0ul, TunableHNSW::HNSW<TunableHNSW::HNSWConfig<128, true, (TunableHNSW::SearchStrategy)0, (TunableHNSW::QuantizationStrategy)0, (TunableHNSW::IndexStrategy)0, 32ul, 64ul, 300ul, 100ul, 16, 100, 0, 0ul, 0, 0, 0ul, false> >*, std::default_delete<TunableHNSW::HNSW<TunableHNSW::HNSWConfig<128, true, (TunableHNSW::SearchStrategy)0, (TunableHNSW::QuantizationStrategy)0, (TunableHNSW::IndexStrategy)0, 32ul, 64ul, 300ul, 100ul, 16, 100, 0, 0ul, 0, 0, 0ul, false> > > >(std::tuple<TunableHNSW::HNSW<TunableHNSW::HNSWConfig<128, true, (TunableHNSW::SearchStrategy)0, (TunableHNSW::QuantizationStrategy)0, (TunableHNSW::IndexStrategy)0, 32ul, 64ul, 300ul, 100ul, 16, 100, 0, 0ul, 0, 0, 0ul, false> >*, std::default_delete<TunableHNSW::HNSW<TunableHNSW::HNSWConfig<128, true, (TunableHNSW::SearchStrategy)0, (TunableHNSW::QuantizationStrategy)0, (TunableHNSW::IndexStrategy)0, 32ul, 64ul, 300ul, 100ul, 16, 100, 0, 0ul, 0, 0, 0ul, false> > > >&)
1803 10
1804 10
fn=std::tuple_element<0ul, std::tuple<TunableHNSW::HNSW<TunableHNSW::HNSWConfig<128, true, (TunableHNSW::SearchStrategy)0, (TunableHNSW::QuantizationStrategy)0, (TunableHNSW::IndexStrategy)0, 32ul, 64ul, 300ul, 100ul, 16, 100, 0, 0ul, 0, 0, 0ul, false> >::BuildGraphConcurrently_()::{lambda(int)#1}, unsigned int> >::type&& std::get<0ul, TunableHNSW::HNSW<TunableHNSW::HNSWConfig<128, true, (TunableHNSW::SearchStrategy)0, (TunableHNSW::QuantizationStrategy)0, (TunableHNSW::IndexStrategy)0, 32ul, 64ul, 300ul, 100ul, 16, 100, 0, 0ul, 0, 0, 0ul, false> >::BuildGraphConcurrently_()::{lambda(int)#1}, unsigned int>(std::tuple<TunableHNSW::HNSW<TunableHNSW::HNSWConfig<128, true, (TunableHNSW::SearchStrategy)0, (TunableHNSW::QuantizationStrategy)0, (TunableHNSW::IndexStrategy)0, 32ul, 64ul, 300ul, 100ul, 16, 100, 0, 0ul, 0, 0, 0ul, false> >::BuildGraphConcurrently_()::{lambda(int)#1}, unsigned int>&&)
1815 90
1818 90
1819 36
fn=std::tuple_element<0ul, std::tuple<std::mutex*, std::default_delete<std::mutex> > >::type const& std::get<0ul, std::mutex*, std::default_delete<std::mutex> >(std::tuple<std::mutex*, std::default_delete<std::mutex> > const&)
1809 500665
1810 500665
fn=std::tuple_element<0ul, std::tuple<std::mutex*, std::default_delete<std::mutex> > >::type& std::get<0ul, std::mutex*, std::default_delete<std::mutex> >(std::tuple<std::mutex*, std::default_delete<std::mutex> >&)
1803 350000
1804 350000
fn=std::tuple_element<0ul, std::tuple<std::thread::_State*, std::default_delete<std::thread::_State> > >::type& std::get<0ul, std::thread::_State*, std::default_delete<std::thread::_State> >(std::tuple<std::thread::_State*, std::default_delete<std::thread::_State> >&)
1803 180
1804 180
fn=std::tuple_element<1ul, std::tuple<TunableHNSW::HNSW<TunableHNSW::HNSWConfig<128, true, (TunableHNSW::SearchStrategy)0, (TunableHNSW::QuantizationStrategy)0, (TunableHNSW::IndexStrategy)0, 32ul, 64ul, 300ul, 100ul, 16, 100, 0, 0ul, 0, 0, 0ul, false> >*, std::default_delete<TunableHNSW::HNSW<TunableHNSW::HNSWConfig<128, true, (TunableHNSW::SearchStrategy)0, (TunableHNSW::QuantizationStrategy)0, (TunableHNSW::IndexStrategy)0, 32ul, 64ul, 300ul, 100ul, 16, 100, 0, 0ul, 0, 0, 0ul, false> > > > >::type& std::get<1ul, TunableHNSW::HNSW<TunableHNSW::HNSWConfig<128, true, (TunableHNSW::SearchStrategy)0, (TunableHNSW::QuantizationStrategy)0, (TunableHNSW::IndexStrategy)0, 32ul, 64ul, 300ul, 100ul, 16, 100, 0, 0ul, 0, 0, 0ul, false> >*, std::default_delete<TunableHNSW::HNSW<TunableHNSW::HNSWConfig<128, true, (TunableHNSW::SearchStrategy)0, (TunableHNSW::QuantizationStrategy)0, (TunableHNSW::IndexStrategy)0, 32ul, 64ul, 300ul, 100ul, 16, 100, 0, 0ul, 0, 0, 0ul, false> > > >(std::tuple<TunableHNSW::HNSW<TunableHNSW::HNSWConfig<128, true, (TunableHNSW::SearchStrategy)0, (TunableHNSW::QuantizationStrategy)0, (TunableHNSW::IndexStrategy)0, 32ul, 64ul, 300ul, 100ul, 16, 100, 0, 0ul, 0, 0, 0ul, false> >*, std::default_delete<TunableHNSW::HNSW<TunableHNSW::HNSWConfig<128, true, (TunableHNSW::SearchStrategy)0, (TunableHNSW::QuantizationStrategy)0, (TunableHNSW::IndexStrategy)0, 32ul, 64ul, 300ul, 100ul, 16, 100, 0, 0ul, 0, 0, 0ul, false> > > >&)
1803 5
1804 5
fn=std::tuple_element<1ul, std::tuple<TunableHNSW::HNSW<TunableHNSW::HNSWConfig<128, true, (TunableHNSW::SearchStrategy)0, (TunableHNSW::QuantizationStrategy)0, (TunableHNSW::IndexStrategy)0, 32ul, 64ul, 300ul, 100ul, 16, 100, 0, 0ul, 0, 0, 0ul, false> >::BuildGraphConcurrently_()::{lambda(int)#1}, unsigned int> >::type&& std::get<1ul, TunableHNSW::HNSW<TunableHNSW::HNSWConfig<128, true, (TunableHNSW::SearchStrategy)0, (TunableHNSW::QuantizationStrategy)0, (TunableHNSW::IndexStrategy)0, 32ul, 64ul, 300ul, 100ul, 16, 100, 0, 0ul, 0, 0, 0ul, false> >::BuildGraphConcurrently_()::{lambda(int)#1}, unsigned int>(std::tuple<TunableHNSW::HNSW<TunableHNSW::HNSWConfig<128, true, (TunableHNSW::SearchStrategy)0, (TunableHNSW::QuantizationStrategy)0, (TunableHNSW::IndexStrategy)0, 32ul, 64ul, 300ul, 100ul, 16, 100, 0, 0ul, 0, 0, 0ul, false> >::BuildGraphConcurrently_()::{lambda(int)#1}, unsigned int>&&)
1815 90
1818 90
1819 36
fn=std::tuple_element<1ul, std::tuple<std::mutex*, std::default_delete<std::mutex> > >::type& std::get<1ul, std::mutex*, std::default_delete<std::mutex> >(std::tuple<std::mutex*, std::default_delete<std::mutex> >&)
1803 150000
1804 150000
fn=unsigned int& std::__get_helper<1ul, unsigned int>(std::_Tuple_impl<1ul, unsigned int>&)
1787 90
1788 90
fl=/usr/include/c++/13/type_traits
fn=std::is_constant_evaluated()
3650 216606
3654 72202
3656 144404
fl=/usr/include/x86_64-linux-gnu/c++/13/bits/c++config.h
fn=std::__is_constant_evaluated()
541 2000820
547 666940
551 1333880
fl=/usr/include/x86_64-linux-gnu/c++/13/bits/gthr-default.h
fn=__gthread_active_p()
301 400536
302 200268
303 400536
fn=__gthread_mutex_lock(pthread_mutex_t*)
747 400536
748 500670
749 400536
752 200268
fn=__gthread_mutex_unlock(pthread_mutex_t*)
777 400536
778 500670
779 400536
782 200268
fl=/usr/lib/gcc/x86_64-linux-gnu/13/include/avxintrin.h
fn=TunableHNSW::Distance<128, true, void>::L2Sq(float const*, float const*)
368 632762304
905 1265524608
1247 19773822
1472 39547644
fl=/usr/lib/gcc/x86_64-linux-gnu/13/include/fmaintrin.h
fn=TunableHNSW::Distance<128, true, void>::L2Sq(float const*, float const*)
65 949143456
66 316381152
fl=/usr/lib/gcc/x86_64-linux-gnu/13/include/pmmintrin.h
fn=TunableHNSW::Distance<128, true, void>::L2Sq(float const*, float const*)
59 118642932
fl=/usr/lib/gcc/x86_64-linux-gnu/13/include/xmmintrin.h
fn=TunableHNSW::Distance<128, true, void>::L2Sq(float const*, float const*)
192 39547644
975 19773822
fl=???
fn=(below main)
0 12
fn=???
0 640337358
fn=__cpu_indicator_init
0 367
fn=__cxa_get_globals
0 16
fn=__cxa_thread_atexit
0 6
fn=__gnu_cxx::stdio_sync_filebuf<char, std::char_traits<char> >::overflow(int)
0 91
fn=__gnu_cxx::stdio_sync_filebuf<char, std::char_traits<char> >::sync()
0 126
fn=__gnu_cxx::stdio_sync_filebuf<char, std::char_traits<char> >::xsputn(char const*, long)
0 762
fn=__gnu_cxx::stdio_sync_filebuf<wchar_t, std::char_traits<wchar_t> >::sync()
0 15
fn=operator delete(void*)
0 7099376
fn=operator delete(void*, unsigned long)
0 493364
fn=operator delete[](void*)
0 12
fn=operator new(unsigned long)
0 56795008
fn=operator new[](unsigned long)
0 12
fn=std::__basic_file<char>::__basic_file(pthread_mutex_t*)
0 24
fn=std::__basic_file<char>::close()
0 198
fn=std::__basic_file<char>::fd()
0 11532
fn=std::__basic_file<char>::is_open() const
0 144
fn=std::__basic_file<char>::open(char const*, std::_Ios_Openmode, int)
0 192
fn=std::__basic_file<char>::xsgetn(char*, long)
0 103788
fn=std::__basic_file<char>::~__basic_file()
0 36
fn=std::__cxx11::basic_stringbuf<char, std::char_traits<char>, std::allocator<char> >::_M_pbump(char*, char*, long)
0 2800
fn=std::__cxx11::basic_stringbuf<char, std::char_traits<char>, std::allocator<char> >::_M_sync(char*, unsigned long, unsigned long)
0 6800
fn=std::__cxx11::basic_stringstream<char, std::char_traits<char>, std::allocator<char> >::basic_stringstream(std::__cxx11::basic_string<char, std::char_traits<char>, std::allocator<char> > const&, std::_Ios_Openmode)
0 24000
fn=std::__cxx11::basic_stringstream<char, std::char_traits<char>, std::allocator<char> >::~basic_stringstream()
0 8000
fn=std::__cxx11::messages<char>::messages(unsigned long)
0 21
fn=std::__cxx11::messages<wchar_t>::messages(unsigned long)
0 21
fn=std::__cxx11::moneypunct<char, false>::_M_initialize_moneypunct(__locale_struct*, char const*)
0 114
fn=std::__cxx11::moneypunct<char, true>::_M_initialize_moneypunct(__locale_struct*, char const*)
0 115
fn=std::__cxx11::moneypunct<wchar_t, false>::_M_initialize_moneypunct(__locale_struct*, char const*)
0 109
fn=std::__cxx11::moneypunct<wchar_t, true>::_M_initialize_moneypunct(__locale_struct*, char const*)
0 109
fn=std::__cxx11::numpunct<char>::_M_initialize_numpunct(__locale_struct*)
0 417
fn=std::__cxx11::numpunct<wchar_t>::_M_initialize_numpunct(__locale_struct*)
0 353
fn=std::__detail::_Prime_rehash_policy::_M_need_rehash(unsigned long, unsigned long, unsigned long) const
0 20000
fn=std::__detail::_Prime_rehash_policy::_M_next_bkt(unsigned long) const
0 4600
fn=std::__num_base::_S_format_float(std::ios_base const&, char*, char)
0 23
fn=std::__timepunct<char>::_M_initialize_timepunct(__locale_struct*)
0 132
fn=std::__timepunct<char>::__timepunct(std::__timepunct_cache<char>*, unsigned long)
0 24
fn=std::__timepunct<wchar_t>::_M_initialize_timepunct(__locale_struct*)
0 129
fn=std::__timepunct<wchar_t>::__timepunct(std::__timepunct_cache<wchar_t>*, unsigned long)
0 24
fn=std::basic_filebuf<char, std::char_traits<char> >::_M_allocate_internal_buffer()
0 108
fn=std::basic_filebuf<char, std::char_traits<char> >::_M_destroy_internal_buffer()
0 144
fn=std::basic_filebuf<char, std::char_traits<char> >::_M_terminate_output()
0 180
fn=std::basic_filebuf<char, std::char_traits<char> >::basic_filebuf()
0 300
fn=std::basic_filebuf<char, std::char_traits<char> >::close()
0 312
fn=std::basic_filebuf<char, std::char_traits<char> >::open(char const*, std::_Ios_Openmode)
0 294
fn=std::basic_filebuf<char, std::char_traits<char> >::underflow()
0 261392
fn=std::basic_ifstream<char, std::char_traits<char> >::basic_ifstream(std::__cxx11::basic_string<char, std::char_traits<char>, std::allocator<char> > const&, std::_Ios_Openmode)
0 360
fn=std::basic_ifstream<char, std::char_traits<char> >::~basic_ifstream()
0 198
fn=std::basic_ios<char, std::char_traits<char> >::_M_cache_locale(std::locale const&)
0 19712
fn=std::basic_ios<char, std::char_traits<char> >::clear(std::_Ios_Iostate)
0 42
fn=std::basic_ios<char, std::char_traits<char> >::init(std::basic_streambuf<char, std::char_traits<char> >*)
0 14784
fn=std::basic_ios<char, std::char_traits<char> >::operator!() const
0 24
fn=std::basic_ios<wchar_t, std::char_traits<wchar_t> >::_M_cache_locale(std::locale const&)
0 128
fn=std::basic_ios<wchar_t, std::char_traits<wchar_t> >::init(std::basic_streambuf<wchar_t, std::char_traits<wchar_t> >*)
0 96
fn=std::basic_istream<char, std::char_traits<char> >& std::getline<char, std::char_traits<char>, std::allocator<char> >(std::basic_istream<char, std::char_traits<char> >&, std::__cxx11::basic_string<char, std::char_traits<char>, std::allocator<char> >&)
0 5000
fn=std::basic_istream<char, std::char_traits<char> >& std::getline<char, std::char_traits<char>, std::allocator<char> >(std::basic_istream<char, std::char_traits<char> >&, std::__cxx11::basic_string<char, std::char_traits<char>, std::allocator<char> >&, char)
0 21006
fn=std::basic_ostream<char, std::char_traits<char> >& std::__ostream_insert<char, std::char_traits<char> >(std::basic_ostream<char, std::char_traits<char> >&, char const*, long)
0 5757
fn=std::basic_ostream<char, std::char_traits<char> >& std::endl<char, std::char_traits<char> >(std::basic_ostream<char, std::char_traits<char> >&)
0 279
fn=std::basic_ostream<char, std::char_traits<char> >& std::flush<char, std::char_traits<char> >(std::basic_ostream<char, std::char_traits<char> >&)
0 48
fn=std::basic_ostream<char, std::char_traits<char> >& std::operator<< <char, std::char_traits<char> >(std::basic_ostream<char, std::char_traits<char> >&, std::_Setprecision)
0 7
fn=std::basic_ostream<char, std::char_traits<char> >& std::operator<< <char, std::char_traits<char> >(std::basic_ostream<char, std::char_traits<char> >&, std::_Setw)
0 42
fn=std::basic_ostream<char, std::char_traits<char> >& std::operator<< <char, std::char_traits<char>, std::allocator<char> >(std::basic_ostream<char, std::char_traits<char> >&, std::__cxx11::basic_string<char, std::char_traits<char>, std::allocator<char> > const&)
0 16
fn=std::basic_ostream<char, std::char_traits<char> >& std::operator<< <std::char_traits<char> >(std::basic_ostream<char, std::char_traits<char> >&, char const*)
0 1780
fn=std::basic_ostream<wchar_t, std::char_traits<wchar_t> >::flush()
0 174
fn=std::basic_ostream<wchar_t, std::char_traits<wchar_t> >::sentry::sentry(std::basic_ostream<wchar_t, std::char_traits<wchar_t> >&)
0 97
fn=std::chrono::_V2::system_clock::now()
0 9664
fn=std::codecvt<char, char, __mbstate_t>::codecvt(unsigned long)
0 19
fn=std::codecvt<char, char, __mbstate_t>::do_always_noconv() const
0 11532
fn=std::codecvt<wchar_t, char, __mbstate_t>::codecvt(unsigned long)
0 19
fn=std::ctype<char>::_M_widen_init() const
0 754
fn=std::ctype<char>::ctype(unsigned short const*, bool, unsigned long)
0 121
fn=std::ctype<wchar_t>::_M_convert_to_wmask(unsigned short) const
0 146
fn=std::ctype<wchar_t>::_M_initialize_ctype()
0 2736
fn=std::ctype<wchar_t>::ctype(unsigned long)
0 21
fn=std::error_category::error_category()
0 10
fn=std::error_category::~error_category()
0 4
fn=std::future_category()
0 3
fn=std::ios_base::Init::Init()
0 272
fn=std::ios_base::Init::~Init()
0 25
fn=std::ios_base::_M_call_callbacks(std::ios_base::event)
0 3296
fn=std::ios_base::_M_dispose_callbacks()
0 3708
fn=std::ios_base::_M_init()
0 17360
fn=std::ios_base::ios_base()
0 12840
fn=std::ios_base::~ios_base()
0 4326
fn=std::istream& std::istream::_M_extract<float>(float&)
0 171745600
fn=std::istream& std::istream::_M_extract<unsigned long>(unsigned long&)
0 104000
fn=std::istream::operator>>(float&)
0 6605600
fn=std::istream::operator>>(unsigned long&)
0 4000
fn=std::istream::sentry::sentry(std::istream&, bool)
0 208208603
fn=std::istreambuf_iterator<char, std::char_traits<char> > std::num_get<char, std::istreambuf_iterator<char, std::char_traits<char> > >::_M_extract_int<unsigned long>(std::istreambuf_iterator<char, std::char_traits<char> >, std::istreambuf_iterator<char, std::char_traits<char> >, std::ios_base&, std::_Ios_Iostate&, unsigned long&) const
0 615705
fn=std::locale::_Impl::_Impl(unsigned long)
0 673
fn=std::locale::_Impl::_M_install_facet(std::locale::id const*, std::locale::facet const*)
0 12192
fn=std::locale::facet::_S_create_c_locale(__locale_struct*&, char const*, __locale_struct*)
0 14
fn=std::locale::facet::_S_get_c_locale()
0 49542225
fn=std::locale::facet::_S_get_c_name()
0 21
fn=std::locale::id::_M_id() const
0 19840962
fn=std::locale::locale()
0 23012
fn=std::locale::locale(std::locale::_Impl*)
0 3
fn=std::locale::operator=(std::locale const&)
0 14260
fn=std::locale::~locale()
0 12384
fn=std::messages<char>::messages(unsigned long)
0 21
fn=std::messages<wchar_t>::messages(unsigned long)
0 21
fn=std::moneypunct<char, false>::_M_initialize_moneypunct(__locale_struct*, char const*)
0 114
fn=std::moneypunct<char, true>::_M_initialize_moneypunct(__locale_struct*, char const*)
0 115
fn=std::moneypunct<wchar_t, false>::_M_initialize_moneypunct(__locale_struct*, char const*)
0 109
fn=std::moneypunct<wchar_t, true>::_M_initialize_moneypunct(__locale_struct*, char const*)
0 109
fn=std::num_get<char, std::istreambuf_iterator<char, std::char_traits<char> > >::_M_extract_float(std::istreambuf_iterator<char, std::char_traits<char> >, std::istreambuf_iterator<char, std::char_traits<char> >, std::ios_base&, std::_Ios_Iostate&, std::string&) const
0 1706870208
fn=std::num_get<char, std::istreambuf_iterator<char, std::char_traits<char> > >::do_get(std::istreambuf_iterator<char, std::char_traits<char> >, std::istreambuf_iterator<char, std::char_traits<char> >, std::ios_base&, std::_Ios_Iostate&, float&) const
0 353399600
fn=std::num_get<char, std::istreambuf_iterator<char, std::char_traits<char> > >::do_get(std::istreambuf_iterator<char, std::char_traits<char> >, std::istreambuf_iterator<char, std::char_traits<char> >, std::ios_base&, std::_Ios_Iostate&, unsigned long&) const
0 4000
fn=std::num_put<char, std::ostreambuf_iterator<char, std::char_traits<char> > >::_M_pad(char, long, std::ios_base&, char*, char const*, int&) const
0 114
fn=std::num_put<char, std::ostreambuf_iterator<char, std::char_traits<char> > >::do_put(std::ostreambuf_iterator<char, std::char_traits<char> >, std::ios_base&, char, double) const
0 4
fn=std::num_put<char, std::ostreambuf_iterator<char, std::char_traits<char> > >::do_put(std::ostreambuf_iterator<char, std::char_traits<char> >, std::ios_base&, char, long long) const
0 15
fn=std::num_put<char, std::ostreambuf_iterator<char, std::char_traits<char> > >::do_put(std::ostreambuf_iterator<char, std::char_traits<char> >, std::ios_base&, char, long) const
0 9
fn=std::num_put<char, std::ostreambuf_iterator<char, std::char_traits<char> > >::do_put(std::ostreambuf_iterator<char, std::char_traits<char> >, std::ios_base&, char, unsigned long) const
0 51
fn=std::numpunct<char>::_M_initialize_numpunct(__locale_struct*)
0 417
fn=std::numpunct<wchar_t>::_M_initialize_numpunct(__locale_struct*)
0 353
fn=std::ostream& std::ostream::_M_insert<double>(double)
0 58
fn=std::ostream& std::ostream::_M_insert<long long>(long long)
0 290
fn=std::ostream& std::ostream::_M_insert<long>(long)
0 174
fn=std::ostream& std::ostream::_M_insert<unsigned long>(unsigned long)
0 1000
fn=std::ostream::flush()
0 1691
fn=std::ostream::operator<<(double)
0 2
fn=std::ostream::operator<<(int)
0 33
fn=std::ostream::operator<<(long long)
0 10
fn=std::ostream::operator<<(std::ios_base& (*)(std::ios_base&))
0 14
fn=std::ostream::operator<<(std::ostream& (*)(std::ostream&))
0 74
fn=std::ostream::operator<<(unsigned long)
0 34
fn=std::ostream::put(char)
0 572
fn=std::ostream::sentry::sentry(std::ostream&)
0 3991
fn=std::ostreambuf_iterator<char, std::char_traits<char> > std::num_put<char, std::ostreambuf_iterator<char, std::char_traits<char> > >::_M_insert_float<double>(std::ostreambuf_iterator<char, std::char_traits<char> >, std::ios_base&, char, char, double) const
0 147
fn=std::ostreambuf_iterator<char, std::char_traits<char> > std::num_put<char, std::ostreambuf_iterator<char, std::char_traits<char> > >::_M_insert_int<long long>(std::ostreambuf_iterator<char, std::char_traits<char> >, std::ios_base&, char, long long) const
0 553
fn=std::ostreambuf_iterator<char, std::char_traits<char> > std::num_put<char, std::ostreambuf_iterator<char, std::char_traits<char> > >::_M_insert_int<long>(std::ostreambuf_iterator<char, std::char_traits<char> >, std::ios_base&, char, long) const
0 372
fn=std::ostreambuf_iterator<char, std::char_traits<char> > std::num_put<char, std::ostreambuf_iterator<char, std::char_traits<char> > >::_M_insert_int<unsigned long>(std::ostreambuf_iterator<char, std::char_traits<char> >, std::ios_base&, char, unsigned long) const
0 1496
fn=std::string::_Rep::_M_clone(std::allocator<char> const&, unsigned long)
0 85872800
fn=std::string::_Rep::_M_destroy(std::allocator<char> const&)
0 6605600
fn=std::string::_Rep::_S_create(unsigned long, unsigned long, std::allocator<char> const&)
0 85872800
fn=std::string::push_back(char)
0 241797111
fn=std::string::reserve(unsigned long)
0 105689600
fn=std::thread::_M_start_thread(std::unique_ptr<std::thread::_State, std::default_delete<std::thread::_State> >, void (*)())
0 288
fn=std::thread::_State::~_State()
0 36
fn=std::thread::hardware_concurrency()
0 9
fn=std::thread::join()
0 306
fn=std::to_chars(char*, char*, double, std::chars_format, int)
0 6
fn=std::uncaught_exception()
0 18
fn=void std::__convert_to_v<float>(char const*, float&, std::_Ios_Iostate&, __locale_struct* const&)
0 118900800
summary: 76683113432
