desc: I1 cache:         65536 B, 64 B, 16-way associative
desc: D1 cache:         49152 B, 64 B, 12-way associative
desc: LL cache:         18874368 B, 64 B, 18-way associative
cmd: ./build/main
events: Ir I1mr ILmr Dr D1mr DLmr Dw D1mw DLmw Bc Bcm Bi Bim
fl=./csu/../csu/libc-start.c
fn=__libc_start_main@@GLIBC_2.34
128 2 1 1 2 1 0 0 0 0 0 0 0 0
134 3 0 0 1 1 0 0 0 0 1 0 0 0
135 7 0 0 3 1 0 2 0 0 0 0 1 1
138 1 0 0 1 1 0 0 0 0 0 0 0 0
139 2 1 1 0 0 0 0 0 0 1 0 0 0
142 3 0 0 2 0 0 0 0 0 0 0 0 0
143 2 0 0 2 0 0 0 0 0 0 0 0 0
144 26 0 0 7 0 0 1 0 0 5 3 0 0
145 16 1 1 4 2 0 8 0 0 0 0 4 4
242 13 1 1 0 0 0 7 0 0 0 0 0 0
311 3 0 0 0 0 0 0 0 0 1 0 0 0
312 3 0 0 0 0 0 1 0 0 0 0 0 0
337 6 1 1 2 0 0 1 0 0 1 0 0 0
340 2 0 0 0 0 0 0 0 0 1 1 0 0
343 2 0 0 2 0 0 0 0 0 0 0 0 0
350 2 0 0 1 0 0 1 0 0 0 0 0 0
352 2 0 0 0 0 0 0 0 0 1 0 0 0
360 4 0 0 1 0 0 1 0 0 0 0 0 0
fl=./csu/../sysdeps/nptl/libc_start_call_main.h
fn=(below main)
29 9 1 1 1 0 0 5 0 0 0 0 0 0
44 3 1 1 0 0 0 1 0 0 0 0 0 0
46 2 0 0 0 0 0 0 0 0 1 0 0 0
51 2 0 0 1 1 0 1 0 0 0 0 0 0
52 2 0 0 1 1 0 1 0 0 0 0 0 0
55 2 0 0 0 0 0 1 0 0 0 0 0 0
58 6 1 1 5 0 0 1 0 0 0 0 1 1
fl=./csu/./csu/init-first.c
fn=_init_first
46 6 1 1 0 0 0 2 0 0 0 0 0 0
51 2 0 0 1 0 0 0 0 0 1 0 0 0
55 5 1 1 4 2 1 0 0 0 1 0 0 0
61 1 0 0 0 0 0 1 1 0 0 0 0 0
62 1 0 0 0 0 0 1 0 0 0 0 0 0
63 2 0 0 1 1 0 1 1 1 0 0 0 0
71 2 0 0 0 0 0 0 0 0 0 0 0 0
72 3 0 0 2 0 0 0 0 0 0 0 0 0
fl=./ctype/./ctype/ctype-info.c
fn=__ctype_init
29 19 2 1 0 0 0 0 0 0 0 0 0 0
31 133 2 1 95 56 0 19 11 0 0 0 0 0
33 76 0 0 38 1 0 19 0 0 0 0 0 0
35 76 0 0 38 0 0 19 0 0 0 0 0 0
36 19 0 0 19 0 0 0 0 0 0 0 0 0
fl=./debug/../sysdeps/x86_64/multiarch/ifunc-memmove.h
fn=__memcpy_chk
56 2 0 0 0 0 0 0 0 0 1 0 0 0
57 3 1 1 2 0 0 0 0 0 0 0 0 0
60 3 0 0 1 0 0 0 0 0 0 0 0 0
61 2 1 1 0 0 0 0 0 0 1 1 0 0
74 2 0 0 0 0 0 0 0 0 1 0 0 0
77 2 0 0 0 0 0 0 0 0 1 0 0 0
85 2 0 0 0 0 0 0 0 0 1 1 0 0
93 2 1 1 0 0 0 0 0 0 1 1 0 0
96 5 2 2 1 0 0 0 0 0 0 0 0 0
fn=__memmove_chk
56 2 0 0 0 0 0 0 0 0 1 0 0 0
57 3 0 0 2 0 0 0 0 0 0 0 0 0
60 3 0 0 1 0 0 0 0 0 0 0 0 0
61 2 1 1 0 0 0 0 0 0 1 1 0 0
74 2 0 0 0 0 0 0 0 0 1 0 0 0
77 2 1 1 0 0 0 0 0 0 1 0 0 0
85 2 0 0 0 0 0 0 0 0 1 1 0 0
93 2 0 0 0 0 0 0 0 0 1 1 0 0
96 5 0 0 1 0 0 0 0 0 0 0 0 0
fn=__mempcpy_chk
56 2 0 0 0 0 0 0 0 0 1 0 0 0
57 3 1 1 2 0 0 0 0 0 0 0 0 0
60 3 0 0 1 0 0 0 0 0 0 0 0 0
61 2 1 1 0 0 0 0 0 0 1 1 0 0
74 2 0 0 0 0 0 0 0 0 1 0 0 0
77 2 0 0 0 0 0 0 0 0 1 0 0 0
85 2 0 0 0 0 0 0 0 0 1 1 0 0
93 2 1 1 0 0 0 0 0 0 1 1 0 0
96 5 2 2 1 0 0 0 0 0 0 0 0 0
fl=./debug/../sysdeps/x86_64/multiarch/ifunc-memset.h
fn=__memset_chk
54 5 0 0 2 0 0 0 0 0 1 0 0 0
57 3 0 0 1 0 0 0 0 0 0 0 0 0
58 2 1 1 0 0 0 0 0 0 1 1 0 0
64 2 1 1 0 0 0 0 0 0 0 0 0 0
73 2 0 0 0 0 0 0 0 0 1 0 0 0
75 2 0 0 0 0 0 0 0 0 1 0 0 0
85 2 0 0 0 0 0 0 0 0 1 0 0 0
93 2 0 0 0 0 0 0 0 0 1 0 0 0
96 5 0 0 1 0 0 0 0 0 0 0 0 0
fl=./debug/../sysdeps/x86_64/multiarch/memcpy_chk.c
fn=__memcpy_chk
29 1 1 1 0 0 0 0 0 0 0 0 0 0
fl=./debug/../sysdeps/x86_64/multiarch/memmove_chk.c
fn=__memmove_chk
29 1 0 0 0 0 0 0 0 0 0 0 0 0
fl=./debug/../sysdeps/x86_64/multiarch/mempcpy_chk.c
fn=__mempcpy_chk
29 1 1 1 0 0 0 0 0 0 0 0 0 0
fl=./debug/../sysdeps/x86_64/multiarch/memset_chk.c
fn=__memset_chk
29 1 0 0 0 0 0 0 0 0 0 0 0 0
fl=./elf/../bits/stdlib-bsearch.h
fn=intel_check_word.constprop.0
27 96 0 0 0 0 0 0 0 0 0 0 0 0
28 48 0 0 0 0 0 0 0 0 0 0 0 0
29 744 0 0 0 0 0 0 0 0 372 38 0 0
31 648 0 0 0 0 0 0 0 0 0 0 0 0
32 348 0 0 0 0 0 0 0 0 0 0 0 0
35 264 0 0 0 0 0 0 0 0 0 0 0 0
37 120 1 1 0 0 0 0 0 0 0 0 0 0
fl=./elf/../elf/dl-tls.c
fn=_dl_add_to_slotinfo
1017 36 1 1 0 0 0 20 0 0 0 0 0 0
1023 4 0 0 4 0 0 0 0 0 0 0 0 0
1026 4 0 0 4 2 0 0 0 0 0 0 0 0
1027 4 0 0 0 0 0 0 0 0 0 0 0 0
1031 12 1 1 4 3 0 0 0 0 4 0 0 0
1065 8 0 0 0 0 0 0 0 0 4 3 0 0
1068 8 0 0 0 0 0 4 0 0 0 0 0 0
1069 12 0 0 4 0 0 4 0 0 0 0 0 0
1072 24 1 1 24 0 0 0 0 0 0 0 0 0
fn=_dl_allocate_tls
365 18 0 0 18 0 0 0 0 0 0 0 0 0
369 18 0 0 0 0 0 0 0 0 0 0 0 0
370 18 0 0 0 0 0 0 0 0 0 0 0 0
371 36 0 0 0 0 0 0 0 0 18 2 0 0
374 18 0 0 0 0 0 18 0 0 0 0 0 0
380 54 1 1 18 0 0 18 0 0 0 0 0 0
530 36 0 0 0 0 0 0 0 0 0 0 0 0
531 18 0 0 0 0 0 0 0 0 0 0 0 0
534 36 0 0 18 0 0 18 0 0 0 0 18 1
537 54 0 0 36 0 0 0 0 0 18 0 0 0
549 18 0 0 18 6 0 0 0 0 0 0 0 0
554 504 1 1 90 6 0 0 0 0 90 0 0 0
560 180 2 2 0 0 0 0 0 0 90 8 0 0
563 216 0 0 72 6 0 0 0 0 0 0 0 0
564 144 0 0 0 0 0 0 0 0 72 0 0 0
570 216 1 1 144 0 0 0 0 0 72 0 0 0
571 144 0 0 0 0 0 0 0 0 0 0 0 0
573 378 0 0 90 30 0 72 0 0 0 0 0 0
576 144 0 0 0 0 0 0 0 0 72 4 0 0
577 144 0 0 72 0 0 0 0 0 0 0 0 0
580 144 0 0 0 0 0 0 0 0 72 0 0 0
581 288 1 1 144 18 0 0 0 0 72 5 0 0
583 144 0 0 0 0 0 0 0 0 72 2 0 0
584 144 0 0 72 0 0 0 0 0 0 0 0 0
593 72 0 0 0 0 0 72 0 0 0 0 0 0
603 936 0 0 216 0 0 360 0 0 0 0 0 0
609 216 0 0 216 0 0 0 0 0 0 0 0 0
615 36 0 0 18 0 0 18 0 0 0 0 18 1
618 18 0 0 0 0 0 18 0 0 0 0 0 0
620 18 0 0 18 0 0 0 0 0 0 0 0 0
626 180 2 2 0 0 0 126 0 0 0 0 0 0
627 36 0 0 0 0 0 0 0 0 18 6 0 0
630 144 0 0 126 0 0 0 0 0 0 0 0 0
fn=_dl_allocate_tls_init
523 11 1 1 0 0 0 8 0 0 0 0 0 0
524 2 0 0 0 0 0 0 0 0 1 0 0 0
528 2 0 0 1 1 0 1 0 0 0 0 0 0
531 1 0 0 0 0 0 0 0 0 0 0 0 0
534 2 1 1 1 1 0 1 0 0 0 0 1 1
537 3 0 0 2 1 0 0 0 0 1 0 0 0
549 1 0 0 1 0 0 0 0 0 0 0 0 0
554 32 1 1 5 0 0 1 0 0 5 0 0 0
560 11 1 1 0 0 0 0 0 0 5 3 0 0
563 12 0 0 4 1 0 0 0 0 0 0 0 0
564 8 0 0 0 0 0 0 0 0 4 0 0 0
570 12 1 1 8 0 0 0 0 0 4 0 0 0
571 8 0 0 0 0 0 0 0 0 0 0 0 0
573 31 0 0 12 4 0 4 1 1 0 0 0 0
576 8 0 0 0 0 0 0 0 0 4 0 0 0
577 8 0 0 4 0 0 0 0 0 0 0 0 0
580 8 1 1 0 0 0 0 0 0 4 0 0 0
581 16 0 0 8 3 0 0 0 0 4 0 0 0
583 8 0 0 0 0 0 0 0 0 4 0 0 0
584 8 0 0 4 0 0 0 0 0 0 0 0 0
593 4 0 0 0 0 0 4 0 0 0 0 0 0
601 8 0 0 4 0 0 0 0 0 4 2 0 0
603 40 0 0 8 0 0 12 0 0 0 0 0 0
609 4 0 0 4 0 0 0 0 0 0 0 0 0
615 2 0 0 1 0 0 1 0 0 0 0 1 1
618 2 0 0 1 0 0 1 0 0 0 0 0 0
621 9 0 0 8 0 0 0 0 0 0 0 0 0
fn=_dl_allocate_tls_storage
365 1 0 0 1 0 0 0 0 0 0 0 0 0
369 1 1 1 0 0 0 0 0 0 0 0 0 0
370 1 0 0 0 0 0 0 0 0 0 0 0 0
371 2 0 0 0 0 0 0 0 0 1 0 0 0
374 1 0 0 0 0 0 1 1 1 0 0 0 0
380 2 0 0 0 0 0 1 0 0 0 0 0 0
417 7 2 2 0 0 0 4 0 0 0 0 0 0
419 1 0 0 1 0 0 0 0 0 0 0 0 0
430 1 0 0 1 0 0 0 0 0 0 0 0 0
431 1 0 0 0 0 0 0 0 0 0 0 0 0
432 2 0 0 0 0 0 0 0 0 1 0 0 0
440 6 0 0 0 0 0 0 0 0 0 0 0 0
441 1 1 1 0 0 0 0 0 0 0 0 0 0
445 305 0 0 0 0 0 297 37 37 296 10 0 0
464 1 0 0 0 0 0 1 1 1 0 0 0 0
470 7 0 0 5 0 0 0 0 0 0 0 0 0
fn=_dl_assign_tls_modid
125 12 1 1 0 0 0 3 0 0 0 0 0 0
128 6 0 0 3 0 0 0 0 0 3 0 0 0
141 3 0 0 3 0 0 0 0 0 0 0 0 0
181 3 0 0 0 0 0 0 0 0 0 0 0 0
183 3 1 1 0 0 0 3 0 0 0 0 0 0
186 3 0 0 0 0 0 3 0 0 0 0 0 0
187 6 0 0 6 0 0 0 0 0 0 0 0 0
fn=_dl_count_modids
192 1 1 1 0 0 0 0 0 0 0 0 0 0
194 2 0 0 1 0 0 0 0 0 1 0 0 0
195 1 0 0 1 0 0 0 0 0 0 0 0 0
210 2 0 0 1 0 0 0 0 0 0 0 0 0
fn=_dl_determine_tlsoffset
216 9 1 1 0 0 0 6 0 0 0 0 0 0
217 1 0 0 0 0 0 0 0 0 0 0 0 0
218 1 0 0 0 0 0 0 0 0 0 0 0 0
219 1 0 0 0 0 0 0 0 0 0 0 0 0
222 4 0 0 1 0 0 1 0 0 1 0 0 0
225 2 0 0 1 0 0 0 0 0 1 0 0 0
259 1 0 0 0 0 0 0 0 0 0 0 0 0
261 32 1 1 9 0 0 0 0 0 5 2 0 0
263 11 1 1 5 0 0 1 0 0 4 0 0 0
265 12 1 1 4 0 0 0 0 0 0 0 0 0
266 8 0 0 4 0 0 0 0 0 0 0 0 0
268 8 0 0 0 0 0 0 0 0 0 0 0 0
270 20 0 0 4 0 0 0 0 0 4 4 0 0
281 4 0 0 0 0 0 4 0 0 0 0 0 0
286 32 0 0 0 0 0 0 0 0 0 0 0 0
288 8 0 0 0 0 0 0 0 0 4 3 0 0
289 4 0 0 0 0 0 0 0 0 0 0 0 0
294 4 0 0 0 0 0 0 0 0 0 0 0 0
301 1 0 0 0 0 0 1 0 0 0 0 0 0
302 7 2 2 1 0 0 0 0 0 0 0 0 0
304 2 0 0 0 0 0 1 0 0 0 0 0 0
354 1 0 0 0 0 0 1 0 0 0 0 0 0
355 8 0 0 7 0 0 0 0 0 0 0 0 0
fn=_dl_tls_static_surplus_init
83 3 0 0 0 0 0 0 0 0 0 0 0 0
97 8 1 1 0 0 0 4 0 0 0 0 0 0
100 6 0 0 1 0 0 1 0 0 0 0 0 0
101 5 0 0 1 0 0 1 0 0 0 0 0 0
102 3 0 0 0 0 0 0 0 0 0 0 0 0
104 4 1 1 0 0 0 0 0 0 1 0 0 0
107 1 0 0 0 0 0 0 0 0 0 0 0 0
109 1 0 0 0 0 0 1 0 0 0 0 0 0
111 3 0 0 0 0 0 1 0 0 0 0 0 0
112 6 0 0 5 0 0 0 0 0 0 0 0 0
fl=./elf/../include/list.h
fn=__tls_init_tp
43 2 1 1 1 1 0 1 0 0 0 0 0 0
44 2 0 0 0 0 0 1 0 0 0 0 0 0
45 1 0 0 0 0 0 1 0 0 0 0 0 0
47 1 0 0 0 0 0 1 0 0 0 0 0 0
fl=./elf/../include/rtld-malloc.h
fn=__minimal_calloc
56 17 0 0 17 0 0 0 0 0 0 0 17 1
fn=_dl_allocate_tls
44 36 0 0 18 6 0 18 0 0 0 0 18 1
fn=_dl_allocate_tls_storage
44 2 0 0 1 0 0 1 0 0 0 0 1 1
56 1 0 0 1 0 0 1 0 0 0 0 1 1
fn=_dl_check_map_versions
44 18 1 1 6 0 0 6 0 0 0 0 6 1
fn=_dl_find_object_init
56 2 0 0 1 0 0 1 0 0 0 0 1 1
fn=_dl_important_hwcaps
56 4 0 0 2 0 0 2 0 0 0 0 2 2
fn=_dl_init_paths
56 5 0 0 3 0 0 3 0 0 0 0 3 3
fn=_dl_map_object_deps
56 12 0 0 6 0 0 6 0 0 0 0 6 2
fn=_dl_new_object
44 18 0 0 6 0 0 6 0 0 0 0 6 1
56 15 1 1 5 0 0 5 0 0 0 0 5 1
fn=do_lookup_x
44 13 0 0 3 0 0 6 0 0 0 0 3 2
fn=fillin_rpath.isra.0
50 20 1 1 20 0 0 10 0 0 0 0 10 1
51 10 0 0 0 0 0 0 0 0 0 0 0 0
56 8 0 0 4 0 0 4 0 0 0 0 4 1
fn=init_tls
44 2 0 0 1 0 0 1 0 0 0 0 1 1
fl=./elf/../include/scratch_buffer.h
fn=_dl_map_object_deps
77 2 0 0 0 0 0 1 1 1 0 0 0 0
78 1 0 0 0 0 0 1 0 0 0 0 0 0
85 3 1 1 1 0 0 0 0 0 1 1 0 0
131 20 1 1 0 0 0 10 0 0 0 0 0 0
fl=./elf/../misc/sbrk.c
fn=sbrk
37 6 1 1 0 0 0 3 0 0 0 0 0 0
40 1 0 0 1 0 0 0 0 0 0 0 0 0
58 2 0 0 0 0 0 0 0 0 1 0 0 0
62 2 0 0 0 0 0 0 0 0 1 1 0 0
78 5 1 1 4 0 0 0 0 0 0 0 0 0
fl=./elf/../nptl/nptl-stack.h
fn=__libc_early_init
61 8 0 0 2 1 0 0 0 0 0 0 0 0
fl=./elf/../sysdeps/generic/_itoa.h
fn=_dl_check_map_versions
76 39 0 0 13 0 0 26 0 0 0 0 0 0
fl=./elf/../sysdeps/generic/dl-cache.h
fn=_dl_load_cache_lookup
125 4 1 1 4 1 1 0 0 0 0 0 0 0
194 1 0 0 1 0 0 0 0 0 0 0 0 0
195 5 0 0 0 0 0 0 0 0 1 1 0 0
fl=./elf/../sysdeps/generic/dl-call_tls_init_tp.h
fn=init_tls
31 8 0 0 0 0 0 2 0 0 1 0 0 0
33 1 0 0 0 0 0 1 0 0 0 0 0 0
fl=./elf/../sysdeps/generic/dl-debug.h
fn=dl_main
29 4 0 0 2 0 0 0 0 0 1 0 0 0
30 1 0 0 0 0 0 1 0 0 0 0 0 0
fl=./elf/../sysdeps/generic/dl-hash.h
fn=__rtld_malloc_init_real
43 1 0 0 0 0 0 0 0 0 0 0 0 0
44 1 0 0 0 0 0 0 0 0 0 0 0 0
45 19 0 0 6 1 1 0 0 0 6 5 0 0
48 18 0 0 0 0 0 0 0 0 0 0 0 0
62 24 0 0 0 0 0 0 0 0 0 0 0 0
67 1 0 0 0 0 0 0 0 0 0 0 0 0
72 1 0 0 0 0 0 1 0 0 0 0 0 0
fl=./elf/../sysdeps/generic/dl-new-hash.h
fn=_dl_lookup_symbol_x
69 2004 0 0 0 0 0 0 0 0 0 0 0 0
70 4008 0 0 0 0 0 0 0 0 0 0 0 0
74 42882 0 0 42882 1474 1243 0 0 0 0 0 0 0
77 85764 0 0 0 0 0 0 0 0 42882 1025 0 0
80 41877 0 0 41877 484 430 0 0 0 0 0 0 0
81 83754 0 0 0 0 0 0 0 0 41877 1007 0 0
87 999 1 1 0 0 0 0 0 0 0 0 0 0
88 999 0 0 0 0 0 0 0 0 0 0 0 0
89 1998 0 0 0 0 0 0 0 0 0 0 0 0
90 999 0 0 0 0 0 0 0 0 0 0 0 0
99 40878 0 0 0 0 0 0 0 0 0 0 0 0
101 40878 0 0 0 0 0 0 0 0 0 0 0 0
102 81756 0 0 0 0 0 0 0 0 0 0 0 0
104 40878 1 1 0 0 0 0 0 0 0 0 0 0
105 40878 0 0 0 0 0 0 0 0 0 0 0 0
fl=./elf/../sysdeps/generic/dl-protected.h
fn=do_lookup_x
29 7952 0 0 0 0 0 0 0 0 1988 0 0 0
fl=./elf/../sysdeps/generic/ldsodefs.h
fn=_dl_relocate_object
79 62 1 1 30 0 0 0 0 0 0 0 0 0
140 10662 0 0 3554 0 0 0 0 0 0 0 0 0
fn=_dl_start
79 6 1 1 3 0 0 0 0 0 0 0 0 0
fn=do_lookup_x
139 3976 0 0 1988 0 0 0 0 0 0 0 0 0
140 5964 0 0 0 0 0 0 0 0 0 0 0 0
fl=./elf/../sysdeps/nptl/dl-mutex.c
fn=__rtld_mutex_init
30 7 1 1 0 0 0 4 0 0 0 0 0 0
37 1 0 0 1 0 0 0 0 0 0 0 0 0
40 7 0 0 0 0 0 1 0 0 0 0 0 0
44 2 1 1 0 0 0 0 0 0 1 0 0 0
45 9 0 0 3 0 0 1 0 0 1 0 0 0
47 6 0 0 0 0 0 1 0 0 0 0 0 0
51 2 1 1 0 0 0 0 0 0 1 0 0 0
52 7 0 0 3 0 0 1 0 0 1 0 0 0
53 6 0 0 5 0 0 0 0 0 0 0 0 0
fl=./elf/../sysdeps/nptl/dl-tls_init_tp.c
fn=__tls_init_tp
68 5 0 0 0 0 0 2 0 0 0 0 0 0
69 1 0 0 1 0 0 0 0 0 0 0 0 0
72 1 0 0 0 0 0 0 0 0 0 0 0 0
75 4 0 0 0 0 0 1 0 0 0 0 0 0
76 2 0 0 0 0 0 1 0 0 0 0 0 0
77 1 1 1 0 0 0 1 0 0 0 0 0 0
82 2 0 0 1 0 0 1 0 0 0 0 0 0
87 4 0 0 0 0 0 1 0 0 0 0 0 0
90 1 0 0 0 0 0 1 0 0 0 0 0 0
93 3 0 0 0 0 0 0 0 0 0 0 0 0
105 4 1 1 0 0 0 1 0 0 0 0 0 0
121 3 0 0 2 1 0 1 0 0 0 0 0 0
128 2 0 0 1 0 0 1 0 0 0 0 0 0
129 3 0 0 3 0 0 0 0 0 0 0 0 0
fn=__tls_pre_init_tp
53 3 1 1 0 0 0 0 0 0 0 0 0 0
56 10 1 1 0 0 0 3 1 1 0 0 0 0
61 2 0 0 0 0 0 1 0 0 0 0 0 0
62 1 1 1 0 0 0 1 0 0 0 0 0 0
64 1 0 0 1 0 0 0 0 0 0 0 0 0
fn=rtld_mutex_dummy
42 178 0 0 0 0 0 0 0 0 0 0 0 0
44 356 0 0 178 0 0 0 0 0 0 0 0 0
fl=./elf/../sysdeps/nptl/pthread_early_init.h
fn=__libc_early_init
33 6 0 0 0 0 0 1 0 0 1 0 0 0
34 1 0 0 1 0 0 0 0 0 0 0 0 0
38 5 1 1 0 0 0 0 0 0 0 0 0 0
45 2 0 0 2 0 0 0 0 0 0 0 0 0
46 1 1 1 0 0 0 0 0 0 0 0 0 0
48 2 0 0 0 0 0 0 0 0 0 0 0 0
52 5 0 0 0 0 0 1 0 0 0 0 0 0
53 1 0 0 0 0 0 1 1 1 0 0 0 0
54 1 0 0 0 0 0 1 1 1 0 0 0 0
56 1 0 0 0 0 0 1 0 0 0 0 0 0
fl=./elf/../sysdeps/posix/dl-fileid.h
fn=_dl_map_object_from_fd
37 20 0 0 0 0 0 5 1 1 5 0 0 0
40 20 0 0 15 1 1 5 0 0 0 0 0 0
49 60 0 0 30 1 1 0 0 0 30 9 0 0
fl=./elf/../sysdeps/unix/sysv/linux/brk.c
fn=brk
36 1 1 1 0 0 0 0 0 0 0 0 0 0
37 1 0 0 0 0 0 1 1 1 0 0 0 0
38 2 0 0 0 0 0 0 0 0 1 0 0 0
44 1 0 0 0 0 0 0 0 0 0 0 0 0
45 1 0 0 1 0 0 0 0 0 0 0 0 0
fl=./elf/../sysdeps/unix/sysv/linux/brk_call.h
fn=brk
24 2 0 0 0 0 0 0 0 0 0 0 0 0
fl=./elf/../sysdeps/unix/sysv/linux/dl-osinfo.h
fn=dl_main
39 2 0 0 1 0 0 0 0 0 0 0 0 0
52 1 0 0 1 0 0 0 0 0 0 0 0 0
fl=./elf/../sysdeps/unix/sysv/linux/dl-parse_auxv.h
fn=_dl_sysdep_parse_arguments
32 2 0 0 0 0 0 1 0 0 0 0 0 0
33 1 0 0 0 0 0 1 0 0 0 0 0 0
34 1 0 0 0 0 0 1 0 0 0 0 0 0
41 93 1 1 24 0 0 0 0 0 23 6 0 0
42 44 0 0 0 0 0 0 0 0 22 0 0 0
43 44 0 0 22 6 6 22 0 0 0 0 0 0
45 1 0 0 0 0 0 1 0 0 0 0 0 0
46 2 0 0 1 0 0 1 0 0 0 0 0 0
47 2 0 0 1 0 0 1 0 0 0 0 0 0
48 2 0 0 1 0 0 1 0 0 0 0 0 0
49 1 0 0 0 0 0 1 0 0 0 0 0 0
51 2 1 1 1 0 0 1 0 0 0 0 0 0
52 2 0 0 1 0 0 1 1 1 0 0 0 0
53 2 0 0 1 0 0 1 0 0 0 0 0 0
54 2 1 1 1 0 0 1 0 0 0 0 0 0
56 2 0 0 1 0 0 1 0 0 0 0 0 0
fl=./elf/../sysdeps/unix/sysv/linux/dl-sysdep.c
fn=_dl_sysdep_parse_arguments
78 7 1 1 0 0 0 4 1 1 0 0 0 0
79 2 0 0 1 0 0 1 1 1 0 0 0 0
80 2 0 0 0 0 0 1 0 0 0 0 0 0
81 3 0 0 0 0 0 1 1 1 0 0 0 0
82 47 0 0 0 0 0 0 0 0 0 0 0 0
83 97 1 1 48 6 6 0 0 0 48 10 0 0
86 2 1 1 0 0 0 1 1 1 0 0 0 0
90 56 0 0 0 0 0 52 6 6 52 10 0 0
93 5 0 0 3 0 0 1 0 0 0 0 0 0
94 2 0 0 1 0 0 1 0 0 0 0 0 0
95 3 1 1 2 0 0 1 0 0 0 0 0 0
96 6 0 0 5 0 0 0 0 0 0 0 0 0
fn=_dl_sysdep_start
102 6 1 1 0 0 0 2 0 0 0 0 0 0
103 1 0 0 0 0 0 1 0 0 0 0 0 0
106 2 0 0 0 0 0 1 1 1 0 0 0 0
110 2 0 0 1 0 0 1 0 0 0 0 0 0
113 1 0 0 0 0 0 1 0 0 0 0 0 0
115 2 0 0 0 0 0 1 0 0 0 0 0 0
122 3 1 1 1 0 0 0 0 0 1 0 0 0
123 2 0 0 0 0 0 2 0 0 0 0 0 0
125 5 0 0 0 0 0 1 0 0 1 0 0 0
137 3 0 0 1 0 0 0 0 0 1 0 0 0
140 5 1 1 3 0 0 1 0 0 0 0 1 1
143 4 0 0 4 1 0 0 0 0 0 0 0 0
fn=_dl_sysdep_start_cleanup
147 1 1 1 0 0 0 0 0 0 0 0 0 0
148 1 0 0 1 0 0 0 0 0 0 0 0 0
fl=./elf/../sysdeps/unix/sysv/linux/dl-vdso-setup.h
fn=dl_main
30 1 0 0 0 0 0 1 0 0 0 0 0 0
33 1 1 1 0 0 0 1 0 0 0 0 0 0
36 1 0 0 0 0 0 1 0 0 0 0 0 0
39 1 0 0 0 0 0 1 0 0 0 0 0 0
45 1 0 0 0 0 0 1 0 0 0 0 0 0
fl=./elf/../sysdeps/unix/sysv/linux/dl-vdso.h
fn=dl_main
40 2 1 1 1 0 0 0 0 0 0 0 0 0
41 5 0 0 0 0 0 2 0 0 1 0 0 0
55 2 0 0 0 0 0 0 0 0 0 0 0 0
fl=./elf/../sysdeps/unix/sysv/linux/rseq-internal.h
fn=__tls_init_tp
32 3 0 0 1 0 0 0 0 0 1 1 0 0
34 7 1 1 0 0 0 0 0 0 0 0 0 0
37 2 0 0 0 0 0 0 0 0 1 1 0 0
40 1 0 0 0 0 0 1 0 0 0 0 0 0
fl=./elf/../sysdeps/unix/sysv/linux/x86/dl-hwcap2.h
fn=update_active.constprop.0
25 2 0 0 1 0 0 0 0 0 1 1 0 0
fl=./elf/../sysdeps/unix/sysv/linux/x86/dl-minsigstacksize.h
fn=get_common_indices.constprop.0
24 2 2 2 1 0 0 0 0 0 1 0 0 0
27 2 0 0 1 0 0 0 0 0 1 0 0 0
28 2 0 0 1 0 0 0 0 0 1 0 0 0
65 3 0 0 0 0 0 0 0 0 0 0 0 0
72 1 0 0 0 0 0 0 0 0 0 0 0 0
74 1 0 0 0 0 0 1 0 0 0 0 0 0
fl=./elf/../sysdeps/x86/cpu-features.c
fn=get_common_indices.constprop.0
398 3 1 1 0 0 0 2 0 0 0 0 0 0
402 4 0 0 0 0 0 0 0 0 1 0 0 0
405 5 0 0 0 0 0 3 0 0 0 0 0 0
409 1 0 0 0 0 0 1 0 0 0 0 0 0
410 4 0 0 0 0 0 1 0 0 0 0 0 0
411 4 1 1 0 0 0 1 0 0 0 0 0 0
412 4 0 0 0 0 0 1 0 0 0 0 0 0
413 3 0 0 0 0 0 1 0 0 0 0 0 0
414 2 0 0 1 0 0 0 0 0 1 0 0 0
421 2 0 0 1 0 0 0 0 0 1 0 0 0
423 9 0 0 0 0 0 4 1 1 0 0 0 0
428 8 2 2 0 0 0 4 1 1 0 0 0 0
435 2 0 0 1 0 0 0 0 0 1 0 0 0
436 7 0 0 0 0 0 4 1 1 0 0 0 0
442 2 0 0 1 0 0 0 0 0 1 1 0 0
457 3 0 0 3 0 0 0 0 0 0 0 0 0
fn=init_cpu_features.constprop.0
376 3 0 0 0 0 0 0 0 0 0 0 0 0
377 2 0 0 0 0 0 0 0 0 1 0 0 0
378 6 0 0 0 0 0 4 0 0 0 0 0 0
383 2 1 1 0 0 0 0 0 0 1 1 0 0
384 6 1 1 0 0 0 4 0 0 0 0 0 0
389 2 0 0 0 0 0 0 0 0 1 0 0 0
390 7 1 1 0 0 0 4 0 0 0 0 0 0
682 8 1 1 0 0 0 6 0 0 0 0 0 0
685 1 0 0 0 0 0 1 0 0 0 0 0 0
686 1 1 1 0 0 0 1 0 0 0 0 0 0
687 1 0 0 0 0 0 1 0 0 0 0 0 0
690 1 0 0 0 0 0 1 1 1 0 0 0 0
699 3 0 0 0 0 0 1 0 0 0 0 0 0
702 6 1 1 0 0 0 0 0 0 3 1 0 0
703 1 0 0 0 0 0 0 0 0 0 0 0 0
706 2 0 0 0 0 0 1 0 0 0 0 0 0
708 6 2 2 0 0 0 1 0 0 0 0 0 0
713 1 0 0 0 0 0 1 0 0 0 0 0 0
715 3 0 0 1 0 0 0 0 0 1 1 0 0
717 9 2 2 3 1 1 1 0 0 1 0 0 0
721 7 0 0 1 1 1 0 0 0 1 0 1 1
774 3 0 0 2 0 0 0 0 0 1 1 0 0
781 2 1 1 0 0 0 1 0 0 0 0 0 0
799 1 1 1 0 0 0 1 0 0 0 0 0 0
832 2 0 0 0 0 0 0 0 0 1 1 0 0
866 4 1 1 0 0 0 0 0 0 1 1 0 0
869 2 0 0 0 0 0 1 0 0 0 0 0 0
870 1 1 1 0 0 0 0 0 0 0 0 0 0
878 2 1 1 1 0 0 0 0 0 1 0 0 0
885 2 0 0 1 0 0 0 0 0 1 0 0 0
887 2 0 0 0 0 0 1 0 0 0 0 0 0
891 2 0 0 0 0 0 0 0 0 1 0 0 0
897 2 0 0 1 0 0 0 0 0 1 1 0 0
899 1 1 1 0 0 0 0 0 0 0 0 0 0
1001 3 1 1 1 0 0 0 0 0 1 0 0 0
1002 2 0 0 0 0 0 1 0 0 0 0 0 0
1005 2 0 0 0 0 0 0 0 0 1 0 0 0
1006 2 0 0 0 0 0 1 0 0 0 0 0 0
1012 1 0 0 0 0 0 1 0 0 0 0 0 0
1013 1 0 0 0 0 0 1 0 0 0 0 0 0
1014 1 0 0 0 0 0 1 0 0 0 0 0 0
1015 2 1 1 1 0 0 1 0 0 0 0 0 0
1019 4 0 0 0 0 0 1 0 0 0 0 0 0
1022 4 0 0 0 0 0 1 0 0 0 0 0 0
1028 3 0 0 1 0 0 0 0 0 1 1 0 0
1041 2 0 0 0 0 0 0 0 0 0 0 0 0
1042 4 1 1 1 0 0 0 0 0 1 1 0 0
1081 1 0 0 0 0 0 1 0 0 0 0 0 0
1082 2 1 1 1 0 0 0 0 0 1 1 0 0
1086 3 0 0 1 0 0 0 0 0 1 1 0 0
1103 2 1 1 0 0 0 0 0 0 0 0 0 0
1104 2 0 0 0 0 0 0 0 0 1 0 0 0
1106 3 0 0 0 0 0 0 0 0 1 0 0 0
1107 2 0 0 1 0 0 0 0 0 0 0 0 0
1109 3 0 0 0 0 0 0 0 0 1 0 0 0
1110 2 0 0 0 0 0 0 0 0 0 0 0 0
1113 2 0 0 0 0 0 1 0 0 0 0 0 0
1127 4 0 0 0 0 0 1 0 0 0 0 0 0
1129 4 0 0 0 0 0 1 0 0 0 0 0 0
1135 4 0 0 0 0 0 1 0 0 0 0 0 0
1142 8 0 0 7 0 0 0 0 0 0 0 0 0
fn=update_active.constprop.0
72 8 2 2 0 0 0 6 0 0 0 0 0 0
76 1 0 0 1 0 0 0 0 0 0 0 0 0
84 3 1 1 1 0 0 0 0 0 0 0 0 0
85 3 0 0 0 0 0 0 0 0 0 0 0 0
86 1 0 0 1 0 0 0 0 0 0 0 0 0
94 4 0 0 1 0 0 1 0 0 0 0 0 0
95 1 0 0 1 0 0 0 0 0 0 0 0 0
103 4 0 0 1 0 0 1 0 0 0 0 0 0
104 1 0 0 1 0 0 0 0 0 0 0 0 0
109 4 0 0 0 0 0 1 0 0 0 0 0 0
112 4 0 0 1 0 0 1 0 0 0 0 0 0
113 1 0 0 1 0 0 0 0 0 0 0 0 0
116 5 1 1 1 0 0 2 1 1 0 0 0 0
117 2 1 1 1 0 0 1 0 0 0 0 0 0
121 5 0 0 1 0 0 2 0 0 0 0 0 0
122 3 0 0 2 0 0 0 0 0 0 0 0 0
123 3 1 1 2 0 0 0 0 0 0 0 0 0
124 2 0 0 1 0 0 1 0 0 0 0 0 0
128 5 0 0 1 0 0 1 0 0 0 0 0 0
129 5 1 1 2 0 0 1 0 0 0 0 0 0
130 3 0 0 2 1 1 0 0 0 0 0 0 0
132 2 0 0 0 0 0 0 0 0 1 0 0 0
133 4 0 0 0 0 0 1 0 0 0 0 0 0
147 2 0 0 0 0 0 0 0 0 1 1 0 0
151 7 2 2 0 0 0 4 0 0 0 0 0 0
152 4 0 0 0 0 0 1 0 0 0 0 0 0
154 3 0 0 0 0 0 0 0 0 1 1 0 0
158 4 1 1 0 0 0 1 0 0 1 0 0 0
161 1 0 0 0 0 0 0 0 0 0 0 0 0
164 2 0 0 0 0 0 0 0 0 1 1 0 0
166 2 0 0 0 0 0 1 0 0 0 0 0 0
170 1 0 0 0 0 0 0 0 0 0 0 0 0
171 1 1 1 1 1 1 0 0 0 0 0 0 0
178 4 1 1 1 0 0 1 0 0 0 0 0 0
180 5 0 0 1 0 0 1 0 0 0 0 0 0
186 4 0 0 0 0 0 1 0 0 0 0 0 0
188 5 1 1 2 0 0 1 0 0 0 0 0 0
190 4 0 0 0 0 0 2 0 0 0 0 0 0
195 5 0 0 0 0 0 1 0 0 1 1 0 0
244 3 0 0 1 0 0 0 0 0 0 0 0 0
245 3 0 0 1 0 0 0 0 0 1 1 0 0
261 4 1 1 0 0 0 0 0 0 1 0 0 0
277 2 0 0 0 0 0 0 0 0 1 1 0 0
281 2 0 0 0 0 0 1 0 0 0 0 0 0
282 1 1 1 1 0 0 0 0 0 0 0 0 0
285 4 0 0 1 0 0 1 0 0 0 0 0 0
289 2 0 0 0 0 0 0 0 0 1 0 0 0
293 3 1 1 0 0 0 0 0 0 0 0 0 0
294 2 0 0 0 0 0 0 0 0 1 0 0 0
296 1 0 0 0 0 0 0 0 0 0 0 0 0
297 1 0 0 0 0 0 0 0 0 0 0 0 0
300 2 0 0 0 0 0 1 0 0 0 0 0 0
302 1 0 0 0 0 0 1 0 0 0 0 0 0
305 2 0 0 0 0 0 0 0 0 1 1 0 0
356 5 1 1 0 0 0 0 0 0 1 1 0 0
360 3 1 1 1 0 0 0 0 0 1 1 0 0
369 1 0 0 0 0 0 1 0 0 0 0 0 0
370 8 0 0 7 0 0 0 0 0 0 0 0 0
fl=./elf/../sysdeps/x86/dl-cacheinfo.h
fn=get_common_cache_info.constprop.0
571 11 1 1 0 0 0 6 0 0 0 0 0 0
586 1 0 0 1 0 0 0 0 0 0 0 0 0
587 1 0 0 1 0 0 0 0 0 0 0 0 0
588 2 0 0 1 0 0 1 0 0 0 0 0 0
589 1 1 1 1 0 0 0 0 0 0 0 0 0
590 2 0 0 1 0 0 1 0 0 0 0 0 0
596 3 0 0 0 0 0 1 0 0 0 0 0 0
598 7 1 1 3 0 0 2 0 0 0 0 0 0
601 2 0 0 0 0 0 0 0 0 1 0 0 0
613 1 0 0 0 0 0 0 0 0 0 0 0 0
618 3 1 1 1 0 0 0 0 0 1 0 0 0
622 2 0 0 0 0 0 0 0 0 1 1 0 0
627 5 1 1 1 0 0 0 0 0 1 1 0 0
630 24 2 2 0 0 0 5 0 0 1 1 0 0
637 8 0 0 0 0 0 0 0 0 4 0 0 0
640 26 0 0 0 0 0 0 0 0 7 5 0 0
645 2 1 1 0 0 0 0 0 0 1 0 0 0
649 3 0 0 0 0 0 0 0 0 0 0 0 0
650 2 0 0 0 0 0 0 0 0 0 0 0 0
654 2 0 0 0 0 0 0 0 0 1 0 0 0
658 3 0 0 0 0 0 0 0 0 0 0 0 0
661 4 0 0 0 0 0 1 0 0 0 0 0 0
662 1 0 0 0 0 0 0 0 0 0 0 0 0
667 4 0 0 0 0 0 0 0 0 2 1 0 0
673 4 0 0 0 0 0 0 0 0 2 0 0 0
681 6 0 0 0 0 0 0 0 0 0 0 0 0
683 2 0 0 0 0 0 0 0 0 1 0 0 0
685 4 0 0 0 0 0 0 0 0 2 1 0 0
687 12 1 1 0 0 0 0 0 0 1 0 0 0
689 1 0 0 0 0 0 0 0 0 0 0 0 0
690 1 0 0 0 0 0 0 0 0 0 0 0 0
691 9 0 0 1 0 0 0 0 0 2 0 0 0
693 4 1 1 0 0 0 0 0 0 2 1 0 0
696 7 1 1 4 0 0 0 0 0 1 0 0 0
701 1 0 0 0 0 0 0 0 0 0 0 0 0
703 4 1 1 0 0 0 0 0 0 0 0 0 0
704 3 0 0 0 0 0 0 0 0 0 0 0 0
705 1 0 0 0 0 0 0 0 0 0 0 0 0
708 2 0 0 0 0 0 0 0 0 1 1 0 0
711 2 1 1 0 0 0 0 0 0 1 0 0 0
718 1 0 0 0 0 0 0 0 0 0 0 0 0
720 4 0 0 0 0 0 0 0 0 0 0 0 0
721 1 0 0 0 0 0 0 0 0 0 0 0 0
726 2 0 0 0 0 0 0 0 0 0 0 0 0
731 2 0 0 0 0 0 0 0 0 1 0 0 0
732 1 0 0 0 0 0 0 0 0 0 0 0 0
733 2 0 0 0 0 0 0 0 0 1 0 0 0
734 1 0 0 0 0 0 0 0 0 0 0 0 0
759 3 0 0 0 0 0 0 0 0 0 0 0 0
770 5 0 0 1 0 0 0 0 0 2 0 0 0
771 5 0 0 0 0 0 1 0 0 0 0 0 0
775 2 1 1 1 0 0 0 0 0 1 1 0 0
782 1 0 0 0 0 0 1 0 0 0 0 0 0
783 2 0 0 1 0 0 1 0 0 0 0 0 0
784 1 0 0 0 0 0 1 0 0 0 0 0 0
785 7 0 0 7 0 0 0 0 0 0 0 0 0
fn=handle_intel.constprop.0
250 108 0 0 0 0 0 72 0 0 0 0 0 0
255 24 1 1 12 0 0 0 0 0 12 0 0 0
261 12 0 0 0 0 0 12 0 0 0 0 0 0
262 12 0 0 0 0 0 12 0 0 0 0 0 0
267 48 0 0 0 0 0 12 0 0 0 0 0 0
271 24 0 0 0 0 0 0 0 0 12 11 0 0
276 24 1 1 0 0 0 0 0 0 0 0 0 0
279 60 0 0 0 0 0 12 0 0 0 0 0 0
281 24 0 0 0 0 0 0 0 0 12 0 0 0
284 60 1 1 0 0 0 12 0 0 0 0 0 0
286 24 0 0 0 0 0 0 0 0 12 12 0 0
305 96 0 0 84 0 0 0 0 0 0 0 0 0
fn=init_cpu_features.constprop.0
792 1 0 0 0 0 0 1 0 0 0 0 0 0
793 1 0 0 0 0 0 1 0 0 0 0 0 0
795 1 0 0 0 0 0 1 0 0 0 0 0 0
809 2 0 0 0 0 0 0 0 0 1 1 0 0
811 3 1 1 0 0 0 2 0 0 0 0 0 0
812 3 1 1 0 0 0 1 0 0 0 0 0 0
813 3 0 0 0 0 0 2 0 0 0 0 0 0
814 2 0 0 0 0 0 2 0 0 0 0 0 0
817 3 0 0 0 0 0 2 0 0 0 0 0 0
819 3 1 1 0 0 0 2 0 0 0 0 0 0
820 2 0 0 1 0 0 1 0 0 0 0 0 0
822 3 0 0 0 0 0 2 0 0 0 0 0 0
824 3 0 0 0 0 0 2 0 0 0 0 0 0
825 1 0 0 0 0 0 1 0 0 0 0 0 0
827 3 0 0 0 0 0 2 0 0 0 0 0 0
829 3 1 1 0 0 0 2 0 0 0 0 0 0
830 2 0 0 1 0 0 1 0 0 0 0 0 0
832 3 0 0 0 0 0 2 0 0 0 0 0 0
834 3 0 0 0 0 0 1 0 0 0 0 0 0
836 3 1 1 0 0 0 2 0 0 0 0 0 0
838 5 0 0 1 0 0 1 0 0 0 0 0 0
894 2 1 1 1 0 0 1 1 1 0 0 0 0
895 2 0 0 1 0 0 1 0 0 0 0 0 0
896 2 0 0 1 0 0 1 0 0 0 0 0 0
897 2 1 1 1 0 0 1 0 0 0 0 0 0
898 2 0 0 1 0 0 1 0 0 0 0 0 0
899 2 0 0 1 0 0 1 0 0 0 0 0 0
900 1 0 0 0 0 0 1 1 1 0 0 0 0
901 1 0 0 0 0 0 1 0 0 0 0 0 0
902 1 0 0 0 0 0 1 0 0 0 0 0 0
903 1 1 1 0 0 0 1 0 0 0 0 0 0
904 1 0 0 0 0 0 1 0 0 0 0 0 0
905 1 0 0 0 0 0 1 0 0 0 0 0 0
907 1 0 0 1 0 0 0 0 0 0 0 0 0
910 3 0 0 0 0 0 0 0 0 0 0 0 0
924 3 0 0 1 0 0 0 0 0 0 0 0 0
925 7 1 1 5 0 0 2 0 0 0 0 0 0
930 2 0 0 0 0 0 0 0 0 0 0 0 0
931 6 0 0 2 0 0 0 0 0 0 0 0 0
932 2 0 0 0 0 0 0 0 0 0 0 0 0
939 3 0 0 1 0 0 0 0 0 1 0 0 0
959 6 1 1 0 0 0 0 0 0 0 0 0 0
968 2 0 0 0 0 0 0 0 0 0 0 0 0
969 2 0 0 0 0 0 0 0 0 1 1 0 0
974 12 2 2 0 0 0 0 0 0 0 0 0 0
987 5 0 0 2 0 0 1 0 0 0 0 0 0
995 7 1 1 1 0 0 1 0 0 0 0 0 0
997 2 0 0 0 0 0 0 0 0 1 1 0 0
1000 5 0 0 1 0 0 1 0 0 0 0 0 0
1002 2 0 0 0 0 0 0 0 0 1 1 0 0
1005 5 1 1 1 0 0 1 0 0 0 0 0 0
1006 5 0 0 0 0 0 1 0 0 1 0 0 0
1010 6 0 0 1 0 0 2 0 0 0 0 0 0
1011 3 0 0 1 0 0 0 0 0 1 1 0 0
1017 7 0 0 1 0 0 3 0 0 0 0 0 0
1020 11 2 2 2 0 0 5 0 0 0 0 0 0
1021 10 1 1 2 0 0 5 0 0 0 0 0 0
1022 13 2 2 2 0 0 6 0 0 0 0 0 0
1025 10 0 0 1 0 0 5 0 0 0 0 0 0
1027 10 1 1 1 0 0 5 0 0 0 0 0 0
1040 4 0 0 3 0 0 0 0 0 0 0 0 0
1042 2 0 0 1 0 0 1 0 0 0 0 0 0
1043 2 1 1 1 0 0 1 0 0 0 0 0 0
1044 1 0 0 0 0 0 1 0 0 0 0 0 0
1045 1 0 0 0 0 0 1 0 0 0 0 0 0
1046 1 1 1 0 0 0 1 0 0 0 0 0 0
1047 1 0 0 0 0 0 1 0 0 0 0 0 0
fn=intel_check_word.constprop.0
110 648 1 1 324 6 6 0 0 0 324 6 0 0
113 324 0 0 0 0 0 0 0 0 324 41 0 0
119 216 0 0 0 0 0 96 0 0 0 0 0 0
123 48 1 1 0 0 0 0 0 0 24 0 0 0
125 12 0 0 0 0 0 0 0 0 0 0 0 0
129 120 1 1 0 0 0 0 0 0 0 0 0 0
131 144 0 0 0 0 0 0 0 0 72 2 0 0
133 60 0 0 0 0 0 0 0 0 0 0 0 0
135 120 0 0 0 0 0 0 0 0 60 0 0 0
143 120 1 1 0 0 0 0 0 0 60 2 0 0
152 12 0 0 0 0 0 0 0 0 0 0 0 0
155 138 1 1 0 0 0 0 0 0 12 5 0 0
158 99 0 0 0 0 0 0 0 0 33 1 0 0
162 58 0 0 0 0 0 0 0 0 0 0 0 0
164 189 1 1 0 0 0 0 0 0 35 6 0 0
167 120 0 0 0 0 0 0 0 0 20 3 0 0
168 72 0 0 0 0 0 0 0 0 18 4 0 0
169 60 0 0 0 0 0 0 0 0 15 3 0 0
170 48 0 0 0 0 0 0 0 0 12 4 0 0
172 11 1 1 0 0 0 0 0 0 0 0 0 0
174 22 0 0 0 0 0 0 0 0 11 4 0 0
176 12 1 1 0 0 0 0 0 0 0 0 0 0
177 16 0 0 0 0 0 0 0 0 0 0 0 0
178 12 0 0 0 0 0 0 0 0 0 0 0 0
179 20 0 0 0 0 0 0 0 0 0 0 0 0
180 14 1 1 0 0 0 0 0 0 7 3 0 0
181 12 0 0 0 0 0 0 0 0 0 0 0 0
183 8 0 0 0 0 0 0 0 0 4 0 0 0
184 12 0 0 0 0 0 0 0 0 0 0 0 0
187 21 0 0 0 0 0 0 0 0 0 0 0 0
190 2 0 0 0 0 0 0 0 0 0 0 0 0
194 192 0 0 0 0 0 0 0 0 48 6 0 0
202 168 1 1 48 0 0 0 0 0 0 0 0 0
216 48 0 0 0 0 0 0 0 0 0 0 0 0
246 144 0 0 120 0 0 0 0 0 0 0 0 0
fl=./elf/../sysdeps/x86/dl-get-cpu-features.c
fn=__x86_cpu_features
39 3 0 0 1 1 0 0 0 0 1 0 0 0
71 3 1 1 1 0 0 0 0 0 0 0 0 0
fn=_dl_x86_init_cpu_features
37 1 1 1 0 0 0 0 0 0 0 0 0 0
39 3 0 0 1 0 0 0 0 0 1 1 0 0
41 1 0 0 0 0 0 0 0 0 0 0 0 0
fl=./elf/../sysdeps/x86/dl-isa-level.h
fn=_dl_load_cache_lookup
28 24 0 0 8 0 0 8 0 0 0 0 0 0
fl=./elf/../sysdeps/x86/dl-procinfo.h
fn=_dl_load_cache_lookup
39 8 1 1 0 0 0 0 0 0 4 0 0 0
42 28 0 0 0 0 0 8 0 0 4 3 0 0
fl=./elf/../sysdeps/x86/dl-prop.h
fn=_dl_map_object_from_fd
149 20 0 0 10 0 0 0 0 0 10 9 0 0
fn=_dl_process_pt_gnu_property
95 36 1 1 0 0 0 0 0 0 9 0 0 0
102 18 0 0 0 0 0 0 0 0 9 0 0 0
115 18 0 0 0 0 0 0 0 0 9 6 0 0
118 9 0 0 9 2 2 0 0 0 0 0 0 0
252 6 1 1 0 0 0 0 0 0 3 0 0 0
253 3 0 0 0 0 0 3 0 0 0 0 0 0
254 12 0 0 0 0 0 0 0 0 6 0 0 0
255 6 0 0 0 0 0 6 0 0 0 0 0 0
257 36 0 0 9 0 0 9 0 0 0 0 0 0
258 3 0 0 3 0 0 0 0 0 0 0 0 0
260 9 0 0 3 0 0 0 0 0 0 0 0 0
fn=dl_main
36 2 0 0 2 0 0 0 0 0 0 0 0 0
37 24 1 1 0 0 0 0 0 0 8 5 0 0
40 10 0 0 10 0 0 0 0 0 0 0 0 0
49 40 1 1 13 0 0 0 0 0 14 1 0 0
53 33 0 0 7 0 0 0 0 0 6 0 0 0
71 2 0 0 1 0 0 1 0 0 0 0 0 0
149 4 0 0 2 0 0 0 0 0 2 2 0 0
235 4 1 1 4 0 0 0 0 0 0 0 0 0
236 2 0 0 2 0 0 0 0 0 0 0 0 0
fl=./elf/../sysdeps/x86/get-isa-level.h
fn=_dl_hwcaps_subdirs_active
30 4 0 0 0 0 0 0 0 0 1 1 0 0
31 1 0 0 1 0 0 0 0 0 0 0 0 0
32 3 0 0 1 0 0 0 0 0 1 0 0 0
36 3 0 0 0 0 0 0 0 0 1 0 0 0
39 4 1 1 1 0 0 0 0 0 1 0 0 0
40 4 0 0 1 0 0 0 0 0 1 0 0 0
45 4 0 0 0 0 0 0 0 0 1 0 0 0
48 2 0 0 0 0 0 0 0 0 1 0 0 0
51 5 0 0 1 0 0 0 0 0 1 0 0 0
53 4 1 1 0 0 0 0 0 0 1 0 0 0
54 2 0 0 0 0 0 0 0 0 1 0 0 0
55 2 0 0 0 0 0 0 0 0 1 0 0 0
58 4 0 0 0 0 0 0 0 0 1 1 0 0
fn=update_active.constprop.0
28 1 0 0 0 0 0 0 0 0 0 0 0 0
30 4 0 0 0 0 0 0 0 0 0 0 0 0
31 1 0 0 1 0 0 0 0 0 0 0 0 0
32 3 0 0 0 0 0 0 0 0 1 0 0 0
36 3 0 0 0 0 0 0 0 0 1 1 0 0
38 1 0 0 0 0 0 0 0 0 0 0 0 0
39 2 1 1 0 0 0 0 0 0 1 0 0 0
40 4 1 1 1 0 0 0 0 0 1 0 0 0
45 4 0 0 0 0 0 0 0 0 0 0 0 0
47 1 0 0 0 0 0 0 0 0 0 0 0 0
48 2 0 0 0 0 0 0 0 0 1 0 0 0
51 5 1 1 1 0 0 0 0 0 1 0 0 0
53 4 0 0 0 0 0 0 0 0 1 0 0 0
54 2 0 0 0 0 0 0 0 0 0 0 0 0
55 2 0 0 0 0 0 0 0 0 1 0 0 0
57 1 0 0 0 0 0 0 0 0 0 0 0 0
58 4 0 0 0 0 0 0 0 0 1 1 0 0
fl=./elf/../sysdeps/x86_64/dl-cet.c
fn=_dl_cet_check
145 2 0 0 1 0 0 0 0 0 1 0 0 0
157 2 0 0 1 0 0 0 0 0 1 1 0 0
173 1 1 1 0 0 0 0 0 0 0 0 0 0
179 1 0 0 0 0 0 1 0 0 0 0 0 0
275 2 0 0 0 0 0 0 0 0 1 0 0 0
276 1 0 0 0 0 0 1 0 0 0 0 0 0
277 2 0 0 1 0 0 0 0 0 0 0 0 0
282 4 0 0 1 0 0 1 0 0 0 0 0 0
283 3 0 0 0 0 0 1 0 0 0 0 0 0
285 2 0 0 1 0 0 1 0 0 0 0 0 0
293 5 1 1 1 0 0 0 0 0 1 0 0 0
296 1 0 0 0 0 0 1 0 0 0 0 0 0
300 2 0 0 0 0 0 0 0 0 1 0 0 0
301 1 0 0 0 0 0 1 0 0 0 0 0 0
302 2 0 0 0 0 0 0 0 0 0 0 0 0
303 2 1 1 0 0 0 0 0 0 1 0 0 0
304 2 0 0 0 0 0 1 0 0 0 0 0 0
305 2 0 0 0 0 0 0 0 0 0 0 0 0
308 1 0 0 0 0 0 1 0 0 0 0 0 0
310 1 0 0 0 0 0 1 0 0 0 0 0 0
313 2 0 0 0 0 0 0 0 0 1 0 0 0
361 8 1 1 0 0 0 4 0 0 0 0 0 0
363 6 0 0 5 0 0 0 0 0 0 0 0 0
fn=_dl_cet_setup_features
331 1 1 1 0 0 0 0 0 0 0 0 0 0
334 2 0 0 0 0 0 0 0 0 1 0 0 0
350 1 0 0 1 0 0 0 0 0 0 0 0 0
fl=./elf/../sysdeps/x86_64/dl-hwcaps-subdirs.c
fn=_dl_hwcaps_subdirs_active
29 1 1 1 0 0 0 0 0 0 0 0 0 0
38 3 0 0 0 0 0 0 0 0 0 0 0 0
43 1 0 0 0 0 0 0 0 0 0 0 0 0
48 1 0 0 0 0 0 0 0 0 0 0 0 0
52 1 0 0 1 0 0 0 0 0 0 0 0 0
fl=./elf/../sysdeps/x86_64/dl-machine.h
fn=_dl_fixup
234 89 0 0 0 0 0 89 0 0 0 0 0 0
fn=_dl_relocate_object
81 30 0 0 4 0 0 0 0 0 4 2 0 0
87 8 1 1 6 2 0 0 0 0 2 2 0 0
91 6 0 0 2 2 2 0 0 0 2 0 0 0
97 2 0 0 0 0 0 2 0 0 0 0 0 0
108 6 0 0 2 0 0 0 0 0 2 0 0 0
129 4 0 0 2 0 0 0 0 0 2 0 0 0
132 4 0 0 0 0 0 2 0 0 0 0 0 0
134 8 0 0 2 1 0 0 0 0 0 0 0 0
267 7142 2 2 0 0 0 0 0 0 0 0 0 0
274 7142 0 0 0 0 0 0 0 0 3571 3 0 0
278 7142 0 0 0 0 0 0 0 0 3571 4 0 0
287 28947 3 3 10869 6 1 0 0 0 7177 30 0 0
290 7161 1 1 3538 0 0 0 0 0 0 0 0 0
291 136 0 0 0 0 0 0 0 0 68 14 0 0
292 14220 0 0 0 0 0 0 0 0 3555 6 0 0
295 10 1 1 0 0 0 0 0 0 5 0 0 0
296 15 0 0 5 0 0 0 0 0 5 2 0 0
307 10 1 1 0 0 0 10 0 0 0 0 0 0
314 25 1 1 10 0 0 5 0 0 0 0 5 5
317 21426 1 1 3571 4 3 0 0 0 3571 0 3571 596
320 117 0 0 0 0 0 117 0 0 0 0 0 0
323 117 0 0 0 0 0 0 0 0 0 0 0 0
346 8 1 1 0 0 0 0 0 0 4 0 0 0
347 12 0 0 8 3 0 4 3 2 0 0 0 0
352 6 0 0 2 0 0 0 0 0 2 2 0 0
354 4 0 0 4 0 0 0 0 0 0 0 0 0
363 4 0 0 2 0 0 2 1 0 0 0 0 0
393 35 1 1 0 0 0 21 0 0 0 0 0 0
400 51 1 1 17 0 0 0 0 0 17 0 0 0
402 68 0 0 17 0 0 0 0 0 17 0 0 0
406 51 1 1 34 3 3 0 0 0 0 0 0 0
415 34 0 0 17 0 0 17 5 5 0 0 0 0
423 9869 1 1 6339 358 358 3530 1102 451 0 0 0 0
436 7 0 0 0 0 0 4 0 0 1 0 0 0
460 54 1 1 18 0 0 0 0 0 18 0 0 0
464 72 0 0 18 0 0 36 0 0 0 0 0 0
465 72 1 1 36 2 0 0 0 0 0 0 0 0
466 90 0 0 54 0 0 0 0 0 18 0 0 0
467 36 1 1 0 0 0 0 0 0 18 6 0 0
476 136 1 1 136 0 0 0 0 0 0 0 0 0
478 68 0 0 0 0 0 68 0 0 0 0 68 68
479 68 0 0 0 0 0 68 3 1 0 0 0 0
498 3318 0 0 1106 137 137 0 0 0 0 0 0 0
499 1106 0 0 0 0 0 1106 299 294 0 0 0 0
503 2212 0 0 0 0 0 0 0 0 1106 0 0 0
504 2212 0 0 1106 138 138 0 0 0 0 0 0 0
514 2224 0 0 1112 0 0 0 0 0 0 0 0 0
518 2224 0 0 0 0 0 0 0 0 1112 0 0 0
521 3336 0 0 1112 0 0 0 0 0 1112 0 0 0
522 1112 0 0 1112 139 139 0 0 0 0 0 0 0
730 14 0 0 0 0 0 0 0 0 7 3 0 0
734 8 1 1 4 2 0 0 0 0 4 0 0 0
fn=_dl_start
55 1 0 0 0 0 0 0 0 0 0 0 0 0
278 9 0 0 0 0 0 0 0 0 3 0 0 0
287 27 0 0 9 3 3 1 1 1 3 0 0 0
290 6 0 0 3 0 0 0 0 0 0 0 0 0
291 12 0 0 0 0 0 0 0 0 3 0 0 0
317 8 0 0 0 0 0 0 0 0 4 3 0 0
323 2 0 0 0 0 0 2 1 1 0 0 0 0
fn=_dl_sysdep_start
220 1 0 0 0 0 0 1 0 0 0 0 0 0
fl=./elf/../sysdeps/x86_64/dl-runtime.h
fn=_dl_fixup
28 89 0 0 0 0 0 0 0 0 0 0 0 0
fl=./elf/../sysdeps/x86_64/dl-trampoline.h
fn=_dl_runtime_resolve_xsave
71 89 1 1 0 0 0 0 0 0 0 0 0 0
76 89 0 0 0 0 0 89 0 0 0 0 0 0
79 89 0 0 0 0 0 0 0 0 0 0 0 0
81 89 0 0 0 0 0 0 0 0 0 0 0 0
91 89 0 0 89 5 0 0 0 0 0 0 0 0
97 89 0 0 0 0 0 89 6 2 0 0 0 0
98 89 0 0 0 0 0 89 0 0 0 0 0 0
99 89 1 1 0 0 0 89 0 0 0 0 0 0
100 89 0 0 0 0 0 89 0 0 0 0 0 0
101 89 0 0 0 0 0 89 0 0 0 0 0 0
102 89 0 0 0 0 0 89 0 0 0 0 0 0
103 89 0 0 0 0 0 89 0 0 0 0 0 0
107 89 0 0 0 0 0 0 0 0 0 0 0 0
108 89 0 0 0 0 0 0 0 0 0 0 0 0
111 89 0 0 0 0 0 89 5 1 0 0 0 0
112 89 0 0 0 0 0 89 0 0 0 0 0 0
114 89 0 0 0 0 0 89 0 0 0 0 0 0
115 89 0 0 0 0 0 89 0 0 0 0 0 0
116 89 1 1 0 0 0 89 0 0 0 0 0 0
117 89 0 0 0 0 0 89 0 0 0 0 0 0
118 89 0 0 0 0 0 89 0 0 0 0 0 0
119 89 0 0 0 0 0 89 0 0 0 0 0 0
121 89 0 0 89 0 0 2937 48 11 0 0 0 0
128 89 0 0 89 0 0 0 0 0 0 0 0 0
129 89 0 0 89 0 0 0 0 0 0 0 0 0
130 89 0 0 0 0 0 89 4 2 0 0 0 0
131 89 0 0 0 0 0 0 0 0 0 0 0 0
136 89 0 0 0 0 0 0 0 0 0 0 0 0
137 89 0 0 0 0 0 0 0 0 0 0 0 0
138 89 0 0 3204 0 0 0 0 0 0 0 0 0
140 89 1 1 89 0 0 0 0 0 0 0 0 0
141 89 0 0 89 0 0 0 0 0 0 0 0 0
142 89 0 0 89 0 0 0 0 0 0 0 0 0
143 89 0 0 89 0 0 0 0 0 0 0 0 0
144 89 0 0 89 0 0 0 0 0 0 0 0 0
145 89 0 0 89 0 0 0 0 0 0 0 0 0
146 89 0 0 89 0 0 0 0 0 0 0 0 0
148 89 0 0 0 0 0 0 0 0 0 0 0 0
150 89 0 0 89 0 0 0 0 0 0 0 0 0
154 89 0 0 0 0 0 0 0 0 0 0 0 0
156 89 0 0 0 0 0 0 0 0 0 0 89 89
fl=./elf/./dl-find_object.h
fn=_dl_find_object_from_map
95 14 1 1 7 3 0 7 2 0 0 0 0 0
96 14 1 1 7 0 0 7 0 0 0 0 0 0
97 7 0 0 0 0 0 7 3 3 0 0 0 0
103 35 0 0 14 6 0 0 0 0 0 0 0 0
104 206 0 0 0 0 0 0 0 0 71 4 0 0
105 142 1 1 71 60 8 0 0 0 71 21 0 0
107 21 0 0 14 2 0 7 0 0 0 0 0 0
112 7 0 0 7 0 0 0 0 0 0 0 0 0
fl=./elf/./dl-hwcaps.h
fn=_dl_important_hwcaps
43 9 1 1 0 0 0 6 0 0 0 0 0 0
45 7 0 0 0 0 0 6 0 0 0 0 0 0
46 1 0 0 0 0 0 0 0 0 0 0 0 0
77 8 0 0 3 0 0 5 0 0 0 0 0 0
78 8 1 1 3 0 0 5 0 0 0 0 0 0
79 7 2 2 0 0 0 2 0 0 0 0 0 0
fl=./elf/./dl-load.h
fn=_dl_map_object_from_fd
91 40 0 0 20 0 0 0 0 0 20 3 0 0
92 16 1 1 8 0 0 0 0 0 4 0 0 0
93 20 1 1 4 0 0 0 0 0 4 0 0 0
94 16 0 0 4 0 0 0 0 0 0 0 0 0
96 16 0 0 0 0 0 4 0 0 0 0 0 0
fl=./elf/./dl-main.h
fn=dl_main
109 5 1 1 4 0 0 1 0 0 0 0 0 0
fl=./elf/./dl-map-segments.h
fn=_dl_map_object_from_fd
28 15 0 0 5 0 0 0 0 0 5 0 0 0
29 45 1 1 15 0 0 10 3 3 0 0 0 0
81 5 0 0 5 0 0 0 0 0 0 0 0 0
101 5 0 0 0 0 0 5 0 0 0 0 0 0
102 15 0 0 5 0 0 0 0 0 5 0 0 0
105 15 0 0 5 0 0 5 0 0 0 0 0 0
106 10 0 0 0 0 0 5 0 0 0 0 0 0
108 10 1 1 5 0 0 0 0 0 5 2 0 0
125 5 1 1 5 0 0 0 0 0 0 0 0 0
135 120 1 1 20 0 0 0 0 0 20 4 0 0
137 60 0 0 30 0 0 0 0 0 15 0 0 0
139 150 0 0 60 0 0 15 0 0 15 2 0 0
149 80 0 0 40 0 0 0 0 0 20 11 0 0
155 10 1 1 5 0 0 0 0 0 0 0 0 0
156 5 0 0 0 0 0 0 0 0 0 0 0 0
157 15 0 0 5 0 0 0 0 0 0 0 0 0
158 10 0 0 0 0 0 0 0 0 0 0 0 0
160 10 0 0 0 0 0 0 0 0 0 0 0 0
165 10 0 0 0 0 0 0 0 0 5 0 0 0
168 15 0 0 5 0 0 0 0 0 5 0 0 0
176 35 0 0 5 0 0 10 0 0 0 0 0 0
182 10 0 0 0 0 0 0 0 0 5 2 0 0
186 16 2 2 2 0 0 2 0 0 0 0 0 0
189 4 0 0 0 0 0 0 0 0 2 2 0 0
194 20 1 1 0 0 0 0 0 0 0 0 0 0
fl=./elf/./dl-sym-post.h
fn=lookup_malloc_symbol
41 8 0 0 0 0 0 0 0 0 4 0 0 0
53 12 0 0 4 0 0 0 0 0 4 0 0 0
fl=./elf/./dl-tunable-types.h
fn=__GI___tunable_set_val
84 5 0 0 0 0 0 0 0 0 0 0 0 0
fl=./elf/./elf/dl-audit.c
fn=_dl_audit_activity_map
29 7 1 1 0 0 0 5 0 0 0 0 0 0
30 1 0 0 1 0 0 0 0 0 0 0 0 0
31 3 0 0 1 0 0 0 0 0 1 1 0 0
37 6 1 1 6 0 0 0 0 0 0 0 0 0
fn=_dl_audit_activity_nsid
41 1 1 1 0 0 0 0 0 0 0 0 0 0
45 4 0 0 1 0 0 0 0 0 0 0 0 0
46 1 0 0 1 0 0 0 0 0 0 0 0 0
47 5 1 1 1 0 0 0 0 0 2 0 0 0
fn=_dl_audit_objopen
77 5 1 1 0 0 0 0 0 0 0 0 0 0
78 20 0 0 10 0 0 0 0 0 5 0 0 0
fn=_dl_audit_preinit
118 1 1 1 0 0 0 0 0 0 0 0 0 0
119 4 0 0 2 1 0 0 0 0 1 0 0 0
fl=./elf/./elf/dl-cache.c
fn=_dl_cache_libcmp
357 80 1 1 0 0 0 0 0 0 0 0 0 0
358 522 1 1 40 0 0 0 0 0 241 11 0 0
360 699 0 0 0 0 0 0 0 0 233 8 0 0
362 249 1 1 0 0 0 0 0 0 8 0 0 0
368 32 0 0 0 0 0 0 0 0 0 0 0 0
369 24 0 0 0 0 0 0 0 0 0 0 0 0
370 225 0 0 201 0 0 0 0 0 8 2 0 0
372 225 0 0 201 3 3 0 0 0 8 2 0 0
374 16 0 0 0 0 0 0 0 0 8 2 0 0
380 450 0 0 0 0 0 0 0 0 225 0 0 0
382 450 0 0 0 0 0 0 0 0 225 32 0 0
383 96 1 1 32 0 0 0 0 0 0 0 0 0
386 193 0 0 0 0 0 0 0 0 0 0 0 0
387 193 0 0 0 0 0 0 0 0 0 0 0 0
390 64 0 0 48 29 29 0 0 0 0 0 0 0
fn=_dl_load_cache_lookup
191 64 0 0 0 0 0 0 0 0 0 0 0 0
205 4 0 0 4 0 0 0 0 0 0 0 0 0
208 32 2 2 4 0 0 12 0 0 0 0 0 0
210 40 0 0 12 0 0 12 0 0 0 0 0 0
211 8 1 1 0 0 0 0 0 0 0 0 0 0
213 20 0 0 0 0 0 4 0 0 0 0 0 0
220 76 0 0 4 0 0 0 0 0 32 3 0 0
222 200 1 1 8 0 0 12 0 0 0 0 0 0
223 64 0 0 32 27 27 0 0 0 0 0 0 0
227 96 1 1 32 0 0 0 0 0 32 0 0 0
231 96 0 0 32 0 0 32 0 0 0 0 0 0
232 64 0 0 0 0 0 0 0 0 32 2 0 0
240 22 0 0 0 0 0 0 0 0 11 4 0 0
242 14 0 0 7 1 1 0 0 0 0 0 0 0
245 14 0 0 0 0 0 0 0 0 7 0 0 0
247 42 0 0 0 0 0 7 0 0 0 0 0 0
249 7 0 0 0 0 0 0 0 0 0 0 0 0
259 16 0 0 8 0 0 0 0 0 8 6 0 0
263 4 0 0 2 0 0 0 0 0 1 0 0 0
264 6 0 0 2 0 0 1 0 0 1 0 0 0
269 24 1 1 16 0 0 0 0 0 8 2 0 0
270 16 0 0 4 0 0 0 0 0 4 0 0 0
286 28 1 1 0 0 0 0 0 0 4 0 0 0
295 8 0 0 4 0 0 0 0 0 4 0 0 0
298 8 0 0 4 0 0 0 0 0 4 0 0 0
301 4 0 0 0 0 0 0 0 0 0 0 0 0
302 12 1 1 4 0 0 0 0 0 4 3 0 0
330 8 0 0 0 0 0 4 0 0 0 0 0 0
342 16 0 0 4 0 0 0 0 0 4 0 0 0
346 28 0 0 0 0 0 0 0 0 28 13 0 0
347 11 1 1 0 0 0 0 0 0 0 0 0 0
349 17 0 0 0 0 0 0 0 0 0 0 0 0
403 40 1 1 0 0 0 28 1 1 0 0 0 0
405 8 0 0 4 0 0 0 0 0 4 0 0 0
408 12 1 1 4 0 0 0 0 0 4 2 0 0
411 5 1 1 0 0 0 1 0 0 0 0 0 0
419 5 1 1 1 0 0 0 0 0 2 0 0 0
420 8 1 1 3 1 1 0 0 0 2 1 0 0
423 6 1 1 0 0 0 0 0 0 1 0 0 0
424 1 0 0 1 0 0 0 0 0 0 0 0 0
431 1 1 1 0 0 0 1 0 0 0 0 0 0
432 2 0 0 0 0 0 1 0 0 0 0 0 0
477 9 0 0 3 0 0 0 0 0 3 0 0 0
482 12 0 0 4 0 0 0 0 0 4 0 0 0
485 12 0 0 4 0 0 4 0 0 0 0 0 0
500 8 0 0 4 0 0 0 0 0 4 0 0 0
512 12 0 0 4 0 0 4 0 0 0 0 0 0
513 60 1 1 4 0 0 0 0 0 8 2 0 0
514 16 1 1 4 0 0 4 0 0 0 0 0 0
515 4 0 0 0 0 0 4 0 0 0 0 0 0
516 32 0 0 28 0 0 0 0 0 0 0 0 0
fn=_dl_unload_cache
525 3 1 1 0 0 0 1 0 0 0 0 0 0
526 4 0 0 1 1 0 0 0 0 1 1 0 0
528 2 0 0 1 0 0 1 0 0 0 0 0 0
529 1 0 0 0 0 0 1 0 0 0 0 0 0
533 1 0 0 0 0 0 1 0 0 0 0 0 0
535 2 1 1 2 0 0 0 0 0 0 0 0 0
fl=./elf/./elf/dl-call-libc-early-init.c
fn=_dl_call_libc_early_init
27 7 1 1 0 0 0 3 0 0 0 0 0 0
29 2 0 0 0 0 0 0 0 0 1 0 0 0
33 5 0 0 0 0 0 1 0 0 0 0 0 0
37 2 0 0 0 0 0 0 0 0 1 0 0 0
39 4 1 1 3 0 0 0 0 0 1 0 0 0
40 2 0 0 0 0 0 0 0 0 0 0 1 1
41 3 0 0 3 0 0 0 0 0 0 0 0 0
fl=./elf/./elf/dl-catch.c
fn=_dl_catch_error
254 12 1 1 0 0 0 4 0 0 0 0 0 0
256 2 0 0 0 0 0 1 0 0 0 0 0 0
257 2 0 0 1 0 0 1 0 0 0 0 0 0
258 2 0 0 1 0 0 1 0 0 0 0 0 0
259 2 0 0 1 0 0 1 0 0 0 0 0 0
261 6 1 1 5 0 0 0 0 0 0 0 0 0
fn=_dl_catch_exception
58 42 0 0 14 1 1 0 0 0 14 6 0 0
59 28 1 1 14 0 0 14 0 0 0 0 0 0
69 28 0 0 14 0 0 0 0 0 14 0 0 0
70 70 0 0 14 0 0 28 0 0 0 0 0 0
204 112 1 1 0 0 0 70 2 2 0 0 0 0
207 28 0 0 0 0 0 0 0 0 14 0 0 0
214 14 0 0 0 0 0 0 0 0 0 0 0 0
228 14 1 1 0 0 0 14 0 0 0 0 0 0
229 28 0 0 0 0 0 14 0 0 0 0 0 0
235 84 1 1 0 0 0 14 1 1 14 0 0 0
237 42 0 0 28 0 0 14 0 0 0 0 14 2
239 56 0 0 14 0 0 28 0 0 0 0 0 0
248 42 0 0 42 0 0 0 0 0 0 0 0 0
fn=_dl_receive_error
58 2 1 1 1 0 0 0 0 0 1 0 0 0
59 1 0 0 1 0 0 0 0 0 0 0 0 0
69 2 0 0 1 0 0 0 0 0 1 0 0 0
70 2 0 0 0 0 0 2 0 0 0 0 0 0
186 7 1 1 0 0 0 3 0 0 0 0 0 0
188 1 0 0 1 0 0 0 0 0 0 0 0 0
192 1 0 0 0 0 0 1 0 0 0 0 0 0
194 1 0 0 0 0 0 1 0 0 0 0 1 1
197 1 0 0 0 0 0 1 0 0 0 0 0 0
198 4 0 0 4 0 0 0 0 0 0 0 0 0
fl=./elf/./elf/dl-debug.c
fn=_dl_debug_initialize
56 3 1 1 0 0 0 0 0 0 0 0 0 0
57 1 1 1 0 0 0 0 0 0 0 0 0 0
59 2 0 0 0 0 0 0 0 0 1 0 0 0
61 2 0 0 0 0 0 0 0 0 0 0 0 0
63 3 0 0 1 1 1 0 0 0 1 0 0 0
64 1 0 0 0 0 0 1 0 0 0 0 0 0
85 3 0 0 1 0 0 0 0 0 1 1 0 0
90 3 1 1 1 1 1 1 0 0 0 0 0 0
91 2 0 0 0 0 0 1 0 0 0 0 0 0
92 1 0 0 0 0 0 1 0 0 0 0 0 0
95 3 0 0 2 0 0 0 0 0 1 1 0 0
96 6 1 1 1 0 0 1 0 0 0 0 0 0
99 2 0 0 0 0 0 0 0 0 1 1 0 0
107 2 0 0 1 0 0 0 0 0 0 0 0 0
fn=_dl_debug_state
116 2 1 1 0 0 0 0 0 0 0 0 0 0
117 2 0 0 2 0 0 0 0 0 0 0 0 0
fn=_dl_debug_update
38 6 0 0 0 0 0 0 0 0 0 0 0 0
40 12 0 0 0 0 0 0 0 0 6 6 0 0
41 6 0 0 0 0 0 0 0 0 0 0 0 0
44 12 1 1 6 1 0 0 0 0 6 0 0 0
48 6 0 0 6 0 0 0 0 0 0 0 0 0
fl=./elf/./elf/dl-deps.c
fn=_dl_map_object_deps
128 3 0 0 0 0 0 2 1 1 0 0 0 0
129 5 1 1 0 0 0 2 0 0 0 0 0 0
130 6 0 0 0 0 0 1 0 0 0 0 0 0
132 3 0 0 0 0 0 1 0 0 0 0 0 0
136 8 1 1 2 0 0 2 0 0 0 0 0 0
143 13 1 1 0 0 0 8 2 2 0 0 0 0
144 20 2 2 1 1 1 0 0 0 2 2 0 0
160 9 1 1 0 0 0 0 0 0 2 0 0 0
161 1 0 0 1 0 0 0 0 0 0 0 0 0
164 1 1 1 0 0 0 1 0 0 0 0 0 0
182 1 0 0 1 0 0 0 0 0 0 0 0 0
183 6 0 0 4 0 0 0 0 0 0 0 0 0
184 1 0 0 0 0 0 1 0 0 0 0 0 0
188 15 0 0 7 0 0 1 0 0 0 0 0 0
190 27 1 1 0 0 0 15 0 0 0 0 0 0
193 7 0 0 0 0 0 7 0 0 0 0 0 0
197 21 1 1 7 1 0 0 0 0 7 6 0 0
198 46 1 1 20 0 0 0 0 0 20 2 0 0
201 20 0 0 5 0 0 0 0 0 5 0 0 0
205 10 0 0 5 0 0 0 0 0 0 0 0 0
208 22 0 0 11 1 1 0 0 0 11 4 0 0
210 20 1 1 15 0 0 0 0 0 5 3 0 0
215 5 1 1 0 0 0 5 1 1 0 0 0 0
216 5 0 0 0 0 0 5 0 0 0 0 0 0
217 10 0 0 5 0 0 5 0 0 0 0 0 0
218 10 0 0 5 0 0 5 0 0 0 0 0 0
219 5 0 0 0 0 0 5 0 0 0 0 0 0
221 635 0 0 170 0 0 0 0 0 155 18 0 0
222 300 0 0 0 0 0 0 0 0 150 10 0 0
228 122 1 1 26 0 0 17 0 0 13 10 0 0
230 13 0 0 0 0 0 13 0 0 0 0 0 0
232 52 1 1 0 0 0 13 0 0 0 0 0 0
233 26 0 0 13 0 0 0 0 0 13 0 0 0
242 13 0 0 13 0 0 0 0 0 0 0 0 0
244 26 1 1 13 0 0 0 0 0 13 5 0 0
249 35 1 1 5 0 0 0 0 0 5 5 0 0
252 5 0 0 0 0 0 5 0 0 0 0 0 0
253 5 0 0 0 0 0 5 0 0 0 0 0 0
254 5 0 0 0 0 0 5 0 0 0 0 0 0
255 10 0 0 5 0 0 5 0 0 0 0 0 0
256 5 0 0 0 0 0 5 0 0 0 0 0 0
257 5 0 0 5 0 0 0 0 0 0 0 0 0
259 20 0 0 5 0 0 5 0 0 0 0 0 0
263 39 0 0 13 0 0 0 0 0 13 2 0 0
264 27 0 0 0 0 0 9 0 0 0 0 0 0
266 411 1 1 0 0 0 0 0 0 137 7 0 0
417 14 1 1 0 0 0 0 0 0 7 2 0 0
419 25 0 0 0 0 0 15 0 0 0 0 0 0
422 10 0 0 0 0 0 0 0 0 0 0 0 0
423 20 1 1 10 0 0 0 0 0 5 0 0 0
429 5 0 0 0 0 0 5 0 0 0 0 0 0
430 25 0 0 0 0 0 10 0 0 0 0 0 0
431 25 0 0 0 0 0 5 0 0 0 0 0 0
434 5 0 0 0 0 0 5 0 0 0 0 0 0
435 10 0 0 10 0 0 0 0 0 0 0 0 0
439 21 1 1 7 0 0 0 0 0 7 4 0 0
441 7 0 0 7 0 0 0 0 0 0 0 0 0
442 32 0 0 6 0 0 0 0 0 13 10 0 0
448 5 1 1 1 0 0 0 0 0 1 0 0 0
449 1 0 0 0 0 0 1 0 0 0 0 0 0
452 4 0 0 1 0 0 1 0 0 1 1 0 0
463 5 1 1 1 0 0 2 0 0 0 0 0 0
465 4 0 0 2 0 0 0 0 0 1 0 0 0
470 5 1 1 2 0 0 1 0 0 0 0 0 0
471 1 0 0 0 0 0 1 0 0 0 0 0 0
472 2 0 0 0 0 0 0 0 0 0 0 0 0
474 25 0 0 7 0 0 0 0 0 8 2 0 0
478 7 1 1 7 0 0 0 0 0 0 0 0 0
483 14 0 0 0 0 0 0 0 0 7 6 0 0
485 21 0 0 0 0 0 7 1 1 0 0 0 0
490 7 0 0 7 0 0 0 0 0 0 0 0 0
494 2 1 1 0 0 0 0 0 0 0 0 0 0
495 3 0 0 1 0 0 0 0 0 1 1 0 0
532 2 1 1 0 0 0 0 0 0 1 0 0 0
533 2 0 0 0 0 0 0 0 0 1 1 0 0
547 9 1 1 2 0 0 3 0 0 0 0 0 0
552 9 1 1 1 0 0 2 0 0 0 0 0 0
553 5 1 1 2 0 0 1 0 0 0 0 0 0
557 1 0 0 0 0 0 1 0 0 0 0 0 0
559 2 0 0 1 0 0 1 0 0 0 0 0 0
560 1 0 0 1 0 0 0 0 0 0 0 0 0
561 3 0 0 1 0 0 0 0 0 1 1 0 0
568 3 1 1 1 0 0 0 0 0 1 1 0 0
571 2 0 0 0 0 0 0 0 0 1 0 0 0
574 8 0 0 7 0 0 0 0 0 0 0 0 0
fn=openaux
61 78 0 0 0 0 0 26 0 0 0 0 0 0
64 143 0 0 52 0 0 26 0 0 0 0 0 0
65 13 0 0 13 0 0 0 0 0 0 0 0 0
68 13 1 1 13 0 0 0 0 0 0 0 0 0
69 39 0 0 39 0 0 0 0 0 0 0 0 0
fl=./elf/./elf/dl-environ.c
fn=_dl_next_ld_env_entry
28 3 1 1 0 0 0 0 0 0 0 0 0 0
29 3 0 0 3 0 0 0 0 0 0 0 0 0
32 145 0 0 49 0 0 0 0 0 48 2 0 0
34 94 0 0 47 0 0 0 0 0 47 20 0 0
35 20 0 0 10 0 0 0 0 0 10 5 0 0
37 2 0 0 0 0 0 0 0 0 0 0 0 0
40 4 0 0 0 0 0 2 0 0 0 0 0 0
42 2 0 0 2 0 0 0 0 0 0 0 0 0
45 45 0 0 0 0 0 0 0 0 0 0 0 0
fl=./elf/./elf/dl-find_object.c
fn=_dl_find_object_init
561 5 1 1 0 0 0 3 0 0 0 0 0 0
564 1 0 0 1 1 0 0 0 0 0 0 0 0
566 2 0 0 1 0 0 0 0 0 1 1 0 0
567 3 1 1 0 0 0 1 0 0 0 0 0 0
579 2 1 1 0 0 0 1 0 0 0 0 0 0
580 3 0 0 1 0 0 1 0 0 0 0 0 0
582 2 0 0 0 0 0 0 0 0 1 0 0 0
585 2 0 0 0 0 0 0 0 0 1 0 0 0
590 1 1 1 0 0 0 1 0 0 0 0 0 0
591 1 0 0 0 0 0 1 0 0 0 0 0 0
594 3 0 0 1 0 0 0 0 0 1 1 0 0
596 2 1 1 0 0 0 1 0 0 0 0 0 0
599 6 1 1 3 0 0 1 0 0 0 0 0 0
601 1 0 0 0 0 0 0 0 0 0 0 0 0
604 4 0 0 4 0 0 0 0 0 0 0 0 0
fn=_dlfo_process_initial
474 8 0 0 0 0 0 4 0 0 0 0 0 0
475 2 0 0 2 0 0 0 0 0 0 0 0 0
477 2 0 0 0 0 0 0 0 0 0 0 0 0
478 4 1 1 2 0 0 0 0 0 2 0 0 0
504 24 1 1 4 1 0 0 0 0 4 1 0 0
505 34 0 0 2 0 0 0 0 0 16 4 0 0
506 14 0 0 14 0 0 0 0 0 0 0 0 0
508 52 1 1 12 1 0 0 0 0 26 3 0 0
511 48 0 0 12 1 0 0 0 0 12 4 0 0
513 36 1 1 12 1 1 0 0 0 12 3 0 0
515 12 0 0 0 0 0 6 0 0 0 0 0 0
516 12 0 0 0 0 0 0 0 0 0 0 0 0
517 24 0 0 0 0 0 0 0 0 0 0 0 0
529 2 0 0 0 0 0 2 0 0 0 0 0 0
531 8 0 0 6 0 0 0 0 0 0 0 0 0
fn=_dlfo_sort_mappings
536 1 1 1 0 0 0 0 0 0 0 0 0 0
537 2 0 0 0 0 0 0 0 0 1 0 0 0
540 24 1 1 5 0 0 0 0 0 5 2 0 0
544 10 0 0 5 0 0 0 0 0 0 0 0 0
545 70 1 1 0 0 0 0 0 0 20 9 0 0
546 75 0 0 15 0 0 0 0 0 15 10 0 0
548 5 0 0 0 0 0 0 0 0 0 0 0 0
549 5 0 0 0 0 0 0 0 0 0 0 0 0
553 20 0 0 10 0 0 0 0 0 0 0 0 0
554 25 0 0 10 0 0 10 0 0 0 0 0 0
555 10 0 0 0 0 0 10 0 0 0 0 0 0
557 1 0 0 1 0 0 0 0 0 0 0 0 0
fl=./elf/./elf/dl-hwcaps.c
fn=_dl_important_hwcaps
52 16 1 1 0 0 0 4 0 0 4 2 0 0
54 2 0 0 0 0 0 0 0 0 0 0 0 0
55 4 0 0 2 0 0 0 0 0 0 0 0 0
56 2 0 0 0 0 0 0 0 0 0 0 0 0
57 2 0 0 0 0 0 0 0 0 0 0 0 0
77 16 2 2 0 0 0 4 0 0 4 2 0 0
80 16 0 0 4 0 0 6 1 1 0 0 0 0
84 2 0 0 0 0 0 2 0 0 0 0 0 0
86 6 0 0 2 0 0 2 0 0 0 0 0 0
87 2 0 0 0 0 0 0 0 0 0 0 0 0
88 2 0 0 0 0 0 0 0 0 0 0 0 0
100 5 0 0 0 0 0 3 1 1 0 0 0 0
102 3 1 1 1 0 0 0 0 0 1 0 0 0
105 1 0 0 0 0 0 1 0 0 0 0 0 0
108 1 0 0 0 0 0 0 0 0 0 0 0 0
112 5 1 1 0 0 0 2 0 0 1 0 0 0
125 12 0 0 0 0 0 3 0 0 3 2 0 0
127 10 0 0 4 0 0 2 1 1 0 0 0 0
128 4 0 0 2 0 0 2 0 0 0 0 0 0
129 4 0 0 0 0 0 2 0 0 0 0 0 0
130 2 0 0 0 0 0 0 0 0 0 0 0 0
133 3 1 1 1 0 0 0 0 0 1 0 0 0
142 13 0 0 7 0 0 1 0 0 2 0 0 0
143 11 0 0 0 0 0 1 0 0 1 1 0 0
145 8 1 1 1 0 0 5 0 0 0 0 0 0
151 5 1 1 2 0 0 0 0 0 0 0 0 0
155 4 1 1 2 0 0 1 0 0 0 0 0 0
156 3 0 0 1 0 0 0 0 0 1 1 0 0
157 3 0 0 0 0 0 0 0 0 1 0 0 0
161 1 0 0 1 0 0 0 0 0 0 0 0 0
162 2 0 0 1 0 0 1 0 0 0 0 0 0
163 2 0 0 0 0 0 2 0 0 0 0 0 0
172 14 2 2 0 0 0 9 2 2 0 0 0 0
174 2 0 0 0 0 0 2 1 1 0 0 0 0
175 3 0 0 0 0 0 0 0 0 0 0 0 0
185 2 1 1 0 0 0 1 0 0 0 0 0 0
186 3 0 0 0 0 0 0 0 0 0 0 0 0
189 3 0 0 1 0 0 1 1 1 0 0 0 0
193 2 0 0 1 0 0 0 0 0 0 0 0 0
194 2 0 0 0 0 0 0 0 0 1 0 0 0
201 1 0 0 0 0 0 0 0 0 0 0 0 0
202 5 0 0 2 0 0 1 0 0 0 0 0 0
208 2 0 0 1 0 0 1 0 0 0 0 0 0
209 1 0 0 0 0 0 1 0 0 0 0 0 0
213 3 1 1 2 0 0 1 0 0 0 0 0 0
216 9 0 0 7 0 0 0 0 0 0 0 0 0
fl=./elf/./elf/dl-hwcaps_split.c
fn=_dl_hwcaps_split
25 5 1 1 0 0 0 3 0 0 0 0 0 0
26 3 0 0 1 0 0 0 0 0 1 1 0 0
27 1 0 0 0 0 0 0 0 0 0 0 0 0
47 4 1 1 4 0 0 0 0 0 0 0 0 0
fn=_dl_hwcaps_split_masked
26 44 1 1 11 0 0 0 0 0 11 9 0 0
30 24 1 1 12 0 0 12 0 0 0 0 0 0
34 78 1 1 18 1 1 0 0 0 18 6 0 0
35 12 0 0 0 0 0 6 0 0 0 0 0 0
36 24 0 0 0 0 0 0 0 0 12 3 0 0
41 36 0 0 0 0 0 9 0 0 0 0 0 0
42 18 0 0 0 0 0 0 0 0 9 2 0 0
43 12 1 1 0 0 0 3 0 0 0 0 0 0
45 6 0 0 0 0 0 0 0 0 0 0 0 0
51 110 1 1 0 0 0 66 1 1 0 0 0 0
55 5 0 0 0 0 0 0 0 0 0 0 0 0
56 18 0 0 9 0 0 9 0 0 0 0 0 0
57 27 0 0 0 0 0 9 0 0 0 0 0 0
58 24 0 0 6 0 0 0 0 0 9 3 0 0
60 6 0 0 0 0 0 0 0 0 0 0 0 0
62 88 1 1 77 0 0 0 0 0 0 0 0 0
67 12 0 0 0 0 0 0 0 0 6 4 0 0
fl=./elf/./elf/dl-init.c
fn=_dl_init
29 16 1 1 8 0 0 0 0 0 8 1 0 0
35 40 1 1 8 0 0 0 0 0 8 0 0 0
37 41 1 1 1 0 0 2 0 0 8 2 0 0
81 13 1 1 0 0 0 6 0 0 0 0 0 0
82 1 0 0 1 1 0 0 0 0 0 0 0 0
83 1 0 0 1 0 0 0 0 0 0 0 0 0
86 3 0 0 1 0 0 0 0 0 1 1 0 0
89 2 0 0 0 0 0 1 0 0 0 0 0 0
94 4 1 1 0 0 0 0 0 0 1 0 0 0
119 1 0 0 1 0 0 0 0 0 0 0 0 0
120 32 0 0 0 0 0 6 0 0 8 6 0 0
121 14 0 0 14 4 0 0 0 0 0 0 0 0
127 8 0 0 7 0 0 0 0 0 0 0 0 0
fn=call_init.part.0
26 84 2 2 0 0 0 42 1 0 0 0 0 0
43 21 0 0 7 0 0 7 0 0 0 0 0 0
46 21 0 0 14 8 0 0 0 0 7 2 0 0
47 2 1 1 0 0 0 0 0 0 1 1 0 0
51 12 0 0 6 0 0 0 0 0 6 0 0 0
59 18 1 1 6 6 0 0 0 0 6 1 0 0
60 24 0 0 8 4 0 4 0 0 0 0 4 4
63 6 0 0 6 5 0 0 0 0 0 0 0 0
64 12 0 0 0 0 0 0 0 0 6 1 0 0
70 15 0 0 10 4 0 0 0 0 0 0 0 0
72 10 0 0 10 0 0 0 0 0 0 0 0 0
73 117 1 1 0 0 0 0 0 0 28 11 0 0
74 92 0 0 23 6 0 23 0 0 0 0 23 23
76 56 0 0 49 1 0 0 0 0 0 0 0 0
fl=./elf/./elf/dl-load.c
fn=_dl_dst_count
238 117 1 1 0 0 0 78 1 1 0 0 0 0
241 26 0 0 0 0 0 13 0 0 0 0 0 0
244 26 0 0 0 0 0 0 0 0 13 1 0 0
245 13 0 0 0 0 0 0 0 0 0 0 0 0
264 117 1 1 91 0 0 0 0 0 0 0 0 0
fn=_dl_init_paths
706 13 2 2 0 0 0 8 0 0 0 0 0 0
720 4 0 0 0 0 0 2 1 1 0 0 0 0
725 1 0 0 0 0 0 1 0 0 0 0 0 0
727 3 1 1 0 0 0 0 0 0 1 0 0 0
734 3 0 0 0 0 0 0 0 0 0 0 0 0
735 2 0 0 1 0 0 0 0 0 0 0 0 0
739 4 0 0 0 0 0 1 1 1 0 0 0 0
741 4 1 1 2 0 0 0 0 0 1 0 0 0
747 1 0 0 0 0 0 1 0 0 0 0 0 0
748 1 0 0 0 0 0 1 0 0 0 0 0 0
756 8 1 1 0 0 0 4 0 0 0 0 0 0
758 8 0 0 0 0 0 4 2 2 0 0 0 0
759 4 0 0 0 0 0 4 0 0 0 0 0 0
761 5 0 0 0 0 0 4 1 1 0 0 0 0
762 7 0 0 3 1 1 4 1 1 0 0 0 0
763 4 0 0 0 0 0 0 0 0 0 0 0 0
766 13 0 0 3 1 1 0 0 0 3 0 0 0
767 10 1 1 1 0 0 1 0 0 4 3 0 0
768 18 0 0 4 0 0 5 0 0 0 0 0 0
770 32 2 2 6 0 0 5 0 0 4 1 0 0
776 1 0 0 0 0 0 1 0 0 0 0 0 0
777 1 0 0 0 0 0 1 0 0 0 0 0 0
782 1 0 0 1 0 0 0 0 0 0 0 0 0
785 3 0 0 0 0 0 0 0 0 0 0 0 0
787 4 1 1 1 0 0 0 0 0 1 0 0 0
789 3 0 0 1 0 0 0 0 0 1 1 0 0
806 1 0 0 0 0 0 1 0 0 0 0 0 0
808 3 1 1 1 0 0 0 0 0 1 1 0 0
822 2 1 1 0 0 0 1 0 0 0 0 0 0
825 5 1 1 2 0 0 0 0 0 2 1 0 0
827 23 4 4 2 0 0 2 0 0 2 2 0 0
831 2 0 0 0 0 0 0 0 0 0 0 0 0
832 976 1 1 244 0 0 0 0 0 244 10 0 0
833 243 0 0 0 0 0 0 0 0 0 0 0 0
834 486 0 0 0 0 0 0 0 0 0 0 0 0
836 1 0 0 0 0 0 1 0 0 0 0 0 0
837 1 0 0 0 0 0 0 0 0 0 0 0 0
838 2 0 0 0 0 0 0 0 0 1 0 0 0
844 6 0 0 1 0 0 1 0 0 0 0 0 0
847 3 0 0 2 0 0 0 0 0 1 0 0 0
853 1 0 0 0 0 0 1 0 0 0 0 0 0
857 8 0 0 7 0 0 0 0 0 0 0 0 0
fn=_dl_map_object
682 40 3 3 12 0 0 0 0 0 12 6 0 0
696 20 1 1 0 0 0 12 0 0 0 0 0 0
1967 168 2 2 0 0 0 126 5 5 0 0 0 0
1969 5 0 0 0 0 0 5 0 0 0 0 0 0
1975 28 0 0 0 0 0 0 0 0 14 0 0 0
1976 56 0 0 14 1 1 0 0 0 14 0 0 0
1979 307 1 1 65 0 0 28 0 0 65 5 0 0
1984 420 1 1 120 0 0 0 0 0 60 0 0 0
1986 300 0 0 0 0 0 60 2 2 60 6 0 0
1990 102 0 0 51 0 0 0 0 0 51 0 0 0
1991 153 0 0 51 0 0 0 0 0 51 13 0 0
1994 140 0 0 84 0 0 0 0 0 28 3 0 0
1995 84 1 1 28 0 0 0 0 0 0 0 0 0
1996 140 0 0 0 0 0 28 0 0 28 7 0 0
2010 20 1 1 5 0 0 0 0 0 5 0 0 0
2011 15 0 0 5 0 0 5 0 0 0 0 0 0
2019 15 0 0 5 0 0 0 0 0 5 0 0 0
2034 5 0 0 0 0 0 5 1 1 0 0 0 0
2036 25 0 0 0 0 0 5 0 0 5 3 0 0
2040 16 2 2 0 0 0 8 0 0 0 0 0 0
2042 8 0 0 4 0 0 0 0 0 4 0 0 0
2049 16 0 0 4 0 0 0 0 0 8 2 0 0
2053 4 1 1 4 0 0 0 0 0 0 0 0 0
2054 4 0 0 0 0 0 4 0 0 0 0 0 0
2058 12 1 1 4 0 0 0 0 0 4 2 0 0
2059 4 0 0 0 0 0 0 0 0 0 0 0 0
2073 20 2 2 16 0 0 0 0 0 4 0 0 0
2074 28 2 2 8 0 0 0 0 0 8 2 0 0
2075 4 0 0 0 0 0 0 0 0 0 0 0 0
2084 8 1 1 0 0 0 0 0 0 4 2 0 0
2099 8 1 1 4 0 0 0 0 0 4 0 0 0
2100 64 1 1 8 0 0 16 0 0 4 2 0 0
2106 12 1 1 0 0 0 0 0 0 4 2 0 0
2107 4 0 0 0 0 0 0 0 0 0 0 0 0
2115 4 1 1 0 0 0 4 0 0 0 0 0 0
2129 8 0 0 4 0 0 0 0 0 4 0 0 0
2131 12 0 0 4 0 0 0 0 0 4 4 0 0
2135 12 1 1 0 0 0 4 0 0 0 0 0 0
2137 8 0 0 0 0 0 0 0 0 4 0 0 0
2141 8 0 0 0 0 0 0 0 0 4 0 0 0
2149 8 0 0 4 0 0 0 0 0 4 0 0 0
2172 36 1 1 0 0 0 8 0 0 0 0 0 0
2176 12 0 0 4 0 0 0 0 0 4 0 0 0
2177 4 0 0 0 0 0 4 0 0 0 0 0 0
2194 8 0 0 4 0 0 0 0 0 4 3 0 0
2200 1 0 0 0 0 0 1 0 0 0 0 0 0
2201 4 0 0 0 0 0 1 0 0 0 0 0 0
2202 2 1 1 0 0 0 0 0 0 1 0 0 0
2203 2 0 0 0 0 0 0 0 0 1 0 0 0
2207 9 1 1 0 0 0 2 0 0 0 0 0 0
2210 3 0 0 1 0 0 0 0 0 1 0 0 0
2222 20 0 0 5 0 0 0 0 0 0 0 0 0
2267 10 0 0 5 0 0 5 0 0 0 0 0 0
2268 88 1 1 19 0 0 25 0 0 0 0 0 0
2270 131 1 1 103 0 0 0 0 0 0 0 0 0
fn=_dl_map_object_from_fd
944 70 2 2 0 0 0 50 2 2 0 0 0 0
959 20 0 0 5 0 0 5 0 0 5 4 0 0
989 95 1 1 30 0 0 0 0 0 25 9 0 0
990 40 1 1 20 0 0 0 0 0 20 0 0 0
1008 10 1 1 5 0 0 0 0 0 5 3 0 0
1036 20 1 1 5 0 0 5 0 0 5 0 0 0
1046 10 0 0 5 0 0 0 0 0 5 0 0 0
1053 40 1 1 25 0 0 5 0 0 0 0 0 0
1054 10 0 0 0 0 0 0 0 0 5 0 0 0
1065 10 0 0 5 0 0 5 5 5 0 0 0 0
1066 15 0 0 5 0 0 5 0 0 0 0 0 0
1067 10 0 0 5 0 0 5 0 0 0 0 0 0
1069 15 0 0 0 0 0 0 0 0 0 0 0 0
1070 20 1 1 10 0 0 0 0 0 5 1 0 0
1071 8 0 0 0 0 0 4 0 0 0 0 0 0
1074 17 2 2 1 0 0 1 0 0 2 2 0 0
1075 6 0 0 1 0 0 1 1 1 1 1 0 0
1086 5 0 0 0 0 0 5 0 0 0 0 0 0
1088 5 0 0 0 0 0 5 0 0 0 0 0 0
1090 110 2 2 10 0 0 5 0 0 10 3 0 0
1091 5 0 0 0 0 0 0 0 0 0 0 0 0
1092 5 0 0 0 0 0 5 0 0 0 0 0 0
1093 5 0 0 0 0 0 5 0 0 0 0 0 0
1094 5 0 0 0 0 0 0 0 0 0 0 0 0
1100 210 0 0 10 0 0 0 0 0 65 0 0 0
1101 507 3 3 60 12 12 0 0 0 252 57 0 0
1107 10 1 1 5 1 1 0 0 0 5 0 0 0
1114 13 0 0 8 0 0 5 0 0 0 0 0 0
1115 15 0 0 5 0 0 5 0 0 0 0 0 0
1116 50 1 1 10 0 0 5 0 0 0 0 0 0
1121 2 0 0 1 0 0 1 0 0 0 0 0 0
1122 1 0 0 0 0 0 0 0 0 0 0 0 0
1127 155 0 0 65 0 0 5 0 0 20 0 0 0
1135 100 1 1 20 0 0 0 0 0 0 0 0 0
1136 130 1 1 0 0 0 20 3 3 0 0 0 0
1137 100 1 1 20 2 2 20 0 0 0 0 0 0
1138 20 0 0 0 0 0 20 0 0 0 0 0 0
1139 40 0 0 20 2 2 20 6 6 0 0 0 0
1141 140 0 0 20 2 2 0 0 0 0 0 0 0
1143 40 0 0 0 0 0 20 0 0 0 0 0 0
1156 40 0 0 0 0 0 0 0 0 20 5 0 0
1157 75 0 0 30 0 0 15 0 0 0 0 0 0
1162 20 0 0 0 0 0 0 0 0 0 0 0 0
1163 205 0 0 40 0 0 40 0 0 0 0 0 0
1176 9 1 1 3 1 1 0 0 0 3 0 0 0
1180 12 0 0 0 0 0 3 3 3 0 0 0 0
1181 3 0 0 3 0 0 0 0 0 0 0 0 0
1185 15 0 0 0 0 0 3 3 3 0 0 0 0
1186 6 1 1 3 0 0 3 0 0 0 0 0 0
1189 3 0 0 0 0 0 3 0 0 0 0 0 0
1194 12 0 0 3 0 0 0 0 0 3 2 0 0
1209 10 1 1 5 0 0 5 0 0 0 0 0 0
1210 5 0 0 0 0 0 0 0 0 0 0 0 0
1213 15 0 0 10 1 1 5 2 2 0 0 0 0
1218 35 1 1 25 0 0 0 0 0 5 0 0 0
1228 95 1 1 0 0 0 0 0 0 20 9 0 0
1229 40 0 0 0 0 0 20 0 0 0 0 0 0
1235 10 0 0 0 0 0 0 0 0 5 0 0 0
1245 20 0 0 10 0 0 0 0 0 10 0 0 0
1252 35 1 1 15 0 0 5 0 0 0 0 0 0
1264 5 1 1 0 0 0 0 0 0 0 0 0 0
1268 20 1 1 10 0 0 0 0 0 5 0 0 0
1269 15 0 0 5 0 0 5 0 0 0 0 0 0
1275 14 1 1 2 0 0 0 0 0 0 0 0 0
1276 10 1 1 0 0 0 0 0 0 5 5 0 0
1278 10 0 0 0 0 0 0 0 0 5 5 0 0
1288 15 0 0 5 0 0 0 0 0 5 0 0 0
1307 15 0 0 5 0 0 5 0 0 0 0 0 0
1309 30 1 1 10 0 0 0 0 0 5 0 0 0
1361 15 0 0 5 2 2 0 0 0 5 2 0 0
1362 6 0 0 3 0 0 3 0 0 0 0 0 0
1368 170 1 1 15 0 0 0 0 0 65 5 0 0
1369 280 1 1 60 50 50 0 0 0 110 37 0 0
1375 80 0 0 0 0 0 5 0 0 0 0 0 0
1380 20 1 1 5 0 0 5 0 0 5 0 0 0
1393 10 1 1 5 0 0 0 0 0 5 0 0 0
1395 20 0 0 10 0 0 5 0 0 0 0 0 0
1397 10 0 0 5 0 0 0 0 0 5 0 0 0
1413 10 0 0 0 0 0 5 0 0 0 0 0 0
1417 10 0 0 5 0 0 0 0 0 5 0 0 0
1418 10 1 1 5 0 0 0 0 0 5 5 0 0
1435 10 0 0 5 0 0 0 0 0 5 2 0 0
1436 1 0 0 0 0 0 1 0 0 0 0 0 0
1439 10 0 0 5 0 0 5 0 0 0 0 0 0
1444 10 0 0 5 0 0 0 0 0 5 0 0 0
1449 10 0 0 5 0 0 0 0 0 5 0 0 0
1461 40 1 1 15 0 0 0 0 0 5 2 0 0
1462 15 1 1 5 0 0 0 0 0 5 1 0 0
1463 36 0 0 12 0 0 4 0 0 8 4 0 0
1464 12 0 0 4 0 0 0 0 0 0 0 0 0
1465 5 0 0 1 0 0 1 0 0 0 0 0 0
1471 10 0 0 5 0 0 0 0 0 5 2 0 0
1472 12 0 0 3 0 0 0 0 0 3 1 0 0
1477 6 0 0 0 0 0 3 0 0 0 0 0 0
1484 15 1 1 5 0 0 5 0 0 0 0 0 0
1487 10 0 0 5 0 0 0 0 0 5 0 0 0
1491 15 0 0 5 0 0 5 0 0 0 0 0 0
1492 15 0 0 5 0 0 0 0 0 5 4 0 0
1510 10 1 1 0 0 0 0 0 0 5 3 0 0
1514 35 1 1 15 0 0 0 0 0 5 0 0 0
1515 20 1 1 5 0 0 5 0 0 0 0 0 0
1519 45 1 1 35 0 0 0 0 0 0 0 0 0
fn=_dl_process_pt_gnu_property
868 18 1 1 0 0 0 0 0 0 0 0 0 0
869 12 0 0 12 0 0 0 0 0 0 0 0 0
870 6 0 0 6 0 0 0 0 0 0 0 0 0
876 12 0 0 6 0 0 0 0 0 6 0 0 0
882 30 0 0 0 0 0 0 0 0 6 0 0 0
885 18 1 1 6 5 5 0 0 0 6 0 0 0
886 12 0 0 6 0 0 0 0 0 6 2 0 0
887 12 0 0 6 0 0 0 0 0 6 0 0 0
890 18 0 0 6 0 0 0 0 0 6 0 0 0
891 18 1 1 0 0 0 0 0 0 6 0 0 0
895 6 0 0 0 0 0 0 0 0 0 0 0 0
896 12 0 0 0 0 0 0 0 0 0 0 0 0
900 18 1 1 9 1 1 0 0 0 0 0 0 0
901 9 0 0 9 0 0 0 0 0 0 0 0 0
904 18 0 0 0 0 0 0 0 0 9 0 0 0
907 9 0 0 0 0 0 0 0 0 0 0 0 0
908 36 0 0 0 0 0 0 0 0 9 0 0 0
918 18 0 0 0 0 0 0 0 0 0 0 0 0
920 24 0 0 0 0 0 0 0 0 6 5 0 0
fn=expand_dynamic_string_token
241 30 0 0 0 0 0 10 0 0 0 0 0 0
244 20 0 0 0 0 0 0 0 0 10 1 0 0
385 100 1 1 0 0 0 60 2 2 0 0 0 0
399 20 0 0 0 0 0 0 0 0 0 0 0 0
410 70 1 1 60 0 0 0 0 0 0 0 0 0
fn=fillin_rpath.isra.0
468 17 2 2 0 0 0 12 2 2 0 0 0 0
472 1 0 0 0 0 0 0 0 0 0 0 0 0
474 66 1 1 22 0 0 11 0 0 11 1 0 0
477 1 0 0 0 0 0 1 0 0 0 0 0 0
478 1 0 0 0 0 0 0 0 0 0 0 0 0
481 20 0 0 10 0 0 0 0 0 10 1 0 0
483 54 0 0 9 0 0 18 0 0 0 0 0 0
487 18 0 0 0 0 0 0 0 0 9 0 0 0
492 27 0 0 0 0 0 9 0 0 0 0 0 0
493 18 0 0 0 0 0 0 0 0 9 3 0 0
500 45 1 1 9 0 0 0 0 0 18 6 0 0
505 18 1 1 0 0 0 9 0 0 0 0 0 0
509 105 0 0 35 0 0 0 0 0 35 8 0 0
510 98 1 1 37 0 0 6 0 0 37 19 0 0
517 27 0 0 0 0 0 0 0 0 9 4 0 0
518 18 0 0 9 0 0 0 0 0 9 3 0 0
521 12 0 0 0 0 0 0 0 0 6 0 0 0
528 16 1 1 4 0 0 4 0 0 4 1 0 0
532 16 0 0 8 0 0 0 0 0 0 0 0 0
534 8 1 1 0 0 0 0 0 0 4 0 0 0
538 4 0 0 0 0 0 4 0 0 0 0 0 0
539 8 0 0 4 0 0 0 0 0 0 0 0 0
540 16 0 0 0 0 0 8 0 0 0 0 0 0
541 4 0 0 0 0 0 4 0 0 0 0 0 0
543 8 0 0 4 0 0 0 0 0 4 2 0 0
544 2 0 0 0 0 0 2 0 0 0 0 0 0
549 16 0 0 4 0 0 0 0 0 0 0 0 0
550 56 1 1 4 0 0 0 0 0 16 4 0 0
551 16 1 1 0 0 0 12 0 0 0 0 0 0
553 8 0 0 4 0 0 4 0 0 0 0 0 0
554 12 1 1 4 0 0 0 0 0 4 4 0 0
555 4 0 0 0 0 0 4 0 0 0 0 0 0
561 8 0 0 4 0 0 4 0 0 0 0 0 0
562 4 0 0 0 0 0 4 0 0 0 0 0 0
565 12 0 0 0 0 0 4 1 1 0 0 0 0
571 1 0 0 0 0 0 1 0 0 0 0 0 0
574 8 0 0 7 0 0 0 0 0 0 0 0 0
fn=open_path
1812 44 2 2 0 0 0 36 1 1 0 0 0 0
1813 8 0 0 4 0 0 4 1 1 0 0 0 0
1816 4 0 0 0 0 0 4 0 0 0 0 0 0
1817 4 0 0 0 0 0 4 0 0 0 0 0 0
1819 8 0 0 0 0 0 0 0 0 4 0 0 0
1822 8 0 0 0 0 0 0 0 0 0 0 0 0
1824 88 2 2 12 1 1 8 0 0 8 4 0 0
1827 32 0 0 32 0 0 0 0 0 0 0 0 0
1831 16 0 0 0 0 0 0 0 0 0 0 0 0
1835 96 0 0 16 0 0 16 0 0 16 0 0 0
1842 96 1 1 48 0 0 32 1 1 0 0 0 0
1843 352 1 1 96 0 0 32 0 0 80 16 0 0
1846 96 0 0 48 0 0 0 0 0 48 15 0 0
1851 297 1 1 162 0 0 54 0 0 0 0 0 0
1854 54 0 0 0 0 0 0 0 0 0 0 0 0
1860 81 0 0 27 0 0 0 0 0 27 0 0 0
1863 216 1 1 81 0 0 27 0 0 0 0 0 0
1865 81 0 0 27 0 0 0 0 0 27 6 0 0
1867 18 0 0 0 0 0 0 0 0 9 2 0 0
1872 18 1 1 0 0 0 0 0 0 9 0 0 0
1873 63 0 0 27 0 0 0 0 0 9 2 0 0
1879 27 1 1 9 0 0 9 0 0 0 0 0 0
1881 62 0 0 9 0 0 13 0 0 9 2 0 0
1882 4 0 0 2 1 1 0 0 0 0 0 0 0
1884 9 0 0 0 0 0 0 0 0 0 0 0 0
1891 111 3 3 24 0 0 19 0 0 0 0 0 0
1893 61 0 0 16 0 0 0 0 0 18 1 0 0
1937 104 1 1 24 0 0 12 2 2 40 3 0 0
1941 16 0 0 16 0 0 0 0 0 0 0 0 0
1943 64 0 0 48 0 0 0 0 0 16 9 0 0
1946 12 0 0 8 0 0 0 0 0 4 0 0 0
1960 36 1 1 28 0 0 0 0 0 0 0 0 0
fn=open_verify.constprop.0
1572 384 1 1 0 0 0 256 1 1 0 0 0 0
1604 96 0 0 32 0 0 0 0 0 32 0 0 0
1609 54 1 1 0 0 0 0 0 0 0 0 0 0
1623 160 0 0 0 0 0 32 0 0 0 0 0 0
1625 64 1 1 0 0 0 0 0 0 32 2 0 0
1633 5 0 0 0 0 0 5 0 0 0 0 0 0
1634 15 0 0 0 0 0 5 1 1 0 0 0 0
1639 30 0 0 0 0 0 5 0 0 0 0 0 0
1641 10 1 1 0 0 0 0 0 0 5 1 0 0
1643 10 0 0 5 0 0 5 0 0 0 0 0 0
1645 10 0 0 0 0 0 0 0 0 5 0 0 0
1651 10 0 0 0 0 0 0 0 0 5 0 0 0
1668 74 4 4 23 0 0 0 0 0 23 10 0 0
1749 10 0 0 5 0 0 0 0 0 5 2 0 0
1754 10 1 1 5 0 0 0 0 0 5 0 0 0
1760 20 0 0 5 0 0 0 0 0 5 2 0 0
1766 10 0 0 5 2 2 0 0 0 5 0 0 0
1772 20 0 0 5 0 0 0 0 0 0 0 0 0
1773 20 1 1 5 0 0 0 0 0 5 1 0 0
1777 16 3 3 1 0 0 0 0 0 2 2 0 0
1778 5 0 0 0 0 0 1 0 0 1 1 0 0
1799 288 0 0 224 0 0 0 0 0 0 0 0 0
fl=./elf/./elf/dl-lookup-direct.c
fn=_dl_lookup_direct
32 15 0 0 9 0 0 0 0 0 3 3 0 0
33 9 1 1 0 0 0 0 0 0 0 0 0 0
35 6 0 0 3 2 1 0 0 0 0 0 0 0
36 6 0 0 3 0 0 0 0 0 3 0 0 0
48 9 0 0 3 0 0 3 0 0 3 0 0 0
51 6 0 0 6 0 0 0 0 0 0 0 0 0
53 21 1 1 6 0 0 6 0 0 3 0 0 0
57 9 0 0 9 1 0 0 0 0 0 0 0 0
58 21 0 0 9 1 0 0 0 0 3 0 0 0
59 15 0 0 6 0 0 3 0 0 3 0 0 0
74 39 2 2 0 0 0 27 0 0 0 0 0 0
76 6 0 0 3 0 0 0 0 0 3 1 0 0
78 21 0 0 9 2 0 0 0 0 0 0 0 0
79 6 0 0 0 0 0 0 0 0 3 1 0 0
81 12 1 1 3 0 0 3 0 0 0 0 0 0
84 25 0 0 5 1 0 0 0 0 5 2 0 0
86 12 0 0 3 0 0 0 0 0 0 0 0 0
93 6 2 2 0 0 0 0 0 0 2 2 0 0
115 3 0 0 0 0 0 0 0 0 0 0 0 0
116 27 0 0 21 0 0 0 0 0 0 0 0 0
fl=./elf/./elf/dl-lookup.c
fn=_dl_lookup_symbol_x
772 26052 2 2 0 0 0 18036 25 3 0 0 0 0
774 4008 0 0 0 0 0 2004 0 0 0 0 0 0
775 8016 0 0 0 0 0 2004 0 0 0 0 0 0
778 2004 0 0 2004 6 0 0 0 0 0 0 0 0
782 7978 0 0 1985 0 0 0 0 0 3989 29 0 0
785 4008 1 1 2004 0 0 0 0 0 2004 0 0 0
787 4008 0 0 4008 9 0 0 0 0 0 0 0 0
791 28136 0 0 16 0 0 6012 0 0 2020 2 0 0
792 34068 2 2 14028 0 0 14028 10 1 2004 4 0 0
797 10020 0 0 4008 0 0 0 0 0 2004 3 0 0
799 96 1 1 16 0 0 0 0 0 32 2 0 0
816 2004 0 0 0 0 0 2004 0 0 0 0 0 0
817 48 1 1 0 0 0 0 0 0 0 0 0 0
820 4008 0 0 2004 0 0 0 0 0 0 0 0 0
821 13900 0 0 1984 0 0 0 0 0 3972 712 0 0
828 2052 1 1 1988 0 0 0 0 0 0 0 0 0
856 7952 1 1 1988 0 0 0 0 0 1988 1 0 0
870 5964 0 0 1988 21 1 0 0 0 1988 2 0 0
871 2 1 1 0 0 0 1 0 0 0 0 0 0
873 3976 0 0 1988 0 0 0 0 0 1988 0 0 0
890 7952 0 0 1988 0 0 0 0 0 0 0 0 0
892 18036 1 1 14028 0 0 0 0 0 0 0 0 0
fn=check_match
70 29940 1 1 3992 190 99 11976 22 6 0 0 0 0
73 15968 1 1 3992 253 189 0 0 0 2001 7 0 0
78 18 0 0 0 0 0 0 0 0 0 0 0 0
86 9955 0 0 0 0 0 0 0 0 1991 0 0 0
89 5224 0 0 414 0 0 207 0 0 2198 85 0 0
93 1991 1 1 1991 15 0 0 0 0 0 0 0 0
94 3982 0 0 0 0 0 0 0 0 1991 3 0 0
96 3976 0 0 0 0 0 0 0 0 1988 1 0 0
115 3976 0 0 3976 151 24 0 0 0 0 0 0 0
116 15904 1 1 5964 42 0 0 0 0 1988 21 0 0
117 9915 2 2 3966 11 0 1983 0 0 1983 12 0 0
118 10 0 0 5 0 0 0 0 0 0 0 0 0
119 10 0 0 0 0 0 0 0 0 5 3 0 0
144 6 0 0 0 0 0 0 0 0 3 0 0 0
146 18 0 0 6 3 1 0 0 0 3 2 0 0
147 12 0 0 0 0 0 0 0 0 0 0 0 0
150 2 0 0 0 0 0 0 0 0 1 0 0 0
151 7 0 0 3 0 0 1 0 0 1 0 0 0
153 3 0 0 1 0 0 1 0 0 0 0 0 0
161 1987 0 0 0 0 0 0 0 0 0 0 0 0
162 15968 0 0 13972 0 0 0 0 0 0 0 0 0
fn=do_lookup_x
170 300 1 1 2 0 0 0 0 0 0 0 0 0
171 307 1 1 76 0 0 2 0 0 0 0 0 0
172 958 1 1 257 46 45 0 0 0 257 75 0 0
174 105 0 0 0 0 0 0 0 0 0 0 0 0
175 315 0 0 0 0 0 0 0 0 105 39 0 0
176 554 3 3 2 0 0 0 0 0 0 0 0 0
179 152 0 0 0 0 0 152 0 0 0 0 0 0
180 152 0 0 0 0 0 152 0 0 0 0 0 0
181 85 0 0 3 0 0 82 11 8 0 0 0 0
182 155 0 0 3 0 0 152 27 27 0 0 0 0
183 70 0 0 0 0 0 0 0 0 0 0 0 0
222 492 1 1 164 0 0 328 0 0 0 0 0 0
224 738 0 0 82 3 0 246 0 0 0 0 82 1
226 164 0 0 82 3 1 0 0 0 0 0 0 0
227 82 0 0 82 0 0 0 0 0 0 0 0 0
228 328 0 0 164 0 0 0 0 0 82 1 0 0
230 2694 1 1 127 0 0 405 0 0 0 0 0 0
231 486 1 1 0 0 0 0 0 0 0 0 0 0
234 338 0 0 169 0 0 0 0 0 169 22 0 0
235 169 1 1 169 67 26 0 0 0 0 0 0 0
254 338 0 0 0 0 0 0 0 0 169 89 0 0
257 88 0 0 0 0 0 0 0 0 0 0 0 0
258 264 0 0 0 0 0 0 0 0 88 42 0 0
259 322 1 1 0 0 0 0 0 0 0 0 0 0
262 1377 2 2 648 0 0 0 0 0 81 16 0 0
269 12 1 1 0 0 0 8 0 0 0 0 0 0
272 4 0 0 0 0 0 0 0 0 2 0 0 0
279 298 1 1 6 0 0 2 0 0 94 2 0 0
280 276 0 0 92 5 2 0 0 0 92 28 0 0
281 350 1 1 210 3 0 0 0 0 0 0 0 0
285 20 1 1 6 0 0 6 0 0 0 0 2 1
286 2 0 0 0 0 0 2 0 0 0 0 0 0
287 2 0 0 0 0 0 0 0 0 0 0 0 0
288 4 1 1 2 0 0 2 0 0 0 0 0 0
289 8 0 0 6 0 0 2 0 0 0 0 0 0
300 3 0 0 2 0 0 0 0 0 0 0 0 0
302 2 1 1 0 0 0 0 0 0 1 0 0 0
305 1 0 0 0 0 0 1 0 0 0 0 0 0
306 1 0 0 0 0 0 1 0 0 0 0 0 0
307 2 0 0 1 0 0 1 0 0 0 0 0 0
310 184 0 0 0 0 0 0 0 0 82 16 0 0
311 492 0 0 164 0 0 0 0 0 0 0 0 0
318 316 0 0 79 0 0 0 0 0 79 9 0 0
329 574 1 1 246 0 0 82 0 0 0 0 0 0
331 164 0 0 164 0 0 82 0 0 0 0 82 1
333 246 0 0 164 0 0 82 0 0 0 0 0 0
334 164 0 0 0 0 0 82 0 0 0 0 0 0
347 28056 2 2 4008 0 0 20040 19 6 0 0 0 0
348 2004 0 0 2004 7 0 0 0 0 0 0 0 0
353 2004 0 0 0 0 0 0 0 0 0 0 0 0
354 2004 0 0 2004 0 0 0 0 0 0 0 0 0
358 12986 1 1 12986 40 0 0 0 0 0 0 0 0
361 12986 0 0 0 0 0 0 0 0 6493 0 0 0
365 17102 0 0 2058 0 0 0 0 0 6547 389 0 0
386 12950 1 1 6475 34 0 0 0 0 6475 17 0 0
390 12950 0 0 6475 6 0 0 0 0 6475 17 0 0
396 19425 0 0 6475 32 0 0 0 0 6475 0 0 0
400 6475 0 0 0 0 0 6475 0 0 0 0 0 0
401 6475 0 0 0 0 0 6475 0 0 0 0 0 0
404 32375 0 0 19425 70 0 0 0 0 6475 6 0 0
405 19425 1 1 12950 6 0 0 0 0 0 0 0 0
408 6475 0 0 6475 0 0 0 0 0 0 0 0 0
409 12950 0 0 0 0 0 0 0 0 6475 0 0 0
411 6475 0 0 6475 727 138 0 0 0 0 0 0 0
412 6012 0 0 0 0 0 2004 0 0 0 0 0 0
413 12950 0 0 12950 0 0 0 0 0 0 0 0 0
415 14028 1 1 2004 0 0 4008 0 0 0 0 0 0
416 25900 0 0 12950 0 0 0 0 0 0 0 0 0
419 45325 0 0 6475 0 0 0 0 0 6475 2282 0 0
422 4222 0 0 4222 979 198 0 0 0 0 0 0 0
423 6333 1 1 2111 0 0 0 0 0 0 0 0 0
424 4222 0 0 0 0 0 0 0 0 2111 17 0 0
426 4188 0 0 2094 0 0 0 0 0 0 0 0 0
429 26120 1 1 5224 1621 487 0 0 0 5224 2275 0 0
431 5988 0 0 1996 0 0 0 0 0 0 0 0 0
432 50978 2 2 14070 0 0 26634 25 6 0 0 0 0
433 3992 0 0 0 0 0 0 0 0 0 0 0 0
436 5988 0 0 0 0 0 0 0 0 1996 14 0 0
439 9729 0 0 9 0 0 0 0 0 3237 105 0 0
461 15896 1 1 11922 0 0 0 0 0 0 0 0 0
470 857 2 2 750 0 0 0 0 0 107 4 0 0
472 2 0 0 0 0 0 0 0 0 1 1 0 0
476 3976 1 1 0 0 0 0 0 0 1988 0 0 0
483 10636 0 0 1988 0 0 0 0 0 3330 425 0 0
487 3828 1 1 1276 4 0 0 0 0 1276 6 0 0
491 1 1 1 0 0 0 1 0 0 0 0 0 0
499 3812 0 0 1906 0 0 1906 0 0 0 0 0 0
500 1906 0 0 0 0 0 1906 0 0 0 0 0 0
501 1988 0 0 0 0 0 0 0 0 0 0 0 0
518 13515 0 0 0 0 0 0 0 0 4505 16 0 0
521 16 0 0 0 0 0 0 0 0 0 0 0 0
522 16032 1 1 14028 0 0 0 0 0 0 0 0 0
fl=./elf/./elf/dl-minimal-malloc.c
fn=__minimal_calloc
80 85 1 1 0 0 0 0 0 0 0 0 0 0
84 17 0 0 0 0 0 0 0 0 0 0 0 0
87 17 0 0 0 0 0 0 0 0 0 0 0 0
88 51 0 0 0 0 0 0 0 0 17 10 0 0
fn=__minimal_free
97 24 1 1 0 0 0 6 0 0 0 0 0 0
99 42 0 0 18 0 0 0 0 0 12 3 0 0
103 30 0 0 6 0 0 6 0 0 0 0 0 0
104 6 0 0 0 0 0 6 0 0 0 0 0 0
106 12 0 0 12 0 0 0 0 0 0 0 0 0
fn=__minimal_malloc
36 424 2 2 0 0 0 212 0 0 0 0 0 0
37 159 0 0 53 4 1 0 0 0 53 1 0 0
42 3 1 1 0 0 0 1 0 0 0 0 0 0
43 2 1 1 1 0 0 0 0 0 0 0 0 0
44 2 0 0 0 0 0 0 0 0 0 0 0 0
48 211 0 0 52 0 0 53 0 0 0 0 0 0
51 359 0 0 0 0 0 0 0 0 103 6 0 0
56 12 0 0 3 0 0 0 0 0 0 0 0 0
57 12 0 0 0 0 0 0 0 0 3 0 0 0
59 3 1 1 0 0 0 0 0 0 0 0 0 0
60 24 0 0 0 0 0 3 0 0 0 0 0 0
62 6 0 0 0 0 0 0 0 0 3 0 0 0
64 12 0 0 0 0 0 3 0 0 0 0 0 0
65 9 0 0 3 0 0 0 0 0 3 1 0 0
67 8 0 0 0 0 0 3 0 0 0 0 0 0
70 54 1 1 1 0 0 53 0 0 0 0 0 0
71 57 0 0 0 0 0 53 0 0 0 0 0 0
73 318 0 0 265 0 0 0 0 0 0 0 0 0
fl=./elf/./elf/dl-minimal.c
fn=__rtld_malloc_init_real
76 10 1 1 0 0 0 6 0 0 0 0 0 0
86 2 1 1 0 0 0 1 0 0 0 0 0 0
87 1 0 0 0 0 0 1 0 0 0 0 0 0
89 1 0 0 0 0 0 1 0 0 0 0 0 0
91 6 1 1 0 0 0 1 0 0 0 0 0 0
92 5 0 0 0 0 0 1 0 0 0 0 0 0
93 5 0 0 0 0 0 1 0 0 0 0 0 0
94 4 1 1 0 0 0 1 0 0 0 0 0 0
99 1 0 0 0 0 0 1 0 0 0 0 0 0
100 1 0 0 0 0 0 1 0 0 0 0 0 0
101 1 0 0 0 0 0 1 0 0 0 0 0 0
102 1 0 0 0 0 0 1 0 0 0 0 0 0
103 8 0 0 7 0 0 0 0 0 0 0 0 0
fn=__rtld_malloc_init_stubs
42 1 1 1 0 0 0 0 0 0 0 0 0 0
43 2 1 1 0 0 0 1 1 1 0 0 0 0
44 2 0 0 0 0 0 1 0 0 0 0 0 0
45 2 0 0 0 0 0 1 0 0 0 0 0 0
46 2 0 0 0 0 0 1 0 0 0 0 0 0
47 1 0 0 1 0 0 0 0 0 0 0 0 0
fn=lookup_malloc_symbol
61 36 1 1 0 0 0 16 0 0 0 0 0 0
63 4 0 0 0 0 0 4 0 0 0 0 0 0
64 28 0 0 4 0 0 12 0 0 0 0 0 0
68 28 1 1 16 0 0 0 0 0 4 0 0 0
69 28 0 0 12 0 0 0 0 0 4 0 0 0
71 4 0 0 0 0 0 4 0 0 0 0 0 0
72 24 0 0 20 0 0 0 0 0 0 0 0 0
fn=strsep
239 11 1 1 0 0 0 0 0 0 0 0 0 0
242 22 0 0 11 1 1 0 0 0 11 0 0 0
244 11 0 0 11 0 0 0 0 0 0 0 0 0
245 22 0 0 0 0 0 0 0 0 11 1 0 0
247 20 0 0 0 0 0 0 0 0 0 0 0 0
249 734 1 1 244 0 0 0 0 0 244 5 0 0
251 486 0 0 0 0 0 0 0 0 0 0 0 0
254 954 0 0 477 0 0 0 0 0 477 21 0 0
256 1404 0 0 468 0 0 0 0 0 468 4 0 0
260 18 0 0 0 0 0 9 0 0 0 0 0 0
264 234 0 0 0 0 0 0 0 0 0 0 0 0
267 10 0 0 0 0 0 10 0 0 0 0 0 0
271 22 0 0 11 0 0 0 0 0 0 0 0 0
fl=./elf/./elf/dl-misc.c
fn=_dl_higher_prime_number
87 2 0 0 0 0 0 0 0 0 0 0 0 0
124 2 0 0 0 0 0 0 0 0 0 0 0 0
125 2 0 0 0 0 0 0 0 0 0 0 0 0
127 26 1 1 0 0 0 0 0 0 12 10 0 0
129 80 0 0 0 0 0 0 0 0 0 0 0 0
130 30 0 0 10 4 2 0 0 0 10 3 0 0
131 6 0 0 0 0 0 0 0 0 0 0 0 0
133 7 0 0 0 0 0 0 0 0 0 0 0 0
145 2 0 0 2 0 0 0 0 0 0 0 0 0
146 2 0 0 2 0 0 0 0 0 0 0 0 0
fn=_dl_name_match_p
68 931 1 1 0 0 0 399 0 0 0 0 0 0
69 532 0 0 133 0 0 133 1 1 133 0 0 0
70 22 0 0 0 0 0 0 0 0 0 0 0 0
72 133 0 0 133 0 0 0 0 0 0 0 0 0
74 524 0 0 0 0 0 0 0 0 262 41 0 0
75 755 1 1 151 0 0 151 0 0 151 26 0 0
80 129 0 0 129 0 0 0 0 0 0 0 0 0
82 111 0 0 0 0 0 0 0 0 0 0 0 0
83 532 0 0 532 0 0 0 0 0 0 0 0 0
fn=_dl_sysdep_read_whole_file
36 11 1 1 0 0 0 5 0 0 0 0 0 0
39 3 0 0 0 0 0 1 0 0 0 0 0 0
40 2 1 1 0 0 0 0 0 0 1 1 0 0
42 6 0 0 0 0 0 1 0 0 1 0 0 0
44 2 0 0 1 0 0 1 0 0 0 0 0 0
47 2 1 1 0 0 0 0 0 0 1 1 0 0
49 8 0 0 0 0 0 1 0 0 0 0 0 0
60 3 0 0 0 0 0 1 0 0 0 0 0 0
63 8 0 0 6 0 0 0 0 0 0 0 0 0
fl=./elf/./elf/dl-object.c
fn=_dl_add_to_namespace_list
31 54 1 1 0 0 0 24 0 0 0 0 0 0
33 18 0 0 6 0 0 6 0 0 0 0 6 1
35 53 1 1 6 0 0 0 0 0 6 1 0 0
38 80 0 0 20 0 0 0 0 0 20 15 0 0
40 5 0 0 0 0 0 5 0 0 0 0 0 0
42 5 0 0 0 0 0 5 0 0 0 0 0 0
45 2 1 1 0 0 0 1 0 0 0 0 0 0
46 18 0 0 6 0 0 0 0 0 0 0 0 0
47 12 0 0 6 0 0 6 0 0 0 0 0 0
48 12 0 0 0 0 0 6 0 0 0 0 0 0
50 12 0 0 6 0 0 0 0 0 0 0 6 1
51 30 0 0 24 0 0 0 0 0 0 0 0 0
fn=_dl_new_object
59 90 1 1 0 0 0 60 2 2 0 0 0 0
62 12 0 0 0 0 0 0 0 0 6 1 0 0
64 2 1 1 0 0 0 0 0 0 1 1 0 0
66 3 1 1 1 0 0 0 0 0 1 0 0 0
67 2 0 0 0 0 0 0 0 0 1 0 0 0
71 6 0 0 0 0 0 2 0 0 0 0 0 0
77 2 1 1 0 0 0 0 0 0 0 0 0 0
80 10 0 0 5 0 0 0 0 0 0 0 0 0
83 26 1 1 0 0 0 16 2 2 0 0 0 0
87 10 0 0 0 0 0 0 0 0 0 0 0 0
92 5 0 0 0 0 0 0 0 0 0 0 0 0
95 12 0 0 0 0 0 0 0 0 6 0 0 0
98 6 0 0 0 0 0 6 6 6 0 0 0 0
99 6 0 0 0 0 0 6 6 6 0 0 0 0
100 12 0 0 6 0 0 0 0 0 0 0 0 0
103 12 0 0 0 0 0 6 0 0 0 0 0 0
104 42 1 1 18 0 0 18 0 0 0 0 0 0
106 6 1 1 0 0 0 6 0 0 0 0 0 0
119 28 0 0 17 0 0 0 0 0 11 6 0 0
123 5 0 0 0 0 0 0 0 0 0 0 0 0
125 1 0 0 0 0 0 0 0 0 0 0 0 0
127 42 0 0 12 6 6 12 0 0 0 0 0 0
130 12 0 0 6 0 0 0 0 0 6 3 0 0
131 12 1 1 0 0 0 6 6 6 0 0 0 0
132 6 1 1 0 0 0 6 0 0 0 0 0 0
136 6 0 0 0 0 0 6 0 0 0 0 0 0
139 40 0 0 0 0 0 0 0 0 15 10 0 0
141 20 1 1 0 0 0 16 4 4 1 1 0 0
149 12 1 1 0 0 0 6 0 0 0 0 0 0
150 6 0 0 0 0 0 6 6 6 0 0 0 0
153 1 0 0 0 0 0 0 0 0 0 0 0 0
155 36 0 0 6 1 1 0 0 0 6 1 0 0
157 20 0 0 0 0 0 5 5 5 0 0 0 0
160 14 1 1 0 0 0 0 0 0 6 0 0 0
164 20 0 0 5 0 0 0 0 0 5 0 0 0
168 35 1 1 5 0 0 0 0 0 10 3 0 0
176 1 1 1 0 0 0 1 0 0 0 0 0 0
179 12 0 0 0 0 0 6 0 0 0 0 0 0
189 24 0 0 12 0 0 0 0 0 6 1 0 0
191 20 0 0 0 0 0 10 0 0 0 0 0 0
195 15 0 0 0 0 0 0 0 0 5 0 0 0
199 10 0 0 0 0 0 0 0 0 0 0 0 0
200 10 0 0 0 0 0 0 0 0 5 0 0 0
208 5 0 0 0 0 0 0 0 0 0 0 0 0
212 5 1 1 0 0 0 0 0 0 0 0 0 0
245 20 0 0 10 0 0 5 0 0 0 0 0 0
250 168 0 0 0 0 0 0 0 0 0 0 0 0
251 168 0 0 84 0 0 0 0 0 84 24 0 0
255 10 0 0 0 0 0 0 0 0 0 0 0 0
256 5 0 0 0 0 0 5 0 0 0 0 0 0
259 5 0 0 0 0 0 5 0 0 0 0 0 0
263 54 1 1 42 0 0 0 0 0 0 0 0 0
fl=./elf/./elf/dl-open.c
fn=_dl_find_dso_for_object
214 180 2 2 0 0 0 90 0 0 0 0 0 0
218 54 0 0 18 0 0 0 0 0 18 0 0 0
219 54 0 0 18 18 0 0 0 0 18 0 0 0
220 72 0 0 36 18 0 0 0 0 36 0 0 0
221 36 0 0 18 17 0 0 0 0 18 2 0 0
224 36 1 1 18 17 0 0 0 0 18 0 0 0
228 126 1 1 108 0 0 0 0 0 0 0 0 0
fl=./elf/./elf/dl-reloc.c
fn=_dl_relocate_object
170 14556 1 1 3639 1728 1370 0 0 0 3639 31 0 0
171 7108 1 1 0 0 0 0 0 0 3554 3 0 0
174 24241 1 1 3554 6 0 0 0 0 5465 825 0 0
175 19708 2 2 1643 0 0 0 0 0 8211 5 0 0
177 1643 0 0 1643 0 0 0 0 0 0 0 0 0
178 6570 1 1 1643 0 0 1643 0 0 0 0 0 0
182 3822 0 0 0 0 0 0 0 0 1911 0 0 0
183 1911 0 0 0 0 0 1911 0 0 0 0 0 0
184 1911 0 0 0 0 0 1911 0 0 0 0 0 0
186 15294 2 2 7644 0 0 6 0 0 1911 64 0 0
187 9525 1 1 1905 55 0 1905 0 0 0 0 0 0
188 3810 0 0 0 0 0 0 0 0 1905 0 0 0
190 13474 2 2 3822 0 0 5778 1 0 6 0 0 0
193 1911 0 0 1911 0 0 0 0 0 0 0 0 0
194 13377 1 1 5733 0 0 1911 1 0 0 0 0 0
196 1643 1 1 1643 0 0 0 0 0 0 0 0 0
207 88 1 1 0 0 0 64 0 0 0 0 0 0
208 16 0 0 8 0 0 0 0 0 8 1 0 0
220 14 0 0 0 0 0 0 0 0 0 0 0 0
221 21 0 0 0 0 0 7 0 0 0 0 0 0
224 28 1 1 0 0 0 7 0 0 0 0 0 0
226 21 0 0 0 0 0 0 0 0 7 3 0 0
228 7 0 0 7 0 0 0 0 0 0 0 0 0
229 21 0 0 7 1 0 0 0 0 7 5 0 0
251 35 2 2 14 0 0 0 0 0 7 5 0 0
252 14 1 1 7 6 0 0 0 0 7 4 0 0
253 3 0 0 0 0 0 0 0 0 0 0 0 0
255 14 0 0 0 0 0 0 0 0 7 0 0 0
262 21 1 1 7 4 0 0 0 0 7 0 0 0
301 10279 9 9 1220 234 203 51 0 0 3530 432 0 0
304 35 0 0 14 0 0 0 0 0 14 0 0 0
328 7 0 0 7 0 0 0 0 0 0 0 0 0
331 14 0 0 0 0 0 0 0 0 7 0 0 0
348 21 0 0 7 5 0 0 0 0 7 6 0 0
350 64 0 0 56 3 0 0 0 0 0 0 0 0
356 42 1 1 21 0 0 0 0 0 0 0 0 0
359 14 0 0 0 0 0 0 0 0 0 0 0 0
363 14 1 1 0 0 0 0 0 0 7 0 0 0
364 42 0 0 0 0 0 7 0 0 7 4 0 0
fl=./elf/./elf/dl-runtime.c
fn=_dl_fixup
46 979 2 2 0 0 0 534 0 0 0 0 0 0
48 445 0 0 356 20 0 0 0 0 89 47 0 0
49 267 1 1 178 0 0 0 0 0 0 0 0 0
54 89 0 0 89 6 0 0 0 0 0 0 0 0
55 356 0 0 89 6 0 0 0 0 0 0 0 0
56 623 0 0 89 85 0 89 7 1 0 0 0 0
58 178 0 0 89 9 0 0 0 0 0 0 0 0
63 178 0 0 0 0 0 0 0 0 89 4 0 0
67 178 0 0 89 86 45 0 0 0 89 0 0 0
69 89 0 0 0 0 0 0 0 0 0 0 0 0
71 267 1 1 89 6 0 0 0 0 89 6 0 0
75 267 0 0 178 77 0 0 0 0 0 0 0 0
76 356 0 0 89 5 0 0 0 0 0 0 0 0
77 267 0 0 89 16 0 0 0 0 89 16 0 0
84 89 1 1 0 0 0 0 0 0 0 0 0 0
85 267 0 0 89 1 0 0 0 0 89 10 0 0
87 2 0 0 0 0 0 2 0 0 0 0 0 0
88 2 0 0 0 0 0 0 0 0 0 0 0 0
95 979 0 0 178 6 0 267 0 0 0 0 0 0
99 445 1 1 267 0 0 0 0 0 89 2 0 0
100 8 0 0 4 0 0 0 0 0 4 1 0 0
109 890 0 0 356 0 0 89 0 0 178 1 0 0
124 356 1 1 89 0 0 0 0 0 89 2 0 0
133 267 0 0 89 0 0 0 0 0 89 5 0 0
159 267 0 0 89 1 0 0 0 0 89 0 0 0
163 712 1 1 623 0 0 0 0 0 0 0 0 0
fl=./elf/./elf/dl-setup_hash.c
fn=_dl_setup_hash
25 14 1 1 0 0 0 0 0 0 0 0 0 0
28 21 1 1 7 0 0 0 0 0 7 0 0 0
31 21 0 0 14 0 0 0 0 0 7 0 0 0
32 14 0 0 7 6 6 7 1 1 0 0 0 0
33 7 0 0 7 0 0 0 0 0 0 0 0 0
34 7 0 0 7 0 0 0 0 0 0 0 0 0
36 21 0 0 0 0 0 0 0 0 7 0 0 0
37 7 0 0 0 0 0 7 0 0 0 0 0 0
38 21 1 1 7 0 0 7 0 0 0 0 0 0
40 7 0 0 0 0 0 7 0 0 0 0 0 0
41 14 0 0 0 0 0 0 0 0 0 0 0 0
43 7 0 0 0 0 0 7 0 0 0 0 0 0
45 21 0 0 0 0 0 7 0 0 0 0 0 0
50 7 0 0 7 0 0 0 0 0 0 0 0 0
fl=./elf/./elf/dl-sort-maps.c
fn=_dl_sort_maps
140 35 0 0 7 0 0 7 0 0 7 0 0 0
181 1 0 0 0 0 0 1 0 0 0 0 0 0
182 2 0 0 1 0 0 0 0 0 0 0 0 0
183 26 0 0 0 0 0 0 0 0 8 6 0 0
184 14 1 1 14 0 0 0 0 0 0 0 0 0
211 17 2 2 1 0 0 0 0 0 2 1 0 0
216 2 0 0 0 0 0 1 0 0 0 0 0 0
218 1 0 0 0 0 0 1 0 0 0 0 0 0
219 5 0 0 0 0 0 0 0 0 0 0 0 0
221 22 1 1 0 0 0 0 0 0 6 0 0 0
223 7 0 0 7 0 0 0 0 0 0 0 0 0
226 21 0 0 7 0 0 0 0 0 7 5 0 0
244 4 1 1 1 0 0 0 0 0 1 1 0 0
263 4 1 1 0 0 0 1 0 0 0 0 0 0
276 4 1 1 1 0 0 0 0 0 2 1 0 0
283 1 1 1 0 0 0 0 0 0 0 0 0 0
298 13 0 0 0 0 0 7 0 0 0 0 0 0
306 3 1 1 1 0 0 0 0 0 1 1 0 0
310 9 2 2 7 0 0 0 0 0 0 0 0 0
fn=_dl_sort_maps_init
289 4 2 2 0 0 0 1 0 0 0 0 0 0
290 4 0 0 0 0 0 1 0 0 0 0 0 0
291 1 0 0 0 0 0 1 0 0 0 0 0 0
292 3 0 0 1 0 0 0 0 0 0 0 0 0
293 2 0 0 2 0 0 0 0 0 0 0 0 0
fn=dfs_traversal.part.0
135 63 1 1 0 0 0 35 0 0 0 0 0 0
140 28 0 0 14 0 0 0 0 0 14 2 0 0
143 7 0 0 7 0 0 0 0 0 0 0 0 0
145 21 0 0 7 0 0 0 0 0 7 2 0 0
147 76 0 0 19 0 0 0 0 0 19 7 0 0
156 14 1 1 0 0 0 0 0 0 7 0 0 0
171 21 0 0 7 0 0 7 0 0 0 0 0 0
172 7 0 0 0 0 0 7 0 0 0 0 0 0
173 42 0 0 42 0 0 0 0 0 0 0 0 0
fl=./elf/./elf/dl-tunables.c
fn=__GI___tunable_set_val
72 50 1 1 5 0 0 0 0 0 10 0 0 0
82 5 0 0 5 0 0 0 0 0 0 0 0 0
93 40 1 1 10 0 0 0 0 0 5 0 0 0
94 25 0 0 10 0 0 0 0 0 5 0 0 0
97 10 0 0 0 0 0 0 0 0 5 2 0 0
100 35 0 0 0 0 0 0 0 0 0 0 0 0
104 10 0 0 0 0 0 0 0 0 5 2 0 0
111 10 0 0 0 0 0 0 0 0 5 0 0 0
112 10 0 0 0 0 0 0 0 0 5 2 0 0
115 25 1 1 0 0 0 5 0 0 0 0 0 0
116 5 0 0 0 0 0 5 0 0 0 0 0 0
117 5 0 0 0 0 0 5 0 0 0 0 0 0
118 5 0 0 0 0 0 5 0 0 0 0 0 0
153 30 1 1 0 0 0 10 0 0 0 0 0 0
157 15 0 0 15 0 0 0 0 0 0 0 0 0
fn=__GI___tunables_init
42 240 1 1 48 0 0 0 0 0 96 1 0 0
45 47 0 0 0 0 0 0 0 0 0 0 0 0
48 3941 0 0 563 24 24 0 0 0 1126 64 0 0
52 94 0 0 0 0 0 0 0 0 47 0 0 0
56 188 1 1 0 0 0 0 0 0 0 0 0 0
128 1 0 0 0 0 0 0 0 0 0 0 0 0
261 10 2 2 0 0 0 6 0 0 0 0 0 0
267 4 0 0 1 0 0 0 0 0 1 0 0 0
281 7708 0 0 0 0 0 0 0 0 1927 47 0 0
283 2 0 0 0 0 0 0 0 0 0 0 0 0
287 13959 1 1 3854 41 41 0 0 0 3854 522 0 0
304 8 1 1 7 0 0 0 0 0 0 0 0 0
fn=__tunable_get_val
387 80 1 1 0 0 0 0 0 0 0 0 0 0
390 474 1 1 40 36 31 0 0 0 77 17 0 0
399 52 0 0 37 14 0 15 0 0 0 0 0 0
400 15 0 0 0 0 0 0 0 0 0 0 0 0
409 31 1 1 0 0 0 25 0 0 0 0 0 0
416 240 0 0 40 4 0 0 0 0 40 32 0 0
418 40 0 0 40 0 0 0 0 0 0 0 0 0
fl=./elf/./elf/dl-tunables.h
fn=__GI___tunable_set_val
141 10 0 0 0 0 0 0 0 0 5 3 0 0
142 10 1 1 0 0 0 0 0 0 0 0 0 0
151 5 0 0 0 0 0 0 0 0 0 0 0 0
fn=__GI___tunables_init
160 898 1 1 597 1 1 0 0 0 40 8 0 0
161 2191 0 0 0 0 0 0 0 0 562 48 0 0
fl=./elf/./elf/dl-version.c
fn=_dl_check_all_versions
392 7 1 1 0 0 0 5 0 0 0 0 0 0
394 1 0 0 0 0 0 0 0 0 0 0 0 0
396 26 0 0 7 0 0 0 0 0 8 6 0 0
397 7 0 0 0 0 0 0 0 0 0 0 0 0
398 63 1 1 7 0 0 7 0 0 7 7 0 0
401 7 0 0 6 0 0 0 0 0 0 0 0 0
fn=_dl_check_map_versions
36 224 0 0 26 0 0 0 0 0 73 8 0 0
37 60 0 0 60 0 0 0 0 0 0 0 0 0
38 378 1 1 0 0 0 73 0 0 73 6 0 0
56 252 0 0 189 0 0 0 0 0 63 21 0 0
64 189 0 0 63 0 0 0 0 0 63 0 0 0
70 189 1 1 63 0 0 0 0 0 63 0 0 0
86 63 0 0 63 1 0 0 0 0 0 0 0 0
87 126 0 0 0 0 0 0 0 0 63 0 0 0
89 63 0 0 63 0 0 0 0 0 0 0 0 0
94 2543 0 0 1114 35 35 189 0 0 1114 5 0 0
108 2228 0 0 1114 14 14 0 0 0 1114 66 0 0
110 63 1 1 63 1 1 0 0 0 0 0 0 0
113 504 1 1 189 1 1 126 0 0 63 0 0 0
120 3153 1 1 1051 14 14 0 0 0 1051 0 0 0
124 1051 0 0 0 0 0 0 0 0 0 0 0 0
155 70 0 0 0 0 0 42 0 0 0 0 0 0
156 7 0 0 0 0 0 7 0 0 0 0 0 0
164 12 1 1 0 0 0 7 0 0 0 0 0 0
170 21 0 0 7 0 0 0 0 0 7 0 0 0
172 35 1 1 14 0 0 0 0 0 7 1 0 0
174 7 0 0 7 1 0 0 0 0 0 0 0 0
175 7 0 0 7 0 0 0 0 0 0 0 0 0
177 14 0 0 0 0 0 0 0 0 7 2 0 0
180 15 1 1 10 0 0 0 0 0 0 0 0 0
184 40 0 0 5 5 5 25 0 0 5 0 0 0
198 8 0 0 0 0 0 0 0 0 0 0 0 0
200 39 1 1 26 0 0 0 0 0 0 0 0 0
208 39 0 0 13 0 0 0 0 0 13 0 0 0
213 39 0 0 13 2 2 0 0 0 0 0 0 0
215 50 0 0 0 0 0 0 0 0 0 0 0 0
217 252 1 1 126 17 17 63 0 0 0 0 0 0
218 498 1 1 363 0 0 0 0 0 63 13 0 0
221 126 0 0 63 0 0 63 0 0 0 0 0 0
224 189 0 0 126 0 0 0 0 0 63 7 0 0
225 5 0 0 1 0 0 1 0 0 1 0 0 0
228 28 1 1 14 0 0 13 0 0 0 0 0 0
231 252 0 0 63 0 0 0 0 0 0 0 0 0
234 189 0 0 63 0 0 0 0 0 63 16 0 0
239 50 0 0 0 0 0 0 0 0 0 0 0 0
243 39 0 0 13 0 0 0 0 0 13 5 0 0
248 8 0 0 0 0 0 0 0 0 0 0 0 0
257 30 2 2 15 0 0 0 0 0 7 2 0 0
260 10 0 0 10 0 0 0 0 0 0 0 0 0
263 551 0 0 139 6 6 5 0 0 0 0 0 0
266 412 0 0 134 2 2 5 0 0 134 25 0 0
270 129 0 0 0 0 0 0 0 0 0 0 0 0
274 18 1 1 6 0 0 0 0 0 6 1 0 0
279 6 0 0 0 0 0 6 1 0 0 0 0 0
280 24 1 1 6 0 0 6 0 0 0 0 0 0
281 18 0 0 6 0 0 0 0 0 6 0 0 0
291 6 0 0 0 0 0 6 0 0 0 0 0 0
294 32 0 0 19 2 0 6 0 0 6 0 0 0
296 12 0 0 0 0 0 0 0 0 6 1 0 0
299 20 1 1 10 0 0 0 0 0 0 0 0 0
301 8 0 0 0 0 0 0 0 0 0 0 0 0
303 39 0 0 13 0 0 0 0 0 0 0 0 0
306 189 1 1 63 0 0 0 0 0 0 0 0 0
308 252 0 0 0 0 0 0 0 0 63 20 0 0
310 315 0 0 63 0 0 63 0 0 0 0 0 0
311 126 0 0 0 0 0 63 23 23 0 0 0 0
312 189 0 0 63 0 0 63 2 2 0 0 0 0
313 189 0 0 63 0 0 63 2 2 0 0 0 0
316 189 0 0 63 0 0 0 0 0 63 18 0 0
321 50 0 0 0 0 0 0 0 0 0 0 0 0
324 39 0 0 13 0 0 0 0 0 13 3 0 0
329 8 1 1 0 0 0 0 0 0 0 0 0 0
334 12 0 0 0 0 0 0 0 0 6 1 0 0
337 10 0 0 5 0 0 0 0 0 0 0 0 0
341 129 0 0 129 0 0 0 0 0 0 0 0 0
343 268 0 0 134 0 0 0 0 0 134 12 0 0
347 129 0 0 129 0 0 0 0 0 0 0 0 0
348 645 0 0 129 0 0 129 33 33 0 0 0 0
349 387 0 0 129 0 0 129 0 0 0 0 0 0
350 129 0 0 0 0 0 129 17 17 0 0 0 0
353 402 0 0 134 0 0 0 0 0 134 8 0 0
357 129 0 0 0 0 0 0 0 0 0 0 0 0
365 10 0 0 0 0 0 0 0 0 5 1 0 0
366 10 1 1 5 0 0 0 0 0 5 0 0 0
367 10 0 0 5 0 0 0 0 0 5 3 0 0
368 4 0 0 2 0 0 0 0 0 2 1 0 0
370 4 1 1 3 0 0 0 0 0 1 1 0 0
372 124 0 0 32 0 0 0 0 0 31 1 0 0
373 60 1 1 0 0 0 0 0 0 30 3 0 0
375 2 0 0 1 0 0 0 0 0 0 0 0 0
376 7 0 0 0 0 0 1 0 0 1 1 0 0
387 63 1 1 56 0 0 0 0 0 0 0 0 0
fl=./elf/./elf/do-rel.h
fn=_dl_relocate_object
49 42 1 1 14 3 0 0 0 0 0 0 0 0
50 42 0 0 14 0 0 14 0 0 0 0 0 0
51 7 0 0 7 1 0 0 0 0 0 0 0 0
53 70 0 0 28 1 0 0 0 0 0 0 0 0
72 8 0 0 0 0 0 0 0 0 0 0 0 0
73 9 1 1 0 0 0 7 0 0 0 0 0 0
80 42 0 0 14 0 0 0 0 0 14 12 0 0
83 3352 1 1 0 0 0 2 0 0 1114 2 0 0
85 4448 1 1 1112 418 418 0 0 0 1112 2 0 0
96 12 0 0 2 0 0 0 0 0 0 0 0 0
97 4 0 0 0 0 0 0 0 0 2 1 0 0
114 36 1 1 0 0 0 0 0 0 0 0 0 0
123 3346 0 0 0 0 0 0 0 0 1118 24 0 0
124 2212 0 0 1106 142 140 0 0 0 0 0 0 0
126 36 1 1 12 8 0 0 0 0 12 1 0 0
129 40 0 0 20 5 0 10 1 0 10 1 0 0
131 14586 1 1 3661 1 0 0 0 0 3643 38 0 0
133 18165 0 0 10899 1999 1243 0 0 0 0 0 0 0
134 14532 0 0 3633 0 0 3633 1 0 0 0 0 0
135 10899 0 0 7266 1 0 3633 0 0 0 0 0 0
136 14532 0 0 3633 2 0 0 0 0 0 0 0 0
138 10899 1 1 0 0 0 0 0 0 3633 9 0 0
141 272 0 0 68 0 0 68 0 0 0 0 0 0
142 68 1 1 0 0 0 68 0 0 0 0 0 0
143 68 0 0 0 0 0 0 0 0 0 0 0 0
147 3565 0 0 0 0 0 3565 0 0 0 0 0 0
150 10718 1 1 3565 0 0 0 0 0 3565 17 0 0
151 351 2 2 117 1 0 0 0 0 117 6 0 0
164 24 1 1 12 0 0 0 0 0 6 3 0 0
165 285 0 0 9 0 0 6 0 0 87 29 0 0
166 252 1 1 84 0 0 0 0 0 84 9 0 0
169 204 0 0 136 0 0 0 0 0 0 0 0 0
171 272 0 0 68 0 0 68 0 0 0 0 0 0
172 68 0 0 68 0 0 0 0 0 0 0 0 0
173 136 0 0 68 0 0 0 0 0 0 0 0 0
180 31 1 1 9 0 0 0 0 0 8 6 0 0
182 42 1 1 12 2 2 6 0 0 0 0 0 0
183 12 0 0 12 0 0 0 0 0 0 0 0 0
185 18 0 0 0 0 0 0 0 0 6 0 0 0
193 6 0 0 0 0 0 6 0 0 0 0 0 0
196 18 0 0 6 0 0 0 0 0 6 0 0 0
211 7 1 1 4 0 0 0 0 0 1 1 0 0
fn=_dl_start
49 6 0 0 2 0 0 0 0 0 0 0 0 0
50 4 0 0 2 0 0 0 0 0 0 0 0 0
51 1 0 0 1 0 0 0 0 0 0 0 0 0
53 10 1 1 4 0 0 0 0 0 0 0 0 0
56 4 0 0 0 0 0 0 0 0 2 2 0 0
61 13 1 1 0 0 0 0 0 0 5 3 0 0
63 9 1 1 3 1 1 0 0 0 0 0 0 0
64 6 0 0 0 0 0 0 0 0 0 0 0 0
65 3 0 0 3 0 0 0 0 0 0 0 0 0
fl=./elf/./elf/get-dynamic-info.h
fn=_dl_map_object_from_fd
39 10 0 0 0 0 0 0 0 0 5 0 0 0
43 5 0 0 0 0 0 0 0 0 0 0 0 0
45 567 0 0 143 39 39 0 0 0 143 10 0 0
49 276 0 0 0 0 0 0 0 0 138 41 0 0
51 74 1 1 0 0 0 0 0 0 37 4 0 0
52 37 0 0 0 0 0 0 0 0 0 0 0 0
53 6 0 0 0 0 0 0 0 0 0 0 0 0
54 129 1 1 0 0 0 0 0 0 31 5 0 0
55 109 0 0 0 0 0 0 0 0 0 0 0 0
56 25 1 1 0 0 0 0 0 0 5 2 0 0
59 20 1 1 0 0 0 0 0 0 5 0 0 0
62 20 0 0 0 0 0 0 0 0 5 0 0 0
64 20 0 0 0 0 0 0 0 0 0 0 0 0
68 138 0 0 0 0 0 138 33 33 0 0 0 0
72 20 0 0 5 0 0 0 0 0 10 0 0 0
84 17 1 1 7 0 0 0 0 0 5 2 0 0
85 20 0 0 10 0 0 0 0 0 5 0 0 0
86 20 0 0 10 0 0 0 0 0 5 0 0 0
87 20 0 0 10 0 0 0 0 0 5 0 0 0
88 17 0 0 7 3 3 0 0 0 5 2 0 0
89 19 1 1 9 1 1 0 0 0 5 1 0 0
90 19 0 0 9 1 1 0 0 0 5 1 0 0
91 20 0 0 10 0 0 0 0 0 5 0 0 0
103 40 1 1 10 0 0 5 0 0 10 0 0 0
110 16 0 0 5 0 0 0 0 0 5 4 0 0
115 8 0 0 4 0 0 0 0 0 4 0 0 0
122 8 0 0 4 0 0 0 0 0 4 0 0 0
123 15 1 1 10 0 0 0 0 0 5 0 0 0
129 15 0 0 5 0 0 0 0 0 5 3 0 0
130 6 0 0 4 0 0 0 0 0 2 0 0 0
147 15 0 0 5 0 0 0 0 0 5 3 0 0
152 4 0 0 2 0 0 2 0 0 0 0 0 0
154 4 0 0 0 0 0 0 0 0 2 2 0 0
156 4 0 0 0 0 0 0 0 0 2 2 0 0
158 4 0 0 0 0 0 0 0 0 2 2 0 0
159 4 0 0 0 0 0 2 0 0 0 0 0 0
162 15 1 1 5 0 0 0 0 0 5 2 0 0
164 9 1 1 3 0 0 3 0 0 0 0 0 0
165 6 0 0 0 0 0 0 0 0 3 0 0 0
174 6 0 0 3 0 0 0 0 0 0 0 0 0
175 9 1 1 0 0 0 0 0 0 3 3 0 0
180 6 0 0 0 0 0 0 0 0 3 2 0 0
181 6 0 0 2 0 0 2 0 0 0 0 0 0
184 10 0 0 5 0 0 0 0 0 5 5 0 0
fl=./elf/./elf/libc-dl-profstub.c
fn=_dl_mcount_wrapper_check
36 128 1 1 0 0 0 0 0 0 0 0 0 0
37 384 0 0 256 0 0 0 0 0 128 2 0 0
38 128 0 0 128 0 0 0 0 0 0 0 0 0
fl=./elf/./elf/libc_early_init.c
fn=__libc_early_init
33 9 1 1 1 0 0 3 0 0 0 0 0 0
35 1 1 1 0 0 0 1 0 0 0 0 0 0
38 2 0 0 1 1 0 1 1 1 0 0 0 0
41 2 0 0 0 0 0 2 1 1 0 0 0 0
47 4 0 0 2 0 0 0 0 0 1 0 0 0
49 2 0 0 2 0 0 0 0 0 0 0 0 0
fl=./elf/./elf/rtld.c
fn=_dl_start
85 8 0 0 0 0 0 2 1 1 0 0 0 0
458 2 0 0 0 0 0 1 0 0 0 0 0 0
476 3 0 0 0 0 0 1 0 0 0 0 0 0
477 1 0 0 0 0 0 1 0 0 0 0 0 0
478 2 0 0 1 0 0 1 1 1 0 0 0 0
488 1 0 0 0 0 0 1 0 0 0 0 0 0
494 4 2 1 1 0 0 1 0 0 0 0 0 0
496 2 0 0 1 0 0 0 0 0 1 0 0 0
517 16 2 2 0 0 0 8 2 2 0 0 0 0
543 1 0 0 0 0 0 1 1 1 0 0 0 0
546 2 1 1 0 0 0 1 1 1 0 0 0 0
547 4 0 0 1 1 1 0 0 0 0 0 0 0
563 190 5 5 24 5 5 5 0 0 57 24 0 0
565 1 0 0 1 0 0 0 0 0 0 0 0 0
578 1 1 1 0 0 0 1 0 0 0 0 0 0
585 9 1 1 7 2 0 0 0 0 0 0 0 0
fn=dl_main
85 17 2 2 0 0 0 1 0 0 0 0 0 0
92 12 1 1 0 0 0 0 0 0 0 0 0 0
93 2 0 0 0 0 0 1 1 0 0 0 0 0
101 9 0 0 4 0 0 0 0 0 0 0 0 0
197 2 0 0 0 0 0 1 0 0 0 0 0 0
199 1 0 0 0 0 0 1 0 0 0 0 0 0
224 3 0 0 3 0 0 0 0 0 0 0 0 0
225 5 0 0 3 0 0 0 0 0 1 1 0 0
226 4 1 1 0 0 0 0 0 0 2 1 0 0
296 3 1 1 0 0 0 3 0 0 0 0 0 0
302 1 0 0 0 0 0 1 0 0 0 0 0 0
303 1 0 0 0 0 0 1 0 0 0 0 0 0
837 1 0 0 1 0 0 0 0 0 0 0 0 0
839 1 0 0 0 0 0 1 0 0 0 0 0 0
848 1 1 1 0 0 0 1 0 0 0 0 0 0
850 1 0 0 0 0 0 1 0 0 0 0 0 0
855 1 0 0 0 0 0 1 0 0 0 0 0 0
1115 1 0 0 1 0 0 0 0 0 0 0 0 0
1116 1 1 1 1 0 0 0 0 0 0 0 0 0
1118 1 0 0 0 0 0 1 0 0 0 0 0 0
1122 3 0 0 2 1 1 1 1 1 0 0 0 0
1124 1 0 0 1 0 0 0 0 0 0 0 0 0
1125 1 0 0 1 0 0 0 0 0 0 0 0 0
1140 1 0 0 0 0 0 0 0 0 0 0 0 0
1143 50 5 5 0 0 0 1 0 0 15 12 0 0
1144 127 1 1 24 7 7 0 0 0 31 7 10 6
1148 4 1 1 2 0 0 1 0 0 0 0 0 0
1153 3 0 0 2 0 0 1 0 0 0 0 0 0
1154 9 1 1 2 0 0 1 0 0 0 0 0 0
1163 2 0 0 0 0 0 1 0 0 0 0 0 0
1164 2 0 0 2 1 1 0 0 0 0 0 0 0
1166 1 0 0 0 0 0 1 0 0 0 0 0 0
1173 3 1 1 1 0 0 0 0 0 1 0 0 0
1191 2 0 0 0 0 0 1 0 0 0 0 0 0
1199 8 0 0 4 0 0 0 0 0 0 0 0 0
1200 17 0 0 5 1 1 0 0 0 0 0 0 0
1201 8 0 0 4 0 0 0 0 0 4 3 0 0
1202 1 0 0 0 0 0 1 0 0 0 0 0 0
1204 12 0 0 4 0 0 0 0 0 0 0 0 0
1205 14 0 0 0 0 0 0 0 0 7 3 0 0
1209 8 0 0 4 3 3 0 0 0 0 0 0 0
1210 8 0 0 4 0 0 0 0 0 4 0 0 0
1211 4 0 0 0 0 0 4 0 0 0 0 0 0
1215 12 0 0 0 0 0 0 0 0 0 0 0 0
1221 3 1 1 1 1 1 0 0 0 1 0 0 0
1227 4 0 0 0 0 0 1 1 1 0 0 0 0
1228 1 0 0 1 0 0 0 0 0 0 0 0 0
1233 4 0 0 0 0 0 0 0 0 0 0 0 0
1234 2 0 0 1 0 0 1 0 0 0 0 0 0
1235 1 0 0 0 0 0 1 0 0 0 0 0 0
1238 2 0 0 0 0 0 2 1 1 0 0 0 0
1243 2 1 1 1 0 0 1 0 0 0 0 0 0
1247 3 0 0 2 1 1 1 0 0 0 0 0 0
1253 30 0 0 1 0 0 0 0 0 14 1 0 0
1254 66 0 0 14 0 0 0 0 0 26 15 0 0
1260 18 0 0 0 0 0 1 0 0 0 0 0 0
1266 4 0 0 2 0 0 0 0 0 1 0 0 0
1268 3 1 1 2 0 0 1 0 0 0 0 0 0
1269 3 0 0 2 0 0 0 0 0 1 1 0 0
1271 3 0 0 1 0 0 0 0 0 1 0 0 0
1346 13 2 2 0 0 0 9 1 1 0 0 0 0
1351 1 0 0 0 0 0 0 0 0 0 0 0 0
1352 1 0 0 0 0 0 1 0 0 0 0 0 0
1357 1 0 0 0 0 0 1 1 1 0 0 0 0
1373 3 0 0 2 0 0 1 0 0 0 0 0 0
1374 4 1 1 2 0 0 0 0 0 1 1 0 0
1637 10 1 1 0 0 0 3 0 0 0 0 0 0
1639 2 0 0 0 0 0 0 0 0 1 0 0 0
1640 3 1 1 0 0 0 1 0 0 0 0 0 0
1641 2 0 0 1 0 0 1 0 0 0 0 0 0
1642 3 0 0 2 0 0 1 0 0 0 0 0 0
1646 2 0 0 0 0 0 1 0 0 0 0 0 0
1647 2 0 0 1 0 0 0 0 0 1 0 0 0
1672 3 1 1 1 0 0 0 0 0 1 0 0 0
1673 5 0 0 1 0 0 1 0 0 1 0 0 0
1674 3 0 0 2 0 0 0 0 0 0 0 0 0
1675 3 0 0 3 0 0 0 0 0 0 0 0 0
1678 1 0 0 0 0 0 1 0 0 0 0 0 0
1680 1 1 1 0 0 0 1 1 1 0 0 0 0
1681 1 0 0 0 0 0 1 0 0 0 0 0 0
1683 2 0 0 1 0 0 0 0 0 1 0 0 0
1684 2 0 0 0 0 0 1 0 0 0 0 0 0
1688 2 0 0 1 0 0 0 0 0 1 0 0 0
1690 2 1 1 0 0 0 0 0 0 1 0 0 0
1698 4 0 0 2 0 0 0 0 0 1 1 0 0
1705 2 1 1 1 0 0 1 0 0 0 0 0 0
1708 2 1 1 1 0 0 0 0 0 1 0 0 0
1733 4 1 1 1 0 0 1 0 0 0 0 0 0
1735 1 0 0 0 0 0 1 0 0 0 0 0 0
1740 2 0 0 1 0 0 0 0 0 1 1 0 0
1743 4 1 1 2 0 0 1 0 0 0 0 0 0
1744 4 0 0 1 0 0 1 0 0 0 0 0 0
1745 3 1 1 2 0 0 1 0 0 0 0 0 0
1746 1 0 0 0 0 0 1 0 0 0 0 0 0
1747 1 0 0 1 0 0 0 0 0 0 0 0 0
1748 1 0 0 1 0 0 0 0 0 0 0 0 0
1759 2 0 0 1 1 1 0 0 0 1 0 0 0
1760 2 0 0 1 0 0 0 0 0 1 0 0 0
1762 2 1 1 1 0 0 0 0 0 0 0 0 0
1764 1 0 0 0 0 0 1 0 0 0 0 0 0
1765 3 0 0 1 0 0 1 0 0 0 0 0 0
1770 5 1 1 0 0 0 0 0 0 1 1 0 0
1771 5 0 0 1 1 1 0 0 0 1 1 0 0
1773 3 2 2 2 1 1 1 1 1 0 0 0 0
1779 2 0 0 1 1 1 0 0 0 1 1 0 0
1788 2 1 1 1 0 0 0 0 0 1 0 0 0
1792 1 0 0 0 0 0 0 0 0 0 0 0 0
1793 2 0 0 1 0 0 0 0 0 1 0 0 0
1817 2 1 1 0 0 0 2 0 0 0 0 0 0
1823 1 0 0 0 0 0 1 0 0 0 0 0 0
1824 1 0 0 0 0 0 1 0 0 0 0 0 0
1825 1 0 0 0 0 0 0 0 0 0 0 0 0
1829 3 0 0 1 0 0 1 0 0 0 0 0 0
1834 3 1 1 2 0 0 0 0 0 1 0 0 0
1836 1 0 0 0 0 0 0 0 0 0 0 0 0
1838 2 0 0 1 0 0 0 0 0 1 1 0 0
1842 5 1 1 2 0 0 1 0 0 0 0 0 0
1847 2 0 0 1 0 0 0 0 0 1 0 0 0
1863 6 1 1 0 0 0 1 0 0 1 0 0 0
1939 4 0 0 2 0 0 0 0 0 1 1 0 0
1943 19 2 2 1 0 0 0 0 0 2 1 0 0
1944 1 0 0 0 0 0 0 0 0 0 0 0 0
1947 3 0 0 0 0 0 1 0 0 0 0 0 0
1948 1 1 1 1 0 0 0 0 0 0 0 0 0
1949 2 0 0 0 0 0 0 0 0 1 0 0 0
1950 2 0 0 0 0 0 0 0 0 1 0 0 0
1955 3 0 0 1 0 0 0 0 0 1 1 0 0
1965 9 1 1 2 0 0 1 0 0 0 0 0 0
1971 31 1 1 1 0 0 0 0 0 8 6 0 0
1972 18 0 0 15 0 0 0 0 0 0 0 0 0
1975 3 0 0 2 0 0 1 0 0 0 0 0 0
1976 2 1 1 0 0 0 0 0 0 1 0 0 0
1977 1 0 0 0 0 0 1 0 0 0 0 0 0
1979 26 0 0 1 0 0 0 0 0 6 0 0 0
1980 12 0 0 6 0 0 0 0 0 6 5 0 0
1984 2 1 1 0 0 0 0 0 0 1 0 0 0
1990 1 1 1 0 0 0 1 0 0 0 0 0 0
1992 3 0 0 1 0 0 1 0 0 0 0 0 0
1993 2 0 0 0 0 0 0 0 0 1 0 0 0
1995 2 0 0 0 0 0 1 0 0 0 0 0 0
1997 3 0 0 0 0 0 0 0 0 1 1 0 0
1999 3 1 1 1 0 0 0 0 0 0 0 0 0
2000 1 0 0 1 0 0 0 0 0 0 0 0 0
2001 2 0 0 0 0 0 0 0 0 1 1 0 0
2013 2 0 0 0 0 0 0 0 0 1 0 0 0
2014 2 0 0 1 0 0 1 0 0 0 0 0 0
2015 3 0 0 1 0 0 0 0 0 1 1 0 0
2026 5 0 0 1 0 0 1 0 0 0 0 0 0
2027 4 0 0 0 0 0 1 0 0 0 0 0 0
2028 5 1 1 0 0 0 1 0 0 0 0 0 0
2038 2 0 0 1 0 0 1 0 0 0 0 0 0
2039 2 0 0 1 0 0 0 0 0 1 1 0 0
2040 4 1 1 0 0 0 2 0 0 0 0 0 0
2042 2 0 0 0 0 0 0 0 0 1 0 0 0
2047 3 0 0 1 0 0 0 0 0 1 0 0 0
2246 3 0 0 1 0 0 1 0 0 0 0 0 0
2250 3 0 0 1 0 0 2 0 0 0 0 0 0
2256 2 1 1 1 0 0 1 0 0 0 0 0 0
2259 2 0 0 1 0 0 0 0 0 1 0 0 0
2267 2 0 0 2 0 0 0 0 0 0 0 0 0
2279 3 1 1 1 0 0 0 0 0 0 0 0 0
2282 3 0 0 1 0 0 1 0 0 0 0 0 0
2284 3 0 0 1 0 0 0 0 0 1 1 0 0
2285 6 0 0 1 0 0 1 0 0 0 0 0 0
2292 2 0 0 2 1 0 0 0 0 0 0 0 0
2293 30 0 0 3 1 0 1 0 0 8 3 0 0
2295 14 1 1 14 3 0 0 0 0 0 0 0 0
2300 14 0 0 14 7 0 0 0 0 0 0 0 0
2302 16 0 0 0 0 0 0 0 0 8 3 0 0
2304 1 1 1 0 0 0 1 0 0 0 0 0 0
2305 1 0 0 1 0 0 0 0 0 0 0 0 0
2308 7 0 0 7 0 0 0 0 0 0 0 0 0
2310 14 0 0 0 0 0 0 0 0 7 1 0 0
2311 48 0 0 12 6 0 6 0 0 0 0 0 0
2315 22 1 1 11 5 0 0 0 0 11 3 0 0
2316 12 0 0 0 0 0 4 0 0 0 0 0 0
2325 2 0 0 1 0 0 0 0 0 1 0 0 0
2329 4 0 0 2 0 0 0 0 0 2 1 0 0
2331 1 0 0 1 0 0 0 0 0 0 0 0 0
2338 4 1 1 1 0 0 1 0 0 0 0 0 0
2341 2 0 0 1 0 0 0 0 0 1 1 0 0
2345 3 1 1 2 1 0 0 0 0 1 0 0 0
2347 2 0 0 1 0 0 0 0 0 1 1 0 0
2357 1 1 1 0 0 0 1 0 0 0 0 0 0
2362 3 0 0 1 0 0 1 0 0 0 0 0 0
2365 1 0 0 0 0 0 1 0 0 0 0 0 0
2371 1 0 0 1 0 0 0 0 0 0 0 0 0
2372 5 1 1 2 0 0 1 0 0 0 0 0 0
2380 3 0 0 1 0 0 1 0 0 0 0 0 0
2387 1 0 0 0 0 0 1 0 0 0 0 0 0
2390 3 0 0 0 0 0 1 0 0 0 0 0 0
2394 3 0 0 0 0 0 1 0 0 0 0 0 0
2395 1 0 0 0 0 0 1 1 0 0 0 0 0
2396 1 0 0 0 0 0 1 0 0 0 0 0 0
2397 1 0 0 0 0 0 0 0 0 0 0 0 0
2401 1 0 0 0 0 0 1 0 0 0 0 0 0
2406 8 0 0 7 2 0 0 0 0 0 0 0 0
2538 1 0 0 1 0 0 0 0 0 0 0 0 0
2598 1 0 0 0 0 0 1 0 0 0 0 0 0
2600 2 0 0 0 0 0 0 0 0 0 0 0 0
2602 15 1 1 0 0 0 3 0 0 3 1 0 0
2604 2 0 0 0 0 0 0 0 0 0 0 0 0
2606 107 0 0 21 0 0 0 0 0 40 10 0 0
2607 19 0 0 0 0 0 0 0 0 0 0 0 0
2615 13 1 1 2 2 2 0 0 0 2 0 2 2
2640 2 1 1 1 0 0 0 0 0 1 0 0 0
2650 4 1 1 2 0 0 0 0 0 2 1 0 0
2652 2 0 0 0 0 0 1 0 0 0 0 0 0
2653 1 0 0 0 0 0 0 0 0 0 0 0 0
2687 5 2 2 2 0 0 0 0 0 2 1 0 0
2689 2 0 0 0 0 0 1 0 0 0 0 0 0
2690 2 0 0 0 0 0 1 0 0 0 0 0 0
2691 1 0 0 0 0 0 0 0 0 0 0 0 0
2727 5 0 0 1 0 0 0 0 0 1 0 0 0
2749 3 0 0 1 0 0 0 0 0 1 0 0 0
fn=handle_preload_list
183 3 0 0 1 0 0 0 0 0 1 0 0 0
806 1 0 0 0 0 0 1 0 0 0 0 0 0
810 2 0 0 0 0 0 1 0 0 0 0 0 0
811 2 0 0 1 0 0 1 0 0 0 0 0 0
812 1 0 0 0 0 0 1 0 0 0 0 0 0
814 1 0 0 1 0 0 0 0 0 0 0 0 0
816 6 1 1 0 0 0 1 0 0 0 0 0 0
817 3 0 0 1 0 0 0 0 0 1 0 0 0
825 3 0 0 1 0 0 0 0 0 0 0 0 0
869 13 2 2 1 1 1 8 1 1 0 0 0 0
870 3 0 0 0 0 0 0 0 0 0 0 0 0
874 5 0 0 2 0 0 0 0 0 2 0 0 0
877 4 1 1 0 0 0 1 0 0 0 0 0 0
878 3 0 0 0 0 0 0 0 0 1 1 0 0
880 4 1 1 0 0 0 1 0 0 0 0 0 0
881 2 0 0 0 0 0 1 0 0 0 0 0 0
887 1 0 0 0 0 0 0 0 0 0 0 0 0
889 2 0 0 1 0 0 0 0 0 0 0 0 0
891 2 1 1 1 0 0 0 0 0 1 0 0 0
892 1 0 0 0 0 0 0 0 0 0 0 0 0
895 9 0 0 7 0 0 0 0 0 0 0 0 0
fn=init_tls
734 4 1 1 0 0 0 3 0 0 0 0 0 0
736 2 0 0 1 0 0 1 0 0 0 0 0 0
740 3 0 0 1 1 0 0 0 0 1 0 0 0
746 2 0 0 0 0 0 1 1 1 0 0 0 0
749 1 0 0 0 0 0 1 0 0 0 0 0 0
750 1 0 0 0 0 0 0 0 0 0 0 0 0
751 1 0 0 0 0 0 0 0 0 0 0 0 0
755 1 0 0 0 0 0 0 0 0 0 0 0 0
757 1 0 0 0 0 0 1 0 0 0 0 0 0
761 2 1 1 1 1 1 0 0 0 1 0 0 0
762 2 0 0 0 0 0 0 0 0 0 0 0 0
763 18 0 0 1 0 0 0 0 0 8 6 0 0
764 7 1 1 7 0 0 0 0 0 0 0 0 0
765 14 1 1 7 1 0 0 0 0 7 3 0 0
769 12 0 0 0 0 0 4 1 1 0 0 0 0
771 4 0 0 0 0 0 0 0 0 0 0 0 0
773 3 0 0 1 0 0 0 0 0 1 0 0 0
776 2 0 0 0 0 0 1 0 0 0 0 0 0
779 1 0 0 0 0 0 1 0 0 0 0 0 0
786 2 1 1 0 0 0 1 0 0 0 0 0 0
787 2 0 0 0 0 0 0 0 0 1 0 0 0
793 2 0 0 1 0 0 1 0 0 0 0 0 0
797 1 0 0 0 0 0 1 0 0 0 0 0 0
800 5 0 0 4 0 0 0 0 0 0 0 0 0
fn=map_doit
641 6 1 1 0 0 0 2 1 1 0 0 0 0
643 4 0 0 1 0 0 0 0 0 0 0 0 0
644 6 0 0 2 0 0 2 0 0 0 0 0 0
646 3 0 0 3 0 0 0 0 0 0 0 0 0
fn=version_check_doit
674 6 2 2 0 0 0 2 0 0 0 0 0 0
676 6 0 0 2 0 0 1 0 0 1 1 0 0
680 3 0 0 3 0 0 0 0 0 0 0 0 0
fl=./elf/./get-dynamic-info.h
fn=_dl_start
45 75 0 0 19 5 5 0 0 0 19 2 0 0
49 36 0 0 0 0 0 0 0 0 18 12 0 0
51 10 0 0 0 0 0 0 0 0 5 0 0 0
52 5 1 1 0 0 0 0 0 0 0 0 0 0
54 20 0 0 0 0 0 0 0 0 5 1 0 0
55 16 0 0 0 0 0 0 0 0 0 0 0 0
56 5 0 0 0 0 0 0 0 0 1 1 0 0
59 4 1 1 0 0 0 0 0 0 1 1 0 0
62 4 1 1 0 0 0 0 0 0 1 0 0 0
64 4 0 0 0 0 0 0 0 0 0 0 0 0
68 18 0 0 0 0 0 18 7 7 0 0 0 0
72 3 0 0 0 0 0 0 0 0 1 0 0 0
84 4 0 0 2 0 0 0 0 0 1 0 0 0
85 3 0 0 1 0 0 0 0 0 1 1 0 0
86 4 1 1 2 0 0 0 0 0 1 0 0 0
87 4 0 0 2 0 0 0 0 0 1 0 0 0
88 5 0 0 2 0 0 0 0 0 1 0 0 0
89 3 1 1 1 0 0 0 0 0 1 1 0 0
90 4 0 0 2 0 0 0 0 0 1 0 0 0
91 4 0 0 2 0 0 0 0 0 1 0 0 0
103 10 2 2 2 0 0 1 0 0 2 1 0 0
110 3 0 0 1 1 1 0 0 0 1 1 0 0
123 3 2 2 2 0 0 0 0 0 1 0 0 0
129 3 0 0 1 0 0 0 0 0 1 0 0 0
130 3 0 0 2 0 0 0 0 0 1 0 0 0
133 2 0 0 1 0 0 0 0 0 1 0 0 0
134 3 0 0 1 0 0 0 0 0 1 0 0 0
139 5 1 1 2 0 0 0 0 0 2 0 0 0
142 5 0 0 2 0 0 0 0 0 2 0 0 0
fn=dl_main
39 4 0 0 2 0 0 0 0 0 1 0 0 0
43 1 0 0 0 0 0 0 0 0 0 0 0 0
45 119 0 0 30 8 8 0 0 0 30 2 0 0
49 58 1 1 0 0 0 0 0 0 29 9 0 0
51 12 0 0 0 0 0 0 0 0 6 0 0 0
52 6 0 0 0 0 0 0 0 0 0 0 0 0
54 25 0 0 0 0 0 0 0 0 6 1 0 0
55 21 0 0 0 0 0 0 0 0 0 0 0 0
56 5 1 1 0 0 0 0 0 0 1 0 0 0
59 4 0 0 0 0 0 0 0 0 1 1 0 0
62 4 1 1 0 0 0 0 0 0 1 0 0 0
64 4 0 0 0 0 0 0 0 0 0 0 0 0
68 29 0 0 0 0 0 29 8 8 0 0 0 0
72 7 1 1 4 0 0 0 0 0 2 1 0 0
84 3 0 0 1 0 0 0 0 0 1 1 0 0
85 5 1 1 3 0 0 0 0 0 1 0 0 0
86 5 0 0 3 0 0 0 0 0 1 0 0 0
87 5 0 0 3 0 0 0 0 0 1 0 0 0
88 4 0 0 2 0 0 0 0 0 1 1 0 0
89 5 1 1 3 0 0 0 0 0 1 0 0 0
90 5 0 0 3 0 0 0 0 0 1 0 0 0
91 5 1 1 3 0 0 0 0 0 1 0 0 0
103 9 0 0 3 0 0 1 0 0 2 0 0 0
110 3 0 0 1 0 0 0 0 0 1 1 0 0
115 2 1 1 1 0 0 0 0 0 1 0 0 0
122 3 0 0 2 0 0 0 0 0 1 0 0 0
123 4 1 1 3 0 0 0 0 0 1 0 0 0
129 3 0 0 1 0 0 0 0 0 1 1 0 0
147 4 0 0 2 0 0 0 0 0 1 0 0 0
152 2 1 1 1 0 0 1 1 1 0 0 0 0
154 2 0 0 0 0 0 0 0 0 1 1 0 0
156 2 0 0 0 0 0 0 0 0 1 1 0 0
158 2 0 0 0 0 0 0 0 0 1 0 0 0
159 2 0 0 1 0 0 1 0 0 0 0 0 0
162 4 1 1 2 0 0 0 0 0 1 0 0 0
164 3 0 0 1 0 0 1 0 0 0 0 0 0
165 2 0 0 0 0 0 0 0 0 1 1 0 0
174 2 0 0 1 0 0 0 0 0 0 0 0 0
175 3 1 1 0 0 0 0 0 0 1 1 0 0
180 2 0 0 0 0 0 0 0 0 1 0 0 0
181 3 1 1 2 0 0 1 0 0 0 0 0 0
184 3 0 0 2 0 0 0 0 0 1 1 0 0
fl=./elf/./setup-vdso.h
fn=dl_main
24 2 0 0 1 0 0 0 0 0 1 1 0 0
fl=./iconv/./iconv/gconv_simple.c
fn=__gconv_btwoc_ascii
49 128 1 1 0 0 0 0 0 0 0 0 0 0
51 512 0 0 0 0 0 0 0 0 0 0 0 0
54 128 0 0 128 0 0 0 0 0 0 0 0 0
fl=./io/../sysdeps/unix/sysv/linux/access.c
fn=access
25 1 0 0 0 0 0 0 0 0 0 0 0 0
27 7 0 0 0 0 0 1 0 0 1 1 0 0
31 1 0 0 1 0 0 0 0 0 0 0 0 0
fl=./io/../sysdeps/unix/sysv/linux/close_nocancel.c
fn=__GI___close_nocancel
25 6 1 1 0 0 0 0 0 0 0 0 0 0
26 24 0 0 0 0 0 0 0 0 6 0 0 0
27 6 0 0 6 0 0 0 0 0 0 0 0 0
fn=__close_nocancel
25 8 1 1 0 0 0 0 0 0 0 0 0 0
26 32 1 1 0 0 0 0 0 0 8 0 0 0
27 8 0 0 8 0 0 0 0 0 0 0 0 0
fl=./io/../sysdeps/unix/sysv/linux/fstat64.c
fn=fstat
30 7 2 2 0 0 0 0 0 0 0 0 0 0
39 28 2 2 0 0 0 0 0 0 7 0 0 0
72 7 0 0 7 0 0 0 0 0 0 0 0 0
fl=./io/../sysdeps/unix/sysv/linux/fstatat64.c
fn=fstatat
91 18 0 0 0 0 0 0 0 0 0 0 0 0
146 18 0 0 0 0 0 0 0 0 0 0 0 0
160 14 1 1 0 0 0 7 0 0 0 0 0 0
161 34 0 0 7 0 0 0 0 0 9 5 0 0
162 2 0 0 2 0 0 0 0 0 0 0 0 0
fl=./io/../sysdeps/unix/sysv/linux/open64.c
fn=open
30 36 1 1 3 0 0 15 0 0 0 0 0 0
33 21 1 1 0 0 0 0 0 0 6 0 0 0
41 27 0 0 3 0 0 0 0 0 6 0 0 0
43 24 1 1 18 0 0 0 0 0 3 0 0 0
fl=./io/../sysdeps/unix/sysv/linux/open64_nocancel.c
fn=__open_nocancel
28 172 3 3 5 0 0 81 7 7 0 0 0 0
31 266 0 0 0 0 0 0 0 0 76 3 0 0
39 347 1 1 0 0 0 27 0 0 38 4 0 0
41 91 0 0 86 12 0 0 0 0 5 0 0 0
fl=./io/../sysdeps/unix/sysv/linux/pread64_nocancel.c
fn=__pread64_nocancel
25 4 0 0 0 0 0 0 0 0 0 0 0 0
26 8 0 0 0 0 0 0 0 0 2 0 0 0
27 2 0 0 2 0 0 0 0 0 0 0 0 0
fl=./io/../sysdeps/unix/sysv/linux/read.c
fn=read
25 1515 1 1 0 0 0 0 0 0 0 0 0 0
26 9090 0 0 1515 1 0 0 0 0 3030 0 0 0
27 1515 0 0 1515 0 0 0 0 0 0 0 0 0
fl=./io/../sysdeps/unix/sysv/linux/read_nocancel.c
fn=__read_nocancel
25 10 2 2 0 0 0 0 0 0 0 0 0 0
26 40 0 0 0 0 0 0 0 0 10 0 0 0
27 10 0 0 10 0 0 0 0 0 0 0 0 0
fl=./io/../sysdeps/unix/sysv/linux/stat64.c
fn=stat
28 18 0 0 0 0 0 0 0 0 0 0 0 0
29 36 0 0 0 0 0 0 0 0 0 0 0 0
fl=./io/../sysdeps/unix/sysv/linux/write.c
fn=write
25 2 1 1 0 0 0 0 0 0 0 0 0 0
26 12 0 0 2 0 0 0 0 0 4 0 0 0
27 2 0 0 2 0 0 0 0 0 0 0 0 0
fl=./libio/../include/printf_buffer.h
fn=__vsnprintf_internal
124 54 0 0 0 0 0 18 18 18 0 0 0 0
127 18 0 0 0 0 0 18 0 0 0 0 0 0
128 18 0 0 0 0 0 18 0 0 0 0 0 0
137 36 0 0 0 0 0 18 0 0 0 0 0 0
fl=./libio/../include/sys/sysmacros.h
fn=_IO_file_doallocate
47 6 0 0 0 0 0 0 0 0 0 0 0 0
fl=./libio/./libio/filedoalloc.c
fn=_IO_file_doallocate
78 11 2 2 1 0 0 5 0 0 0 0 0 0
84 9 1 1 3 2 0 1 0 0 2 0 1 1
86 4 0 0 1 0 0 0 0 0 1 1 0 0
89 2 1 1 0 0 0 0 0 0 1 0 0 0
91 2 1 1 1 0 0 0 0 0 0 0 0 0
94 2 0 0 1 0 0 0 0 0 0 0 0 0
97 4 0 0 1 0 0 0 0 0 1 1 0 0
101 3 0 0 0 0 0 1 0 0 0 0 0 0
102 2 0 0 0 0 0 0 0 0 1 0 0 0
104 4 1 1 0 0 0 1 0 0 0 0 0 0
105 1 0 0 0 0 0 0 0 0 0 0 0 0
106 9 0 0 7 0 0 0 0 0 1 1 0 0
fl=./libio/./libio/fileno.c
fn=fileno
32 1515 1 1 0 0 0 0 0 0 0 0 0 0
35 7575 0 0 3030 4 0 0 0 0 3030 1 0 0
42 1515 0 0 1515 0 0 0 0 0 0 0 0 0
fl=./libio/./libio/fileops.c
fn=_IO_do_write@@GLIBC_2.2.5
424 25 1 1 0 0 0 12 0 0 0 0 0 0
426 17 0 0 0 0 0 0 0 0 3 2 0 0
427 17 0 0 15 0 0 0 0 0 0 0 0 0
434 4 1 1 2 0 0 0 0 0 2 0 0 0
441 8 0 0 4 0 0 0 0 0 2 2 0 0
444 2 0 0 2 0 0 0 0 0 0 0 0 0
449 10 0 0 2 0 0 2 0 0 0 0 2 1
450 10 1 1 2 0 0 0 0 0 2 0 0 0
452 6 0 0 2 0 0 4 0 0 0 0 0 0
453 4 0 0 0 0 0 2 0 0 0 0 0 0
454 2 0 0 0 0 0 2 0 0 0 0 0 0
455 4 1 1 2 0 0 0 0 0 2 2 0 0
456 8 0 0 2 0 0 0 0 0 2 2 0 0
fn=_IO_file_close
1165 3 1 1 0 0 0 0 0 0 0 0 0 0
1168 6 0 0 3 0 0 0 0 0 0 0 0 0
fn=_IO_file_close_it@@GLIBC_2.2.5
128 21 1 1 0 0 0 12 0 0 0 0 0 0
130 9 0 0 3 0 0 0 0 0 3 0 0 0
133 6 1 1 0 0 0 0 0 0 3 0 0 0
134 9 0 0 3 0 0 0 0 0 0 0 0 0
137 3 0 0 0 0 0 0 0 0 0 0 0 0
139 6 0 0 0 0 0 3 0 0 0 0 0 0
142 21 1 1 9 2 0 3 0 0 3 3 3 1
145 9 0 0 3 2 0 0 0 0 3 2 0 0
153 15 1 1 0 0 0 3 0 0 0 0 0 0
154 12 0 0 0 0 0 9 0 0 0 0 0 0
157 6 0 0 0 0 0 3 0 0 0 0 0 0
158 3 0 0 0 0 0 3 0 0 0 0 0 0
159 3 0 0 0 0 0 3 0 0 0 0 0 0
160 3 0 0 0 0 0 3 0 0 0 0 0 0
162 6 1 1 0 0 0 0 0 0 0 0 0 0
163 21 0 0 15 0 0 0 0 0 0 0 0 0
fn=_IO_file_finish@@GLIBC_2.2.5
168 18 1 1 0 0 0 9 0 0 0 0 0 0
169 6 0 0 3 0 0 0 0 0 3 2 0 0
175 9 1 1 0 0 0 0 0 0 0 0 0 0
176 9 0 0 9 0 0 0 0 0 0 0 0 0
fn=_IO_file_fopen@@GLIBC_2.2.5
213 36 1 1 3 0 0 21 0 0 0 0 0 0
214 3 1 1 0 0 0 0 0 0 0 0 0 0
222 6 0 0 3 0 0 0 0 0 3 0 0 0
224 18 1 1 3 3 1 0 0 0 3 2 0 0
227 3 0 0 0 0 0 0 0 0 0 0 0 0
228 6 0 0 0 0 0 0 0 0 0 0 0 0
247 36 2 2 3 0 0 0 0 0 12 7 0 0
281 15 1 1 0 0 0 3 0 0 0 0 0 0
284 6 0 0 0 0 0 0 0 0 3 0 0 0
287 12 0 0 0 0 0 3 0 0 0 0 0 0
288 6 0 0 0 0 0 0 0 0 3 2 0 0
357 36 1 1 27 0 0 0 0 0 3 0 0 0
fn=_IO_file_open
182 36 1 1 0 0 0 12 0 0 0 0 0 0
184 6 1 1 3 0 0 0 0 0 3 0 0 0
185 3 0 0 0 0 0 0 0 0 0 0 0 0
188 6 0 0 0 0 0 3 0 0 0 0 0 0
189 6 0 0 0 0 0 0 0 0 3 3 0 0
191 3 0 0 0 0 0 3 0 0 0 0 0 0
192 18 0 0 3 0 0 3 0 0 0 0 0 0
195 9 0 0 0 0 0 0 0 0 3 2 0 0
205 6 1 1 0 0 0 3 0 0 0 0 0 0
206 3 0 0 0 0 0 0 0 0 0 0 0 0
207 18 1 1 15 0 0 0 0 0 0 0 0 0
fn=_IO_file_overflow@@GLIBC_2.2.5
732 504 2 2 0 0 0 252 0 0 0 0 0 0
733 252 0 0 63 0 0 0 0 0 63 0 0 0
740 313 0 0 63 0 0 0 0 0 125 3 0 0
743 2 1 1 0 0 0 0 0 0 1 1 0 0
745 2 1 1 0 0 0 1 0 0 0 0 0 0
746 6 0 0 1 0 0 2 0 0 0 0 0 0
755 3 1 1 1 0 0 0 0 0 1 0 0 0
764 3 0 0 1 0 0 0 0 0 1 1 0 0
765 1 0 0 0 0 0 0 0 0 0 0 0 0
766 1 0 0 0 0 0 1 0 0 0 0 0 0
767 1 0 0 0 0 0 1 0 0 0 0 0 0
768 1 0 0 0 0 0 1 0 0 0 0 0 0
769 3 0 0 1 0 0 2 0 0 0 0 0 0
771 3 0 0 0 0 0 1 0 0 0 0 0 0
772 5 1 1 1 0 0 0 0 0 1 0 0 0
773 2 0 0 0 0 0 1 0 0 0 0 0 0
775 126 1 1 0 0 0 0 0 0 63 0 0 0
776 4 0 0 0 0 0 0 0 0 0 0 0 0
777 64 0 0 62 0 0 0 0 0 0 0 0 0
778 122 0 0 61 0 0 0 0 0 61 0 0 0
781 183 0 0 0 0 0 122 1 1 0 0 0 0
782 183 0 0 61 0 0 0 0 0 61 0 0 0
783 244 0 0 0 0 0 0 0 0 61 2 0 0
784 4 0 0 0 0 0 1 0 0 1 1 0 0
785 3 0 0 2 0 0 0 0 0 0 0 0 0
787 61 0 0 0 0 0 0 0 0 0 0 0 0
788 376 0 0 313 0 0 0 0 0 0 0 0 0
fn=_IO_file_stat
1147 1 1 1 0 0 0 0 0 0 0 0 0 0
1148 2 0 0 1 0 0 0 0 0 0 0 0 0
fn=_IO_file_write@@GLIBC_2.2.5
1174 16 1 1 0 0 0 10 0 0 0 0 0 0
1175 4 0 0 0 0 0 0 0 0 0 0 0 0
1176 12 0 0 0 0 0 0 0 0 4 2 0 0
1180 6 1 1 2 0 0 0 0 0 0 0 0 0
1181 6 0 0 2 0 0 2 0 0 2 2 0 0
1182 4 0 0 0 0 0 0 0 0 2 0 0 0
1187 2 0 0 0 0 0 0 0 0 0 0 0 0
1188 2 0 0 0 0 0 0 0 0 0 0 0 0
1190 6 0 0 0 0 0 0 0 0 0 0 0 0
1191 6 0 0 2 0 0 0 0 0 2 2 0 0
1194 12 0 0 12 0 0 0 0 0 0 0 0 0
fn=_IO_file_xsputn@@GLIBC_2.2.5
444 2 1 1 0 0 0 0 0 0 0 0 0 0
446 2 0 0 0 0 0 0 0 0 0 0 0 0
1198 18 1 1 0 0 0 12 0 0 0 0 0 0
1200 1 1 1 0 0 0 0 0 0 0 0 0 0
1204 8 1 1 0 0 0 0 0 0 2 0 0 0
1205 2 0 0 0 0 0 0 0 0 0 0 0 0
1211 8 0 0 2 0 0 0 0 0 2 1 0 0
1213 6 0 0 3 0 0 0 0 0 0 0 0 0
1214 2 0 0 0 0 0 0 0 0 1 1 0 0
1217 3 1 1 0 0 0 0 0 0 1 1 0 0
1219 3 0 0 1 0 0 0 0 0 1 1 0 0
1221 1 0 0 0 0 0 0 0 0 0 0 0 0
1228 3 0 0 1 0 0 0 0 0 1 1 0 0
1232 3 0 0 0 0 0 0 0 0 1 1 0 0
1234 2 0 0 0 0 0 0 0 0 0 0 0 0
1236 5 0 0 0 0 0 3 0 0 0 0 0 0
1237 1 0 0 0 0 0 0 0 0 0 0 0 0
1238 3 0 0 1 0 0 0 0 0 0 0 0 0
1240 2 0 0 0 0 0 0 0 0 1 0 0 0
1244 12 0 0 4 0 0 2 0 0 2 0 2 1
1250 4 0 0 4 0 0 0 0 0 0 0 0 0
1251 10 1 1 0 0 0 0 0 0 2 0 0 0
1253 6 0 0 0 0 0 0 0 0 2 0 0 0
1264 4 0 0 0 0 0 0 0 0 2 2 0 0
1265 4 0 0 0 0 0 1 0 0 0 0 0 0
1267 3 0 0 0 0 0 0 0 0 0 0 0 0
1268 18 1 1 14 0 0 0 0 0 0 0 0 0
fn=_IO_new_file_init_internal
106 18 1 1 0 0 0 6 0 0 0 0 0 0
110 3 0 0 0 0 0 3 0 0 0 0 0 0
111 3 0 0 3 0 0 0 0 0 0 0 0 0
113 3 0 0 0 0 0 3 0 0 0 0 0 0
114 3 0 0 0 0 0 3 0 0 0 0 0 0
115 9 0 0 9 0 0 0 0 0 0 0 0 0
fl=./libio/./libio/genops.c
fn=_IO_default_finish
54 6 0 0 3 0 0 0 0 0 3 1 0 0
601 18 1 1 0 0 0 6 0 0 0 0 0 0
603 9 0 0 3 0 0 0 0 0 3 3 0 0
609 9 0 0 3 0 0 0 0 0 3 2 0 0
612 9 1 1 3 0 0 0 0 0 3 3 0 0
624 9 0 0 9 0 0 0 0 0 0 0 0 0
fn=_IO_default_xsputn
371 11 1 1 0 0 0 7 0 0 0 0 0 0
373 2 0 0 0 0 0 0 0 0 0 0 0 0
374 4 0 0 0 0 0 0 0 0 1 1 0 0
375 1 1 1 1 0 0 0 0 0 0 0 0 0
379 248 1 1 124 0 0 0 0 0 62 2 0 0
399 612 1 1 183 2 2 61 0 0 123 3 61 1
401 61 0 0 0 0 0 0 0 0 0 0 0 0
404 8 0 0 7 0 0 0 0 0 0 0 0 0
fn=_IO_doallocbuf
343 8 1 1 0 0 0 4 0 0 0 0 0 0
344 2 0 0 1 0 0 0 0 0 1 1 0 0
346 3 0 0 1 0 0 0 0 0 1 0 0 0
347 5 1 1 2 1 0 1 0 0 1 1 1 1
350 6 1 1 5 0 0 0 0 0 0 0 0 0
fn=_IO_enable_locks
518 1 1 1 0 0 0 0 0 0 0 0 0 0
521 3 0 0 1 1 0 0 0 0 1 1 0 0
523 1 0 0 0 0 0 1 0 0 0 0 0 0
524 9 0 0 0 0 0 0 0 0 4 2 0 0
525 3 0 0 3 3 0 0 0 0 0 0 0 0
526 1 0 0 1 0 0 0 0 0 0 0 0 0
1044 1 0 0 1 1 0 0 0 0 0 0 0 0
1058 3 0 0 3 0 0 0 0 0 0 0 0 0
fn=_IO_link_in
87 42 1 1 0 0 0 24 0 0 0 0 0 0
88 30 0 0 12 0 0 6 0 0 6 3 0 0
90 6 1 1 0 0 0 3 0 0 0 0 0 0
92 21 0 0 0 0 0 9 0 0 0 0 0 0
93 27 2 2 9 0 0 6 0 0 3 3 0 0
94 3 0 0 0 0 0 3 0 0 0 0 0 0
95 27 2 2 12 0 0 6 0 0 6 3 0 0
97 6 0 0 3 1 0 3 0 0 0 0 0 0
98 3 0 0 0 0 0 3 0 0 0 0 0 0
100 15 0 0 3 0 0 6 0 0 3 0 0 0
101 3 0 0 0 0 0 3 0 0 0 0 0 0
102 18 1 1 3 0 0 6 0 0 3 0 0 0
103 6 1 1 0 0 0 3 0 0 0 0 0 0
106 57 0 0 42 0 0 0 0 0 6 0 0 0
fn=_IO_no_init
563 33 1 1 0 0 0 15 0 0 0 0 0 0
564 3 0 0 0 0 0 3 0 0 0 0 0 0
565 3 1 1 0 0 0 3 1 1 0 0 0 0
566 6 0 0 0 0 0 0 0 0 3 0 0 0
568 3 0 0 0 0 0 3 0 0 0 0 0 0
572 18 0 0 0 0 0 15 0 0 0 0 0 0
579 3 0 0 0 0 0 3 3 1 0 0 0 0
581 3 0 0 0 0 0 3 0 0 0 0 0 0
587 3 1 1 0 0 0 3 0 0 0 0 0 0
588 18 0 0 18 0 0 0 0 0 0 0 0 0
fn=_IO_old_init
531 3 1 1 0 0 0 0 0 0 0 0 0 0
532 6 0 0 0 0 0 3 0 0 0 0 0 0
534 18 1 1 3 1 1 3 0 0 0 0 0 0
539 21 0 0 0 0 0 18 1 1 0 0 0 0
544 3 0 0 0 0 0 3 0 0 0 0 0 0
550 6 0 0 0 0 0 3 0 0 0 0 0 0
555 9 0 0 3 0 0 0 0 0 3 3 0 0
556 6 0 0 0 0 0 6 1 1 0 0 0 0
558 3 0 0 3 0 0 0 0 0 0 0 0 0
fn=_IO_setb
329 44 2 2 0 0 0 20 0 0 0 0 0 0
330 16 0 0 8 0 0 0 0 0 4 3 0 0
332 4 0 0 0 0 0 4 0 0 0 0 0 0
333 4 0 0 0 0 0 4 0 0 0 0 0 0
335 24 0 0 0 0 0 4 0 0 0 0 0 0
338 24 0 0 24 0 0 0 0 0 0 0 0 0
fn=_IO_un_link
53 6 1 1 0 0 0 0 0 0 0 0 0 0
54 12 0 0 6 0 0 0 0 0 6 3 0 0
82 6 0 0 3 0 0 0 0 0 0 0 0 0
fn=_IO_unsave_markers
937 18 1 1 0 0 0 6 0 0 0 0 0 0
939 6 0 0 3 0 0 0 0 0 3 0 0 0
944 9 0 0 3 2 0 0 0 0 3 2 0 0
946 9 1 1 9 0 0 0 0 0 0 0 0 0
fn=__GI__IO_un_link.part.0
52 30 1 1 3 0 0 15 0 0 0 0 0 0
58 18 1 1 0 0 0 9 0 0 0 0 0 0
59 30 2 2 9 2 0 6 0 0 3 3 0 0
60 3 0 0 0 0 0 3 0 0 0 0 0 0
61 39 1 1 12 2 0 6 0 0 6 2 0 0
63 9 1 1 3 2 0 0 0 0 3 3 0 0
65 6 1 1 0 0 0 0 0 0 3 2 0 0
66 9 0 0 3 0 0 3 0 0 0 0 0 0
74 6 0 0 0 0 0 3 0 0 0 0 0 0
76 30 2 2 6 0 0 6 0 0 9 0 0 0
77 3 0 0 0 0 0 3 0 0 0 0 0 0
78 18 0 0 3 0 0 6 0 0 3 0 0 0
79 6 1 1 0 0 0 3 0 0 0 0 0 0
82 27 0 0 21 0 0 0 0 0 3 0 0 0
fl=./libio/./libio/iofclose.c
fn=fclose@@GLIBC_2.2.5
34 24 1 1 0 0 0 12 0 0 0 0 0 0
48 9 0 0 3 0 0 0 0 0 3 1 0 0
49 3 1 1 0 0 0 3 0 0 0 0 0 0
51 39 1 1 15 0 0 6 0 0 6 2 0 0
52 6 1 1 0 0 0 0 0 0 3 0 0 0
53 9 0 0 0 0 0 3 0 0 0 0 0 0
57 12 1 1 6 2 0 3 0 0 0 0 3 1
58 9 0 0 3 0 0 0 0 0 3 0 0 0
71 6 0 0 3 0 0 0 0 0 3 1 0 0
76 21 0 0 15 0 0 0 0 0 0 0 0 0
fl=./libio/./libio/iofopen.c
fn=fopen@@GLIBC_2.2.5
37 6 0 0 3 0 0 0 0 0 3 2 0 0
65 6 0 0 0 0 0 3 0 0 0 0 0 0
67 9 1 1 0 0 0 0 0 0 3 0 0 0
70 6 0 0 0 0 0 3 1 1 0 0 0 0
72 21 0 0 0 0 0 3 0 0 0 0 0 0
73 6 0 0 0 0 0 3 0 0 0 0 0 0
74 6 1 1 0 0 0 3 0 0 0 0 0 0
75 21 0 0 0 0 0 3 0 0 3 0 0 0
85 27 1 1 0 0 0 15 0 0 0 0 0 0
87 21 1 1 18 0 0 0 0 0 0 0 0 0
fl=./libio/./libio/iofwrite.c
fn=fwrite
31 18 1 1 0 0 0 12 0 0 0 0 0 0
32 4 0 0 0 0 0 0 0 0 0 0 0 0
35 12 0 0 0 0 0 0 0 0 2 0 0 0
37 28 2 2 12 3 1 6 0 0 4 1 0 0
38 9 1 1 2 0 0 1 0 0 3 2 0 0
39 14 0 0 6 1 0 4 0 0 0 0 2 1
45 8 0 0 0 0 0 0 0 0 2 2 0 0
46 2 0 0 0 0 0 0 0 0 0 0 0 0
49 18 0 0 14 0 0 0 0 0 0 0 0 0
fl=./libio/./libio/libioP.h
fn=_IO_default_xsputn
1025 123 0 0 0 0 0 0 0 0 0 0 0 0
1026 122 0 0 0 0 0 0 0 0 61 2 0 0
fn=_IO_do_write@@GLIBC_2.2.5
1025 6 1 1 0 0 0 0 0 0 0 0 0 0
1026 4 0 0 0 0 0 0 0 0 2 0 0 0
fn=_IO_doallocbuf
1025 3 0 0 0 0 0 0 0 0 0 0 0 0
1026 2 0 0 0 0 0 0 0 0 1 0 0 0
fn=_IO_file_close_it@@GLIBC_2.2.5
1025 9 0 0 0 0 0 0 0 0 0 0 0 0
1026 6 0 0 0 0 0 0 0 0 3 0 0 0
fn=_IO_file_doallocate
1025 3 0 0 0 0 0 0 0 0 0 0 0 0
1026 2 0 0 0 0 0 0 0 0 1 0 0 0
fn=_IO_file_xsputn@@GLIBC_2.2.5
1025 6 0 0 0 0 0 0 0 0 0 0 0 0
1026 4 0 0 0 0 0 0 0 0 2 1 0 0
fn=fclose@@GLIBC_2.2.5
951 12 1 1 6 4 0 0 0 0 0 0 0 0
952 12 0 0 3 2 0 0 0 0 6 0 0 0
958 6 0 0 0 0 0 3 0 0 0 0 0 0
979 12 0 0 3 0 0 0 0 0 3 0 0 0
980 27 0 0 9 0 0 6 0 0 6 0 0 0
1025 9 0 0 0 0 0 0 0 0 0 0 0 0
1026 6 0 0 0 0 0 0 0 0 3 0 0 0
fn=fwrite
979 4 0 0 2 0 0 0 0 0 2 2 0 0
980 18 2 2 6 0 0 4 0 0 4 0 0 0
1025 4 0 0 0 0 0 0 0 0 0 0 0 0
1026 4 1 1 0 0 0 0 0 0 2 0 0 0
fl=./libio/./libio/vsnprintf.c
fn=__vsnprintf_internal
63 36 0 0 0 0 0 0 0 0 18 0 0 0
66 18 0 0 0 0 0 18 0 0 0 0 0 0
75 54 0 0 36 0 0 0 0 0 18 0 0 0
76 18 0 0 0 0 0 18 0 0 0 0 0 0
87 36 0 0 0 0 0 18 0 0 0 0 0 0
93 234 2 2 18 0 0 54 18 18 0 0 0 0
96 54 1 1 0 0 0 18 18 18 0 0 0 0
98 108 0 0 90 0 0 0 0 0 18 0 0 0
fl=./libio/./libio/vtables.c
fn=check_stdfiles_vtables
545 1 1 1 0 0 0 0 0 0 0 0 0 0
546 4 0 0 2 2 0 0 0 0 1 1 0 0
547 3 1 1 2 1 0 0 0 0 1 1 0 0
548 3 0 0 2 1 0 0 0 0 1 0 0 0
550 1 0 0 1 0 0 0 0 0 0 0 0 0
fl=./locale/./locale/newlocale.c
fn=newlocale
43 15 2 2 1 0 0 8 0 0 0 0 0 0
55 2 0 0 0 0 0 0 0 0 1 1 0 0
56 1 0 0 0 0 0 1 0 0 0 0 0 0
63 2 1 1 0 0 0 0 0 0 1 0 0 0
66 3 0 0 0 0 0 0 0 0 1 0 0 0
73 4 2 2 2 0 0 0 0 0 2 1 0 0
75 1 0 0 0 0 0 0 0 0 0 0 0 0
277 12 1 1 9 0 0 0 0 0 1 0 0 0
fl=./locale/./locale/uselocale.c
fn=uselocale
30 2 1 1 0 0 0 0 0 0 0 0 0 0
31 6 1 1 4 1 0 0 0 0 0 0 0 0
33 4 0 0 0 0 0 0 0 0 2 0 0 0
36 4 0 0 0 0 0 0 0 0 0 0 0 0
37 2 0 0 0 0 0 2 0 0 0 0 0 0
65 6 0 0 4 1 0 2 0 0 0 0 0 0
66 6 0 0 4 0 0 2 0 0 0 0 0 0
68 6 1 1 4 0 0 2 0 0 0 0 0 0
72 6 0 0 0 0 0 0 0 0 0 0 0 0
73 2 0 0 2 0 0 0 0 0 0 0 0 0
fl=./malloc/../string/bits/string_fortified.h
fn=calloc
59 54 0 0 0 0 0 0 0 0 0 0 0 0
fn=tcache_init.part.0
59 1672 1 1 0 0 0 1539 171 171 1520 34 0 0
fl=./malloc/../sysdeps/unix/sysv/linux/not-cancel.h
fn=ptmalloc_init.part.0
97 6 1 1 0 0 0 0 0 0 0 0 0 0
fl=./malloc/./malloc/arena.c
fn=_int_free_maybe_consolidate
55 13830 1 1 2766 0 0 0 0 0 2766 2 0 0
147 2766 0 0 0 0 0 0 0 0 0 0 0 0
545 8298 0 0 0 0 0 0 0 0 2766 4 0 0
572 2766 1 1 0 0 0 0 0 0 0 0 0 0
585 8298 2 2 2766 0 0 0 0 0 0 0 0 0
586 5532 0 0 2766 0 0 0 0 0 2766 4 0 0
fn=_int_malloc
55 325 1 1 65 0 0 0 0 0 65 0 0 0
147 195 0 0 0 0 0 0 0 0 0 0 0 0
479 65 0 0 65 0 0 0 0 0 0 0 0 0
483 195 0 0 0 0 0 0 0 0 0 0 0 0
484 65 0 0 0 0 0 0 0 0 0 0 0 0
485 130 0 0 0 0 0 0 0 0 65 0 0 0
488 195 0 0 65 0 0 0 0 0 65 0 0 0
490 910 1 1 260 0 0 260 0 0 65 0 0 0
495 130 0 0 0 0 0 65 0 0 0 0 0 0
498 65 0 0 0 0 0 65 0 0 0 0 0 0
499 65 0 0 0 0 0 0 0 0 0 0 0 0
fn=alloc_new_heap
49 72 1 1 18 0 0 0 0 0 18 6 0 0
55 36 0 0 0 0 0 0 0 0 0 0 0 0
380 162 2 2 0 0 0 108 13 13 0 0 0 0
387 54 0 0 0 0 0 0 0 0 18 0 0 0
389 36 0 0 0 0 0 0 0 0 18 0 0 0
390 18 0 0 0 0 0 0 0 0 0 0 0 0
395 126 0 0 0 0 0 18 0 0 0 0 0 0
402 54 0 0 18 3 0 0 0 0 18 18 0 0
404 84 1 1 0 0 0 8 8 8 0 0 0 0
405 8 0 0 0 0 0 8 0 0 0 0 0 0
406 48 0 0 0 0 0 8 0 0 16 4 0 0
408 3 0 0 0 0 0 1 0 0 0 0 0 0
414 88 1 1 0 0 0 11 9 9 0 0 0 0
415 22 0 0 0 0 0 0 0 0 11 0 0 0
417 11 0 0 0 0 0 0 0 0 0 0 0 0
418 55 0 0 0 0 0 11 0 0 0 0 0 0
420 33 0 0 0 0 0 0 0 0 11 3 0 0
421 15 1 1 3 0 0 6 0 0 0 0 0 0
423 19 1 1 0 0 0 8 0 0 0 0 0 0
424 55 0 0 0 0 0 11 0 0 0 0 0 0
441 108 1 1 0 0 0 18 0 0 18 3 0 0
448 72 0 0 0 0 0 18 0 0 0 0 0 0
453 36 0 0 18 0 0 18 0 0 0 0 0 0
455 18 0 0 0 0 0 18 18 18 0 0 0 0
456 18 0 0 0 0 0 0 0 0 0 0 0 0
458 162 0 0 126 0 0 0 0 0 0 0 0 0
fn=arena_get2.part.0
463 54 1 1 18 9 0 0 0 0 18 0 0 0
470 144 1 1 36 24 0 18 0 0 0 0 0 0
619 36 0 0 0 0 0 0 0 0 18 0 0 0
638 36 0 0 18 0 0 0 0 0 0 0 0 0
640 36 0 0 0 0 0 0 0 0 18 0 0 0
649 54 0 0 0 0 0 18 0 0 0 0 0 0
651 18 1 1 0 0 0 18 0 0 0 0 0 0
653 54 0 0 18 0 0 36 18 18 0 0 0 0
656 18 0 0 0 0 0 0 0 0 0 0 0 0
657 18 0 0 0 0 0 0 0 0 0 0 0 0
658 36 0 0 0 0 0 0 0 0 18 0 0 0
659 36 0 0 0 0 0 0 0 0 0 0 0 0
660 18 0 0 0 0 0 18 0 0 0 0 0 0
661 72 0 0 0 0 0 18 0 0 0 0 0 0
663 18 0 0 0 0 0 0 0 0 0 0 0 0
664 36 1 1 36 7 0 0 0 0 0 0 0 0
665 18 0 0 0 0 0 18 0 0 0 0 0 0
666 18 0 0 0 0 0 18 0 0 0 0 0 0
668 72 0 0 18 0 0 0 0 0 18 0 0 0
671 36 0 0 18 13 0 18 0 0 0 0 0 0
676 18 0 0 0 0 0 18 0 0 0 0 0 0
678 72 1 1 36 0 0 0 0 0 36 17 0 0
680 72 0 0 18 0 0 0 0 0 18 2 0 0
682 72 1 1 36 0 0 0 0 0 36 0 0 0
694 72 0 0 18 0 0 0 0 0 18 0 0 0
818 180 1 1 0 0 0 108 0 0 0 0 0 0
828 54 0 0 18 12 0 0 0 0 18 2 0 0
830 36 0 0 12 9 0 0 0 0 12 2 0 0
832 42 1 1 30 16 1 0 0 0 12 4 0 0
834 4 0 0 0 0 0 4 0 0 0 0 0 0
836 8 0 0 0 0 0 0 0 0 4 0 0 0
837 16 0 0 0 0 0 4 3 0 0 0 0 0
845 4 0 0 4 3 0 0 0 0 0 0 0 0
853 54 1 1 0 0 0 0 0 0 18 6 0 0
855 126 1 1 36 0 0 0 0 0 36 6 0 0
857 36 0 0 0 0 0 0 0 0 0 0 0 0
865 162 1 1 126 4 0 0 0 0 0 0 0 0
fn=calloc
55 36 0 0 36 0 0 0 0 0 0 0 0 0
147 216 1 1 0 0 0 0 0 0 0 0 0 0
153 72 0 0 0 0 0 0 0 0 36 14 0 0
fn=free
55 25830 0 0 25830 7320 0 0 0 0 0 0 0 0
147 154980 0 0 0 0 0 0 0 0 0 0 0 0
153 3981774 0 0 25830 13625 49 0 0 0 1318648 12 0 0
fn=get_free_list
703 108 1 1 0 0 0 72 17 17 0 0 0 0
704 36 1 1 36 0 0 0 0 0 0 0 0 0
705 18 1 1 0 0 0 0 0 0 0 0 0 0
706 36 0 0 18 0 0 0 0 0 18 3 0 0
731 126 0 0 90 0 0 0 0 0 0 0 0 0
fn=malloc
55 15183 0 0 15183 7096 0 0 0 0 0 0 0 0
147 91098 0 0 0 0 0 0 0 0 0 0 0 0
153 81431 0 0 15183 0 0 0 0 0 25522 35 0 0
264 1 1 1 0 0 0 1 0 0 0 0 0 0
fn=ptmalloc_init.part.0
262 8 1 1 1 0 0 4 0 0 0 0 0 0
267 1 0 0 0 0 0 1 0 0 0 0 0 0
292 2 1 1 1 1 0 0 0 0 1 1 0 0
296 3 0 0 1 1 0 1 1 0 0 0 0 0
300 4 0 0 0 0 0 1 0 0 0 0 0 0
301 4 1 1 0 0 0 1 0 0 0 0 0 0
302 4 0 0 0 0 0 1 0 0 0 0 0 0
303 4 0 0 0 0 0 1 0 0 0 0 0 0
304 4 1 1 0 0 0 1 0 0 0 0 0 0
305 4 0 0 0 0 0 1 0 0 0 0 0 0
306 4 0 0 0 0 0 1 0 0 0 0 0 0
308 4 1 1 0 0 0 1 0 0 0 0 0 0
309 4 0 0 0 0 0 1 0 0 0 0 0 0
310 4 0 0 0 0 0 1 0 0 0 0 0 0
313 4 0 0 0 0 0 1 0 0 0 0 0 0
314 4 1 1 0 0 0 1 0 0 0 0 0 0
316 2 0 0 1 1 1 0 0 0 1 0 0 0
326 8 0 0 6 0 0 0 0 0 1 0 0 0
fn=tcache_init.part.0
824 36 1 0 0 0 0 18 0 0 0 0 0 0
825 90 0 0 0 0 0 18 0 0 18 0 0 0
fl=./malloc/./malloc/malloc.c
fn=_int_free
1792 7532 0 0 7532 7068 0 0 0 0 0 0 0 0
1992 1383 1 1 461 0 0 0 0 0 461 0 0 0
3163 2622232 1 1 1311116 0 0 1311116 0 0 0 0 0 0
3165 5244464 0 0 1311116 9507 32 1311116 0 0 0 0 0 0
3166 1311116 0 0 0 0 0 1311116 0 0 0 0 0 0
3167 2622232 0 0 0 0 0 1311116 0 0 0 0 0 0
4495 9230536 1 1 0 0 0 5274592 7 0 0 0 0 0
4499 3955944 1 1 1318648 0 0 0 0 0 0 0 0 0
4505 5274592 0 0 0 0 0 0 0 0 1318648 2 0 0
4506 2637296 0 0 0 0 0 0 0 0 1318648 4 0 0
4510 6593240 0 0 0 0 0 0 0 0 1318648 0 0 0
4517 2637296 0 0 0 0 0 0 0 0 0 0 0 0
4518 7911888 1 1 3955944 7234 0 0 0 0 2637296 7091 0 0
4521 1311577 0 0 0 0 0 0 0 0 0 0 0 0
4527 3934731 0 0 2623154 7328 1 0 0 0 1311577 108 0 0
4547 6557885 1 1 2623154 150 0 0 0 0 1311577 519 0 0
4550 1311116 0 0 0 0 0 0 0 0 0 0 0 0
4561 15064 0 0 0 0 0 0 0 0 7532 4 0 0
4572 1844 0 0 461 58 0 0 0 0 461 0 0 0
4574 1383 0 0 461 285 7 0 0 0 461 0 0 0
4593 461 0 0 0 0 0 0 0 0 0 0 0 0
4595 461 0 0 0 0 0 461 0 0 0 0 0 0
4596 461 0 0 0 0 0 0 0 0 0 0 0 0
4597 1383 0 0 0 0 0 0 0 0 0 0 0 0
4600 1383 0 0 461 324 4 0 0 0 0 0 0 0
4602 922 0 0 461 0 0 0 0 0 461 2 0 0
4616 922 1 1 0 0 0 0 0 0 461 2 0 0
4619 1844 0 0 0 0 0 461 0 0 0 0 0 0
4621 1844 0 0 922 0 0 0 0 0 461 0 0 0
4622 922 0 0 0 0 0 0 0 0 461 2 0 0
4628 1844 0 0 0 0 0 0 0 0 461 2 0 0
4637 14142 0 0 7071 0 0 0 0 0 7071 0 0 0
4640 14142 0 0 7071 7068 0 0 0 0 0 0 0 0
4643 14142 1 1 0 0 0 0 0 0 7071 2 0 0
4644 28272 1 1 7068 0 0 0 0 0 7068 0 0 0
4646 14142 0 0 0 0 0 7068 0 0 0 0 0 0
4649 28272 1 1 14136 0 0 0 0 0 14136 4312 0 0
4658 7911885 1 1 6593237 0 0 0 0 0 0 0 0 0
fn=_int_free_maybe_consolidate
4770 77781 1 1 7071 0 0 49497 0 0 0 0 0 0
4776 14142 0 0 0 0 0 0 0 0 7071 66 0 0
4778 11064 0 0 2766 0 0 0 0 0 2766 2 0 0
4779 4 1 1 0 0 0 2 2 0 0 0 0 0
4781 8298 0 0 0 0 0 0 0 0 2766 0 0 0
4792 2766 0 0 2766 0 0 0 0 0 0 0 0 0
4794 5532 0 0 2766 0 0 0 0 0 2766 0 0 0
4795 5532 0 0 2766 0 0 2766 2764 0 0 0 0 0
4798 77781 1 1 63639 0 0 0 0 0 7071 3 0 0
fn=_int_free_merge_chunk
1992 21213 0 0 7071 0 0 0 0 0 7071 2 0 0
4665 56568 1 1 0 0 0 42426 7068 0 0 0 0 0
4666 7071 0 0 0 0 0 0 0 0 0 0 0 0
4670 42426 0 0 7071 7070 0 0 0 0 7071 0 0 0
4673 14148 1 1 7071 2 0 0 0 0 7074 4 0 0
4675 9 1 1 3 0 0 0 0 0 0 0 0 0
4678 21213 0 0 7071 1699 0 0 0 0 7071 0 0 0
4681 14142 0 0 0 0 0 0 0 0 0 0 0 0
4682 14142 0 0 0 0 0 0 0 0 7071 0 0 0
4683 14142 0 0 7071 7070 0 0 0 0 7071 0 0 0
4689 14142 1 1 7071 0 0 0 0 0 7071 5 0 0
4701 21213 0 0 0 0 0 0 0 0 0 0 0 0
4702 49497 0 0 42426 0 0 0 0 0 0 0 0 0
4714 14142 0 0 7071 0 0 0 0 0 7071 2 0 0
4720 6 0 0 3 0 0 0 0 0 3 0 0 0
4724 3 0 0 3 0 0 0 0 0 0 0 0 0
4732 3 0 0 0 0 0 0 0 0 0 0 0 0
4733 12 1 1 3 0 0 0 0 0 0 0 0 0
4734 6 0 0 3 0 0 0 0 0 3 0 0 0
4736 3 0 0 0 0 0 3 0 0 0 0 0 0
4738 6 0 0 0 0 0 0 0 0 3 3 0 0
4740 9 1 1 0 0 0 3 0 0 0 0 0 0
4743 3 0 0 0 0 0 3 0 0 0 0 0 0
4744 3 0 0 0 0 0 3 0 0 0 0 0 0
4746 9 0 0 0 0 0 3 0 0 0 0 0 0
4747 3 0 0 0 0 0 3 0 0 0 0 0 0
4756 7068 0 0 0 0 0 0 0 0 0 0 0 0
4757 21204 0 0 0 0 0 7068 0 0 0 0 0 0
4758 14136 1 1 0 0 0 7068 0 0 0 0 0 0
fn=_int_malloc
1326 51154 0 0 0 0 0 0 0 0 25577 11 0 0
1345 153462 0 0 0 0 0 0 0 0 25577 50 0 0
1794 25536 1 1 25536 0 0 0 0 0 0 0 0 0
1985 390 0 0 130 0 0 0 0 0 130 11 0 0
2008 20 1 1 5 0 0 0 0 0 5 1 0 0
2017 2 1 1 2 0 0 0 0 0 0 0 0 0
2552 444 1 1 148 143 0 148 61 0 0 0 0 0
2553 69 1 1 0 0 0 69 0 0 0 0 0 0
2564 148 1 1 74 72 0 0 0 0 74 4 0 0
2565 15 0 0 10 0 0 0 0 0 5 0 0 0
2568 20 0 0 5 0 0 0 0 0 5 2 0 0
2576 30 0 0 5 0 0 10 2 0 0 0 0 0
2577 10 0 0 0 0 0 0 0 0 5 0 0 0
2589 276 0 0 69 0 0 69 0 0 0 0 0 0
2590 138 0 0 0 0 0 69 0 0 0 0 0 0
2599 820 1 1 204 0 0 0 0 0 205 1 0 0
2605 204 0 0 136 0 0 0 0 0 68 0 0 0
2608 207 1 1 0 0 0 0 0 0 69 68 0 0
2615 65 0 0 65 0 0 0 0 0 0 0 0 0
2616 390 1 1 65 0 0 0 0 0 65 0 0 0
2619 260 0 0 130 0 0 0 0 0 0 0 0 0
2620 260 0 0 0 0 0 65 0 0 0 0 0 0
2669 12 1 1 4 0 0 4 0 0 0 0 0 0
2677 8 0 0 4 0 0 0 0 0 4 0 0 0
2678 12 0 0 4 0 0 4 0 0 0 0 0 0
2691 12 1 1 4 0 0 0 0 0 4 0 0 0
2693 4 0 0 4 0 0 0 0 0 0 0 0 0
2699 20 0 0 4 0 0 4 0 0 0 0 0 0
2707 8 0 0 0 0 0 0 0 0 4 3 0 0
2709 16 2 2 0 0 0 8 0 0 0 0 0 0
2710 12 0 0 4 0 0 0 0 0 4 0 0 0
2711 4 0 0 0 0 0 0 0 0 0 0 0 0
2712 4 0 0 0 0 0 0 0 0 0 0 0 0
2715 8 0 0 0 0 0 0 0 0 4 0 0 0
2744 24 1 1 10 1 1 0 0 0 4 2 0 0
2745 1 1 1 0 0 0 1 0 0 0 0 0 0
2746 8 0 0 0 0 0 4 0 0 0 0 0 0
2752 32 0 0 4 0 0 0 0 0 7 0 0 0
2753 18 0 0 3 0 0 3 0 0 0 0 0 0
2755 4 1 1 2 0 0 0 0 0 2 2 0 0
2782 2 0 0 0 0 0 0 0 0 0 0 0 0
2783 1 0 0 0 0 0 0 0 0 0 0 0 0
2795 3 1 1 0 0 0 0 0 0 1 1 0 0
2814 2 0 0 1 0 0 0 0 0 0 0 0 0
2817 2 0 0 0 0 0 0 0 0 0 0 0 0
2818 6 1 1 1 0 0 0 0 0 0 0 0 0
2820 1 0 0 0 0 0 0 0 0 1 0 0 0
2821 6 0 0 0 0 0 4 0 0 0 0 0 0
2833 5 0 0 3 0 0 0 0 0 1 0 0 0
2873 1 0 0 0 0 0 0 0 0 0 0 0 0
2875 1 0 0 0 0 0 1 0 0 0 0 0 0
2876 5 0 0 0 0 0 1 1 1 0 0 0 0
2877 1 0 0 1 0 0 0 0 0 0 0 0 0
2888 3 1 1 1 0 0 0 0 0 1 0 0 0
2921 207 1 1 138 0 0 0 0 0 69 3 0 0
2922 69 0 0 0 0 0 69 0 0 0 0 0 0
2926 69 0 0 69 0 0 0 0 0 0 0 0 0
2930 345 1 1 138 0 0 0 0 0 69 68 0 0
2932 69 0 0 0 0 0 0 0 0 0 0 0 0
2933 69 0 0 0 0 0 0 0 0 0 0 0 0
2934 69 0 0 0 0 0 69 0 0 0 0 0 0
2935 483 0 0 0 0 0 69 0 0 0 0 0 0
2936 138 0 0 0 0 0 69 69 69 0 0 0 0
2938 69 0 0 0 0 0 0 0 0 0 0 0 0
3159 354 1 1 0 0 0 177 26 0 0 0 0 0
3163 360 1 1 180 40 0 180 0 0 0 0 0 0
3165 733 0 0 183 35 0 186 0 0 0 0 0 0
3166 360 1 1 180 0 0 180 0 0 0 0 0 0
3167 360 0 0 0 0 0 180 0 0 0 0 0 0
3168 354 0 0 0 0 0 0 0 0 0 0 0 0
3178 3 0 0 3 0 0 0 0 0 0 0 0 0
3182 6 0 0 0 0 0 0 0 0 3 0 0 0
3186 12 1 1 3 0 0 3 0 0 0 0 0 0
3190 6 0 0 6 0 0 0 0 0 0 0 0 0
3191 6 0 0 0 0 0 3 0 0 0 0 0 0
3199 3 0 0 3 0 0 0 0 0 0 0 0 0
3846 281347 2 2 25577 6 0 179039 7256 4 0 0 0 0
3882 1 0 0 0 0 0 0 0 0 0 0 0 0
3887 51154 1 1 0 0 0 0 0 0 25577 0 0 0
3914 51277 0 0 41 0 0 0 0 0 25577 2925 0 0
3916 62492 0 0 0 0 0 0 0 0 0 0 0 0
3917 1 0 0 0 0 0 0 0 0 0 0 0 0
3919 15705 0 0 15664 3729 35 0 0 0 0 0 0 0
3921 31328 0 0 0 0 0 0 0 0 15664 7 0 0
3923 2 0 0 0 0 0 0 0 0 1 0 0 0
3926 2 1 1 1 0 0 0 0 0 1 0 0 0
3929 14 1 1 3 1 0 0 0 0 3 2 0 0
3930 46989 2 2 0 0 0 0 0 0 0 0 0 0
3932 2 0 0 1 1 0 0 0 0 0 0 0 0
3933 2 0 0 0 0 0 0 0 0 1 0 0 0
3939 2 0 0 0 0 0 0 0 0 0 0 0 0
3940 6 1 1 3 0 0 0 0 0 2 0 0 0
3945 3 0 0 2 0 0 0 0 0 0 0 0 0
3946 5 1 1 1 0 0 0 0 0 2 2 0 0
3977 19826 1 1 0 0 0 0 0 0 9913 3155 0 0
3979 48106 0 0 0 0 0 0 0 0 0 0 0 0
3980 36946 1 1 0 0 0 0 0 0 0 0 0 0
3982 55419 0 0 18473 6272 73 0 0 0 18473 85 0 0
3984 72 0 0 72 72 0 0 0 0 0 0 0 0
3985 144 0 0 72 45 0 0 0 0 72 0 0 0
3987 72 0 0 72 31 0 0 0 0 0 0 0 0
3988 72 0 0 0 0 0 72 0 0 0 0 0 0
3989 72 0 0 0 0 0 72 0 0 0 0 0 0
3991 216 1 1 0 0 0 0 0 0 72 0 0 0
3992 72 0 0 72 20 0 0 0 0 0 0 0 0
3997 144 0 0 0 0 0 0 0 0 0 0 0 0
3998 432 1 1 216 0 0 0 0 0 144 0 0 0
4003 891 0 0 144 0 0 0 0 0 177 12 0 0
4004 474 0 0 0 0 0 0 0 0 237 70 0 0
4006 354 0 0 0 0 0 0 0 0 177 13 0 0
4008 177 1 1 177 0 0 0 0 0 0 0 0 0
4009 177 0 0 177 90 0 0 0 0 0 0 0 0
4010 354 0 0 0 0 0 0 0 0 177 0 0 0
4011 177 0 0 177 56 0 0 0 0 0 0 0 0
4012 177 0 0 0 0 0 177 0 0 0 0 0 0
4013 177 0 0 0 0 0 177 140 0 0 0 0 0
4020 72 0 0 0 0 0 0 0 0 0 0 0 0
4039 68088 1 1 0 0 0 0 0 0 13612 403 0 0
4040 21309 0 0 7103 2 0 0 0 0 7103 179 0 0
4041 495 0 0 0 0 0 165 165 2 0 0 0 0
4058 76474 0 0 25485 12 0 0 0 0 0 0 0 0
4059 76512 0 0 0 0 0 25504 804 0 0 0 0 0
4060 76512 1 1 51008 4 0 0 0 0 25504 5309 0 0
4069 608 0 0 0 0 0 304 0 0 0 0 0 0
4070 131518 3 3 25897 7112 18 25504 0 0 25900 219 0 0
4072 524 0 0 524 0 0 0 0 0 0 0 0 0
4073 1048 0 0 524 9 0 0 0 0 0 0 0 0
4074 524 0 0 0 0 0 0 0 0 0 0 0 0
4076 1048 0 0 0 0 0 0 0 0 524 2 0 0
4077 1572 1 1 524 170 2 0 0 0 524 5 0 0
4079 524 0 0 524 8 0 0 0 0 0 0 0 0
4080 2096 0 0 0 0 0 0 0 0 524 0 0 0
4082 2096 0 0 524 0 0 0 0 0 524 0 0 0
4084 1048 1 1 524 4 0 0 0 0 524 169 0 0
4085 1048 0 0 524 0 0 0 0 0 524 0 0 0
4087 1048 0 0 0 0 0 0 0 0 524 0 0 0
4098 2096 0 0 0 0 0 0 0 0 524 7 0 0
4099 262 1 1 131 0 0 0 0 0 131 1 0 0
4100 260 0 0 0 0 0 0 0 0 130 4 0 0
4101 130 0 0 0 0 0 0 0 0 0 0 0 0
4104 126 0 0 0 0 0 0 0 0 0 0 0 0
4105 126 1 1 0 0 0 0 0 0 0 0 0 0
4106 126 0 0 0 0 0 126 0 0 0 0 0 0
4107 378 0 0 0 0 0 126 0 0 0 0 0 0
4108 378 1 1 0 0 0 126 16 0 0 0 0 0
4109 252 0 0 0 0 0 0 0 0 126 2 0 0
4111 196 0 0 0 0 0 98 0 0 0 0 0 0
4115 1008 0 0 0 0 0 126 0 0 0 0 0 0
4117 378 0 0 0 0 0 126 0 0 0 0 0 0
4118 126 0 0 0 0 0 126 0 0 0 0 0 0
4121 131 0 0 0 0 0 0 0 0 0 0 0 0
4122 378 0 0 0 0 0 126 0 0 0 0 0 0
4123 126 0 0 0 0 0 0 0 0 0 0 0 0
4127 398 1 1 0 0 0 398 0 0 0 0 0 0
4128 398 0 0 0 0 0 398 0 0 0 0 0 0
4132 796 0 0 0 0 0 0 0 0 398 2 0 0
4134 10 0 0 0 0 0 5 0 0 0 0 0 0
4135 15 0 0 0 0 0 0 0 0 5 2 0 0
4136 2 0 0 2 0 0 0 0 0 0 0 0 0
4140 10 0 0 0 0 0 0 0 0 5 2 0 0
4141 18 0 0 12 0 0 0 0 0 3 3 0 0
4161 786 1 1 0 0 0 0 0 0 393 201 0 0
4163 782 0 0 0 0 0 391 0 0 0 0 0 0
4164 1564 0 0 0 0 0 0 0 0 0 0 0 0
4165 391 0 0 391 104 6 0 0 0 0 0 0 0
4169 26 1 1 0 0 0 2 0 0 4 0 0 0
4170 6 0 0 0 0 0 0 0 0 0 0 0 0
4171 2 0 0 2 2 0 0 0 0 0 0 0 0
4174 4 0 0 0 0 0 0 0 0 2 2 0 0
4218 8 0 0 0 0 0 2 0 0 0 0 0 0
4221 2751 2 2 786 0 0 0 0 0 0 0 0 0
4222 393 0 0 0 0 0 393 0 0 0 0 0 0
4223 393 0 0 0 0 0 393 0 0 0 0 0 0
4224 393 0 0 0 0 0 393 89 1 0 0 0 0
4225 393 0 0 0 0 0 393 0 0 0 0 0 0
4230 786 0 0 786 0 0 0 0 0 0 0 0 0
4231 786 0 0 0 0 0 0 0 0 393 167 0 0
4240 1572 1 1 786 0 0 0 0 0 393 4 0 0
4246 346 0 0 0 0 0 0 0 0 173 0 0 0
4248 3 0 0 0 0 0 0 0 0 0 0 0 0
4257 76119 1 1 0 0 0 0 0 0 25373 12 0 0
4259 28404 0 0 0 0 0 0 0 0 0 0 0 0
4262 21303 0 0 7101 7077 42 0 0 0 7101 9 0 0
4263 25373 1 1 0 0 0 0 0 0 0 0 0 0
4330 25373 0 0 0 0 0 0 0 0 0 0 0 0
4331 50746 0 0 0 0 0 0 0 0 0 0 0 0
4332 50746 0 0 0 0 0 0 0 0 0 0 0 0
4333 50746 0 0 25373 7129 23 0 0 0 0 0 0 0
4334 152238 0 0 0 0 0 0 0 0 0 0 0 0
4339 101630 1 1 0 0 0 0 0 0 25420 117 0 0
4343 223156 2 2 0 0 0 0 0 0 80393 490 0 0
4346 220300 1 1 55075 0 0 0 0 0 55075 6 0 0
4348 20 0 0 0 0 0 0 0 0 0 0 0 0
4349 10 0 0 0 0 0 0 0 0 0 0 0 0
4353 402 0 0 0 0 0 0 0 0 201 38 0 0
4355 99 0 0 0 0 0 0 0 0 0 0 0 0
4357 198 0 0 0 0 0 0 0 0 99 1 0 0
4361 102 0 0 102 49 0 0 0 0 0 0 0 0
4364 204 0 0 0 0 0 0 0 0 102 52 0 0
4366 235 0 0 0 0 0 47 0 0 0 0 0 0
4367 47 0 0 0 0 0 0 0 0 0 0 0 0
4368 47 0 0 0 0 0 0 0 0 0 0 0 0
4373 220 0 0 55 51 0 0 0 0 0 0 0 0
4376 110 0 0 0 0 0 0 0 0 55 7 0 0
4378 165 1 1 0 0 0 55 0 0 0 0 0 0
4381 165 0 0 0 0 0 110 44 0 0 0 0 0
4384 220 0 0 110 0 0 0 0 0 55 11 0 0
4386 43 0 0 43 0 0 0 0 0 0 0 0 0
4387 129 1 1 0 0 0 0 0 0 43 0 0 0
4388 86 0 0 43 0 0 0 0 0 0 0 0 0
4394 12 0 0 0 0 0 0 0 0 0 0 0 0
4399 48 0 0 12 0 0 0 0 0 0 0 0 0
4400 24 1 1 12 0 0 0 0 0 12 0 0 0
4403 12 0 0 0 0 0 12 1 0 0 0 0 0
4404 12 0 0 0 0 0 12 0 0 0 0 0 0
4405 12 0 0 0 0 0 12 0 0 0 0 0 0
4408 24 0 0 0 0 0 0 0 0 12 1 0 0
4409 11 0 0 0 0 0 11 0 0 0 0 0 0
4410 24 0 0 0 0 0 0 0 0 12 8 0 0
4412 4 0 0 0 0 0 2 0 0 0 0 0 0
4415 96 1 1 0 0 0 12 0 0 0 0 0 0
4417 36 0 0 0 0 0 12 0 0 0 0 0 0
4418 12 0 0 0 0 0 12 0 0 0 0 0 0
4421 55 0 0 0 0 0 0 0 0 0 0 0 0
4443 25318 1 1 25318 0 0 0 0 0 0 0 0 0
4444 50636 0 0 25318 7143 11 0 0 0 0 0 0 0
4446 50636 0 0 25318 10 0 0 0 0 25318 0 0 0
4449 75954 0 0 0 0 0 0 0 0 25318 86 0 0
4451 25244 0 0 0 0 0 0 0 0 0 0 0 0
4452 50488 0 0 0 0 0 0 0 0 0 0 0 0
4453 25244 0 0 0 0 0 25244 0 0 0 0 0 0
4454 201952 1 1 0 0 0 25244 0 0 0 0 0 0
4456 50488 0 0 0 0 0 25244 20063 9888 0 0 0 0
4459 50488 0 0 0 0 0 0 0 0 0 0 0 0
4460 75954 1 1 0 0 0 25318 10284 2 0 0 0 0
4461 25318 0 0 0 0 0 0 0 0 0 0 0 0
4466 296 0 0 74 1 0 74 0 0 74 10 0 0
4482 79 0 0 0 0 0 0 0 0 5 0 0 0
4487 306924 2 2 230193 0 0 0 0 0 25577 2 0 0
fn=alloc_new_heap
2008 72 1 1 18 0 0 0 0 0 18 0 0 0
fn=alloc_perturb
1985 76332 1 1 25444 0 0 0 0 0 25444 4 0 0
1987 25444 0 0 25444 0 0 0 0 0 0 0 0 0
fn=arena_get2.part.0
1946 6894 0 0 0 0 0 0 0 0 2286 39 0 0
1949 6858 1 1 0 0 0 2286 594 594 0 0 0 0
1953 54 0 0 0 0 0 0 0 0 18 0 0 0
1955 18 0 0 18 0 0 0 0 0 0 0 0 0
1958 18 0 0 0 0 0 18 0 0 0 0 0 0
fn=calloc
3248 90 1 1 36 11 0 18 0 0 18 0 0 0
3699 324 1 1 0 0 0 216 17 17 0 0 0 0
3709 324 1 1 0 0 0 0 0 0 36 0 0 0
3717 72 0 0 36 9 0 0 0 0 36 1 0 0
3720 108 0 0 72 9 0 0 0 0 36 9 0 0
3722 72 1 1 36 0 0 0 0 0 36 0 0 0
3725 288 0 0 108 1 0 0 0 0 72 0 0 0
3732 36 0 0 36 0 0 0 0 0 0 0 0 0
3733 72 0 0 36 0 0 0 0 0 0 0 0 0
3740 108 1 1 0 0 0 0 0 0 36 2 0 0
3743 72 0 0 18 0 0 0 0 0 0 0 0 0
3754 108 0 0 0 0 0 36 0 0 0 0 0 0
3756 342 2 2 54 0 0 0 0 0 108 2 0 0
3759 72 1 1 36 0 0 0 0 0 18 2 0 0
3768 36 0 0 0 0 0 0 0 0 18 0 0 0
3769 126 1 1 72 0 0 0 0 0 72 14 0 0
3784 72 0 0 36 0 0 0 0 0 0 0 0 0
3787 144 0 0 0 0 0 0 0 0 36 0 0 0
3796 108 0 0 36 0 0 0 0 0 36 0 0 0
3799 180 0 0 0 0 0 0 0 0 0 0 0 0
3807 36 1 1 0 0 0 0 0 0 0 0 0 0
3809 72 0 0 0 0 0 0 0 0 36 0 0 0
3811 72 0 0 0 0 0 0 0 0 36 4 0 0
3816 36 0 0 0 0 0 18 0 0 0 0 0 0
3818 18 0 0 0 0 0 18 0 0 0 0 0 0
3819 36 0 0 0 0 0 0 0 0 18 0 0 0
3821 18 0 0 0 0 0 18 0 0 0 0 0 0
3823 36 0 0 0 0 0 0 0 0 18 13 0 0
3837 270 2 2 234 4 0 0 0 0 0 0 0 0
fn=free
3359 9230536 2 2 0 0 0 5274592 9 0 0 0 0 0
3363 2637296 0 0 0 0 0 0 0 0 1318648 5 0 0
3371 2637296 0 0 2637296 14514 0 0 0 0 0 0 0 0
3373 1318648 0 0 0 0 0 0 0 0 0 0 0 0
3375 3955944 0 0 1318648 9816 17 0 0 0 1318648 3 0 0
3392 3955944 0 0 2637296 7193 0 0 0 0 1318648 21 0 0
3398 3955944 1 1 0 0 0 1318648 0 0 0 0 0 0
3401 1318648 0 0 0 0 0 1318648 0 0 0 0 0 0
3402 7911888 0 0 6593240 0 0 0 0 0 0 0 0 0
fn=malloc
1326 2672946 0 0 0 0 0 0 0 0 1336473 2 0 0
1345 6682184 1 1 0 0 0 0 0 0 1336473 209 0 0
3178 2621902 0 0 1310951 14547 47 0 0 0 0 0 0 0
3182 2621902 0 0 0 0 0 0 0 0 1310951 6 0 0
3186 5243804 0 0 1310951 16996 23 1310951 0 0 0 0 0 0
3190 2621902 0 0 0 0 0 1310951 0 0 0 0 0 0
3191 1310951 0 0 0 0 0 1310951 0 0 0 0 0 0
3248 4 1 1 2 0 0 1 0 0 1 0 0 0
3294 10691784 1 1 0 0 0 5345892 2 0 0 0 0 0
3301 2672946 0 0 1336473 7544 1 0 0 0 1336473 2 0 0
3311 2672584 0 0 0 0 0 0 0 0 0 0 0 0
3313 5345892 0 0 2672946 14698 4 0 0 0 1336473 28 0 0
3316 2672946 1 1 1336473 7361 0 0 0 0 1336473 18014 0 0
3318 3988125 0 0 1329375 14923 36 0 0 0 1329375 6823 0 0
3326 51044 1 1 25522 4 0 0 0 0 25522 251 0 0
3328 41272 1 1 0 0 0 10318 2 0 0 0 0 0
3329 51590 1 1 10318 0 0 0 0 0 10318 1 0 0
3334 121632 0 0 45612 19048 20 0 0 0 30408 1 0 0
3336 45612 0 0 0 0 0 15204 7136 4 0 0 0 0
3339 30408 0 0 0 0 0 0 0 0 15204 0 0 0
3347 60816 1 1 30408 0 0 0 0 0 30408 2398 0 0
3351 91203 0 0 15204 0 0 0 0 0 30408 1 0 0
3354 8018838 0 0 6682365 0 0 0 0 0 0 0 0 0
fn=malloc_consolidate
4811 1503 2 2 0 0 0 1002 167 1 0 0 0 0
4826 167 0 0 0 0 0 167 0 0 0 0 0 0
4828 334 0 0 0 0 0 167 0 0 0 0 0 0
4839 167 0 0 0 0 0 0 0 0 0 0 0 0
4841 3340 0 0 3340 168 4 0 0 0 1670 0 0 0
4842 3340 0 0 0 0 0 0 0 0 1670 147 0 0
4845 836 1 1 0 0 0 0 0 0 418 8 0 0
4849 1254 0 0 418 374 5 0 0 0 0 0 0 0
4850 1672 0 0 0 0 0 0 0 0 418 10 0 0
4855 2090 1 1 418 104 1 0 0 0 0 0 0 0
4858 836 0 0 0 0 0 0 0 0 0 0 0 0
4859 418 0 0 0 0 0 0 0 0 0 0 0 0
4860 1254 0 0 418 170 1 0 0 0 0 0 0 0
4862 836 0 0 0 0 0 0 0 0 418 69 0 0
4863 19 0 0 19 0 0 0 0 0 0 0 0 0
4864 19 0 0 0 0 0 0 0 0 0 0 0 0
4865 19 0 0 0 0 0 0 0 0 0 0 0 0
4866 76 0 0 19 4 0 0 0 0 19 1 0 0
4868 228 0 0 95 0 0 114 6 0 0 0 0 0
4871 836 1 1 418 163 11 0 0 0 418 14 0 0
4874 826 1 1 413 314 1 0 0 0 413 29 0 0
4875 25 1 1 0 0 0 0 0 0 0 0 0 0
4876 200 0 0 75 0 0 75 6 1 0 0 0 0
4878 776 0 0 0 0 0 388 0 0 0 0 0 0
4880 413 0 0 413 0 0 0 0 0 0 0 0 0
4881 826 0 0 0 0 0 413 0 0 0 0 0 0
4882 826 0 0 413 0 0 413 0 0 0 0 0 0
4884 826 0 0 0 0 0 0 0 0 413 8 0 0
4889 1239 0 0 0 0 0 413 0 0 0 0 0 0
4891 413 0 0 0 0 0 413 0 0 0 0 0 0
4892 463 0 0 0 0 0 438 0 0 0 0 0 0
4896 5 0 0 0 0 0 0 0 0 0 0 0 0
4897 10 0 0 0 0 0 5 0 0 0 0 0 0
4898 10 0 0 0 0 0 5 0 0 0 0 0 0
4901 1061 0 0 0 0 0 0 0 0 418 93 0 0
4904 5010 0 0 1670 0 0 0 0 0 1670 186 0 0
4905 1336 0 0 1169 0 0 0 0 0 0 0 0 0
fn=ptmalloc_init.part.0
1946 385 1 1 0 0 0 0 0 0 127 7 0 0
1949 381 0 0 0 0 0 127 33 32 0 0 0 0
1957 1 0 0 0 0 0 1 0 0 0 0 0 0
1958 1 0 0 0 0 0 1 1 1 0 0 0 0
1960 1 0 0 0 0 0 1 0 0 0 0 0 0
3143 2 0 0 0 0 0 0 0 0 1 1 0 0
fn=sysmalloc_mmap.isra.0
2008 20 0 0 5 0 0 0 0 0 5 0 0 0
2400 30 1 1 0 0 0 20 1 0 0 0 0 0
2413 15 0 0 0 0 0 0 0 0 0 0 0 0
2418 10 0 0 0 0 0 0 0 0 5 0 0 0
2421 50 1 1 0 0 0 5 1 0 0 0 0 0
2424 10 1 1 0 0 0 0 0 0 5 2 0 0
2428 10 0 0 0 0 0 0 0 0 5 0 0 0
2432 20 0 0 0 0 0 5 0 0 0 0 0 0
2448 15 0 0 0 0 0 0 0 0 5 0 0 0
2466 5 0 0 0 0 0 5 5 5 0 0 0 0
2467 15 1 1 0 0 0 5 0 0 0 0 0 0
2471 15 0 0 10 0 0 0 0 0 5 0 0 0
2472 25 0 0 10 0 0 0 0 0 10 0 0 0
2475 15 1 1 10 0 0 0 0 0 5 0 0 0
2476 25 0 0 10 0 0 0 0 0 10 2 0 0
2481 35 0 0 25 0 0 0 0 0 0 0 0 0
fn=tcache_init.part.0
3242 76 2 1 0 0 0 38 17 17 0 0 0 0
3251 80 0 0 39 0 0 0 0 0 20 3 0 0
3252 75 2 2 0 0 0 19 0 0 0 0 0 0
3253 38 0 0 0 0 0 0 0 0 19 3 0 0
3260 36 0 0 0 0 0 0 0 0 18 2 0 0
3261 76 1 1 38 0 0 0 0 0 38 4 0 0
3268 36 0 0 0 0 0 0 0 0 18 2 0 0
3270 38 1 0 19 0 0 19 0 0 0 0 0 0
3274 57 0 0 57 4 0 0 0 0 0 0 0 0
fn=unlink_chunk.isra.0
1608 198 1 1 0 0 0 99 0 0 0 0 0 0
1610 495 0 0 198 45 0 0 0 0 99 0 0 0
1613 198 0 0 198 5 0 0 0 0 0 0 0 0
1614 198 0 0 99 0 0 0 0 0 0 0 0 0
1616 396 1 1 198 43 1 0 0 0 198 7 0 0
1619 99 0 0 0 0 0 99 0 0 0 0 0 0
1620 99 0 0 0 0 0 99 0 0 0 0 0 0
1621 204 0 0 2 0 0 0 0 0 101 17 0 0
1623 4 0 0 2 0 0 0 0 0 2 0 0 0
1624 6 0 0 4 0 0 0 0 0 2 0 0 0
1627 4 0 0 2 0 0 0 0 0 2 1 0 0
1641 2 0 0 0 0 0 2 0 0 0 0 0 0
1642 2 1 1 0 0 0 2 0 0 0 0 0 0
1645 198 0 0 198 0 0 0 0 0 0 0 0 0
fl=./malloc/./malloc/morecore.c
fn=__glibc_morecore
25 15 1 1 0 0 0 5 0 0 0 0 0 0
26 10 0 0 5 0 0 0 0 0 5 0 0 0
29 5 0 0 0 0 0 5 0 0 0 0 0 0
30 10 0 0 0 0 0 0 0 0 5 2 0 0
34 10 0 0 10 0 0 0 0 0 0 0 0 0
fl=./malloc/./malloc/scratch_buffer_set_array_size.c
fn=__libc_scratch_buffer_set_array_size
30 65 1 1 0 0 0 20 0 0 0 0 0 0
34 5 0 0 0 0 0 0 0 0 0 0 0 0
35 10 0 0 0 0 0 0 0 0 5 2 0 0
45 10 0 0 5 0 0 0 0 0 5 2 0 0
46 5 0 0 0 0 0 0 0 0 0 0 0 0
63 30 1 1 25 0 0 0 0 0 0 0 0 0
fl=./math/../sysdeps/ieee754/dbl-64/e_log.c
fn=__ieee754_log_fma
39 20000 0 0 0 0 0 0 0 0 0 0 0 0
49 10000 1 1 0 0 0 0 0 0 0 0 0 0
61 50000 0 0 0 0 0 0 0 0 10000 636 0 0
65 1797 0 0 0 0 0 0 0 0 599 0 0 0
67 599 0 0 599 1 1 0 0 0 0 0 0 0
68 599 0 0 0 0 0 0 0 0 0 0 0 0
69 599 0 0 0 0 0 0 0 0 0 0 0 0
70 1797 1 1 1797 1 1 0 0 0 0 0 0 0
71 2396 0 0 1797 0 0 0 0 0 0 0 0 0
72 2995 1 1 2396 1 1 0 0 0 0 0 0 0
75 2396 0 0 599 1 1 0 0 0 0 0 0 0
76 599 0 0 0 0 0 0 0 0 0 0 0 0
77 1198 0 0 599 0 0 0 0 0 0 0 0 0
78 1198 1 1 0 0 0 0 0 0 0 0 0 0
79 1198 0 0 0 0 0 0 0 0 0 0 0 0
80 1797 0 0 0 0 0 0 0 0 0 0 0 0
81 599 0 0 0 0 0 0 0 0 0 0 0 0
82 599 0 0 0 0 0 0 0 0 0 0 0 0
83 599 0 0 599 0 0 0 0 0 0 0 0 0
85 28203 1 1 0 0 0 0 0 0 9401 0 0 0
102 18802 0 0 0 0 0 0 0 0 0 0 0 0
103 18802 1 1 0 0 0 0 0 0 0 0 0 0
104 9401 0 0 0 0 0 0 0 0 0 0 0 0
105 28203 0 0 0 0 0 0 0 0 0 0 0 0
106 47005 0 0 0 0 0 0 0 0 0 0 0 0
114 28203 1 1 18802 1 1 0 0 0 0 0 0 0
119 18802 0 0 0 0 0 0 0 0 0 0 0 0
122 18802 0 0 18802 33 33 0 0 0 0 0 0 0
123 9401 0 0 0 0 0 0 0 0 0 0 0 0
124 28203 0 0 9401 0 0 0 0 0 0 0 0 0
127 9401 0 0 0 0 0 0 0 0 0 0 0 0
130 84609 1 1 47005 0 0 0 0 0 0 0 0 0
131 9401 0 0 9401 0 0 0 0 0 0 0 0 0
fl=./math/../sysdeps/ieee754/dbl-64/math_config.h
fn=__ieee754_log_fma
85 10000 0 0 0 0 0 0 0 0 0 0 0 0
fl=./math/../sysdeps/x86_64/fpu/multiarch/e_asin.c
fn=__acos_finite@GLIBC_2.15
35 1 1 1 0 0 0 0 0 0 0 0 0 0
fn=__asin_finite@GLIBC_2.15
27 2 1 1 1 0 0 0 0 0 0 0 0 0
fl=./math/../sysdeps/x86_64/fpu/multiarch/e_atan2.c
fn=__atan2_finite@GLIBC_2.15
26 2 1 1 1 0 0 0 0 0 0 0 0 0
fl=./math/../sysdeps/x86_64/fpu/multiarch/e_exp.c
fn=__exp_finite@GLIBC_2.15
27 2 2 2 1 0 0 0 0 0 0 0 0 0
fl=./math/../sysdeps/x86_64/fpu/multiarch/e_exp2f.c
fn=exp2f@@GLIBC_2.27
27 2 1 1 1 0 0 0 0 0 0 0 0 0
fl=./math/../sysdeps/x86_64/fpu/multiarch/e_expf.c
fn=expf@@GLIBC_2.27
27 2 1 1 1 0 0 0 0 0 0 0 0 0
fl=./math/../sysdeps/x86_64/fpu/multiarch/e_log.c
fn=__log_finite@GLIBC_2.15
27 2 2 2 1 0 0 0 0 0 0 0 0 0
fl=./math/../sysdeps/x86_64/fpu/multiarch/e_log2.c
fn=log2@@GLIBC_2.29
27 2 1 1 1 0 0 0 0 0 0 0 0 0
fl=./math/../sysdeps/x86_64/fpu/multiarch/e_log2f.c
fn=log2f@@GLIBC_2.27
27 2 1 1 1 0 0 0 0 0 0 0 0 0
fl=./math/../sysdeps/x86_64/fpu/multiarch/e_logf.c
fn=logf@@GLIBC_2.27
27 2 1 1 1 0 0 0 0 0 0 0 0 0
fl=./math/../sysdeps/x86_64/fpu/multiarch/e_pow.c
fn=__pow_finite@GLIBC_2.15
27 2 1 1 1 0 0 0 0 0 0 0 0 0
fl=./math/../sysdeps/x86_64/fpu/multiarch/e_powf.c
fn=powf@@GLIBC_2.27
30 1 1 1 0 0 0 0 0 0 0 0 0 0
fl=./math/../sysdeps/x86_64/fpu/multiarch/ifunc-avx-fma4.h
fn=__atan2_finite@GLIBC_2.15
32 5 0 0 2 0 0 0 0 0 1 0 0 0
33 2 1 1 1 0 0 0 0 0 1 1 0 0
fn=__exp_finite@GLIBC_2.15
32 5 0 0 2 0 0 0 0 0 1 0 0 0
33 2 0 0 1 0 0 0 0 0 1 1 0 0
fn=__log_finite@GLIBC_2.15
32 5 0 0 2 0 0 0 0 0 1 0 0 0
33 2 0 0 1 0 0 0 0 0 1 1 0 0
fn=cos
32 5 1 1 2 0 0 0 0 0 1 0 0 0
33 2 0 0 1 0 0 0 0 0 1 1 0 0
fn=sin
32 5 0 0 2 0 0 0 0 0 1 0 0 0
33 2 0 0 1 0 0 0 0 0 1 1 0 0
fl=./math/../sysdeps/x86_64/fpu/multiarch/ifunc-fma.h
fn=__log1p
29 4 0 0 2 0 0 0 0 0 1 0 0 0
30 3 0 0 1 0 0 0 0 0 0 0 0 0
fn=cosf
29 4 0 0 2 0 0 0 0 0 1 0 0 0
30 3 0 0 1 0 0 0 0 0 0 0 0 0
fn=exp2f@@GLIBC_2.27
29 4 0 0 2 0 0 0 0 0 1 0 0 0
30 3 0 0 1 0 0 0 0 0 0 0 0 0
fn=expf@@GLIBC_2.27
29 4 1 1 2 0 0 0 0 0 1 0 0 0
30 3 0 0 1 0 0 0 0 0 0 0 0 0
fn=expm1
29 4 0 0 2 0 0 0 0 0 1 0 0 0
30 3 1 1 1 0 0 0 0 0 0 0 0 0
fn=log2@@GLIBC_2.29
29 4 0 0 2 0 0 0 0 0 1 0 0 0
30 3 0 0 1 0 0 0 0 0 0 0 0 0
fn=log2f@@GLIBC_2.27
29 4 0 0 2 0 0 0 0 0 1 0 0 0
30 3 1 1 1 0 0 0 0 0 0 0 0 0
fn=logf@@GLIBC_2.27
29 4 0 0 2 0 0 0 0 0 1 0 0 0
30 3 0 0 1 0 0 0 0 0 0 0 0 0
fn=powf@@GLIBC_2.27
29 4 0 0 2 0 0 0 0 0 1 0 0 0
30 4 0 0 2 0 0 0 0 0 0 0 0 0
fn=sincosf
29 4 1 1 2 0 0 0 0 0 1 0 0 0
30 3 0 0 1 0 0 0 0 0 0 0 0 0
fn=sinf
29 4 0 0 2 0 0 0 0 0 1 0 0 0
30 3 0 0 1 0 0 0 0 0 0 0 0 0
fl=./math/../sysdeps/x86_64/fpu/multiarch/ifunc-fma4.h
fn=__acos_finite@GLIBC_2.15
31 4 0 0 2 0 0 0 0 0 1 0 0 0
32 2 1 1 1 0 0 0 0 0 1 1 0 0
35 1 0 0 1 0 0 0 0 0 0 0 0 0
fn=__asin_finite@GLIBC_2.15
31 4 0 0 2 0 0 0 0 0 1 0 0 0
32 2 0 0 1 0 0 0 0 0 1 1 0 0
fn=__pow_finite@GLIBC_2.15
31 4 1 1 2 0 0 0 0 0 1 0 0 0
32 2 0 0 1 0 0 0 0 0 1 1 0 0
fn=sincos
31 4 1 1 2 0 0 0 0 0 1 0 0 0
32 2 0 0 1 0 0 0 0 0 1 1 0 0
fl=./math/../sysdeps/x86_64/fpu/multiarch/s_cosf.c
fn=cosf
26 2 1 1 1 0 0 0 0 0 0 0 0 0
fl=./math/../sysdeps/x86_64/fpu/multiarch/s_expm1.c
fn=expm1
26 2 1 1 1 0 0 0 0 0 0 0 0 0
fl=./math/../sysdeps/x86_64/fpu/multiarch/s_fma.c
fn=fma
49 6 2 2 3 0 0 0 0 0 1 1 0 0
fl=./math/../sysdeps/x86_64/fpu/multiarch/s_log1p.c
fn=__log1p
26 2 1 1 1 0 0 0 0 0 0 0 0 0
fl=./math/../sysdeps/x86_64/fpu/multiarch/s_sin.c
fn=cos
34 2 1 1 1 0 0 0 0 0 0 0 0 0
fn=sin
27 2 1 1 1 0 0 0 0 0 0 0 0 0
fl=./math/../sysdeps/x86_64/fpu/multiarch/s_sincos.c
fn=sincos
26 2 1 1 1 0 0 0 0 0 0 0 0 0
fl=./math/../sysdeps/x86_64/fpu/multiarch/s_sincosf.c
fn=sincosf
26 2 1 1 1 0 0 0 0 0 0 0 0 0
fl=./math/../sysdeps/x86_64/fpu/multiarch/s_sinf.c
fn=sinf
26 2 1 1 1 0 0 0 0 0 0 0 0 0
fl=./math/./w_log_template.c
fn=log@@GLIBC_2.29
31 10000 1 1 0 0 0 0 0 0 0 0 0 0
32 30000 0 0 0 0 0 0 0 0 10000 0 0 0
41 10000 1 1 0 0 0 0 0 0 0 0 0 0
fl=./misc/../sysdeps/unix/syscall-template.S
fn=mprotect
117 540 3 3 0 0 0 0 0 0 108 2 0 0
122 108 0 0 108 0 0 0 0 0 0 0 0 0
fn=munmap
117 80 2 2 0 0 0 0 0 0 16 0 0 0
122 16 0 0 16 0 0 0 0 0 0 0 0 0
fl=./misc/../sysdeps/unix/sysv/linux/brk.c
fn=brk
36 5 1 1 0 0 0 0 0 0 0 0 0 0
37 10 0 0 5 0 0 5 0 0 0 0 0 0
38 10 0 0 0 0 0 0 0 0 5 0 0 0
44 5 0 0 0 0 0 0 0 0 0 0 0 0
45 5 0 0 5 0 0 0 0 0 0 0 0 0
fl=./misc/../sysdeps/unix/sysv/linux/brk_call.h
fn=brk
24 10 0 0 0 0 0 0 0 0 0 0 0 0
fl=./misc/../sysdeps/unix/sysv/linux/clone-internal.c
fn=__clone_internal
53 36 0 0 36 0 0 0 0 0 0 0 0 0
62 36 1 1 36 0 0 0 0 0 0 0 0 0
64 144 0 0 54 0 0 36 0 0 0 0 0 0
80 54 0 0 18 6 0 0 0 0 18 2 0 0
82 4 0 0 0 0 0 1 0 0 0 0 0 0
83 4 1 1 1 0 0 0 0 0 2 1 0 0
86 1 0 0 0 0 0 1 0 0 0 0 0 0
97 216 2 2 0 0 0 108 0 0 0 0 0 0
99 36 0 0 36 5 0 0 0 0 0 0 0 0
106 18 0 0 0 0 0 18 0 0 0 0 0 0
109 36 0 0 36 6 0 0 0 0 0 0 0 0
110 144 0 0 126 6 0 0 0 0 0 0 0 0
fl=./misc/../sysdeps/unix/sysv/linux/getpagesize.c
fn=getpagesize
27 18 1 1 0 0 0 0 0 0 0 0 0 0
28 72 1 1 36 10 0 0 0 0 18 0 0 0
30 18 0 0 18 0 0 0 0 0 0 0 0 0
fl=./misc/../sysdeps/unix/sysv/linux/getsysstats.c
fn=get_nprocs
215 15 1 1 0 0 0 5 0 0 0 0 0 0
216 10 0 0 0 0 0 5 0 0 0 0 0 0
217 10 0 0 0 0 0 0 0 0 5 0 0 0
222 10 0 0 10 0 0 0 0 0 0 0 0 0
fn=read_sysfs_file
72 30 1 1 0 0 0 5 0 0 0 0 0 0
73 10 0 0 0 0 0 0 0 0 5 0 0 0
76 5 1 1 0 0 0 0 0 0 0 0 0 0
78 20 0 0 0 0 0 5 0 0 0 0 0 0
79 10 0 0 0 0 0 0 0 0 5 2 0 0
102 5 1 1 0 0 0 0 0 0 0 0 0 0
103 10 0 0 0 0 0 0 0 0 5 4 0 0
105 10 1 1 0 0 0 0 0 0 5 0 0 0
139 60 2 2 5 0 0 35 4 4 0 0 0 0
148 15 0 0 0 0 0 10 4 4 0 0 0 0
150 15 0 0 0 0 0 0 0 0 0 0 0 0
151 10 0 0 0 0 0 0 0 0 5 3 0 0
158 25 1 1 0 0 0 5 0 0 0 0 0 0
159 15 0 0 5 0 0 0 0 0 5 0 0 0
166 10 0 0 5 0 0 0 0 0 5 0 0 0
168 5 0 0 0 0 0 0 0 0 0 0 0 0
169 20 0 0 0 0 0 5 0 0 0 0 0 0
170 15 0 0 5 0 0 0 0 0 5 4 0 0
177 15 0 0 0 0 0 0 0 0 5 0 0 0
178 15 0 0 0 0 0 0 0 0 0 0 0 0
180 5 0 0 0 0 0 0 0 0 0 0 0 0
181 25 0 0 5 0 0 0 0 0 10 0 0 0
184 10 0 0 0 0 0 0 0 0 5 1 0 0
190 60 0 0 45 8 0 0 0 0 5 0 0 0
fl=./misc/../sysdeps/unix/sysv/linux/mmap64.c
fn=mmap
47 476 2 2 0 0 0 204 2 1 0 0 0 0
50 136 0 0 0 0 0 0 0 0 68 0 0 0
53 361 2 2 5 0 0 0 0 0 116 23 0 0
58 408 1 1 0 0 0 0 0 0 68 2 0 0
60 272 0 0 272 0 0 0 0 0 0 0 0 0
fl=./misc/../sysdeps/unix/sysv/linux/not-cancel.h
fn=read_sysfs_file
75 10 1 1 5 0 0 5 0 0 0 0 0 0
76 5 0 0 0 0 0 0 0 0 0 0 0 0
fl=./misc/../sysdeps/unix/sysv/linux/setvmaname.c
fn=__set_vma_name
33 299 4 4 0 0 0 168 1 0 0 0 0 0
35 216 0 0 87 18 1 41 18 18 44 4 0 0
40 14 0 0 2 0 0 2 0 0 2 2 0 0
47 2 1 1 0 0 0 2 0 0 0 0 0 0
48 1 0 0 0 0 0 0 0 0 0 0 0 0
49 378 1 1 292 0 0 0 0 0 41 2 0 0
fl=./misc/../sysdeps/unix/sysv/linux/x86_64/clone.S
fn=clone
52 18 1 1 0 0 0 0 0 0 0 0 0 0
54 18 0 0 0 0 0 0 0 0 0 0 0 0
55 18 0 0 0 0 0 0 0 0 0 0 0 0
56 18 0 0 0 0 0 0 0 0 18 0 0 0
59 18 0 0 0 0 0 0 0 0 0 0 0 0
60 18 0 0 0 0 0 0 0 0 18 0 0 0
63 18 0 0 0 0 0 18 18 18 0 0 0 0
65 18 0 0 0 0 0 0 0 0 0 0 0 0
69 18 1 1 0 0 0 18 0 0 0 0 0 0
72 18 0 0 0 0 0 0 0 0 0 0 0 0
73 18 0 0 0 0 0 0 0 0 0 0 0 0
74 18 0 0 0 0 0 0 0 0 0 0 0 0
75 18 0 0 18 0 0 0 0 0 0 0 0 0
76 18 0 0 0 0 0 0 0 0 0 0 0 0
81 18 0 0 0 0 0 0 0 0 0 0 0 0
83 36 0 0 0 0 0 0 0 0 0 0 0 0
84 36 0 0 0 0 0 0 0 0 36 0 0 0
85 36 0 0 0 0 0 0 0 0 36 17 0 0
87 18 0 0 18 6 0 0 0 0 0 0 0 0
95 18 0 0 0 0 0 0 0 0 0 0 0 0
98 18 0 0 18 11 0 0 0 0 0 0 0 0
99 18 0 0 18 0 0 0 0 0 0 0 0 0
100 18 0 0 0 0 0 18 0 0 0 0 18 1
fl=./misc/../sysdeps/unix/sysv/linux/x86_64/clone3.S
fn=clone3
42 1 1 1 0 0 0 0 0 0 0 0 0 0
44 1 0 0 0 0 0 0 0 0 0 0 0 0
45 1 0 0 0 0 0 0 0 0 0 0 0 0
46 1 0 0 0 0 0 0 0 0 1 1 0 0
47 1 0 0 0 0 0 0 0 0 0 0 0 0
48 1 0 0 0 0 0 0 0 0 1 0 0 0
52 1 0 0 0 0 0 0 0 0 0 0 0 0
55 1 0 0 0 0 0 0 0 0 0 0 0 0
60 1 0 0 0 0 0 0 0 0 0 0 0 0
62 1 0 0 0 0 0 0 0 0 0 0 0 0
63 1 0 0 0 0 0 0 0 0 1 1 0 0
86 5 1 1 2 0 0 1 0 0 0 0 0 0
fl=./misc/./misc/init-misc.c
fn=__init_misc
30 5 1 1 0 0 0 3 0 0 0 0 0 0
31 6 0 0 1 0 0 0 0 0 2 1 0 0
33 3 1 1 0 0 0 1 0 0 0 0 0 0
37 5 0 0 1 0 0 1 1 0 0 0 0 0
38 3 0 0 2 0 0 1 0 0 0 0 0 0
40 4 0 0 4 0 0 0 0 0 0 0 0 0
fl=./misc/./misc/sbrk.c
fn=sbrk
37 40 1 1 0 0 0 20 2 0 0 0 0 0
40 10 0 0 10 6 0 0 0 0 0 0 0 0
43 10 1 1 5 3 0 0 0 0 5 3 0 0
58 10 0 0 0 0 0 0 0 0 5 1 0 0
59 4 1 1 0 0 0 1 0 0 1 0 0 0
62 10 0 0 0 0 0 0 0 0 5 2 0 0
63 2 0 0 1 0 0 0 0 0 0 0 0 0
66 16 1 1 0 0 0 0 0 0 8 4 0 0
74 12 0 0 0 0 0 4 1 0 4 2 0 0
78 35 0 0 25 0 0 0 0 0 0 0 0 0
fl=./nptl/../include/list.h
fn=__nptl_stack_list_add
43 90 0 0 18 0 0 18 18 18 0 0 0 0
45 18 1 1 0 0 0 18 5 0 0 0 0 0
47 18 0 0 0 0 0 18 0 0 0 0 0 0
fl=./nptl/../nptl/descr.h
fn=__pthread_enable_asynccancel
439 2 1 1 0 0 0 0 0 0 0 0 0 0
fl=./nptl/../sysdeps/nptl/futex-internal.h
fn=__futex_abstimed_wait_cancelable64
87 2 1 1 0 0 0 2 0 0 0 0 0 0
fn=__lll_lock_wait
87 45 1 1 45 44 3 0 0 0 0 0 0 0
146 456 0 0 0 0 0 0 0 0 0 0 0 0
147 90 0 0 0 0 0 0 0 0 45 20 0 0
fn=__pthread_once_slow
209 8 1 1 0 0 0 0 0 0 1 1 0 0
fl=./nptl/../sysdeps/unix/sysv/linux/internal-signals.h
fn=pthread_create@@GLIBC_2.34
81 126 0 0 0 0 0 0 0 0 0 0 0 0
89 108 0 0 0 0 0 0 0 0 0 0 0 0
fn=start_thread
89 90 0 0 0 0 0 0 0 0 0 0 0 0
fl=./nptl/../sysdeps/unix/sysv/linux/internal-sigset.h
fn=pthread_create@@GLIBC_2.34
34 18 0 0 0 0 0 18 0 0 0 0 0 0
102 18 0 0 0 0 0 0 0 0 0 0 0 0
103 18 0 0 0 0 0 0 0 0 0 0 0 0
fl=./nptl/../sysdeps/unix/sysv/linux/rseq-internal.h
fn=start_thread
32 36 0 0 0 0 0 0 0 0 18 0 0 0
40 18 0 0 0 0 0 18 11 0 0 0 0 0
fl=./nptl/../sysdeps/unix/sysv/linux/sigsetops.h
fn=pthread_create@@GLIBC_2.34
54 1 0 0 0 0 0 1 0 0 0 0 0 0
104 2 1 1 1 0 0 0 0 0 0 0 0 0
fl=./nptl/../sysdeps/unix/sysv/linux/x86/elision-conf.c
fn=__lll_elision_init
92 8 1 1 1 0 0 3 0 0 0 0 0 0
96 5 1 1 0 0 0 1 0 0 0 0 0 0
98 4 0 0 0 0 0 1 0 0 0 0 0 0
100 4 0 0 0 0 0 1 0 0 0 0 0 0
102 4 0 0 0 0 0 1 0 0 0 0 0 0
104 4 1 1 0 0 0 1 0 0 0 0 0 0
107 3 0 0 1 1 1 0 0 0 1 0 0 0
108 1 0 0 0 0 0 1 1 1 0 0 0 0
109 6 0 0 5 0 0 0 0 0 1 0 0 0
fl=./nptl/../sysdeps/x86/nptl/tls-setup.h
fn=pthread_create@@GLIBC_2.34
22 36 0 0 18 6 0 18 18 18 0 0 0 0
fl=./nptl/./nptl-stack.h
fn=pthread_create@@GLIBC_2.34
61 180 1 1 54 6 0 18 0 0 0 0 0 0
fl=./nptl/./nptl/allocatestack.c
fn=name_stack_maps
587 108 1 1 0 0 0 72 18 18 0 0 0 0
589 90 1 1 54 11 0 18 0 0 0 0 0 0
593 36 0 0 18 0 0 0 0 0 0 0 0 0
595 36 0 0 0 0 0 0 0 0 18 0 0 0
599 18 0 0 18 11 0 0 0 0 0 0 0 0
600 36 0 0 18 0 0 0 0 0 18 5 0 0
601 54 0 0 0 0 0 0 0 0 0 0 0 0
603 180 1 1 0 0 0 36 18 18 0 0 0 0
605 162 0 0 126 0 0 0 0 0 18 0 0 0
fn=pthread_create@@GLIBC_2.34
66 72 1 1 18 6 0 0 0 0 18 0 0 0
74 72 0 0 18 0 0 0 0 0 18 0 0 0
99 72 2 2 36 0 0 0 0 0 36 1 0 0
166 54 0 0 0 0 0 36 0 0 0 0 0 0
170 126 1 1 72 0 0 18 0 0 18 2 0 0
219 72 0 0 0 0 0 18 0 0 0 0 0 0
223 54 0 0 0 0 0 18 0 0 18 0 0 0
228 54 0 0 18 0 0 0 0 0 18 3 0 0
238 36 1 1 18 0 0 0 0 0 18 2 0 0
328 36 0 0 0 0 0 18 0 0 0 0 0 0
329 108 0 0 36 11 0 18 0 0 0 0 0 0
333 54 0 0 0 0 0 18 0 0 18 0 0 0
343 108 0 0 18 0 0 0 0 0 0 0 0 0
347 108 0 0 0 0 0 0 0 0 36 3 0 0
351 36 0 0 0 0 0 0 0 0 18 0 0 0
352 54 0 0 18 0 0 0 0 0 0 0 0 0
353 18 0 0 0 0 0 0 0 0 0 0 0 0
366 252 1 1 18 0 0 90 0 0 0 0 0 0
369 72 1 1 36 0 0 0 0 0 18 0 0 0
374 72 0 0 18 6 1 0 0 0 18 0 0 0
380 36 0 0 18 0 0 0 0 0 18 0 0 0
385 36 1 1 18 0 0 0 0 0 0 0 0 0
386 18 0 0 0 0 0 0 0 0 0 0 0 0
395 36 0 0 0 0 0 0 0 0 18 0 0 0
407 36 0 0 18 0 0 18 0 0 0 0 0 0
408 36 0 0 0 0 0 36 18 18 0 0 0 0
411 36 0 0 0 0 0 36 0 0 0 0 0 0
416 36 0 0 0 0 0 18 18 18 0 0 0 0
419 18 0 0 0 0 0 18 18 18 0 0 0 0
426 18 1 1 0 0 0 18 18 18 0 0 0 0
429 108 0 0 36 0 0 18 0 0 18 2 0 0
442 72 1 1 18 0 0 0 0 0 18 0 0 0
445 126 0 0 0 0 0 72 0 0 0 0 0 0
447 108 1 1 72 0 0 0 0 0 36 0 0 0
454 90 0 0 36 0 0 0 0 0 36 0 0 0
477 54 1 1 18 0 0 0 0 0 18 2 0 0
506 90 1 1 18 0 0 0 0 0 18 1 0 0
532 18 0 0 0 0 0 18 0 0 0 0 0 0
537 18 0 0 0 0 0 18 0 0 0 0 0 0
542 18 0 0 0 0 0 18 0 0 0 0 0 0
545 18 0 0 0 0 0 18 0 0 0 0 0 0
547 72 1 1 0 0 0 18 0 0 0 0 0 0
558 72 0 0 18 0 0 0 0 0 0 0 0 0
563 36 0 0 18 0 0 0 0 0 0 0 0 0
fl=./nptl/./nptl/cancellation.c
fn=__pthread_enable_asynccancel
31 1 1 1 0 0 0 0 0 0 0 0 0 0
32 1 0 0 1 0 0 0 0 0 0 0 0 0
33 2 0 0 1 1 0 0 0 0 0 0 0 0
37 2 0 0 0 0 0 0 0 0 0 0 0 0
39 2 0 0 0 0 0 0 0 0 1 0 0 0
42 4 0 0 1 0 0 0 0 0 1 0 0 0
45 2 0 0 0 0 0 0 0 0 1 0 0 0
56 2 0 0 1 0 0 0 0 0 0 0 0 0
fl=./nptl/./nptl/cleanup_compat.c
fn=_pthread_cleanup_pop@@GLIBC_2.34
40 1 0 0 0 0 0 0 0 0 0 0 0 0
43 2 0 0 1 0 0 1 0 0 0 0 0 0
47 2 0 0 0 0 0 0 0 0 1 1 0 0
49 1 1 1 1 0 0 0 0 0 0 0 0 0
fn=_pthread_cleanup_push@@GLIBC_2.34
25 2 2 1 0 0 0 0 0 0 0 0 0 0
28 2 0 0 0 0 0 2 0 0 0 0 0 0
29 2 0 0 0 0 0 2 0 0 0 0 0 0
30 4 2 1 2 2 0 2 0 0 0 0 0 0
32 2 0 0 0 0 0 2 0 0 0 0 0 0
33 2 0 0 2 0 0 0 0 0 0 0 0 0
fl=./nptl/./nptl/futex-internal.c
fn=__futex_abstimed_wait_cancelable64
57 13 0 0 4 0 0 2 0 0 1 1 0 0
77 2 0 0 0 0 0 0 0 0 1 0 0 0
80 2 0 0 0 0 0 0 0 0 1 1 0 0
83 3 0 0 0 0 0 0 0 0 0 0 0 0
84 2 1 1 0 0 0 0 0 0 0 0 0 0
138 8 1 1 0 0 0 4 0 0 0 0 0 0
fl=./nptl/./nptl/libc-cleanup.c
fn=__libc_cleanup_pop_restore
54 6 0 0 0 0 0 0 0 0 0 0 0 0
55 6 0 0 6 0 0 0 0 0 0 0 0 0
57 12 0 0 6 0 0 6 0 0 0 0 0 0
59 6 0 0 6 0 0 0 0 0 0 0 0 0
60 18 1 1 6 0 0 0 0 0 6 4 0 0
71 6 0 0 6 0 0 0 0 0 0 0 0 0
fn=__libc_cleanup_push_defer
24 6 1 1 0 0 0 0 0 0 0 0 0 0
25 6 0 0 6 0 0 0 0 0 0 0 0 0
27 12 0 0 6 2 0 6 0 0 0 0 0 0
29 12 0 0 6 2 0 0 0 0 0 0 0 0
32 12 0 0 0 0 0 0 0 0 6 0 0 0
46 18 1 1 0 0 0 6 0 0 0 0 0 0
48 6 0 0 0 0 0 6 0 0 0 0 0 0
49 6 0 0 6 0 0 0 0 0 0 0 0 0
fl=./nptl/./nptl/lowlevellock.c
fn=__lll_lock_wait
41 122 1 1 0 0 0 0 0 0 0 0 0 0
42 183 0 0 61 0 0 0 0 0 61 19 0 0
45 236 0 0 118 41 0 0 0 0 118 19 0 0
48 61 0 0 0 0 0 0 0 0 0 0 0 0
fn=__lll_lock_wake
63 58 1 1 0 0 0 0 0 0 0 0 0 0
64 290 0 0 0 0 0 0 0 0 0 0 0 0
65 57 0 0 57 24 0 0 0 0 0 0 0 0
fl=./nptl/./nptl/nptl-stack.c
fn=__nptl_stack_list_add
43 18 1 1 0 0 0 0 0 0 0 0 0 0
44 72 0 0 18 0 0 18 0 0 0 0 0 0
52 18 0 0 0 0 0 18 0 0 0 0 0 0
53 18 0 0 18 0 0 0 0 0 0 0 0 0
fl=./nptl/./nptl/pthread_attr_copy.c
fn=__pthread_attr_copy
25 234 1 1 18 0 0 108 0 0 0 0 0 0
29 144 1 1 72 6 0 72 0 0 0 0 0 0
32 18 0 0 0 0 0 18 0 0 0 0 0 0
38 54 0 0 18 0 0 0 0 0 18 4 0 0
61 144 1 1 72 0 0 72 0 0 0 0 0 0
62 18 0 0 0 0 0 0 0 0 0 0 0 0
63 198 0 0 144 0 0 0 0 0 18 1 0 0
fl=./nptl/./nptl/pthread_attr_destroy.c
fn=pthread_attr_destroy
26 18 1 1 0 0 0 0 0 0 0 0 0 0
36 54 0 0 18 6 0 0 0 0 18 2 0 0
44 36 1 1 18 0 0 0 0 0 0 0 0 0
fl=./nptl/./nptl/pthread_create.c
fn=create_thread
236 216 1 1 0 0 0 108 0 0 0 0 0 0
240 90 1 1 36 0 0 18 0 0 18 3 0 0
244 36 1 1 18 0 0 0 0 0 18 2 0 0
247 36 0 0 18 0 0 18 0 0 0 0 0 0
248 36 0 0 0 0 0 0 0 0 18 0 0 0
287 198 2 2 0 0 0 180 0 0 0 0 0 0
290 18 0 0 0 0 0 0 0 0 0 0 0 0
297 72 0 0 0 0 0 18 0 0 0 0 0 0
298 36 0 0 0 0 0 0 0 0 18 0 0 0
303 18 0 0 0 0 0 18 6 0 0 0 0 0
309 36 0 0 0 0 0 0 0 0 18 3 0 0
321 36 1 1 18 0 0 0 0 0 18 0 0 0
332 18 0 0 0 0 0 0 0 0 0 0 0 0
333 198 0 0 162 18 0 0 0 0 18 0 0 0
fn=pthread_create@@GLIBC_2.34
81 2 0 0 0 0 0 1 0 0 0 0 0 0
82 1 0 0 0 0 0 1 0 0 0 0 0 0
83 4 2 2 0 0 0 1 0 0 0 0 0 0
90 6 0 0 0 0 0 0 0 0 0 0 0 0
609 72 1 1 18 0 0 0 0 0 18 0 0 0
626 288 2 2 18 0 0 198 5 0 0 0 0 0
632 36 0 0 18 0 0 0 0 0 18 1 0 0
635 1 0 0 0 0 0 1 0 0 0 0 0 0
638 3 0 0 1 1 0 1 0 0 0 0 0 0
644 18 0 0 18 0 0 0 0 0 0 0 0 0
645 72 0 0 18 0 0 0 0 0 18 5 0 0
647 72 0 0 0 0 0 36 0 0 0 0 0 0
648 36 0 0 0 0 0 0 0 0 18 0 0 0
650 36 1 1 0 0 0 18 0 0 0 0 0 0
663 1 0 0 0 0 0 1 0 0 0 0 0 0
674 18 0 0 0 0 0 18 0 0 0 0 0 0
677 18 0 0 0 0 0 18 0 0 0 0 0 0
683 36 0 0 18 0 0 18 0 0 0 0 0 0
684 36 1 1 18 0 0 18 18 18 0 0 0 0
685 18 0 0 0 0 0 18 18 18 0 0 0 0
688 18 0 0 18 0 0 0 0 0 0 0 0 0
689 72 0 0 18 0 0 18 18 18 0 0 0 0
690 54 0 0 18 6 0 0 0 0 0 0 0 0
694 18 0 0 18 6 0 0 0 0 0 0 0 0
695 72 0 0 0 0 0 0 0 0 0 0 0 0
700 72 0 0 0 0 0 18 0 0 0 0 0 0
703 72 1 1 36 6 0 36 0 0 0 0 0 0
708 36 1 1 18 6 0 18 0 0 0 0 0 0
709 36 0 0 18 0 0 18 0 0 0 0 0 0
713 36 0 0 18 0 0 18 0 0 0 0 0 0
718 36 0 0 18 0 0 18 0 0 0 0 0 0
730 36 1 1 0 0 0 0 0 0 0 0 0 0
731 36 1 1 0 0 0 0 0 0 18 18 0 0
751 36 0 0 18 0 0 0 0 0 18 1 0 0
752 3 0 0 1 0 0 1 0 0 0 0 0 0
755 54 0 0 18 0 0 18 0 0 0 0 0 0
757 18 0 0 0 0 0 0 0 0 0 0 0 0
767 18 0 0 36 0 0 0 0 0 18 0 0 0
772 36 1 1 0 0 0 36 0 0 0 0 0 0
780 54 0 0 18 0 0 0 0 0 18 3 0 0
791 36 1 1 18 0 0 18 18 18 0 0 0 0
836 126 0 0 0 0 0 18 0 0 0 0 0 0
843 36 0 0 0 0 0 0 0 0 18 0 0 0
883 36 0 0 18 0 0 0 0 0 18 0 0 0
893 36 0 0 0 0 0 18 0 0 0 0 0 0
897 36 1 1 18 0 0 0 0 0 18 2 0 0
898 36 0 0 0 0 0 18 0 0 0 0 0 0
901 234 1 1 198 12 0 0 0 0 18 0 0 0
fn=start_thread
338 198 2 2 18 11 0 108 18 18 0 0 0 0
345 36 0 0 18 11 0 0 0 0 18 5 0 0
367 72 1 1 36 15 0 18 11 0 0 0 0 0
370 18 0 0 0 0 0 18 0 0 0 0 0 0
373 54 0 0 0 0 0 18 0 0 0 0 0 0
377 18 1 1 18 11 0 0 0 0 0 0 0 0
388 90 0 0 18 0 0 0 0 0 0 0 0 0
405 72 1 1 0 0 0 18 0 0 0 0 0 0
419 36 0 0 0 0 0 18 0 0 0 0 0 0
423 108 0 0 54 0 0 0 0 0 36 0 0 0
426 36 0 0 0 0 0 0 0 0 18 3 0 0
429 36 0 0 0 0 0 18 0 0 0 0 0 0
431 36 1 1 18 0 0 0 0 0 0 0 0 0
433 18 0 0 0 0 0 0 0 0 0 0 0 0
437 36 0 0 18 0 0 0 0 0 18 2 0 0
447 54 1 1 54 11 0 18 0 0 0 0 18 1
fl=./nptl/./nptl/pthread_getattr_default_np.c
fn=pthread_getattr_default_np@@GLIBC_2.34
24 108 1 1 0 0 0 36 0 0 0 0 0 0
25 72 0 0 18 6 0 0 0 0 18 0 0 0
26 54 0 0 0 0 0 18 0 0 0 0 0 0
27 72 1 1 36 0 0 0 0 0 36 4 0 0
29 54 0 0 54 0 0 0 0 0 0 0 0 0
fl=./nptl/./nptl/pthread_join.c
fn=pthread_join@@GLIBC_2.34
23 1 1 1 0 0 0 0 0 0 0 0 0 0
24 4 1 1 0 0 0 0 0 0 0 0 0 0
fl=./nptl/./nptl/pthread_join_common.c
fn=__pthread_clockjoin_ex
39 12 1 1 1 0 0 7 0 0 0 0 0 0
43 6 0 0 1 1 0 0 0 0 2 0 0 0
48 5 1 1 1 1 0 0 0 0 1 0 0 0
52 1 0 0 1 0 0 0 0 0 0 0 0 0
55 1 0 0 0 0 0 0 0 0 0 0 0 0
57 2 0 0 0 0 0 0 0 0 1 0 0 0
58 2 0 0 1 1 0 0 0 0 1 1 0 0
74 5 0 0 1 0 0 0 0 0 1 0 0 0
84 2 0 0 0 0 0 0 0 0 1 1 0 0
89 6 2 2 0 0 0 2 0 0 0 0 0 0
94 4 0 0 1 0 0 0 0 0 1 1 0 0
102 5 0 0 0 0 0 1 0 0 0 0 0 0
fl=./nptl/./nptl/pthread_mutex_conf.c
fn=__pthread_tunables_init
55 8 1 1 1 0 0 3 0 0 0 0 0 0
56 5 1 1 0 0 0 1 0 0 0 0 0 0
58 4 0 0 0 0 0 1 0 0 0 0 0 0
60 4 0 0 0 0 0 1 0 0 0 0 0 0
62 6 1 1 5 0 0 0 0 0 1 0 0 0
fl=./nptl/./nptl/pthread_mutex_lock.c
fn=pthread_mutex_lock@@GLIBC_2.2.5
44 3509934 1 1 3509934 0 0 0 0 0 0 0 0 0
45 14039736 0 0 3509934 168 0 0 0 0 7019868 15 0 0
48 14039948 1 1 3509979 861634 0 122 0 0 3509934 63 0 0
77 17549670 1 1 0 0 0 7019868 0 0 0 0 0 0
80 10529802 0 0 3509934 3386064 1 0 0 0 0 0 0 0
82 3509934 0 0 0 0 0 0 0 0 0 0 0 0
84 7019868 1 1 0 0 0 0 0 0 3509934 16 0 0
88 7019868 0 0 0 0 0 0 0 0 3509934 12 0 0
90 10529694 0 0 3509898 7325 0 0 0 0 3509898 0 0 0
94 10529646 0 0 3509882 5 0 0 0 0 3509882 1 0 0
97 72 1 1 0 0 0 0 0 0 36 4 0 0
108 144 1 1 36 0 0 0 0 0 36 1 0 0
112 36 0 0 36 9 0 0 0 0 0 0 0 0
115 72 0 0 36 0 0 0 0 0 36 4 0 0
124 3509918 0 0 0 0 0 0 0 0 0 0 0 0
130 108 0 0 36 0 0 0 0 0 36 0 0 0
131 72 0 0 0 0 0 36 0 0 0 0 0 0
179 3509918 1 1 3509918 7526 4 0 0 0 0 0 0 0
182 3509918 0 0 0 0 0 3509918 0 0 0 0 0 0
184 3509918 0 0 3509918 0 0 0 0 0 0 0 0 0
187 3509918 0 0 0 0 0 0 0 0 0 0 0 0
190 10529754 0 0 10529754 1 0 0 0 0 0 0 0 0
fl=./nptl/./nptl/pthread_mutex_unlock.c
fn=pthread_mutex_unlock@@GLIBC_2.2.5
39 3509917 0 0 3509917 0 0 0 0 0 0 0 0 0
40 14039668 0 0 3509917 72 0 0 0 0 7019834 123 0 0
43 14039898 0 0 7019891 115 0 116 1 0 7019834 73 0 0
51 10529751 0 0 3509917 573 0 0 0 0 0 0 0 0
52 7019834 1 1 0 0 0 0 0 0 3509917 2 0 0
57 7019834 0 0 0 0 0 0 0 0 3509917 11 0 0
62 3509917 0 0 0 0 0 3509917 0 0 0 0 0 0
65 3509917 0 0 3509917 162 0 0 0 0 0 0 0 0
70 3509916 0 0 0 0 0 0 0 0 0 0 0 0
72 3509916 0 0 0 0 0 0 0 0 0 0 0 0
74 72 1 1 0 0 0 0 0 0 36 4 0 0
80 144 1 1 36 0 0 0 0 0 36 0 0 0
84 108 0 0 72 0 0 0 0 0 36 4 0 0
87 72 0 0 36 0 0 0 0 0 36 2 0 0
367 14039668 1 1 0 0 0 3509917 1 0 0 0 0 0
369 7019832 0 0 7019832 0 0 0 0 0 0 0 0 0
fl=./nptl/./nptl/pthread_once.c
fn=__pthread_once_slow
68 11 2 2 1 0 0 5 0 0 0 0 0 0
76 1 0 0 1 0 0 0 0 0 0 0 0 0
80 2 0 0 0 0 0 0 0 0 1 1 0 0
88 2 0 0 1 1 1 0 0 0 0 0 0 0
92 2 0 0 1 0 0 0 0 0 1 0 0 0
101 4 1 1 0 0 0 0 0 0 1 1 0 0
114 13 2 2 0 0 0 7 0 0 0 0 0 0
116 1 0 0 0 0 0 1 0 0 0 0 1 1
118 3 0 0 0 0 0 1 0 0 0 0 0 0
124 1 0 0 0 0 0 1 0 0 0 0 0 0
132 10 0 0 7 0 0 0 0 0 1 0 0 0
fn=pthread_once@@GLIBC_2.34
136 1292814 1 1 0 0 0 0 0 0 0 0 0 0
139 1292814 0 0 1292814 3 1 0 0 0 0 0 0 0
140 2585628 0 0 0 0 0 0 0 0 1292814 1 0 0
143 1 0 0 0 0 0 0 0 0 0 0 0 0
144 2585626 0 0 1292813 0 0 0 0 0 0 0 0 0
fl=./resource/../sysdeps/unix/sysv/linux/getrlimit64.c
fn=getrlimit
38 2 1 1 0 0 0 0 0 0 0 0 0 0
39 7 0 0 0 0 0 0 0 0 1 0 0 0
40 1 0 0 1 0 0 0 0 0 0 0 0 0
fl=./setjmp/../sysdeps/x86_64/bsd-_setjmp.S
fn=_setjmp
28 19 1 1 0 0 0 0 0 0 0 0 0 0
30 19 0 0 0 0 0 0 0 0 0 0 0 0
32 19 0 0 0 0 0 0 0 0 0 0 0 0
fl=./setjmp/../sysdeps/x86_64/setjmp.S
fn=__sigsetjmp
31 33 3 2 0 0 0 0 0 0 0 0 0 0
33 33 0 0 0 0 0 33 1 1 0 0 0 0
42 33 0 0 0 0 0 0 0 0 0 0 0 0
43 66 0 0 33 0 0 0 0 0 0 0 0 0
44 33 0 0 0 0 0 33 0 0 0 0 0 0
48 33 0 0 0 0 0 33 0 0 0 0 0 0
49 33 0 0 0 0 0 33 0 0 0 0 0 0
50 33 0 0 0 0 0 33 18 18 0 0 0 0
51 33 0 0 0 0 0 33 0 0 0 0 0 0
52 33 0 0 0 0 0 0 0 0 0 0 0 0
54 66 1 1 33 0 0 0 0 0 0 0 0 0
56 33 0 0 0 0 0 33 0 0 0 0 0 0
57 33 1 1 33 0 0 0 0 0 0 0 0 0
58 33 0 0 0 0 0 0 0 0 0 0 0 0
60 66 0 0 33 0 0 0 0 0 0 0 0 0
62 33 0 0 0 0 0 33 0 0 0 0 0 0
67 19 0 0 19 12 0 0 0 0 0 0 0 0
68 19 0 0 0 0 0 0 0 0 19 2 0 0
70 14 0 0 0 0 0 0 0 0 0 0 0 0
73 14 0 0 0 0 0 0 0 0 0 0 0 0
74 14 0 0 0 0 0 14 1 1 0 0 0 0
81 14 0 0 0 0 0 0 0 0 0 0 0 0
82 14 0 0 14 0 0 0 0 0 0 0 0 0
85 19 1 1 0 0 0 0 0 0 0 0 0 0
fl=./setjmp/./setjmp/sigjmp.c
fn=__sigjmp_save
28 114 0 0 0 0 0 38 0 0 0 0 0 0
29 19 0 0 0 0 0 19 0 0 0 0 0 0
30 38 0 0 0 0 0 0 0 0 19 0 0 0
34 76 0 0 57 0 0 0 0 0 0 0 0 0
fl=./signal/../string/bits/string_fortified.h
fn=__libc_sigaction
29 16 2 2 8 0 0 8 0 0 0 0 0 0
fl=./signal/../sysdeps/unix/sysv/linux/libc_sigaction.c
fn=__libc_sigaction
43 8 1 1 1 0 0 2 0 0 0 0 0 0
48 2 0 0 0 0 0 0 0 0 1 0 0 0
50 2 0 0 1 0 0 1 0 0 0 0 0 0
53 5 1 1 1 0 0 2 0 0 0 0 0 0
58 11 0 0 0 0 0 0 0 0 1 0 0 0
63 4 0 0 0 0 0 0 0 0 1 1 0 0
71 6 1 1 4 0 0 0 0 0 1 0 0 0
fl=./stdio-common/../include/printf_buffer.h
fn=__printf_buffer
163 72 1 1 0 0 0 0 0 0 36 4 0 0
fl=./stdio-common/../string/bits/string_fortified.h
fn=__printf_buffer_write
29 108 0 0 0 0 0 36 0 0 0 0 0 0
fl=./stdio-common/./stdio-common/Xprintf_buffer_done.c
fn=__printf_buffer_done
25 18 1 1 0 0 0 0 0 0 0 0 0 0
26 54 0 0 18 0 0 0 0 0 18 0 0 0
31 36 1 1 36 0 0 0 0 0 0 0 0 0
33 216 0 0 18 0 0 0 0 0 36 3 0 0
40 18 0 0 18 0 0 0 0 0 0 0 0 0
fl=./stdio-common/./stdio-common/Xprintf_buffer_write.c
fn=__printf_buffer_write
27 432 1 1 0 0 0 270 18 18 0 0 0 0
28 162 0 0 54 0 0 0 0 0 54 0 0 0
31 252 0 0 0 0 0 0 0 0 90 6 0 0
33 180 1 1 72 0 0 0 0 0 36 9 0 0
36 36 0 0 0 0 0 0 0 0 0 0 0 0
37 72 0 0 0 0 0 0 0 0 0 0 0 0
40 108 0 0 36 0 0 36 0 0 0 0 0 0
41 36 0 0 0 0 0 0 0 0 0 0 0 0
44 324 1 1 324 0 0 0 0 0 0 0 0 0
fl=./stdio-common/./stdio-common/_itoa.c
fn=_itoa_word
169 18 1 1 0 0 0 0 0 0 0 0 0 0
172 72 1 1 0 0 0 0 0 0 0 0 0 0
174 36 0 0 0 0 0 0 0 0 18 2 0 0
183 1800 2 2 126 16 1 126 0 0 126 28 0 0
192 36 0 0 18 0 0 0 0 0 0 0 0 0
fl=./stdio-common/./stdio-common/printf-parse.h
fn=__printf_buffer
82 162 1 1 0 0 0 54 0 0 0 0 0 0
fl=./stdio-common/./stdio-common/snprintf.c
fn=snprintf
26 216 3 3 18 0 0 90 36 36 18 5 0 0
30 108 1 1 0 0 0 72 0 0 0 0 0 0
31 54 0 0 0 0 0 18 0 0 0 0 0 0
35 90 0 0 72 0 0 0 0 0 18 0 0 0
fl=./stdio-common/./stdio-common/vfprintf-internal.c
fn=__printf_buffer
600 270 1 1 0 0 0 144 18 18 0 0 0 0
627 90 1 1 54 0 0 36 18 18 0 0 0 0
631 18 0 0 0 0 0 18 0 0 0 0 0 0
634 18 0 0 0 0 0 18 0 0 0 0 0 0
638 72 0 0 36 0 0 36 18 18 0 0 0 0
642 18 0 0 0 0 0 18 0 0 0 0 0 0
653 54 0 0 0 0 0 18 0 0 0 0 0 0
654 36 0 0 0 0 0 0 0 0 0 0 0 0
655 54 0 0 18 0 0 0 0 0 18 0 0 0
659 36 0 0 18 0 0 0 0 0 18 0 0 0
663 144 1 1 54 16 1 18 18 18 54 0 0 0
683 18 0 0 0 0 0 18 0 0 0 0 0 0
684 18 1 1 0 0 0 18 0 0 0 0 0 0
685 18 0 0 0 0 0 18 0 0 0 0 0 0
686 18 0 0 0 0 0 18 0 0 0 0 0 0
687 18 0 0 0 0 0 0 0 0 0 0 0 0
690 36 0 0 0 0 0 0 0 0 0 0 18 1
691 18 0 0 0 0 0 0 0 0 0 0 0 0
692 18 0 0 0 0 0 0 0 0 0 0 0 0
693 18 0 0 0 0 0 0 0 0 0 0 0 0
694 18 0 0 0 0 0 18 0 0 0 0 0 0
695 18 0 0 0 0 0 0 0 0 0 0 0 0
698 18 0 0 0 0 0 18 0 0 0 0 0 0
699 18 0 0 0 0 0 18 18 18 0 0 0 0
705 252 3 3 54 32 2 0 0 0 18 1 0 0
784 18 1 1 18 0 0 0 0 0 0 0 0 0
883 18 1 1 0 0 0 0 0 0 0 0 0 0
973 54 0 0 0 0 0 18 0 0 0 0 0 0
1018 18 0 0 18 0 0 0 0 0 0 0 0 0
1024 18 1 1 0 0 0 0 0 0 0 0 0 0
1028 54 1 1 0 0 0 18 0 0 0 0 0 0
1029 36 0 0 0 0 0 0 0 0 0 0 0 0
1031 36 0 0 18 0 0 0 0 0 18 2 0 0
1044 198 1 1 162 0 0 0 0 0 18 0 0 0
fl=./stdio-common/./stdio-common/vfprintf-process-arg.c
fn=__printf_buffer
66 18 1 1 0 0 0 18 0 0 0 0 0 0
67 18 0 0 0 0 0 0 0 0 0 0 0 0
92 18 0 0 0 0 0 0 0 0 0 0 0 0
93 18 0 0 0 0 0 18 0 0 0 0 0 0
94 18 0 0 0 0 0 18 0 0 0 0 0 0
126 36 1 1 0 0 0 0 0 0 18 2 0 0
128 36 1 1 0 0 0 0 0 0 18 2 0 0
130 36 1 1 0 0 0 0 0 0 18 3 0 0
131 144 0 0 36 0 0 18 0 0 18 0 0 0
136 54 1 1 0 0 0 0 0 0 18 2 0 0
138 36 0 0 0 0 0 0 0 0 0 0 0 0
155 270 1 1 36 0 0 126 0 0 0 0 0 0
161 162 1 1 36 0 0 36 0 0 36 2 0 0
166 108 1 1 72 0 0 18 0 0 0 0 0 0
170 36 1 1 0 0 0 18 0 0 0 0 0 0
186 90 1 1 0 0 0 0 0 0 18 2 0 0
187 162 2 2 54 0 0 0 0 0 0 0 0 0
195 90 0 0 0 0 0 0 0 0 0 0 0 0
197 54 0 0 18 0 0 0 0 0 18 0 0 0
199 72 1 1 18 0 0 0 0 0 0 0 0 0
201 126 1 1 36 0 0 18 0 0 18 0 0 0
206 36 0 0 0 0 0 0 0 0 0 0 0 0
208 72 1 1 36 0 0 0 0 0 18 0 0 0
211 36 0 0 18 0 0 0 0 0 18 2 0 0
224 36 0 0 0 0 0 0 0 0 18 0 0 0
233 36 1 1 0 0 0 0 0 0 18 2 0 0
236 36 0 0 18 0 0 0 0 0 18 2 0 0
240 90 2 2 36 0 0 18 0 0 0 0 0 0
fl=./stdlib/../include/rounding-mode.h
fn=round_and_return
46 4974490 1 1 0 0 0 0 0 0 2984694 3 0 0
52 1989796 1 1 0 0 0 0 0 0 994898 2 0 0
fl=./stdlib/../stdlib/strtol.c
fn=__isoc23_strtoul
125 10 1 1 0 0 0 0 0 0 0 0 0 0
126 50 0 0 20 9 0 0 0 0 0 0 0 0
fl=./stdlib/../stdlib/strtol_l.c
fn=____strtoul_l_internal
238 130 0 0 0 0 0 90 0 0 0 0 0 0
252 10 1 1 10 4 0 0 0 0 0 0 0 0
257 10 0 0 0 0 0 0 0 0 0 0 0 0
258 10 0 0 0 0 0 0 0 0 0 0 0 0
264 20 0 0 0 0 0 0 0 0 10 6 0 0
292 10 0 0 0 0 0 0 0 0 0 0 0 0
295 40 0 0 0 0 0 0 0 0 10 0 0 0
304 60 0 0 40 10 0 0 0 0 10 9 0 0
306 20 1 1 0 0 0 0 0 0 10 0 0 0
310 10 0 0 0 0 0 10 0 0 0 0 0 0
311 20 0 0 0 0 0 0 0 0 10 0 0 0
316 20 0 0 0 0 0 0 0 0 10 4 0 0
320 20 1 1 0 0 0 0 0 0 10 7 0 0
322 10 1 1 0 0 0 0 0 0 5 2 0 0
327 20 3 3 5 0 0 0 0 0 10 4 0 0
335 10 0 0 0 0 0 0 0 0 0 0 0 0
342 20 0 0 0 0 0 0 0 0 10 7 0 0
345 40 0 0 0 0 0 0 0 0 10 0 0 0
390 30 0 0 10 5 1 0 0 0 0 0 0 0
391 30 0 0 10 5 1 10 0 0 0 0 0 0
393 10 0 0 0 0 0 0 0 0 0 0 0 0
394 10 0 0 0 0 0 0 0 0 0 0 0 0
395 10 0 0 0 0 0 0 0 0 0 0 0 0
449 30 0 0 15 0 0 0 0 0 0 0 0 0
451 110 1 1 10 5 0 0 0 0 25 1 0 0
453 75 1 1 0 0 0 0 0 0 25 12 0 0
460 20 0 0 0 0 0 0 0 0 10 0 0 0
477 30 0 0 20 5 0 0 0 0 10 10 0 0
478 10 0 0 0 0 0 0 0 0 0 0 0 0
481 45 0 0 0 0 0 0 0 0 15 0 0 0
484 60 1 1 0 0 0 0 0 0 30 12 0 0
489 35 0 0 0 0 0 0 0 0 0 0 0 0
490 45 0 0 0 0 0 0 0 0 0 0 0 0
495 20 0 0 0 0 0 0 0 0 10 0 0 0
500 30 0 0 10 0 0 0 0 0 10 0 0 0
501 10 0 0 0 0 0 10 0 0 0 0 0 0
513 20 0 0 0 0 0 0 0 0 10 0 0 0
524 50 0 0 10 0 0 0 0 0 0 0 0 0
546 90 0 0 70 0 0 0 0 0 0 0 0 0
fl=./stdlib/../sysdeps/generic/get-rounding-mode.h
fn=round_and_return
94 994898 1 1 0 0 0 994898 0 0 0 0 0 0
95 8954082 0 0 994898 0 0 0 0 0 1989796 0 0 0
fl=./stdlib/../sysdeps/ieee754/flt-32/mpn2flt.c
fn=__mpn_construct_float
29 994898 1 1 0 0 0 0 0 0 0 0 0 0
33 994898 0 0 0 0 0 0 0 0 0 0 0 0
35 5969388 0 0 994898 0 0 0 0 0 0 0 0 0
40 994898 0 0 0 0 0 0 0 0 0 0 0 0
41 1989796 0 0 994898 0 0 0 0 0 0 0 0 0
fl=./stdlib/../sysdeps/x86_64/lshift.S
fn=__mpn_lshift
28 994898 1 1 0 0 0 0 0 0 0 0 0 0
29 994898 0 0 0 0 0 0 0 0 0 0 0 0
30 994898 0 0 0 0 0 0 0 0 0 0 0 0
32 994898 0 0 0 0 0 0 0 0 0 0 0 0
33 994898 0 0 0 0 0 0 0 0 0 0 0 0
34 994898 0 0 0 0 0 0 0 0 994898 2 0 0
46 994898 0 0 0 0 0 0 0 0 0 0 0 0
47 994898 0 0 0 0 0 0 0 0 994898 0 0 0
48 994898 0 0 994898 0 0 0 0 0 0 0 0 0
49 994898 0 0 0 0 0 0 0 0 0 0 0 0
50 994898 1 1 0 0 0 0 0 0 0 0 0 0
51 994898 0 0 0 0 0 0 0 0 0 0 0 0
52 994898 0 0 0 0 0 0 0 0 994898 2 0 0
58 994898 0 0 0 0 0 0 0 0 0 0 0 0
59 994898 0 0 0 0 0 994898 0 0 0 0 0 0
60 994898 0 0 994898 0 0 0 0 0 0 0 0 0
fl=./stdlib/./stdlib/cxa_atexit.c
fn=__cxa_atexit
41 24 1 1 0 0 0 0 0 0 12 1 0 0
43 96 0 0 12 1 0 0 0 0 12 0 0 0
44 24 0 0 0 0 0 12 0 0 0 0 0 0
46 24 0 0 0 0 0 0 0 0 12 0 0 0
52 36 0 0 12 0 0 0 0 0 0 0 0 0
53 12 0 0 0 0 0 12 0 0 0 0 0 0
54 12 0 0 0 0 0 12 6 6 0 0 0 0
55 12 1 1 0 0 0 12 0 0 0 0 0 0
56 12 0 0 0 0 0 12 0 0 0 0 0 0
57 48 0 0 24 0 0 0 0 0 24 0 0 0
58 12 0 0 0 0 0 0 0 0 0 0 0 0
67 84 1 1 0 0 0 60 0 0 0 0 0 0
69 72 0 0 72 0 0 0 0 0 0 0 0 0
fn=__new_exitfn
80 60 1 1 0 0 0 36 0 0 0 0 0 0
81 12 0 0 0 0 0 0 0 0 0 0 0 0
86 24 0 0 12 1 1 0 0 0 12 0 0 0
91 76 0 0 13 1 0 0 0 0 13 3 0 0
93 48 1 1 12 1 0 0 0 0 12 5 0 0
94 55 0 0 11 0 0 0 0 0 11 5 0 0
101 1 0 0 0 0 0 1 0 0 0 0 0 0
104 22 0 0 0 0 0 0 0 0 11 0 0 0
122 1 0 0 0 0 0 0 0 0 0 0 0 0
123 1 1 1 0 0 0 1 0 0 0 0 0 0
129 33 0 0 0 0 0 0 0 0 0 0 0 0
130 22 0 0 0 0 0 11 0 0 0 0 0 0
134 1 0 0 0 0 0 0 0 0 0 0 0 0
136 12 1 1 0 0 0 12 0 0 0 0 0 0
137 12 0 0 12 0 0 0 0 0 0 0 0 0
141 60 0 0 48 0 0 0 0 0 0 0 0 0
fl=./stdlib/./stdlib/cxa_thread_atexit_impl.c
fn=__cxa_thread_atexit_impl
102 162 1 1 0 0 0 90 17 17 0 0 0 0
103 54 0 0 18 0 0 0 0 0 0 0 0 0
106 54 1 1 0 0 0 18 0 0 0 0 0 0
107 36 0 0 0 0 0 0 0 0 18 0 0 0
110 36 0 0 0 0 0 18 0 0 0 0 0 0
111 18 0 0 0 0 0 18 0 0 0 0 0 0
112 54 0 0 36 0 0 18 0 0 0 0 0 0
113 18 0 0 0 0 0 18 0 0 0 0 0 0
117 54 0 0 18 12 0 18 0 0 0 0 0 0
120 36 0 0 0 0 0 0 0 0 18 2 0 0
124 36 1 1 0 0 0 18 0 0 0 0 0 0
128 90 0 0 18 0 0 18 0 0 18 0 0 0
136 18 1 1 36 13 0 0 0 0 18 4 0 0
137 36 0 0 0 0 0 18 0 0 0 0 0 0
139 36 0 0 18 0 0 18 0 0 0 0 0 0
142 126 0 0 108 4 0 0 0 0 0 0 0 0
fl=./stdlib/./stdlib/getenv.c
fn=getenv
24 9 2 2 0 0 0 6 0 0 0 0 0 0
25 8 0 0 3 1 1 0 0 0 2 1 0 0
28 2 0 0 0 0 0 1 0 0 0 0 0 0
29 191 0 0 48 6 0 0 0 0 48 2 0 0
31 94 1 1 47 20 0 0 0 0 47 17 0 0
32 30 0 0 0 0 0 5 0 0 5 3 0 0
37 9 0 0 7 0 0 0 0 0 0 0 0 0
fl=./stdlib/./stdlib/secure-getenv.c
fn=secure_getenv
28 1 1 1 0 0 0 0 0 0 0 0 0 0
29 5 0 0 2 2 0 0 0 0 1 0 0 0
fl=./stdlib/./stdlib/strtod_l.c
fn=____strtof_l_internal
508 15513600 1 1 0 0 0 10342400 1 0 0 0 0 0
514 1888604 0 0 0 0 0 1292800 0 0 0 0 0 0
553 1292800 0 0 0 0 0 0 0 0 0 0 0 0
561 3878400 0 0 2585600 2 0 1292800 0 0 0 0 0 0
563 2585600 0 0 0 0 0 0 0 0 1292800 0 0 0
587 1292800 1 1 0 0 0 1292800 0 0 0 0 0 0
595 2585600 0 0 1292800 2 0 1292800 0 0 0 0 0 0
596 3878400 0 0 0 0 0 2585600 1 0 0 0 0 0
597 3878400 0 0 1292800 0 0 0 0 0 1292800 0 0 0
601 1292800 0 0 0 0 0 1292800 0 0 0 0 0 0
602 1292800 0 0 0 0 0 1292800 0 0 0 0 0 0
607 1292800 0 0 0 0 0 0 0 0 0 0 0 0
610 5171200 0 0 1292800 0 0 0 0 0 0 0 0 0
611 6464000 1 1 3878400 2 0 0 0 0 1292800 0 0 0
614 2585600 0 0 0 0 0 0 0 0 1292800 2 0 0
619 2585600 1 1 0 0 0 0 0 0 1292800 0 0 0
632 7756800 0 0 1292800 0 0 0 0 0 1292800 0 0 0
633 2585600 0 0 1292800 0 0 0 0 0 1292800 0 0 0
641 3878400 1 1 0 0 0 0 0 0 1292800 0 0 0
685 297902 1 1 0 0 0 0 0 0 0 0 0 0
689 3479306 1 1 595804 2 1 0 0 0 1590702 346282 0 0
708 6464000 0 0 1292800 0 0 994898 0 0 1292800 5 0 0
709 893706 1 1 0 0 0 297902 0 0 297902 0 0 0
710 595804 0 0 297902 0 0 0 0 0 0 0 0 0
732 3181404 0 0 2883502 0 0 0 0 0 0 0 0 0
733 1787412 1 1 0 0 0 297902 0 0 297902 0 0 0
734 2383216 0 0 297902 0 0 0 0 0 297902 2 0 0
739 3276922 2 2 595804 0 0 0 0 0 595804 4 0 0
740 595804 0 0 297902 0 0 0 0 0 297902 0 0 0
747 1191608 1 1 297902 0 0 0 0 0 297902 2 0 0
765 1489510 0 0 595804 2 1 0 0 0 297902 0 0 0
775 10900128 1 1 0 0 0 0 0 0 3048232 525614 0 0
776 2585600 0 0 1292800 0 0 0 0 0 1292800 0 0 0
779 3510864 1 1 0 0 0 0 0 0 0 0 0 0
788 2585600 0 0 0 0 0 0 0 0 1292800 2 0 0
801 3510864 0 0 1755432 0 0 0 0 0 0 0 0 0
804 5171200 0 0 1292800 0 0 0 0 0 2585600 0 0 0
846 2585600 0 0 0 0 0 0 0 0 0 0 0 0
855 10342400 1 1 1292800 0 0 0 0 0 2585600 1292800 0 0
856 2585600 0 0 1292800 0 0 0 0 0 1292800 2 0 0
862 3878400 1 1 2585600 0 0 0 0 0 0 0 0 0
863 1292800 0 0 1292800 0 0 0 0 0 0 0 0 0
864 11635200 1 1 0 0 0 0 0 0 1292800 2 0 0
865 34905600 0 0 0 0 0 0 0 0 9049600 1292811 0 0
868 19088424 1 1 0 0 0 0 0 0 7756800 346266 0 0
869 8937060 1 1 0 0 0 0 0 0 0 0 0 0
870 2585600 0 0 0 0 0 0 0 0 0 0 0 0
871 7756800 0 0 7756800 0 0 0 0 0 0 0 0 0
874 2585600 0 0 0 0 0 0 0 0 1292800 0 0 0
877 2585600 0 0 0 0 0 0 0 0 0 0 0 0
880 3878400 0 0 3878400 2 1 0 0 0 0 0 0 0
881 2585600 0 0 0 0 0 0 0 0 0 0 0 0
882 6464000 1 1 1292800 0 0 0 0 0 2585600 0 0 0
980 2585600 1 1 0 0 0 0 0 0 0 0 0 0
1013 2585600 0 0 0 0 0 0 0 0 1292800 0 0 0
1015 19392000 0 0 9049600 0 0 0 0 0 9049600 9 0 0
1017 7756800 0 0 0 0 0 0 0 0 0 0 0 0
1018 1292800 0 0 0 0 0 0 0 0 0 0 0 0
1020 3878400 0 0 0 0 0 0 0 0 1292800 0 0 0
1023 7160996 1 1 0 0 0 0 0 0 2287698 346261 0 0
1042 3878400 1 1 1292800 0 0 0 0 0 1292800 0 0 0
1043 1292800 0 0 0 0 0 1292800 0 0 0 0 0 0
1045 595804 0 0 0 0 0 0 0 0 297902 0 0 0
1048 1989796 0 0 0 0 0 0 0 0 994898 2 0 0
1072 1989796 0 0 994898 0 0 0 0 0 0 0 0 0
1081 1989796 1 1 994898 0 0 0 0 0 994898 0 0 0
1175 9948980 1 1 0 0 0 0 0 0 0 0 0 0
1176 994898 0 0 0 0 0 0 0 0 0 0 0 0
1177 2984694 0 0 0 0 0 994898 0 0 0 0 0 0
1180 3979592 1 1 0 0 0 0 0 0 994898 0 0 0
1192 1989796 0 0 0 0 0 0 0 0 994898 0 0 0
1195 1989796 0 0 0 0 0 0 0 0 994898 2 0 0
1198 13928572 2 2 1989796 0 0 6964286 1 0 0 0 0 0
1204 5969388 1 1 3979592 0 0 0 0 0 994898 2 0 0
1224 994898 0 0 994898 0 0 0 0 0 0 0 0 0
1248 2984694 2 2 994898 0 0 0 0 0 0 0 0 0
1249 3979592 0 0 0 0 0 994898 0 0 0 0 0 0
1253 1989796 0 0 0 0 0 0 0 0 994898 0 0 0
1259 1989796 0 0 0 0 0 0 0 0 994898 0 0 0
1291 1989796 0 0 0 0 0 0 0 0 994898 0 0 0
1294 6964286 0 0 0 0 0 0 0 0 0 0 0 0
1296 2984694 0 0 0 0 0 0 0 0 994898 0 0 0
1298 4974490 1 1 0 0 0 0 0 0 0 0 0 0
1306 4974490 1 1 994898 0 0 994898 0 0 0 0 0 0
1310 1989796 0 0 0 0 0 0 0 0 994898 2 0 0
1325 7959184 0 0 994898 0 0 994898 0 0 0 0 0 0
1770 14220800 0 0 11635200 0 0 0 0 0 1292800 0 0 0
fn=round_and_return
215 15918368 1 1 994898 0 0 6964286 0 0 0 0 0 0
218 1989796 0 0 0 0 0 0 0 0 994898 2 0 0
226 994898 0 0 0 0 0 0 0 0 0 0 0 0
233 994898 0 0 994898 0 0 0 0 0 0 0 0 0
313 1989796 1 1 0 0 0 0 0 0 994898 0 0 0
316 1989796 1 1 994898 0 0 994898 1 0 0 0 0 0
319 6964286 0 0 0 0 0 0 0 0 994898 0 0 0
320 1989796 0 0 0 0 0 0 0 0 0 0 0 0
350 1989796 1 1 0 0 0 0 0 0 994898 2 0 0
355 8954082 2 2 1989796 0 0 0 0 0 994898 0 0 0
356 6964286 0 0 5969388 0 0 0 0 0 0 0 0 0
fn=str_to_mpn.isra.0
365 9948980 1 1 994898 0 0 6964286 1 0 0 0 0 0
374 1989796 0 0 0 0 0 0 0 0 0 0 0 0
375 994898 0 0 0 0 0 0 0 0 0 0 0 0
378 994898 0 0 0 0 0 994898 0 0 0 0 0 0
379 5969388 1 1 0 0 0 0 0 0 994898 0 0 0
382 3510864 1 1 0 0 0 0 0 0 1755432 4 0 0
413 7021728 0 0 1755432 0 0 0 0 0 1755432 6 0 0
426 5266296 0 0 0 0 0 0 0 0 0 0 0 0
427 3510864 0 0 0 0 0 0 0 0 0 0 0 0
429 3510864 0 0 0 0 0 0 0 0 1755432 507002 0 0
431 3979592 1 1 1989796 0 0 0 0 0 994898 3 0 0
438 2984694 0 0 994898 2 1 0 0 0 0 0 0 0
440 2984694 1 1 994898 0 0 0 0 0 994898 0 0 0
442 994898 0 0 0 0 0 994898 0 0 0 0 0 0
443 994898 0 0 0 0 0 994898 0 0 0 0 0 0
458 8954082 0 0 6964286 0 0 0 0 0 0 0 0 0
fn=strtof_l
1782 2585600 1 1 0 0 0 0 0 0 0 0 0 0
1783 2585600 0 0 0 0 0 0 0 0 0 0 0 0
fl=./string/../include/rtld-malloc.h
fn=strdup
56 28 0 0 14 0 0 14 0 0 0 0 14 1
fl=./string/../string/strcspn.c
fn=strcspn
32 6 1 1 0 0 0 2 1 1 0 0 0 0
33 3 0 0 1 1 1 0 0 0 1 0 0 0
34 2 0 0 1 0 0 0 0 0 1 0 0 0
39 6 0 0 0 0 0 4 2 2 0 0 0 0
40 4 1 1 0 0 0 4 1 1 0 0 0 0
41 4 0 0 0 0 0 4 1 1 0 0 0 0
42 4 0 0 0 0 0 4 0 0 0 0 0 0
44 1 0 0 0 0 0 0 0 0 0 0 0 0
47 9 1 1 3 0 0 3 0 0 0 0 0 0
48 6 0 0 0 0 0 0 0 0 3 2 0 0
51 4 0 0 2 0 0 0 0 0 1 0 0 0
52 4 0 0 2 0 0 0 0 0 1 0 0 0
53 4 1 1 2 0 0 0 0 0 1 0 0 0
54 4 0 0 2 0 0 0 0 0 1 0 0 0
56 3 0 0 0 0 0 0 0 0 0 0 0 0
61 13 0 0 0 0 0 0 0 0 0 0 0 0
62 26 0 0 26 1 1 0 0 0 0 0 0 0
63 26 1 1 26 0 0 0 0 0 0 0 0 0
64 26 0 0 26 0 0 0 0 0 0 0 0 0
65 13 0 0 13 0 0 0 0 0 0 0 0 0
67 78 0 0 13 0 0 0 0 0 13 10 0 0
69 1 0 0 0 0 0 0 0 0 0 0 0 0
70 4 0 0 0 0 0 0 0 0 1 1 0 0
71 3 0 0 3 0 0 0 0 0 0 0 0 0
fl=./string/../string/strstr.c
fn=__GI_strstr
77 36 1 1 3 0 0 21 0 0 0 0 0 0
82 9 1 1 3 3 1 0 0 0 3 0 0 0
84 15 0 0 0 0 0 3 0 0 0 0 0 0
85 6 0 0 0 0 0 0 0 0 3 2 0 0
86 6 1 1 0 0 0 0 0 0 0 0 0 0
161 36 0 0 27 0 0 0 0 0 3 0 0 0
fl=./string/../sysdeps/x86/cacheinfo.c
fn=__x86_cacheinfo
86 1 1 1 0 0 0 0 0 0 0 0 0 0
fl=./string/../sysdeps/x86/cacheinfo.h
fn=__x86_cacheinfo
59 1 0 0 1 0 0 0 0 0 0 0 0 0
62 3 1 1 1 1 0 0 0 0 1 0 0 0
64 3 0 0 0 0 0 1 0 0 0 0 0 0
65 1 0 0 0 0 0 1 1 1 0 0 0 0
71 3 0 0 1 0 0 0 0 0 1 0 0 0
73 3 1 1 0 0 0 1 0 0 0 0 0 0
74 1 0 0 0 0 0 1 0 0 0 0 0 0
78 2 0 0 1 0 0 1 1 1 0 0 0 0
80 2 0 0 1 0 0 1 0 0 0 0 0 0
81 2 0 0 1 0 0 1 0 0 0 0 0 0
82 2 0 0 1 0 0 1 0 0 0 0 0 0
84 2 1 1 1 1 0 0 0 0 1 1 0 0
86 2 0 0 1 0 0 0 0 0 0 0 0 0
fl=./string/../sysdeps/x86_64/multiarch/../multiarch/memcmp-sse2.S
fn=bcmp
59 7 1 1 0 0 0 0 0 0 0 0 0 0
71 7 0 0 0 0 0 0 0 0 0 0 0 0
72 7 0 0 0 0 0 0 0 0 7 4 0 0
94 1 0 0 0 0 0 0 0 0 0 0 0 0
95 1 0 0 0 0 0 0 0 0 1 1 0 0
140 1 1 1 1 0 0 0 0 0 0 0 0 0
141 1 0 0 1 0 0 0 0 0 0 0 0 0
143 1 0 0 0 0 0 0 0 0 0 0 0 0
144 1 0 0 0 0 0 0 0 0 1 0 0 0
146 1 0 0 1 0 0 0 0 0 0 0 0 0
147 1 0 0 1 0 0 0 0 0 0 0 0 0
149 1 0 0 0 0 0 0 0 0 0 0 0 0
150 1 0 0 0 0 0 0 0 0 1 1 0 0
197 1 0 0 0 0 0 0 0 0 0 0 0 0
198 1 0 0 0 0 0 0 0 0 0 0 0 0
199 1 0 0 0 0 0 0 0 0 0 0 0 0
200 1 0 0 0 0 0 0 0 0 0 0 0 0
201 1 0 0 0 0 0 0 0 0 0 0 0 0
202 1 0 0 1 0 0 0 0 0 0 0 0 0
255 6 1 1 0 0 0 0 0 0 0 0 0 0
257 6 0 0 6 0 0 0 0 0 0 0 0 0
258 6 0 0 6 0 0 0 0 0 0 0 0 0
259 6 0 0 0 0 0 0 0 0 0 0 0 0
260 6 0 0 0 0 0 0 0 0 0 0 0 0
261 6 0 0 0 0 0 0 0 0 0 0 0 0
262 6 0 0 0 0 0 0 0 0 6 0 0 0
269 6 0 0 0 0 0 0 0 0 0 0 0 0
271 6 0 0 0 0 0 0 0 0 6 0 0 0
273 6 1 1 6 0 0 0 0 0 0 0 0 0
274 6 0 0 6 0 0 0 0 0 0 0 0 0
275 6 0 0 0 0 0 0 0 0 0 0 0 0
276 6 0 0 0 0 0 0 0 0 0 0 0 0
277 6 0 0 0 0 0 0 0 0 0 0 0 0
281 6 0 0 0 0 0 0 0 0 6 0 0 0
289 6 0 0 6 0 0 0 0 0 0 0 0 0
fl=./string/../sysdeps/x86_64/multiarch/../multiarch/memset-vec-unaligned-erms.S
fn=memset
132 91 2 1 0 0 0 0 0 0 0 0 0 0
133 455 0 0 0 0 0 0 0 0 0 0 0 0
138 91 0 0 0 0 0 0 0 0 0 0 0 0
139 91 0 0 0 0 0 0 0 0 91 25 0 0
142 66 0 0 0 0 0 0 0 0 0 0 0 0
143 66 0 0 0 0 0 0 0 0 66 24 0 0
145 25 0 0 0 0 0 25 0 0 0 0 0 0
146 25 0 0 0 0 0 25 0 0 0 0 0 0
147 25 1 1 25 0 0 0 0 0 0 0 0 0
244 41 1 0 0 0 0 41 41 41 0 0 0 0
245 41 0 0 0 0 0 41 0 0 0 0 0 0
257 41 0 0 0 0 0 0 0 0 0 0 0 0
260 41 0 0 0 0 0 0 0 0 0 0 0 0
261 41 0 0 0 0 0 0 0 0 41 0 0 0
273 41 0 0 0 0 0 41 20 20 0 0 0 0
274 41 0 0 0 0 0 41 2 2 0 0 0 0
287 41 0 0 0 0 0 0 0 0 0 0 0 0
288 41 0 0 0 0 0 0 0 0 0 0 0 0
290 41 0 0 0 0 0 0 0 0 41 3 0 0
293 22 0 0 0 0 0 0 0 0 0 0 0 0
296 44 0 0 0 0 0 0 0 0 0 0 0 0
299 169 1 0 0 0 0 169 34 34 0 0 0 0
300 169 0 0 0 0 0 169 0 0 0 0 0 0
301 169 0 0 0 0 0 169 128 128 0 0 0 0
302 169 0 0 0 0 0 169 6 6 0 0 0 0
303 169 0 0 0 0 0 0 0 0 0 0 0 0
304 169 0 0 0 0 0 0 0 0 0 0 0 0
305 169 0 0 0 0 0 0 0 0 169 25 0 0
308 41 0 0 0 0 0 41 1 1 0 0 0 0
309 41 0 0 0 0 0 41 0 0 0 0 0 0
310 41 0 0 0 0 0 41 0 0 0 0 0 0
311 41 0 0 0 0 0 41 0 0 0 0 0 0
316 41 0 0 41 0 0 0 0 0 0 0 0 0
350 25 1 1 0 0 0 0 0 0 0 0 0 0
352 25 0 0 0 0 0 0 0 0 0 0 0 0
353 25 0 0 0 0 0 0 0 0 25 6 0 0
392 25 2 1 0 0 0 25 21 21 0 0 0 0
393 25 0 0 0 0 0 25 1 1 0 0 0 0
395 25 0 0 25 0 0 0 0 0 0 0 0 0
fl=./string/../sysdeps/x86_64/multiarch/../multiarch/strchr-sse2.S
fn=index
32 37 1 1 0 0 0 0 0 0 0 0 0 0
33 37 0 0 0 0 0 0 0 0 0 0 0 0
34 37 0 0 0 0 0 0 0 0 0 0 0 0
35 37 0 0 0 0 0 0 0 0 0 0 0 0
36 37 1 1 0 0 0 0 0 0 0 0 0 0
37 37 0 0 0 0 0 0 0 0 0 0 0 0
38 37 0 0 0 0 0 0 0 0 0 0 0 0
39 37 0 0 0 0 0 0 0 0 0 0 0 0
40 37 0 0 0 0 0 0 0 0 37 0 0 0
41 37 0 0 37 3 3 0 0 0 0 0 0 0
42 37 0 0 0 0 0 0 0 0 0 0 0 0
43 37 0 0 0 0 0 0 0 0 0 0 0 0
44 37 0 0 0 0 0 0 0 0 0 0 0 0
45 37 0 0 0 0 0 0 0 0 0 0 0 0
46 37 0 0 0 0 0 0 0 0 0 0 0 0
47 37 0 0 0 0 0 0 0 0 0 0 0 0
48 37 0 0 0 0 0 0 0 0 0 0 0 0
49 37 0 0 0 0 0 0 0 0 37 7 0 0
50 24 0 0 0 0 0 0 0 0 0 0 0 0
54 24 0 0 0 0 0 0 0 0 0 0 0 0
55 24 1 1 0 0 0 0 0 0 0 0 0 0
56 24 0 0 24 0 0 0 0 0 0 0 0 0
57 24 0 0 0 0 0 0 0 0 0 0 0 0
59 24 0 0 24 0 0 0 0 0 0 0 0 0
63 13 0 0 13 1 1 0 0 0 0 0 0 0
64 13 0 0 0 0 0 0 0 0 0 0 0 0
65 13 0 0 0 0 0 0 0 0 0 0 0 0
66 13 0 0 0 0 0 0 0 0 0 0 0 0
67 13 0 0 0 0 0 0 0 0 0 0 0 0
68 13 0 0 0 0 0 0 0 0 0 0 0 0
69 13 0 0 13 1 1 0 0 0 0 0 0 0
70 13 0 0 0 0 0 0 0 0 0 0 0 0
71 13 0 0 0 0 0 0 0 0 0 0 0 0
72 13 0 0 0 0 0 0 0 0 0 0 0 0
73 13 0 0 0 0 0 0 0 0 0 0 0 0
74 13 1 1 0 0 0 0 0 0 0 0 0 0
75 13 0 0 0 0 0 0 0 0 0 0 0 0
76 13 0 0 13 0 0 0 0 0 0 0 0 0
77 13 0 0 0 0 0 0 0 0 0 0 0 0
78 13 0 0 0 0 0 0 0 0 0 0 0 0
79 13 0 0 0 0 0 0 0 0 0 0 0 0
80 13 0 0 0 0 0 0 0 0 0 0 0 0
81 13 0 0 0 0 0 0 0 0 0 0 0 0
82 13 0 0 0 0 0 0 0 0 0 0 0 0
83 13 0 0 0 0 0 0 0 0 0 0 0 0
84 13 0 0 0 0 0 0 0 0 0 0 0 0
85 13 0 0 0 0 0 0 0 0 0 0 0 0
86 13 0 0 0 0 0 0 0 0 13 6 0 0
138 13 1 1 0 0 0 0 0 0 0 0 0 0
142 13 0 0 0 0 0 0 0 0 0 0 0 0
143 13 0 0 0 0 0 0 0 0 0 0 0 0
144 13 0 0 13 0 0 0 0 0 0 0 0 0
145 13 0 0 0 0 0 0 0 0 0 0 0 0
147 13 0 0 13 0 0 0 0 0 0 0 0 0
fl=./string/../sysdeps/x86_64/multiarch/../multiarch/strcmp-sse2.S
fn=strcmp
98 2581 1 1 0 0 0 0 0 0 0 0 0 0
131 2581 0 0 0 0 0 0 0 0 0 0 0 0
132 2581 0 0 0 0 0 0 0 0 0 0 0 0
134 2581 0 0 0 0 0 0 0 0 0 0 0 0
135 2581 0 0 0 0 0 0 0 0 0 0 0 0
156 2581 0 0 0 0 0 0 0 0 0 0 0 0
157 2581 0 0 0 0 0 0 0 0 2448 178 0 0
158 2392 0 0 0 0 0 0 0 0 0 0 0 0
159 2392 0 0 0 0 0 0 0 0 2392 92 0 0
160 2273 0 0 2273 146 62 0 0 0 0 0 0 0
161 2273 1 1 2273 24 12 0 0 0 0 0 0 0
162 2273 0 0 2273 0 0 0 0 0 0 0 0 0
163 2273 0 0 2273 0 0 0 0 0 0 0 0 0
180 2273 0 0 0 0 0 0 0 0 0 0 0 0
181 2273 0 0 0 0 0 0 0 0 0 0 0 0
182 2273 0 0 0 0 0 0 0 0 0 0 0 0
183 2273 0 0 0 0 0 0 0 0 0 0 0 0
184 2273 0 0 0 0 0 0 0 0 0 0 0 0
185 2273 0 0 0 0 0 0 0 0 0 0 0 0
186 2273 0 0 0 0 0 0 0 0 2273 146 0 0
191 82 0 0 0 0 0 0 0 0 0 0 0 0
192 246 0 0 0 0 0 0 0 0 0 0 0 0
201 390 1 1 0 0 0 0 0 0 0 0 0 0
202 390 0 0 0 0 0 0 0 0 0 0 0 0
203 390 0 0 0 0 0 0 0 0 0 0 0 0
204 390 0 0 0 0 0 0 0 0 0 0 0 0
205 390 0 0 0 0 0 0 0 0 0 0 0 0
206 390 0 0 0 0 0 0 0 0 0 0 0 0
207 390 0 0 0 0 0 0 0 0 0 0 0 0
208 390 0 0 0 0 0 0 0 0 390 27 0 0
209 305 0 0 0 0 0 0 0 0 305 117 0 0
210 167 0 0 0 0 0 0 0 0 0 0 0 0
211 167 0 0 0 0 0 0 0 0 0 0 0 0
212 167 0 0 0 0 0 0 0 0 0 0 0 0
214 305 0 0 0 0 0 0 0 0 0 0 0 0
215 305 0 0 0 0 0 0 0 0 0 0 0 0
216 305 0 0 0 0 0 0 0 0 0 0 0 0
217 305 0 0 305 14 2 0 0 0 0 0 0 0
218 305 0 0 0 0 0 0 0 0 0 0 0 0
219 305 0 0 0 0 0 0 0 0 0 0 305 244
229 85 1 1 85 15 2 0 0 0 0 0 0 0
230 85 0 0 0 0 0 0 0 0 0 0 0 0
231 85 0 0 0 0 0 0 0 0 0 0 0 0
233 85 0 0 85 2 1 0 0 0 0 0 0 0
239 85 0 0 0 0 0 0 0 0 0 0 0 0
240 85 0 0 0 0 0 0 0 0 0 0 0 0
241 85 0 0 0 0 0 0 0 0 0 0 0 0
242 85 0 0 0 0 0 0 0 0 0 0 0 0
243 85 0 0 0 0 0 0 0 0 0 0 0 0
248 85 0 0 0 0 0 0 0 0 85 9 0 0
250 76 0 0 0 0 0 0 0 0 0 0 0 0
251 76 0 0 0 0 0 0 0 0 0 0 0 0
252 152 0 0 0 0 0 0 0 0 0 0 0 0
260 77 2 1 77 12 0 0 0 0 0 0 0 0
261 77 0 0 77 3 2 0 0 0 0 0 0 0
264 77 0 0 0 0 0 0 0 0 0 0 0 0
265 77 0 0 0 0 0 0 0 0 0 0 0 0
266 77 0 0 0 0 0 0 0 0 0 0 0 0
267 77 0 0 0 0 0 0 0 0 0 0 0 0
268 77 0 0 0 0 0 0 0 0 0 0 0 0
269 77 0 0 0 0 0 0 0 0 77 5 0 0
275 3 0 0 0 0 0 0 0 0 0 0 0 0
276 3 0 0 3 0 0 0 0 0 0 0 0 0
277 3 0 0 3 0 0 0 0 0 0 0 0 0
280 3 0 0 0 0 0 0 0 0 0 0 0 0
281 3 0 0 0 0 0 0 0 0 0 0 0 0
282 3 0 0 0 0 0 0 0 0 0 0 0 0
283 3 1 1 0 0 0 0 0 0 0 0 0 0
284 3 0 0 0 0 0 0 0 0 0 0 0 0
285 3 0 0 0 0 0 0 0 0 3 3 0 0
290 1 0 0 0 0 0 0 0 0 0 0 0 0
291 1 0 0 0 0 0 0 0 0 0 0 0 0
300 6 0 0 0 0 0 0 0 0 0 0 0 0
301 6 0 0 6 0 0 0 0 0 0 0 0 0
302 6 0 0 6 1 1 0 0 0 0 0 0 0
303 6 0 0 0 0 0 0 0 0 0 0 0 0
304 6 0 0 0 0 0 0 0 0 0 0 0 0
306 6 0 0 0 0 0 0 0 0 0 0 0 0
307 6 0 0 0 0 0 0 0 0 0 0 0 0
308 6 1 1 0 0 0 0 0 0 0 0 0 0
309 6 0 0 0 0 0 0 0 0 0 0 0 0
310 6 0 0 0 0 0 0 0 0 0 0 0 0
311 6 0 0 0 0 0 0 0 0 0 0 0 0
312 6 0 0 0 0 0 0 0 0 6 0 0 0
313 6 0 0 6 0 0 0 0 0 0 0 0 0
316 6 0 0 0 0 0 0 0 0 0 0 0 0
317 6 0 0 0 0 0 0 0 0 0 0 0 0
318 6 0 0 0 0 0 0 0 0 0 0 0 0
324 6 0 0 0 0 0 0 0 0 0 0 0 0
325 6 0 0 0 0 0 0 0 0 0 0 0 0
326 12 0 0 0 0 0 0 0 0 0 0 0 0
330 6 1 1 0 0 0 0 0 0 0 0 0 0
331 6 0 0 0 0 0 0 0 0 6 0 0 0
334 6 0 0 6 0 0 0 0 0 0 0 0 0
335 6 0 0 6 0 0 0 0 0 0 0 0 0
336 6 0 0 0 0 0 0 0 0 0 0 0 0
338 6 0 0 0 0 0 0 0 0 0 0 0 0
339 6 0 0 0 0 0 0 0 0 0 0 0 0
340 6 0 0 0 0 0 0 0 0 0 0 0 0
344 6 0 0 0 0 0 0 0 0 0 0 0 0
345 6 0 0 0 0 0 0 0 0 0 0 0 0
346 6 0 0 0 0 0 0 0 0 0 0 0 0
347 6 0 0 0 0 0 0 0 0 0 0 0 0
348 6 0 0 0 0 0 0 0 0 0 0 0 0
349 6 1 1 0 0 0 0 0 0 6 2 0 0
424 3 1 1 0 0 0 0 0 0 0 0 0 0
425 3 0 0 3 0 0 0 0 0 0 0 0 0
426 3 0 0 3 1 0 0 0 0 0 0 0 0
427 3 0 0 0 0 0 0 0 0 0 0 0 0
428 3 0 0 0 0 0 0 0 0 0 0 0 0
430 3 0 0 0 0 0 0 0 0 0 0 0 0
431 3 0 0 0 0 0 0 0 0 0 0 0 0
432 3 1 1 0 0 0 0 0 0 0 0 0 0
433 3 0 0 0 0 0 0 0 0 0 0 0 0
434 3 0 0 0 0 0 0 0 0 0 0 0 0
435 3 0 0 0 0 0 0 0 0 0 0 0 0
436 3 0 0 0 0 0 0 0 0 3 1 0 0
437 3 0 0 3 0 0 0 0 0 0 0 0 0
440 3 0 0 0 0 0 0 0 0 0 0 0 0
441 3 0 0 0 0 0 0 0 0 0 0 0 0
442 3 0 0 0 0 0 0 0 0 0 0 0 0
448 3 0 0 0 0 0 0 0 0 0 0 0 0
449 3 0 0 0 0 0 0 0 0 0 0 0 0
450 6 0 0 0 0 0 0 0 0 0 0 0 0
454 6 1 1 0 0 0 0 0 0 0 0 0 0
455 6 0 0 0 0 0 0 0 0 6 0 0 0
458 6 0 0 6 0 0 0 0 0 0 0 0 0
459 6 0 0 6 1 0 0 0 0 0 0 0 0
460 6 0 0 0 0 0 0 0 0 0 0 0 0
462 6 0 0 0 0 0 0 0 0 0 0 0 0
463 6 0 0 0 0 0 0 0 0 0 0 0 0
464 6 0 0 0 0 0 0 0 0 0 0 0 0
468 6 0 0 0 0 0 0 0 0 0 0 0 0
469 6 0 0 0 0 0 0 0 0 0 0 0 0
470 6 0 0 0 0 0 0 0 0 0 0 0 0
471 6 0 0 0 0 0 0 0 0 0 0 0 0
472 6 0 0 0 0 0 0 0 0 0 0 0 0
473 6 1 1 0 0 0 0 0 0 6 3 0 0
480 3 0 0 0 0 0 0 0 0 0 0 0 0
481 3 0 0 0 0 0 0 0 0 0 0 0 0
483 3 0 0 0 0 0 0 0 0 0 0 0 0
484 3 0 0 0 0 0 0 0 0 3 0 0 0
486 3 0 0 3 1 1 0 0 0 0 0 0 0
487 3 0 0 3 0 0 0 0 0 0 0 0 0
488 3 0 0 0 0 0 0 0 0 0 0 0 0
490 3 0 0 0 0 0 0 0 0 0 0 0 0
491 3 0 0 0 0 0 0 0 0 0 0 0 0
492 3 0 0 0 0 0 0 0 0 0 0 0 0
496 3 0 0 0 0 0 0 0 0 0 0 0 0
497 3 0 0 0 0 0 0 0 0 0 0 0 0
498 3 0 0 0 0 0 0 0 0 0 0 0 0
499 3 0 0 0 0 0 0 0 0 0 0 0 0
500 3 1 1 0 0 0 0 0 0 0 0 0 0
501 3 0 0 0 0 0 0 0 0 3 1 0 0
508 3 0 0 0 0 0 0 0 0 0 0 0 0
509 3 0 0 0 0 0 0 0 0 0 0 0 0
510 3 0 0 0 0 0 0 0 0 0 0 0 0
542 6 1 1 0 0 0 0 0 0 0 0 0 0
543 6 0 0 6 1 1 0 0 0 0 0 0 0
544 6 0 0 6 0 0 0 0 0 0 0 0 0
545 6 0 0 0 0 0 0 0 0 0 0 0 0
546 6 0 0 0 0 0 0 0 0 0 0 0 0
548 6 0 0 0 0 0 0 0 0 0 0 0 0
549 6 0 0 0 0 0 0 0 0 0 0 0 0
550 6 1 1 0 0 0 0 0 0 0 0 0 0
551 6 0 0 0 0 0 0 0 0 0 0 0 0
552 6 0 0 0 0 0 0 0 0 0 0 0 0
553 6 0 0 0 0 0 0 0 0 0 0 0 0
554 6 0 0 0 0 0 0 0 0 6 2 0 0
555 5 0 0 5 0 0 0 0 0 0 0 0 0
559 5 0 0 0 0 0 0 0 0 0 0 0 0
560 5 0 0 0 0 0 0 0 0 0 0 0 0
561 5 0 0 0 0 0 0 0 0 0 0 0 0
567 5 0 0 0 0 0 0 0 0 0 0 0 0
568 5 0 0 0 0 0 0 0 0 0 0 0 0
569 10 0 0 0 0 0 0 0 0 0 0 0 0
573 6 1 1 0 0 0 0 0 0 0 0 0 0
574 6 0 0 0 0 0 0 0 0 6 0 0 0
577 6 0 0 6 0 0 0 0 0 0 0 0 0
578 6 0 0 6 0 0 0 0 0 0 0 0 0
579 6 0 0 0 0 0 0 0 0 0 0 0 0
581 6 0 0 0 0 0 0 0 0 0 0 0 0
582 6 0 0 0 0 0 0 0 0 0 0 0 0
583 6 0 0 0 0 0 0 0 0 0 0 0 0
587 6 0 0 0 0 0 0 0 0 0 0 0 0
588 6 0 0 0 0 0 0 0 0 0 0 0 0
589 6 0 0 0 0 0 0 0 0 0 0 0 0
590 6 0 0 0 0 0 0 0 0 0 0 0 0
591 6 0 0 0 0 0 0 0 0 0 0 0 0
592 6 1 1 0 0 0 0 0 0 6 2 0 0
599 3 0 0 0 0 0 0 0 0 0 0 0 0
600 3 0 0 0 0 0 0 0 0 0 0 0 0
602 3 0 0 0 0 0 0 0 0 0 0 0 0
603 3 0 0 0 0 0 0 0 0 3 0 0 0
605 3 0 0 3 1 0 0 0 0 0 0 0 0
606 3 0 0 3 2 1 0 0 0 0 0 0 0
607 3 0 0 0 0 0 0 0 0 0 0 0 0
609 3 0 0 0 0 0 0 0 0 0 0 0 0
610 3 0 0 0 0 0 0 0 0 0 0 0 0
611 3 0 0 0 0 0 0 0 0 0 0 0 0
615 3 0 0 0 0 0 0 0 0 0 0 0 0
616 3 0 0 0 0 0 0 0 0 0 0 0 0
617 3 0 0 0 0 0 0 0 0 0 0 0 0
618 3 0 0 0 0 0 0 0 0 0 0 0 0
619 3 1 1 0 0 0 0 0 0 0 0 0 0
620 3 0 0 0 0 0 0 0 0 3 1 0 0
627 1 0 0 0 0 0 0 0 0 0 0 0 0
628 1 0 0 0 0 0 0 0 0 0 0 0 0
629 1 0 0 0 0 0 0 0 0 0 0 0 0
661 7 1 1 0 0 0 0 0 0 0 0 0 0
662 7 0 0 7 1 1 0 0 0 0 0 0 0
663 7 0 0 7 0 0 0 0 0 0 0 0 0
664 7 0 0 0 0 0 0 0 0 0 0 0 0
665 7 0 0 0 0 0 0 0 0 0 0 0 0
667 7 0 0 0 0 0 0 0 0 0 0 0 0
668 7 0 0 0 0 0 0 0 0 0 0 0 0
669 7 1 1 0 0 0 0 0 0 0 0 0 0
670 7 0 0 0 0 0 0 0 0 0 0 0 0
671 7 0 0 0 0 0 0 0 0 0 0 0 0
672 7 0 0 0 0 0 0 0 0 0 0 0 0
673 7 0 0 0 0 0 0 0 0 7 5 0 0
674 1 0 0 1 0 0 0 0 0 0 0 0 0
678 1 0 0 0 0 0 0 0 0 0 0 0 0
679 1 0 0 0 0 0 0 0 0 0 0 0 0
680 1 0 0 0 0 0 0 0 0 0 0 0 0
686 1 0 0 0 0 0 0 0 0 0 0 0 0
687 1 0 0 0 0 0 0 0 0 0 0 0 0
688 2 0 0 0 0 0 0 0 0 0 0 0 0
692 2 1 1 0 0 0 0 0 0 0 0 0 0
693 2 0 0 0 0 0 0 0 0 2 0 0 0
696 2 0 0 2 0 0 0 0 0 0 0 0 0
697 2 0 0 2 0 0 0 0 0 0 0 0 0
698 2 0 0 0 0 0 0 0 0 0 0 0 0
700 2 0 0 0 0 0 0 0 0 0 0 0 0
701 2 0 0 0 0 0 0 0 0 0 0 0 0
702 2 0 0 0 0 0 0 0 0 0 0 0 0
706 2 0 0 0 0 0 0 0 0 0 0 0 0
707 2 0 0 0 0 0 0 0 0 0 0 0 0
708 2 0 0 0 0 0 0 0 0 0 0 0 0
709 2 0 0 0 0 0 0 0 0 0 0 0 0
710 2 0 0 0 0 0 0 0 0 0 0 0 0
711 2 1 1 0 0 0 0 0 0 2 1 0 0
718 2 0 0 0 0 0 0 0 0 0 0 0 0
719 2 0 0 0 0 0 0 0 0 0 0 0 0
721 2 0 0 0 0 0 0 0 0 0 0 0 0
722 2 0 0 0 0 0 0 0 0 2 0 0 0
724 2 0 0 2 0 0 0 0 0 0 0 0 0
725 2 0 0 2 1 1 0 0 0 0 0 0 0
726 2 0 0 0 0 0 0 0 0 0 0 0 0
728 2 0 0 0 0 0 0 0 0 0 0 0 0
729 2 0 0 0 0 0 0 0 0 0 0 0 0
730 2 0 0 0 0 0 0 0 0 0 0 0 0
734 2 0 0 0 0 0 0 0 0 0 0 0 0
735 2 0 0 0 0 0 0 0 0 0 0 0 0
736 2 0 0 0 0 0 0 0 0 0 0 0 0
737 2 0 0 0 0 0 0 0 0 0 0 0 0
738 2 1 1 0 0 0 0 0 0 0 0 0 0
739 2 0 0 0 0 0 0 0 0 2 0 0 0
746 1 0 0 0 0 0 0 0 0 0 0 0 0
747 1 0 0 0 0 0 0 0 0 0 0 0 0
748 1 0 0 0 0 0 0 0 0 0 0 0 0
780 12 1 1 0 0 0 0 0 0 0 0 0 0
781 12 0 0 12 1 0 0 0 0 0 0 0 0
782 12 0 0 12 2 2 0 0 0 0 0 0 0
783 12 0 0 0 0 0 0 0 0 0 0 0 0
784 12 0 0 0 0 0 0 0 0 0 0 0 0
786 12 0 0 0 0 0 0 0 0 0 0 0 0
787 12 0 0 0 0 0 0 0 0 0 0 0 0
788 12 1 1 0 0 0 0 0 0 0 0 0 0
789 12 0 0 0 0 0 0 0 0 0 0 0 0
790 12 0 0 0 0 0 0 0 0 0 0 0 0
791 12 0 0 0 0 0 0 0 0 0 0 0 0
792 12 0 0 0 0 0 0 0 0 12 2 0 0
793 9 0 0 9 0 0 0 0 0 0 0 0 0
797 9 0 0 0 0 0 0 0 0 0 0 0 0
798 9 0 0 0 0 0 0 0 0 0 0 0 0
799 9 0 0 0 0 0 0 0 0 0 0 0 0
805 9 0 0 0 0 0 0 0 0 0 0 0 0
806 9 0 0 0 0 0 0 0 0 0 0 0 0
807 18 0 0 0 0 0 0 0 0 0 0 0 0
811 11 1 1 0 0 0 0 0 0 0 0 0 0
812 11 0 0 0 0 0 0 0 0 11 0 0 0
815 11 0 0 11 1 1 0 0 0 0 0 0 0
816 11 0 0 11 1 0 0 0 0 0 0 0 0
817 11 0 0 0 0 0 0 0 0 0 0 0 0
819 11 0 0 0 0 0 0 0 0 0 0 0 0
820 11 0 0 0 0 0 0 0 0 0 0 0 0
821 11 0 0 0 0 0 0 0 0 0 0 0 0
825 11 0 0 0 0 0 0 0 0 0 0 0 0
826 11 0 0 0 0 0 0 0 0 0 0 0 0
827 11 0 0 0 0 0 0 0 0 0 0 0 0
828 11 0 0 0 0 0 0 0 0 0 0 0 0
829 11 0 0 0 0 0 0 0 0 0 0 0 0
830 11 1 1 0 0 0 0 0 0 11 7 0 0
837 6 0 0 0 0 0 0 0 0 0 0 0 0
838 6 0 0 0 0 0 0 0 0 0 0 0 0
840 6 0 0 0 0 0 0 0 0 0 0 0 0
841 6 0 0 0 0 0 0 0 0 6 0 0 0
843 6 0 0 6 0 0 0 0 0 0 0 0 0
844 6 0 0 6 3 1 0 0 0 0 0 0 0
845 6 0 0 0 0 0 0 0 0 0 0 0 0
847 6 0 0 0 0 0 0 0 0 0 0 0 0
848 6 0 0 0 0 0 0 0 0 0 0 0 0
849 6 0 0 0 0 0 0 0 0 0 0 0 0
853 6 0 0 0 0 0 0 0 0 0 0 0 0
854 6 0 0 0 0 0 0 0 0 0 0 0 0
855 6 0 0 0 0 0 0 0 0 0 0 0 0
856 6 0 0 0 0 0 0 0 0 0 0 0 0
857 6 1 1 0 0 0 0 0 0 0 0 0 0
858 6 0 0 0 0 0 0 0 0 6 3 0 0
865 2 0 0 0 0 0 0 0 0 0 0 0 0
866 2 0 0 0 0 0 0 0 0 0 0 0 0
867 2 0 0 0 0 0 0 0 0 0 0 0 0
899 17 2 1 0 0 0 0 0 0 0 0 0 0
900 17 0 0 17 3 1 0 0 0 0 0 0 0
901 17 0 0 17 5 4 0 0 0 0 0 0 0
902 17 0 0 0 0 0 0 0 0 0 0 0 0
903 17 0 0 0 0 0 0 0 0 0 0 0 0
905 17 0 0 0 0 0 0 0 0 0 0 0 0
906 17 0 0 0 0 0 0 0 0 0 0 0 0
907 17 1 1 0 0 0 0 0 0 0 0 0 0
908 17 0 0 0 0 0 0 0 0 0 0 0 0
909 17 0 0 0 0 0 0 0 0 0 0 0 0
910 17 0 0 0 0 0 0 0 0 0 0 0 0
911 17 0 0 0 0 0 0 0 0 17 2 0 0
912 14 0 0 14 0 0 0 0 0 0 0 0 0
916 14 0 0 0 0 0 0 0 0 0 0 0 0
917 14 0 0 0 0 0 0 0 0 0 0 0 0
918 14 0 0 0 0 0 0 0 0 0 0 0 0
924 14 0 0 0 0 0 0 0 0 0 0 0 0
925 14 0 0 0 0 0 0 0 0 0 0 0 0
926 28 0 0 0 0 0 0 0 0 0 0 0 0
930 17 1 1 0 0 0 0 0 0 0 0 0 0
931 17 0 0 0 0 0 0 0 0 17 0 0 0
934 17 0 0 17 3 3 0 0 0 0 0 0 0
935 17 0 0 17 1 1 0 0 0 0 0 0 0
936 17 0 0 0 0 0 0 0 0 0 0 0 0
938 17 0 0 0 0 0 0 0 0 0 0 0 0
939 17 0 0 0 0 0 0 0 0 0 0 0 0
940 17 0 0 0 0 0 0 0 0 0 0 0 0
944 17 0 0 0 0 0 0 0 0 0 0 0 0
945 17 0 0 0 0 0 0 0 0 0 0 0 0
946 17 0 0 0 0 0 0 0 0 0 0 0 0
947 17 0 0 0 0 0 0 0 0 0 0 0 0
948 17 0 0 0 0 0 0 0 0 0 0 0 0
949 17 2 1 0 0 0 0 0 0 17 5 0 0
956 7 0 0 0 0 0 0 0 0 0 0 0 0
957 7 0 0 0 0 0 0 0 0 0 0 0 0
959 7 0 0 0 0 0 0 0 0 0 0 0 0
960 7 0 0 0 0 0 0 0 0 7 0 0 0
962 7 0 0 7 1 1 0 0 0 0 0 0 0
963 7 0 0 7 1 0 0 0 0 0 0 0 0
964 7 0 0 0 0 0 0 0 0 0 0 0 0
966 7 0 0 0 0 0 0 0 0 0 0 0 0
967 7 0 0 0 0 0 0 0 0 0 0 0 0
968 7 0 0 0 0 0 0 0 0 0 0 0 0
972 7 0 0 0 0 0 0 0 0 0 0 0 0
973 7 0 0 0 0 0 0 0 0 0 0 0 0
974 7 0 0 0 0 0 0 0 0 0 0 0 0
975 7 0 0 0 0 0 0 0 0 0 0 0 0
976 7 1 1 0 0 0 0 0 0 0 0 0 0
977 7 0 0 0 0 0 0 0 0 7 5 0 0
984 3 0 0 0 0 0 0 0 0 0 0 0 0
985 3 0 0 0 0 0 0 0 0 0 0 0 0
986 3 0 0 0 0 0 0 0 0 0 0 0 0
1018 11 1 1 0 0 0 0 0 0 0 0 0 0
1019 11 0 0 11 4 2 0 0 0 0 0 0 0
1020 11 0 0 11 3 3 0 0 0 0 0 0 0
1021 11 0 0 0 0 0 0 0 0 0 0 0 0
1022 11 0 0 0 0 0 0 0 0 0 0 0 0
1024 11 0 0 0 0 0 0 0 0 0 0 0 0
1025 11 0 0 0 0 0 0 0 0 0 0 0 0
1026 11 1 1 0 0 0 0 0 0 0 0 0 0
1027 11 0 0 0 0 0 0 0 0 0 0 0 0
1028 11 0 0 0 0 0 0 0 0 0 0 0 0
1029 11 0 0 0 0 0 0 0 0 0 0 0 0
1030 11 0 0 0 0 0 0 0 0 11 2 0 0
1031 10 0 0 10 0 0 0 0 0 0 0 0 0
1035 10 0 0 0 0 0 0 0 0 0 0 0 0
1036 10 0 0 0 0 0 0 0 0 0 0 0 0
1037 10 0 0 0 0 0 0 0 0 0 0 0 0
1043 10 0 0 0 0 0 0 0 0 0 0 0 0
1044 10 0 0 0 0 0 0 0 0 0 0 0 0
1045 20 0 0 0 0 0 0 0 0 0 0 0 0
1049 13 1 1 0 0 0 0 0 0 0 0 0 0
1050 13 0 0 0 0 0 0 0 0 13 0 0 0
1053 13 0 0 13 3 3 0 0 0 0 0 0 0
1054 13 0 0 13 1 0 0 0 0 0 0 0 0
1055 13 0 0 0 0 0 0 0 0 0 0 0 0
1057 13 0 0 0 0 0 0 0 0 0 0 0 0
1058 13 0 0 0 0 0 0 0 0 0 0 0 0
1059 13 0 0 0 0 0 0 0 0 0 0 0 0
1063 13 0 0 0 0 0 0 0 0 0 0 0 0
1064 13 0 0 0 0 0 0 0 0 0 0 0 0
1065 13 0 0 0 0 0 0 0 0 0 0 0 0
1066 13 0 0 0 0 0 0 0 0 0 0 0 0
1067 13 0 0 0 0 0 0 0 0 0 0 0 0
1068 13 1 1 0 0 0 0 0 0 13 5 0 0
1075 4 0 0 0 0 0 0 0 0 0 0 0 0
1076 4 0 0 0 0 0 0 0 0 0 0 0 0
1078 4 0 0 0 0 0 0 0 0 0 0 0 0
1079 4 0 0 0 0 0 0 0 0 4 0 0 0
1081 4 0 0 4 1 0 0 0 0 0 0 0 0
1082 4 0 0 4 1 1 0 0 0 0 0 0 0
1083 4 0 0 0 0 0 0 0 0 0 0 0 0
1085 4 0 0 0 0 0 0 0 0 0 0 0 0
1086 4 0 0 0 0 0 0 0 0 0 0 0 0
1087 4 0 0 0 0 0 0 0 0 0 0 0 0
1091 4 0 0 0 0 0 0 0 0 0 0 0 0
1092 4 0 0 0 0 0 0 0 0 0 0 0 0
1093 4 0 0 0 0 0 0 0 0 0 0 0 0
1094 4 0 0 0 0 0 0 0 0 0 0 0 0
1095 4 1 1 0 0 0 0 0 0 0 0 0 0
1096 4 0 0 0 0 0 0 0 0 4 3 0 0
1103 3 0 0 0 0 0 0 0 0 0 0 0 0
1104 3 0 0 0 0 0 0 0 0 0 0 0 0
1105 3 0 0 0 0 0 0 0 0 0 0 0 0
1137 13 1 1 0 0 0 0 0 0 0 0 0 0
1138 13 0 0 13 1 0 0 0 0 0 0 0 0
1139 13 0 0 13 1 0 0 0 0 0 0 0 0
1140 13 0 0 0 0 0 0 0 0 0 0 0 0
1141 13 0 0 0 0 0 0 0 0 0 0 0 0
1143 13 0 0 0 0 0 0 0 0 0 0 0 0
1144 13 0 0 0 0 0 0 0 0 0 0 0 0
1145 13 1 1 0 0 0 0 0 0 0 0 0 0
1146 13 0 0 0 0 0 0 0 0 0 0 0 0
1147 13 0 0 0 0 0 0 0 0 0 0 0 0
1148 13 0 0 0 0 0 0 0 0 0 0 0 0
1149 13 0 0 0 0 0 0 0 0 13 7 0 0
1150 5 0 0 5 0 0 0 0 0 0 0 0 0
1154 5 0 0 0 0 0 0 0 0 0 0 0 0
1155 5 0 0 0 0 0 0 0 0 0 0 0 0
1156 5 0 0 0 0 0 0 0 0 0 0 0 0
1162 5 0 0 0 0 0 0 0 0 0 0 0 0
1163 5 0 0 0 0 0 0 0 0 0 0 0 0
1164 10 0 0 0 0 0 0 0 0 0 0 0 0
1168 5 1 1 0 0 0 0 0 0 0 0 0 0
1169 5 0 0 0 0 0 0 0 0 5 0 0 0
1172 5 0 0 5 2 1 0 0 0 0 0 0 0
1173 5 0 0 5 0 0 0 0 0 0 0 0 0
1174 5 0 0 0 0 0 0 0 0 0 0 0 0
1176 5 0 0 0 0 0 0 0 0 0 0 0 0
1177 5 0 0 0 0 0 0 0 0 0 0 0 0
1178 5 0 0 0 0 0 0 0 0 0 0 0 0
1182 5 0 0 0 0 0 0 0 0 0 0 0 0
1183 5 0 0 0 0 0 0 0 0 0 0 0 0
1184 5 0 0 0 0 0 0 0 0 0 0 0 0
1185 5 0 0 0 0 0 0 0 0 0 0 0 0
1186 5 0 0 0 0 0 0 0 0 0 0 0 0
1187 5 1 1 0 0 0 0 0 0 5 4 0 0
1256 28 2 1 0 0 0 0 0 0 0 0 0 0
1257 28 0 0 28 6 2 0 0 0 0 0 0 0
1258 28 0 0 28 5 2 0 0 0 0 0 0 0
1259 28 0 0 0 0 0 0 0 0 0 0 0 0
1260 28 0 0 0 0 0 0 0 0 0 0 0 0
1262 28 0 0 0 0 0 0 0 0 0 0 0 0
1263 28 0 0 0 0 0 0 0 0 0 0 0 0
1264 28 2 1 0 0 0 0 0 0 0 0 0 0
1265 28 0 0 0 0 0 0 0 0 0 0 0 0
1266 28 0 0 0 0 0 0 0 0 0 0 0 0
1267 28 0 0 0 0 0 0 0 0 0 0 0 0
1268 28 0 0 0 0 0 0 0 0 28 6 0 0
1269 18 0 0 18 0 0 0 0 0 0 0 0 0
1273 18 0 0 0 0 0 0 0 0 0 0 0 0
1274 18 0 0 0 0 0 0 0 0 0 0 0 0
1275 18 0 0 0 0 0 0 0 0 0 0 0 0
1281 18 0 0 0 0 0 0 0 0 0 0 0 0
1282 18 0 0 0 0 0 0 0 0 0 0 0 0
1283 36 0 0 0 0 0 0 0 0 0 0 0 0
1287 20 1 1 0 0 0 0 0 0 0 0 0 0
1288 20 0 0 0 0 0 0 0 0 20 0 0 0
1291 20 0 0 20 4 3 0 0 0 0 0 0 0
1292 20 0 0 20 5 3 0 0 0 0 0 0 0
1293 20 0 0 0 0 0 0 0 0 0 0 0 0
1295 20 0 0 0 0 0 0 0 0 0 0 0 0
1296 20 0 0 0 0 0 0 0 0 0 0 0 0
1297 20 0 0 0 0 0 0 0 0 0 0 0 0
1301 20 0 0 0 0 0 0 0 0 0 0 0 0
1302 20 0 0 0 0 0 0 0 0 0 0 0 0
1303 20 0 0 0 0 0 0 0 0 0 0 0 0
1304 20 0 0 0 0 0 0 0 0 0 0 0 0
1305 20 0 0 0 0 0 0 0 0 0 0 0 0
1306 20 1 1 0 0 0 0 0 0 20 9 0 0
1313 6 0 0 0 0 0 0 0 0 0 0 0 0
1314 6 0 0 0 0 0 0 0 0 0 0 0 0
1316 6 0 0 0 0 0 0 0 0 0 0 0 0
1317 6 0 0 0 0 0 0 0 0 6 0 0 0
1319 6 0 0 6 0 0 0 0 0 0 0 0 0
1320 6 0 0 6 2 0 0 0 0 0 0 0 0
1321 6 0 0 0 0 0 0 0 0 0 0 0 0
1323 6 0 0 0 0 0 0 0 0 0 0 0 0
1324 6 0 0 0 0 0 0 0 0 0 0 0 0
1325 6 0 0 0 0 0 0 0 0 0 0 0 0
1329 6 0 0 0 0 0 0 0 0 0 0 0 0
1330 6 0 0 0 0 0 0 0 0 0 0 0 0
1331 6 0 0 0 0 0 0 0 0 0 0 0 0
1332 6 0 0 0 0 0 0 0 0 0 0 0 0
1333 6 1 1 0 0 0 0 0 0 0 0 0 0
1334 6 0 0 0 0 0 0 0 0 6 3 0 0
1341 2 0 0 0 0 0 0 0 0 0 0 0 0
1342 2 0 0 0 0 0 0 0 0 0 0 0 0
1343 2 0 0 0 0 0 0 0 0 0 0 0 0
1375 19 1 1 0 0 0 0 0 0 0 0 0 0
1376 19 0 0 19 5 2 0 0 0 0 0 0 0
1377 19 0 0 19 7 2 0 0 0 0 0 0 0
1378 19 0 0 0 0 0 0 0 0 0 0 0 0
1379 19 0 0 0 0 0 0 0 0 0 0 0 0
1381 19 0 0 0 0 0 0 0 0 0 0 0 0
1382 19 0 0 0 0 0 0 0 0 0 0 0 0
1383 19 1 1 0 0 0 0 0 0 0 0 0 0
1384 19 0 0 0 0 0 0 0 0 0 0 0 0
1385 19 0 0 0 0 0 0 0 0 0 0 0 0
1386 19 0 0 0 0 0 0 0 0 0 0 0 0
1387 19 0 0 0 0 0 0 0 0 19 3 0 0
1388 17 0 0 17 0 0 0 0 0 0 0 0 0
1392 17 0 0 0 0 0 0 0 0 0 0 0 0
1393 17 0 0 0 0 0 0 0 0 0 0 0 0
1394 17 0 0 0 0 0 0 0 0 0 0 0 0
1400 17 0 0 0 0 0 0 0 0 0 0 0 0
1401 17 0 0 0 0 0 0 0 0 0 0 0 0
1402 34 0 0 0 0 0 0 0 0 0 0 0 0
1406 18 1 1 0 0 0 0 0 0 0 0 0 0
1407 18 0 0 0 0 0 0 0 0 18 0 0 0
1410 18 0 0 18 6 3 0 0 0 0 0 0 0
1411 18 0 0 18 8 3 0 0 0 0 0 0 0
1412 18 0 0 0 0 0 0 0 0 0 0 0 0
1414 18 0 0 0 0 0 0 0 0 0 0 0 0
1415 18 0 0 0 0 0 0 0 0 0 0 0 0
1416 18 0 0 0 0 0 0 0 0 0 0 0 0
1420 18 0 0 0 0 0 0 0 0 0 0 0 0
1421 18 0 0 0 0 0 0 0 0 0 0 0 0
1422 18 0 0 0 0 0 0 0 0 0 0 0 0
1423 18 0 0 0 0 0 0 0 0 0 0 0 0
1424 18 0 0 0 0 0 0 0 0 0 0 0 0
1425 18 1 1 0 0 0 0 0 0 18 11 0 0
1432 5 0 0 0 0 0 0 0 0 0 0 0 0
1433 5 0 0 0 0 0 0 0 0 0 0 0 0
1435 5 0 0 0 0 0 0 0 0 0 0 0 0
1436 5 0 0 0 0 0 0 0 0 5 0 0 0
1438 5 0 0 5 0 0 0 0 0 0 0 0 0
1439 5 0 0 5 0 0 0 0 0 0 0 0 0
1440 5 0 0 0 0 0 0 0 0 0 0 0 0
1442 5 0 0 0 0 0 0 0 0 0 0 0 0
1443 5 0 0 0 0 0 0 0 0 0 0 0 0
1444 5 0 0 0 0 0 0 0 0 0 0 0 0
1448 5 0 0 0 0 0 0 0 0 0 0 0 0
1449 5 0 0 0 0 0 0 0 0 0 0 0 0
1450 5 0 0 0 0 0 0 0 0 0 0 0 0
1451 5 0 0 0 0 0 0 0 0 0 0 0 0
1452 5 1 1 0 0 0 0 0 0 0 0 0 0
1453 5 0 0 0 0 0 0 0 0 5 2 0 0
1460 1 0 0 0 0 0 0 0 0 0 0 0 0
1461 1 0 0 0 0 0 0 0 0 0 0 0 0
1462 1 0 0 0 0 0 0 0 0 0 0 0 0
1494 36 1 1 0 0 0 0 0 0 0 0 0 0
1495 36 0 0 36 6 5 0 0 0 0 0 0 0
1496 36 0 0 36 6 3 0 0 0 0 0 0 0
1497 36 0 0 0 0 0 0 0 0 0 0 0 0
1498 36 0 0 0 0 0 0 0 0 0 0 0 0
1500 36 0 0 0 0 0 0 0 0 0 0 0 0
1501 36 0 0 0 0 0 0 0 0 0 0 0 0
1502 36 1 1 0 0 0 0 0 0 0 0 0 0
1503 36 0 0 0 0 0 0 0 0 0 0 0 0
1504 36 0 0 0 0 0 0 0 0 0 0 0 0
1505 36 0 0 0 0 0 0 0 0 0 0 0 0
1506 36 0 0 0 0 0 0 0 0 36 8 0 0
1507 22 0 0 22 0 0 0 0 0 0 0 0 0
1511 22 0 0 0 0 0 0 0 0 0 0 0 0
1512 22 0 0 0 0 0 0 0 0 0 0 0 0
1513 22 0 0 0 0 0 0 0 0 0 0 0 0
1519 22 0 0 0 0 0 0 0 0 0 0 0 0
1520 22 0 0 0 0 0 0 0 0 0 0 0 0
1521 44 0 0 0 0 0 0 0 0 0 0 0 0
1525 25 1 1 0 0 0 0 0 0 0 0 0 0
1526 25 0 0 0 0 0 0 0 0 25 0 0 0
1529 25 0 0 25 8 5 0 0 0 0 0 0 0
1530 25 0 0 25 5 4 0 0 0 0 0 0 0
1531 25 0 0 0 0 0 0 0 0 0 0 0 0
1533 25 0 0 0 0 0 0 0 0 0 0 0 0
1534 25 0 0 0 0 0 0 0 0 0 0 0 0
1535 25 0 0 0 0 0 0 0 0 0 0 0 0
1539 25 0 0 0 0 0 0 0 0 0 0 0 0
1540 25 0 0 0 0 0 0 0 0 0 0 0 0
1541 25 0 0 0 0 0 0 0 0 0 0 0 0
1542 25 0 0 0 0 0 0 0 0 0 0 0 0
1543 25 0 0 0 0 0 0 0 0 0 0 0 0
1544 25 1 1 0 0 0 0 0 0 25 11 0 0
1551 8 0 0 0 0 0 0 0 0 0 0 0 0
1552 8 0 0 0 0 0 0 0 0 0 0 0 0
1554 8 0 0 0 0 0 0 0 0 0 0 0 0
1555 8 0 0 0 0 0 0 0 0 8 0 0 0
1557 8 0 0 8 1 0 0 0 0 0 0 0 0
1558 8 0 0 8 0 0 0 0 0 0 0 0 0
1559 8 0 0 0 0 0 0 0 0 0 0 0 0
1561 8 0 0 0 0 0 0 0 0 0 0 0 0
1562 8 0 0 0 0 0 0 0 0 0 0 0 0
1563 8 0 0 0 0 0 0 0 0 0 0 0 0
1567 8 0 0 0 0 0 0 0 0 0 0 0 0
1568 8 0 0 0 0 0 0 0 0 0 0 0 0
1569 8 0 0 0 0 0 0 0 0 0 0 0 0
1570 8 0 0 0 0 0 0 0 0 0 0 0 0
1571 8 1 1 0 0 0 0 0 0 0 0 0 0
1572 8 0 0 0 0 0 0 0 0 8 2 0 0
1579 3 0 0 0 0 0 0 0 0 0 0 0 0
1580 3 0 0 0 0 0 0 0 0 0 0 0 0
1581 3 0 0 0 0 0 0 0 0 0 0 0 0
1613 50 2 1 0 0 0 0 0 0 0 0 0 0
1614 50 0 0 50 7 4 0 0 0 0 0 0 0
1615 50 0 0 50 5 1 0 0 0 0 0 0 0
1616 50 0 0 0 0 0 0 0 0 0 0 0 0
1617 50 0 0 0 0 0 0 0 0 0 0 0 0
1619 50 0 0 0 0 0 0 0 0 0 0 0 0
1620 50 0 0 0 0 0 0 0 0 0 0 0 0
1621 50 1 1 0 0 0 0 0 0 0 0 0 0
1622 50 0 0 0 0 0 0 0 0 0 0 0 0
1623 50 0 0 0 0 0 0 0 0 0 0 0 0
1624 50 0 0 0 0 0 0 0 0 0 0 0 0
1625 50 0 0 0 0 0 0 0 0 50 15 0 0
1626 19 0 0 19 0 0 0 0 0 0 0 0 0
1630 19 0 0 0 0 0 0 0 0 0 0 0 0
1631 19 0 0 0 0 0 0 0 0 0 0 0 0
1632 19 0 0 0 0 0 0 0 0 0 0 0 0
1638 19 0 0 0 0 0 0 0 0 0 0 0 0
1639 19 0 0 0 0 0 0 0 0 0 0 0 0
1640 38 0 0 0 0 0 0 0 0 0 0 0 0
1644 24 2 1 0 0 0 0 0 0 0 0 0 0
1645 24 0 0 0 0 0 0 0 0 24 0 0 0
1648 24 0 0 24 6 2 0 0 0 0 0 0 0
1649 24 0 0 24 5 2 0 0 0 0 0 0 0
1650 24 0 0 0 0 0 0 0 0 0 0 0 0
1652 24 0 0 0 0 0 0 0 0 0 0 0 0
1653 24 0 0 0 0 0 0 0 0 0 0 0 0
1654 24 0 0 0 0 0 0 0 0 0 0 0 0
1658 24 0 0 0 0 0 0 0 0 0 0 0 0
1659 24 0 0 0 0 0 0 0 0 0 0 0 0
1660 24 0 0 0 0 0 0 0 0 0 0 0 0
1661 24 0 0 0 0 0 0 0 0 0 0 0 0
1662 24 0 0 0 0 0 0 0 0 0 0 0 0
1663 24 1 1 0 0 0 0 0 0 24 11 0 0
1670 10 0 0 0 0 0 0 0 0 0 0 0 0
1671 10 0 0 0 0 0 0 0 0 0 0 0 0
1673 10 0 0 0 0 0 0 0 0 0 0 0 0
1674 10 0 0 0 0 0 0 0 0 10 0 0 0
1676 10 0 0 10 0 0 0 0 0 0 0 0 0
1677 10 0 0 10 2 2 0 0 0 0 0 0 0
1678 10 0 0 0 0 0 0 0 0 0 0 0 0
1680 10 0 0 0 0 0 0 0 0 0 0 0 0
1681 10 0 0 0 0 0 0 0 0 0 0 0 0
1682 10 0 0 0 0 0 0 0 0 0 0 0 0
1686 10 0 0 0 0 0 0 0 0 0 0 0 0
1687 10 0 0 0 0 0 0 0 0 0 0 0 0
1688 10 0 0 0 0 0 0 0 0 0 0 0 0
1689 10 0 0 0 0 0 0 0 0 0 0 0 0
1690 10 1 1 0 0 0 0 0 0 0 0 0 0
1691 10 0 0 0 0 0 0 0 0 10 8 0 0
1698 5 0 0 0 0 0 0 0 0 0 0 0 0
1699 5 0 0 0 0 0 0 0 0 0 0 0 0
1700 5 0 0 0 0 0 0 0 0 0 0 0 0
1732 45 3 1 0 0 0 0 0 0 0 0 0 0
1733 45 0 0 45 4 1 0 0 0 0 0 0 0
1734 45 0 0 45 5 3 0 0 0 0 0 0 0
1735 45 0 0 0 0 0 0 0 0 0 0 0 0
1736 45 0 0 0 0 0 0 0 0 0 0 0 0
1738 45 0 0 0 0 0 0 0 0 0 0 0 0
1739 45 0 0 0 0 0 0 0 0 0 0 0 0
1740 45 2 1 0 0 0 0 0 0 0 0 0 0
1741 45 0 0 0 0 0 0 0 0 0 0 0 0
1742 45 0 0 0 0 0 0 0 0 0 0 0 0
1743 45 0 0 0 0 0 0 0 0 0 0 0 0
1744 45 0 0 0 0 0 0 0 0 45 15 0 0
1745 22 0 0 22 0 0 0 0 0 0 0 0 0
1749 22 0 0 0 0 0 0 0 0 0 0 0 0
1750 22 0 0 0 0 0 0 0 0 0 0 0 0
1751 22 0 0 0 0 0 0 0 0 0 0 0 0
1757 22 0 0 0 0 0 0 0 0 0 0 0 0
1758 22 0 0 0 0 0 0 0 0 0 0 0 0
1759 44 0 0 0 0 0 0 0 0 0 0 0 0
1763 25 2 1 0 0 0 0 0 0 0 0 0 0
1764 25 0 0 0 0 0 0 0 0 25 0 0 0
1767 25 0 0 25 1 1 0 0 0 0 0 0 0
1768 25 0 0 25 6 4 0 0 0 0 0 0 0
1769 25 0 0 0 0 0 0 0 0 0 0 0 0
1771 25 0 0 0 0 0 0 0 0 0 0 0 0
1772 25 0 0 0 0 0 0 0 0 0 0 0 0
1773 25 0 0 0 0 0 0 0 0 0 0 0 0
1777 25 0 0 0 0 0 0 0 0 0 0 0 0
1778 25 0 0 0 0 0 0 0 0 0 0 0 0
1779 25 0 0 0 0 0 0 0 0 0 0 0 0
1780 25 0 0 0 0 0 0 0 0 0 0 0 0
1781 25 0 0 0 0 0 0 0 0 0 0 0 0
1782 25 2 1 0 0 0 0 0 0 25 7 0 0
1789 9 0 0 0 0 0 0 0 0 0 0 0 0
1790 9 0 0 0 0 0 0 0 0 0 0 0 0
1792 9 0 0 0 0 0 0 0 0 0 0 0 0
1793 9 0 0 0 0 0 0 0 0 9 0 0 0
1795 9 0 0 9 0 0 0 0 0 0 0 0 0
1796 9 0 0 9 0 0 0 0 0 0 0 0 0
1797 9 0 0 0 0 0 0 0 0 0 0 0 0
1799 9 0 0 0 0 0 0 0 0 0 0 0 0
1800 9 0 0 0 0 0 0 0 0 0 0 0 0
1801 9 0 0 0 0 0 0 0 0 0 0 0 0
1805 9 0 0 0 0 0 0 0 0 0 0 0 0
1806 9 0 0 0 0 0 0 0 0 0 0 0 0
1807 9 0 0 0 0 0 0 0 0 0 0 0 0
1808 9 0 0 0 0 0 0 0 0 0 0 0 0
1809 9 1 1 0 0 0 0 0 0 0 0 0 0
1810 9 0 0 0 0 0 0 0 0 9 7 0 0
1817 3 0 0 0 0 0 0 0 0 0 0 0 0
1818 3 0 0 0 0 0 0 0 0 0 0 0 0
1819 3 0 0 0 0 0 0 0 0 0 0 0 0
1851 24 1 1 0 0 0 0 0 0 0 0 0 0
1852 24 0 0 24 2 0 0 0 0 0 0 0 0
1853 24 0 0 24 6 2 0 0 0 0 0 0 0
1854 24 0 0 0 0 0 0 0 0 0 0 0 0
1855 24 0 0 0 0 0 0 0 0 0 0 0 0
1857 24 0 0 0 0 0 0 0 0 0 0 0 0
1858 24 0 0 0 0 0 0 0 0 0 0 0 0
1859 24 2 1 0 0 0 0 0 0 0 0 0 0
1860 24 0 0 0 0 0 0 0 0 0 0 0 0
1861 24 0 0 0 0 0 0 0 0 0 0 0 0
1862 24 0 0 0 0 0 0 0 0 0 0 0 0
1863 24 0 0 0 0 0 0 0 0 24 11 0 0
1864 16 0 0 16 0 0 0 0 0 0 0 0 0
1868 16 0 0 0 0 0 0 0 0 0 0 0 0
1869 16 0 0 0 0 0 0 0 0 0 0 0 0
1870 16 0 0 0 0 0 0 0 0 0 0 0 0
1876 16 0 0 0 0 0 0 0 0 0 0 0 0
1877 16 0 0 0 0 0 0 0 0 0 0 0 0
1878 32 0 0 0 0 0 0 0 0 0 0 0 0
1882 17 2 1 0 0 0 0 0 0 0 0 0 0
1883 17 0 0 0 0 0 0 0 0 17 0 0 0
1886 17 0 0 17 5 5 0 0 0 0 0 0 0
1887 17 0 0 17 2 1 0 0 0 0 0 0 0
1888 17 0 0 0 0 0 0 0 0 0 0 0 0
1890 17 0 0 0 0 0 0 0 0 0 0 0 0
1891 17 0 0 0 0 0 0 0 0 0 0 0 0
1892 17 0 0 0 0 0 0 0 0 0 0 0 0
1896 17 0 0 0 0 0 0 0 0 0 0 0 0
1897 17 0 0 0 0 0 0 0 0 0 0 0 0
1898 17 0 0 0 0 0 0 0 0 0 0 0 0
1899 17 0 0 0 0 0 0 0 0 0 0 0 0
1900 17 0 0 0 0 0 0 0 0 0 0 0 0
1901 17 2 1 0 0 0 0 0 0 17 10 0 0
1908 5 0 0 0 0 0 0 0 0 0 0 0 0
1909 5 0 0 0 0 0 0 0 0 0 0 0 0
1911 5 0 0 0 0 0 0 0 0 0 0 0 0
1912 5 0 0 0 0 0 0 0 0 5 0 0 0
1914 5 0 0 5 1 1 0 0 0 0 0 0 0
1915 5 0 0 5 0 0 0 0 0 0 0 0 0
1916 5 0 0 0 0 0 0 0 0 0 0 0 0
1918 5 0 0 0 0 0 0 0 0 0 0 0 0
1919 5 0 0 0 0 0 0 0 0 0 0 0 0
1920 5 0 0 0 0 0 0 0 0 0 0 0 0
1924 5 0 0 0 0 0 0 0 0 0 0 0 0
1925 5 0 0 0 0 0 0 0 0 0 0 0 0
1926 5 0 0 0 0 0 0 0 0 0 0 0 0
1927 5 0 0 0 0 0 0 0 0 0 0 0 0
1928 5 1 1 0 0 0 0 0 0 0 0 0 0
1929 5 0 0 0 0 0 0 0 0 5 3 0 0
1936 1 0 0 0 0 0 0 0 0 0 0 0 0
1937 1 0 0 0 0 0 0 0 0 0 0 0 0
1938 1 0 0 0 0 0 0 0 0 0 0 0 0
1970 28 2 1 0 0 0 0 0 0 0 0 0 0
1971 28 0 0 28 2 1 0 0 0 0 0 0 0
1972 28 0 0 28 6 4 0 0 0 0 0 0 0
1973 28 0 0 0 0 0 0 0 0 0 0 0 0
1974 28 0 0 0 0 0 0 0 0 0 0 0 0
1976 28 0 0 0 0 0 0 0 0 0 0 0 0
1977 28 0 0 0 0 0 0 0 0 0 0 0 0
1978 28 1 1 0 0 0 0 0 0 0 0 0 0
1979 28 0 0 0 0 0 0 0 0 0 0 0 0
1980 28 0 0 0 0 0 0 0 0 0 0 0 0
1981 28 0 0 0 0 0 0 0 0 0 0 0 0
1982 28 0 0 0 0 0 0 0 0 28 8 0 0
1984 10 0 0 10 0 0 0 0 0 0 0 0 0
1988 10 0 0 0 0 0 0 0 0 0 0 0 0
1989 10 0 0 0 0 0 0 0 0 0 0 0 0
1990 10 0 0 0 0 0 0 0 0 0 0 0 0
1996 10 0 0 0 0 0 0 0 0 0 0 0 0
1997 10 0 0 0 0 0 0 0 0 0 0 0 0
1999 20 0 0 0 0 0 0 0 0 0 0 0 0
2003 10 1 1 0 0 0 0 0 0 0 0 0 0
2004 10 0 0 0 0 0 0 0 0 10 0 0 0
2007 10 0 0 10 0 0 0 0 0 0 0 0 0
2008 10 0 0 10 4 3 0 0 0 0 0 0 0
2009 10 0 0 0 0 0 0 0 0 0 0 0 0
2011 10 0 0 0 0 0 0 0 0 0 0 0 0
2012 10 0 0 0 0 0 0 0 0 0 0 0 0
2013 10 0 0 0 0 0 0 0 0 0 0 0 0
2017 10 0 0 0 0 0 0 0 0 0 0 0 0
2018 10 0 0 0 0 0 0 0 0 0 0 0 0
2019 10 0 0 0 0 0 0 0 0 0 0 0 0
2020 10 0 0 0 0 0 0 0 0 0 0 0 0
2021 10 0 0 0 0 0 0 0 0 0 0 0 0
2022 10 1 1 0 0 0 0 0 0 10 7 0 0
2029 3 0 0 0 0 0 0 0 0 0 0 0 0
2030 3 0 0 0 0 0 0 0 0 0 0 0 0
2032 3 0 0 0 0 0 0 0 0 0 0 0 0
2033 3 0 0 0 0 0 0 0 0 3 0 0 0
2035 3 0 0 3 1 1 0 0 0 0 0 0 0
2036 3 0 0 3 0 0 0 0 0 0 0 0 0
2037 3 0 0 0 0 0 0 0 0 0 0 0 0
2039 3 0 0 0 0 0 0 0 0 0 0 0 0
2040 3 0 0 0 0 0 0 0 0 0 0 0 0
2041 3 0 0 0 0 0 0 0 0 0 0 0 0
2045 3 0 0 0 0 0 0 0 0 0 0 0 0
2046 3 0 0 0 0 0 0 0 0 0 0 0 0
2047 3 0 0 0 0 0 0 0 0 0 0 0 0
2048 3 0 0 0 0 0 0 0 0 0 0 0 0
2049 3 1 1 0 0 0 0 0 0 0 0 0 0
2050 3 0 0 0 0 0 0 0 0 3 1 0 0
2093 253 0 0 0 0 0 0 0 0 0 0 0 0
2095 390 1 1 0 0 0 0 0 0 0 0 0 0
2096 390 0 0 0 0 0 0 0 0 0 0 0 0
2097 390 0 0 0 0 0 0 0 0 0 0 0 0
2098 390 0 0 0 0 0 0 0 0 390 70 0 0
2099 334 0 0 0 0 0 0 0 0 0 0 0 0
2104 2581 1 1 0 0 0 0 0 0 0 0 0 0
2110 2581 0 0 2581 0 0 0 0 0 0 0 0 0
2111 2581 0 0 2581 0 0 0 0 0 0 0 0 0
2119 2581 0 0 0 0 0 0 0 0 0 0 0 0
2120 2581 0 0 2581 0 0 0 0 0 0 0 0 0
fn=strncmp
98 1 0 0 0 0 0 0 0 0 0 0 0 0
125 1 0 0 0 0 0 0 0 0 0 0 0 0
126 1 0 0 0 0 0 0 0 0 1 0 0 0
127 1 0 0 0 0 0 0 0 0 0 0 0 0
128 1 0 0 0 0 0 0 0 0 1 0 0 0
129 1 0 0 0 0 0 0 0 0 0 0 0 0
131 1 0 0 0 0 0 0 0 0 0 0 0 0
132 1 0 0 0 0 0 0 0 0 0 0 0 0
134 1 1 1 0 0 0 0 0 0 0 0 0 0
135 1 0 0 0 0 0 0 0 0 0 0 0 0
156 1 0 0 0 0 0 0 0 0 0 0 0 0
157 1 0 0 0 0 0 0 0 0 0 0 0 0
158 1 0 0 0 0 0 0 0 0 0 0 0 0
159 1 0 0 0 0 0 0 0 0 1 0 0 0
160 1 0 0 1 0 0 0 0 0 0 0 0 0
161 1 0 0 1 0 0 0 0 0 0 0 0 0
162 1 0 0 1 0 0 0 0 0 0 0 0 0
163 1 0 0 1 0 0 0 0 0 0 0 0 0
180 1 0 0 0 0 0 0 0 0 0 0 0 0
181 1 0 0 0 0 0 0 0 0 0 0 0 0
182 1 0 0 0 0 0 0 0 0 0 0 0 0
183 1 0 0 0 0 0 0 0 0 0 0 0 0
184 1 0 0 0 0 0 0 0 0 0 0 0 0
185 1 0 0 0 0 0 0 0 0 0 0 0 0
186 1 1 1 0 0 0 0 0 0 1 1 0 0
2104 1 1 1 0 0 0 0 0 0 0 0 0 0
2107 1 0 0 0 0 0 0 0 0 0 0 0 0
2108 1 0 0 0 0 0 0 0 0 1 0 0 0
2110 1 0 0 1 0 0 0 0 0 0 0 0 0
2111 1 0 0 1 0 0 0 0 0 0 0 0 0
2119 1 0 0 0 0 0 0 0 0 0 0 0 0
2120 1 0 0 1 0 0 0 0 0 0 0 0 0
fl=./string/../sysdeps/x86_64/multiarch/../multiarch/strlen-sse2.S
fn=strlen
57 46 1 1 0 0 0 0 0 0 0 0 0 0
101 46 0 0 0 0 0 0 0 0 0 0 0 0
102 46 0 0 0 0 0 0 0 0 0 0 0 0
103 46 0 0 0 0 0 0 0 0 0 0 0 0
104 46 0 0 0 0 0 0 0 0 0 0 0 0
105 46 0 0 0 0 0 0 0 0 0 0 0 0
106 46 0 0 0 0 0 0 0 0 0 0 0 0
107 46 0 0 0 0 0 0 0 0 0 0 0 0
109 46 0 0 0 0 0 0 0 0 0 0 0 0
111 46 0 0 0 0 0 0 0 0 46 1 0 0
142 45 0 0 45 5 5 0 0 0 0 0 0 0
143 45 0 0 0 0 0 0 0 0 0 0 0 0
144 45 0 0 0 0 0 0 0 0 0 0 0 0
145 45 0 0 0 0 0 0 0 0 0 0 0 0
146 45 0 0 0 0 0 0 0 0 45 14 0 0
147 14 0 0 0 0 0 0 0 0 0 0 0 0
149 14 0 0 14 0 0 0 0 0 0 0 0 0
153 31 1 1 0 0 0 0 0 0 0 0 0 0
154 31 0 0 31 0 0 0 0 0 0 0 0 0
155 31 0 0 31 0 0 0 0 0 0 0 0 0
156 31 0 0 31 1 1 0 0 0 0 0 0 0
157 31 0 0 0 0 0 0 0 0 0 0 0 0
158 31 0 0 0 0 0 0 0 0 0 0 0 0
159 31 0 0 0 0 0 0 0 0 0 0 0 0
160 31 0 0 0 0 0 0 0 0 0 0 0 0
161 31 0 0 0 0 0 0 0 0 0 0 0 0
162 31 0 0 0 0 0 0 0 0 0 0 0 0
163 31 0 0 0 0 0 0 0 0 0 0 0 0
164 31 0 0 0 0 0 0 0 0 0 0 0 0
169 246 1 1 30 0 0 0 0 0 31 1 0 0
173 1 0 0 0 0 0 0 0 0 0 0 0 0
174 14 1 1 4 0 0 0 0 0 0 0 0 0
175 8 0 0 1 0 0 0 0 0 1 0 0 0
243 2 1 1 2 1 1 0 0 0 0 0 0 0
244 2 0 0 2 0 0 0 0 0 0 0 0 0
245 2 0 0 2 0 0 0 0 0 0 0 0 0
246 2 0 0 2 0 0 0 0 0 0 0 0 0
247 2 0 0 0 0 0 0 0 0 0 0 0 0
248 2 0 0 0 0 0 0 0 0 0 0 0 0
249 2 0 0 0 0 0 0 0 0 0 0 0 0
250 2 0 0 0 0 0 0 0 0 2 1 0 0
252 1 0 0 0 0 0 0 0 0 0 0 0 0
254 1 0 0 1 1 1 0 0 0 0 0 0 0
255 1 0 0 1 0 0 0 0 0 0 0 0 0
256 1 0 0 1 0 0 0 0 0 0 0 0 0
257 1 0 0 1 0 0 0 0 0 0 0 0 0
258 1 0 0 0 0 0 0 0 0 0 0 0 0
259 1 0 0 0 0 0 0 0 0 0 0 0 0
260 1 1 1 0 0 0 0 0 0 0 0 0 0
261 1 0 0 0 0 0 0 0 0 1 0 0 0
262 1 0 0 0 0 0 0 0 0 0 0 0 0
266 1 0 0 0 0 0 0 0 0 0 0 0 0
268 1 0 0 0 0 0 0 0 0 0 0 0 0
269 14 1 1 4 0 0 0 0 0 0 0 0 0
271 1 0 0 0 0 0 0 0 0 0 0 0 0
272 1 0 0 0 0 0 0 0 0 0 0 0 0
273 1 0 0 0 0 0 0 0 0 0 0 0 0
275 1 0 0 1 0 0 0 0 0 0 0 0 0
fl=./string/../sysdeps/x86_64/multiarch/ifunc-avx2.h
fn=memrchr
38 4 0 0 0 0 0 0 0 0 1 1 0 0
40 3 0 0 2 0 0 0 0 0 0 0 0 0
41 2 0 0 1 0 0 0 0 0 1 1 0 0
42 3 1 1 1 0 0 0 0 0 1 0 0 0
45 2 0 0 0 0 0 0 0 0 0 0 0 0
46 2 0 0 0 0 0 0 0 0 1 1 0 0
49 3 0 0 0 0 0 0 0 0 1 0 0 0
52 6 0 0 0 0 0 0 0 0 0 0 0 0
fn=rindex
38 4 0 0 0 0 0 0 0 0 1 1 0 0
40 3 0 0 2 0 0 0 0 0 0 0 0 0
41 2 1 1 1 0 0 0 0 0 1 0 0 0
42 3 0 0 1 0 0 0 0 0 1 0 0 0
45 2 0 0 0 0 0 0 0 0 0 0 0 0
46 2 0 0 0 0 0 0 0 0 1 1 0 0
49 3 0 0 0 0 0 0 0 0 1 0 0 0
52 6 1 1 0 0 0 0 0 0 0 0 0 0
fn=strchrnul
38 4 0 0 0 0 0 0 0 0 1 1 0 0
40 3 0 0 2 0 0 0 0 0 0 0 0 0
41 2 1 1 1 0 0 0 0 0 1 0 0 0
42 3 0 0 1 0 0 0 0 0 1 0 0 0
45 2 0 0 0 0 0 0 0 0 0 0 0 0
46 2 0 0 0 0 0 0 0 0 1 0 0 0
49 3 0 0 0 0 0 0 0 0 1 0 0 0
52 6 0 0 0 0 0 0 0 0 0 0 0 0
fn=strlen
38 8 0 0 0 0 0 0 0 0 2 2 0 0
40 6 0 0 4 2 0 0 0 0 0 0 0 0
41 4 0 0 2 0 0 0 0 0 2 0 0 0
42 6 1 1 2 1 0 0 0 0 2 0 0 0
45 4 0 0 0 0 0 0 0 0 0 0 0 0
46 4 0 0 0 0 0 0 0 0 2 2 0 0
49 6 0 0 0 0 0 0 0 0 2 0 0 0
52 12 0 0 0 0 0 0 0 0 0 0 0 0
fn=strnlen
38 8 0 0 0 0 0 0 0 0 2 2 0 0
40 6 0 0 4 0 0 0 0 0 0 0 0 0
41 4 1 1 2 0 0 0 0 0 2 0 0 0
42 6 0 0 2 0 0 0 0 0 2 0 0 0
45 4 0 0 0 0 0 0 0 0 0 0 0 0
46 4 0 0 0 0 0 0 0 0 2 2 0 0
49 6 0 0 0 0 0 0 0 0 2 0 0 0
52 12 1 1 0 0 0 0 0 0 0 0 0 0
fl=./string/../sysdeps/x86_64/multiarch/ifunc-evex.h
fn=memchr
37 8 0 0 0 0 0 0 0 0 2 2 0 0
38 6 1 1 4 0 0 0 0 0 0 0 0 0
39 6 0 0 2 0 0 0 0 0 2 0 0 0
42 4 0 0 0 0 0 0 0 0 0 0 0 0
43 4 0 0 0 0 0 0 0 0 2 1 0 0
45 4 0 0 0 0 0 0 0 0 0 0 0 0
51 6 0 0 0 0 0 0 0 0 2 1 0 0
54 8 0 0 0 0 0 0 0 0 0 0 0 0
fl=./string/../sysdeps/x86_64/multiarch/ifunc-memcmp.h
fn=bcmp
34 5 1 1 2 0 0 0 0 0 1 0 0 0
35 2 0 0 1 0 0 0 0 0 1 0 0 0
36 2 0 0 0 0 0 0 0 0 1 0 0 0
37 3 0 0 1 0 0 0 0 0 1 0 0 0
40 2 0 0 0 0 0 0 0 0 0 0 0 0
41 2 0 0 0 0 0 0 0 0 1 1 0 0
44 3 0 0 0 0 0 0 0 0 1 0 0 0
47 4 0 0 0 0 0 0 0 0 0 0 0 0
fl=./string/../sysdeps/x86_64/multiarch/ifunc-memmove.h
fn=memcpy@@GLIBC_2.14
56 4 0 0 0 0 0 0 0 0 2 0 0 0
57 6 0 0 4 0 0 0 0 0 0 0 0 0
60 6 1 1 2 0 0 0 0 0 0 0 0 0
61 4 1 1 0 0 0 0 0 0 2 2 0 0
74 4 0 0 0 0 0 0 0 0 2 0 0 0
77 4 0 0 0 0 0 0 0 0 2 0 0 0
85 4 0 0 0 0 0 0 0 0 2 2 0 0
93 4 0 0 0 0 0 0 0 0 2 2 0 0
96 10 1 1 2 0 0 0 0 0 0 0 0 0
fn=memmove
56 4 0 0 0 0 0 0 0 0 2 0 0 0
57 6 0 0 4 0 0 0 0 0 0 0 0 0
60 6 0 0 2 0 0 0 0 0 0 0 0 0
61 4 1 1 0 0 0 0 0 0 2 2 0 0
74 4 0 0 0 0 0 0 0 0 2 0 0 0
77 4 0 0 0 0 0 0 0 0 2 0 0 0
85 4 0 0 0 0 0 0 0 0 2 2 0 0
93 4 1 1 0 0 0 0 0 0 2 2 0 0
96 10 2 2 2 0 0 0 0 0 0 0 0 0
fn=mempcpy
56 2 0 0 0 0 0 0 0 0 1 0 0 0
57 3 0 0 2 0 0 0 0 0 0 0 0 0
60 3 1 1 1 0 0 0 0 0 0 0 0 0
61 2 1 1 0 0 0 0 0 0 1 1 0 0
74 2 0 0 0 0 0 0 0 0 1 0 0 0
77 2 0 0 0 0 0 0 0 0 1 0 0 0
85 2 0 0 0 0 0 0 0 0 1 1 0 0
93 2 0 0 0 0 0 0 0 0 1 1 0 0
96 5 1 1 1 0 0 0 0 0 0 0 0 0
fl=./string/../sysdeps/x86_64/multiarch/ifunc-memset.h
fn=memset
54 10 0 0 4 0 0 0 0 0 2 0 0 0
57 6 0 0 2 0 0 0 0 0 0 0 0 0
58 4 1 1 0 0 0 0 0 0 2 2 0 0
64 4 1 1 0 0 0 0 0 0 0 0 0 0
73 4 0 0 0 0 0 0 0 0 2 0 0 0
75 4 0 0 0 0 0 0 0 0 2 0 0 0
85 4 0 0 0 0 0 0 0 0 2 0 0 0
93 4 0 0 0 0 0 0 0 0 2 0 0 0
96 10 0 0 2 0 0 0 0 0 0 0 0 0
fl=./string/../sysdeps/x86_64/multiarch/ifunc-sse4_2.h
fn=strcspn
36 5 0 0 2 0 0 0 0 0 0 0 0 0
fn=strpbrk
36 5 1 1 2 1 0 0 0 0 0 0 0 0
fn=strspn
36 5 1 1 2 0 0 0 0 0 0 0 0 0
fl=./string/../sysdeps/x86_64/multiarch/ifunc-strcasecmp.h
fn=strcasecmp
36 4 0 0 0 0 0 0 0 0 1 1 0 0
37 2 0 0 2 0 0 0 0 0 0 0 0 0
38 3 1 1 1 0 0 0 0 0 1 0 0 0
41 2 0 0 0 0 0 0 0 0 0 0 0 0
42 2 0 0 0 0 0 0 0 0 1 1 0 0
45 3 0 0 0 0 0 0 0 0 1 0 0 0
48 5 1 1 0 0 0 0 0 0 1 0 0 0
fn=strcasecmp_l
36 4 0 0 0 0 0 0 0 0 1 1 0 0
37 2 1 1 2 0 0 0 0 0 0 0 0 0
38 3 1 1 1 0 0 0 0 0 1 0 0 0
41 2 0 0 0 0 0 0 0 0 0 0 0 0
42 2 0 0 0 0 0 0 0 0 1 1 0 0
45 3 0 0 0 0 0 0 0 0 1 0 0 0
48 5 0 0 0 0 0 0 0 0 1 0 0 0
fn=strncasecmp
36 4 0 0 0 0 0 0 0 0 1 1 0 0
37 2 0 0 2 0 0 0 0 0 0 0 0 0
38 3 1 1 1 0 0 0 0 0 1 0 0 0
41 2 0 0 0 0 0 0 0 0 0 0 0 0
42 2 0 0 0 0 0 0 0 0 1 1 0 0
45 3 0 0 0 0 0 0 0 0 1 0 0 0
48 5 0 0 0 0 0 0 0 0 1 0 0 0
fn=strncasecmp_l
36 4 0 0 0 0 0 0 0 0 1 1 0 0
37 2 1 1 2 0 0 0 0 0 0 0 0 0
38 3 1 1 1 0 0 0 0 0 1 0 0 0
41 2 0 0 0 0 0 0 0 0 0 0 0 0
42 2 0 0 0 0 0 0 0 0 1 1 0 0
45 3 0 0 0 0 0 0 0 0 1 0 0 0
48 5 0 0 0 0 0 0 0 0 1 0 0 0
fl=./string/../sysdeps/x86_64/multiarch/ifunc-strcpy.h
fn=stpcpy
38 4 0 0 2 0 0 0 0 0 0 0 0 0
39 3 0 0 1 0 0 0 0 0 1 0 0 0
42 2 0 0 0 0 0 0 0 0 0 0 0 0
43 2 0 0 0 0 0 0 0 0 1 1 0 0
46 3 0 0 0 0 0 0 0 0 1 0 0 0
49 3 0 0 0 0 0 0 0 0 1 1 0 0
fn=strcat
38 4 0 0 2 0 0 0 0 0 0 0 0 0
39 3 1 1 1 0 0 0 0 0 1 0 0 0
42 2 0 0 0 0 0 0 0 0 0 0 0 0
43 2 0 0 0 0 0 0 0 0 1 1 0 0
46 3 0 0 0 0 0 0 0 0 1 0 0 0
49 3 0 0 0 0 0 0 0 0 1 1 0 0
fn=strcpy
38 4 0 0 2 0 0 0 0 0 0 0 0 0
39 3 1 1 1 0 0 0 0 0 1 0 0 0
42 2 0 0 0 0 0 0 0 0 0 0 0 0
43 2 0 0 0 0 0 0 0 0 1 1 0 0
46 3 0 0 0 0 0 0 0 0 1 0 0 0
49 3 0 0 0 0 0 0 0 0 1 1 0 0
fl=./string/../sysdeps/x86_64/multiarch/ifunc-strncpy.h
fn=stpncpy
35 5 1 1 2 0 0 0 0 0 1 0 0 0
36 3 0 0 1 0 0 0 0 0 1 0 0 0
39 2 0 0 0 0 0 0 0 0 0 0 0 0
40 2 0 0 0 0 0 0 0 0 1 1 0 0
43 3 0 0 0 0 0 0 0 0 1 0 0 0
46 4 0 0 0 0 0 0 0 0 0 0 0 0
fn=strncpy
35 5 0 0 2 0 0 0 0 0 1 0 0 0
36 3 0 0 1 0 0 0 0 0 1 1 0 0
39 2 0 0 0 0 0 0 0 0 0 0 0 0
40 2 0 0 0 0 0 0 0 0 1 1 0 0
43 3 0 0 0 0 0 0 0 0 1 0 0 0
46 4 0 0 0 0 0 0 0 0 0 0 0 0
fl=./string/../sysdeps/x86_64/multiarch/memchr-avx2.S
fn=__memchr_avx2
61 9 1 1 0 0 0 0 0 0 0 0 0 0
68 9 0 0 0 0 0 0 0 0 0 0 0 0
70 9 0 0 0 0 0 0 0 0 9 0 0 0
73 9 0 0 0 0 0 0 0 0 0 0 0 0
74 9 0 0 0 0 0 0 0 0 0 0 0 0
76 9 0 0 0 0 0 0 0 0 0 0 0 0
77 9 0 0 0 0 0 0 0 0 0 0 0 0
78 9 0 0 0 0 0 0 0 0 0 0 0 0
79 9 0 0 0 0 0 0 0 0 9 0 0 0
82 9 0 0 9 5 5 0 0 0 0 0 0 0
83 9 0 0 0 0 0 0 0 0 0 0 0 0
86 9 0 0 0 0 0 0 0 0 0 0 0 0
87 9 0 0 0 0 0 0 0 0 9 6 0 0
101 9 1 1 0 0 0 0 0 0 0 0 0 0
106 9 0 0 0 0 0 0 0 0 0 0 0 0
113 9 0 0 0 0 0 0 0 0 0 0 0 0
114 9 0 0 0 0 0 0 0 0 9 2 0 0
115 7 0 0 0 0 0 0 0 0 0 0 0 0
116 7 0 0 7 0 0 0 0 0 0 0 0 0
128 2 0 0 0 0 0 0 0 0 0 0 0 0
129 2 0 0 2 0 0 0 0 0 0 0 0 0
fl=./string/../sysdeps/x86_64/multiarch/memchr.c
fn=memchr
29 4 1 1 2 0 0 0 0 0 0 0 0 0
fl=./string/../sysdeps/x86_64/multiarch/memcmp-avx2-movbe.S
fn=__memcmp_avx2_movbe
73 49 1 1 0 0 0 0 0 0 0 0 0 0
80 49 0 0 0 0 0 0 0 0 0 0 0 0
81 49 0 0 0 0 0 0 0 0 49 9 0 0
156 39 1 1 0 0 0 0 0 0 0 0 0 0
166 39 0 0 39 0 0 0 0 0 0 0 0 0
167 39 0 0 39 0 0 0 0 0 0 0 0 0
168 39 0 0 0 0 0 0 0 0 0 0 0 0
171 78 0 0 39 0 0 0 0 0 0 0 0 0
401 49 1 1 0 0 0 0 0 0 0 0 0 0
402 49 0 0 0 0 0 0 0 0 49 2 0 0
407 49 0 0 0 0 0 0 0 0 0 0 0 0
408 49 0 0 0 0 0 0 0 0 0 0 0 0
409 49 0 0 0 0 0 0 0 0 0 0 0 0
410 49 0 0 0 0 0 0 0 0 0 0 0 0
411 49 0 0 0 0 0 0 0 0 49 0 0 0
414 49 0 0 49 0 0 0 0 0 0 0 0 0
415 49 0 0 49 0 0 0 0 0 0 0 0 0
416 49 0 0 0 0 0 0 0 0 0 0 0 0
417 49 0 0 0 0 0 0 0 0 0 0 0 0
420 49 0 0 0 0 0 0 0 0 0 0 0 0
421 49 0 0 0 0 0 0 0 0 49 13 0 0
422 10 0 0 0 0 0 0 0 0 0 0 0 0
423 20 0 0 10 0 0 0 0 0 0 0 0 0
fl=./string/../sysdeps/x86_64/multiarch/memcmp.c
fn=bcmp
29 4 2 2 1 0 0 0 0 0 0 0 0 0
fl=./string/../sysdeps/x86_64/multiarch/memcmpeq.c
fn=memcpy@@GLIBC_2.14
29 2 1 1 0 0 0 0 0 0 0 0 0 0
fl=./string/../sysdeps/x86_64/multiarch/memmove-vec-unaligned-erms.S
fn=__memcpy_avx_unaligned_erms
255 18553 1 1 0 0 0 0 0 0 0 0 0 0
256 18553 0 0 0 0 0 0 0 0 0 0 0 0
262 18554 0 0 0 0 0 0 0 0 0 0 0 0
263 18554 0 0 0 0 0 0 0 0 18554 4999 0 0
265 12861 0 0 12861 7945 0 0 0 0 0 0 0 0
266 12861 0 0 0 0 0 0 0 0 0 0 0 0
267 12861 0 0 0 0 0 0 0 0 12861 2977 0 0
270 9978 0 0 9978 2641 0 0 0 0 0 0 0 0
271 9978 0 0 0 0 0 9978 967 0 0 0 0 0
272 9978 0 0 0 0 0 9978 894 0 0 0 0 0
275 19956 0 0 9978 0 0 0 0 0 0 0 0 0
305 5693 0 0 0 0 0 0 0 0 0 0 0 0
306 5693 0 0 0 0 0 0 0 0 5693 648 0 0
308 679 0 0 0 0 0 0 0 0 0 0 0 0
309 679 0 0 0 0 0 0 0 0 679 48 0 0
311 62 0 0 0 0 0 0 0 0 0 0 0 0
315 62 0 0 0 0 0 0 0 0 62 4 0 0
316 1 1 1 0 0 0 0 0 0 0 0 0 0
317 1 0 0 0 0 0 0 0 0 1 1 0 0
318 1 0 0 1 0 0 0 0 0 0 0 0 0
319 1 0 0 0 0 0 0 0 0 1 1 0 0
323 1 0 0 0 0 0 1 0 0 0 0 0 0
325 1 0 0 1 0 0 0 0 0 0 0 0 0
331 61 0 0 61 3 0 0 0 0 0 0 0 0
332 61 0 0 61 0 0 0 0 0 0 0 0 0
333 61 0 0 0 0 0 61 0 0 0 0 0 0
334 61 0 0 0 0 0 61 0 0 0 0 0 0
335 61 0 0 61 0 0 0 0 0 0 0 0 0
342 5014 0 0 5014 2429 1 0 0 0 0 0 0 0
343 5014 0 0 5014 534 0 0 0 0 0 0 0 0
344 5014 0 0 0 0 0 5014 1 0 0 0 0 0
345 5014 0 0 0 0 0 5014 473 1 0 0 0 0
347 5014 0 0 5014 0 0 0 0 0 0 0 0 0
364 617 2 1 617 189 1 0 0 0 0 0 0 0
365 617 0 0 617 0 0 0 0 0 0 0 0 0
366 617 0 0 0 0 0 617 0 0 0 0 0 0
367 617 0 0 0 0 0 617 0 0 0 0 0 0
368 617 0 0 617 0 0 0 0 0 0 0 0 0
375 2657 0 0 2657 953 0 0 0 0 0 0 0 0
376 2657 0 0 2657 0 0 0 0 0 0 0 0 0
377 2657 0 0 0 0 0 2657 1032 0 0 0 0 0
378 2657 0 0 0 0 0 2657 508 0 0 0 0 0
379 2657 0 0 0 0 0 2657 154 0 0 0 0 0
380 2657 0 0 0 0 0 2657 0 0 0 0 0 0
381 5314 0 0 2657 0 0 0 0 0 0 0 0 0
386 2883 1 1 2883 1996 0 0 0 0 0 0 0 0
387 2883 0 0 0 0 0 0 0 0 2883 3 0 0
392 2882 0 0 0 0 0 0 0 0 0 0 0 0
393 2882 0 0 0 0 0 0 0 0 2882 1 0 0
395 2782 0 0 2782 1521 0 0 0 0 0 0 0 0
396 2782 0 0 0 0 0 0 0 0 0 0 0 0
397 2782 0 0 0 0 0 0 0 0 2782 134 0 0
399 125 0 0 125 65 0 0 0 0 0 0 0 0
400 125 0 0 125 60 0 0 0 0 0 0 0 0
401 125 0 0 125 68 0 0 0 0 0 0 0 0
402 125 0 0 125 0 0 0 0 0 0 0 0 0
403 125 0 0 125 0 0 0 0 0 0 0 0 0
404 125 1 0 125 0 0 0 0 0 0 0 0 0
405 125 0 0 0 0 0 125 59 0 0 0 0 0
406 125 0 0 0 0 0 125 65 0 0 0 0 0
407 125 0 0 0 0 0 125 57 0 0 0 0 0
408 125 0 0 0 0 0 125 27 0 0 0 0 0
409 125 0 0 0 0 0 125 1 0 0 0 0 0
410 125 0 0 0 0 0 125 0 0 0 0 0 0
411 125 0 0 0 0 0 125 0 0 0 0 0 0
412 125 0 0 0 0 0 125 0 0 0 0 0 0
413 250 0 0 125 0 0 0 0 0 0 0 0 0
417 100 1 1 0 0 0 0 0 0 0 0 0 0
418 100 0 0 0 0 0 0 0 0 0 0 0 0
422 100 0 0 0 0 0 0 0 0 0 0 0 0
424 100 1 1 0 0 0 0 0 0 100 0 0 0
428 100 0 0 100 1 0 0 0 0 0 0 0 0
429 100 0 0 0 0 0 0 0 0 100 0 0 0
440 100 0 0 0 0 0 0 0 0 0 0 0 0
443 100 0 0 0 0 0 0 0 0 0 0 0 0
445 100 0 0 0 0 0 0 0 0 0 0 0 0
447 100 0 0 0 0 0 0 0 0 0 0 0 0
451 100 0 0 0 0 0 0 0 0 0 0 0 0
452 100 0 0 0 0 0 0 0 0 100 6 0 0
461 94 0 0 94 0 0 0 0 0 0 0 0 0
462 94 0 0 94 0 0 0 0 0 0 0 0 0
464 94 0 0 0 0 0 0 0 0 0 0 0 0
466 94 0 0 0 0 0 0 0 0 0 0 0 0
467 94 1 1 94 0 0 0 0 0 0 0 0 0
468 94 0 0 94 0 0 0 0 0 0 0 0 0
471 94 0 0 0 0 0 0 0 0 0 0 0 0
473 94 0 0 0 0 0 0 0 0 0 0 0 0
475 94 0 0 0 0 0 0 0 0 0 0 0 0
477 188 0 0 0 0 0 0 0 0 0 0 0 0
483 282 0 0 282 0 0 0 0 0 0 0 0 0
484 282 0 0 282 0 0 0 0 0 0 0 0 0
485 282 0 0 282 0 0 0 0 0 0 0 0 0
486 282 0 0 282 0 0 0 0 0 0 0 0 0
487 282 0 0 0 0 0 0 0 0 0 0 0 0
488 282 0 0 0 0 0 282 167 167 0 0 0 0
489 282 0 0 0 0 0 282 138 138 0 0 0 0
490 282 1 1 0 0 0 282 144 144 0 0 0 0
491 282 0 0 0 0 0 282 138 138 0 0 0 0
492 282 0 0 0 0 0 0 0 0 0 0 0 0
493 282 0 0 0 0 0 0 0 0 0 0 0 0
494 282 0 0 0 0 0 0 0 0 282 4 0 0
496 94 0 0 0 0 0 94 46 46 0 0 0 0
497 94 0 0 0 0 0 94 48 48 0 0 0 0
498 94 0 0 0 0 0 94 0 0 0 0 0 0
499 94 0 0 0 0 0 94 0 0 0 0 0 0
501 94 0 0 0 0 0 94 0 0 0 0 0 0
505 188 0 0 94 0 0 0 0 0 0 0 0 0
518 6 0 0 6 0 0 0 0 0 0 0 0 0
519 6 0 0 6 0 0 0 0 0 0 0 0 0
521 6 1 1 0 0 0 0 0 0 0 0 0 0
522 6 0 0 6 0 0 0 0 0 0 0 0 0
523 6 0 0 6 0 0 0 0 0 0 0 0 0
525 6 0 0 0 0 0 0 0 0 0 0 0 0
527 6 0 0 0 0 0 0 0 0 0 0 0 0
529 12 0 0 0 0 0 0 0 0 0 0 0 0
535 18 0 0 18 0 0 0 0 0 0 0 0 0
536 18 0 0 18 0 0 0 0 0 0 0 0 0
537 18 0 0 18 0 0 0 0 0 0 0 0 0
538 18 0 0 18 0 0 0 0 0 0 0 0 0
539 18 0 0 0 0 0 0 0 0 0 0 0 0
540 18 0 0 0 0 0 18 8 8 0 0 0 0
541 18 1 1 0 0 0 18 12 12 0 0 0 0
542 18 0 0 0 0 0 18 6 6 0 0 0 0
543 18 0 0 0 0 0 18 12 12 0 0 0 0
544 18 0 0 0 0 0 0 0 0 0 0 0 0
545 18 0 0 0 0 0 0 0 0 0 0 0 0
546 18 0 0 0 0 0 0 0 0 18 4 0 0
548 6 0 0 0 0 0 6 4 4 0 0 0 0
549 6 0 0 0 0 0 6 2 2 0 0 0 0
550 6 0 0 0 0 0 6 0 0 0 0 0 0
551 6 0 0 0 0 0 6 0 0 0 0 0 0
553 6 0 0 0 0 0 6 0 0 0 0 0 0
554 12 0 0 6 0 0 0 0 0 0 0 0 0
601 1 1 1 0 0 0 0 0 0 0 0 0 0
602 1 0 0 0 0 0 0 0 0 0 0 0 0
606 1 0 0 0 0 0 0 0 0 0 0 0 0
608 1 0 0 0 0 0 0 0 0 1 0 0 0
611 1 0 0 0 0 0 0 0 0 0 0 0 0
615 1 0 0 1 1 0 0 0 0 0 0 0 0
616 1 0 0 0 0 0 0 0 0 1 1 0 0
684 1 1 1 1 0 0 0 0 0 0 0 0 0
685 1 0 0 0 0 0 0 0 0 0 0 0 0
686 1 0 0 0 0 0 0 0 0 1 0 0 0
691 1 0 0 0 0 0 0 0 0 0 0 0 0
692 1 0 0 0 0 0 0 0 0 0 0 0 0
693 1 0 0 0 0 0 0 0 0 1 0 0 0
700 1 1 1 1 1 0 0 0 0 0 0 0 0
706 1 0 0 0 0 0 1 0 0 0 0 0 0
708 1 0 0 0 0 0 1 1 1 0 0 0 0
716 1 0 0 0 0 0 0 0 0 0 0 0 0
717 1 0 0 0 0 0 0 0 0 0 0 0 0
719 1 0 0 0 0 0 0 0 0 0 0 0 0
721 1 0 0 0 0 0 0 0 0 0 0 0 0
723 1 0 0 0 0 0 0 0 0 0 0 0 0
725 1 0 0 0 0 0 0 0 0 0 0 0 0
733 1 0 0 0 0 0 0 0 0 0 0 0 0
734 1 0 0 0 0 0 0 0 0 0 0 0 0
735 1 0 0 0 0 0 0 0 0 0 0 0 0
736 1 0 0 0 0 0 0 0 0 0 0 0 0
741 1 0 0 0 0 0 0 0 0 0 0 0 0
742 1 0 0 0 0 0 0 0 0 0 0 0 0
743 1 0 0 0 0 0 0 0 0 1 0 0 0
746 1 1 1 0 0 0 0 0 0 0 0 0 0
748 2 0 0 0 0 0 0 0 0 0 0 0 0
753 624 0 0 0 0 0 0 0 0 0 0 0 0
755 39936 0 0 0 0 0 0 0 0 0 0 0 0
756 39936 0 0 0 0 0 0 0 0 0 0 0 0
757 39936 0 0 0 0 0 0 0 0 0 0 0 0
758 39936 1 1 0 0 0 0 0 0 0 0 0 0
760 79872 0 0 79872 39935 0 0 0 0 0 0 0 0
761 79872 0 0 79872 39936 0 0 0 0 0 0 0 0
762 19968 1 1 0 0 0 0 0 0 0 0 0 0
764 79872 0 0 0 0 0 79872 39935 39935 0 0 0 0
765 79872 0 0 0 0 0 79872 39936 39936 0 0 0 0
766 19968 0 0 0 0 0 0 0 0 0 0 0 0
767 19968 0 0 0 0 0 0 0 0 0 0 0 0
768 19968 1 1 0 0 0 0 0 0 19968 643 0 0
769 624 0 0 0 0 0 0 0 0 0 0 0 0
770 624 0 0 0 0 0 0 0 0 0 0 0 0
771 624 0 0 0 0 0 0 0 0 0 0 0 0
772 624 0 0 0 0 0 0 0 0 624 1 0 0
773 1 0 0 0 0 0 0 0 0 0 0 0 0
776 1 0 0 0 0 0 0 0 0 0 0 0 0
777 1 0 0 0 0 0 0 0 0 1 0 0 0
782 126 0 0 0 0 0 0 0 0 0 0 0 0
783 126 1 1 0 0 0 0 0 0 0 0 0 0
784 63 0 0 63 63 0 0 0 0 0 0 0 0
785 63 0 0 63 0 0 0 0 0 0 0 0 0
786 63 0 0 63 63 0 0 0 0 0 0 0 0
787 63 0 0 63 0 0 0 0 0 0 0 0 0
788 63 0 0 0 0 0 0 0 0 0 0 0 0
789 63 0 0 0 0 0 0 0 0 0 0 0 0
790 63 0 0 0 0 0 63 63 63 0 0 0 0
791 63 0 0 0 0 0 63 0 0 0 0 0 0
792 63 0 0 0 0 0 63 63 63 0 0 0 0
793 63 0 0 0 0 0 63 0 0 0 0 0 0
794 63 0 0 0 0 0 0 0 0 0 0 0 0
795 63 0 0 0 0 0 0 0 0 0 0 0 0
796 63 0 0 0 0 0 0 0 0 63 8 0 0
800 1 0 0 1 0 0 0 0 0 0 0 0 0
801 1 1 1 1 1 0 0 0 0 0 0 0 0
802 1 0 0 1 0 0 0 0 0 0 0 0 0
803 1 0 0 1 1 0 0 0 0 0 0 0 0
805 1 0 0 0 0 0 1 0 0 0 0 0 0
806 1 0 0 0 0 0 1 1 1 0 0 0 0
807 1 0 0 0 0 0 1 0 0 0 0 0 0
808 1 0 0 0 0 0 1 1 1 0 0 0 0
809 2 0 0 1 1 0 0 0 0 0 0 0 0
fn=__mempcpy_avx_unaligned_erms
242 1 1 1 0 0 0 0 0 0 0 0 0 0
243 1 0 0 0 0 0 0 0 0 0 0 0 0
244 1 0 0 0 0 0 0 0 0 0 0 0 0
245 1 0 0 0 0 0 0 0 0 0 0 0 0
fn=memcpy
210 56 1 1 0 0 0 0 0 0 0 0 0 0
211 56 0 0 0 0 0 0 0 0 0 0 0 0
217 213 0 0 0 0 0 0 0 0 0 0 0 0
218 213 0 0 0 0 0 0 0 0 213 67 0 0
220 93 0 0 93 19 1 0 0 0 0 0 0 0
221 93 0 0 0 0 0 0 0 0 0 0 0 0
222 93 0 0 0 0 0 0 0 0 93 25 0 0
224 70 0 0 70 2 0 0 0 0 0 0 0 0
225 70 0 0 0 0 0 70 26 26 0 0 0 0
226 70 0 0 0 0 0 70 5 5 0 0 0 0
228 70 0 0 70 0 0 0 0 0 0 0 0 0
308 120 2 1 0 0 0 0 0 0 0 0 0 0
309 120 0 0 0 0 0 0 0 0 120 20 0 0
311 76 0 0 0 0 0 0 0 0 0 0 0 0
315 76 0 0 0 0 0 0 0 0 76 2 0 0
316 76 0 0 0 0 0 0 0 0 0 0 0 0
317 76 0 0 0 0 0 0 0 0 76 13 0 0
318 1 0 0 1 1 1 0 0 0 0 0 0 0
319 1 0 0 0 0 0 0 0 0 1 1 0 0
323 1 0 0 0 0 0 1 1 1 0 0 0 0
325 76 0 0 76 0 0 0 0 0 0 0 0 0
364 44 1 1 44 3 3 0 0 0 0 0 0 0
365 44 0 0 44 0 0 0 0 0 0 0 0 0
366 44 0 0 0 0 0 44 8 8 0 0 0 0
367 44 0 0 0 0 0 44 0 0 0 0 0 0
368 44 0 0 44 0 0 0 0 0 0 0 0 0
375 15 0 0 15 0 0 0 0 0 0 0 0 0
376 15 0 0 15 0 0 0 0 0 0 0 0 0
377 15 0 0 0 0 0 15 3 3 0 0 0 0
378 15 0 0 0 0 0 15 3 3 0 0 0 0
379 15 0 0 0 0 0 15 5 5 0 0 0 0
380 15 0 0 0 0 0 15 0 0 0 0 0 0
381 15 0 0 15 0 0 0 0 0 0 0 0 0
392 23 0 0 0 0 0 0 0 0 0 0 0 0
393 23 0 0 0 0 0 0 0 0 23 2 0 0
395 21 0 0 21 3 0 0 0 0 0 0 0 0
396 21 1 1 0 0 0 0 0 0 0 0 0 0
397 21 0 0 0 0 0 0 0 0 21 10 0 0
399 6 0 0 6 1 0 0 0 0 0 0 0 0
400 6 0 0 6 1 0 0 0 0 0 0 0 0
401 6 0 0 6 3 0 0 0 0 0 0 0 0
402 6 0 0 6 0 0 0 0 0 0 0 0 0
403 6 0 0 6 0 0 0 0 0 0 0 0 0
404 6 0 0 6 0 0 0 0 0 0 0 0 0
405 6 0 0 0 0 0 6 1 1 0 0 0 0
406 6 0 0 0 0 0 6 1 1 0 0 0 0
407 6 0 0 0 0 0 6 3 3 0 0 0 0
408 6 0 0 0 0 0 6 1 1 0 0 0 0
409 6 0 0 0 0 0 6 2 2 0 0 0 0
410 6 0 0 0 0 0 6 0 0 0 0 0 0
411 6 0 0 0 0 0 6 0 0 0 0 0 0
412 6 0 0 0 0 0 6 0 0 0 0 0 0
413 6 0 0 6 0 0 0 0 0 0 0 0 0
417 2 1 1 0 0 0 0 0 0 0 0 0 0
418 2 0 0 0 0 0 0 0 0 0 0 0 0
422 2 0 0 0 0 0 0 0 0 0 0 0 0
424 2 0 0 0 0 0 0 0 0 2 0 0 0
440 2 0 0 0 0 0 0 0 0 0 0 0 0
443 2 0 0 0 0 0 0 0 0 0 0 0 0
445 2 0 0 0 0 0 0 0 0 0 0 0 0
447 2 0 0 0 0 0 0 0 0 0 0 0 0
451 2 0 0 0 0 0 0 0 0 0 0 0 0
452 2 0 0 0 0 0 0 0 0 2 0 0 0
461 2 0 0 2 1 1 0 0 0 0 0 0 0
462 2 0 0 2 1 1 0 0 0 0 0 0 0
464 2 0 0 0 0 0 0 0 0 0 0 0 0
466 2 0 0 0 0 0 0 0 0 0 0 0 0
467 2 0 0 2 0 0 0 0 0 0 0 0 0
468 2 1 1 2 0 0 0 0 0 0 0 0 0
471 2 0 0 0 0 0 0 0 0 0 0 0 0
473 2 0 0 0 0 0 0 0 0 0 0 0 0
475 2 0 0 0 0 0 0 0 0 0 0 0 0
477 2 0 0 0 0 0 0 0 0 0 0 0 0
483 6 0 0 6 0 0 0 0 0 0 0 0 0
484 6 0 0 6 0 0 0 0 0 0 0 0 0
485 6 0 0 6 0 0 0 0 0 0 0 0 0
486 6 0 0 6 2 2 0 0 0 0 0 0 0
487 6 0 0 0 0 0 0 0 0 0 0 0 0
488 6 0 0 0 0 0 6 1 1 0 0 0 0
489 6 0 0 0 0 0 6 0 0 0 0 0 0
490 6 0 0 0 0 0 6 0 0 0 0 0 0
491 6 0 0 0 0 0 6 3 3 0 0 0 0
492 6 0 0 0 0 0 0 0 0 0 0 0 0
493 6 0 0 0 0 0 0 0 0 0 0 0 0
494 6 0 0 0 0 0 0 0 0 6 4 0 0
496 2 1 1 0 0 0 2 1 1 0 0 0 0
497 2 0 0 0 0 0 2 0 0 0 0 0 0
498 2 0 0 0 0 0 2 0 0 0 0 0 0
499 2 0 0 0 0 0 2 0 0 0 0 0 0
501 2 0 0 0 0 0 2 0 0 0 0 0 0
505 2 0 0 2 0 0 0 0 0 0 0 0 0
fn=mempcpy
197 157 1 0 0 0 0 0 0 0 0 0 0 0
198 157 0 0 0 0 0 0 0 0 0 0 0 0
199 157 0 0 0 0 0 0 0 0 0 0 0 0
200 157 0 0 0 0 0 0 0 0 0 0 0 0
fl=./string/../sysdeps/x86_64/multiarch/memmove.c
fn=memmove
29 2 1 1 0 0 0 0 0 0 0 0 0 0
fl=./string/../sysdeps/x86_64/multiarch/mempcpy.c
fn=mempcpy
33 1 0 0 0 0 0 0 0 0 0 0 0 0
fl=./string/../sysdeps/x86_64/multiarch/memrchr.c
fn=memrchr
29 3 1 1 1 0 0 0 0 0 0 0 0 0
fl=./string/../sysdeps/x86_64/multiarch/memset-vec-unaligned-erms.S
fn=__memset_avx2_unaligned_erms
158 21 1 1 0 0 0 0 0 0 0 0 0 0
159 42 0 0 0 0 0 0 0 0 0 0 0 0
164 21 0 0 0 0 0 0 0 0 0 0 0 0
165 21 0 0 0 0 0 0 0 0 21 0 0 0
166 21 0 0 0 0 0 0 0 0 0 0 0 0
167 21 0 0 0 0 0 0 0 0 0 0 0 0
168 21 0 0 0 0 0 0 0 0 21 5 0 0
237 21 1 1 21 9 0 0 0 0 0 0 0 0
238 21 0 0 0 0 0 0 0 0 21 2 0 0
244 19 0 0 0 0 0 19 14 14 0 0 0 0
245 19 0 0 0 0 0 19 5 5 0 0 0 0
257 19 0 0 0 0 0 0 0 0 0 0 0 0
260 19 0 0 0 0 0 0 0 0 0 0 0 0
261 19 0 0 0 0 0 0 0 0 19 0 0 0
273 19 0 0 0 0 0 19 14 14 0 0 0 0
274 19 0 0 0 0 0 19 5 5 0 0 0 0
287 19 0 0 0 0 0 0 0 0 0 0 0 0
288 19 0 0 0 0 0 0 0 0 0 0 0 0
290 19 0 0 0 0 0 0 0 0 19 0 0 0
293 19 0 0 0 0 0 0 0 0 0 0 0 0
296 19 0 0 0 0 0 0 0 0 0 0 0 0
299 21 1 1 0 0 0 21 4 4 0 0 0 0
300 21 0 0 0 0 0 21 15 15 0 0 0 0
301 21 0 0 0 0 0 21 6 6 0 0 0 0
302 21 0 0 0 0 0 21 14 14 0 0 0 0
303 21 0 0 0 0 0 0 0 0 0 0 0 0
304 21 0 0 0 0 0 0 0 0 0 0 0 0
305 40 0 0 0 0 0 0 0 0 21 2 0 0
308 19 0 0 0 0 0 19 0 0 0 0 0 0
309 19 0 0 0 0 0 19 6 6 0 0 0 0
310 19 0 0 0 0 0 19 0 0 0 0 0 0
311 19 0 0 0 0 0 19 0 0 0 0 0 0
314 38 0 0 19 0 0 0 0 0 0 0 0 0
325 2 1 1 0 0 0 0 0 0 0 0 0 0
326 2 0 0 0 0 0 0 0 0 0 0 0 0
327 2 0 0 0 0 0 0 0 0 0 0 0 0
328 5519998 0 0 0 0 0 5519996 86250 86250 5519998 13 0 0
329 2 0 0 0 0 0 0 0 0 0 0 0 0
330 4 0 0 2 2 0 0 0 0 0 0 0 0
fl=./string/../sysdeps/x86_64/multiarch/memset.c
fn=memset
29 2 1 1 0 0 0 0 0 0 0 0 0 0
fl=./string/../sysdeps/x86_64/multiarch/stpcpy.c
fn=stpcpy
33 3 1 1 1 0 0 0 0 0 0 0 0 0
fl=./string/../sysdeps/x86_64/multiarch/stpncpy.c
fn=stpncpy
31 3 2 2 1 0 0 0 0 0 0 0 0 0
fl=./string/../sysdeps/x86_64/multiarch/strcasecmp.c
fn=strcasecmp
31 3 0 0 1 0 0 0 0 0 0 0 0 0
fl=./string/../sysdeps/x86_64/multiarch/strcasecmp_l.c
fn=strcasecmp_l
31 3 0 0 1 0 0 0 0 0 0 0 0 0
fl=./string/../sysdeps/x86_64/multiarch/strcat.c
fn=strcat
29 3 1 1 1 0 0 0 0 0 0 0 0 0
fl=./string/../sysdeps/x86_64/multiarch/strchr-avx2.S
fn=__strchr_avx2
53 3 1 1 0 0 0 0 0 0 0 0 0 0
55 3 0 0 0 0 0 0 0 0 0 0 0 0
56 3 0 0 0 0 0 0 0 0 0 0 0 0
57 3 0 0 0 0 0 0 0 0 0 0 0 0
58 3 0 0 0 0 0 0 0 0 0 0 0 0
59 3 0 0 0 0 0 0 0 0 0 0 0 0
62 3 0 0 0 0 0 0 0 0 0 0 0 0
63 3 1 1 0 0 0 0 0 0 3 0 0 0
67 3 0 0 3 3 1 0 0 0 0 0 0 0
68 3 0 0 0 0 0 0 0 0 0 0 0 0
69 3 0 0 0 0 0 0 0 0 0 0 0 0
70 3 0 0 0 0 0 0 0 0 0 0 0 0
71 3 0 0 0 0 0 0 0 0 0 0 0 0
72 3 0 0 0 0 0 0 0 0 0 0 0 0
73 3 0 0 0 0 0 0 0 0 3 0 0 0
74 3 0 0 0 0 0 0 0 0 0 0 0 0
77 3 0 0 3 0 0 0 0 0 0 0 0 0
85 3 0 0 0 0 0 0 0 0 3 2 0 0
93 3 0 0 0 0 0 0 0 0 0 0 0 0
94 6 0 0 3 0 0 0 0 0 0 0 0 0
fn=__strchrnul_avx2
53 36 1 1 0 0 0 0 0 0 0 0 0 0
55 36 0 0 0 0 0 0 0 0 0 0 0 0
56 36 0 0 0 0 0 0 0 0 0 0 0 0
57 36 0 0 0 0 0 0 0 0 0 0 0 0
58 36 0 0 0 0 0 0 0 0 0 0 0 0
59 36 0 0 0 0 0 0 0 0 0 0 0 0
62 36 0 0 0 0 0 0 0 0 0 0 0 0
63 36 1 1 0 0 0 0 0 0 36 0 0 0
67 36 0 0 36 32 2 0 0 0 0 0 0 0
68 36 0 0 0 0 0 0 0 0 0 0 0 0
69 36 0 0 0 0 0 0 0 0 0 0 0 0
70 36 0 0 0 0 0 0 0 0 0 0 0 0
71 36 0 0 0 0 0 0 0 0 0 0 0 0
72 36 0 0 0 0 0 0 0 0 0 0 0 0
73 36 0 0 0 0 0 0 0 0 36 2 0 0
74 36 0 0 0 0 0 0 0 0 0 0 0 0
87 36 0 0 0 0 0 0 0 0 0 0 0 0
89 72 0 0 36 0 0 0 0 0 0 0 0 0
fl=./string/../sysdeps/x86_64/multiarch/strchr.c
fn=index
42 4 0 0 0 0 0 0 0 0 0 0 0 0
43 2 0 0 2 0 0 0 0 0 0 0 0 0
44 3 1 1 1 0 0 0 0 0 1 0 0 0
47 2 0 0 0 0 0 0 0 0 0 0 0 0
48 2 1 1 0 0 0 0 0 0 1 1 0 0
51 3 0 0 0 0 0 0 0 0 1 0 0 0
54 3 0 0 0 0 0 0 0 0 1 0 0 0
65 3 1 1 1 0 0 0 0 0 0 0 0 0
fl=./string/../sysdeps/x86_64/multiarch/strchrnul.c
fn=strchrnul
31 3 0 0 1 0 0 0 0 0 0 0 0 0
fl=./string/../sysdeps/x86_64/multiarch/strcmp-avx2.S
fn=__strncmp_avx2
206 5 1 1 0 0 0 0 0 0 0 0 0 0
230 5 0 0 0 0 0 0 0 0 0 0 0 0
235 5 0 0 0 0 0 0 0 0 5 0 0 0
249 5 0 0 0 0 0 0 0 0 0 0 0 0
274 5 0 0 0 0 0 0 0 0 0 0 0 0
275 5 0 0 0 0 0 0 0 0 0 0 0 0
276 5 0 0 0 0 0 0 0 0 0 0 0 0
278 5 0 0 0 0 0 0 0 0 0 0 0 0
279 5 1 1 0 0 0 0 0 0 5 1 0 0
283 4 0 0 4 0 0 0 0 0 0 0 0 0
287 4 0 0 4 2 0 0 0 0 0 0 0 0
289 4 0 0 0 0 0 0 0 0 0 0 0 0
291 4 0 0 0 0 0 0 0 0 0 0 0 0
294 4 0 0 0 0 0 0 0 0 0 0 0 0
296 4 0 0 0 0 0 0 0 0 0 0 0 0
297 4 0 0 0 0 0 0 0 0 4 2 0 0
308 4 0 0 0 0 0 0 0 0 0 0 0 0
318 4 0 0 4 0 0 0 0 0 0 0 0 0
319 4 0 0 4 0 0 0 0 0 0 0 0 0
322 4 0 0 0 0 0 0 0 0 0 0 0 0
326 8 0 0 4 0 0 0 0 0 0 0 0 0
331 4 0 0 0 0 0 0 0 0 0 0 0 0
332 4 0 0 0 0 0 0 0 0 0 0 0 0
333 4 0 0 0 0 0 0 0 0 4 2 0 0
957 1 1 1 0 0 0 0 0 0 0 0 0 0
958 1 0 0 0 0 0 0 0 0 0 0 0 0
959 1 0 0 0 0 0 0 0 0 0 0 0 0
960 1 0 0 0 0 0 0 0 0 0 0 0 0
962 1 0 0 0 0 0 0 0 0 0 0 0 0
965 1 0 0 0 0 0 0 0 0 0 0 0 0
966 1 0 0 0 0 0 0 0 0 1 1 0 0
993 1 1 1 1 0 0 0 0 0 0 0 0 0
994 1 0 0 1 0 0 0 0 0 0 0 0 0
995 1 0 0 0 0 0 0 0 0 0 0 0 0
996 1 0 0 0 0 0 0 0 0 0 0 0 0
997 1 0 0 0 0 0 0 0 0 0 0 0 0
998 1 0 0 0 0 0 0 0 0 0 0 0 0
1000 1 0 0 0 0 0 0 0 0 1 1 0 0
1047 1 1 1 1 0 0 0 0 0 0 0 0 0
1048 1 0 0 1 0 0 0 0 0 0 0 0 0
1051 1 0 0 0 0 0 0 0 0 0 0 0 0
1052 1 0 0 0 0 0 0 0 0 0 0 0 0
1053 1 0 0 0 0 0 0 0 0 0 0 0 0
1056 2 0 0 1 0 0 0 0 0 0 0 0 0
1063 1 0 0 0 0 0 0 0 0 0 0 0 0
1064 1 0 0 0 0 0 0 0 0 0 0 0 0
1065 1 0 0 0 0 0 0 0 0 0 0 0 0
1066 1 0 0 0 0 0 0 0 0 1 1 0 0
1076 1 1 1 0 0 0 0 0 0 0 0 0 0
1077 1 0 0 0 0 0 0 0 0 1 0 0 0
1080 1 0 0 0 0 0 0 0 0 0 0 0 0
1081 1 0 0 0 0 0 0 0 0 0 0 0 0
1082 1 0 0 0 0 0 0 0 0 0 0 0 0
1083 1 0 0 0 0 0 0 0 0 0 0 0 0
1089 1 1 1 0 0 0 0 0 0 0 0 0 0
1091 1 0 0 0 0 0 0 0 0 0 0 0 0
1094 1 0 0 0 0 0 0 0 0 0 0 0 0
1095 1 0 0 0 0 0 0 0 0 1 1 0 0
fl=./string/../sysdeps/x86_64/multiarch/strcmp.c
fn=strcmp
47 4 1 1 0 0 0 0 0 0 0 0 0 0
48 2 0 0 2 0 0 0 0 0 0 0 0 0
49 3 0 0 1 0 0 0 0 0 1 0 0 0
52 2 0 0 0 0 0 0 0 0 0 0 0 0
53 2 0 0 0 0 0 0 0 0 1 0 0 0
56 3 0 0 0 0 0 0 0 0 1 0 0 0
59 3 0 0 0 0 0 0 0 0 1 0 0 0
79 3 2 2 1 0 0 0 0 0 0 0 0 0
fl=./string/../sysdeps/x86_64/multiarch/strcpy.c
fn=strcpy
29 3 1 1 1 0 0 0 0 0 0 0 0 0
fl=./string/../sysdeps/x86_64/multiarch/strcspn.c
fn=strcspn
29 2 1 1 1 0 0 0 0 0 0 0 0 0
fl=./string/../sysdeps/x86_64/multiarch/strlen-avx2.S
fn=__strlen_avx2
52 1292869 1 1 0 0 0 0 0 0 0 0 0 0
65 1292869 0 0 0 0 0 0 0 0 0 0 0 0
66 1292869 0 0 0 0 0 0 0 0 0 0 0 0
67 1292869 0 0 0 0 0 0 0 0 0 0 0 0
70 1292869 0 0 0 0 0 0 0 0 0 0 0 0
72 1292869 0 0 0 0 0 0 0 0 0 0 0 0
73 1292869 0 0 0 0 0 0 0 0 1292869 1 0 0
76 1292869 0 0 1292869 8 7 0 0 0 0 0 0 0
77 1292869 0 0 0 0 0 0 0 0 0 0 0 0
85 1292869 0 0 0 0 0 0 0 0 0 0 0 0
86 1292869 0 0 0 0 0 0 0 0 1292869 4 0 0
87 1292869 0 0 0 0 0 0 0 0 0 0 0 0
92 2585738 0 0 1292869 0 0 0 0 0 0 0 0 0
fl=./string/../sysdeps/x86_64/multiarch/strlen.c
fn=strlen
29 6 1 1 2 0 0 0 0 0 0 0 0 0
fl=./string/../sysdeps/x86_64/multiarch/strncase.c
fn=strncasecmp
31 3 1 1 1 0 0 0 0 0 0 0 0 0
fl=./string/../sysdeps/x86_64/multiarch/strncase_l.c
fn=strncasecmp_l
31 3 1 1 1 0 0 0 0 0 0 0 0 0
fl=./string/../sysdeps/x86_64/multiarch/strncmp.c
fn=strncmp
43 4 0 0 0 0 0 0 0 0 1 1 0 0
44 2 1 1 2 0 0 0 0 0 0 0 0 0
45 3 1 1 1 0 0 0 0 0 1 0 0 0
48 2 0 0 0 0 0 0 0 0 0 0 0 0
49 2 0 0 0 0 0 0 0 0 1 1 0 0
52 3 0 0 0 0 0 0 0 0 1 0 0 0
55 5 0 0 0 0 0 0 0 0 1 0 0 0
67 3 1 1 1 0 0 0 0 0 0 0 0 0
fl=./string/../sysdeps/x86_64/multiarch/strncpy.c
fn=strncpy
29 3 2 2 1 0 0 0 0 0 0 0 0 0
fl=./string/../sysdeps/x86_64/multiarch/strnlen.c
fn=strnlen
31 6 1 1 2 0 0 0 0 0 0 0 0 0
fl=./string/../sysdeps/x86_64/multiarch/strpbrk.c
fn=strpbrk
29 2 0 0 1 0 0 0 0 0 0 0 0 0
fl=./string/../sysdeps/x86_64/multiarch/strrchr-avx2.S
fn=__strrchr_avx2
53 1 1 1 0 0 0 0 0 0 0 0 0 0
54 1 0 0 0 0 0 0 0 0 0 0 0 0
55 1 0 0 0 0 0 0 0 0 0 0 0 0
57 1 0 0 0 0 0 0 0 0 0 0 0 0
58 1 1 1 0 0 0 0 0 0 0 0 0 0
62 1 0 0 0 0 0 0 0 0 0 0 0 0
63 1 0 0 0 0 0 0 0 0 0 0 0 0
64 1 0 0 0 0 0 0 0 0 1 0 0 0
67 1 0 0 1 1 0 0 0 0 0 0 0 0
69 1 0 0 0 0 0 0 0 0 0 0 0 0
70 1 0 0 0 0 0 0 0 0 0 0 0 0
71 1 0 0 0 0 0 0 0 0 0 0 0 0
72 1 0 0 0 0 0 0 0 0 1 0 0 0
75 1 0 0 0 0 0 0 0 0 0 0 0 0
76 1 0 0 0 0 0 0 0 0 0 0 0 0
78 1 0 0 0 0 0 0 0 0 0 0 0 0
79 1 0 0 0 0 0 0 0 0 0 0 0 0
80 1 0 0 0 0 0 0 0 0 1 0 0 0
81 1 0 0 0 0 0 0 0 0 0 0 0 0
82 1 0 0 0 0 0 0 0 0 0 0 0 0
91 2 0 0 1 0 0 0 0 0 0 0 0 0
fl=./string/../sysdeps/x86_64/multiarch/strrchr.c
fn=rindex
28 3 0 0 1 0 0 0 0 0 0 0 0 0
fl=./string/../sysdeps/x86_64/multiarch/strspn.c
fn=strspn
29 2 1 1 1 0 0 0 0 0 0 0 0 0
fl=./string/./string/strdup.c
fn=strdup
40 84 1 1 0 0 0 42 0 0 0 0 0 0
41 28 0 0 0 0 0 14 0 0 0 0 0 0
44 28 1 1 0 0 0 0 0 0 14 0 0 0
47 56 0 0 0 0 0 0 0 0 0 0 0 0
48 42 0 0 42 0 0 0 0 0 0 0 0 0
fl=./time/../sysdeps/unix/sysv/linux/clock_gettime.c
fn=clock_gettime@@GLIBC_2.17
30 1 1 1 0 0 0 0 0 0 0 0 0 0
38 2 0 0 2 2 0 0 0 0 0 0 0 0
40 2 0 0 0 0 0 0 0 0 1 1 0 0
44 2 0 0 1 0 0 0 0 0 0 0 0 0
68 2 0 0 0 0 0 0 0 0 0 0 0 0
69 2 1 1 0 0 0 0 0 0 1 0 0 0
fl=./wcsmbs/../sysdeps/x86_64/multiarch/ifunc-avx2.h
fn=wcschr
38 8 1 1 0 0 0 0 0 0 2 2 0 0
40 6 0 0 4 0 0 0 0 0 0 0 0 0
41 4 0 0 2 0 0 0 0 0 2 0 0 0
42 6 0 0 2 0 0 0 0 0 2 0 0 0
45 4 0 0 0 0 0 0 0 0 0 0 0 0
46 4 0 0 0 0 0 0 0 0 2 2 0 0
49 6 0 0 0 0 0 0 0 0 2 0 0 0
52 12 1 1 0 0 0 0 0 0 0 0 0 0
fn=wcscmp
38 4 0 0 0 0 0 0 0 0 1 1 0 0
40 3 0 0 2 0 0 0 0 0 0 0 0 0
41 2 1 1 1 0 0 0 0 0 1 0 0 0
42 3 0 0 1 0 0 0 0 0 1 0 0 0
45 2 0 0 0 0 0 0 0 0 0 0 0 0
46 2 0 0 0 0 0 0 0 0 1 1 0 0
49 3 0 0 0 0 0 0 0 0 1 0 0 0
52 6 1 1 0 0 0 0 0 0 0 0 0 0
fl=./wcsmbs/../sysdeps/x86_64/multiarch/ifunc-evex.h
fn=wmemchr
37 8 0 0 0 0 0 0 0 0 2 2 0 0
38 6 1 1 4 0 0 0 0 0 0 0 0 0
39 6 0 0 2 0 0 0 0 0 2 0 0 0
42 4 0 0 0 0 0 0 0 0 0 0 0 0
43 4 1 1 0 0 0 0 0 0 2 2 0 0
45 4 0 0 0 0 0 0 0 0 0 0 0 0
51 6 0 0 0 0 0 0 0 0 2 0 0 0
54 8 0 0 0 0 0 0 0 0 0 0 0 0
fl=./wcsmbs/../sysdeps/x86_64/multiarch/ifunc-memcmp.h
fn=wmemcmp
34 5 1 1 2 0 0 0 0 0 1 0 0 0
35 2 0 0 1 0 0 0 0 0 1 0 0 0
36 2 0 0 0 0 0 0 0 0 1 0 0 0
37 3 0 0 1 0 0 0 0 0 1 0 0 0
40 2 0 0 0 0 0 0 0 0 0 0 0 0
41 2 0 0 0 0 0 0 0 0 1 1 0 0
44 3 0 0 0 0 0 0 0 0 1 0 0 0
47 4 0 0 0 0 0 0 0 0 0 0 0 0
fl=./wcsmbs/../sysdeps/x86_64/multiarch/ifunc-wcs.h
fn=wcpncpy
39 4 1 1 0 0 0 0 0 0 1 1 0 0
40 3 0 0 2 0 0 0 0 0 0 0 0 0
41 3 0 0 1 0 0 0 0 0 1 0 0 0
44 2 0 0 0 0 0 0 0 0 0 0 0 0
45 3 0 0 0 0 0 0 0 0 1 0 0 0
48 4 0 0 0 0 0 0 0 0 0 0 0 0
fn=wcscat
39 4 0 0 0 0 0 0 0 0 1 1 0 0
40 3 0 0 2 0 0 0 0 0 0 0 0 0
41 3 0 0 1 0 0 0 0 0 1 0 0 0
44 2 0 0 0 0 0 0 0 0 0 0 0 0
45 3 0 0 0 0 0 0 0 0 1 1 0 0
48 4 0 0 0 0 0 0 0 0 0 0 0 0
fn=wcsncpy
39 4 0 0 0 0 0 0 0 0 1 1 0 0
40 3 0 0 2 0 0 0 0 0 0 0 0 0
41 3 0 0 1 0 0 0 0 0 1 0 0 0
44 2 0 0 0 0 0 0 0 0 0 0 0 0
45 3 0 0 0 0 0 0 0 0 1 1 0 0
48 4 0 0 0 0 0 0 0 0 0 0 0 0
fl=./wcsmbs/../sysdeps/x86_64/multiarch/ifunc-wcslen.h
fn=wcslen
40 4 0 0 0 0 0 0 0 0 1 1 0 0
41 2 0 0 2 0 0 0 0 0 0 0 0 0
42 3 1 1 1 0 0 0 0 0 1 0 0 0
45 2 0 0 0 0 0 0 0 0 0 0 0 0
46 2 0 0 0 0 0 0 0 0 1 1 0 0
49 3 0 0 0 0 0 0 0 0 1 0 0 0
52 3 0 0 0 0 0 0 0 0 1 0 0 0
fn=wcsnlen
40 4 0 0 0 0 0 0 0 0 1 1 0 0
41 2 1 1 2 0 0 0 0 0 0 0 0 0
42 3 0 0 1 0 0 0 0 0 1 0 0 0
45 2 1 1 0 0 0 0 0 0 0 0 0 0
46 2 0 0 0 0 0 0 0 0 1 1 0 0
49 3 0 0 0 0 0 0 0 0 1 0 0 0
52 3 0 0 0 0 0 0 0 0 1 0 0 0
fl=./wcsmbs/../sysdeps/x86_64/multiarch/ifunc-wmemset.h
fn=wmemset
36 10 0 0 4 0 0 0 0 0 2 0 0 0
37 6 1 1 2 0 0 0 0 0 2 2 0 0
fl=./wcsmbs/../sysdeps/x86_64/multiarch/wcpcpy.c
fn=wcpncpy
31 1 1 1 0 0 0 0 0 0 0 0 0 0
fl=./wcsmbs/../sysdeps/x86_64/multiarch/wcpncpy.c
fn=wcpncpy
31 1 0 0 1 0 0 0 0 0 0 0 0 0
fl=./wcsmbs/../sysdeps/x86_64/multiarch/wcscat.c
fn=wcscat
31 2 1 1 1 0 0 0 0 0 0 0 0 0
fn=wcschr
31 2 1 1 0 0 0 0 0 0 0 0 0 0
fl=./wcsmbs/../sysdeps/x86_64/multiarch/wcschr.c
fn=wcschr
31 4 0 0 2 0 0 0 0 0 0 0 0 0
fl=./wcsmbs/../sysdeps/x86_64/multiarch/wcscmp.c
fn=wcscmp
30 3 1 1 1 0 0 0 0 0 0 0 0 0
fl=./wcsmbs/../sysdeps/x86_64/multiarch/wcscpy.c
fn=wcscpy
42 4 0 0 0 0 0 0 0 0 1 1 0 0
43 2 1 1 2 0 0 0 0 0 0 0 0 0
44 3 0 0 1 0 0 0 0 0 1 0 0 0
46 2 1 1 0 0 0 0 0 0 0 0 0 0
47 3 0 0 0 0 0 0 0 0 1 1 0 0
50 3 0 0 0 0 0 0 0 0 1 0 0 0
60 2 1 1 1 0 0 0 0 0 0 0 0 0
fl=./wcsmbs/../sysdeps/x86_64/multiarch/wcslen.c
fn=wcslen
29 3 2 2 1 0 0 0 0 0 0 0 0 0
fl=./wcsmbs/../sysdeps/x86_64/multiarch/wcsncpy.c
fn=wcsncpy
31 2 1 1 1 0 0 0 0 0 0 0 0 0
fl=./wcsmbs/../sysdeps/x86_64/multiarch/wcsnlen.c
fn=wcsnlen
30 3 1 1 1 0 0 0 0 0 0 0 0 0
fl=./wcsmbs/../sysdeps/x86_64/multiarch/wmemchr.c
fn=wmemchr
31 4 1 1 2 0 0 0 0 0 0 0 0 0
fl=./wcsmbs/../sysdeps/x86_64/multiarch/wmemcmp.c
fn=wmemcmp
29 4 1 1 1 0 0 0 0 0 0 0 0 0
fl=./wcsmbs/../sysdeps/x86_64/multiarch/wmemset.c
fn=wmemset
31 4 1 1 2 0 0 0 0 0 0 0 0 0
fl=./wcsmbs/./wcsmbs/btowc.c
fn=btowc
32 2560 1 1 256 0 0 1280 0 0 0 0 0 0
37 1792 1 1 0 0 0 0 0 0 256 0 0 0
42 512 0 0 0 0 0 0 0 0 256 6 0 0
46 384 0 0 384 1 0 0 0 0 0 0 0 0
47 256 1 1 256 2 0 0 0 0 0 0 0 0
48 256 0 0 128 1 0 0 0 0 128 2 0 0
52 512 0 0 128 0 0 0 0 0 128 0 0 0
55 1152 0 0 384 0 0 128 0 0 128 0 128 1
94 1792 1 1 1408 0 0 0 0 0 128 0 0 0
fl=./wcsmbs/./wcsmbs/wctob.c
fn=wctob
30 1280 1 1 128 0 0 640 0 0 0 0 0 0
39 384 0 0 0 0 0 0 0 0 128 0 0 0
44 256 0 0 0 0 0 0 0 0 128 0 0 0
45 128 0 0 0 0 0 0 0 0 0 0 0 0
79 1152 1 1 896 0 0 0 0 0 128 0 0 0
fl=./wcsmbs/./wcsmbsload.h
fn=btowc
69 128 0 0 128 1 0 0 0 0 0 0 0 0
70 384 0 0 128 1 0 0 0 0 128 0 0 0
fl=./wctype/./wctype/wctype_l.c
fn=wctype_l
26 110 1 1 0 0 0 60 0 0 0 0 0 0
29 20 1 1 0 0 0 10 0 0 0 0 0 0
32 30 0 0 20 1 0 10 0 0 0 0 0 0
33 68 0 0 0 0 0 0 0 0 0 0 0 0
35 174 0 0 0 0 0 58 0 0 0 0 0 0
37 410 1 1 0 0 0 49 0 0 107 12 0 0
40 48 0 0 0 0 0 0 0 0 0 0 0 0
41 96 0 0 48 0 0 0 0 0 48 0 0 0
45 20 0 0 20 1 0 0 0 0 0 0 0 0
46 10 0 0 10 2 0 0 0 0 0 0 0 0
47 80 0 0 70 0 0 0 0 0 0 0 0 0
fl=/home/ray847/projects/DataStructures/PJ/src/FinalSolution.cpp
fn=_GLOBAL__sub_I__ZN13FinalSolution4Sift8SolutionC2Ev
983 2 1 1 1 0 0 0 0 0 0 0 0 0
fl=/home/ray847/projects/DataStructures/PJ/src/Global.h
fn=_GLOBAL__sub_I__ZN12TestSolution4Sift8SolutionC2Ev
95 2 0 0 1 0 0 0 0 0 1 0 0 0
fn=_GLOBAL__sub_I__ZN13FinalSolution4Sift8SolutionC2Ev
95 2 0 0 1 0 0 0 0 0 1 0 0 0
fn=_GLOBAL__sub_I_main
95 3 0 0 1 0 0 1 0 0 1 1 0 0
fl=/home/ray847/projects/DataStructures/PJ/src/Main.cpp
fn=_GLOBAL__sub_I_main
132 2 1 1 1 0 0 0 0 0 0 0 0 0
fn=load_base(global::DataSetInfo const&)
30 12 2 2 1 0 0 7 0 0 0 0 0 0
31 2 0 0 2 0 0 0 0 0 0 0 0 0
32 1 0 0 1 0 0 0 0 0 0 0 0 0
33 2 0 0 1 0 0 1 0 0 0 0 0 0
35 3 0 0 1 0 0 0 0 0 0 0 0 0
36 3840004 0 0 0 0 0 0 0 0 1280001 3 0 0
39 12 1 1 9 1 0 0 0 0 1 0 0 0
fn=load_labels(global::DataSetInfo const&)
54 12 2 2 1 0 0 7 0 0 0 0 0 0
55 2 0 0 2 1 0 0 0 0 0 0 0 0
56 1 0 0 1 0 0 0 0 0 0 0 0 0
62 304 0 0 1 0 0 0 0 0 101 3 0 0
63 3400 1 1 100 0 0 0 0 0 1100 104 0 0
69 12 1 1 9 0 0 0 0 0 1 0 0 0
fn=load_samples(global::DataSetInfo const&)
40 12 2 2 1 0 0 8 0 0 0 0 0 0
41 2 0 0 2 1 0 0 0 0 0 0 0 0
42 1 0 0 1 0 0 0 0 0 0 0 0 0
43 1 0 0 1 0 0 0 0 0 0 0 0 0
45 2 0 0 0 0 0 1 0 0 0 0 0 0
46 303 0 0 0 0 0 0 0 0 101 3 0 0
47 38800 1 1 100 0 0 0 0 0 12900 102 0 0
53 12 0 0 10 1 0 0 0 0 1 0 0 0
fn=main
16 2 1 1 0 0 0 0 0 0 0 0 0 0
17 2 0 0 0 0 0 1 0 0 0 0 0 0
fn=run(global::DataSetInfo const&)
79 13 1 1 1 0 0 7 0 0 0 0 0 0
81 2 0 0 2 1 0 0 0 0 0 0 0 0
82 2 0 0 1 1 0 1 0 0 0 0 0 0
83 1 1 1 1 0 0 0 0 0 0 0 0 0
87 5 1 1 0 0 0 2 0 0 0 0 0 0
88 5 0 0 0 0 0 2 0 0 0 0 0 0
89 5 1 1 0 0 0 2 0 0 0 0 0 0
96 10 0 0 1 1 0 5 1 0 0 0 0 0
97 2 0 0 0 0 0 2 0 0 0 0 0 0
fl=/home/ray847/projects/DataStructures/PJ/src/StackHeap.h
fn=TestSolution::Sift::Solution::Insert_(int, std::vector<std::vector<std::vector<int, std::allocator<int> >, std::allocator<std::vector<int, std::allocator<int> > > >, std::allocator<std::vector<std::vector<int, std::allocator<int> >, std::allocator<std::vector<int, std::allocator<int> > > > > >&, std::vector<std::mutex, std::allocator<std::mutex> >&)
11 54 0 0 0 0 0 54 54 0 0 0 0 0
14 10326 0 0 3370 0 0 0 0 0 3478 4 0 0
16 10272 0 0 0 0 0 0 0 0 0 0 0 0
17 3478 0 0 0 0 0 3478 0 0 0 0 0 0
21 162 1 1 54 0 0 0 0 0 54 0 0 0
22 13588 0 0 0 0 0 3370 0 0 0 0 0 0
23 6956 0 0 0 0 0 3478 0 0 0 0 0 0
fn=TestSolution::Sift::Solution::SearchLayerFP_(float const*, int, int, int, std::vector<std::vector<std::vector<int, std::allocator<int> >, std::allocator<std::vector<int, std::allocator<int> > > >, std::allocator<std::vector<std::vector<int, std::allocator<int> >, std::allocator<std::vector<int, std::allocator<int> > > > > > const&, std::vector<std::mutex, std::allocator<std::mutex> >&, TestSolution::Sift::Solution::VisitedList&)
14 19058728 1 1 0 0 0 0 0 0 9529364 3 0 0
16 28588092 0 0 0 0 0 0 0 0 0 0 0 0
17 9544354 0 0 0 0 0 9544354 33 2 0 0 0 0
22 16392860 0 0 1370342 1 0 2740684 1 0 0 0 0 0
23 10920130 0 0 0 0 0 4774894 39 2 0 0 0 0
31 7495 0 0 0 0 0 0 0 0 0 0 0 0
35 10009492 0 0 10009492 81 3 0 0 0 0 0 0 0
fn=TestSolution::Sift::Solution::SelectNeighbors_(StackHeap<std::pair<float, int>, 501, std::less<std::pair<float, int> > >&, std::vector<int, std::allocator<int> >&)
22 16937438 0 0 0 0 0 3385992 1 0 0 0 0 0
23 6786940 1 1 0 0 0 3393470 2 0 0 0 0 0
31 29912 1 1 22434 46 0 7478 0 0 0 0 0 0
fl=/home/ray847/projects/DataStructures/PJ/src/TestSolution.cpp
fn=TestSolution::Glove::Solution::Solution()
348 6 2 2 2 0 0 3 1 0 0 0 0 0
fn=TestSolution::Sift::Solution::Build(std::vector<float, std::allocator<float> > const&)
28 15 2 2 2 1 0 7 0 0 0 0 0 0
29 2 0 0 0 0 0 1 1 0 0 0 0 0
30 2 0 0 1 0 0 1 0 0 0 0 0 0
31 2 0 0 0 0 0 1 0 0 0 0 0 0
32 1 0 0 0 0 0 0 0 0 0 0 0 0
35 2 0 0 0 0 0 0 0 0 0 0 0 0
36 40005 1 1 10001 0 0 0 0 0 10001 2 0 0
37 30000 0 0 0 0 0 10000 2500 0 0 0 0 0
38 20000 0 0 0 0 0 0 0 0 0 0 0 0
40 1 0 0 0 0 0 1 0 0 0 0 0 0
42 2 0 0 0 0 0 0 0 0 1 0 0 0
43 1 0 0 0 0 0 1 0 0 0 0 0 0
44 30002 0 0 0 0 0 0 0 0 10000 15 0 0
45 69994 1 1 29996 2501 0 2 0 0 9999 10 0 0
50 30005 0 0 1 1 0 0 0 0 10001 6 0 0
51 60000 1 1 20000 2501 0 0 0 0 0 0 0 0
54 1 0 0 0 0 0 1 1 0 0 0 0 0
56 2 1 1 0 0 0 2 0 0 0 0 0 0
65 3 0 0 0 0 0 2 1 0 0 0 0 0
66 59 0 0 18 0 0 0 0 0 19 4 0 0
69 4 0 0 0 0 0 0 0 0 1 0 0 0
70 2 1 1 0 0 0 1 0 0 0 0 0 0
81 40000 1 1 20000 2 0 10000 0 0 0 0 0 0
fn=TestSolution::Sift::Solution::Insert_(int, std::vector<std::vector<std::vector<int, std::allocator<int> >, std::allocator<std::vector<int, std::allocator<int> > > >, std::allocator<std::vector<std::vector<int, std::allocator<int> >, std::allocator<std::vector<int, std::allocator<int> > > > > >&, std::vector<std::mutex, std::allocator<std::mutex> >&)
86 123063 2 2 14478 7050 22 79629 54 54 0 0 0 0
88 15252 2 2 7473 7062 0 306 0 0 7239 2 0 0
89 28956 0 0 14478 0 0 0 0 0 7239 2 0 0
91 50673 0 0 21717 4 0 0 0 0 0 0 0 0
92 7239 0 0 7239 0 0 0 0 0 0 0 0 0
93 28956 1 1 14478 7172 0 0 0 0 0 0 0 0
95 14478 0 0 0 0 0 0 0 0 7239 0 0 0
97 143712 0 0 21459 0 0 21705 4 0 21459 5783 0 0
99 119707 1 1 32117 0 0 28442 0 0 30706 14590 0 0
100 92118 0 0 0 0 0 61412 0 0 0 0 0 0
101 299475 1 1 49766 0 0 64236 0 0 0 0 0 0
102 32118 0 0 0 0 0 0 0 0 0 0 0 0
103 64234 1 1 32117 1 0 0 0 0 32117 2 0 0
105 995178 0 0 232736 39291 19 0 0 0 264853 32616 0 0
106 1488534 1 1 61412 0 0 232736 0 0 0 0 0 0
107 698208 0 0 232736 0 0 0 0 0 232736 30558 0 0
108 27288 0 0 0 0 0 27288 0 0 0 0 0 0
109 27288 0 0 0 0 0 0 0 0 0 0 0 0
110 27288 0 0 0 0 0 27288 0 0 0 0 0 0
116 51866 0 0 22434 0 0 0 0 0 14716 263 0 0
118 133882 2 2 44970 0 0 44456 9 0 0 0 0 0
120 22434 1 1 0 0 0 14956 7259 3 0 0 0 0
122 29912 0 0 7478 7269 3 7478 0 0 0 0 0 0
126 14956 0 0 7478 7134 0 7478 0 0 0 0 0 0
129 519593 1 1 360455 14 0 0 0 0 79569 7625 0 0
131 144182 0 0 72091 0 0 0 0 0 72091 2 0 0
134 276097 1 1 87047 0 0 14956 0 0 72091 56 0 0
137 594 0 0 108 0 0 216 0 0 0 0 0 0
139 10974 3 3 3586 268 0 216 0 0 3478 54 0 0
140 20544 0 0 3424 0 0 3424 0 0 0 0 0 0
142 432 1 1 270 3 0 0 0 0 54 0 0 0
146 3424 0 0 0 0 0 0 0 0 3424 2 0 0
153 14956 1 1 7478 7172 0 0 0 0 7478 2 0 0
157 79431 0 0 64989 7088 4 0 0 0 7221 2 0 0
fn=TestSolution::Sift::Solution::SearchLayerFP_(float const*, int, int, int, std::vector<std::vector<std::vector<int, std::allocator<int> >, std::allocator<std::vector<int, std::allocator<int> > > >, std::allocator<std::vector<std::vector<int, std::allocator<int> >, std::allocator<std::vector<int, std::allocator<int> > > > > > const&, std::vector<std::mutex, std::allocator<std::mutex> >&, TestSolution::Sift::Solution::VisitedList&)
162 194870 2 2 37475 7346 19 89940 14485 36 0 0 0 0
168 52465 0 0 7495 0 0 7495 7357 18 0 0 0 0
173 6796388 1 1 0 0 0 0 0 0 3398194 1140 0 0
174 6794114 0 0 6794114 25 0 0 0 0 0 0 0 0
176 10240174 1 1 3409739 46 0 7495 0 0 3410893 11203 0 0
178 3398211 0 0 0 0 0 0 0 0 0 0 0 0
179 6803887 0 0 3398196 0 0 0 0 0 3398196 0 0 0
182 338050060 2 2 133181105 6843376 2754 0 0 0 68289654 3464294 0 0
184 80075943 1 1 20018986 0 0 10009493 1 0 0 0 0 0
185 49873932 0 0 16624644 45 2 0 0 0 16624644 1044066 0 0
188 9529364 0 0 4764682 0 0 0 0 0 4764682 35509 0 0
194 89736 1 1 67302 14634 7 0 0 0 7478 2 0 0
fn=TestSolution::Sift::Solution::SelectNeighbors_(StackHeap<std::pair<float, int>, 501, std::less<std::pair<float, int> > >&, std::vector<int, std::allocator<int> >&)
198 74780 1 1 0 0 0 59824 0 0 0 0 0 0
200 14956 0 0 0 0 0 0 0 0 7478 4 0 0
202 22434 0 0 0 0 0 14956 0 0 0 0 0 0
204 6824330 0 0 0 0 0 7478 0 0 3400948 27 0 0
210 10172323 0 0 3390764 0 0 0 0 0 3390764 22246 0 0
211 6781550 0 0 0 0 0 0 0 0 3390775 13 0 0
213 17052457 1 1 0 0 0 0 0 0 6814407 64765 0 0
214 94513704 0 0 27017776 345135 0 10125602 0 0 6742316 2571297 0 0
223 52346 0 0 44868 7233 0 0 0 0 0 0 0 0
fn=TestSolution::Sift::Solution::Solution()
26 6 1 1 2 1 1 3 2 0 0 0 0 0
fn=_GLOBAL__sub_I__ZN12TestSolution4Sift8SolutionC2Ev
668 2 1 1 1 0 0 0 0 0 0 0 0 0
fn=std::thread::_State_impl<std::thread::_Invoker<std::tuple<TestSolution::Sift::Solution::Build(std::vector<float, std::allocator<float> > const&)::{lambda()#1}> > >::_M_run()
57 18 0 0 0 0 0 0 0 0 0 0 0 0
60 21717 0 0 14478 1470 0 0 0 0 7239 9 0 0
61 21717 0 0 14478 1172 0 7239 0 0 0 0 0 0
fl=/home/ray847/projects/DataStructures/PJ/src/TestSolution.h
fn=TestSolution::Sift::Distance<128, true, void>::L2Sq(float const*, float const*)
45 34055272 1 1 0 0 0 0 0 0 0 0 0 0
47 34055272 0 0 0 0 0 0 0 0 0 0 0 0
48 817326516 0 0 0 0 0 0 0 0 272442172 17027760 0 0
60 17027635 0 0 17027635 14 0 0 0 0 0 0 0 0
fn=TestSolution::Sift::Solution::Insert_(int, std::vector<std::vector<std::vector<int, std::allocator<int> >, std::allocator<std::vector<int, std::allocator<int> > > >, std::allocator<std::vector<std::vector<int, std::allocator<int> >, std::allocator<std::vector<int, std::allocator<int> > > > > >&, std::vector<std::mutex, std::allocator<std::mutex> >&)
97 36 1 1 0 0 0 18 18 18 0 0 0 0
99 37475 0 0 14990 206 0 14990 0 0 0 0 0 0
100 14990 0 0 0 0 0 0 0 0 7495 277 0 0
fn=TestSolution::Sift::Solution::SearchLayerFP_(float const*, int, int, int, std::vector<std::vector<std::vector<int, std::allocator<int> >, std::allocator<std::vector<int, std::allocator<int> > > >, std::allocator<std::vector<std::vector<int, std::allocator<int> >, std::allocator<std::vector<int, std::allocator<int> > > > > > const&, std::vector<std::mutex, std::allocator<std::mutex> >&, TestSolution::Sift::Solution::VisitedList&)
106 259595816 0 0 194689367 6625365 4935 0 0 0 64898954 10339509 0 0
107 10016988 0 0 0 0 0 10016988 0 0 0 0 0 0
fn=run(global::DataSetInfo const&)
239 8 0 0 0 0 0 4 1 0 0 0 0 0
247 2 0 0 0 0 0 0 0 0 1 1 0 0
248 1 1 1 0 0 0 1 0 0 0 0 0 0
249 3 1 1 2 0 0 1 0 0 0 0 0 0
fl=/usr/include/c++/13/array
fn=TestSolution::Sift::Solution::Insert_(int, std::vector<std::vector<std::vector<int, std::allocator<int> >, std::allocator<std::vector<int, std::allocator<int> > > >, std::allocator<std::vector<std::vector<int, std::allocator<int> >, std::allocator<std::vector<int, std::allocator<int> > > > > >&, std::vector<std::mutex, std::allocator<std::mutex> >&)
94 3780 0 0 0 0 0 3510 432 63 3510 69 0 0
fn=TestSolution::Sift::Solution::SearchLayerFP_(float const*, int, int, int, std::vector<std::vector<std::vector<int, std::allocator<int> >, std::allocator<std::vector<int, std::allocator<int> > > >, std::allocator<std::vector<std::vector<int, std::allocator<int> >, std::allocator<std::vector<int, std::allocator<int> > > > > > const&, std::vector<std::mutex, std::allocator<std::mutex> >&, TestSolution::Sift::Solution::VisitedList&)
94 11294965 0 0 0 0 0 11249995 1349931 3245 11249995 15037 0 0
fl=/usr/include/c++/13/bits/atomic_base.h
fn=std::thread::_State_impl<std::thread::_Invoker<std::tuple<TestSolution::Sift::Solution::Build(std::vector<float, std::allocator<float> > const&)::{lambda()#1}> > >::_M_run()
635 21717 1 1 21717 14277 0 0 0 0 7239 1 0 0
fl=/usr/include/c++/13/bits/basic_ios.h
fn=load_base(global::DataSetInfo const&)
282 4 0 0 1 0 0 2 0 0 0 0 0 0
461 3 1 1 0 0 0 2 0 0 0 0 0 0
462 10 1 1 0 0 0 5 0 0 0 0 0 0
fn=load_labels(global::DataSetInfo const&)
282 4 0 0 1 0 0 2 0 0 0 0 0 0
461 3 0 0 0 0 0 2 0 0 0 0 0 0
462 10 1 1 0 0 0 5 0 0 0 0 0 0
fn=load_samples(global::DataSetInfo const&)
282 4 1 1 1 0 0 2 0 0 0 0 0 0
461 3 0 0 0 0 0 2 0 0 0 0 0 0
462 10 0 0 0 0 0 5 0 0 0 0 0 0
fl=/usr/include/c++/13/bits/basic_string.h
fn=load_base(global::DataSetInfo const&)
189 2 0 0 0 0 0 1 0 0 0 0 0 0
213 1 0 0 0 0 0 1 0 0 0 0 0 0
218 1 1 1 0 0 0 1 0 0 0 0 0 0
223 2 0 0 2 0 0 0 0 0 0 0 0 0
250 1 0 0 0 0 0 1 0 0 0 0 0 0
264 2 0 0 0 0 0 0 0 0 1 0 0 0
289 2 0 0 1 0 0 0 0 0 0 0 0 0
624 2 0 0 0 0 0 0 0 0 1 1 0 0
fn=load_labels(global::DataSetInfo const&)
189 2 0 0 0 0 0 1 0 0 0 0 0 0
213 1 0 0 0 0 0 1 0 0 0 0 0 0
218 1 0 0 0 0 0 1 0 0 0 0 0 0
223 2 0 0 2 0 0 0 0 0 0 0 0 0
250 1 0 0 0 0 0 1 0 0 0 0 0 0
264 2 0 0 0 0 0 0 0 0 1 0 0 0
289 2 0 0 1 0 0 0 0 0 0 0 0 0
624 2 0 0 0 0 0 0 0 0 1 1 0 0
fn=load_samples(global::DataSetInfo const&)
189 2 0 0 0 0 0 1 0 0 0 0 0 0
213 1 0 0 0 0 0 1 0 0 0 0 0 0
218 1 1 1 0 0 0 1 0 0 0 0 0 0
223 2 0 0 2 0 0 0 0 0 0 0 0 0
250 1 0 0 0 0 0 1 0 0 0 0 0 0
264 2 0 0 0 0 0 0 0 0 1 0 0 0
289 2 0 0 1 0 0 0 0 0 0 0 0 0
624 2 0 0 0 0 0 0 0 0 1 1 0 0
fn=run(global::DataSetInfo const&)
223 1 0 0 1 0 0 0 0 0 0 0 0 0
264 4 0 0 0 0 0 1 0 0 1 0 0 0
289 2 0 0 1 0 0 0 0 0 0 0 0 0
4037 4 0 0 2 0 0 1 0 0 0 0 0 0
fn=std::__cxx11::basic_string<char, std::char_traits<char>, std::allocator<char> >::_M_mutate(unsigned long, unsigned long, char const*, unsigned long)
213 1 0 0 0 0 0 1 0 0 0 0 0 0
223 1 0 0 1 0 0 0 0 0 0 0 0 0
241 1 0 0 0 0 0 0 0 0 0 0 0 0
250 1 0 0 0 0 0 1 0 0 0 0 0 0
264 4 0 0 1 0 0 0 0 0 2 2 0 0
427 2 0 0 0 0 0 0 0 0 1 0 0 0
1079 2 0 0 1 0 0 1 0 0 0 0 0 0
1171 2 1 1 0 0 0 0 0 0 0 0 0 0
fn=std::vformat[abi:cxx11](std::basic_string_view<char, std::char_traits<char> >, std::basic_format_args<std::basic_format_context<std::__format::_Sink_iter<char>, char> >)
193 3 0 0 0 0 0 2 0 0 0 0 0 0
213 1 0 0 0 0 0 1 0 0 0 0 0 0
218 3 0 0 0 0 0 3 0 0 0 0 0 0
223 2 0 0 2 0 0 0 0 0 0 0 0 0
230 1 0 0 0 0 0 0 0 0 0 0 0 0
250 2 0 0 1 0 0 1 0 0 0 0 0 0
264 4 0 0 0 0 0 0 0 0 2 1 0 0
266 1 0 0 0 0 0 0 0 0 0 0 0 0
399 4 1 1 0 0 0 0 0 0 1 0 0 0
1072 2 0 0 1 0 0 0 0 0 0 0 0 0
1079 1 0 0 0 0 0 0 0 0 0 0 0 0
1171 2 1 1 0 0 0 0 0 0 0 0 0 0
fl=/usr/include/c++/13/bits/basic_string.tcc
fn=load_base(global::DataSetInfo const&)
143 2 1 1 0 0 0 0 0 0 1 0 0 0
227 2 0 0 0 0 0 0 0 0 1 1 0 0
fn=load_labels(global::DataSetInfo const&)
143 2 1 1 0 0 0 0 0 0 1 0 0 0
227 2 1 1 0 0 0 0 0 0 1 1 0 0
fn=load_samples(global::DataSetInfo const&)
143 2 1 1 0 0 0 0 0 0 1 0 0 0
227 2 0 0 0 0 0 0 0 0 1 1 0 0
fn=std::__cxx11::basic_string<char, std::char_traits<char>, std::allocator<char> >::_M_mutate(unsigned long, unsigned long, char const*, unsigned long)
143 2 0 0 0 0 0 0 0 0 1 0 0 0
149 5 0 0 0 0 0 0 0 0 1 0 0 0
151 2 0 0 0 0 0 0 0 0 0 0 0 0
153 2 0 0 0 0 0 0 0 0 1 0 0 0
159 1 1 1 0 0 0 0 0 0 0 0 0 0
325 12 1 1 0 0 0 6 0 0 0 0 0 0
329 3 1 1 0 0 0 1 0 0 0 0 0 0
331 3 0 0 0 0 0 0 0 0 0 0 0 0
334 3 0 0 1 0 0 0 0 0 1 1 0 0
336 4 1 1 0 0 0 0 0 0 1 0 0 0
337 1 0 0 0 0 0 0 0 0 0 0 0 0
338 3 0 0 1 0 0 0 0 0 1 0 0 0
345 8 0 0 7 0 0 0 0 0 0 0 0 0
fn=std::vformat[abi:cxx11](std::basic_string_view<char, std::char_traits<char> >, std::basic_format_args<std::basic_format_context<std::__format::_Sink_iter<char>, char> >)
416 1 0 0 0 0 0 0 0 0 0 0 0 0
418 2 0 0 0 0 0 0 0 0 1 1 0 0
424 4 1 1 0 0 0 1 0 0 0 0 0 0
fl=/usr/include/c++/13/bits/char_traits.h
fn=load_base(global::DataSetInfo const&)
358 1 0 0 0 0 0 1 0 0 0 0 0 0
435 4 0 0 0 0 0 1 0 0 0 0 0 0
fn=load_labels(global::DataSetInfo const&)
358 1 0 0 0 0 0 1 0 0 0 0 0 0
435 4 0 0 0 0 0 1 0 0 0 0 0 0
fn=load_samples(global::DataSetInfo const&)
358 1 0 0 0 0 0 1 0 0 0 0 0 0
435 4 1 1 0 0 0 1 0 0 0 0 0 0
fn=std::__cxx11::basic_string<char, std::char_traits<char>, std::allocator<char> >::_M_mutate(unsigned long, unsigned long, char const*, unsigned long)
435 5 1 1 1 0 0 2 0 0 0 0 0 0
fn=std::__format::_Scanner<char>::_M_scan()
411 19 2 2 0 0 0 5 0 0 0 0 0 0
fn=std::__format::_Sink_iter<char> std::__format::__write<std::__format::_Sink_iter<char>, char>(std::__format::_Sink_iter<char>, std::basic_string_view<char, std::char_traits<char> >)
435 9 1 1 0 0 0 3 0 0 0 0 0 0
fn=std::vformat[abi:cxx11](std::basic_string_view<char, std::char_traits<char> >, std::basic_format_args<std::basic_format_context<std::__format::_Sink_iter<char>, char> >)
358 3 1 1 1 0 0 2 0 0 0 0 0 0
fl=/usr/include/c++/13/bits/move.h
fn=TestSolution::Sift::Solution::Build(std::vector<float, std::allocator<float> > const&)
198 62 0 0 31 5 0 31 0 0 0 0 0 0
fn=TestSolution::Sift::Solution::SelectNeighbors_(StackHeap<std::pair<float, int>, 501, std::less<std::pair<float, int> > >&, std::vector<int, std::allocator<int> >&)
197 3392900 0 0 3392900 64 0 0 0 0 0 0 0 0
198 6785800 0 0 3392900 27 0 3392900 0 0 0 0 0 0
199 3392900 0 0 0 0 0 3392900 0 0 0 0 0 0
fl=/usr/include/c++/13/bits/new_allocator.h
fn=TestSolution::Sift::Solution::Build(std::vector<float, std::allocator<float> > const&)
126 12 0 0 0 0 0 0 0 0 0 0 0 0
151 38 0 0 0 0 0 14 1 0 0 0 0 0
172 5 0 0 0 0 0 5 0 0 0 0 0 0
fn=TestSolution::Sift::Solution::Insert_(int, std::vector<std::vector<std::vector<int, std::allocator<int> >, std::allocator<std::vector<int, std::allocator<int> > > >, std::allocator<std::vector<std::vector<int, std::allocator<int> >, std::allocator<std::vector<int, std::allocator<int> > > > > >&, std::vector<std::mutex, std::allocator<std::mutex> >&)
151 65942 1 1 0 0 0 18355 7319 3 0 0 0 0
172 40091 0 0 10871 0 0 18349 0 0 0 0 0 0
fn=TestSolution::Sift::Solution::SelectNeighbors_(StackHeap<std::pair<float, int>, 501, std::less<std::pair<float, int> > >&, std::vector<int, std::allocator<int> >&)
151 37390 0 0 0 0 0 7478 0 0 0 0 0 0
172 29912 0 0 14956 14458 0 0 0 0 7478 0 0 0
fn=load_base(global::DataSetInfo const&)
134 3 0 0 0 0 0 0 0 0 1 0 0 0
151 6 0 0 0 0 0 2 0 0 0 0 0 0
172 1 0 0 0 0 0 1 0 0 0 0 0 0
fn=load_labels(global::DataSetInfo const&)
134 3 0 0 0 0 0 0 0 0 1 0 0 0
151 210 1 1 0 0 0 103 0 0 0 0 0 0
172 4 0 0 0 0 0 2 0 0 0 0 0 0
fn=load_samples(global::DataSetInfo const&)
134 303 0 0 0 0 0 0 0 0 101 0 0 0
151 311 0 0 0 0 0 104 0 0 0 0 0 0
172 4 0 0 1 1 0 2 0 0 0 0 0 0
fn=run(global::DataSetInfo const&)
151 3 0 0 0 0 0 1 0 0 0 0 0 0
172 4 1 1 0 0 0 2 0 0 0 0 0 0
fn=std::__cxx11::basic_string<char, std::char_traits<char>, std::allocator<char> >::_M_mutate(unsigned long, unsigned long, char const*, unsigned long)
134 1 0 0 0 0 0 1 0 0 0 0 0 0
151 2 0 0 0 0 0 1 0 0 0 0 0 0
fn=std::vector<TestSolution::Sift::Solution::Node, std::allocator<TestSolution::Sift::Solution::Node> >::_M_default_append(unsigned long)
151 4 0 0 0 0 0 1 0 0 0 0 0 0
fn=std::vector<float, std::allocator<float> >::operator=(std::vector<float, std::allocator<float> > const&) [clone .isra.0]
134 3 1 1 0 0 0 0 0 0 1 0 0 0
151 3 1 1 0 0 0 1 1 0 0 0 0 0
fn=std::vector<int, std::allocator<int> >::operator=(std::vector<int, std::allocator<int> > const&) [clone .isra.0]
134 22425 1 1 0 0 0 0 0 0 7475 0 0 0
151 22425 0 0 0 0 0 7475 0 0 0 0 0 0
172 3 0 0 0 0 0 3 0 0 0 0 0 0
fn=std::vector<std::vector<int, std::allocator<int> >, std::allocator<std::vector<int, std::allocator<int> > > >::_M_default_append(unsigned long)
151 70000 1 1 10000 0 0 20000 0 0 0 0 0 0
fn=std::vector<std::vector<int, std::allocator<int> >, std::allocator<std::vector<int, std::allocator<int> > > >::vector(unsigned long, std::vector<int, std::allocator<int> > const&, std::allocator<std::vector<int, std::allocator<int> > > const&)
134 300 0 0 0 0 0 0 0 0 100 0 0 0
151 305 0 0 0 0 0 102 0 0 0 0 0 0
fn=std::vector<unsigned short, std::allocator<unsigned short> >::_M_fill_insert(__gnu_cxx::__normal_iterator<unsigned short*, std::vector<unsigned short, std::allocator<unsigned short> > >, unsigned long, unsigned short const&)
151 126 0 0 18 0 0 54 0 0 0 0 0 0
fl=/usr/include/c++/13/bits/random.h
fn=TestSolution::Sift::Solution::Build(std::vector<float, std::allocator<float> > const&)
143 623 0 0 0 0 0 0 0 0 0 0 0 0
194 20000 0 0 0 0 0 10000 0 0 0 0 0 0
1909 20000 0 0 0 0 0 0 0 0 0 0 0 0
fn=_GLOBAL__sub_I_main
143 623 0 0 0 0 0 0 0 0 0 0 0 0
fl=/usr/include/c++/13/bits/random.tcc
fn=TestSolution::Sift::Solution::Build(std::vector<float, std::allocator<float> > const&)
330 2 0 0 0 0 0 1 1 0 0 0 0 0
333 1873 1 1 0 0 0 0 0 0 623 10 0 0
336 1869 0 0 0 0 0 0 0 0 0 0 0 0
337 623 0 0 0 0 0 0 0 0 0 0 0 0
339 623 0 0 0 0 0 623 78 0 0 0 0 0
342 1 0 0 0 0 0 1 0 0 0 0 0 0
fn=_GLOBAL__sub_I_main
330 2 1 1 0 0 0 1 1 1 0 0 0 0
333 1872 0 0 0 0 0 0 0 0 623 7 0 0
336 1869 0 0 0 0 0 0 0 0 0 0 0 0
337 623 0 0 0 0 0 0 0 0 0 0 0 0
339 623 0 0 0 0 0 623 77 77 0 0 0 0
342 1 0 0 0 0 0 1 1 1 0 0 0 0
fn=double std::generate_canonical<double, 53ul, std::mersenne_twister_engine<unsigned long, 32ul, 624ul, 397ul, 31ul, 2567483615ul, 11ul, 4294967295ul, 7ul, 2636928640ul, 15ul, 4022730752ul, 18ul, 1812433253ul> >(std::mersenne_twister_engine<unsigned long, 32ul, 624ul, 397ul, 31ul, 2567483615ul, 11ul, 4294967295ul, 7ul, 2636928640ul, 15ul, 4022730752ul, 18ul, 1812433253ul>&)
453 10000 0 0 0 0 0 0 0 0 0 0 0 0
458 60000 1 1 10000 0 0 0 0 0 20000 36 0 0
459 99 1 1 0 0 0 66 0 0 0 0 0 0
462 60099 0 0 20066 0 0 20000 0 0 0 0 0 0
463 80000 0 0 0 0 0 0 0 0 0 0 0 0
464 80000 0 0 0 0 0 0 0 0 0 0 0 0
465 80000 1 1 0 0 0 0 0 0 0 0 0 0
466 40000 0 0 0 0 0 0 0 0 0 0 0 0
3349 50000 1 1 0 0 0 20000 0 0 0 0 0 0
3363 10000 0 0 0 0 0 0 0 0 0 0 0 0
3364 20000 0 0 10000 1 1 10000 0 0 0 0 0 0
3365 50000 0 0 0 0 0 0 0 0 20000 1 0 0
3367 120000 0 0 20000 0 0 0 0 0 20000 0 0 0
3368 60000 0 0 40000 1 1 20000 0 0 0 0 0 0
3370 10000 0 0 10000 0 0 0 0 0 0 0 0 0
3371 20000 0 0 10000 0 0 0 0 0 10000 0 0 0
3381 40000 1 1 30000 0 0 0 0 0 0 0 0 0
fn=std::mersenne_twister_engine<unsigned long, 32ul, 624ul, 397ul, 31ul, 2567483615ul, 11ul, 4294967295ul, 7ul, 2636928640ul, 15ul, 4022730752ul, 18ul, 1812433253ul>::_M_gen_rand()
397 198 1 1 33 0 0 0 0 0 0 0 0 0
404 22572 2 2 66 1 1 0 0 0 7491 53 0 0
406 22473 0 0 0 0 0 0 0 0 0 0 0 0
407 22473 0 0 7491 0 0 0 0 0 0 0 0 0
408 14982 0 0 7491 0 0 0 0 0 0 0 0 0
409 37455 0 0 0 0 0 7491 0 0 0 0 0 0
412 13068 0 0 0 0 0 0 0 0 6534 49 0 0
414 19602 1 1 6534 0 0 0 0 0 0 0 0 0
415 19602 0 0 6534 0 0 0 0 0 0 0 0 0
416 65439 0 0 6600 1 1 6534 0 0 0 0 0 0
417 6534 0 0 0 0 0 0 0 0 0 0 0 0
420 99 0 0 33 0 0 0 0 0 0 0 0 0
421 66 0 0 33 0 0 0 0 0 0 0 0 0
422 99 0 0 33 0 0 0 0 0 0 0 0 0
423 165 0 0 0 0 0 33 0 0 0 0 0 0
424 33 1 1 0 0 0 33 0 0 0 0 0 0
425 33 0 0 33 0 0 0 0 0 0 0 0 0
fl=/usr/include/c++/13/bits/std_mutex.h
fn=TestSolution::Sift::Solution::Insert_(int, std::vector<std::vector<std::vector<int, std::allocator<int> >, std::allocator<std::vector<int, std::allocator<int> > > >, std::allocator<std::vector<std::vector<int, std::allocator<int> >, std::allocator<std::vector<int, std::allocator<int> > > > > >&, std::vector<std::mutex, std::allocator<std::mutex> >&)
116 223372 0 0 0 0 0 0 0 0 111686 4271 0 0
fn=TestSolution::Sift::Solution::SearchLayerFP_(float const*, int, int, int, std::vector<std::vector<std::vector<int, std::allocator<int> >, std::allocator<std::vector<int, std::allocator<int> > > >, std::allocator<std::vector<std::vector<int, std::allocator<int> >, std::allocator<std::vector<int, std::allocator<int> > > > > > const&, std::vector<std::mutex, std::allocator<std::mutex> >&, TestSolution::Sift::Solution::VisitedList&)
116 6796392 0 0 0 0 0 0 0 0 3398196 1 0 0
fl=/usr/include/c++/13/bits/std_thread.h
fn=TestSolution::Sift::Solution::Build(std::vector<float, std::allocator<float> > const&)
97 55 1 1 0 0 0 55 8 4 0 0 0 0
164 162 1 1 6 0 0 54 0 0 0 0 0 0
240 43 0 0 18 0 0 19 0 0 0 0 0 0
fn=std::thread::_State_impl<std::thread::_Invoker<std::tuple<TestSolution::Sift::Solution::Build(std::vector<float, std::allocator<float> > const&)::{lambda()#1}> > >::_M_run()
244 54 1 1 0 0 0 18 0 0 0 0 0 0
fl=/usr/include/c++/13/bits/stl_algo.h
fn=TestSolution::Sift::Solution::SelectNeighbors_(StackHeap<std::pair<float, int>, 501, std::less<std::pair<float, int> > >&, std::vector<int, std::allocator<int> >&)
1105 22434 1 1 7478 0 0 0 0 0 7478 0 0 0
1108 6853094 1 1 22434 0 0 0 0 0 1703928 7489 0 0
fl=/usr/include/c++/13/bits/stl_algobase.h
fn=TestSolution::Sift::Solution::Build(std::vector<float, std::allocator<float> > const&)
262 12 1 1 6 0 0 0 0 0 6 1 0 0
fn=TestSolution::Sift::Solution::Insert_(int, std::vector<std::vector<std::vector<int, std::allocator<int> >, std::allocator<std::vector<int, std::allocator<int> > > >, std::allocator<std::vector<std::vector<int, std::allocator<int> >, std::allocator<std::vector<int, std::allocator<int> > > > > >&, std::vector<std::mutex, std::allocator<std::mutex> >&)
238 57888 0 0 28936 0 0 7238 5 0 0 0 0 0
262 32631 1 1 10877 0 0 0 0 0 10877 6 0 0
fn=load_base(global::DataSetInfo const&)
930 2 0 0 0 0 0 0 0 0 1 1 0 0
931 9 0 0 2 0 0 3 0 0 0 0 0 0
1123 2 1 1 0 0 0 0 0 0 1 0 0 0
fn=load_labels(global::DataSetInfo const&)
437 1000 1 1 500 0 0 500 50 50 0 0 0 0
931 6 0 0 0 0 0 5 1 1 0 0 0 0
fn=load_samples(global::DataSetInfo const&)
436 200 0 0 0 0 0 0 0 0 100 0 0 0
437 300 0 0 0 0 0 100 0 0 0 0 0 0
930 2 1 1 0 0 0 0 0 0 1 0 0 0
931 4 0 0 1 0 0 1 0 0 0 0 0 0
1123 2 0 0 0 0 0 0 0 0 1 0 0 0
fn=run(global::DataSetInfo const&)
931 4 0 0 0 0 0 3 0 0 0 0 0 0
fn=std::vector<TestSolution::Sift::Solution::Node, std::allocator<TestSolution::Sift::Solution::Node> >::_M_default_append(unsigned long)
262 2 0 0 0 0 0 0 0 0 1 1 0 0
918 29998 0 0 0 0 0 0 0 0 9999 6 0 0
919 19998 0 0 9999 0 0 9999 2500 2500 0 0 0 0
1123 2 0 0 0 0 0 0 0 0 1 1 0 0
1128 2 0 0 0 0 0 0 0 0 0 0 0 0
fn=std::vector<float, std::allocator<float> >::operator=(std::vector<float, std::allocator<float> > const&) [clone .isra.0]
436 2 0 0 0 0 0 0 0 0 1 0 0 0
437 4 0 0 0 0 0 1 0 0 0 0 0 0
fn=std::vector<int, std::allocator<int> >::operator=(std::vector<int, std::allocator<int> > const&) [clone .isra.0]
398 120 1 1 40 0 0 40 0 0 0 0 0 0
436 14956 0 0 0 0 0 0 0 0 7478 40 0 0
437 29749 0 0 0 0 0 7438 0 0 0 0 0 0
fn=std::vector<std::vector<int, std::allocator<int> >, std::allocator<std::vector<int, std::allocator<int> > > >::_M_default_append(unsigned long)
262 20000 0 0 0 0 0 0 0 0 10000 3 0 0
fn=std::vector<std::vector<int, std::allocator<int> >, std::allocator<std::vector<int, std::allocator<int> > > >::vector(unsigned long, std::vector<int, std::allocator<int> > const&, std::allocator<std::vector<int, std::allocator<int> > > const&)
436 200 0 0 0 0 0 0 0 0 100 1 0 0
437 700 0 0 0 0 0 100 0 0 0 0 0 0
441 200 0 0 0 0 0 100 0 0 0 0 0 0
fn=std::vector<unsigned short, std::allocator<unsigned short> >::_M_fill_insert(__gnu_cxx::__normal_iterator<unsigned short*, std::vector<unsigned short, std::allocator<unsigned short> > >, unsigned long, unsigned short const&)
262 36 1 1 0 0 0 0 0 0 18 2 0 0
435 18 0 0 0 0 0 0 0 0 0 0 0 0
436 72 0 0 0 0 0 0 0 0 36 4 0 0
438 36 2 2 0 0 0 0 0 0 36 3 0 0
441 18 0 0 0 0 0 0 0 0 0 0 0 0
930 270036 1 1 0 0 0 0 0 0 90018 47 0 0
931 180000 0 0 0 0 0 180000 5616 5616 0 0 0 0
1128 36 0 0 0 0 0 0 0 0 0 0 0 0
fl=/usr/include/c++/13/bits/stl_construct.h
fn=TestSolution::Sift::Solution::Build(std::vector<float, std::allocator<float> > const&)
119 3 0 0 0 0 0 1 0 0 0 0 0 0
fn=TestSolution::Sift::Solution::Insert_(int, std::vector<std::vector<std::vector<int, std::allocator<int> >, std::allocator<std::vector<int, std::allocator<int> > > >, std::allocator<std::vector<std::vector<int, std::allocator<int> >, std::allocator<std::vector<int, std::allocator<int> > > > > >&, std::vector<std::mutex, std::allocator<std::mutex> >&)
97 150922 0 0 75461 0 0 75461 66856 36 0 0 0 0
fn=TestSolution::Sift::Solution::SelectNeighbors_(StackHeap<std::pair<float, int>, 501, std::less<std::pair<float, int> > >&, std::vector<int, std::allocator<int> >&)
97 6931122 0 0 3465561 2 0 3465561 420216 12651 0 0 0 0
fn=load_base(global::DataSetInfo const&)
119 1 0 0 0 0 0 1 0 0 0 0 0 0
fn=load_labels(global::DataSetInfo const&)
119 1 0 0 0 0 0 1 0 0 0 0 0 0
fn=load_samples(global::DataSetInfo const&)
119 1 0 0 0 0 0 1 0 0 0 0 0 0
fn=run(global::DataSetInfo const&)
119 1 0 0 0 0 0 1 0 0 0 0 0 0
fn=std::vector<TestSolution::Sift::Solution::Node, std::allocator<TestSolution::Sift::Solution::Node> >::_M_default_append(unsigned long)
119 2 1 1 0 0 0 2 0 0 0 0 0 0
fl=/usr/include/c++/13/bits/stl_heap.h
fn=TestSolution::Sift::Solution::Insert_(int, std::vector<std::vector<std::vector<int, std::allocator<int> >, std::allocator<std::vector<int, std::allocator<int> > > >, std::allocator<std::vector<std::vector<int, std::allocator<int> >, std::allocator<std::vector<int, std::allocator<int> > > > > >&, std::vector<std::mutex, std::allocator<std::mutex> >&)
139 17390 0 0 0 0 0 0 0 0 0 0 0 0
140 15107 0 0 0 0 0 0 0 0 3726 97 0 0
142 248 1 1 0 0 0 0 0 0 0 0 0 0
144 1285 0 0 0 0 0 0 0 0 0 0 0 0
146 3391 0 0 0 0 0 0 0 0 0 0 0 0
215 7064 0 0 6956 0 0 0 0 0 0 0 0 0
216 3478 1 1 0 0 0 0 0 0 0 0 0 0
317 3424 0 0 0 0 0 0 0 0 0 0 0 0
328 6956 0 0 0 0 0 0 0 0 3478 42 0 0
fn=TestSolution::Sift::Solution::SearchLayerFP_(float const*, int, int, int, std::vector<std::vector<std::vector<int, std::allocator<int> >, std::allocator<std::vector<int, std::allocator<int> > > >, std::allocator<std::vector<std::vector<int, std::allocator<int> >, std::allocator<std::vector<int, std::allocator<int> > > > > > const&, std::vector<std::mutex, std::allocator<std::mutex> >&, TestSolution::Sift::Solution::VisitedList&)
139 64482550 0 0 0 0 0 0 0 0 0 0 0 0
140 113418153 2 2 0 0 0 0 0 0 24652879 161211 0 0
142 11774749 0 0 0 0 0 0 0 0 0 0 0 0
144 59743784 0 0 0 0 0 0 0 0 0 0 0 0
146 12765004 0 0 0 0 0 0 0 0 0 0 0 0
215 19058728 0 0 19058728 0 0 0 0 0 0 0 0 0
216 9529364 0 0 0 0 0 0 0 0 0 0 0 0
229 126895670 0 0 0 0 0 0 0 0 53254499 15998542 0 0
231 49872152 1 1 0 0 0 0 0 0 0 0 0 0
232 49872152 0 0 0 0 0 0 0 0 0 0 0 0
233 24936076 0 0 0 0 0 0 0 0 0 0 0 0
234 12768303 0 0 0 0 0 0 0 0 0 0 0 0
235 37704379 0 0 0 0 0 0 0 0 0 0 0 0
238 25463610 2 2 0 0 0 0 0 0 5092373 1806399 0 0
240 91900 0 0 0 0 0 0 0 0 0 0 0 0
241 91900 0 0 0 0 0 0 0 0 0 0 0 0
243 45950 0 0 0 0 0 0 0 0 0 0 0 0
262 6791828 0 0 6791828 86281 6 0 0 0 0 0 0 0
265 10187742 0 0 0 0 0 0 0 0 0 0 0 0
328 9549788 0 0 0 0 0 0 0 0 4774894 1156 0 0
332 3395914 0 0 0 0 0 0 0 0 0 0 0 0
fn=TestSolution::Sift::Solution::SelectNeighbors_(StackHeap<std::pair<float, int>, 501, std::less<std::pair<float, int> > >&, std::vector<int, std::allocator<int> >&)
328 6786940 0 0 0 0 0 0 0 0 3393470 21 0 0
fn=void std::pop_heap<std::pair<float, int>*, std::less<std::pair<float, int> > >(std::pair<float, int>*, std::pair<float, int>*, std::less<std::pair<float, int> >) [clone .part.0]
139 22887381 0 0 0 0 0 0 0 0 0 0 0 0
140 29838424 1 1 0 0 0 0 0 0 6745058 2823 0 0
142 2284087 0 0 0 0 0 0 0 0 0 0 0 0
144 15988609 0 0 0 0 0 0 0 0 0 0 0 0
146 4749427 0 0 0 0 0 0 0 0 0 0 0 0
229 168249210 0 0 0 0 0 0 0 0 69844075 21079797 0 0
231 65101796 1 1 0 0 0 0 0 0 0 0 0 0
232 65101796 0 0 0 0 0 0 0 0 0 0 0 0
233 32550898 0 0 0 0 0 0 0 0 0 0 0 0
234 15127382 0 0 0 0 0 0 0 0 0 0 0 0
235 47678280 0 0 0 0 0 0 0 0 0 0 0 0
238 40499901 2 2 0 0 0 0 0 0 7821300 2029583 0 0
240 582526 0 0 0 0 0 0 0 0 0 0 0 0
241 582526 0 0 0 0 0 0 0 0 0 0 0 0
243 291263 0 0 0 0 0 0 0 0 0 0 0 0
262 9519516 0 0 9519516 21000 1 0 0 0 0 0 0 0
265 14279274 1 1 0 0 0 0 0 0 0 0 0 0
317 4759758 0 0 0 0 0 4759758 0 0 0 0 0 0
332 4759758 0 0 0 0 0 0 0 0 0 0 0 0
335 9519516 0 0 9519516 2 0 0 0 0 0 0 0 0
fl=/usr/include/c++/13/bits/stl_iterator.h
fn=TestSolution::Sift::Solution::Build(std::vector<float, std::allocator<float> > const&)
1077 1 0 0 1 0 0 0 0 0 0 0 0 0
fn=TestSolution::Sift::Solution::Insert_(int, std::vector<std::vector<std::vector<int, std::allocator<int> >, std::allocator<std::vector<int, std::allocator<int> > > >, std::allocator<std::vector<std::vector<int, std::allocator<int> >, std::allocator<std::vector<int, std::allocator<int> > > > > >&, std::vector<std::mutex, std::allocator<std::mutex> >&)
1077 94146 1 1 79190 34244 0 14956 0 0 0 0 0 0
1111 3424 0 0 0 0 0 0 0 0 0 0 0 0
fn=TestSolution::Sift::Solution::SearchLayerFP_(float const*, int, int, int, std::vector<std::vector<std::vector<int, std::allocator<int> >, std::allocator<std::vector<int, std::allocator<int> > > >, std::allocator<std::vector<std::vector<int, std::allocator<int> >, std::allocator<std::vector<int, std::allocator<int> > > > > > const&, std::vector<std::mutex, std::allocator<std::mutex> >&, TestSolution::Sift::Solution::VisitedList&)
1077 6796392 0 0 6796392 3299715 0 0 0 0 0 0 0 0
fn=TestSolution::Sift::Solution::SelectNeighbors_(StackHeap<std::pair<float, int>, 501, std::less<std::pair<float, int> > >&, std::vector<int, std::allocator<int> >&)
1077 14956 1 1 7478 0 0 7478 0 0 0 0 0 0
fn=load_labels(global::DataSetInfo const&)
1077 101 0 0 101 0 0 0 0 0 0 0 0 0
fn=load_samples(global::DataSetInfo const&)
1077 104 0 0 104 38 0 0 0 0 0 0 0 0
fn=std::__format::_Sink_iter<char> std::__format::__write<std::__format::_Sink_iter<char>, char>(std::__format::_Sink_iter<char>, std::basic_string_view<char, std::char_traits<char> >)
1143 3 0 0 3 0 0 0 0 0 0 0 0 0
1337 9 0 0 6 0 0 0 0 0 0 0 0 0
fn=std::vector<std::vector<int, std::allocator<int> >, std::allocator<std::vector<int, std::allocator<int> > > >::vector(unsigned long, std::vector<int, std::allocator<int> > const&, std::allocator<std::vector<int, std::allocator<int> > > const&)
1077 300 0 0 300 0 0 0 0 0 0 0 0 0
fn=std::vformat[abi:cxx11](std::basic_string_view<char, std::char_traits<char> >, std::basic_format_args<std::basic_format_context<std::__format::_Sink_iter<char>, char> >)
1077 1 0 0 1 0 0 0 0 0 0 0 0 0
fl=/usr/include/c++/13/bits/stl_pair.h
fn=TestSolution::Sift::Solution::Insert_(int, std::vector<std::vector<std::vector<int, std::allocator<int> >, std::allocator<std::vector<int, std::allocator<int> > > >, std::allocator<std::vector<std::vector<int, std::allocator<int> >, std::allocator<std::vector<int, std::allocator<int> > > > > >&, std::vector<std::mutex, std::allocator<std::mutex> >&)
420 3478 1 1 0 0 0 3478 0 0 0 0 0 0
421 3532 1 1 54 0 0 3478 1 0 0 0 0 0
427 203 0 0 0 0 0 0 0 0 0 0 0 0
431 3726 0 0 0 0 0 3726 0 0 0 0 0 0
432 3974 0 0 248 0 0 3726 0 0 0 0 0 0
fn=TestSolution::Sift::Solution::SearchLayerFP_(float const*, int, int, int, std::vector<std::vector<std::vector<int, std::allocator<int> >, std::allocator<std::vector<int, std::allocator<int> > > >, std::allocator<std::vector<std::vector<int, std::allocator<int> >, std::allocator<std::vector<int, std::allocator<int> > > > > > const&, std::vector<std::mutex, std::allocator<std::mutex> >&, TestSolution::Sift::Solution::VisitedList&)
420 9544354 0 0 0 0 0 9544354 0 0 0 0 0 0
421 9544354 2 2 0 0 0 9544354 754819 65 0 0 0 0
427 10904710 0 0 0 0 0 0 0 0 0 0 0 0
431 69288134 0 0 12814253 876 0 53077967 0 0 0 0 0 0
432 89827949 4 4 36749982 2 0 53077967 3 0 0 0 0 0
fn=void std::pop_heap<std::pair<float, int>*, std::less<std::pair<float, int> > >(std::pair<float, int>*, std::pair<float, int>*, std::less<std::pair<float, int> >) [clone .part.0]
431 64824167 0 0 20178403 15366 3 44645764 0 0 0 0 0 0
432 84522774 1 1 39877010 1 0 44645764 1 0 0 0 0 0
fl=/usr/include/c++/13/bits/stl_uninitialized.h
fn=TestSolution::Sift::Solution::Build(std::vector<float, std::allocator<float> > const&)
642 30001 1 1 0 0 0 0 0 0 10000 8 0 0
1103 8 0 0 6 0 0 0 0 0 0 0 0 0
1104 168 0 0 16 0 0 0 0 0 37 18 0 0
fn=TestSolution::Sift::Solution::Insert_(int, std::vector<std::vector<std::vector<int, std::allocator<int> >, std::allocator<std::vector<int, std::allocator<int> > > >, std::allocator<std::vector<std::vector<int, std::allocator<int> >, std::allocator<std::vector<int, std::allocator<int> > > > > >&, std::vector<std::mutex, std::allocator<std::mutex> >&)
1119 21754 0 0 0 0 0 0 0 0 10877 6 0 0
1131 43484 0 0 10871 0 0 10871 0 0 0 0 0 0
fn=load_base(global::DataSetInfo const&)
667 1 0 0 0 0 0 0 0 0 0 0 0 0
fn=load_labels(global::DataSetInfo const&)
263 1 0 0 0 0 0 0 0 0 0 0 0 0
266 300 0 0 0 0 0 0 0 0 100 3 0 0
fn=load_samples(global::DataSetInfo const&)
263 1 0 0 0 0 0 0 0 0 0 0 0 0
266 300 0 0 0 0 0 0 0 0 100 1 0 0
667 2 0 0 0 0 0 1 0 0 0 0 0 0
fn=std::vector<TestSolution::Sift::Solution::Node, std::allocator<TestSolution::Sift::Solution::Node> >::_M_default_append(unsigned long)
667 1 1 1 0 0 0 0 0 0 0 0 0 0
668 1 0 0 0 0 0 0 0 0 0 0 0 0
1119 2 0 0 0 0 0 0 0 0 1 0 0 0
fn=std::vector<std::vector<int, std::allocator<int> >, std::allocator<std::vector<int, std::allocator<int> > > >::_M_default_append(unsigned long)
642 61002 1 1 0 0 0 0 0 0 10334 342 0 0
1103 10000 0 0 0 0 0 0 0 0 0 0 0 0
1104 30000 0 0 0 0 0 0 0 0 10000 9 0 0
fn=std::vector<std::vector<int, std::allocator<int> >, std::allocator<std::vector<int, std::allocator<int> > > >::vector(unsigned long, std::vector<int, std::allocator<int> > const&, std::allocator<std::vector<int, std::allocator<int> > > const&)
263 2 0 0 0 0 0 0 0 0 0 0 0 0
266 300 0 0 0 0 0 0 0 0 100 1 0 0
fl=/usr/include/c++/13/bits/stl_vector.h
fn=TestSolution::Glove::Solution::Solution()
100 8 0 0 0 0 0 7 1 0 0 0 0 0
fn=TestSolution::Sift::Solution::Build(std::vector<float, std::allocator<float> > const&)
100 20007 1 1 0 0 0 20004 3751 3750 0 0 0 0
381 12 0 0 0 0 0 0 0 0 6 4 0 0
389 18 1 1 6 0 0 0 0 0 6 2 0 0
398 2 0 0 0 0 0 2 0 0 0 0 0 0
400 4 1 1 0 0 0 2 0 0 0 0 0 0
993 60039 1 1 20004 2502 0 12 0 0 0 0 0 0
1015 20002 0 0 0 0 0 0 0 0 10001 8 0 0
1016 40004 3 3 0 0 0 10001 1 0 1 0 0 0
1129 40000 0 0 20000 0 0 0 0 0 0 0 0 0
1717 2 0 0 0 0 0 2 2 0 0 0 0 0
1898 18 0 0 0 0 0 0 0 0 6 0 0 0
1901 10 0 0 0 0 0 5 0 0 0 0 0 0
1902 34 2 2 0 0 0 6 0 0 5 0 0 0
1909 6 1 1 0 0 0 0 0 0 2 0 0 0
1939 10000 1 1 10000 0 0 0 0 0 0 0 0 0
fn=TestSolution::Sift::Solution::Insert_(int, std::vector<std::vector<std::vector<int, std::allocator<int> >, std::allocator<std::vector<int, std::allocator<int> > > >, std::allocator<std::vector<std::vector<int, std::allocator<int> >, std::allocator<std::vector<int, std::allocator<int> > > > > >&, std::vector<std::mutex, std::allocator<std::mutex> >&)
370 14956 0 0 7478 14 0 0 0 0 0 0 0 0
378 10871 0 0 0 0 0 0 0 0 0 0 0 0
381 32613 0 0 0 0 0 0 0 0 10871 0 0 0
389 22446 2 2 7484 0 0 0 0 0 7484 1 0 0
993 1166080 2 2 367076 179382 1 72091 0 0 0 0 0 0
1036 36 0 0 0 0 0 0 0 0 18 2 0 0
1037 108 1 1 18 0 0 18 0 0 0 0 0 0
1126 7478 0 0 7478 7270 3 0 0 0 0 0 0 0
1129 1282809 4 4 573148 14592 287 115759 5 0 0 0 0 0
1283 154346 1 1 78885 14716 0 0 0 0 75461 12538 0 0
1288 129168 0 0 0 0 0 64584 0 0 0 0 0 0
1901 6 1 1 0 0 0 0 0 0 0 0 0 0
1935 162 0 0 54 0 0 0 0 0 54 0 0 0
1939 54 0 0 0 0 0 54 0 0 0 0 0 0
fn=TestSolution::Sift::Solution::SearchLayerFP_(float const*, int, int, int, std::vector<std::vector<std::vector<int, std::allocator<int> >, std::allocator<std::vector<int, std::allocator<int> > > >, std::allocator<std::vector<std::vector<int, std::allocator<int> >, std::allocator<std::vector<int, std::allocator<int> > > > > > const&, std::vector<std::mutex, std::allocator<std::mutex> >&, TestSolution::Sift::Solution::VisitedList&)
993 20404166 1 1 6796392 3614062 68 7495 0 0 0 0 0 0
1129 173974453 0 0 81889943 115 4 10194567 0 0 0 0 0 0
1148 20419156 1 1 10194588 94 2 7495 0 0 0 0 0 0
fn=TestSolution::Sift::Solution::SelectNeighbors_(StackHeap<std::pair<float, int>, 501, std::less<std::pair<float, int> > >&, std::vector<int, std::allocator<int> >&)
370 22434 0 0 14956 0 0 0 0 0 0 0 0 0
389 14956 1 1 7478 0 0 0 0 0 7478 0 0 0
993 20344650 0 0 10172325 7 0 3390775 0 0 0 0 0 0
1283 13790153 1 1 6931122 2 0 0 0 0 3465561 3 0 0
1288 6931122 1 1 0 0 0 3465561 0 0 0 0 0 0
fn=TestSolution::Sift::Solution::Solution()
100 8 1 1 0 0 0 7 1 0 0 0 0 0
fn=load_base(global::DataSetInfo const&)
100 3 1 1 0 0 0 2 0 0 0 0 0 0
381 2 0 0 0 0 0 0 0 0 1 0 0 0
398 1 0 0 0 0 0 1 0 0 0 0 0 0
400 4 0 0 0 0 0 1 0 0 0 0 0 0
1717 1 0 0 0 0 0 1 1 0 0 0 0 0
1909 3 0 0 0 0 0 0 0 0 1 0 0 0
fn=load_labels(global::DataSetInfo const&)
100 305 0 0 0 0 0 203 38 36 0 0 0 0
381 2 0 0 0 0 0 0 0 0 1 0 0 0
398 105 1 1 0 0 0 102 0 0 0 0 0 0
400 204 1 1 0 0 0 102 0 0 0 0 0 0
605 100 0 0 0 0 0 100 0 0 0 0 0 0
1706 1 1 1 0 0 0 1 0 0 0 0 0 0
1717 1 0 0 0 0 0 1 0 0 0 0 0 0
1909 3 0 0 0 0 0 0 0 0 1 0 0 0
fn=load_samples(global::DataSetInfo const&)
100 306 2 2 1 0 0 203 39 37 0 0 0 0
381 205 1 1 101 0 0 0 0 0 102 5 0 0
389 2 0 0 0 0 0 0 0 0 1 0 0 0
398 106 0 0 1 0 0 102 0 0 0 0 0 0
400 206 1 1 0 0 0 104 0 0 0 0 0 0
605 100 0 0 0 0 0 100 0 0 0 0 0 0
993 2 0 0 1 0 0 0 0 0 0 0 0 0
1706 2 1 1 1 0 0 1 1 0 0 0 0 0
1717 2 0 0 1 0 0 1 0 0 0 0 0 0
1909 5 0 0 0 0 0 0 0 0 2 0 0 0
fn=run(global::DataSetInfo const&)
100 2 1 1 0 0 0 1 0 0 0 0 0 0
398 1 0 0 0 0 0 1 0 0 0 0 0 0
400 2 1 1 0 0 0 1 0 0 0 0 0 0
1717 1 0 0 0 0 0 1 0 0 0 0 0 0
fn=std::vector<TestSolution::Sift::Solution::Node, std::allocator<TestSolution::Sift::Solution::Node> >::_M_default_append(unsigned long)
389 2 1 1 0 0 0 0 0 0 1 0 0 0
993 6 0 0 2 0 0 0 0 0 0 0 0 0
1898 2 0 0 0 0 0 0 0 0 1 0 0 0
1901 2 1 1 0 0 0 1 0 0 0 0 0 0
1902 4 1 1 1 0 0 0 0 0 0 0 0 0
fn=std::vector<float, std::allocator<float> >::operator=(std::vector<float, std::allocator<float> > const&) [clone .isra.0]
389 2 0 0 0 0 0 0 0 0 1 1 0 0
993 4 0 0 2 0 0 0 0 0 0 0 0 0
1080 3 0 0 2 0 0 0 0 0 0 0 0 0
fn=std::vector<int, std::allocator<int> >::operator=(std::vector<int, std::allocator<int> > const&) [clone .isra.0]
389 14950 0 0 0 0 0 0 0 0 7475 15 0 0
993 29921 0 0 14959 0 0 0 0 0 0 0 0 0
1080 22434 0 0 14956 9943 0 0 0 0 0 0 0 0
fn=std::vector<std::vector<int, std::allocator<int> >, std::allocator<std::vector<int, std::allocator<int> > > >::_M_default_append(unsigned long)
100 30668 0 0 0 0 0 20668 3 2 0 0 0 0
389 20000 0 0 0 0 0 0 0 0 10000 7 0 0
993 70000 1 1 20000 0 0 0 0 0 0 0 0 0
1898 20000 0 0 0 0 0 0 0 0 10000 0 0 0
1901 10000 0 0 0 0 0 0 0 0 0 0 0 0
1902 30000 0 0 0 0 0 0 0 0 0 0 0 0
fn=std::vector<std::vector<int, std::allocator<int> >, std::allocator<std::vector<int, std::allocator<int> > > >::vector(unsigned long, std::vector<int, std::allocator<int> > const&, std::allocator<std::vector<int, std::allocator<int> > > const&)
100 305 2 2 1 0 0 202 0 0 0 0 0 0
381 302 0 0 0 0 0 0 0 0 101 3 0 0
398 304 0 0 1 0 0 101 0 0 0 0 0 0
400 202 0 0 0 0 0 101 0 0 0 0 0 0
569 10 1 1 0 0 0 8 0 0 0 0 0 0
572 8 0 0 7 0 0 0 0 0 0 0 0 0
993 3 1 1 3 0 0 0 0 0 0 0 0 0
1706 2 1 1 1 0 0 1 0 0 0 0 0 0
1909 3 0 0 0 0 0 0 0 0 1 0 0 0
fn=std::vector<unsigned short, std::allocator<unsigned short> >::_M_fill_insert(__gnu_cxx::__normal_iterator<unsigned short*, std::vector<unsigned short, std::allocator<unsigned short> > >, unsigned long, unsigned short const&)
389 36 0 0 0 0 0 0 0 0 18 0 0 0
993 72 0 0 0 0 0 0 0 0 0 0 0 0
1898 72 0 0 0 0 0 0 0 0 18 0 0 0
1901 18 0 0 0 0 0 0 0 0 0 0 0 0
1902 54 1 1 0 0 0 0 0 0 0 0 0 0
fl=/usr/include/c++/13/bits/string_view.tcc
fn=std::__format::_Scanner<char>::_M_scan()
84 6 0 0 0 0 0 1 0 0 2 1 0 0
88 6 0 0 2 0 0 0 0 0 2 2 0 0
89 10 0 0 0 0 0 0 0 0 0 0 0 0
fl=/usr/include/c++/13/bits/unique_ptr.h
fn=TestSolution::Sift::Solution::Build(std::vector<float, std::allocator<float> > const&)
176 18 1 1 0 0 0 18 0 0 0 0 0 0
403 54 0 0 18 0 0 0 0 0 18 0 0 0
fl=/usr/include/c++/13/bits/vector.tcc
fn=TestSolution::Sift::Solution::Build(std::vector<float, std::allocator<float> > const&)
114 53 2 2 17 0 0 0 0 0 18 7 0 0
119 24 0 0 0 0 0 12 5 0 0 0 0 0
445 6 0 0 6 0 0 0 0 0 0 0 0 0
468 18 0 0 12 0 0 0 0 0 0 0 0 0
483 6 0 0 0 0 0 0 0 0 0 0 0 0
520 10 0 0 0 0 0 0 0 0 0 0 0 0
521 12 0 0 6 0 0 6 0 0 0 0 0 0
522 6 1 1 0 0 0 6 1 0 0 0 0 0
523 18 0 0 6 0 0 6 0 0 0 0 0 0
fn=TestSolution::Sift::Solution::Insert_(int, std::vector<std::vector<std::vector<int, std::allocator<int> >, std::allocator<std::vector<int, std::allocator<int> > > >, std::allocator<std::vector<std::vector<int, std::allocator<int> >, std::allocator<std::vector<int, std::allocator<int> > > > > >&, std::vector<std::mutex, std::allocator<std::mutex> >&)
96 22434 1 1 0 0 0 7478 0 0 0 0 0 0
98 14956 0 0 0 0 0 7478 0 0 0 0 0 0
483 10877 0 0 0 0 0 0 0 0 0 0 0 0
520 69102 1 1 34551 0 0 0 0 0 0 0 0 0
521 10877 0 0 0 0 0 10877 0 0 0 0 0 0
522 10877 0 0 0 0 0 10877 0 0 0 0 0 0
523 32631 0 0 0 0 0 10877 0 0 0 0 0 0
fn=TestSolution::Sift::Solution::SelectNeighbors_(StackHeap<std::pair<float, int>, 501, std::less<std::pair<float, int> > >&, std::vector<int, std::allocator<int> >&)
70 22434 1 1 0 0 0 0 0 0 7478 1 0 0
96 22434 1 1 0 0 0 7478 0 0 0 0 0 0
98 14956 0 0 0 0 0 7478 0 0 0 0 0 0
fn=std::vector<TestSolution::Sift::Solution::Node, std::allocator<TestSolution::Sift::Solution::Node> >::_M_default_append(unsigned long)
634 10 2 2 0 0 0 6 0 0 0 0 0 0
637 2 0 0 0 0 0 0 0 0 1 0 0 0
641 3 0 0 1 1 0 0 0 0 0 0 0 0
643 2 0 0 0 0 0 0 0 0 0 0 0 0
646 2 0 0 0 0 0 0 0 0 1 0 0 0
668 1 0 0 0 0 0 0 0 0 0 0 0 0
705 1 0 0 0 0 0 1 1 0 0 0 0 0
706 4 0 0 1 1 0 1 0 0 0 0 0 0
707 2 0 0 0 0 0 1 1 0 0 0 0 0
710 8 0 0 7 1 0 0 0 0 0 0 0 0
fn=std::vector<float, std::allocator<float> >::operator=(std::vector<float, std::allocator<float> > const&) [clone .isra.0]
210 7 0 0 0 0 0 4 0 0 0 0 0 0
213 2 1 1 0 0 0 0 0 0 1 0 0 0
236 2 1 1 0 0 0 0 0 0 1 1 0 0
244 1 0 0 1 1 0 0 0 0 0 0 0 0
245 1 0 0 0 0 0 1 0 0 0 0 0 0
246 2 0 0 0 0 0 1 0 0 0 0 0 0
262 1 1 1 0 0 0 1 0 0 0 0 0 0
265 6 0 0 5 1 0 0 0 0 0 0 0 0
fn=std::vector<int, std::allocator<int> >::operator=(std::vector<int, std::allocator<int> > const&) [clone .isra.0]
210 52346 0 0 0 0 0 29912 0 0 0 0 0 0
213 14956 1 1 0 0 0 0 0 0 7478 57 0 0
236 14956 0 0 0 0 0 0 0 0 7478 118 0 0
244 7481 1 1 7478 0 0 0 0 0 0 0 0 0
245 7475 0 0 0 0 0 7475 0 0 0 0 0 0
246 14950 0 0 0 0 0 7475 0 0 0 0 0 0
248 6 1 1 0 0 0 0 0 0 3 3 0 0
262 7484 0 0 3 0 0 7478 0 0 0 0 0 0
265 44868 0 0 37390 0 0 0 0 0 0 0 0 0
fn=std::vector<std::vector<int, std::allocator<int> >, std::allocator<std::vector<int, std::allocator<int> > > >::_M_default_append(unsigned long)
634 90000 2 2 0 0 0 60000 1 0 0 0 0 0
637 20000 0 0 0 0 0 0 0 0 10000 0 0 0
641 50000 0 0 10000 1250 0 0 0 0 0 0 0 0
643 20000 1 1 0 0 0 0 0 0 0 0 0 0
646 20000 0 0 0 0 0 0 0 0 10000 2 0 0
668 10000 0 0 0 0 0 0 0 0 0 0 0 0
705 10000 0 0 0 0 0 10000 0 0 0 0 0 0
706 30000 1 1 0 0 0 10000 0 0 0 0 0 0
707 20000 0 0 0 0 0 10000 0 0 0 0 0 0
710 80000 0 0 70000 0 0 0 0 0 0 0 0 0
fn=std::vector<unsigned short, std::allocator<unsigned short> >::_M_fill_insert(__gnu_cxx::__normal_iterator<unsigned short*, std::vector<unsigned short, std::allocator<unsigned short> > >, unsigned long, unsigned short const&)
529 216 1 1 0 0 0 108 0 0 0 0 0 0
532 36 0 0 0 0 0 0 0 0 18 0 0 0
534 36 0 0 0 0 0 0 0 0 18 0 0 0
535 72 1 1 36 0 0 0 0 0 0 0 0 0
580 18 0 0 18 0 0 0 0 0 0 0 0 0
586 36 0 0 0 0 0 0 0 0 0 0 0 0
592 54 0 0 36 0 0 0 0 0 0 0 0 0
601 36 1 1 0 0 0 0 0 0 0 0 0 0
623 18 0 0 0 0 0 18 0 0 0 0 0 0
624 18 0 0 0 0 0 18 0 0 0 0 0 0
625 54 1 1 18 0 0 18 0 0 0 0 0 0
628 144 0 0 126 0 0 0 0 0 0 0 0 0
fl=/usr/include/c++/13/compare
fn=TestSolution::Sift::Solution::Insert_(int, std::vector<std::vector<std::vector<int, std::allocator<int> >, std::allocator<std::vector<int, std::allocator<int> > > >, std::allocator<std::vector<std::vector<int, std::allocator<int> >, std::allocator<std::vector<int, std::allocator<int> > > > > >&, std::vector<std::mutex, std::allocator<std::mutex> >&)
1223 18195 2 2 3639 0 0 0 0 0 10917 228 0 0
fn=TestSolution::Sift::Solution::SearchLayerFP_(float const*, int, int, int, std::vector<std::vector<std::vector<int, std::allocator<int> >, std::allocator<std::vector<int, std::allocator<int> > > >, std::allocator<std::vector<std::vector<int, std::allocator<int> >, std::allocator<std::vector<int, std::allocator<int> > > > > > const&, std::vector<std::mutex, std::allocator<std::mutex> >&, TestSolution::Sift::Solution::VisitedList&)
1223 222532917 1 1 74439775 2496691 199 0 0 0 123505420 9751426 0 0
fn=void std::pop_heap<std::pair<float, int>*, std::less<std::pair<float, int> > >(std::pair<float, int>*, std::pair<float, int>*, std::less<std::pair<float, int> >) [clone .part.0]
1223 165476426 0 0 72170463 1504932 132 0 0 0 86237296 1898314 0 0
fl=/usr/include/c++/13/format
fn=decltype(auto) std::basic_format_arg<std::basic_format_context<std::__format::_Sink_iter<char>, char> >::_M_visit<std::__format::_Formatting_scanner<std::__format::_Sink_iter<char>, char>::_M_format_arg(unsigned long)::{lambda(auto:1&)#1}>(std::__format::_Formatting_scanner<std::__format::_Sink_iter<char>, char>::_M_format_arg(unsigned long)::{lambda(auto:1&)#1}&&, std::__format::_Arg_t)
218 2 0 0 2 0 0 0 0 0 0 0 0 0
219 1 0 0 0 0 0 1 0 0 0 0 0 0
822 1 0 0 1 0 0 0 0 0 0 0 0 0
827 2 1 1 1 0 0 0 0 0 1 1 0 0
829 3 0 0 0 0 0 1 0 0 0 0 0 0
1991 3 0 0 0 0 0 1 0 0 0 0 0 0
3124 11 1 1 1 0 0 5 0 0 0 0 0 0
3127 5 0 0 1 1 1 0 0 0 0 0 1 1
3185 9 0 0 7 0 0 0 0 0 1 0 0 0
3488 1 1 1 1 0 0 0 0 0 0 0 0 0
3490 1 1 1 0 0 0 1 0 0 0 0 0 0
3657 2 0 0 0 0 0 1 0 0 0 0 0 0
3658 2 1 1 1 0 0 0 0 0 0 0 0 0
3659 2 0 0 2 0 0 0 0 0 0 0 0 0
fn=run(global::DataSetInfo const&)
3394 2 1 1 0 0 0 1 0 0 0 0 0 0
3822 8 0 0 0 0 0 4 0 0 0 0 0 0
fn=std::__format::_Formatting_scanner<std::__format::_Sink_iter<char>, char>::_M_format_arg(unsigned long)
2910 2 0 0 1 0 0 1 0 0 0 0 0 0
3192 5 1 1 1 0 0 1 0 0 0 0 0 0
3280 4 2 2 1 0 0 0 0 0 0 0 0 0
3281 2 0 0 0 0 0 0 0 0 0 0 0 0
3305 6 0 0 1 0 0 0 0 0 1 1 0 0
3308 4 0 0 2 0 0 1 0 0 0 0 0 0
3643 6 1 1 1 0 0 1 0 0 0 0 0 0
3648 3 0 0 0 0 0 3 0 0 0 0 0 0
3663 1 0 0 1 0 0 0 0 0 0 0 0 0
3664 5 0 0 3 0 0 0 0 0 1 0 0 0
fn=std::__format::_Formatting_scanner<std::__format::_Sink_iter<char>, char>::_M_on_chars(char const*)
214 2 0 0 2 0 0 0 0 0 0 0 0 0
3490 2 0 0 0 0 0 2 0 0 0 0 0 0
3636 4 1 1 0 0 0 2 0 0 0 0 0 0
3639 4 0 0 2 0 0 2 0 0 0 0 0 0
3640 4 0 0 4 0 0 0 0 0 0 0 0 0
fn=std::__format::_Scanner<char>::_M_scan()
214 2 0 0 2 0 0 0 0 0 0 0 0 0
215 4 1 1 3 0 0 0 0 0 0 0 0 0
219 4 0 0 1 0 0 3 0 0 0 0 0 0
224 2 1 1 1 0 0 0 0 0 1 0 0 0
226 1 0 0 0 0 0 1 0 0 0 0 0 0
233 4 1 1 1 0 0 1 0 0 0 0 0 0
3518 9 1 1 0 0 0 6 0 0 0 0 0 0
3522 2 0 0 0 0 0 0 0 0 1 0 0 0
3534 5 1 1 0 0 0 0 0 0 2 0 0 0
3537 4 0 0 2 0 0 1 0 0 0 0 1 1
3543 1 0 0 0 0 0 0 0 0 0 0 0 0
3544 5 0 0 1 0 0 0 0 0 2 0 0 0
3546 3 0 0 0 0 0 0 0 0 0 0 0 0
3547 2 0 0 1 0 0 0 0 0 0 0 0 0
3548 4 0 0 2 1 0 1 0 0 0 0 1 1
3549 1 1 1 0 0 0 0 0 0 0 0 0 0
3551 2 0 0 0 0 0 0 0 0 1 0 0 0
3578 8 0 0 7 0 0 0 0 0 0 0 0 0
3591 3 0 0 1 0 0 0 0 0 1 1 0 0
3611 3 1 1 2 0 0 1 0 0 0 0 1 1
3612 4 0 0 1 0 0 0 0 0 2 0 0 0
3614 1 0 0 0 0 0 0 0 0 0 0 0 0
fn=std::__format::_Sink_iter<char> std::__format::__write<std::__format::_Sink_iter<char>, char>(std::__format::_Sink_iter<char>, std::basic_string_view<char, std::char_traits<char> >)
594 21 1 1 0 0 0 12 0 0 0 0 0 0
598 6 0 0 0 0 0 0 0 0 3 3 0 0
605 21 0 0 15 0 0 0 0 0 0 0 0 0
2459 6 0 0 0 0 0 0 0 0 3 3 0 0
fn=std::__format::__formatter_str<char>::parse(std::basic_format_parse_context<char>&)
214 1 0 0 1 0 0 0 0 0 0 0 0 0
215 1 0 0 1 0 0 0 0 0 0 0 0 0
767 11 2 2 1 0 0 6 0 0 0 0 0 0
771 2 0 0 0 0 0 1 0 0 0 0 0 0
774 4 1 1 2 0 0 2 0 0 0 0 0 0
778 5 0 0 1 0 0 0 0 0 2 1 0 0
787 1 1 1 0 0 0 0 0 0 0 0 0 0
815 11 0 0 8 0 0 0 0 0 1 0 0 0
fn=std::vformat[abi:cxx11](std::basic_string_view<char, std::char_traits<char> >, std::basic_format_args<std::basic_format_context<std::__format::_Sink_iter<char>, char> >)
208 4 1 1 1 1 1 3 0 0 0 0 0 0
691 2 0 0 0 0 0 2 0 0 0 0 0 0
725 2 0 0 1 0 0 0 0 0 1 0 0 0
2417 7 2 2 0 0 0 4 0 0 0 0 0 0
2436 3 0 0 2 0 0 1 0 0 0 0 0 0
2527 5 0 0 0 0 0 1 0 0 0 0 0 0
2538 3 1 1 1 0 0 0 0 0 1 1 0 0
2587 8 0 0 0 0 0 4 0 0 0 0 0 0
3456 3 1 1 0 0 0 3 0 0 0 0 0 0
3627 4 0 0 0 0 0 2 0 0 0 0 0 0
3730 2 0 0 0 0 0 1 0 0 0 0 0 0
3785 12 2 2 1 0 0 6 0 0 0 0 0 0
3789 11 1 1 8 0 0 0 0 0 1 0 0 0
fl=/usr/include/c++/13/fstream
fn=load_base(global::DataSetInfo const&)
256 2 0 0 0 0 0 1 0 0 0 0 0 0
259 4 1 1 0 0 0 2 0 0 0 0 0 0
339 4 0 0 1 0 0 1 0 0 0 0 0 0
571 7 1 1 0 0 0 3 0 0 0 0 0 0
573 3 0 0 1 0 0 1 0 0 0 0 0 0
607 4 0 0 0 0 0 2 0 0 0 0 0 0
706 2 0 0 0 0 0 0 0 0 1 0 0 0
711 2 1 1 0 0 0 1 0 0 0 0 0 0
739 4 0 0 0 0 0 1 0 0 1 0 0 0
740 3 0 0 2 1 0 0 0 0 0 0 0 0
fn=load_labels(global::DataSetInfo const&)
256 2 0 0 1 0 0 1 0 0 0 0 0 0
259 4 1 1 0 0 0 2 0 0 0 0 0 0
339 4 0 0 1 0 0 1 0 0 0 0 0 0
571 9 1 1 0 0 0 4 0 0 0 0 0 0
573 3 0 0 0 0 0 1 0 0 0 0 0 0
607 4 0 0 0 0 0 2 0 0 0 0 0 0
706 2 0 0 0 0 0 0 0 0 1 0 0 0
711 2 0 0 0 0 0 1 0 0 0 0 0 0
739 4 0 0 1 0 0 1 0 0 1 0 0 0
740 3 1 1 2 0 0 0 0 0 0 0 0 0
fn=load_samples(global::DataSetInfo const&)
256 2 1 1 1 0 0 1 0 0 0 0 0 0
259 4 0 0 0 0 0 2 0 0 0 0 0 0
339 4 0 0 1 0 0 1 0 0 0 0 0 0
571 9 1 1 0 0 0 4 0 0 0 0 0 0
573 3 0 0 0 0 0 1 0 0 0 0 0 0
607 4 0 0 0 0 0 2 0 0 0 0 0 0
706 2 0 0 0 0 0 0 0 0 1 0 0 0
711 2 1 1 0 0 0 1 0 0 0 0 0 0
739 4 0 0 1 1 0 1 0 0 1 0 0 0
740 3 0 0 2 0 0 0 0 0 0 0 0 0
fl=/usr/include/c++/13/istream
fn=load_base(global::DataSetInfo const&)
106 5 1 1 2 2 0 3 0 0 0 0 0 0
217 3840000 1 1 0 0 0 1280000 0 0 0 0 0 0
697 6 0 0 3 2 0 3 0 0 0 0 0 0
698 5 0 0 1 0 0 1 0 0 0 0 0 0
fn=load_labels(global::DataSetInfo const&)
106 6 1 1 3 0 0 3 0 0 0 0 0 0
193 3000 0 0 0 0 0 1000 0 0 0 0 0 0
697 6 1 1 3 0 0 3 0 0 0 0 0 0
698 5 0 0 2 0 0 1 0 0 0 0 0 0
fn=load_samples(global::DataSetInfo const&)
106 6 0 0 3 2 0 3 0 0 0 0 0 0
217 38400 0 0 0 0 0 12800 0 0 0 0 0 0
697 6 1 1 3 0 0 3 0 0 0 0 0 0
698 5 1 1 2 0 0 1 0 0 0 0 0 0
fl=/usr/include/c++/13/ostream
fn=run(global::DataSetInfo const&)
667 4 0 0 0 0 0 1 0 0 0 0 0 0
fl=/usr/include/c++/13/span
fn=std::__format::_Sink_iter<char> std::__format::__write<std::__format::_Sink_iter<char>, char>(std::__format::_Sink_iter<char>, std::basic_string_view<char, std::char_traits<char> >)
425 12 1 1 3 0 0 0 0 0 0 0 0 0
fl=/usr/include/c++/13/streambuf
fn=load_base(global::DataSetInfo const&)
205 4 0 0 0 0 0 2 0 0 0 0 0 0
fn=load_labels(global::DataSetInfo const&)
205 4 0 0 0 0 0 2 0 0 0 0 0 0
fn=load_samples(global::DataSetInfo const&)
205 4 1 1 0 0 0 2 0 0 0 0 0 0
fl=/usr/include/c++/13/string_view
fn=std::__format::_Formatting_scanner<std::__format::_Sink_iter<char>, char>::_M_on_chars(char const*)
155 2 0 0 2 0 0 0 0 0 0 0 0 0
157 2 0 0 0 0 0 0 0 0 0 0 0 0
fn=std::__format::_Scanner<char>::_M_scan()
157 2 1 1 0 0 0 0 0 0 0 0 0 0
fn=std::vformat[abi:cxx11](std::basic_string_view<char, std::char_traits<char> >, std::basic_format_args<std::basic_format_context<std::__format::_Sink_iter<char>, char> >)
193 2 0 0 0 0 0 1 0 0 0 0 0 0
fl=/usr/include/c++/13/tuple
fn=TestSolution::Sift::Solution::Build(std::vector<float, std::allocator<float> > const&)
201 66 0 0 0 0 0 54 0 0 0 0 0 0
fl=/usr/include/x86_64-linux-gnu/c++/13/bits/gthr-default.h
fn=TestSolution::Sift::Solution::Insert_(int, std::vector<std::vector<std::vector<int, std::allocator<int> >, std::allocator<std::vector<int, std::allocator<int> > > >, std::allocator<std::vector<std::vector<int, std::allocator<int> >, std::allocator<std::vector<int, std::allocator<int> > > > > >&, std::vector<std::mutex, std::allocator<std::mutex> >&)
749 223374 1 1 0 0 0 111687 0 0 0 0 0 0
779 226194 1 1 104208 1 0 113097 0 0 0 0 0 0
fn=TestSolution::Sift::Solution::SearchLayerFP_(float const*, int, int, int, std::vector<std::vector<std::vector<int, std::allocator<int> >, std::allocator<std::vector<int, std::allocator<int> > > >, std::allocator<std::vector<std::vector<int, std::allocator<int> >, std::allocator<std::vector<int, std::allocator<int> > > > > > const&, std::vector<std::mutex, std::allocator<std::mutex> >&, TestSolution::Sift::Solution::VisitedList&)
749 6796422 0 0 0 0 0 3398211 6 0 0 0 0 0
779 6796390 1 1 0 0 0 3398195 2 0 0 0 0 0
fl=/usr/lib/gcc/x86_64-linux-gnu/13/include/avxintrin.h
fn=TestSolution::Sift::Distance<128, true, void>::L2Sq(float const*, float const*)
368 544884344 0 0 544884344 121886854 1232 0 0 0 0 0 0 0
526 17027635 1 1 0 0 0 0 0 0 0 0 0 0
1472 17027635 0 0 0 0 0 0 0 0 0 0 0 0
fl=/usr/lib/gcc/x86_64-linux-gnu/13/include/fmaintrin.h
fn=TestSolution::Sift::Distance<128, true, void>::L2Sq(float const*, float const*)
65 272442172 0 0 0 0 0 0 0 0 0 0 0 0
fl=/usr/lib/gcc/x86_64-linux-gnu/13/include/pmmintrin.h
fn=TestSolution::Sift::Distance<128, true, void>::L2Sq(float const*, float const*)
59 34055270 0 0 0 0 0 0 0 0 0 0 0 0
fl=/usr/lib/gcc/x86_64-linux-gnu/13/include/xmmintrin.h
fn=TestSolution::Sift::Distance<128, true, void>::L2Sq(float const*, float const*)
192 17027635 0 0 0 0 0 0 0 0 0 0 0 0
975 17027635 0 0 0 0 0 0 0 0 0 0 0 0
fl=???
fn=(below main)
0 12 2 2 2 1 0 3 0 0 0 0 1 1
fn=???
0 196221464 289 284 82640286 71373 11 20199087 22 14 13729707 297922 30802888 14312976
fn=__cpu_indicator_init
0 367 40 40 48 2 1 14 0 0 101 27 0 0
fn=__cxa_thread_atexit
0 108 1 1 36 0 0 36 0 0 0 0 0 0
fn=__gnu_cxx::stdio_sync_filebuf<char, std::char_traits<char> >::xsputn(char const*, long)
0 12 1 1 2 0 0 0 0 0 0 0 0 0
fn=operator delete(void*)
0 2637290 0 0 0 0 0 0 0 0 0 0 0 0
fn=operator delete(void*, unsigned long)
0 51684 1 1 0 0 0 0 0 0 0 0 0 0
fn=operator delete[](void*)
0 6 1 1 0 0 0 0 0 0 0 0 0 0
fn=operator new(unsigned long)
0 21383488 2 2 4009404 0 0 4009404 7254 4 1336468 3 0 0
fn=operator new[](unsigned long)
0 6 1 1 0 0 0 0 0 0 0 0 0 0
fn=std::__basic_file<char>::__basic_file(pthread_mutex_t*)
0 12 1 1 3 0 0 6 0 0 0 0 0 0
fn=std::__basic_file<char>::close()
0 99 1 1 24 0 0 24 0 0 12 5 0 0
fn=std::__basic_file<char>::fd()
0 4545 0 0 1515 0 0 0 0 0 0 0 0 0
fn=std::__basic_file<char>::is_open() const
0 84 0 0 42 0 0 0 0 0 0 0 0 0
fn=std::__basic_file<char>::open(char const*, std::_Ios_Openmode, int)
0 96 3 3 15 0 0 27 0 0 9 0 0 0
fn=std::__basic_file<char>::xsgetn(char*, long)
0 40905 2 2 9090 0 0 10605 0 0 1515 0 0 0
fn=std::__basic_file<char>::~__basic_file()
0 18 0 0 6 0 0 6 0 0 0 0 0 0
fn=std::__cxx11::messages<char>::messages(unsigned long)
0 21 2 2 5 1 0 9 0 0 0 0 0 0
fn=std::__cxx11::messages<wchar_t>::messages(unsigned long)
0 21 1 1 5 0 0 9 1 1 0 0 0 0
fn=std::__cxx11::moneypunct<char, false>::_M_initialize_moneypunct(__locale_struct*, char const*)
0 114 6 6 38 2 1 31 0 0 13 10 0 0
fn=std::__cxx11::moneypunct<char, true>::_M_initialize_moneypunct(__locale_struct*, char const*)
0 115 5 5 38 0 0 31 0 0 13 8 0 0
fn=std::__cxx11::moneypunct<wchar_t, false>::_M_initialize_moneypunct(__locale_struct*, char const*)
0 109 5 5 30 0 0 31 0 0 14 6 0 0
fn=std::__cxx11::moneypunct<wchar_t, true>::_M_initialize_moneypunct(__locale_struct*, char const*)
0 109 6 6 30 0 0 31 0 0 14 10 0 0
fn=std::__cxx11::numpunct<char>::_M_initialize_numpunct(__locale_struct*)
0 417 5 5 138 5 3 76 0 0 64 18 0 0
fn=std::__cxx11::numpunct<wchar_t>::_M_initialize_numpunct(__locale_struct*)
0 353 5 5 75 1 1 75 3 3 64 15 0 0
fn=std::__timepunct<char>::_M_initialize_timepunct(__locale_struct*)
0 132 13 13 27 3 0 30 0 0 2 1 0 0
fn=std::__timepunct<char>::__timepunct(std::__timepunct_cache<char>*, unsigned long)
0 24 2 2 5 0 0 10 0 0 0 0 0 0
fn=std::__timepunct<wchar_t>::_M_initialize_timepunct(__locale_struct*)
0 129 13 13 26 2 0 29 0 0 2 2 0 0
fn=std::__timepunct<wchar_t>::__timepunct(std::__timepunct_cache<wchar_t>*, unsigned long)
0 24 2 2 5 1 0 10 1 1 0 0 0 0
fn=std::basic_filebuf<char, std::char_traits<char> >::_M_allocate_internal_buffer()
0 54 2 2 18 0 0 15 0 0 6 3 0 0
fn=std::basic_filebuf<char, std::char_traits<char> >::_M_destroy_internal_buffer()
0 72 2 2 18 0 0 24 0 0 9 0 0 0
fn=std::basic_filebuf<char, std::char_traits<char> >::_M_terminate_output()
0 90 3 3 39 0 0 21 0 0 9 6 0 0
fn=std::basic_filebuf<char, std::char_traits<char> >::basic_filebuf()
0 150 5 5 27 4 0 87 0 0 0 0 0 0
fn=std::basic_filebuf<char, std::char_traits<char> >::close()
0 237 5 5 54 0 0 75 0 0 15 2 0 0
fn=std::basic_filebuf<char, std::char_traits<char> >::open(char const*, std::_Ios_Openmode)
0 147 4 4 24 0 0 51 0 0 9 2 0 0
fn=std::basic_filebuf<char, std::char_traits<char> >::underflow()
0 103020 6 6 34845 10 0 21210 0 0 13635 1177 1515 1
fn=std::basic_ios<char, std::char_traits<char> >::_M_cache_locale(std::locale const&)
0 320 3 3 160 10 0 90 0 0 0 0 0 0
fn=std::basic_ios<char, std::char_traits<char> >::clear(std::_Ios_Iostate)
0 21 2 2 9 0 0 3 0 0 6 0 0 0
fn=std::basic_ios<char, std::char_traits<char> >::init(std::basic_streambuf<char, std::char_traits<char> >*)
0 240 2 2 40 0 0 100 0 0 0 0 0 0
fn=std::basic_ios<wchar_t, std::char_traits<wchar_t> >::_M_cache_locale(std::locale const&)
0 128 2 2 64 0 0 36 0 0 0 0 0 0
fn=std::basic_ios<wchar_t, std::char_traits<wchar_t> >::init(std::basic_streambuf<wchar_t, std::char_traits<wchar_t> >*)
0 96 2 2 16 0 0 44 0 0 0 0 0 0
fn=std::basic_ostream<char, std::char_traits<char> >& std::__ostream_insert<char, std::char_traits<char> >(std::basic_ostream<char, std::char_traits<char> >&, char const*, long)
0 114 6 6 48 2 0 26 0 0 10 6 2 1
fn=std::chrono::_V2::system_clock::now()
0 16 2 2 7 0 0 3 0 0 1 0 0 0
fn=std::codecvt<char, char, __mbstate_t>::codecvt(unsigned long)
0 19 2 2 5 1 0 7 1 1 0 0 0 0
fn=std::codecvt<char, char, __mbstate_t>::do_always_noconv() const
0 4545 1 1 1515 0 0 0 0 0 0 0 0 0
fn=std::codecvt<wchar_t, char, __mbstate_t>::codecvt(unsigned long)
0 19 2 2 5 0 0 7 2 2 0 0 0 0
fn=std::ctype<char>::ctype(unsigned short const*, bool, unsigned long)
0 121 5 5 9 2 0 80 9 9 65 20 0 0
fn=std::ctype<wchar_t>::_M_convert_to_wmask(unsigned short) const
0 146 6 6 12 0 0 0 0 0 60 14 0 0
fn=std::ctype<wchar_t>::_M_initialize_ctype()
0 2736 5 5 6 0 0 811 20 20 528 17 0 0
fn=std::ctype<wchar_t>::ctype(unsigned long)
0 21 2 2 4 0 0 8 1 1 0 0 0 0
fn=std::error_category::error_category()
0 10 1 1 4 0 0 2 0 0 0 0 0 0
fn=std::future_category()
0 3 1 1 1 0 0 0 0 0 0 0 0 0
fn=std::ios_base::Init::Init()
0 272 29 29 51 11 1 146 15 3 3 1 0 0
fn=std::ios_base::_M_call_callbacks(std::ios_base::event)
0 48 2 2 18 0 0 12 0 0 3 3 0 0
fn=std::ios_base::_M_dispose_callbacks()
0 54 1 1 18 0 0 15 0 0 3 3 0 0
fn=std::ios_base::_M_init()
0 392 3 3 112 3 1 126 0 0 14 0 0 0
fn=std::ios_base::ios_base()
0 660 3 3 11 0 0 264 33 21 88 34 0 0
fn=std::ios_base::~ios_base()
0 63 3 3 12 2 0 15 0 0 3 3 0 0
fn=std::istream& std::istream::_M_extract<float>(float&)
0 67225600 3 3 21977600 5 0 11635200 1 0 5171200 0 1292800 1292800
fn=std::istream& std::istream::_M_extract<unsigned long>(unsigned long&)
0 52000 3 3 17000 1 0 9000 0 0 4000 0 1000 1
fn=std::istream::sentry::sentry(std::istream&, bool)
0 81511384 7 7 33639467 45 17 10350677 0 0 14232269 570 181 2
fn=std::istreambuf_iterator<char, std::char_traits<char> > std::num_get<char, std::istreambuf_iterator<char, std::char_traits<char> > >::_M_extract_int<unsigned long>(std::istreambuf_iterator<char, std::char_traits<char> >, std::istreambuf_iterator<char, std::char_traits<char> >, std::ios_base&, std::_Ios_Iostate&, unsigned long&) const
0 297295 19 19 69145 2 0 36905 0 0 55145 1014 0 0
fn=std::locale::_Impl::_Impl(unsigned long)
0 673 56 56 89 34 1 385 49 49 108 29 0 0
fn=std::locale::_Impl::_M_install_facet(std::locale::id const*, std::locale::facet const*)
0 12192 6 6 3584 0 0 288 0 0 3232 53 0 0
fn=std::locale::facet::_S_create_c_locale(__locale_struct*&, char const*, __locale_struct*)
0 14 1 1 3 0 0 4 0 0 1 0 0 0
fn=std::locale::facet::_S_get_c_locale()
0 19392210 1 1 5171256 2 0 3878442 0 0 1292814 0 0 0
fn=std::locale::facet::_S_get_c_name()
0 21 1 1 7 0 0 0 0 0 0 0 0 0
fn=std::locale::id::_M_id() const
0 7763874 2 2 2587958 18 4 96 0 0 1293955 26 0 0
fn=std::locale::locale()
0 748 3 3 238 0 0 238 1 1 34 15 0 0
fn=std::locale::locale(std::locale::_Impl*)
0 3 1 1 1 0 0 1 1 0 0 0 0 0
fn=std::locale::operator=(std::locale const&)
0 322 2 2 112 0 0 56 0 0 28 14 0 0
fn=std::locale::~locale()
0 240 2 2 100 0 0 40 0 0 20 10 0 0
fn=std::messages<char>::messages(unsigned long)
0 21 2 2 5 0 0 9 1 1 0 0 0 0
fn=std::messages<wchar_t>::messages(unsigned long)
0 21 2 2 5 0 0 9 0 0 0 0 0 0
fn=std::moneypunct<char, false>::_M_initialize_moneypunct(__locale_struct*, char const*)
0 114 4 4 38 0 0 31 0 0 13 7 0 0
fn=std::moneypunct<char, true>::_M_initialize_moneypunct(__locale_struct*, char const*)
0 115 6 6 38 0 0 31 0 0 13 6 0 0
fn=std::moneypunct<wchar_t, false>::_M_initialize_moneypunct(__locale_struct*, char const*)
0 109 5 5 30 0 0 31 0 0 14 3 0 0
fn=std::moneypunct<wchar_t, true>::_M_initialize_moneypunct(__locale_struct*, char const*)
0 109 6 6 30 0 0 31 0 0 14 8 0 0
fn=std::num_get<char, std::istreambuf_iterator<char, std::char_traits<char> > >::_M_extract_float(std::istreambuf_iterator<char, std::char_traits<char> >, std::istreambuf_iterator<char, std::char_traits<char> >, std::ios_base&, std::_Ios_Iostate&, std::string&) const
0 677779524 22 22 190450488 237 111 102120318 1 0 135561870 3970327 1310 1
fn=std::num_get<char, std::istreambuf_iterator<char, std::char_traits<char> > >::do_get(std::istreambuf_iterator<char, std::char_traits<char> >, std::istreambuf_iterator<char, std::char_traits<char> >, std::ios_base&, std::_Ios_Iostate&, float&) const
0 138329600 9 9 43955200 2 0 33612800 0 0 10342400 1292807 0 0
fn=std::num_get<char, std::istreambuf_iterator<char, std::char_traits<char> > >::do_get(std::istreambuf_iterator<char, std::char_traits<char> >, std::istreambuf_iterator<char, std::char_traits<char> >, std::ios_base&, std::_Ios_Iostate&, unsigned long&) const
0 2000 1 1 0 0 0 0 0 0 0 0 0 0
fn=std::numpunct<char>::_M_initialize_numpunct(__locale_struct*)
0 417 5 5 138 0 0 76 0 0 64 15 0 0
fn=std::numpunct<wchar_t>::_M_initialize_numpunct(__locale_struct*)
0 353 5 5 75 0 0 75 0 0 64 19 0 0
fn=std::ostream::sentry::sentry(std::ostream&)
0 44 3 3 16 2 0 12 0 0 4 2 0 0
fn=std::string::_Rep::_M_clone(std::allocator<char> const&, unsigned long)
0 33612800 2 2 10342400 0 0 9049600 0 0 2585600 6 0 0
fn=std::string::_Rep::_M_destroy(std::allocator<char> const&)
0 2585600 1 1 0 0 0 0 0 0 0 0 0 0
fn=std::string::_Rep::_S_create(unsigned long, unsigned long, std::allocator<char> const&)
0 33612800 3 3 3878400 0 0 6464000 0 0 3878400 6 0 0
fn=std::string::push_back(char)
0 57265272 4 4 22269828 1 0 14316318 0 0 6362808 8 0 0
fn=std::string::reserve(unsigned long)
0 41369600 3 3 15513600 2 1 7756800 0 0 3878400 2 0 0
fn=std::thread::_M_start_thread(std::unique_ptr<std::thread::_State, std::default_delete<std::thread::_State> >, void (*)())
0 288 1 1 72 0 0 72 5 0 18 2 0 0
fn=std::thread::hardware_concurrency()
0 9 1 1 2 0 0 2 0 0 0 0 0 0
fn=std::thread::join()
0 11 1 1 1 1 0 3 0 0 1 0 0 0
fn=void std::__convert_to_v<float>(char const*, float&, std::_Ios_Iostate&, __locale_struct* const&)
0 46540800 3 3 16806400 2 1 9049600 80826 0 6464000 10 0 0
summary: 7562195226 2799 2761 2107874889 151858178 18221 660657178 2963147 208368 1264385106 97745689 32104374 15606879
