cmd: ./debug/test_bench
events: Ir
fl=./csu/../csu/libc-start.c
fn=__libc_start_main@@GLIBC_2.34
128 2
134 3
135 7
138 1
139 2
142 3
143 2
144 16
145 8
242 13
311 3
312 3
337 6
340 2
343 2
350 2
352 2
360 4
fl=./csu/../sysdeps/nptl/libc_start_call_main.h
fn=(below main)
29 9
44 3
46 2
51 2
52 2
55 2
58 6
fl=./csu/./csu/init-first.c
fn=_init_first
46 6
51 2
55 5
61 1
62 1
63 2
71 2
72 3
fl=./ctype/./ctype/ctype-info.c
fn=__ctype_init
29 19
31 133
33 76
35 76
36 19
fl=./debug/../sysdeps/x86_64/multiarch/ifunc-memmove.h
fn=__memcpy_chk
56 2
57 3
60 3
61 2
74 2
77 2
85 2
93 2
96 5
fn=__memmove_chk
56 2
57 3
60 3
61 2
74 2
77 2
85 2
93 2
96 5
fn=__mempcpy_chk
56 2
57 3
60 3
61 2
74 2
77 2
85 2
93 2
96 5
fl=./debug/../sysdeps/x86_64/multiarch/ifunc-memset.h
fn=__memset_chk
54 5
57 3
58 2
64 2
73 2
75 2
85 2
93 2
96 5
fl=./debug/../sysdeps/x86_64/multiarch/memcpy_chk.c
fn=__memcpy_chk
29 1
fl=./debug/../sysdeps/x86_64/multiarch/memmove_chk.c
fn=__memmove_chk
29 1
fl=./debug/../sysdeps/x86_64/multiarch/mempcpy_chk.c
fn=__mempcpy_chk
29 1
fl=./debug/../sysdeps/x86_64/multiarch/memset_chk.c
fn=__memset_chk
29 1
fl=./elf/../bits/stdlib-bsearch.h
fn=intel_check_word.constprop.0
27 96
28 48
29 744
31 648
32 348
35 264
37 120
fl=./elf/../elf/dl-tls.c
fn=_dl_add_to_slotinfo
1017 36
1023 4
1026 4
1027 4
1031 12
1065 8
1068 8
1069 12
1072 24
fn=_dl_allocate_tls
365 18
369 18
370 18
371 36
374 18
380 54
530 36
531 18
534 36
537 54
549 18
554 504
560 180
563 216
564 144
570 216
571 144
573 378
576 144
577 144
580 144
581 288
583 144
584 144
593 72
603 936
609 216
615 36
618 18
620 18
626 180
627 36
630 144
fn=_dl_allocate_tls_init
523 11
524 2
528 2
531 1
534 2
537 3
549 1
554 32
560 11
563 12
564 8
570 12
571 8
573 31
576 8
577 8
580 8
581 16
583 8
584 8
593 4
601 8
603 40
609 4
615 2
618 2
621 9
fn=_dl_allocate_tls_storage
365 1
369 1
370 1
371 2
374 1
380 2
417 7
419 1
430 1
431 1
432 2
440 6
441 1
445 305
464 1
470 7
fn=_dl_assign_tls_modid
125 12
128 6
141 3
181 3
183 3
186 3
187 6
fn=_dl_count_modids
192 1
194 2
195 1
210 2
fn=_dl_determine_tlsoffset
216 9
217 1
218 1
219 1
222 4
225 2
259 1
261 32
263 11
265 12
266 8
268 8
270 20
281 4
286 32
288 8
289 4
294 4
301 1
302 7
304 2
354 1
355 8
fn=_dl_tls_static_surplus_init
83 3
97 8
100 6
101 5
102 3
104 4
107 1
109 1
111 3
112 6
fl=./elf/../include/list.h
fn=__tls_init_tp
43 2
44 2
45 1
47 1
fl=./elf/../include/rtld-malloc.h
fn=__minimal_calloc
56 17
fn=_dl_allocate_tls
44 36
fn=_dl_allocate_tls_storage
44 2
56 1
fn=_dl_check_map_versions
44 18
fn=_dl_find_object_init
56 2
fn=_dl_important_hwcaps
56 4
fn=_dl_init_paths
56 5
fn=_dl_map_object_deps
56 12
fn=_dl_new_object
44 18
56 15
fn=do_lookup_x
44 13
fn=fillin_rpath.isra.0
50 20
51 10
56 8
fn=init_tls
44 2
fl=./elf/../include/scratch_buffer.h
fn=_dl_map_object_deps
77 2
78 1
85 3
131 20
fl=./elf/../misc/sbrk.c
fn=sbrk
37 6
40 1
58 2
62 2
78 5
fl=./elf/../nptl/nptl-stack.h
fn=__libc_early_init
61 8
fl=./elf/../sysdeps/generic/_itoa.h
fn=_dl_check_map_versions
76 39
fl=./elf/../sysdeps/generic/dl-cache.h
fn=_dl_load_cache_lookup
125 4
194 1
195 5
fl=./elf/../sysdeps/generic/dl-call_tls_init_tp.h
fn=init_tls
31 8
33 1
fl=./elf/../sysdeps/generic/dl-debug.h
fn=dl_main
29 4
30 1
fl=./elf/../sysdeps/generic/dl-hash.h
fn=__rtld_malloc_init_real
43 1
44 1
45 19
48 18
62 24
67 1
72 1
fl=./elf/../sysdeps/generic/dl-new-hash.h
fn=_dl_lookup_symbol_x
69 2017
70 4034
74 43193
77 86386
80 42180
81 84360
87 1004
88 1004
89 2008
90 1004
99 41176
101 41176
102 82352
104 41176
105 41176
fl=./elf/../sysdeps/generic/dl-protected.h
fn=do_lookup_x
29 8004
fl=./elf/../sysdeps/generic/ldsodefs.h
fn=_dl_relocate_object
79 62
140 10596
fn=_dl_start
79 6
fn=do_lookup_x
139 4002
140 6003
fl=./elf/../sysdeps/nptl/dl-mutex.c
fn=__rtld_mutex_init
30 7
37 1
40 7
44 2
45 9
47 6
51 2
52 7
53 6
fl=./elf/../sysdeps/nptl/dl-tls_init_tp.c
fn=__tls_init_tp
68 5
69 1
72 1
75 4
76 2
77 1
82 2
87 4
90 1
93 3
105 4
121 3
128 2
129 3
fn=__tls_pre_init_tp
53 3
56 10
61 2
62 1
64 1
fn=rtld_mutex_dummy
42 178
44 356
fl=./elf/../sysdeps/nptl/pthread_early_init.h
fn=__libc_early_init
33 6
34 1
38 5
45 2
46 1
48 2
52 5
53 1
54 1
56 1
fl=./elf/../sysdeps/posix/dl-fileid.h
fn=_dl_map_object_from_fd
37 20
40 20
49 60
fl=./elf/../sysdeps/unix/sysv/linux/brk.c
fn=brk
36 1
37 1
38 2
44 1
45 1
fl=./elf/../sysdeps/unix/sysv/linux/brk_call.h
fn=brk
24 2
fl=./elf/../sysdeps/unix/sysv/linux/dl-osinfo.h
fn=dl_main
39 2
52 1
fl=./elf/../sysdeps/unix/sysv/linux/dl-parse_auxv.h
fn=_dl_sysdep_parse_arguments
32 2
33 1
34 1
41 93
42 44
43 44
45 1
46 2
47 2
48 2
49 1
51 2
52 2
53 2
54 2
56 2
fl=./elf/../sysdeps/unix/sysv/linux/dl-sysdep.c
fn=_dl_sysdep_parse_arguments
78 7
79 2
80 2
81 3
82 49
83 101
86 2
90 56
93 5
94 2
95 3
96 6
fn=_dl_sysdep_start
102 6
103 1
106 2
110 2
113 1
115 2
122 3
123 2
125 5
137 3
140 5
143 4
fn=_dl_sysdep_start_cleanup
147 1
148 1
fl=./elf/../sysdeps/unix/sysv/linux/dl-vdso-setup.h
fn=dl_main
30 1
33 1
36 1
39 1
45 1
fl=./elf/../sysdeps/unix/sysv/linux/dl-vdso.h
fn=dl_main
40 2
41 5
55 2
fl=./elf/../sysdeps/unix/sysv/linux/rseq-internal.h
fn=__tls_init_tp
32 3
34 7
37 2
40 1
fl=./elf/../sysdeps/unix/sysv/linux/x86/dl-hwcap2.h
fn=update_active.constprop.0
25 2
fl=./elf/../sysdeps/unix/sysv/linux/x86/dl-minsigstacksize.h
fn=get_common_indices.constprop.0
24 2
27 2
28 2
65 3
72 1
74 1
fl=./elf/../sysdeps/x86/cpu-features.c
fn=get_common_indices.constprop.0
398 3
402 4
405 5
409 1
410 4
411 4
412 4
413 3
414 2
421 2
423 9
428 8
435 2
436 7
442 2
457 3
fn=init_cpu_features.constprop.0
376 3
377 2
378 6
383 2
384 6
389 2
390 7
682 8
685 1
686 1
687 1
690 1
699 3
702 6
703 1
706 2
708 6
713 1
715 3
717 9
721 7
774 3
781 2
799 1
832 2
866 4
869 2
870 1
878 2
885 2
887 2
891 2
897 2
899 1
1001 3
1002 2
1005 2
1006 2
1012 1
1013 1
1014 1
1015 2
1019 4
1022 4
1028 3
1041 2
1042 4
1081 1
1082 2
1086 3
1103 2
1104 2
1106 3
1107 2
1109 3
1110 2
1113 2
1127 4
1129 4
1135 4
1142 8
fn=update_active.constprop.0
72 8
76 1
84 3
85 3
86 1
94 4
95 1
103 4
104 1
109 4
112 4
113 1
116 5
117 2
121 5
122 3
123 3
124 2
128 5
129 5
130 3
132 2
133 4
147 2
151 7
152 4
154 3
158 4
161 1
164 2
166 2
170 1
171 1
178 4
180 5
186 4
188 5
190 4
195 5
244 3
245 3
261 4
277 2
281 2
282 1
285 4
289 2
293 3
294 2
296 1
297 1
300 2
302 1
305 2
356 5
360 3
369 1
370 8
fl=./elf/../sysdeps/x86/dl-cacheinfo.h
fn=get_common_cache_info.constprop.0
571 11
586 1
587 1
588 2
589 1
590 2
596 3
598 7
601 2
613 1
618 3
622 2
627 5
630 24
637 8
640 26
645 2
649 3
650 2
654 2
658 3
661 4
662 1
667 4
673 4
681 6
683 2
685 4
687 12
689 1
690 1
691 9
693 4
696 7
701 1
703 4
704 3
705 1
708 2
711 2
718 1
720 4
721 1
726 2
731 2
732 1
733 2
734 1
759 3
770 5
771 5
775 2
782 1
783 2
784 1
785 7
fn=handle_intel.constprop.0
250 108
255 24
261 12
262 12
267 48
271 24
276 24
279 60
281 24
284 60
286 24
305 96
fn=init_cpu_features.constprop.0
792 1
793 1
795 1
809 2
811 3
812 3
813 3
814 2
817 3
819 3
820 2
822 3
824 3
825 1
827 3
829 3
830 2
832 3
834 3
836 3
838 5
894 2
895 2
896 2
897 2
898 2
899 2
900 1
901 1
902 1
903 1
904 1
905 1
907 1
910 3
924 3
925 7
930 2
931 6
932 2
939 3
959 6
968 2
969 2
974 12
987 5
995 7
997 2
1000 5
1002 2
1005 5
1006 5
1010 6
1011 3
1017 7
1020 11
1021 10
1022 13
1025 10
1027 10
1040 4
1042 2
1043 2
1044 1
1045 1
1046 1
1047 1
fn=intel_check_word.constprop.0
110 648
113 324
119 216
123 48
125 12
129 120
131 144
133 60
135 120
143 120
152 12
155 138
158 99
162 58
164 189
167 120
168 72
169 60
170 48
172 11
174 22
176 12
177 16
178 12
179 20
180 14
181 12
183 8
184 12
187 21
190 2
194 192
202 168
216 48
246 144
fl=./elf/../sysdeps/x86/dl-get-cpu-features.c
fn=__x86_cpu_features
39 3
71 3
fn=_dl_x86_init_cpu_features
37 1
39 3
41 1
fl=./elf/../sysdeps/x86/dl-isa-level.h
fn=_dl_load_cache_lookup
28 24
fl=./elf/../sysdeps/x86/dl-procinfo.h
fn=_dl_load_cache_lookup
39 8
42 28
fl=./elf/../sysdeps/x86/dl-prop.h
fn=_dl_map_object_from_fd
149 20
fn=_dl_process_pt_gnu_property
95 36
102 18
115 18
118 9
252 6
253 3
254 12
255 6
257 36
258 3
260 9
fn=dl_main
36 2
37 24
40 10
49 40
53 33
71 2
149 4
235 4
236 2
fl=./elf/../sysdeps/x86/get-isa-level.h
fn=_dl_hwcaps_subdirs_active
30 4
31 1
32 3
36 3
39 4
40 4
45 4
48 2
51 5
53 4
54 2
55 2
58 4
fn=update_active.constprop.0
28 1
30 4
31 1
32 3
36 3
38 1
39 2
40 4
45 4
47 1
48 2
51 5
53 4
54 2
55 2
57 1
58 4
fl=./elf/../sysdeps/x86_64/dl-cet.c
fn=_dl_cet_check
145 2
157 2
173 1
179 1
275 2
276 1
277 2
282 4
283 3
285 2
293 5
296 1
300 2
301 1
302 2
303 2
304 2
305 2
308 1
310 1
313 2
361 8
363 6
fn=_dl_cet_setup_features
331 1
334 2
350 1
fl=./elf/../sysdeps/x86_64/dl-hwcaps-subdirs.c
fn=_dl_hwcaps_subdirs_active
29 1
38 3
43 1
48 1
52 1
fl=./elf/../sysdeps/x86_64/dl-irel.h
fn=_dl_fixup
32 4
fl=./elf/../sysdeps/x86_64/dl-machine.h
fn=_dl_fixup
234 112
fn=_dl_relocate_object
81 30
87 8
91 6
97 2
108 6
129 4
132 4
134 8
267 7098
274 7098
278 7098
287 28771
290 7117
291 136
292 14132
295 12
296 18
307 12
314 30
317 21294
320 121
323 121
346 8
347 12
352 6
354 4
363 4
393 35
400 51
402 68
406 51
415 34
423 9839
436 7
460 12
464 16
465 16
466 20
467 8
476 136
478 68
479 68
498 3264
499 1088
503 2176
504 2176
514 2224
518 2224
521 3336
522 1112
730 14
734 8
fn=_dl_start
55 1
278 9
287 27
290 6
291 12
317 8
323 2
fn=_dl_sysdep_start
220 1
fl=./elf/../sysdeps/x86_64/dl-runtime.h
fn=_dl_fixup
28 112
fl=./elf/../sysdeps/x86_64/dl-trampoline.h
fn=_dl_runtime_resolve_xsave
71 112
76 112
79 112
81 112
91 112
97 112
98 112
99 112
100 112
101 112
102 112
103 112
107 112
108 112
111 112
112 112
114 112
115 112
116 112
117 112
118 112
119 112
121 112
128 112
129 112
130 112
131 112
136 112
137 112
138 112
140 112
141 112
142 112
143 112
144 112
145 112
146 112
148 112
150 112
154 112
156 112
fl=./elf/./dl-find_object.h
fn=_dl_find_object_from_map
95 14
96 14
97 7
103 35
104 206
105 142
107 21
112 7
fl=./elf/./dl-hwcaps.h
fn=_dl_important_hwcaps
43 9
45 7
46 1
77 8
78 8
79 7
fl=./elf/./dl-load.h
fn=_dl_map_object_from_fd
91 40
92 16
93 20
94 16
96 16
fl=./elf/./dl-main.h
fn=dl_main
109 5
fl=./elf/./dl-map-segments.h
fn=_dl_map_object_from_fd
28 15
29 45
81 5
101 5
102 15
105 15
106 10
108 10
125 5
135 120
137 60
139 150
149 80
155 10
156 5
157 15
158 10
160 10
165 10
168 15
176 35
182 10
186 16
189 4
194 20
fl=./elf/./dl-sym-post.h
fn=lookup_malloc_symbol
41 8
53 12
fl=./elf/./dl-tunable-types.h
fn=__GI___tunable_set_val
84 5
fl=./elf/./elf/dl-audit.c
fn=_dl_audit_activity_map
29 7
30 1
31 3
37 6
fn=_dl_audit_activity_nsid
41 1
45 4
46 1
47 5
fn=_dl_audit_objopen
77 5
78 20
fn=_dl_audit_preinit
118 1
119 4
fl=./elf/./elf/dl-cache.c
fn=_dl_cache_libcmp
357 72
358 516
360 690
362 250
368 40
369 30
370 234
372 234
374 20
380 440
382 440
383 78
386 194
387 194
390 66
fn=_dl_load_cache_lookup
191 52
205 4
208 32
210 40
211 8
213 20
220 64
222 170
223 52
227 78
231 78
232 52
240 26
242 18
245 18
247 54
249 9
259 16
263 4
264 6
269 24
270 16
286 28
295 8
298 8
301 4
302 12
330 8
342 16
346 22
347 9
349 13
403 40
405 8
408 12
411 5
419 5
420 8
423 6
424 1
431 1
432 2
477 9
482 12
485 12
500 8
512 12
513 60
514 16
515 4
516 32
fn=_dl_unload_cache
525 3
526 4
528 2
529 1
533 1
535 2
fl=./elf/./elf/dl-call-libc-early-init.c
fn=_dl_call_libc_early_init
27 7
29 2
33 5
37 2
39 4
40 2
41 3
fl=./elf/./elf/dl-catch.c
fn=_dl_catch_error
254 12
256 2
257 2
258 2
259 2
261 6
fn=_dl_catch_exception
58 42
59 28
69 28
70 70
204 112
207 28
214 14
228 14
229 28
235 84
237 42
239 56
248 42
fn=_dl_receive_error
58 2
59 1
69 2
70 2
186 7
188 1
192 1
194 1
197 1
198 4
fl=./elf/./elf/dl-debug.c
fn=_dl_debug_initialize
56 3
57 1
59 2
61 2
63 3
64 1
85 3
90 3
91 2
92 1
95 3
96 6
99 2
107 2
fn=_dl_debug_state
116 2
117 2
fn=_dl_debug_update
38 6
40 12
41 6
44 12
48 6
fl=./elf/./elf/dl-deps.c
fn=_dl_map_object_deps
128 3
129 5
130 6
132 3
136 8
143 13
144 20
160 9
161 1
164 1
182 1
183 6
184 1
188 15
190 27
193 7
197 21
198 46
201 20
205 10
208 22
210 20
215 5
216 5
217 10
218 10
219 5
221 635
222 300
228 122
230 13
232 52
233 26
242 13
244 26
249 35
252 5
253 5
254 5
255 10
256 5
257 5
259 20
263 39
264 27
266 411
417 14
419 25
422 10
423 20
429 5
430 25
431 25
434 5
435 10
439 21
441 7
442 32
448 5
449 1
452 4
463 5
465 4
470 5
471 1
472 2
474 25
478 7
483 14
485 21
490 7
494 2
495 3
532 2
533 2
547 9
552 9
553 5
557 1
559 2
560 1
561 3
568 3
571 2
574 8
fn=openaux
61 78
64 143
65 13
68 13
69 39
fl=./elf/./elf/dl-environ.c
fn=_dl_next_ld_env_entry
28 3
29 3
32 151
34 98
35 20
37 2
40 4
42 2
45 47
fl=./elf/./elf/dl-find_object.c
fn=_dl_find_object_init
561 5
564 1
566 2
567 3
579 2
580 3
582 2
585 2
590 1
591 1
594 3
596 2
599 6
601 1
604 4
fn=_dlfo_process_initial
474 8
475 2
477 2
478 4
504 24
505 34
506 14
508 52
511 48
513 36
515 12
516 12
517 24
529 2
531 8
fn=_dlfo_sort_mappings
536 1
537 2
540 24
544 10
545 70
546 75
548 5
549 5
553 20
554 25
555 10
557 1
fl=./elf/./elf/dl-hwcaps.c
fn=_dl_important_hwcaps
52 16
54 2
55 4
56 2
57 2
77 16
80 16
84 2
86 6
87 2
88 2
100 5
102 3
105 1
108 1
112 5
125 12
127 10
128 4
129 4
130 2
133 3
142 13
143 11
145 8
151 5
155 4
156 3
157 3
161 1
162 2
163 2
172 14
174 2
175 3
185 2
186 3
189 3
193 2
194 2
201 1
202 5
208 2
209 1
213 3
216 9
fl=./elf/./elf/dl-hwcaps_split.c
fn=_dl_hwcaps_split
25 5
26 3
27 1
47 4
fn=_dl_hwcaps_split_masked
26 44
30 24
34 78
35 12
36 24
41 36
42 18
43 12
45 6
51 110
55 5
56 18
57 27
58 24
60 6
62 88
67 12
fl=./elf/./elf/dl-init.c
fn=_dl_init
29 16
35 40
37 41
81 13
82 1
83 1
86 3
89 2
94 4
119 1
120 32
121 14
127 8
fn=call_init.part.0
26 84
43 21
46 21
47 2
51 12
59 18
60 24
63 6
64 12
70 15
72 10
73 117
74 92
76 56
fl=./elf/./elf/dl-load.c
fn=_dl_dst_count
238 117
241 26
244 26
245 13
264 117
fn=_dl_init_paths
706 13
720 4
725 1
727 3
734 3
735 2
739 4
741 4
747 1
748 1
756 8
758 8
759 4
761 5
762 7
763 4
766 13
767 10
768 18
770 32
776 1
777 1
782 1
785 3
787 4
789 3
806 1
808 3
822 2
825 5
827 23
831 2
832 976
833 243
834 486
836 1
837 1
838 2
844 6
847 3
853 1
857 8
fn=_dl_map_object
682 40
696 20
1967 168
1969 5
1975 28
1976 56
1979 307
1984 420
1986 300
1990 102
1991 153
1994 140
1995 84
1996 140
2010 20
2011 15
2019 15
2034 5
2036 25
2040 16
2042 8
2049 16
2053 4
2054 4
2058 12
2059 4
2073 20
2074 28
2075 4
2084 8
2099 8
2100 64
2106 12
2107 4
2115 4
2129 8
2131 12
2135 12
2137 8
2141 8
2149 8
2172 36
2176 12
2177 4
2194 8
2200 1
2201 4
2202 2
2203 2
2207 9
2210 3
2222 20
2267 10
2268 88
2270 131
fn=_dl_map_object_from_fd
944 70
959 20
989 95
990 40
1008 10
1036 20
1046 10
1053 40
1054 10
1065 10
1066 15
1067 10
1069 15
1070 20
1071 8
1074 17
1075 6
1086 5
1088 5
1090 110
1091 5
1092 5
1093 5
1094 5
1100 210
1101 507
1107 10
1114 13
1115 15
1116 50
1121 2
1122 1
1127 155
1135 100
1136 130
1137 100
1138 20
1139 40
1141 140
1143 40
1156 40
1157 75
1162 20
1163 205
1176 9
1180 12
1181 3
1185 15
1186 6
1189 3
1194 12
1209 10
1210 5
1213 15
1218 35
1228 95
1229 40
1235 10
1245 20
1252 35
1264 5
1268 20
1269 15
1275 14
1276 10
1278 10
1288 15
1307 15
1309 30
1361 15
1362 6
1368 170
1369 280
1375 80
1380 20
1393 10
1395 20
1397 10
1413 10
1417 10
1418 10
1435 10
1436 1
1439 10
1444 10
1449 10
1461 40
1462 15
1463 36
1464 12
1465 5
1471 10
1472 12
1477 6
1484 15
1487 10
1491 15
1492 15
1510 10
1514 35
1515 20
1519 45
fn=_dl_process_pt_gnu_property
868 18
869 12
870 6
876 12
882 30
885 18
886 12
887 12
890 18
891 18
895 6
896 12
900 18
901 9
904 18
907 9
908 36
918 18
920 24
fn=expand_dynamic_string_token
241 30
244 20
385 100
399 20
410 70
fn=fillin_rpath.isra.0
468 17
472 1
474 66
477 1
478 1
481 20
483 54
487 18
492 27
493 18
500 45
505 18
509 105
510 98
517 27
518 18
521 12
528 16
532 16
534 8
538 4
539 8
540 16
541 4
543 8
544 2
549 16
550 56
551 16
553 8
554 12
555 4
561 8
562 4
565 12
571 1
574 8
fn=open_path
1812 44
1813 8
1816 4
1817 4
1819 8
1822 8
1824 88
1827 32
1831 16
1835 96
1842 96
1843 352
1846 96
1851 297
1854 54
1860 81
1863 216
1865 81
1867 18
1872 18
1873 63
1879 27
1881 62
1882 4
1884 9
1891 111
1893 61
1937 104
1941 16
1943 64
1946 12
1960 36
fn=open_verify.constprop.0
1572 384
1604 96
1609 54
1623 160
1625 64
1633 5
1634 15
1639 30
1641 10
1643 10
1645 10
1651 10
1668 74
1749 10
1754 10
1760 20
1766 10
1772 20
1773 20
1777 16
1778 5
1799 288
fl=./elf/./elf/dl-lookup-direct.c
fn=_dl_lookup_direct
32 15
33 9
35 6
36 6
48 9
51 6
53 21
57 9
58 21
59 15
74 39
76 6
78 21
79 6
81 12
84 25
86 12
93 6
115 3
116 27
fl=./elf/./elf/dl-lookup.c
fn=_dl_lookup_symbol_x
772 26221
774 4034
775 8068
778 2017
782 8030
785 4034
787 4034
791 28318
792 34289
797 10085
799 96
816 2017
817 48
820 4034
821 13991
828 2065
856 8004
870 6003
871 2
873 4002
890 8004
892 18153
fn=check_match
70 30150
73 16080
78 20
86 10025
89 5150
93 2005
94 4010
96 4004
115 4004
116 16016
117 9980
118 12
119 12
144 6
146 18
147 12
150 2
151 7
153 3
161 2000
162 16080
fn=do_lookup_x
170 300
171 307
172 940
174 98
175 294
176 530
179 152
180 152
181 82
182 152
183 70
222 492
224 738
226 164
227 82
228 328
230 2694
231 486
234 352
235 176
254 352
257 95
258 285
259 322
262 1377
269 12
272 4
279 298
280 276
281 350
285 20
286 2
287 2
288 4
289 8
300 3
302 2
305 1
306 1
307 2
310 164
311 492
318 328
329 574
331 164
333 246
334 164
347 28238
348 2017
353 2017
354 2017
358 13166
361 13166
365 17224
386 13158
390 13158
396 19737
400 6579
401 6579
404 32895
405 19737
408 6579
409 13158
411 6579
412 6051
413 13158
415 14119
416 26316
419 46053
422 4342
423 6513
424 4342
426 4246
429 26195
431 6030
432 51493
433 4020
436 6030
439 9737
461 16000
470 985
472 2
476 4002
483 10692
487 3864
491 1
499 3838
500 1919
501 2001
518 13746
521 16
522 16136
fl=./elf/./elf/dl-minimal-malloc.c
fn=__minimal_calloc
80 85
84 17
87 17
88 51
fn=__minimal_free
97 24
99 42
103 30
104 6
106 12
fn=__minimal_malloc
36 424
37 159
42 3
43 2
44 2
48 211
51 359
56 12
57 12
59 3
60 24
62 6
64 12
65 9
67 8
70 54
71 57
73 318
fl=./elf/./elf/dl-minimal.c
fn=__rtld_malloc_init_real
76 10
86 2
87 1
89 1
91 6
92 5
93 5
94 4
99 1
100 1
101 1
102 1
103 8
fn=__rtld_malloc_init_stubs
42 1
43 2
44 2
45 2
46 2
47 1
fn=lookup_malloc_symbol
61 36
63 4
64 28
68 28
69 28
71 4
72 24
fn=strsep
239 11
242 22
244 11
245 22
247 20
249 734
251 486
254 954
256 1404
260 18
264 234
267 10
271 22
fl=./elf/./elf/dl-misc.c
fn=_dl_higher_prime_number
87 2
124 2
125 2
127 26
129 80
130 30
131 6
133 7
145 2
146 2
fn=_dl_name_match_p
68 931
69 532
70 22
72 133
74 524
75 755
80 129
82 111
83 532
fn=_dl_sysdep_read_whole_file
36 11
39 3
40 2
42 6
44 2
47 2
49 8
60 3
63 8
fl=./elf/./elf/dl-object.c
fn=_dl_add_to_namespace_list
31 54
33 18
35 53
38 80
40 5
42 5
45 2
46 18
47 12
48 12
50 12
51 30
fn=_dl_new_object
59 90
62 12
64 2
66 3
67 2
71 6
77 2
80 10
83 26
87 10
92 5
95 12
98 6
99 6
100 12
103 12
104 42
106 6
119 28
123 5
125 1
127 42
130 12
131 12
132 6
136 6
139 40
141 20
149 12
150 6
153 1
155 36
157 20
160 14
164 20
168 35
176 1
179 12
189 24
191 20
195 15
199 10
200 10
208 5
212 5
245 20
250 168
251 168
255 10
256 5
259 5
263 54
fl=./elf/./elf/dl-reloc.c
fn=_dl_relocate_object
170 14468
171 7064
174 24149
175 19564
177 1631
178 6522
182 3802
183 1901
184 1901
186 15214
187 9475
188 3790
190 13404
193 1901
194 13307
196 1631
207 88
208 16
220 14
221 21
224 28
226 21
228 7
229 21
251 35
252 14
253 3
255 14
262 21
301 10279
304 35
328 7
331 14
348 21
350 64
356 42
359 14
363 14
364 42
fl=./elf/./elf/dl-runtime.c
fn=_dl_fixup
46 1232
48 560
49 336
54 112
55 448
56 784
58 224
63 224
67 224
69 112
71 336
75 336
76 448
77 336
84 112
85 336
95 1232
99 560
109 1120
124 448
125 8
133 336
159 336
163 896
fl=./elf/./elf/dl-setup_hash.c
fn=_dl_setup_hash
25 14
28 21
31 21
32 14
33 7
34 7
36 21
37 7
38 21
40 7
41 14
43 7
45 21
50 7
fl=./elf/./elf/dl-sort-maps.c
fn=_dl_sort_maps
140 35
181 1
182 2
183 26
184 14
211 17
216 2
218 1
219 5
221 22
223 7
226 21
244 4
263 4
276 4
283 1
298 13
306 3
310 9
fn=_dl_sort_maps_init
289 4
290 4
291 1
292 3
293 2
fn=dfs_traversal.part.0
135 63
140 28
143 7
145 21
147 76
156 14
171 21
172 7
173 42
fl=./elf/./elf/dl-tunables.c
fn=__GI___tunable_set_val
72 50
82 5
93 40
94 25
97 10
100 35
104 10
111 10
112 10
115 25
116 5
117 5
118 5
153 30
157 15
fn=__GI___tunables_init
42 250
45 49
48 4116
52 98
56 196
128 1
261 10
267 4
281 8036
283 2
287 14553
304 8
fn=__tunable_get_val
387 80
390 474
399 52
400 15
409 31
416 240
418 40
fl=./elf/./elf/dl-tunables.h
fn=__GI___tunable_set_val
141 10
142 10
151 5
fn=__GI___tunables_init
160 926
161 2277
fl=./elf/./elf/dl-version.c
fn=_dl_check_all_versions
392 7
394 1
396 26
397 7
398 63
401 7
fn=_dl_check_map_versions
36 224
37 60
38 378
56 252
64 189
70 189
86 63
87 126
89 63
94 2547
108 2232
110 63
113 504
120 3159
124 1053
155 70
156 7
164 12
170 21
172 35
174 7
175 7
177 14
180 15
184 40
198 8
200 39
208 39
213 39
215 50
217 252
218 498
221 126
224 189
225 5
228 28
231 252
234 189
239 50
243 39
248 8
257 30
260 10
263 551
266 412
270 129
274 18
279 6
280 24
281 18
291 6
294 32
296 12
299 20
301 8
303 39
306 189
308 252
310 315
311 126
312 189
313 189
316 189
321 50
324 39
329 8
334 12
337 10
341 129
343 268
347 129
348 645
349 387
350 129
353 402
357 129
365 10
366 10
367 10
368 4
370 4
372 124
373 60
375 2
376 7
387 63
fl=./elf/./elf/do-rel.h
fn=_dl_relocate_object
49 42
50 42
51 7
53 70
72 8
73 9
80 42
83 3352
85 4448
96 12
97 4
114 36
123 3292
124 2176
126 36
129 40
131 14498
133 18055
134 14444
135 10833
136 14444
138 10833
141 272
142 68
143 68
147 3543
150 10652
151 363
164 24
165 285
166 252
169 204
171 272
172 68
173 136
180 31
182 42
183 12
185 18
193 6
196 18
211 7
fn=_dl_start
49 6
50 4
51 1
53 10
56 4
61 13
63 9
64 6
65 3
fl=./elf/./elf/get-dynamic-info.h
fn=_dl_map_object_from_fd
39 10
43 5
45 567
49 276
51 74
52 37
53 6
54 129
55 109
56 25
59 20
62 20
64 20
68 138
72 20
84 17
85 20
86 20
87 20
88 17
89 19
90 19
91 20
103 40
110 16
115 8
122 8
123 15
129 15
130 6
147 15
152 4
154 4
156 4
158 4
159 4
162 15
164 9
165 6
174 6
175 9
180 6
181 6
184 10
fl=./elf/./elf/libc-dl-profstub.c
fn=_dl_mcount_wrapper_check
36 128
37 384
38 128
fl=./elf/./elf/libc_early_init.c
fn=__libc_early_init
33 9
35 1
38 2
41 2
47 4
49 2
fl=./elf/./elf/rtld.c
fn=_dl_start
85 8
458 2
476 3
477 1
478 2
488 1
494 4
496 2
517 16
543 1
546 2
547 4
563 190
565 1
578 1
585 9
fn=dl_main
85 17
92 12
93 2
101 9
197 2
199 1
224 3
225 5
226 4
296 3
302 1
303 1
837 1
839 1
848 1
850 1
855 1
1115 1
1116 1
1118 1
1122 3
1124 1
1125 1
1140 1
1143 50
1144 127
1148 4
1153 3
1154 9
1163 2
1164 2
1166 1
1173 3
1191 2
1199 8
1200 17
1201 8
1202 1
1204 12
1205 14
1209 8
1210 8
1211 4
1215 12
1221 3
1227 4
1228 1
1233 4
1234 2
1235 1
1238 2
1243 2
1247 3
1253 30
1254 66
1260 18
1266 4
1268 3
1269 3
1271 3
1346 13
1351 1
1352 1
1357 1
1373 3
1374 4
1637 10
1639 2
1640 3
1641 2
1642 3
1646 2
1647 2
1672 3
1673 5
1674 3
1675 3
1678 1
1680 1
1681 1
1683 2
1684 2
1688 2
1690 2
1698 4
1705 2
1708 2
1733 4
1735 1
1740 2
1743 4
1744 4
1745 3
1746 1
1747 1
1748 1
1759 2
1760 2
1762 2
1764 1
1765 3
1770 5
1771 5
1773 3
1779 2
1788 2
1792 1
1793 2
1817 2
1823 1
1824 1
1825 1
1829 3
1834 3
1836 1
1838 2
1842 5
1847 2
1863 6
1939 4
1943 19
1944 1
1947 3
1948 1
1949 2
1950 2
1955 3
1965 9
1971 31
1972 18
1975 3
1976 2
1977 1
1979 26
1980 12
1984 2
1990 1
1992 3
1993 2
1995 2
1997 3
1999 3
2000 1
2001 2
2013 2
2014 2
2015 3
2026 5
2027 4
2028 5
2038 2
2039 2
2040 4
2042 2
2047 3
2246 3
2250 3
2256 2
2259 2
2267 2
2279 3
2282 3
2284 3
2285 6
2292 2
2293 30
2295 14
2300 14
2302 16
2304 1
2305 1
2308 7
2310 14
2311 48
2315 22
2316 12
2325 2
2329 4
2331 1
2338 4
2341 2
2345 3
2347 2
2357 1
2362 3
2365 1
2371 1
2372 5
2380 3
2387 1
2390 3
2394 3
2395 1
2396 1
2397 1
2401 1
2406 8
2538 1
2598 1
2600 2
2602 15
2604 2
2606 107
2607 19
2615 13
2640 2
2650 4
2652 2
2653 1
2687 5
2689 2
2690 2
2691 1
2727 5
2749 3
fn=handle_preload_list
183 3
806 1
810 2
811 2
812 1
814 1
816 6
817 3
825 3
869 13
870 3
874 5
877 4
878 3
880 4
881 2
887 1
889 2
891 2
892 1
895 9
fn=init_tls
734 4
736 2
740 3
746 2
749 1
750 1
751 1
755 1
757 1
761 2
762 2
763 18
764 7
765 14
769 12
771 4
773 3
776 2
779 1
786 2
787 2
793 2
797 1
800 5
fn=map_doit
641 6
643 4
644 6
646 3
fn=version_check_doit
674 6
676 6
680 3
fl=./elf/./get-dynamic-info.h
fn=_dl_start
45 75
49 36
51 10
52 5
54 20
55 16
56 5
59 4
62 4
64 4
68 18
72 3
84 4
85 3
86 4
87 4
88 5
89 3
90 4
91 4
103 10
110 3
123 3
129 3
130 3
133 2
134 3
139 5
142 5
fn=dl_main
39 4
43 1
45 119
49 58
51 12
52 6
54 25
55 21
56 5
59 4
62 4
64 4
68 29
72 7
84 3
85 5
86 5
87 5
88 4
89 5
90 5
91 5
103 9
110 3
115 2
122 3
123 4
129 3
147 4
152 2
154 2
156 2
158 2
159 2
162 4
164 3
165 2
174 2
175 3
180 2
181 3
184 3
fl=./elf/./setup-vdso.h
fn=dl_main
24 2
fl=./iconv/./iconv/gconv_simple.c
fn=__gconv_btwoc_ascii
49 128
51 512
54 128
fl=./io/../sysdeps/unix/sysv/linux/access.c
fn=access
25 1
27 7
31 1
fl=./io/../sysdeps/unix/sysv/linux/close_nocancel.c
fn=__GI___close_nocancel
25 6
26 24
27 6
fn=__close_nocancel
25 6
26 24
27 6
fl=./io/../sysdeps/unix/sysv/linux/fstat64.c
fn=fstat
30 7
39 28
72 7
fl=./io/../sysdeps/unix/sysv/linux/fstatat64.c
fn=fstatat
91 18
146 18
160 14
161 34
162 2
fl=./io/../sysdeps/unix/sysv/linux/open64.c
fn=open
30 36
33 21
41 27
43 24
fl=./io/../sysdeps/unix/sysv/linux/open64_nocancel.c
fn=__open_nocancel
28 156
31 252
39 333
41 81
fl=./io/../sysdeps/unix/sysv/linux/pread64_nocancel.c
fn=__pread64_nocancel
25 4
26 8
27 2
fl=./io/../sysdeps/unix/sysv/linux/read.c
fn=read
25 1515
26 9090
27 1515
fl=./io/../sysdeps/unix/sysv/linux/read_nocancel.c
fn=__read_nocancel
25 8
26 32
27 8
fl=./io/../sysdeps/unix/sysv/linux/stat64.c
fn=stat
28 18
29 36
fl=./io/../sysdeps/unix/sysv/linux/write.c
fn=write
25 35
26 129
27 20
fl=./libio/../include/printf_buffer.h
fn=__vsnprintf_internal
124 54
127 18
128 18
137 36
fl=./libio/../include/sys/sysmacros.h
fn=_IO_file_doallocate
47 6
fl=./libio/./libio/filedoalloc.c
fn=_IO_file_doallocate
78 11
84 9
86 4
89 2
91 2
94 2
97 4
101 3
102 2
104 4
105 1
106 9
fl=./libio/./libio/fileno.c
fn=fileno
32 1515
35 7575
42 1515
fl=./libio/./libio/fileops.c
fn=_IO_do_write@@GLIBC_2.2.5
424 205
426 122
427 137
434 34
441 68
444 17
449 85
450 85
452 51
453 34
454 17
455 34
456 68
fn=_IO_file_close
1165 3
1168 6
fn=_IO_file_close_it@@GLIBC_2.2.5
128 21
130 9
133 6
134 9
137 3
139 6
142 21
145 9
153 15
154 12
157 6
158 3
159 3
160 3
162 6
163 21
fn=_IO_file_finish@@GLIBC_2.2.5
168 18
169 6
175 9
176 9
fn=_IO_file_fopen@@GLIBC_2.2.5
213 36
214 3
222 6
224 18
227 3
228 6
247 36
281 15
284 6
287 12
288 6
357 36
fn=_IO_file_open
182 36
184 6
185 3
188 6
189 6
191 3
192 18
195 9
205 6
206 3
207 18
fn=_IO_file_overflow@@GLIBC_2.2.5
732 328
733 164
740 203
743 2
745 2
746 6
755 3
764 3
765 1
766 1
767 1
768 1
769 3
771 3
772 5
773 2
775 82
776 10
777 45
778 72
781 108
782 108
783 144
784 24
785 18
787 36
788 241
fn=_IO_file_stat
1147 1
1148 2
fn=_IO_file_sync@@GLIBC_2.2.5
793 84
798 48
799 49
800 12
801 24
812 24
816 60
fn=_IO_file_write@@GLIBC_2.2.5
1174 136
1175 34
1176 102
1180 51
1181 51
1182 34
1187 17
1188 17
1190 51
1191 51
1194 102
fn=_IO_file_xsputn@@GLIBC_2.2.5
444 8
446 8
1198 297
1200 1
1204 132
1205 33
1211 132
1213 130
1214 64
1217 828
1219 1068
1221 4
1228 3
1229 28
1232 12
1234 64
1236 160
1237 32
1238 96
1240 64
1244 30
1250 10
1251 25
1253 15
1264 10
1265 4
1267 3
1268 297
fn=_IO_new_file_init_internal
106 18
110 3
111 3
113 3
114 3
115 9
fl=./libio/./libio/genops.c
fn=_IO_default_finish
54 6
601 18
603 9
609 9
612 9
624 9
fn=_IO_default_xsputn
371 11
373 2
374 4
375 1
379 128
399 312
401 31
404 8
fn=_IO_doallocbuf
343 8
344 2
346 3
347 5
350 6
fn=_IO_enable_locks
518 1
521 3
523 1
524 9
525 3
526 1
1044 1
1058 3
fn=_IO_link_in
87 42
88 30
90 6
92 21
93 27
94 3
95 27
97 6
98 3
100 15
101 3
102 18
103 6
106 57
fn=_IO_no_init
563 33
564 3
565 3
566 6
568 3
572 18
579 3
581 3
587 3
588 18
fn=_IO_old_init
531 3
532 6
534 18
539 21
544 3
550 6
555 9
556 6
558 3
fn=_IO_setb
329 44
330 16
332 4
333 4
335 24
338 24
fn=_IO_un_link
53 6
54 12
82 6
fn=_IO_unsave_markers
937 18
939 6
944 9
946 9
fn=__GI__IO_un_link.part.0
52 30
58 18
59 30
60 3
61 39
63 9
65 6
66 9
74 6
76 30
77 3
78 18
79 6
82 27
fn=__overflow
199 25
201 15
203 15
204 10
fl=./libio/./libio/iofclose.c
fn=fclose@@GLIBC_2.2.5
34 24
48 9
49 3
51 39
52 6
53 9
57 12
58 9
71 6
76 21
fl=./libio/./libio/iofflush.c
fn=fflush
32 72
33 24
39 162
40 60
44 60
fl=./libio/./libio/iofopen.c
fn=fopen@@GLIBC_2.2.5
37 6
65 6
67 9
70 6
72 21
73 6
74 6
75 21
85 27
87 21
fl=./libio/./libio/iofwrite.c
fn=fwrite
31 297
32 66
35 198
37 507
38 164
39 231
45 150
46 33
49 297
fl=./libio/./libio/libioP.h
fn=_IO_default_xsputn
1025 63
1026 62
fn=_IO_do_write@@GLIBC_2.2.5
1025 51
1026 34
fn=_IO_doallocbuf
1025 3
1026 2
fn=_IO_file_close_it@@GLIBC_2.2.5
1025 9
1026 6
fn=_IO_file_doallocate
1025 3
1026 2
fn=_IO_file_xsputn@@GLIBC_2.2.5
1025 15
1026 10
fn=__overflow
1025 15
1026 10
fn=fclose@@GLIBC_2.2.5
951 12
952 12
958 6
979 12
980 27
1025 9
1026 6
fn=fflush
979 24
980 102
1025 36
1026 24
fn=fwrite
979 66
980 306
1025 66
1026 66
fl=./libio/./libio/putc.c
fn=putc
25 45
28 10
29 35
34 25
fl=./libio/./libio/vsnprintf.c
fn=__vsnprintf_internal
63 36
66 18
75 54
76 18
87 36
93 234
96 54
98 108
fl=./libio/./libio/vtables.c
fn=check_stdfiles_vtables
545 1
546 4
547 3
548 3
550 1
fl=./locale/./locale/newlocale.c
fn=newlocale
43 15
55 2
56 1
63 2
66 3
73 4
75 1
277 12
fl=./locale/./locale/uselocale.c
fn=uselocale
30 2
31 6
33 4
36 4
37 2
65 6
66 6
68 6
72 6
73 2
fl=./malloc/../string/bits/string_fortified.h
fn=calloc
59 54
fn=tcache_init.part.0
59 1672
fl=./malloc/../sysdeps/unix/sysv/linux/not-cancel.h
fn=ptmalloc_init.part.0
97 6
fl=./malloc/./malloc/arena.c
fn=_int_free_maybe_consolidate
55 31195
147 6239
545 18717
572 6239
585 18717
586 12478
fn=alloc_new_heap
49 72
55 36
380 162
387 54
389 36
390 18
395 126
402 54
404 84
405 8
406 48
408 6
414 96
415 24
417 12
418 60
420 36
421 20
423 20
424 60
441 108
448 72
453 36
455 18
456 18
458 162
fn=arena_get2.part.0
463 54
470 144
619 36
638 36
640 36
649 54
651 18
653 54
656 18
657 18
658 36
659 36
660 18
661 72
663 18
664 36
665 18
666 18
668 72
671 36
676 18
678 72
680 72
682 72
694 72
818 180
828 54
830 30
832 38
834 2
836 4
837 8
845 2
853 54
855 126
857 36
865 162
fn=calloc
153 36
fn=free
55 69918
147 419508
153 4158711
fn=get_free_list
703 108
704 36
705 18
706 36
731 126
fn=malloc
55 15641
147 93846
153 123255
264 1
fn=ptmalloc_init.part.0
262 8
267 1
292 2
296 3
300 4
301 4
302 4
303 4
304 4
305 4
306 4
308 4
309 4
310 4
313 4
314 4
316 2
326 8
fn=tcache_init.part.0
824 36
825 90
fl=./malloc/./malloc/malloc.c
fn=_int_free
1792 15322
3163 2695218
3165 5390436
3166 1347609
3167 2695218
4495 9540517
4499 4088793
4505 5451724
4506 2725862
4510 6814655
4517 2725862
4518 8177586
4521 1347609
4527 4042827
4547 6738045
4550 1347609
4561 30644
4637 30644
4640 30644
4643 30644
4644 61276
4646 30644
4649 61276
4658 8177583
fn=_int_free_maybe_consolidate
4770 168542
4776 30644
4778 24956
4781 18717
4792 6239
4794 12478
4795 12478
4798 168542
fn=_int_free_merge_chunk
1992 45966
4665 122576
4666 15322
4670 91932
4673 30650
4675 9
4678 45966
4681 30644
4682 30644
4683 30644
4689 30644
4691 6068
4692 6068
4693 6068
4694 24272
4696 12136
4701 45966
4702 107254
4714 30644
4720 18166
4721 5970
4722 5970
4724 6098
4732 9083
4733 36332
4734 18166
4736 9083
4738 18166
4740 27249
4743 9083
4744 9083
4746 27249
4747 9083
4756 6239
4757 18717
4758 12478
fn=_int_malloc
1326 92030
1345 276090
1794 35990
1985 9021
2008 116
2017 2
2552 186
2553 28
2564 62
2565 9
2568 12
2576 18
2577 6
2589 112
2590 56
2599 328
2605 81
2608 84
2669 84
2677 56
2678 84
2691 84
2693 28
2699 140
2707 56
2709 112
2710 84
2711 28
2712 28
2715 56
2744 192
2745 1
2746 56
2752 224
2753 162
2755 4
2782 2
2783 1
2795 3
2814 2
2817 2
2818 6
2820 1
2821 6
2833 5
2873 1
2875 1
2876 5
2877 1
2888 3
2921 84
2922 28
2926 28
2930 140
2932 28
2933 28
2934 28
2935 196
2936 56
2938 28
3163 2
3165 8
3166 2
3167 2
3178 1
3182 2
3186 4
3190 2
3191 2
3199 1
3846 506165
3882 1
3887 92030
3914 122105
3916 41292
3919 30373
3921 40696
3930 61044
3977 51334
3979 82140
3980 61194
3982 91791
4039 105621
4040 46254
4058 138007
4059 138045
4060 138045
4069 11526
4070 257259
4072 5763
4073 11526
4074 5763
4076 11526
4077 17289
4079 5763
4080 23052
4082 23052
4084 11526
4085 11526
4087 11526
4098 23052
4099 218
4100 214
4101 107
4104 104
4105 104
4106 104
4107 312
4108 312
4109 208
4111 180
4115 832
4117 312
4118 104
4121 119
4122 312
4123 104
4127 5659
4128 5659
4132 11318
4134 30
4135 45
4136 12
4140 30
4141 6
4161 13939
4163 6
4164 12
4165 3
4169 62729
4170 16923
4171 5641
4174 11282
4218 22564
4221 39508
4222 5644
4223 5644
4224 5644
4225 5644
4230 11288
4231 11288
4240 22576
4246 11288
4248 1
4257 137688
4259 61616
4262 46212
4263 45896
4330 45896
4331 91792
4332 91792
4333 91792
4334 275376
4339 198528
4343 407462
4346 404128
4348 23908
4349 11954
4353 47900
4355 17967
4357 35934
4361 5983
4364 11966
4366 14950
4367 2990
4368 2990
4373 11972
4376 5986
4378 8979
4381 8979
4384 11972
4394 2993
4399 11972
4400 5986
4403 2993
4404 2993
4405 2993
4408 5986
4409 5
4410 5986
4412 5980
4415 23944
4417 8979
4418 2993
4421 2993
4443 42903
4444 85806
4446 85806
4449 128709
4451 42872
4452 85744
4453 42872
4454 342976
4456 85744
4459 85744
4460 128709
4461 42903
4466 124
4482 34
4487 552180
fn=alloc_new_heap
2008 72
fn=alloc_perturb
1985 129021
1987 43007
fn=arena_get2.part.0
1946 6894
1949 6858
1953 54
1955 18
1958 18
fn=calloc
3699 162
3709 162
3717 36
3720 54
3722 36
3725 144
3732 18
3733 36
3740 54
3754 54
3756 180
3759 36
3769 72
3784 36
3787 72
3796 54
3799 90
3807 18
3809 36
3811 36
3837 126
fn=free
3359 9540517
3363 2725862
3371 2725862
3373 1362931
3375 4088793
3392 4088793
3398 4088793
3401 1362931
3402 8177586
fn=malloc
1326 2786626
1345 6949600
3178 2694670
3182 2694670
3186 5389340
3190 2694670
3191 1347335
3248 76
3294 11146504
3301 2786626
3311 2752696
3313 5573252
3316 2786626
3318 4133796
3326 91956
3328 121280
3329 151600
3334 125264
3336 46974
3339 31316
3347 62632
3351 93931
3354 8359878
fn=ptmalloc_init.part.0
1946 385
1949 381
1957 1
1958 1
1960 1
3143 2
fn=sysmalloc_mmap.isra.0
2008 12
2400 18
2413 9
2418 6
2421 30
2424 6
2428 6
2432 12
2448 9
2466 3
2467 9
2471 9
2472 15
2475 9
2476 15
2481 21
fn=tcache_init.part.0
3242 76
3251 80
3252 75
3253 38
3260 36
3261 76
3268 36
3270 38
3274 57
fn=unlink_chunk.isra.0
1608 24092
1610 60230
1613 24092
1614 24092
1616 48184
1619 12046
1620 12046
1621 60221
1623 11282
1624 16923
1627 11282
1641 5641
1642 5641
1645 24092
fl=./malloc/./malloc/morecore.c
fn=__glibc_morecore
25 87
26 58
29 29
30 58
34 58
fl=./malloc/./malloc/scratch_buffer_set_array_size.c
fn=__libc_scratch_buffer_set_array_size
30 65
34 5
35 10
45 10
46 5
63 30
fl=./math/../sysdeps/ieee754/dbl-64/e_log.c
fn=__ieee754_log_fma
39 20000
49 10000
61 50000
65 1770
67 590
68 590
69 590
70 1770
71 2360
72 2950
75 2360
76 590
77 1180
78 1180
79 1180
80 1770
81 590
82 590
83 590
85 28230
102 18820
103 18820
104 9410
105 28230
106 47050
114 28230
119 18820
122 18820
123 9410
124 28230
127 9410
130 84690
131 9410
fl=./math/../sysdeps/ieee754/dbl-64/math_config.h
fn=__ieee754_log_fma
85 10000
fl=./math/../sysdeps/x86_64/fpu/e_logl.S
fn=__ieee754_logl
30 20000
31 20000
32 20000
33 20000
34 20000
35 20000
36 20000
37 20000
38 20000
39 20000
40 20000
41 20000
42 20000
43 20000
44 20000
45 20000
46 20000
47 20000
58 20000
59 20000
60 20000
fl=./math/../sysdeps/x86_64/fpu/multiarch/e_asin.c
fn=__acos_finite@GLIBC_2.15
35 1
fn=__asin_finite@GLIBC_2.15
27 2
fl=./math/../sysdeps/x86_64/fpu/multiarch/e_atan2.c
fn=__atan2_finite@GLIBC_2.15
26 2
fl=./math/../sysdeps/x86_64/fpu/multiarch/e_exp.c
fn=__exp_finite@GLIBC_2.15
27 2
fl=./math/../sysdeps/x86_64/fpu/multiarch/e_exp2f.c
fn=exp2f@@GLIBC_2.27
27 2
fl=./math/../sysdeps/x86_64/fpu/multiarch/e_expf.c
fn=expf@@GLIBC_2.27
27 2
fl=./math/../sysdeps/x86_64/fpu/multiarch/e_log.c
fn=__log_finite@GLIBC_2.15
27 2
fl=./math/../sysdeps/x86_64/fpu/multiarch/e_log2.c
fn=log2@@GLIBC_2.29
27 2
fl=./math/../sysdeps/x86_64/fpu/multiarch/e_log2f.c
fn=log2f@@GLIBC_2.27
27 2
fl=./math/../sysdeps/x86_64/fpu/multiarch/e_logf.c
fn=logf@@GLIBC_2.27
27 2
fl=./math/../sysdeps/x86_64/fpu/multiarch/e_pow.c
fn=__pow_finite@GLIBC_2.15
27 2
fl=./math/../sysdeps/x86_64/fpu/multiarch/e_powf.c
fn=powf@@GLIBC_2.27
30 1
fl=./math/../sysdeps/x86_64/fpu/multiarch/ifunc-avx-fma4.h
fn=__atan2_finite@GLIBC_2.15
32 5
33 2
fn=__exp_finite@GLIBC_2.15
32 5
33 2
fn=__log_finite@GLIBC_2.15
32 5
33 2
fn=cos
32 5
33 2
fn=sin
32 5
33 2
fl=./math/../sysdeps/x86_64/fpu/multiarch/ifunc-fma.h
fn=__log1p
29 4
30 3
fn=cosf
29 4
30 3
fn=exp2f@@GLIBC_2.27
29 4
30 3
fn=expf@@GLIBC_2.27
29 4
30 3
fn=expm1
29 4
30 3
fn=log2@@GLIBC_2.29
29 4
30 3
fn=log2f@@GLIBC_2.27
29 4
30 3
fn=logf@@GLIBC_2.27
29 4
30 3
fn=powf@@GLIBC_2.27
29 4
30 4
fn=sincosf
29 4
30 3
fn=sinf
29 4
30 3
fl=./math/../sysdeps/x86_64/fpu/multiarch/ifunc-fma4.h
fn=__acos_finite@GLIBC_2.15
31 4
32 2
35 1
fn=__asin_finite@GLIBC_2.15
31 4
32 2
fn=__pow_finite@GLIBC_2.15
31 4
32 2
fn=sincos
31 4
32 2
fl=./math/../sysdeps/x86_64/fpu/multiarch/s_cosf.c
fn=cosf
26 2
fl=./math/../sysdeps/x86_64/fpu/multiarch/s_expm1.c
fn=expm1
26 2
fl=./math/../sysdeps/x86_64/fpu/multiarch/s_fma.c
fn=fma
49 6
fl=./math/../sysdeps/x86_64/fpu/multiarch/s_log1p.c
fn=__log1p
26 2
fl=./math/../sysdeps/x86_64/fpu/multiarch/s_sin.c
fn=cos
34 2
fn=sin
27 2
fl=./math/../sysdeps/x86_64/fpu/multiarch/s_sincos.c
fn=sincos
26 2
fl=./math/../sysdeps/x86_64/fpu/multiarch/s_sincosf.c
fn=sincosf
26 2
fl=./math/../sysdeps/x86_64/fpu/multiarch/s_sinf.c
fn=sinf
26 2
fl=./math/./math/w_logl_compat.c
fn=logl
29 100000
30 100000
44 40000
45 20000
fl=./math/./w_log_template.c
fn=log@@GLIBC_2.29
31 10000
32 30000
41 10000
fl=./misc/../sysdeps/unix/syscall-template.S
fn=mprotect
117 215
122 43
fn=munmap
117 95
122 19
fl=./misc/../sysdeps/unix/sysv/linux/brk.c
fn=brk
36 29
37 58
38 58
44 29
45 29
fl=./misc/../sysdeps/unix/sysv/linux/brk_call.h
fn=brk
24 58
fl=./misc/../sysdeps/unix/sysv/linux/clone-internal.c
fn=__clone_internal
53 36
62 36
64 144
80 54
82 4
83 4
86 1
97 216
99 36
106 18
109 36
110 144
fl=./misc/../sysdeps/unix/sysv/linux/getpagesize.c
fn=getpagesize
27 18
28 72
30 18
fl=./misc/../sysdeps/unix/sysv/linux/getsysstats.c
fn=get_nprocs
215 9
216 6
217 6
222 6
fn=read_sysfs_file
72 18
73 6
76 3
78 12
79 6
102 3
103 6
105 6
139 36
148 9
150 9
151 6
158 15
159 9
166 6
168 3
169 12
170 9
177 9
178 9
180 3
181 15
184 6
190 36
fl=./misc/../sysdeps/unix/sysv/linux/mmap64.c
fn=mmap
47 469
50 134
53 354
58 402
60 268
fl=./misc/../sysdeps/unix/sysv/linux/not-cancel.h
fn=read_sysfs_file
75 6
76 3
fl=./misc/../sysdeps/unix/sysv/linux/setvmaname.c
fn=__set_vma_name
33 285
35 206
40 14
47 2
48 1
49 360
fl=./misc/../sysdeps/unix/sysv/linux/x86_64/clone.S
fn=clone
52 18
54 18
55 18
56 18
59 18
60 18
63 18
65 18
69 18
72 18
73 18
74 18
75 18
76 18
81 18
83 36
84 36
85 36
87 18
95 18
98 18
99 18
100 18
fl=./misc/../sysdeps/unix/sysv/linux/x86_64/clone3.S
fn=clone3
42 1
44 1
45 1
46 1
47 1
48 1
52 1
55 1
60 1
62 1
63 1
86 5
fl=./misc/./misc/init-misc.c
fn=__init_misc
30 5
31 6
33 3
37 5
38 3
40 4
fl=./misc/./misc/sbrk.c
fn=sbrk
37 232
40 58
43 58
58 58
59 4
62 58
63 2
66 112
74 84
78 203
fl=./nptl/../include/list.h
fn=__nptl_stack_list_add
43 90
45 18
47 18
fl=./nptl/../nptl/descr.h
fn=__pthread_enable_asynccancel
439 12
fl=./nptl/../sysdeps/nptl/futex-internal.h
fn=__pthread_once_slow
209 8
fl=./nptl/../sysdeps/unix/sysv/linux/internal-signals.h
fn=pthread_create@@GLIBC_2.34
81 126
89 108
fn=start_thread
89 90
fl=./nptl/../sysdeps/unix/sysv/linux/internal-sigset.h
fn=pthread_create@@GLIBC_2.34
34 18
102 18
103 18
fl=./nptl/../sysdeps/unix/sysv/linux/rseq-internal.h
fn=start_thread
32 36
40 18
fl=./nptl/../sysdeps/unix/sysv/linux/sigsetops.h
fn=pthread_create@@GLIBC_2.34
54 1
104 2
fl=./nptl/../sysdeps/unix/sysv/linux/x86/elision-conf.c
fn=__lll_elision_init
92 8
96 5
98 4
100 4
102 4
104 4
107 3
108 1
109 6
fl=./nptl/../sysdeps/x86/nptl/tls-setup.h
fn=pthread_create@@GLIBC_2.34
22 36
fl=./nptl/./nptl-stack.h
fn=pthread_create@@GLIBC_2.34
61 180
fl=./nptl/./nptl/allocatestack.c
fn=name_stack_maps
587 108
589 90
593 36
595 36
599 18
600 36
601 54
603 180
605 162
fn=pthread_create@@GLIBC_2.34
66 72
74 72
99 72
166 54
170 126
219 72
223 54
228 54
238 36
328 36
329 108
333 54
343 108
347 108
351 36
352 54
353 18
366 252
369 72
374 72
380 36
385 36
386 18
395 36
407 36
408 36
411 36
416 36
419 18
426 18
429 108
442 72
445 126
447 108
454 90
477 54
506 90
532 18
537 18
542 18
545 18
547 72
558 72
563 36
fl=./nptl/./nptl/cancellation.c
fn=__pthread_disable_asynccancel
63 5
66 15
71 15
74 10
76 15
83 15
fn=__pthread_enable_asynccancel
31 6
32 6
33 12
37 12
39 12
42 24
45 12
56 12
fl=./nptl/./nptl/cleanup_compat.c
fn=_pthread_cleanup_pop@@GLIBC_2.34
40 1
43 2
47 2
49 1
fn=_pthread_cleanup_push@@GLIBC_2.34
25 1
28 1
29 1
30 2
32 1
33 1
fl=./nptl/./nptl/libc-cleanup.c
fn=__libc_cleanup_pop_restore
54 6
55 6
57 12
59 6
60 18
71 6
fn=__libc_cleanup_push_defer
24 6
25 6
27 12
29 12
32 12
46 18
48 6
49 6
fl=./nptl/./nptl/nptl-stack.c
fn=__nptl_stack_list_add
43 18
44 72
52 18
53 18
fl=./nptl/./nptl/pthread_attr_copy.c
fn=__pthread_attr_copy
25 234
29 144
32 18
38 54
61 144
62 18
63 198
fl=./nptl/./nptl/pthread_attr_destroy.c
fn=pthread_attr_destroy
26 18
36 54
44 36
fl=./nptl/./nptl/pthread_create.c
fn=create_thread
236 216
240 90
244 36
247 36
248 36
287 198
290 18
297 72
298 36
303 18
309 36
321 36
332 18
333 198
fn=pthread_create@@GLIBC_2.34
81 2
82 1
83 4
90 6
609 72
626 288
632 36
635 1
638 3
644 18
645 72
647 72
648 36
650 36
663 1
674 18
677 18
683 36
684 36
685 18
688 18
689 72
690 54
694 18
695 72
700 72
703 72
708 36
709 36
713 36
718 36
730 36
731 36
751 36
752 3
755 54
757 18
767 18
772 36
780 54
791 36
836 126
843 36
883 36
893 36
897 36
898 36
901 234
fn=start_thread
338 198
345 36
367 72
370 18
373 54
377 18
388 90
405 72
419 36
423 108
426 36
429 36
431 36
433 18
437 36
447 54
fl=./nptl/./nptl/pthread_getattr_default_np.c
fn=pthread_getattr_default_np@@GLIBC_2.34
24 108
25 72
26 54
27 72
29 54
fl=./nptl/./nptl/pthread_mutex_conf.c
fn=__pthread_tunables_init
55 8
56 5
58 4
60 4
62 6
fl=./nptl/./nptl/pthread_mutex_lock.c
fn=pthread_mutex_lock@@GLIBC_2.2.5
44 30101
45 120404
48 120404
77 150505
80 90303
82 30101
84 60202
88 60202
90 90249
94 90249
97 36
108 72
112 18
115 36
124 30101
130 54
131 36
179 30101
182 30101
184 30101
187 30101
190 90303
fl=./nptl/./nptl/pthread_mutex_unlock.c
fn=pthread_mutex_unlock@@GLIBC_2.2.5
39 30101
40 120404
43 120404
51 90303
52 60202
57 60202
62 30101
65 30101
70 30101
72 30101
74 36
80 72
84 54
87 36
367 120404
369 60202
fl=./nptl/./nptl/pthread_once.c
fn=__pthread_once_slow
68 11
76 1
80 2
88 2
92 2
101 4
114 13
116 1
118 3
124 1
132 10
fn=pthread_once@@GLIBC_2.34
136 1292814
139 1292814
140 2585628
143 1
144 2585626
fl=./posix/../sysdeps/unix/sysv/linux/nanosleep.c
fn=nanosleep
24 15
25 9
26 4
32 4
fl=./resource/../sysdeps/unix/sysv/linux/getrlimit64.c
fn=getrlimit
38 2
39 7
40 1
fl=./setjmp/../sysdeps/x86_64/bsd-_setjmp.S
fn=_setjmp
28 19
30 19
32 19
fl=./setjmp/../sysdeps/x86_64/setjmp.S
fn=__sigsetjmp
31 33
33 33
42 33
43 66
44 33
48 33
49 33
50 33
51 33
52 33
54 66
56 33
57 33
58 33
60 66
62 33
67 19
68 19
70 14
73 14
74 14
81 14
82 14
85 19
fl=./setjmp/./setjmp/sigjmp.c
fn=__sigjmp_save
28 114
29 19
30 38
34 76
fl=./signal/../string/bits/string_fortified.h
fn=__libc_sigaction
29 16
fl=./signal/../sysdeps/unix/sysv/linux/libc_sigaction.c
fn=__libc_sigaction
43 8
48 2
50 2
53 5
58 11
63 4
71 6
fl=./stdio-common/../include/printf_buffer.h
fn=__printf_buffer
163 72
fl=./stdio-common/../string/bits/string_fortified.h
fn=__printf_buffer_write
29 108
fl=./stdio-common/./stdio-common/Xprintf_buffer_done.c
fn=__printf_buffer_done
25 18
26 54
31 36
33 216
40 18
fl=./stdio-common/./stdio-common/Xprintf_buffer_write.c
fn=__printf_buffer_write
27 432
28 162
31 252
33 180
36 36
37 72
40 108
41 36
44 324
fl=./stdio-common/./stdio-common/_itoa.c
fn=_itoa_word
169 18
172 72
174 36
183 1800
192 36
fl=./stdio-common/./stdio-common/printf-parse.h
fn=__printf_buffer
82 162
fl=./stdio-common/./stdio-common/snprintf.c
fn=snprintf
26 216
30 108
31 54
35 90
fl=./stdio-common/./stdio-common/vfprintf-internal.c
fn=__printf_buffer
600 270
627 90
631 18
634 18
638 72
642 18
653 54
654 36
655 54
659 36
663 144
683 18
684 18
685 18
686 18
687 18
690 36
691 18
692 18
693 18
694 18
695 18
698 18
699 18
705 252
784 18
883 18
973 54
1018 18
1024 18
1028 54
1029 36
1031 36
1044 198
fl=./stdio-common/./stdio-common/vfprintf-process-arg.c
fn=__printf_buffer
66 18
67 18
92 18
93 18
94 18
126 36
128 36
130 36
131 144
136 54
138 36
155 270
161 162
166 108
170 36
186 90
187 162
195 90
197 54
199 72
201 126
206 36
208 72
211 36
224 36
233 36
236 36
240 90
fl=./stdlib/../include/rounding-mode.h
fn=round_and_return
46 4974490
52 1989796
fl=./stdlib/../stdlib/strtol.c
fn=__isoc23_strtoul
125 6
126 30
fl=./stdlib/../stdlib/strtol_l.c
fn=____strtoul_l_internal
238 78
252 6
257 6
258 6
264 12
292 6
295 24
304 36
306 12
310 6
311 12
316 12
320 12
322 6
327 12
335 6
342 12
345 24
390 18
391 18
393 6
394 6
395 6
449 18
451 66
453 45
460 12
477 18
478 6
481 27
484 36
489 21
490 27
495 12
500 18
501 6
513 12
524 30
546 54
fl=./stdlib/../sysdeps/generic/get-rounding-mode.h
fn=round_and_return
94 994898
95 8954082
fl=./stdlib/../sysdeps/ieee754/flt-32/mpn2flt.c
fn=__mpn_construct_float
29 994898
33 994898
35 5969388
40 994898
41 1989796
fl=./stdlib/../sysdeps/x86_64/lshift.S
fn=__mpn_lshift
28 994898
29 994898
30 994898
32 994898
33 994898
34 994898
46 994898
47 994898
48 994898
49 994898
50 994898
51 994898
52 994898
58 994898
59 994898
60 994898
fl=./stdlib/./stdlib/cxa_atexit.c
fn=__cxa_atexit
41 24
43 96
44 24
46 24
52 36
53 12
54 12
55 12
56 12
57 48
58 12
67 84
69 72
fn=__new_exitfn
80 60
81 12
86 24
91 76
93 48
94 55
101 1
104 22
122 1
123 1
129 33
130 22
134 1
136 12
137 12
141 60
fl=./stdlib/./stdlib/getenv.c
fn=getenv
24 9
25 8
28 2
29 199
31 98
32 30
37 9
fl=./stdlib/./stdlib/secure-getenv.c
fn=secure_getenv
28 1
29 5
fl=./stdlib/./stdlib/strtod_l.c
fn=____strtof_l_internal
508 15513600
514 1888604
553 1292800
561 3878400
563 2585600
587 1292800
595 2585600
596 3878400
597 3878400
601 1292800
602 1292800
607 1292800
610 5171200
611 6464000
614 2585600
619 2585600
632 7756800
633 2585600
641 3878400
685 297902
689 3479306
708 6464000
709 893706
710 595804
732 3181404
733 1787412
734 2383216
739 3276922
740 595804
747 1191608
765 1489510
775 10900128
776 2585600
779 3510864
788 2585600
801 3510864
804 5171200
846 2585600
855 10342400
856 2585600
862 3878400
863 1292800
864 11635200
865 34905600
868 19088424
869 8937060
870 2585600
871 7756800
874 2585600
877 2585600
880 3878400
881 2585600
882 6464000
980 2585600
1013 2585600
1015 19392000
1017 7756800
1018 1292800
1020 3878400
1023 7160996
1042 3878400
1043 1292800
1045 595804
1048 1989796
1072 1989796
1081 1989796
1175 9948980
1176 994898
1177 2984694
1180 3979592
1192 1989796
1195 1989796
1198 13928572
1204 5969388
1224 994898
1248 2984694
1249 3979592
1253 1989796
1259 1989796
1291 1989796
1294 6964286
1296 2984694
1298 4974490
1306 4974490
1310 1989796
1325 7959184
1770 14220800
fn=round_and_return
215 15918368
218 1989796
226 994898
233 994898
313 1989796
316 1989796
319 6964286
320 1989796
350 1989796
355 8954082
356 6964286
fn=str_to_mpn.isra.0
365 9948980
374 1989796
375 994898
378 994898
379 5969388
382 3510864
413 7021728
426 5266296
427 3510864
429 3510864
431 3979592
438 2984694
440 2984694
442 994898
443 994898
458 8954082
fn=strtof_l
1782 2585600
1783 2585600
fl=./string/../include/rtld-malloc.h
fn=strdup
56 28
fl=./string/../string/strcspn.c
fn=strcspn
32 6
33 3
34 2
39 6
40 4
41 4
42 4
44 1
47 9
48 6
51 4
52 4
53 4
54 4
56 3
61 13
62 26
63 26
64 26
65 13
67 78
69 1
70 4
71 3
fl=./string/../string/strstr.c
fn=__GI_strstr
77 36
82 9
84 15
85 6
86 6
161 36
fl=./string/../sysdeps/x86/cacheinfo.c
fn=__x86_cacheinfo
86 1
fl=./string/../sysdeps/x86/cacheinfo.h
fn=__x86_cacheinfo
59 1
62 3
64 3
65 1
71 3
73 3
74 1
78 2
80 2
81 2
82 2
84 2
86 2
fl=./string/../sysdeps/x86_64/multiarch/../multiarch/memcmp-sse2.S
fn=bcmp
59 7
71 7
72 7
94 1
95 1
140 1
141 1
143 1
144 1
146 1
147 1
149 1
150 1
197 1
198 1
199 1
200 1
201 1
202 1
255 6
257 6
258 6
259 6
260 6
261 6
262 6
269 6
271 6
273 6
274 6
275 6
276 6
277 6
281 6
289 6
fl=./string/../sysdeps/x86_64/multiarch/../multiarch/memset-vec-unaligned-erms.S
fn=memset
132 91
133 455
138 91
139 91
142 66
143 66
145 25
146 25
147 25
244 41
245 41
257 41
260 41
261 41
273 41
274 41
287 41
288 41
290 41
293 3
296 6
299 93
300 93
301 93
302 93
303 93
304 93
305 93
308 41
309 41
310 41
311 41
316 41
350 25
352 25
353 25
392 25
393 25
395 25
fl=./string/../sysdeps/x86_64/multiarch/../multiarch/strchr-sse2.S
fn=index
32 37
33 37
34 37
35 37
36 37
37 37
38 37
39 37
40 37
41 37
42 37
43 37
44 37
45 37
46 37
47 37
48 37
49 37
50 24
54 24
55 24
56 24
57 24
59 24
63 13
64 13
65 13
66 13
67 13
68 13
69 13
70 13
71 13
72 13
73 13
74 13
75 13
76 13
77 13
78 13
79 13
80 13
81 13
82 13
83 13
84 13
85 13
86 13
138 13
142 13
143 13
144 13
145 13
147 13
fl=./string/../sysdeps/x86_64/multiarch/../multiarch/strcmp-sse2.S
fn=strcmp
98 2577
131 2577
132 2577
134 2577
135 2577
156 2577
157 2577
158 2370
159 2370
160 2241
161 2241
162 2241
163 2241
180 2241
181 2241
182 2241
183 2241
184 2241
185 2241
186 2241
191 60
192 180
201 396
202 396
203 396
204 396
205 396
206 396
207 396
208 396
209 310
210 147
211 147
212 147
214 310
215 310
216 310
217 310
218 310
219 310
229 86
230 86
231 86
233 86
239 86
240 86
241 86
242 86
243 86
248 86
250 76
251 76
252 152
260 77
261 77
264 77
265 77
266 77
267 77
268 77
269 77
275 3
276 3
277 3
280 3
281 3
282 3
283 3
284 3
285 3
290 1
291 1
300 6
301 6
302 6
303 6
304 6
306 6
307 6
308 6
309 6
310 6
311 6
312 6
313 6
316 6
317 6
318 6
324 6
325 6
326 12
330 6
331 6
334 6
335 6
336 6
338 6
339 6
340 6
344 6
345 6
346 6
347 6
348 6
349 6
542 3
543 3
544 3
545 3
546 3
548 3
549 3
550 3
551 3
552 3
553 3
554 3
555 2
559 2
560 2
561 2
567 2
568 2
569 4
573 4
574 4
577 4
578 4
579 4
581 4
582 4
583 4
587 4
588 4
589 4
590 4
591 4
592 4
599 3
600 3
602 3
603 3
605 3
606 3
607 3
609 3
610 3
611 3
615 3
616 3
617 3
618 3
619 3
620 3
627 2
628 2
629 2
661 5
662 5
663 5
664 5
665 5
667 5
668 5
669 5
670 5
671 5
672 5
673 5
674 4
678 4
679 4
680 4
686 4
687 4
688 8
692 5
693 5
696 5
697 5
698 5
700 5
701 5
702 5
706 5
707 5
708 5
709 5
710 5
711 5
718 1
719 1
721 1
722 1
724 1
725 1
726 1
728 1
729 1
730 1
734 1
735 1
736 1
737 1
738 1
739 1
746 1
747 1
748 1
780 5
781 5
782 5
783 5
784 5
786 5
787 5
788 5
789 5
790 5
791 5
792 5
793 4
797 4
798 4
799 4
805 4
806 4
807 8
811 6
812 6
815 5
816 5
817 5
819 5
820 5
821 5
825 5
826 5
827 5
828 5
829 5
830 5
837 4
838 4
840 4
841 4
843 4
844 4
845 4
847 4
848 4
849 4
853 4
854 4
855 4
856 4
857 4
858 4
865 2
866 2
867 2
871 1
872 1
873 1
874 1
887 1
888 1
889 1
890 1
899 9
900 9
901 9
902 9
903 9
905 9
906 9
907 9
908 9
909 9
910 9
911 9
912 8
916 8
917 8
918 8
924 8
925 8
926 16
930 10
931 10
934 10
935 10
936 10
938 10
939 10
940 10
944 10
945 10
946 10
947 10
948 10
949 10
956 6
957 6
959 6
960 6
962 6
963 6
964 6
966 6
967 6
968 6
972 6
973 6
974 6
975 6
976 6
977 6
984 2
985 2
986 2
1018 7
1019 7
1020 7
1021 7
1022 7
1024 7
1025 7
1026 7
1027 7
1028 7
1029 7
1030 7
1031 6
1035 6
1036 6
1037 6
1043 6
1044 6
1045 12
1049 7
1050 7
1053 7
1054 7
1055 7
1057 7
1058 7
1059 7
1063 7
1064 7
1065 7
1066 7
1067 7
1068 7
1075 1
1076 1
1078 1
1079 1
1081 1
1082 1
1083 1
1085 1
1086 1
1087 1
1091 1
1092 1
1093 1
1094 1
1095 1
1096 1
1103 1
1104 1
1105 1
1137 23
1138 23
1139 23
1140 23
1141 23
1143 23
1144 23
1145 23
1146 23
1147 23
1148 23
1149 23
1150 12
1154 12
1155 12
1156 12
1162 12
1163 12
1164 24
1168 16
1169 16
1172 16
1173 16
1174 16
1176 16
1177 16
1178 16
1182 16
1183 16
1184 16
1185 16
1186 16
1187 16
1194 8
1195 8
1197 8
1198 8
1200 8
1201 8
1202 8
1204 8
1205 8
1206 8
1210 8
1211 8
1212 8
1213 8
1214 8
1215 8
1222 4
1223 4
1224 4
1256 23
1257 23
1258 23
1259 23
1260 23
1262 23
1263 23
1264 23
1265 23
1266 23
1267 23
1268 23
1269 13
1273 13
1274 13
1275 13
1281 13
1282 13
1283 26
1287 16
1288 16
1291 16
1292 16
1293 16
1295 16
1296 16
1297 16
1301 16
1302 16
1303 16
1304 16
1305 16
1306 16
1313 4
1314 4
1316 4
1317 4
1319 4
1320 4
1321 4
1323 4
1324 4
1325 4
1329 4
1330 4
1331 4
1332 4
1333 4
1334 4
1341 3
1342 3
1343 3
1375 29
1376 29
1377 29
1378 29
1379 29
1381 29
1382 29
1383 29
1384 29
1385 29
1386 29
1387 29
1388 16
1392 16
1393 16
1394 16
1400 16
1401 16
1402 32
1406 16
1407 16
1410 16
1411 16
1412 16
1414 16
1415 16
1416 16
1420 16
1421 16
1422 16
1423 16
1424 16
1425 16
1432 2
1433 2
1435 2
1436 2
1438 2
1439 2
1440 2
1442 2
1443 2
1444 2
1448 2
1449 2
1450 2
1451 2
1452 2
1453 2
1494 45
1495 45
1496 45
1497 45
1498 45
1500 45
1501 45
1502 45
1503 45
1504 45
1505 45
1506 45
1507 33
1511 33
1512 33
1513 33
1519 33
1520 33
1521 66
1525 39
1526 39
1529 39
1530 39
1531 39
1533 39
1534 39
1535 39
1539 39
1540 39
1541 39
1542 39
1543 39
1544 39
1551 8
1552 8
1554 8
1555 8
1557 8
1558 8
1559 8
1561 8
1562 8
1563 8
1567 8
1568 8
1569 8
1570 8
1571 8
1572 8
1579 6
1580 6
1581 6
1613 45
1614 45
1615 45
1616 45
1617 45
1619 45
1620 45
1621 45
1622 45
1623 45
1624 45
1625 45
1626 21
1630 21
1631 21
1632 21
1638 21
1639 21
1640 42
1644 25
1645 25
1648 25
1649 25
1650 25
1652 25
1653 25
1654 25
1658 25
1659 25
1660 25
1661 25
1662 25
1663 25
1670 7
1671 7
1673 7
1674 7
1676 7
1677 7
1678 7
1680 7
1681 7
1682 7
1686 7
1687 7
1688 7
1689 7
1690 7
1691 7
1698 4
1699 4
1700 4
1732 32
1733 32
1734 32
1735 32
1736 32
1738 32
1739 32
1740 32
1741 32
1742 32
1743 32
1744 32
1745 17
1749 17
1750 17
1751 17
1757 17
1758 17
1759 34
1763 20
1764 20
1767 20
1768 20
1769 20
1771 20
1772 20
1773 20
1777 20
1778 20
1779 20
1780 20
1781 20
1782 20
1789 5
1790 5
1792 5
1793 5
1795 5
1796 5
1797 5
1799 5
1800 5
1801 5
1805 5
1806 5
1807 5
1808 5
1809 5
1810 5
1817 3
1818 3
1819 3
1823 1
1824 1
1825 1
1826 1
1833 1
1834 1
1835 1
1851 35
1852 35
1853 35
1854 35
1855 35
1857 35
1858 35
1859 35
1860 35
1861 35
1862 35
1863 35
1864 19
1868 19
1869 19
1870 19
1876 19
1877 19
1878 38
1882 20
1883 20
1886 20
1887 20
1888 20
1890 20
1891 20
1892 20
1896 20
1897 20
1898 20
1899 20
1900 20
1901 20
1908 5
1909 5
1911 5
1912 5
1914 5
1915 5
1916 5
1918 5
1919 5
1920 5
1924 5
1925 5
1926 5
1927 5
1928 5
1929 5
1936 1
1937 1
1938 1
1970 43
1971 43
1972 43
1973 43
1974 43
1976 43
1977 43
1978 43
1979 43
1980 43
1981 43
1982 43
1984 19
1988 19
1989 19
1990 19
1996 19
1997 19
1999 38
2003 21
2004 21
2007 21
2008 21
2009 21
2011 21
2012 21
2013 21
2017 21
2018 21
2019 21
2020 21
2021 21
2022 21
2029 7
2030 7
2032 7
2033 7
2035 7
2036 7
2037 7
2039 7
2040 7
2041 7
2045 7
2046 7
2047 7
2048 7
2049 7
2050 7
2057 2
2058 2
2059 2
2086 1
2087 1
2088 1
2089 2
2093 256
2095 396
2096 396
2097 396
2098 396
2099 294
2104 2577
2110 2577
2111 2577
2119 2577
2120 2577
fn=strncmp
98 1
125 1
126 1
127 1
128 1
129 1
131 1
132 1
134 1
135 1
156 1
157 1
158 1
159 1
160 1
161 1
162 1
163 1
180 1
181 1
182 1
183 1
184 1
185 1
186 1
2104 1
2107 1
2108 1
2110 1
2111 1
2119 1
2120 1
fl=./string/../sysdeps/x86_64/multiarch/../multiarch/strlen-sse2.S
fn=strlen
57 46
101 46
102 46
103 46
104 46
105 46
106 46
107 46
109 46
111 46
142 45
143 45
144 45
145 45
146 45
147 14
149 14
153 31
154 31
155 31
156 31
157 31
158 31
159 31
160 31
161 31
162 31
163 31
164 31
169 246
173 1
174 14
175 8
243 2
244 2
245 2
246 2
247 2
248 2
249 2
250 2
252 2
254 2
255 2
256 2
257 2
258 2
259 2
260 2
261 2
262 1
268 1
269 14
271 1
272 1
273 1
275 1
fl=./string/../sysdeps/x86_64/multiarch/ifunc-avx2.h
fn=memrchr
38 4
40 3
41 2
42 3
45 2
46 2
49 3
52 6
fn=rindex
38 4
40 3
41 2
42 3
45 2
46 2
49 3
52 6
fn=strchrnul
38 4
40 3
41 2
42 3
45 2
46 2
49 3
52 6
fn=strlen
38 12
40 9
41 6
42 9
45 6
46 6
49 9
52 18
fn=strnlen
38 8
40 6
41 4
42 6
45 4
46 4
49 6
52 12
fl=./string/../sysdeps/x86_64/multiarch/ifunc-evex.h
fn=memchr
37 12
38 9
39 9
42 6
43 6
45 6
51 9
54 12
fl=./string/../sysdeps/x86_64/multiarch/ifunc-memcmp.h
fn=bcmp
34 15
35 6
36 6
37 9
40 6
41 6
44 9
47 12
fl=./string/../sysdeps/x86_64/multiarch/ifunc-memmove.h
fn=memcpy@@GLIBC_2.14
56 6
57 9
60 9
61 6
74 6
77 6
85 6
93 6
96 15
fn=memmove
56 4
57 6
60 6
61 4
74 4
77 4
85 4
93 4
96 10
fn=mempcpy
56 2
57 3
60 3
61 2
74 2
77 2
85 2
93 2
96 5
fl=./string/../sysdeps/x86_64/multiarch/ifunc-memset.h
fn=memset
54 10
57 6
58 4
64 4
73 4
75 4
85 4
93 4
96 10
fl=./string/../sysdeps/x86_64/multiarch/ifunc-sse4_2.h
fn=strcspn
36 5
fn=strpbrk
36 5
fn=strspn
36 5
fl=./string/../sysdeps/x86_64/multiarch/ifunc-strcasecmp.h
fn=strcasecmp
36 4
37 2
38 3
41 2
42 2
45 3
48 5
fn=strcasecmp_l
36 4
37 2
38 3
41 2
42 2
45 3
48 5
fn=strncasecmp
36 4
37 2
38 3
41 2
42 2
45 3
48 5
fn=strncasecmp_l
36 4
37 2
38 3
41 2
42 2
45 3
48 5
fl=./string/../sysdeps/x86_64/multiarch/ifunc-strcpy.h
fn=stpcpy
38 4
39 3
42 2
43 2
46 3
49 3
fn=strcat
38 4
39 3
42 2
43 2
46 3
49 3
fn=strcpy
38 4
39 3
42 2
43 2
46 3
49 3
fl=./string/../sysdeps/x86_64/multiarch/ifunc-strncpy.h
fn=stpncpy
35 5
36 3
39 2
40 2
43 3
46 4
fn=strncpy
35 5
36 3
39 2
40 2
43 3
46 4
fl=./string/../sysdeps/x86_64/multiarch/memchr-avx2.S
fn=__memchr_avx2
61 105
68 105
70 105
73 105
74 105
76 105
77 105
78 105
79 105
82 104
83 104
86 104
87 104
89 99
90 99
101 5
106 5
113 5
114 5
115 5
116 5
121 47
122 47
123 47
124 94
133 50
134 50
135 50
136 100
161 100
162 100
163 100
165 100
175 100
176 100
179 100
180 100
182 97
183 97
185 50
186 50
187 50
188 50
257 3
258 3
261 1
262 1
310 2
312 2
314 2
315 2
316 2
317 2
318 4
338 1
342 1
344 1
345 2
366 1
367 1
368 1
369 1
412 1
415 1
416 1
417 1
420 1
421 1
428 1
431 1
432 1
434 1
435 1
fl=./string/../sysdeps/x86_64/multiarch/memchr.c
fn=memchr
29 6
fl=./string/../sysdeps/x86_64/multiarch/memcmp-avx2-movbe.S
fn=__memcmp_avx2_movbe
73 50
80 50
81 50
84 1
85 1
86 1
90 1
91 1
93 1
94 1
97 1
98 1
99 1
102 1
103 1
106 1
107 1
110 1
111 1
112 1
113 1
114 1
115 1
116 1
117 1
118 1
119 1
122 1
123 1
129 1
130 1
131 1
132 1
136 1
137 1
139 1
140 1
141 1
142 1
145 1
146 1
147 1
148 1
149 1
150 1
152 2
156 39
166 39
167 39
168 39
171 78
401 49
402 49
407 49
408 49
409 49
410 49
411 49
414 49
415 49
416 49
417 49
420 49
421 49
422 10
423 20
fl=./string/../sysdeps/x86_64/multiarch/memcmp.c
fn=bcmp
29 12
fl=./string/../sysdeps/x86_64/multiarch/memcmpeq.c
fn=memcpy@@GLIBC_2.14
29 3
fl=./string/../sysdeps/x86_64/multiarch/memmove-vec-unaligned-erms.S
fn=__memcpy_avx_unaligned_erms
255 545
256 545
262 577
263 577
265 506
266 506
267 506
270 305
271 305
272 305
275 610
305 71
306 71
308 36
309 36
311 33
315 33
316 9
317 9
318 9
319 9
320 6
321 6
323 9
325 9
331 24
332 24
333 24
334 24
335 24
342 35
343 35
344 35
345 35
347 35
364 3
365 3
366 3
367 3
368 3
375 100
376 100
377 100
378 100
379 100
380 100
381 200
386 201
387 201
392 200
393 200
395 100
396 100
397 100
417 100
418 100
422 100
424 100
428 100
429 100
440 100
443 100
445 100
447 100
451 100
452 100
461 94
462 94
464 94
466 94
467 94
468 94
471 94
473 94
475 94
477 188
483 282
484 282
485 282
486 282
487 282
488 282
489 282
490 282
491 282
492 282
493 282
494 282
496 94
497 94
498 94
499 94
501 94
505 188
518 6
519 6
521 6
522 6
523 6
525 6
527 6
529 12
535 18
536 18
537 18
538 18
539 18
540 18
541 18
542 18
543 18
544 18
545 18
546 18
548 6
549 6
550 6
551 6
553 6
554 12
601 1
602 1
606 1
608 1
611 1
615 1
616 1
684 1
685 1
686 1
691 1
692 1
693 1
700 1
706 1
708 1
716 1
717 1
719 1
721 1
723 1
725 1
733 1
734 1
735 1
736 1
741 1
742 1
743 1
746 1
748 2
753 624
755 39936
756 39936
757 39936
758 39936
760 79872
761 79872
762 19968
764 79872
765 79872
766 19968
767 19968
768 19968
769 624
770 624
771 624
772 624
773 1
776 1
777 1
782 126
783 126
784 63
785 63
786 63
787 63
788 63
789 63
790 63
791 63
792 63
793 63
794 63
795 63
796 63
800 1
801 1
802 1
803 1
805 1
806 1
807 1
808 1
809 2
fn=__mempcpy_avx_unaligned_erms
242 32
243 32
244 32
245 32
fn=memcpy
210 42
211 42
217 199
218 199
220 82
221 82
222 82
224 64
225 64
226 64
228 64
308 117
309 117
311 76
315 76
316 76
317 76
318 1
319 1
323 1
325 76
364 41
365 41
366 41
367 41
368 41
375 15
376 15
377 15
378 15
379 15
380 15
381 15
392 18
393 18
395 15
396 15
397 15
417 3
418 3
422 3
424 3
440 3
443 3
445 3
447 3
451 3
452 3
461 3
462 3
464 3
466 3
467 3
468 3
471 3
473 3
475 3
477 3
483 9
484 9
485 9
486 9
487 9
488 9
489 9
490 9
491 9
492 9
493 9
494 9
496 3
497 3
498 3
499 3
501 3
505 3
fn=mempcpy
197 157
198 157
199 157
200 157
fl=./string/../sysdeps/x86_64/multiarch/memmove.c
fn=memmove
29 2
fl=./string/../sysdeps/x86_64/multiarch/mempcpy.c
fn=mempcpy
33 1
fl=./string/../sysdeps/x86_64/multiarch/memrchr.c
fn=memrchr
29 3
fl=./string/../sysdeps/x86_64/multiarch/memset-vec-unaligned-erms.S
fn=__memset_avx2_unaligned_erms
158 19
159 38
164 19
165 19
166 18
167 18
168 18
237 18
238 18
244 18
245 18
257 18
260 18
261 18
273 18
274 18
287 18
288 18
290 18
293 18
296 18
299 18
300 18
301 18
302 18
303 18
304 18
305 36
308 18
309 18
310 18
311 18
314 36
337 1
346 1
347 1
378 1
379 1
380 1
fl=./string/../sysdeps/x86_64/multiarch/memset.c
fn=memset
29 2
fl=./string/../sysdeps/x86_64/multiarch/stpcpy.c
fn=stpcpy
33 3
fl=./string/../sysdeps/x86_64/multiarch/stpncpy.c
fn=stpncpy
31 3
fl=./string/../sysdeps/x86_64/multiarch/strcasecmp.c
fn=strcasecmp
31 3
fl=./string/../sysdeps/x86_64/multiarch/strcasecmp_l.c
fn=strcasecmp_l
31 3
fl=./string/../sysdeps/x86_64/multiarch/strcat.c
fn=strcat
29 3
fl=./string/../sysdeps/x86_64/multiarch/strchr-avx2.S
fn=__strchr_avx2
53 3
55 3
56 3
57 3
58 3
59 3
62 3
63 3
67 3
68 3
69 3
70 3
71 3
72 3
73 3
74 3
77 3
85 3
93 3
94 6
fn=__strchrnul_avx2
53 36
55 36
56 36
57 36
58 36
59 36
62 36
63 36
67 36
68 36
69 36
70 36
71 36
72 36
73 36
74 36
87 36
89 72
fl=./string/../sysdeps/x86_64/multiarch/strchr.c
fn=index
42 4
43 2
44 3
47 2
48 2
51 3
54 3
65 3
fl=./string/../sysdeps/x86_64/multiarch/strchrnul.c
fn=strchrnul
31 3
fl=./string/../sysdeps/x86_64/multiarch/strcmp-avx2.S
fn=__strncmp_avx2
206 5
230 5
235 5
249 5
274 5
275 5
276 5
278 5
279 5
283 4
287 4
289 4
291 4
294 4
296 4
297 4
308 4
318 4
319 4
322 4
326 8
331 4
332 4
333 4
957 1
958 1
959 1
960 1
962 1
965 1
966 1
993 1
994 1
995 1
996 1
997 1
998 1
1000 1
1047 1
1048 1
1051 1
1052 1
1053 1
1056 2
1063 1
1064 1
1065 1
1066 1
1076 1
1077 1
1080 1
1081 1
1082 1
1083 1
1089 1
1091 1
1094 1
1095 1
fl=./string/../sysdeps/x86_64/multiarch/strcmp.c
fn=strcmp
47 4
48 2
49 3
52 2
53 2
56 3
59 3
79 3
fl=./string/../sysdeps/x86_64/multiarch/strcpy.c
fn=strcpy
29 3
fl=./string/../sysdeps/x86_64/multiarch/strcspn.c
fn=strcspn
29 2
fl=./string/../sysdeps/x86_64/multiarch/strlen-avx2.S
fn=__strlen_avx2
52 1292894
65 1292894
66 1292894
67 1292894
70 1292894
72 1292894
73 1292894
76 1292894
77 1292894
85 1292894
86 1292894
87 1292891
92 2585782
118 3
131 3
132 3
133 3
139 6
221 3
236 3
242 3
243 3
244 3
fl=./string/../sysdeps/x86_64/multiarch/strlen.c
fn=strlen
29 9
fl=./string/../sysdeps/x86_64/multiarch/strncase.c
fn=strncasecmp
31 3
fl=./string/../sysdeps/x86_64/multiarch/strncase_l.c
fn=strncasecmp_l
31 3
fl=./string/../sysdeps/x86_64/multiarch/strncmp.c
fn=strncmp
43 4
44 2
45 3
48 2
49 2
52 3
55 5
67 3
fl=./string/../sysdeps/x86_64/multiarch/strncpy.c
fn=strncpy
29 3
fl=./string/../sysdeps/x86_64/multiarch/strnlen.c
fn=strnlen
31 6
fl=./string/../sysdeps/x86_64/multiarch/strpbrk.c
fn=strpbrk
29 2
fl=./string/../sysdeps/x86_64/multiarch/strrchr-avx2.S
fn=__strrchr_avx2
53 1
54 1
55 1
57 1
58 1
62 1
63 1
64 1
322 1
323 1
324 1
325 1
326 1
329 1
330 1
331 1
332 1
333 1
337 1
338 1
340 1
341 1
342 1
343 1
348 2
fl=./string/../sysdeps/x86_64/multiarch/strrchr.c
fn=rindex
28 3
fl=./string/../sysdeps/x86_64/multiarch/strspn.c
fn=strspn
29 2
fl=./string/./string/strdup.c
fn=strdup
40 84
41 28
44 28
47 56
48 42
fl=./time/../sysdeps/unix/sysv/linux/clock_gettime.c
fn=clock_gettime@@GLIBC_2.17
30 1
38 2
40 2
44 2
68 2
69 2
fl=./time/../sysdeps/unix/sysv/linux/clock_nanosleep.c
fn=clock_nanosleep@@GLIBC_2.17
63 36
64 15
66 6
78 43
80 10
113 2
114 22
fl=./wcsmbs/../sysdeps/x86_64/multiarch/ifunc-avx2.h
fn=wcschr
38 8
40 6
41 4
42 6
45 4
46 4
49 6
52 12
fn=wcscmp
38 4
40 3
41 2
42 3
45 2
46 2
49 3
52 6
fl=./wcsmbs/../sysdeps/x86_64/multiarch/ifunc-evex.h
fn=wmemchr
37 8
38 6
39 6
42 4
43 4
45 4
51 6
54 8
fl=./wcsmbs/../sysdeps/x86_64/multiarch/ifunc-memcmp.h
fn=wmemcmp
34 5
35 2
36 2
37 3
40 2
41 2
44 3
47 4
fl=./wcsmbs/../sysdeps/x86_64/multiarch/ifunc-wcs.h
fn=wcpncpy
39 4
40 3
41 3
44 2
45 3
48 4
fn=wcscat
39 4
40 3
41 3
44 2
45 3
48 4
fn=wcsncpy
39 4
40 3
41 3
44 2
45 3
48 4
fl=./wcsmbs/../sysdeps/x86_64/multiarch/ifunc-wcslen.h
fn=wcslen
40 4
41 2
42 3
45 2
46 2
49 3
52 3
fn=wcsnlen
40 4
41 2
42 3
45 2
46 2
49 3
52 3
fl=./wcsmbs/../sysdeps/x86_64/multiarch/ifunc-wmemset.h
fn=wmemset
36 10
37 6
fl=./wcsmbs/../sysdeps/x86_64/multiarch/wcpcpy.c
fn=wcpncpy
31 1
fl=./wcsmbs/../sysdeps/x86_64/multiarch/wcpncpy.c
fn=wcpncpy
31 1
fl=./wcsmbs/../sysdeps/x86_64/multiarch/wcscat.c
fn=wcscat
31 2
fn=wcschr
31 2
fl=./wcsmbs/../sysdeps/x86_64/multiarch/wcschr.c
fn=wcschr
31 4
fl=./wcsmbs/../sysdeps/x86_64/multiarch/wcscmp.c
fn=wcscmp
30 3
fl=./wcsmbs/../sysdeps/x86_64/multiarch/wcscpy.c
fn=wcscpy
42 4
43 2
44 3
46 2
47 3
50 3
60 2
fl=./wcsmbs/../sysdeps/x86_64/multiarch/wcslen.c
fn=wcslen
29 3
fl=./wcsmbs/../sysdeps/x86_64/multiarch/wcsncpy.c
fn=wcsncpy
31 2
fl=./wcsmbs/../sysdeps/x86_64/multiarch/wcsnlen.c
fn=wcsnlen
30 3
fl=./wcsmbs/../sysdeps/x86_64/multiarch/wmemchr.c
fn=wmemchr
31 4
fl=./wcsmbs/../sysdeps/x86_64/multiarch/wmemcmp.c
fn=wmemcmp
29 4
fl=./wcsmbs/../sysdeps/x86_64/multiarch/wmemset.c
fn=wmemset
31 4
fl=./wcsmbs/./wcsmbs/btowc.c
fn=btowc
32 2560
37 1792
42 512
46 384
47 256
48 256
52 512
55 1152
94 1792
fl=./wcsmbs/./wcsmbs/wctob.c
fn=wctob
30 1280
39 384
44 256
45 128
79 1152
fl=./wcsmbs/./wcsmbsload.h
fn=btowc
69 128
70 384
fl=./wctype/./wctype/wctype_l.c
fn=wctype_l
26 110
29 20
32 30
33 68
35 174
37 410
40 48
41 96
45 20
46 10
47 80
fl=/home/ray847/projects/DataStructures/PJ/src/Global.h
fn=__static_initialization_and_destruction_0()
95 10
fl=/home/ray847/projects/DataStructures/PJ/src/TestBench.cpp
fn=(anonymous namespace)::LoadBaseFromFile(global::DataSetInfo const&)
29 11
30 22
31 18
32 8
34 11
35 25600019
36 9
37 2
38 12
fn=(anonymous namespace)::LoadDataset(global::DataSetInfo const&)
70 10
71 18
72 3
73 5
74 4
75 4
78 14
79 14
80 14
82 5
83 1
84 7
fn=(anonymous namespace)::LoadLabelsFromFile(global::DataSetInfo const&)
53 11
54 22
55 18
56 8
58 16
59 1519
60 300
61 500
62 900
63 21900
64 600
65 9
66 2
67 12
fn=(anonymous namespace)::LoadSamplesFromFile(global::DataSetInfo const&)
40 11
41 22
42 18
43 8
45 19
46 1519
47 257900
49 9
50 2
51 12
fn=(anonymous namespace)::LoadedDataset::LoadedDataset()
19 22
fn=_GLOBAL__sub_I_main
206 6
fn=__static_initialization_and_destruction_0()
206 6
fn=main
147 9
175 5
176 5
177 11
fn=void (anonymous namespace)::RunTest<TunableHNSW::HNSWConfig<128, true, (TunableHNSW::SearchStrategy)0, (TunableHNSW::QuantizationStrategy)0, (TunableHNSW::IndexStrategy)0, 32ul, 64ul, 300ul, 100ul, 16, 100, 0, 0ul, 0, 0, 0ul, false> >((anonymous namespace)::LoadedDataset const&, std::basic_string_view<char, std::char_traits<char> >)
88 19
90 4
95 5
96 26
97 5
109 5
110 16
112 9
113 2
116 9
fl=/home/ray847/projects/DataStructures/PJ/src/TunableHNSW/../Eigen/src/Core/util/IndexedViewHelper.h
fn=Eigen::internal::all_t::all_t()
137 7
fn=__static_initialization_and_destruction_0()
38 3
57 6
171 3
fl=/home/ray847/projects/DataStructures/PJ/src/TunableHNSW/../Eigen/src/Core/util/IntegralConstant.h
fn=Eigen::internal::FixedInt<1>::FixedInt()
56 7
fn=Eigen::internal::FixedInt<1>::operator()() const
82 7
fn=__static_initialization_and_destruction_0()
189 3
fl=/home/ray847/projects/DataStructures/PJ/src/TunableHNSW/../Eigen/src/Core/util/SymbolicIndex.h
fn=Eigen::symbolic::AddExpr<Eigen::symbolic::SymbolExpr<Eigen::internal::symbolic_last_tag>, Eigen::symbolic::ValueExpr<Eigen::internal::FixedInt<1> > > Eigen::symbolic::BaseExpr<Eigen::symbolic::SymbolExpr<Eigen::internal::symbolic_last_tag> >::operator+<1>(Eigen::internal::FixedInt<1>) const
117 8
118 18
fn=Eigen::symbolic::AddExpr<Eigen::symbolic::SymbolExpr<Eigen::internal::symbolic_last_tag>, Eigen::symbolic::ValueExpr<Eigen::internal::FixedInt<1> > >::AddExpr(Eigen::symbolic::SymbolExpr<Eigen::internal::symbolic_last_tag> const&, Eigen::symbolic::ValueExpr<Eigen::internal::FixedInt<1> > const&)
254 9
fn=Eigen::symbolic::BaseExpr<Eigen::symbolic::SymbolExpr<Eigen::internal::symbolic_last_tag> >::derived() const
80 7
fn=Eigen::symbolic::SymbolExpr<Eigen::internal::symbolic_last_tag>::SymbolExpr()
219 7
fn=Eigen::symbolic::ValueExpr<Eigen::internal::FixedInt<1> >::ValueExpr()
66 7
fl=/home/ray847/projects/DataStructures/PJ/src/TunableHNSW/Distance.h
fn=TunableHNSW::Distance<128, true, void>::L2Sq(float const*, float const*)
107 32711210
109 4673030
111 252343583
112 598147752
113 897221628
114 523379283
115 74768469
118 4673028
119 32711196
120 23365140
121 23365140
122 14019084
125 9346056
fl=/home/ray847/projects/DataStructures/PJ/src/TunableHNSW/HNSW.h
fn=TunableHNSW::HNSW<TunableHNSW::HNSWConfig<128, true, (TunableHNSW::SearchStrategy)0, (TunableHNSW::QuantizationStrategy)0, (TunableHNSW::IndexStrategy)0, 32ul, 64ul, 300ul, 100ul, 16, 100, 0, 0ul, 0, 0, 0ul, false> >::AddConnection_(int, int, int)
420 360984
422 240656
423 270738
424 270738
425 180492
426 270738
427 1965906
428 4084932
429 149924
430 120304
431 210511
432 330803
434 9
435 18
436 783
437 5376
438 57
439 3
440 30
442 27
443 9
444 330896
fn=TunableHNSW::HNSW<TunableHNSW::HNSWConfig<128, true, (TunableHNSW::SearchStrategy)0, (TunableHNSW::QuantizationStrategy)0, (TunableHNSW::IndexStrategy)0, 32ul, 64ul, 300ul, 100ul, 16, 100, 0, 0ul, 0, 0, 0ul, false> >::Build(std::vector<float, std::allocator<float> > const&)
77 8
78 12
79 5
80 7
81 7
83 3
86 20
88 5
89 3
fn=TunableHNSW::HNSW<TunableHNSW::HNSWConfig<128, true, (TunableHNSW::SearchStrategy)0, (TunableHNSW::QuantizationStrategy)0, (TunableHNSW::IndexStrategy)0, 32ul, 64ul, 300ul, 100ul, 16, 100, 0, 0ul, 0, 0, 0ul, false> >::BuildGraphConcurrently_()
247 9
248 1
249 2
250 2
251 4
260 3
261 5
262 113
263 108
267 1
268 31
269 51
270 9
271 57
272 6
274 27
fn=TunableHNSW::HNSW<TunableHNSW::HNSWConfig<128, true, (TunableHNSW::SearchStrategy)0, (TunableHNSW::QuantizationStrategy)0, (TunableHNSW::IndexStrategy)0, 32ul, 64ul, 300ul, 100ul, 16, 100, 0, 0ul, 0, 0, 0ul, false> >::BuildGraphConcurrently_()::{lambda(int)#1}::operator()(int) const
251 180
252 54
253 126
254 3362
255 20280
256 16900
257 23660
fn=TunableHNSW::HNSW<TunableHNSW::HNSWConfig<128, true, (TunableHNSW::SearchStrategy)0, (TunableHNSW::QuantizationStrategy)0, (TunableHNSW::IndexStrategy)0, 32ul, 64ul, 300ul, 100ul, 16, 100, 0, 0ul, 0, 0, 0ul, false> >::DistSqFP_(int, int)
182 13549459
183 9678185
184 21292007
185 11613822
186 3871274
fn=TunableHNSW::HNSW<TunableHNSW::HNSWConfig<128, true, (TunableHNSW::SearchStrategy)0, (TunableHNSW::QuantizationStrategy)0, (TunableHNSW::IndexStrategy)0, 32ul, 64ul, 300ul, 100ul, 16, 100, 0, 0ul, 0, 0, 0ul, false> >::GetLinkOffset_(int) const
290 5037360
291 3118686
292 2014944
fn=TunableHNSW::HNSW<TunableHNSW::HNSWConfig<128, true, (TunableHNSW::SearchStrategy)0, (TunableHNSW::QuantizationStrategy)0, (TunableHNSW::IndexStrategy)0, 32ul, 64ul, 300ul, 100ul, 16, 100, 0, 0ul, 0, 0, 0ul, false> >::GetNeighborsHeuristic_(int, std::vector<std::pair<float, int>, std::allocator<std::pair<float, int> > >&, int, int*, int&)
399 48650
402 17266
403 6950
404 17375
405 34750
406 14451270
407 4793930
408 958786
409 10786696
410 34837956
411 928646
412 928646
415 2279252
417 20844
fn=TunableHNSW::HNSW<TunableHNSW::HNSWConfig<128, true, (TunableHNSW::SearchStrategy)0, (TunableHNSW::QuantizationStrategy)0, (TunableHNSW::IndexStrategy)0, 32ul, 64ul, 300ul, 100ul, 16, 100, 0, 0ul, 0, 0, 0ul, false> >::GetRandomLevel_(std::mersenne_twister_engine<unsigned long, 32ul, 624ul, 397ul, 31ul, 2567483615ul, 11ul, 4294967295ul, 7ul, 2636928640ul, 15ul, 4022730752ul, 18ul, 1812433253ul>&)
283 90000
284 70000
285 220000
286 10000
287 50000
fn=TunableHNSW::HNSW<TunableHNSW::HNSWConfig<128, true, (TunableHNSW::SearchStrategy)0, (TunableHNSW::QuantizationStrategy)0, (TunableHNSW::IndexStrategy)0, 32ul, 64ul, 300ul, 100ul, 16, 100, 0, 0ul, 0, 0, 0ul, false> >::HNSW()
54 6
55 3
56 43
69 4
fn=TunableHNSW::HNSW<TunableHNSW::HNSWConfig<128, true, (TunableHNSW::SearchStrategy)0, (TunableHNSW::QuantizationStrategy)0, (TunableHNSW::IndexStrategy)0, 32ul, 64ul, 300ul, 100ul, 16, 100, 0, 0ul, 0, 0, 0ul, false> >::InitializeNodes_()
231 11
232 4
233 50006
234 60000
235 80000
236 150000
237 170000
238 10000
239 31348
240 110000
242 2
243 8
244 7
fn=TunableHNSW::HNSW<TunableHNSW::HNSWConfig<128, true, (TunableHNSW::SearchStrategy)0, (TunableHNSW::QuantizationStrategy)0, (TunableHNSW::IndexStrategy)0, 32ul, 64ul, 300ul, 100ul, 16, 100, 0, 0ul, 0, 0, 0ul, false> >::Insert_(unsigned long, TunableHNSW::HNSW<TunableHNSW::HNSWConfig<128, true, (TunableHNSW::SearchStrategy)0, (TunableHNSW::QuantizationStrategy)0, (TunableHNSW::IndexStrategy)0, 32ul, 64ul, 300ul, 100ul, 16, 100, 0, 0ul, 0, 0, 0ul, false> >::VisitedList&)
295 37180
296 20280
297 27040
298 10140
299 10140
301 46776
302 6625
303 52925
304 13214
305 105712
306 105712
307 132140
308 79284
309 118926
310 118926
311 354914
312 505484
313 577694
314 216633
315 17960
316 17960
317 8980
323 65029
325 41841
327 10419
328 13892
329 5778347
330 7672056
331 2877021
333 20832
334 48608
335 3472
336 41664
338 48594
339 137683
340 421148
341 41652
344 16810
345 6
346 5
347 3
348 4
350 3
352 16810
354 23534
fn=TunableHNSW::HNSW<TunableHNSW::HNSWConfig<128, true, (TunableHNSW::SearchStrategy)0, (TunableHNSW::QuantizationStrategy)0, (TunableHNSW::IndexStrategy)0, 32ul, 64ul, 300ul, 100ul, 16, 100, 0, 0ul, 0, 0, 0ul, false> >::Node::Node()
148 200000
fn=TunableHNSW::HNSW<TunableHNSW::HNSWConfig<128, true, (TunableHNSW::SearchStrategy)0, (TunableHNSW::QuantizationStrategy)0, (TunableHNSW::IndexStrategy)0, 32ul, 64ul, 300ul, 100ul, 16, 100, 0, 0ul, 0, 0, 0ul, false> >::QueryDistSqFP_(float const*, int)
188 19161751
189 13686965
190 30111323
191 5474782
fn=TunableHNSW::HNSW<TunableHNSW::HNSWConfig<128, true, (TunableHNSW::SearchStrategy)0, (TunableHNSW::QuantizationStrategy)0, (TunableHNSW::IndexStrategy)0, 32ul, 64ul, 300ul, 100ul, 16, 100, 0, 0ul, 0, 0, 0ul, false> >::SearchLayerFP_(float const*, int, int, int, TunableHNSW::HNSW<TunableHNSW::HNSWConfig<128, true, (TunableHNSW::SearchStrategy)0, (TunableHNSW::QuantizationStrategy)0, (TunableHNSW::IndexStrategy)0, 32ul, 64ul, 300ul, 100ul, 16, 100, 0, 0ul, 0, 0, 0ul, false> >::VisitedList&)
357 55808
361 10464
363 10464
364 10464
365 27904
366 38368
367 38368
368 17440
369 5788580
370 12528555
371 12537633
372 18156
373 3026
374 2882127
375 8646336
376 8646336
377 5764224
378 8646336
379 65292776
380 105856268
381 60489296
382 198262918
385 120978589
386 21187830
387 42321818
388 15050343
389 15050321
390 13538934
395 9972
396 34730
fn=TunableHNSW::HNSW<TunableHNSW::HNSWConfig<128, true, (TunableHNSW::SearchStrategy)0, (TunableHNSW::QuantizationStrategy)0, (TunableHNSW::IndexStrategy)0, 32ul, 64ul, 300ul, 100ul, 16, 100, 0, 0ul, 0, 0, 0ul, false> >::VisitedList::advance()
169 31392
170 38368
174 24416
fn=TunableHNSW::HNSW<TunableHNSW::HNSWConfig<128, true, (TunableHNSW::SearchStrategy)0, (TunableHNSW::QuantizationStrategy)0, (TunableHNSW::IndexStrategy)0, 32ul, 64ul, 300ul, 100ul, 16, 100, 0, 0ul, 0, 0, 0ul, false> >::VisitedList::resize(unsigned long)
168 396
fn=TunableHNSW::HNSW<TunableHNSW::HNSWConfig<128, true, (TunableHNSW::SearchStrategy)0, (TunableHNSW::QuantizationStrategy)0, (TunableHNSW::IndexStrategy)0, 32ul, 64ul, 300ul, 100ul, 16, 100, 0, 0ul, 0, 0, 0ul, false> >::VisitedList::visit(int)
175 105880684
176 221583237
177 23867703
178 2651967
179 45377433
fl=/home/ray847/projects/DataStructures/PJ/src/TunableHNSW/Metrics.h
fn=TunableHNSW::HNSWMetrics<16>::HNSWMetrics()
17 26
18 3
19 6
fn=TunableHNSW::HNSWMetrics<16>::increment_distance_calculations(long long)
31 23365150
33 23365150
35 14019090
fn=TunableHNSW::HNSWMetrics<16>::reset()
21 5
23 4
24 5
25 55
26 170
29 4
fl=/usr/include/c++/13/array
fn=std::array<std::__format::_Arg_t, 1ul>::begin() const
131 10
132 10
fn=std::array<std::__format::_Arg_t, 1ul>::data() const
281 12
282 9
fn=std::array<std::__format::_Arg_t, 1ul>::end() const
141 5
142 6
fn=std::array<std::__format::_Arg_t, 1ul>::rbegin() const
151 6
152 11
fn=std::array<std::__format::_Arg_t, 1ul>::rend() const
161 12
162 22
fl=/usr/include/c++/13/atomic
fn=std::atomic<long long>::atomic()
919 187
fn=std::atomic<long long>::atomic(long long)
925 28
fn=std::atomic<unsigned long>::atomic()
896 11
fl=/usr/include/c++/13/bit
fn=int std::__bit_width<unsigned int>(unsigned int)
365 5
367 1
368 6
369 2
fn=int std::__bit_width<unsigned long>(unsigned long)
365 17375
367 3475
368 20850
369 6950
fn=int std::__countl_zero<unsigned int>(unsigned int)
195 4
198 1
200 2
203 1
204 1
205 1
209 1
210 3
237 2
fn=int std::__countl_zero<unsigned long>(unsigned long)
195 13900
198 3475
200 6950
203 3475
204 3475
205 3475
214 3475
215 10425
237 6950
fl=/usr/include/c++/13/bits/alloc_traits.h
fn=std::_Vector_base<TunableHNSW::HNSW<TunableHNSW::HNSWConfig<128, true, (TunableHNSW::SearchStrategy)0, (TunableHNSW::QuantizationStrategy)0, (TunableHNSW::IndexStrategy)0, 32ul, 64ul, 300ul, 100ul, 16, 100, 0, 0ul, 0, 0, 0ul, false> >::Node, std::allocator<TunableHNSW::HNSW<TunableHNSW::HNSWConfig<128, true, (TunableHNSW::SearchStrategy)0, (TunableHNSW::QuantizationStrategy)0, (TunableHNSW::IndexStrategy)0, 32ul, 64ul, 300ul, 100ul, 16, 100, 0, 0ul, 0, 0, 0ul, false> >::Node> >::_M_allocate(unsigned long)
482 2
fn=std::_Vector_base<float, std::allocator<float> >::_M_allocate(unsigned long)
482 206
fn=std::_Vector_base<float, std::allocator<float> >::_M_deallocate(float*, unsigned long)
517 1
fn=std::_Vector_base<int, std::allocator<int> >::_M_allocate(unsigned long)
482 40202
fn=std::_Vector_base<int, std::allocator<int> >::_M_deallocate(int*, unsigned long)
517 1
fn=std::_Vector_base<std::atomic<long long>, std::allocator<std::atomic<long long> > >::_M_allocate(unsigned long)
482 2
fn=std::_Vector_base<std::pair<float, int>, std::allocator<std::pair<float, int> > >::_M_allocate(unsigned long)
482 139906
fn=std::_Vector_base<std::pair<float, int>, std::allocator<std::pair<float, int> > >::_M_deallocate(std::pair<float, int>*, unsigned long)
517 69918
fn=std::_Vector_base<std::thread, std::allocator<std::thread> >::_M_allocate(unsigned long)
482 2
fn=std::_Vector_base<std::vector<float, std::allocator<float> >, std::allocator<std::vector<float, std::allocator<float> > > >::_M_allocate(unsigned long)
482 2
fn=std::_Vector_base<std::vector<int, std::allocator<int> >, std::allocator<std::vector<int, std::allocator<int> > > >::_M_allocate(unsigned long)
482 2
fn=std::_Vector_base<std::vector<unsigned long, std::allocator<unsigned long> >, std::allocator<std::vector<unsigned long, std::allocator<unsigned long> > > >::_M_allocate(unsigned long)
482 2
fn=std::_Vector_base<unsigned long, std::allocator<unsigned long> >::_M_allocate(unsigned long)
482 202
fn=std::_Vector_base<unsigned long, std::allocator<unsigned long> >::_M_deallocate(unsigned long*, unsigned long)
517 1
fn=std::_Vector_base<unsigned short, std::allocator<unsigned short> >::_M_allocate(unsigned long)
482 36
fn=std::__cxx11::basic_string<char, std::char_traits<char>, std::allocator<char> >::_M_destroy(unsigned long)
517 104
fn=std::__cxx11::basic_string<char, std::char_traits<char>, std::allocator<char> >::_S_allocate(std::allocator<char>&, unsigned long)
482 204
fn=std::__cxx11::basic_string<char, std::char_traits<char>, std::allocator<char> >::max_size() const
576 206
fn=std::pair<float, int>& std::vector<std::pair<float, int>, std::allocator<std::pair<float, int> > >::emplace_back<std::pair<float, int> >(std::pair<float, int>&&)
540 21416944
542 2677117
fn=std::thread& std::vector<std::thread, std::allocator<std::thread> >::emplace_back<TunableHNSW::HNSW<TunableHNSW::HNSWConfig<128, true, (TunableHNSW::SearchStrategy)0, (TunableHNSW::QuantizationStrategy)0, (TunableHNSW::IndexStrategy)0, 32ul, 64ul, 300ul, 100ul, 16, 100, 0, 0ul, 0, 0, 0ul, false> >::BuildGraphConcurrently_()::{lambda(int)#1}&, unsigned int&>(TunableHNSW::HNSW<TunableHNSW::HNSWConfig<128, true, (TunableHNSW::SearchStrategy)0, (TunableHNSW::QuantizationStrategy)0, (TunableHNSW::IndexStrategy)0, 32ul, 64ul, 300ul, 100ul, 16, 100, 0, 0ul, 0, 0, 0ul, false> >::BuildGraphConcurrently_()::{lambda(int)#1}&, unsigned int&)
540 234
542 18
fn=std::vector<TunableHNSW::HNSW<TunableHNSW::HNSWConfig<128, true, (TunableHNSW::SearchStrategy)0, (TunableHNSW::QuantizationStrategy)0, (TunableHNSW::IndexStrategy)0, 32ul, 64ul, 300ul, 100ul, 16, 100, 0, 0ul, 0, 0, 0ul, false> >::Node, std::allocator<TunableHNSW::HNSW<TunableHNSW::HNSWConfig<128, true, (TunableHNSW::SearchStrategy)0, (TunableHNSW::QuantizationStrategy)0, (TunableHNSW::IndexStrategy)0, 32ul, 64ul, 300ul, 100ul, 16, 100, 0, 0ul, 0, 0, 0ul, false> >::Node> >::_S_max_size(std::allocator<TunableHNSW::HNSW<TunableHNSW::HNSWConfig<128, true, (TunableHNSW::SearchStrategy)0, (TunableHNSW::QuantizationStrategy)0, (TunableHNSW::IndexStrategy)0, 32ul, 64ul, 300ul, 100ul, 16, 100, 0, 0ul, 0, 0, 0ul, false> >::Node> const&)
576 4
fn=std::vector<float, std::allocator<float> >::_M_move_assign(std::vector<float, std::allocator<float> >&&, std::integral_constant<bool, true>)
755 3
759 1
fn=std::vector<float, std::allocator<float> >::_S_max_size(std::allocator<float> const&)
576 3
fn=std::vector<float, std::allocator<float> >::vector(std::vector<float, std::allocator<float> > const&)
588 100
fn=std::vector<float, std::allocator<float> >::~vector()
948 15
949 3
fn=std::vector<int, std::allocator<int> >::_M_fill_insert(__gnu_cxx::__normal_iterator<int*, std::vector<int, std::allocator<int> > >, unsigned long, int const&)
948 50000
949 10000
fn=std::vector<int, std::allocator<int> >::_S_max_size(std::allocator<int> const&)
576 60001
fn=std::vector<int, std::allocator<int> >::vector(std::vector<int, std::allocator<int> > const&)
588 100
fn=std::vector<int, std::allocator<int> >::~vector()
948 5
949 1
fn=std::vector<std::atomic<long long>, std::allocator<std::atomic<long long> > >::_S_max_size(std::allocator<std::atomic<long long> > const&)
576 1
fn=std::vector<std::pair<float, int>, std::allocator<std::pair<float, int> > >::_S_max_size(std::allocator<std::pair<float, int> > const&)
576 136430
fn=std::vector<std::pair<float, int>, std::allocator<std::pair<float, int> > >::pop_back()
560 6984183
562 2328061
fn=std::vector<std::pair<float, int>, std::allocator<std::pair<float, int> > >::push_back(std::pair<float, int> const&)
540 7672056
542 959007
fn=std::vector<std::pair<float, int>, std::allocator<std::pair<float, int> > >::~vector()
948 52090
949 10418
fn=std::vector<std::thread, std::allocator<std::thread> >::_S_max_size(std::allocator<std::thread> const&)
576 1
fn=std::vector<std::vector<float, std::allocator<float> >, std::allocator<std::vector<float, std::allocator<float> > > >::_M_move_assign(std::vector<std::vector<float, std::allocator<float> >, std::allocator<std::vector<float, std::allocator<float> > > >&&, std::integral_constant<bool, true>)
755 3
759 1
fn=std::vector<std::vector<float, std::allocator<float> >, std::allocator<std::vector<float, std::allocator<float> > > >::_S_max_size(std::allocator<std::vector<float, std::allocator<float> > > const&)
576 1
fn=std::vector<std::vector<float, std::allocator<float> >, std::allocator<std::vector<float, std::allocator<float> > > >::~vector()
948 10
949 2
fn=std::vector<std::vector<int, std::allocator<int> >, std::allocator<std::vector<int, std::allocator<int> > > >::_S_max_size(std::allocator<std::vector<int, std::allocator<int> > > const&)
576 1
fn=std::vector<std::vector<unsigned long, std::allocator<unsigned long> >, std::allocator<std::vector<unsigned long, std::allocator<unsigned long> > > >::_M_move_assign(std::vector<std::vector<unsigned long, std::allocator<unsigned long> >, std::allocator<std::vector<unsigned long, std::allocator<unsigned long> > > >&&, std::integral_constant<bool, true>)
755 3
759 1
fn=std::vector<std::vector<unsigned long, std::allocator<unsigned long> >, std::allocator<std::vector<unsigned long, std::allocator<unsigned long> > > >::_S_max_size(std::allocator<std::vector<unsigned long, std::allocator<unsigned long> > > const&)
576 1
fn=std::vector<std::vector<unsigned long, std::allocator<unsigned long> >, std::allocator<std::vector<unsigned long, std::allocator<unsigned long> > > >::~vector()
948 10
949 2
fn=std::vector<unsigned long, std::allocator<unsigned long> >::_S_max_size(std::allocator<unsigned long> const&)
576 1
fn=std::vector<unsigned long, std::allocator<unsigned long> >::vector(std::vector<unsigned long, std::allocator<unsigned long> > const&)
588 100
fn=std::vector<unsigned long, std::allocator<unsigned long> >::~vector()
948 5
949 1
fn=std::vector<unsigned short, std::allocator<unsigned short> >::_M_fill_insert(__gnu_cxx::__normal_iterator<unsigned short*, std::vector<unsigned short, std::allocator<unsigned short> > >, unsigned long, unsigned short const&)
948 90
949 18
fn=std::vector<unsigned short, std::allocator<unsigned short> >::_S_max_size(std::allocator<unsigned short> const&)
576 36
fn=void std::__relocate_object_a<std::pair<float, int>, std::pair<float, int>, std::allocator<std::pair<float, int> > >(std::pair<float, int>*, std::pair<float, int>*, std::allocator<std::pair<float, int> >&)
540 24686112
542 3085763
560 9257289
562 3085763
fn=void std::vector<float, std::allocator<float> >::_M_assign_aux<__gnu_cxx::__normal_iterator<float const*, std::vector<float, std::allocator<float> > > >(__gnu_cxx::__normal_iterator<float const*, std::vector<float, std::allocator<float> > >, __gnu_cxx::__normal_iterator<float const*, std::vector<float, std::allocator<float> > >, std::forward_iterator_tag)
948 5
949 1
fn=void std::vector<std::pair<float, int>, std::allocator<std::pair<float, int> > >::_M_realloc_insert<std::pair<float, int> >(__gnu_cxx::__normal_iterator<std::pair<float, int>*, std::vector<std::pair<float, int>, std::allocator<std::pair<float, int> > > >, std::pair<float, int>&&)
540 531816
542 66477
fl=/usr/include/c++/13/bits/allocator.h
fn=(anonymous namespace)::LoadBaseFromFile(global::DataSetInfo const&)
163 2
184 2
fn=(anonymous namespace)::LoadLabelsFromFile(global::DataSetInfo const&)
163 5
184 3
fn=(anonymous namespace)::LoadSamplesFromFile(global::DataSetInfo const&)
163 5
184 3
fn=TunableHNSW::HNSWMetrics<16>::HNSWMetrics()
163 1
184 1
fn=std::_Vector_base<TunableHNSW::HNSW<TunableHNSW::HNSWConfig<128, true, (TunableHNSW::SearchStrategy)0, (TunableHNSW::QuantizationStrategy)0, (TunableHNSW::IndexStrategy)0, 32ul, 64ul, 300ul, 100ul, 16, 100, 0, 0ul, 0, 0, 0ul, false> >::Node, std::allocator<TunableHNSW::HNSW<TunableHNSW::HNSWConfig<128, true, (TunableHNSW::SearchStrategy)0, (TunableHNSW::QuantizationStrategy)0, (TunableHNSW::IndexStrategy)0, 32ul, 64ul, 300ul, 100ul, 16, 100, 0, 0ul, 0, 0, 0ul, false> >::Node> >::_M_allocate(unsigned long)
191 3
198 7
fn=std::_Vector_base<TunableHNSW::HNSW<TunableHNSW::HNSWConfig<128, true, (TunableHNSW::SearchStrategy)0, (TunableHNSW::QuantizationStrategy)0, (TunableHNSW::IndexStrategy)0, 32ul, 64ul, 300ul, 100ul, 16, 100, 0, 0ul, 0, 0, 0ul, false> >::Node, std::allocator<TunableHNSW::HNSW<TunableHNSW::HNSWConfig<128, true, (TunableHNSW::SearchStrategy)0, (TunableHNSW::QuantizationStrategy)0, (TunableHNSW::IndexStrategy)0, 32ul, 64ul, 300ul, 100ul, 16, 100, 0, 0ul, 0, 0, 0ul, false> >::Node> >::_Vector_impl::_Vector_impl()
163 1
fn=std::_Vector_base<float, std::allocator<float> >::_M_allocate(unsigned long)
191 309
198 721
fn=std::_Vector_base<float, std::allocator<float> >::_M_deallocate(float*, unsigned long)
205 3
210 6
fn=std::_Vector_base<float, std::allocator<float> >::_Vector_impl::_Vector_impl()
163 2
fn=std::_Vector_base<float, std::allocator<float> >::_Vector_impl::_Vector_impl(std::allocator<float> const&)
168 103
fn=std::_Vector_base<float, std::allocator<float> >::_Vector_impl::~_Vector_impl()
184 3
fn=std::_Vector_base<float, std::allocator<float> >::get_allocator() const
168 1
fn=std::_Vector_base<int, std::allocator<int> >::_M_allocate(unsigned long)
191 60303
198 140707
fn=std::_Vector_base<int, std::allocator<int> >::_M_deallocate(int*, unsigned long)
205 3
210 6
fn=std::_Vector_base<int, std::allocator<int> >::_Vector_impl::_Vector_impl()
163 20000
fn=std::_Vector_base<int, std::allocator<int> >::_Vector_impl::_Vector_impl(std::allocator<int> const&)
168 101
fn=std::_Vector_base<int, std::allocator<int> >::_Vector_impl::~_Vector_impl()
184 1
fn=std::_Vector_base<std::atomic<long long>, std::allocator<std::atomic<long long> > >::_M_allocate(unsigned long)
191 3
198 7
fn=std::_Vector_base<std::atomic<long long>, std::allocator<std::atomic<long long> > >::_Vector_impl::_Vector_impl(std::allocator<std::atomic<long long> > const&)
168 1
fn=std::_Vector_base<std::pair<float, int>, std::allocator<std::pair<float, int> > >::_M_allocate(unsigned long)
191 209859
198 489671
fn=std::_Vector_base<std::pair<float, int>, std::allocator<std::pair<float, int> > >::_M_deallocate(std::pair<float, int>*, unsigned long)
205 209754
210 419508
fn=std::_Vector_base<std::pair<float, int>, std::allocator<std::pair<float, int> > >::_Vector_impl::_Vector_impl()
163 6976
fn=std::_Vector_base<std::pair<float, int>, std::allocator<std::pair<float, int> > >::_Vector_impl::~_Vector_impl()
184 10418
fn=std::_Vector_base<std::thread, std::allocator<std::thread> >::_M_allocate(unsigned long)
191 3
198 7
fn=std::_Vector_base<std::vector<float, std::allocator<float> >, std::allocator<std::vector<float, std::allocator<float> > > >::_M_allocate(unsigned long)
191 3
198 7
fn=std::_Vector_base<std::vector<float, std::allocator<float> >, std::allocator<std::vector<float, std::allocator<float> > > >::_Vector_impl::_Vector_impl()
163 1
fn=std::_Vector_base<std::vector<float, std::allocator<float> >, std::allocator<std::vector<float, std::allocator<float> > > >::_Vector_impl::_Vector_impl(std::allocator<std::vector<float, std::allocator<float> > > const&)
168 2
fn=std::_Vector_base<std::vector<float, std::allocator<float> >, std::allocator<std::vector<float, std::allocator<float> > > >::_Vector_impl::~_Vector_impl()
184 2
fn=std::_Vector_base<std::vector<float, std::allocator<float> >, std::allocator<std::vector<float, std::allocator<float> > > >::get_allocator() const
168 1
fn=std::_Vector_base<std::vector<int, std::allocator<int> >, std::allocator<std::vector<int, std::allocator<int> > > >::_M_allocate(unsigned long)
191 3
198 7
fn=std::_Vector_base<std::vector<int, std::allocator<int> >, std::allocator<std::vector<int, std::allocator<int> > > >::_Vector_impl::_Vector_impl(std::allocator<std::vector<int, std::allocator<int> > > const&)
168 1
fn=std::_Vector_base<std::vector<unsigned long, std::allocator<unsigned long> >, std::allocator<std::vector<unsigned long, std::allocator<unsigned long> > > >::_M_allocate(unsigned long)
191 3
198 7
fn=std::_Vector_base<std::vector<unsigned long, std::allocator<unsigned long> >, std::allocator<std::vector<unsigned long, std::allocator<unsigned long> > > >::_Vector_impl::_Vector_impl()
163 1
fn=std::_Vector_base<std::vector<unsigned long, std::allocator<unsigned long> >, std::allocator<std::vector<unsigned long, std::allocator<unsigned long> > > >::_Vector_impl::_Vector_impl(std::allocator<std::vector<unsigned long, std::allocator<unsigned long> > > const&)
168 2
fn=std::_Vector_base<std::vector<unsigned long, std::allocator<unsigned long> >, std::allocator<std::vector<unsigned long, std::allocator<unsigned long> > > >::_Vector_impl::~_Vector_impl()
184 2
fn=std::_Vector_base<std::vector<unsigned long, std::allocator<unsigned long> >, std::allocator<std::vector<unsigned long, std::allocator<unsigned long> > > >::get_allocator() const
168 1
fn=std::_Vector_base<unsigned char, std::allocator<unsigned char> >::_Vector_impl::_Vector_impl()
163 1
fn=std::_Vector_base<unsigned long, std::allocator<unsigned long> >::_M_allocate(unsigned long)
191 303
198 707
fn=std::_Vector_base<unsigned long, std::allocator<unsigned long> >::_M_deallocate(unsigned long*, unsigned long)
205 3
210 6
fn=std::_Vector_base<unsigned long, std::allocator<unsigned long> >::_Vector_impl::_Vector_impl(std::allocator<unsigned long> const&)
168 101
fn=std::_Vector_base<unsigned long, std::allocator<unsigned long> >::_Vector_impl::~_Vector_impl()
184 1
fn=std::_Vector_base<unsigned short, std::allocator<unsigned short> >::_M_allocate(unsigned long)
191 54
198 126
fn=std::__cxx11::basic_string<char, std::char_traits<char>, std::allocator<char> >::_Alloc_hider::_Alloc_hider(char*, std::allocator<char> const&)
168 3
fn=std::__cxx11::basic_string<char, std::char_traits<char>, std::allocator<char> >::_Alloc_hider::_Alloc_hider(char*, std::allocator<char>&&)
168 103
fn=std::__cxx11::basic_string<char, std::char_traits<char>, std::allocator<char> >::_Alloc_hider::~_Alloc_hider()
184 105
fn=std::__cxx11::basic_string<char, std::char_traits<char>, std::allocator<char> >::_M_destroy(unsigned long)
205 312
210 624
fn=std::__cxx11::basic_string<char, std::char_traits<char>, std::allocator<char> >::_S_allocate(std::allocator<char>&, unsigned long)
191 612
198 1428
fn=std::__cxx11::basic_string<char, std::char_traits<char>, std::allocator<char> >::basic_string()
163 102
184 306
fn=std::vector<float, std::allocator<float> >::_M_move_assign(std::vector<float, std::allocator<float> >&&, std::integral_constant<bool, true>)
184 1
fn=std::vector<float, std::allocator<float> >::_S_check_init_len(unsigned long, std::allocator<float> const&)
168 3
184 3
fn=std::vector<float, std::allocator<float> >::vector(std::vector<float, std::allocator<float> > const&)
168 100
184 100
fn=std::vector<int, std::allocator<int> >::_S_check_init_len(unsigned long, std::allocator<int> const&)
168 1
184 1
fn=std::vector<int, std::allocator<int> >::vector(std::vector<int, std::allocator<int> > const&)
168 100
184 100
fn=std::vector<std::atomic<long long>, std::allocator<std::atomic<long long> > >::_S_check_init_len(unsigned long, std::allocator<std::atomic<long long> > const&)
168 1
184 1
fn=std::vector<std::vector<float, std::allocator<float> >, std::allocator<std::vector<float, std::allocator<float> > > >::_M_move_assign(std::vector<std::vector<float, std::allocator<float> >, std::allocator<std::vector<float, std::allocator<float> > > >&&, std::integral_constant<bool, true>)
184 1
fn=std::vector<std::vector<float, std::allocator<float> >, std::allocator<std::vector<float, std::allocator<float> > > >::_S_check_init_len(unsigned long, std::allocator<std::vector<float, std::allocator<float> > > const&)
168 1
184 1
fn=std::vector<std::vector<int, std::allocator<int> >, std::allocator<std::vector<int, std::allocator<int> > > >::_S_check_init_len(unsigned long, std::allocator<std::vector<int, std::allocator<int> > > const&)
168 1
184 1
fn=std::vector<std::vector<unsigned long, std::allocator<unsigned long> >, std::allocator<std::vector<unsigned long, std::allocator<unsigned long> > > >::_M_move_assign(std::vector<std::vector<unsigned long, std::allocator<unsigned long> >, std::allocator<std::vector<unsigned long, std::allocator<unsigned long> > > >&&, std::integral_constant<bool, true>)
184 1
fn=std::vector<std::vector<unsigned long, std::allocator<unsigned long> >, std::allocator<std::vector<unsigned long, std::allocator<unsigned long> > > >::_S_check_init_len(unsigned long, std::allocator<std::vector<unsigned long, std::allocator<unsigned long> > > const&)
168 1
184 1
fn=std::vector<unsigned long, std::allocator<unsigned long> >::_S_check_init_len(unsigned long, std::allocator<unsigned long> const&)
168 1
184 1
fn=std::vector<unsigned long, std::allocator<unsigned long> >::vector(std::vector<unsigned long, std::allocator<unsigned long> > const&)
168 100
184 100
fn=void (anonymous namespace)::RunTest<TunableHNSW::HNSWConfig<128, true, (TunableHNSW::SearchStrategy)0, (TunableHNSW::QuantizationStrategy)0, (TunableHNSW::IndexStrategy)0, 32ul, 64ul, 300ul, 100ul, 16, 100, 0, 0ul, 0, 0, 0ul, false> >((anonymous namespace)::LoadedDataset const&, std::basic_string_view<char, std::char_traits<char> >)
163 4
184 2
fl=/usr/include/c++/13/bits/atomic_base.h
fn=TunableHNSW::HNSW<TunableHNSW::HNSWConfig<128, true, (TunableHNSW::SearchStrategy)0, (TunableHNSW::QuantizationStrategy)0, (TunableHNSW::IndexStrategy)0, 32ul, 64ul, 300ul, 100ul, 16, 100, 0, 0ul, 0, 0, 0ul, false> >::BuildGraphConcurrently_()
501 30
502 30
503 30
505 18
fn=TunableHNSW::HNSW<TunableHNSW::HNSWConfig<128, true, (TunableHNSW::SearchStrategy)0, (TunableHNSW::QuantizationStrategy)0, (TunableHNSW::IndexStrategy)0, 32ul, 64ul, 300ul, 100ul, 16, 100, 0, 0ul, 0, 0, 0ul, false> >::BuildGraphConcurrently_()::{lambda(int)#1}::operator()(int) const
635 13520
fn=TunableHNSW::HNSW<TunableHNSW::HNSWConfig<128, true, (TunableHNSW::SearchStrategy)0, (TunableHNSW::QuantizationStrategy)0, (TunableHNSW::IndexStrategy)0, 32ul, 64ul, 300ul, 100ul, 16, 100, 0, 0ul, 0, 0, 0ul, false> >::Insert_(unsigned long, TunableHNSW::HNSW<TunableHNSW::HNSWConfig<128, true, (TunableHNSW::SearchStrategy)0, (TunableHNSW::QuantizationStrategy)0, (TunableHNSW::IndexStrategy)0, 32ul, 64ul, 300ul, 100ul, 16, 100, 0, 0ul, 0, 0, 0ul, false> >::VisitedList&)
635 13448
fn=TunableHNSW::HNSWMetrics<16>::increment_distance_calculations(long long)
635 14019090
fn=std::__atomic_base<long long>::__atomic_base()
355 153
fn=std::__atomic_base<long long>::__atomic_base(long long)
362 22
fn=std::__atomic_base<long long>::operator=(long long)
371 209
374 19
375 38
476 95
477 95
478 95
479 95
481 57
482 19
fn=std::__atomic_base<unsigned long>::__atomic_base()
355 9
fn=std::__atomic_base<unsigned long>::operator=(unsigned long)
371 11
374 1
375 2
476 5
477 5
478 5
479 5
481 3
482 1
fn=std::operator&(std::memory_order, std::__memory_order_modifier)
108 130
109 52
110 52
fl=/usr/include/c++/13/bits/basic_string.h
fn=std::__cxx11::basic_string<char, std::char_traits<char>, std::allocator<char> >::_Alloc_hider::_Alloc_hider(char*, std::allocator<char> const&)
188 42
189 18
fn=std::__cxx11::basic_string<char, std::char_traits<char>, std::allocator<char> >::_Alloc_hider::_Alloc_hider(char*, std::allocator<char>&&)
192 721
193 1648
fn=std::__cxx11::basic_string<char, std::char_traits<char>, std::allocator<char> >::_Alloc_hider::~_Alloc_hider()
181 945
fn=std::__cxx11::basic_string<char, std::char_traits<char>, std::allocator<char> >::_M_capacity(unsigned long)
249 525
250 630
fn=std::__cxx11::basic_string<char, std::char_traits<char>, std::allocator<char> >::_M_check_length(unsigned long, unsigned long, char const*) const
397 18
399 28
401 8
fn=std::__cxx11::basic_string<char, std::char_traits<char>, std::allocator<char> >::_M_data() const
222 2912
223 2912
fn=std::__cxx11::basic_string<char, std::char_traits<char>, std::allocator<char> >::_M_data(char*)
212 530
213 636
fn=std::__cxx11::basic_string<char, std::char_traits<char>, std::allocator<char> >::_M_destroy(unsigned long)
288 832
289 2496
fn=std::__cxx11::basic_string<char, std::char_traits<char>, std::allocator<char> >::_M_disjunct(char const*) const
415 10
417 9
418 4
419 6
fn=std::__cxx11::basic_string<char, std::char_traits<char>, std::allocator<char> >::_M_dispose()
280 1030
282 1236
283 624
284 618
fn=std::__cxx11::basic_string<char, std::char_traits<char>, std::allocator<char> >::_M_get_allocator()
336 1236
337 927
fn=std::__cxx11::basic_string<char, std::char_traits<char>, std::allocator<char> >::_M_get_allocator() const
341 824
342 618
fn=std::__cxx11::basic_string<char, std::char_traits<char>, std::allocator<char> >::_M_is_local() const
262 2460
264 4510
266 915
268 610
270 105
271 1230
fn=std::__cxx11::basic_string<char, std::char_traits<char>, std::allocator<char> >::_M_length(unsigned long)
217 1045
218 1254
fn=std::__cxx11::basic_string<char, std::char_traits<char>, std::allocator<char> >::_M_local_data()
227 535
230 428
234 214
fn=std::__cxx11::basic_string<char, std::char_traits<char>, std::allocator<char> >::_M_local_data() const
238 2050
241 1640
245 820
fn=std::__cxx11::basic_string<char, std::char_traits<char>, std::allocator<char> >::_M_set_length(unsigned long)
254 1872
256 1040
257 2080
258 1248
fn=std::__cxx11::basic_string<char, std::char_traits<char>, std::allocator<char> >::_S_allocate(std::allocator<char>&, unsigned long)
124 3468
126 204
136 204
137 1020
fn=std::__cxx11::basic_string<char, std::char_traits<char>, std::allocator<char> >::_S_copy(char*, char const*, unsigned long)
425 735
427 210
430 630
431 315
fn=std::__cxx11::basic_string<char, std::char_traits<char>, std::allocator<char> >::_S_copy_chars(char*, char const*, char const*)
482 21
484 33
fn=std::__cxx11::basic_string<char, std::char_traits<char>, std::allocator<char> >::_S_to_string_view(std::basic_string_view<char, std::char_traits<char> >)
153 24
154 12
fn=std::__cxx11::basic_string<char, std::char_traits<char>, std::allocator<char> >::__sv_wrapper::__sv_wrapper(std::basic_string_view<char, std::char_traits<char> >)
163 54
fn=std::__cxx11::basic_string<char, std::char_traits<char>, std::allocator<char> >::append(char const*, unsigned long)
1455 7
1458 6
1459 6
1460 2
fn=std::__cxx11::basic_string<char, std::char_traits<char>, std::allocator<char> >::assign(char const*, unsigned long)
1664 7
1667 13
1668 2
fn=std::__cxx11::basic_string<char, std::char_traits<char>, std::allocator<char> >::basic_string()
351 306
355 102
522 918
524 1224
527 408
528 714
fn=std::__cxx11::basic_string<char, std::char_traits<char>, std::allocator<char> >::basic_string(char const*, unsigned long, std::allocator<char> const&)
619 27
621 30
624 6
627 24
628 12
fn=std::__cxx11::basic_string<char, std::char_traits<char>, std::allocator<char> >::basic_string(std::__cxx11::basic_string<char, std::char_traits<char>, std::allocator<char> >&&)
351 3
355 1
365 5
677 8
678 14
680 5
688 8
689 6
695 12
696 4
697 4
698 6
fn=std::__cxx11::basic_string<char, std::char_traits<char>, std::allocator<char> >::basic_string(std::__cxx11::basic_string<char, std::char_traits<char>, std::allocator<char> >::__sv_wrapper, std::allocator<char> const&)
176 36
177 54
fn=std::__cxx11::basic_string<char, std::char_traits<char>, std::allocator<char> >::basic_string<std::basic_string_view<char, std::char_traits<char> >, void>(std::basic_string_view<char, std::char_traits<char> > const&, std::allocator<char> const&)
795 33
796 75
fn=std::__cxx11::basic_string<char, std::char_traits<char>, std::allocator<char> >::capacity() const
1169 1015
1171 1218
1172 203
1173 406
fn=std::__cxx11::basic_string<char, std::char_traits<char>, std::allocator<char> >::length() const
1078 812
1079 812
fn=std::__cxx11::basic_string<char, std::char_traits<char>, std::allocator<char> >::max_size() const
1084 1030
1085 1648
fn=std::__cxx11::basic_string<char, std::char_traits<char>, std::allocator<char> >::size() const
1071 824
1072 824
fn=std::__cxx11::basic_string<char, std::char_traits<char>, std::allocator<char> >::~basic_string()
803 525
804 945
fn=std::enable_if<std::__and_<std::is_convertible<std::basic_string_view<char, std::char_traits<char> > const&, std::basic_string_view<char, std::char_traits<char> > >, std::__not_<std::is_convertible<std::basic_string_view<char, std::char_traits<char> > const*, std::__cxx11::basic_string<char, std::char_traits<char>, std::allocator<char> > const*> >, std::__not_<std::is_convertible<std::basic_string_view<char, std::char_traits<char> > const&, char const*> > >::value, std::__cxx11::basic_string<char, std::char_traits<char>, std::allocator<char> >&>::type std::__cxx11::basic_string<char, std::char_traits<char>, std::allocator<char> >::assign<std::basic_string_view<char, std::char_traits<char> > >(std::basic_string_view<char, std::char_traits<char> > const&)
1742 10
1744 5
1745 13
1746 6
fn=std::enable_if<std::__and_<std::is_convertible<std::basic_string_view<char, std::char_traits<char> > const&, std::basic_string_view<char, std::char_traits<char> > >, std::__not_<std::is_convertible<std::basic_string_view<char, std::char_traits<char> > const*, std::__cxx11::basic_string<char, std::char_traits<char>, std::allocator<char> > const*> >, std::__not_<std::is_convertible<std::basic_string_view<char, std::char_traits<char> > const&, char const*> > >::value, std::__cxx11::basic_string<char, std::char_traits<char>, std::allocator<char> >&>::type std::__cxx11::basic_string<char, std::char_traits<char>, std::allocator<char> >::operator=<std::basic_string_view<char, std::char_traits<char> > >(std::basic_string_view<char, std::char_traits<char> > const&)
936 6
937 7
fl=/usr/include/c++/13/bits/basic_string.tcc
fn=std::__cxx11::basic_string<char, std::char_traits<char>, std::allocator<char> >::_M_append(char const*, unsigned long)
413 808
416 606
418 707
424 1212
426 505
427 101
428 303
fn=std::__cxx11::basic_string<char, std::char_traits<char>, std::allocator<char> >::_M_construct<char const*>(char const*, char const*, std::forward_iterator_tag)::_Guard::_Guard(std::__cxx11::basic_string<char, std::char_traits<char>, std::allocator<char> >*)
239 33
fn=std::__cxx11::basic_string<char, std::char_traits<char>, std::allocator<char> >::_M_construct<char const*>(char const*, char const*, std::forward_iterator_tag)::_Guard::~_Guard()
242 36
fn=std::__cxx11::basic_string<char, std::char_traits<char>, std::allocator<char> >::_M_create(unsigned long&, unsigned long)
138 1632
143 1836
149 2040
159 1836
160 612
fn=std::__cxx11::basic_string<char, std::char_traits<char>, std::allocator<char> >::_M_mutate(unsigned long, unsigned long, char const*, unsigned long)
325 1212
329 606
331 707
332 1010
334 202
336 404
337 808
338 202
342 303
343 505
344 505
345 606
fn=std::__cxx11::basic_string<char, std::char_traits<char>, std::allocator<char> >::_M_replace(unsigned long, unsigned long, char const*, unsigned long)
511 9
515 6
517 4
518 5
520 7
522 6
524 4
526 3
537 10
539 2
541 2
542 7
550 5
551 1
552 2
fn=void std::__cxx11::basic_string<char, std::char_traits<char>, std::allocator<char> >::_M_construct<char const*>(char const*, char const*, std::forward_iterator_tag)
221 42
225 3
227 9
229 33
230 18
245 15
247 27
249 3
251 15
252 24
fl=/usr/include/c++/13/bits/char_traits.h
fn=std::char_traits<char>::assign(char&, char const&)
351 1248
354 624
358 832
359 624
fn=std::char_traits<char>::assign(char*, unsigned long, char)
439 8
441 2
444 3
447 7
448 2
fn=std::char_traits<char>::copy(char*, char const*, unsigned long)
427 756
429 216
432 324
435 972
436 216
fn=std::char_traits<char>::find(char const*, unsigned long, char const&)
403 14
405 4
408 6
411 18
412 4
fn=std::char_traits<char>::length(char const*)
393 5
396 3
399 4
400 2
fl=/usr/include/c++/13/bits/chrono.h
fn=auto std::chrono::operator<=><long, std::ratio<1l, 1000l>, long, std::ratio<1l, 1000l> >(std::chrono::duration<long, std::ratio<1l, 1000l> > const&, std::chrono::duration<long, std::ratio<1l, 1000l> > const&)
836 30
841 57
842 18
fn=std::chrono::duration<long, std::ratio<1l, 1000000000l> > std::chrono::__duration_cast_impl<std::chrono::duration<long, std::ratio<1l, 1000000000l> >, std::ratio<1000000l, 1l>, long, false, true>::__cast<long, std::ratio<1l, 1000l> >(std::chrono::duration<long, std::ratio<1l, 1000l> > const&)
221 24
224 18
225 15
226 15
fn=std::chrono::duration<long, std::ratio<1l, 1000000000l> >::count() const
589 12
590 12
fn=std::chrono::duration<long, std::ratio<1l, 1000000000l> >::duration<long, void>(long const&)
573 15
574 21
fn=std::chrono::duration<long, std::ratio<1l, 1000l> > std::chrono::__duration_cast_impl<std::chrono::duration<long, std::ratio<1l, 1000l> >, std::ratio<1000l, 1l>, long, false, true>::__cast<long, std::ratio<1l, 1l> >(std::chrono::duration<long, std::ratio<1l, 1l> > const&)
221 24
224 18
225 15
226 15
fn=std::chrono::duration<long, std::ratio<1l, 1000l> >::count() const
589 84
590 84
fn=std::chrono::duration<long, std::ratio<1l, 1000l> >::duration<int, void>(int const&)
573 15
574 24
fn=std::chrono::duration<long, std::ratio<1l, 1000l> >::duration<long, std::ratio<1l, 1l>, void>(std::chrono::duration<long, std::ratio<1l, 1l> > const&)
581 27
582 45
fn=std::chrono::duration<long, std::ratio<1l, 1000l> >::duration<long, void>(long const&)
573 45
574 63
fn=std::chrono::duration<long, std::ratio<1l, 1000l> >::zero()
673 21
674 39
fn=std::chrono::duration<long, std::ratio<1l, 1l> > std::chrono::__duration_cast_impl<std::chrono::duration<long, std::ratio<1l, 1l> >, std::ratio<1l, 1000l>, long, true, false>::__cast<long, std::ratio<1l, 1000l> >(std::chrono::duration<long, std::ratio<1l, 1000l> > const&)
208 24
211 18
212 39
213 15
fn=std::chrono::duration<long, std::ratio<1l, 1l> >::count() const
589 24
590 24
fn=std::chrono::duration<long, std::ratio<1l, 1l> >::duration<long, void>(long const&)
573 15
574 21
fn=std::chrono::duration_values<long>::zero()
498 9
499 9
fn=std::common_type<std::chrono::duration<long, std::ratio<1l, 1000l> >, std::chrono::duration<long, std::ratio<1l, 1l> > >::type std::chrono::operator-<long, std::ratio<1l, 1000l>, long, std::ratio<1l, 1l> >(std::chrono::duration<long, std::ratio<1l, 1000l> > const&, std::chrono::duration<long, std::ratio<1l, 1l> > const&)
710 30
716 72
717 18
fn=std::enable_if<std::chrono::__is_duration<std::chrono::duration<long, std::ratio<1l, 1000000000l> > >::value, std::chrono::duration<long, std::ratio<1l, 1000000000l> > >::type std::chrono::duration_cast<std::chrono::duration<long, std::ratio<1l, 1000000000l> >, long, std::ratio<1l, 1000l> >(std::chrono::duration<long, std::ratio<1l, 1000l> > const&)
273 15
287 9
291 6
fn=std::enable_if<std::chrono::__is_duration<std::chrono::duration<long, std::ratio<1l, 1000l> > >::value, std::chrono::duration<long, std::ratio<1l, 1000l> > >::type std::chrono::duration_cast<std::chrono::duration<long, std::ratio<1l, 1000l> >, long, std::ratio<1l, 1l> >(std::chrono::duration<long, std::ratio<1l, 1l> > const&)
273 15
287 9
291 6
fn=std::enable_if<std::chrono::__is_duration<std::chrono::duration<long, std::ratio<1l, 1l> > >::value, std::chrono::duration<long, std::ratio<1l, 1l> > >::type std::chrono::duration_cast<std::chrono::duration<long, std::ratio<1l, 1l> >, long, std::ratio<1l, 1000l> >(std::chrono::duration<long, std::ratio<1l, 1000l> > const&)
273 15
287 9
291 6
fl=/usr/include/c++/13/bits/cpp_type_traits.h
fn=__gnu_cxx::__normal_iterator<float const*, std::vector<float, std::allocator<float> > > std::__miter_base<__gnu_cxx::__normal_iterator<float const*, std::vector<float, std::allocator<float> > > >(__gnu_cxx::__normal_iterator<float const*, std::vector<float, std::allocator<float> > >)
607 808
608 606
fn=__gnu_cxx::__normal_iterator<int const*, std::vector<int, std::allocator<int> > > std::__miter_base<__gnu_cxx::__normal_iterator<int const*, std::vector<int, std::allocator<int> > > >(__gnu_cxx::__normal_iterator<int const*, std::vector<int, std::allocator<int> > >)
607 800
608 600
fn=__gnu_cxx::__normal_iterator<std::pair<float, int>*, std::vector<std::pair<float, int>, std::allocator<std::pair<float, int> > > > std::__miter_base<__gnu_cxx::__normal_iterator<std::pair<float, int>*, std::vector<std::pair<float, int>, std::allocator<std::pair<float, int> > > > >(__gnu_cxx::__normal_iterator<std::pair<float, int>*, std::vector<std::pair<float, int>, std::allocator<std::pair<float, int> > > >)
607 30608
608 22956
fn=__gnu_cxx::__normal_iterator<unsigned long const*, std::vector<unsigned long, std::allocator<unsigned long> > > std::__miter_base<__gnu_cxx::__normal_iterator<unsigned long const*, std::vector<unsigned long, std::allocator<unsigned long> > > >(__gnu_cxx::__normal_iterator<unsigned long const*, std::vector<unsigned long, std::allocator<unsigned long> > >)
607 800
608 600
fn=int* std::__miter_base<int*>(int*)
607 160000
608 120000
fn=unsigned short* std::__miter_base<unsigned short*>(unsigned short*)
607 288
608 216
fl=/usr/include/c++/13/bits/invoke.h
fn=std::__invoke_result<TunableHNSW::HNSW<TunableHNSW::HNSWConfig<128, true, (TunableHNSW::SearchStrategy)0, (TunableHNSW::QuantizationStrategy)0, (TunableHNSW::IndexStrategy)0, 32ul, 64ul, 300ul, 100ul, 16, 100, 0, 0ul, 0, 0, 0ul, false> >::BuildGraphConcurrently_()::{lambda(int)#1}, unsigned int>::type std::__invoke<TunableHNSW::HNSW<TunableHNSW::HNSWConfig<128, true, (TunableHNSW::SearchStrategy)0, (TunableHNSW::QuantizationStrategy)0, (TunableHNSW::IndexStrategy)0, 32ul, 64ul, 300ul, 100ul, 16, 100, 0, 0ul, 0, 0, 0ul, false> >::BuildGraphConcurrently_()::{lambda(int)#1}, unsigned int>(TunableHNSW::HNSW<TunableHNSW::HNSWConfig<128, true, (TunableHNSW::SearchStrategy)0, (TunableHNSW::QuantizationStrategy)0, (TunableHNSW::IndexStrategy)0, 32ul, 64ul, 300ul, 100ul, 16, 100, 0, 0ul, 0, 0, 0ul, false> >::BuildGraphConcurrently_()::{lambda(int)#1}&&, unsigned int&&)
90 126
96 180
fn=void std::__invoke_impl<void, TunableHNSW::HNSW<TunableHNSW::HNSWConfig<128, true, (TunableHNSW::SearchStrategy)0, (TunableHNSW::QuantizationStrategy)0, (TunableHNSW::IndexStrategy)0, 32ul, 64ul, 300ul, 100ul, 16, 100, 0, 0ul, 0, 0, 0ul, false> >::BuildGraphConcurrently_()::{lambda(int)#1}, unsigned int>(std::__invoke_other, TunableHNSW::HNSW<TunableHNSW::HNSWConfig<128, true, (TunableHNSW::SearchStrategy)0, (TunableHNSW::QuantizationStrategy)0, (TunableHNSW::IndexStrategy)0, 32ul, 64ul, 300ul, 100ul, 16, 100, 0, 0ul, 0, 0, 0ul, false> >::BuildGraphConcurrently_()::{lambda(int)#1}&&, unsigned int&&)
60 126
61 198
fl=/usr/include/c++/13/bits/ios_base.h
fn=std::operator|(std::_Ios_Openmode, std::_Ios_Openmode)
131 900
fl=/usr/include/c++/13/bits/move.h
fn=TunableHNSW::HNSW<TunableHNSW::HNSWConfig<128, true, (TunableHNSW::SearchStrategy)0, (TunableHNSW::QuantizationStrategy)0, (TunableHNSW::IndexStrategy)0, 32ul, 64ul, 300ul, 100ul, 16, 100, 0, 0ul, 0, 0, 0ul, false> >::BuildGraphConcurrently_()::{lambda(int)#1}& std::forward<TunableHNSW::HNSW<TunableHNSW::HNSWConfig<128, true, (TunableHNSW::SearchStrategy)0, (TunableHNSW::QuantizationStrategy)0, (TunableHNSW::IndexStrategy)0, 32ul, 64ul, 300ul, 100ul, 16, 100, 0, 0ul, 0, 0, 0ul, false> >::BuildGraphConcurrently_()::{lambda(int)#1}&>(std::remove_reference<TunableHNSW::HNSW<TunableHNSW::HNSWConfig<128, true, (TunableHNSW::SearchStrategy)0, (TunableHNSW::QuantizationStrategy)0, (TunableHNSW::IndexStrategy)0, 32ul, 64ul, 300ul, 100ul, 16, 100, 0, 0ul, 0, 0, 0ul, false> >::BuildGraphConcurrently_()::{lambda(int)#1}&>::type&)
70 648
71 486
fn=TunableHNSW::HNSW<TunableHNSW::HNSWConfig<128, true, (TunableHNSW::SearchStrategy)0, (TunableHNSW::QuantizationStrategy)0, (TunableHNSW::IndexStrategy)0, 32ul, 64ul, 300ul, 100ul, 16, 100, 0, 0ul, 0, 0, 0ul, false> >::BuildGraphConcurrently_()::{lambda(int)#1}&& std::forward<TunableHNSW::HNSW<TunableHNSW::HNSWConfig<128, true, (TunableHNSW::SearchStrategy)0, (TunableHNSW::QuantizationStrategy)0, (TunableHNSW::IndexStrategy)0, 32ul, 64ul, 300ul, 100ul, 16, 100, 0, 0ul, 0, 0, 0ul, false> >::BuildGraphConcurrently_()::{lambda(int)#1}>(std::remove_reference<TunableHNSW::HNSW<TunableHNSW::HNSWConfig<128, true, (TunableHNSW::SearchStrategy)0, (TunableHNSW::QuantizationStrategy)0, (TunableHNSW::IndexStrategy)0, 32ul, 64ul, 300ul, 100ul, 16, 100, 0, 0ul, 0, 0, 0ul, false> >::BuildGraphConcurrently_()::{lambda(int)#1}>::type&)
70 216
71 162
fn=TunableHNSW::HNSW<TunableHNSW::HNSWConfig<128, true, (TunableHNSW::SearchStrategy)0, (TunableHNSW::QuantizationStrategy)0, (TunableHNSW::IndexStrategy)0, 32ul, 64ul, 300ul, 100ul, 16, 100, 0, 0ul, 0, 0, 0ul, false> >::Node* std::__addressof<TunableHNSW::HNSW<TunableHNSW::HNSWConfig<128, true, (TunableHNSW::SearchStrategy)0, (TunableHNSW::QuantizationStrategy)0, (TunableHNSW::IndexStrategy)0, 32ul, 64ul, 300ul, 100ul, 16, 100, 0, 0ul, 0, 0, 0ul, false> >::Node>(TunableHNSW::HNSW<TunableHNSW::HNSWConfig<128, true, (TunableHNSW::SearchStrategy)0, (TunableHNSW::QuantizationStrategy)0, (TunableHNSW::IndexStrategy)0, 32ul, 64ul, 300ul, 100ul, 16, 100, 0, 0ul, 0, 0, 0ul, false> >::Node&)
51 40000
52 30000
fn=char const* std::__addressof<char const>(char const&)
51 1640
52 1230
fn=char const* std::addressof<char const>(char const&)
138 2050
139 2050
fn=char const*& std::forward<char const*&>(std::remove_reference<char const*&>::type&)
70 4
71 3
fn=char const*&& std::forward<char const*>(std::remove_reference<char const*>::type&)
70 4
71 3
fn=char* std::__addressof<char>(char&)
51 428
52 321
fn=char* std::addressof<char>(char&)
138 535
139 535
fn=float& std::forward<float&>(std::remove_reference<float&>::type&)
70 10973600
71 8230200
fn=float&& std::forward<float>(std::remove_reference<float>::type&)
70 116773040
71 87579780
fn=float* std::__addressof<float>(float&)
51 8
52 6
fn=int& std::forward<int&>(std::remove_reference<int&>::type&)
70 10974380
71 8230785
fn=int&& std::forward<int>(std::remove_reference<int>::type&)
70 116772260
71 87579195
fn=int* std::__addressof<int>(int&)
51 40004
52 30003
fn=std::__format::_Formatting_scanner<std::__format::_Sink_iter<char>, char>::_M_format_arg(unsigned long)::{lambda(auto:1&)#1}&& std::forward<std::__format::_Formatting_scanner<std::__format::_Sink_iter<char>, char>::_M_format_arg(unsigned long)::{lambda(auto:1&)#1}>(std::remove_reference<std::__format::_Formatting_scanner<std::__format::_Sink_iter<char>, char>::_M_format_arg(unsigned long)::{lambda(auto:1&)#1}>::type&)
70 8
71 6
fn=std::__format::_Sink<char>* std::__addressof<std::__format::_Sink<char> >(std::__format::_Sink<char>&)
51 4
52 3
fn=std::__format::_Sink<char>* std::addressof<std::__format::_Sink<char> >(std::__format::_Sink<char>&)
138 5
139 5
fn=std::atomic<long long>* std::__addressof<std::atomic<long long> >(std::atomic<long long>&)
51 68
52 51
fn=std::default_delete<std::mutex>&& std::forward<std::default_delete<std::mutex> >(std::remove_reference<std::default_delete<std::mutex> >::type&)
70 40000
71 30000
fn=std::enable_if<std::__and_<std::__not_<std::__is_tuple_like<float> >, std::is_move_constructible<float>, std::is_move_assignable<float> >::value, void>::type std::swap<float>(float&, float&)
189 5165253
197 2869585
198 3443502
199 3443502
200 3443502
fn=std::enable_if<std::__and_<std::__not_<std::__is_tuple_like<int> >, std::is_move_constructible<int>, std::is_move_assignable<int> >::value, void>::type std::swap<int>(int&, int&)
189 5165253
197 2869585
198 3443502
199 3443502
200 3443502
fn=std::pair<float, int> const& std::forward<std::pair<float, int> const&>(std::remove_reference<std::pair<float, int> const&>::type&)
70 7672056
71 5754042
fn=std::pair<float, int>& std::forward<std::pair<float, int>&>(std::remove_reference<std::pair<float, int>&>::type&)
70 163415456
71 122561592
fn=std::pair<float, int>&& std::forward<std::pair<float, int> >(std::remove_reference<std::pair<float, int> >::type&)
70 57875156
71 43406367
fn=std::pair<float, int>* std::__addressof<std::pair<float, int> >(std::pair<float, int>&)
51 37029164
52 27771873
fn=std::remove_reference<float&>::type&& std::move<float&>(float&)
97 6887004
98 5165253
fn=std::remove_reference<int&>::type&& std::move<int&>(int&)
97 6887004
98 5165253
fn=std::remove_reference<int*&>::type&& std::move<int*&>(int*&)
97 160000
98 120000
fn=std::remove_reference<std::__cxx11::basic_string<char, std::char_traits<char>, std::allocator<char> >&>::type&& std::move<std::__cxx11::basic_string<char, std::char_traits<char>, std::allocator<char> >&>(std::__cxx11::basic_string<char, std::char_traits<char>, std::allocator<char> >&)
97 4
98 3
fn=std::remove_reference<std::__format::_Seq_sink<std::__cxx11::basic_string<char, std::char_traits<char>, std::allocator<char> > >&>::type&& std::move<std::__format::_Seq_sink<std::__cxx11::basic_string<char, std::char_traits<char>, std::allocator<char> > >&>(std::__format::_Seq_sink<std::__cxx11::basic_string<char, std::char_traits<char>, std::allocator<char> > >&)
98 3
fn=std::remove_reference<std::__format::_Sink_iter<char>&>::type&& std::move<std::__format::_Sink_iter<char>&>(std::__format::_Sink_iter<char>&)
97 44
98 33
fn=std::remove_reference<std::allocator<char>&>::type&& std::move<std::allocator<char>&>(std::allocator<char>&)
97 416
98 312
fn=std::remove_reference<std::allocator<float>&>::type&& std::move<std::allocator<float>&>(std::allocator<float>&)
97 4
98 3
fn=std::remove_reference<std::allocator<std::vector<float, std::allocator<float> > >&>::type&& std::move<std::allocator<std::vector<float, std::allocator<float> > >&>(std::allocator<std::vector<float, std::allocator<float> > >&)
97 4
98 3
fn=std::remove_reference<std::allocator<std::vector<unsigned long, std::allocator<unsigned long> > >&>::type&& std::move<std::allocator<std::vector<unsigned long, std::allocator<unsigned long> > >&>(std::allocator<std::vector<unsigned long, std::allocator<unsigned long> > >&)
97 4
98 3
fn=std::remove_reference<std::pair<float, int>&>::type&& std::move<std::pair<float, int>&>(std::pair<float, int>&)
97 208534032
98 156400524
fn=std::remove_reference<std::pair<unsigned short, char const*>&>::type&& std::move<std::pair<unsigned short, char const*>&>(std::pair<unsigned short, char const*>&)
97 8
98 6
fn=std::remove_reference<std::tuple<TunableHNSW::HNSW<TunableHNSW::HNSWConfig<128, true, (TunableHNSW::SearchStrategy)0, (TunableHNSW::QuantizationStrategy)0, (TunableHNSW::IndexStrategy)0, 32ul, 64ul, 300ul, 100ul, 16, 100, 0, 0ul, 0, 0, 0ul, false> >::BuildGraphConcurrently_()::{lambda(int)#1}, unsigned int>&>::type&& std::move<std::tuple<TunableHNSW::HNSW<TunableHNSW::HNSWConfig<128, true, (TunableHNSW::SearchStrategy)0, (TunableHNSW::QuantizationStrategy)0, (TunableHNSW::IndexStrategy)0, 32ul, 64ul, 300ul, 100ul, 16, 100, 0, 0ul, 0, 0, 0ul, false> >::BuildGraphConcurrently_()::{lambda(int)#1}, unsigned int>&>(std::tuple<TunableHNSW::HNSW<TunableHNSW::HNSWConfig<128, true, (TunableHNSW::SearchStrategy)0, (TunableHNSW::QuantizationStrategy)0, (TunableHNSW::IndexStrategy)0, 32ul, 64ul, 300ul, 100ul, 16, 100, 0, 0ul, 0, 0, 0ul, false> >::BuildGraphConcurrently_()::{lambda(int)#1}, unsigned int>&)
97 144
98 108
fn=std::remove_reference<std::vector<float, std::allocator<float> >&>::type&& std::move<std::vector<float, std::allocator<float> >&>(std::vector<float, std::allocator<float> >&)
97 4
98 3
fn=std::remove_reference<std::vector<std::vector<float, std::allocator<float> >, std::allocator<std::vector<float, std::allocator<float> > > >&>::type&& std::move<std::vector<std::vector<float, std::allocator<float> >, std::allocator<std::vector<float, std::allocator<float> > > >&>(std::vector<std::vector<float, std::allocator<float> >, std::allocator<std::vector<float, std::allocator<float> > > >&)
97 4
98 3
fn=std::remove_reference<std::vector<std::vector<unsigned long, std::allocator<unsigned long> >, std::allocator<std::vector<unsigned long, std::allocator<unsigned long> > > >&>::type&& std::move<std::vector<std::vector<unsigned long, std::allocator<unsigned long> >, std::allocator<std::vector<unsigned long, std::allocator<unsigned long> > > >&>(std::vector<std::vector<unsigned long, std::allocator<unsigned long> >, std::allocator<std::vector<unsigned long, std::allocator<unsigned long> > > >&)
97 4
98 3
fn=std::remove_reference<unsigned short*&>::type&& std::move<unsigned short*&>(unsigned short*&)
98 216
fn=std::vector<float, std::allocator<float> > const& std::forward<std::vector<float, std::allocator<float> > const&>(std::remove_reference<std::vector<float, std::allocator<float> > const&>::type&)
70 400
71 300
fn=std::vector<float, std::allocator<float> >* std::__addressof<std::vector<float, std::allocator<float> > >(std::vector<float, std::allocator<float> >&)
51 400
52 300
fn=std::vector<int, std::allocator<int> > const& std::forward<std::vector<int, std::allocator<int> > const&>(std::remove_reference<std::vector<int, std::allocator<int> > const&>::type&)
70 400
71 300
fn=std::vector<int, std::allocator<int> >* std::__addressof<std::vector<int, std::allocator<int> > >(std::vector<int, std::allocator<int> >&)
51 400
52 300
fn=std::vector<unsigned long, std::allocator<unsigned long> > const& std::forward<std::vector<unsigned long, std::allocator<unsigned long> > const&>(std::remove_reference<std::vector<unsigned long, std::allocator<unsigned long> > const&>::type&)
70 400
71 300
fn=std::vector<unsigned long, std::allocator<unsigned long> >* std::__addressof<std::vector<unsigned long, std::allocator<unsigned long> > >(std::vector<unsigned long, std::allocator<unsigned long> >&)
51 400
52 300
fn=unsigned int& std::forward<unsigned int&>(std::remove_reference<unsigned int&>::type&)
70 720
71 540
fn=unsigned int&& std::forward<unsigned int>(std::remove_reference<unsigned int>::type&)
70 216
71 162
fn=unsigned long* std::__addressof<unsigned long>(unsigned long&)
51 4
52 3
fn=unsigned short& std::forward<unsigned short&>(std::remove_reference<unsigned short&>::type&)
70 4
71 3
fn=unsigned short&& std::forward<unsigned short>(std::remove_reference<unsigned short>::type&)
70 4
71 3
fl=/usr/include/c++/13/bits/new_allocator.h
fn=(anonymous namespace)::LoadBaseFromFile(global::DataSetInfo const&)
88 2
fn=(anonymous namespace)::LoadLabelsFromFile(global::DataSetInfo const&)
88 3
fn=(anonymous namespace)::LoadSamplesFromFile(global::DataSetInfo const&)
88 3
fn=TunableHNSW::HNSWMetrics<16>::HNSWMetrics()
88 1
fn=std::_Vector_base<TunableHNSW::HNSW<TunableHNSW::HNSWConfig<128, true, (TunableHNSW::SearchStrategy)0, (TunableHNSW::QuantizationStrategy)0, (TunableHNSW::IndexStrategy)0, 32ul, 64ul, 300ul, 100ul, 16, 100, 0, 0ul, 0, 0, 0ul, false> >::Node, std::allocator<TunableHNSW::HNSW<TunableHNSW::HNSWConfig<128, true, (TunableHNSW::SearchStrategy)0, (TunableHNSW::QuantizationStrategy)0, (TunableHNSW::IndexStrategy)0, 32ul, 64ul, 300ul, 100ul, 16, 100, 0, 0ul, 0, 0, 0ul, false> >::Node> >::_Vector_impl::_Vector_impl()
88 1
fn=std::_Vector_base<float, std::allocator<float> >::_Vector_impl::_Vector_impl()
88 2
fn=std::_Vector_base<float, std::allocator<float> >::_Vector_impl::_Vector_impl(std::allocator<float> const&)
92 103
fn=std::_Vector_base<float, std::allocator<float> >::get_allocator() const
92 1
fn=std::_Vector_base<int, std::allocator<int> >::_Vector_impl::_Vector_impl()
88 20000
fn=std::_Vector_base<int, std::allocator<int> >::_Vector_impl::_Vector_impl(std::allocator<int> const&)
92 101
fn=std::_Vector_base<std::atomic<long long>, std::allocator<std::atomic<long long> > >::_Vector_impl::_Vector_impl(std::allocator<std::atomic<long long> > const&)
92 1
fn=std::_Vector_base<std::pair<float, int>, std::allocator<std::pair<float, int> > >::_Vector_impl::_Vector_impl()
88 6976
fn=std::_Vector_base<std::vector<float, std::allocator<float> >, std::allocator<std::vector<float, std::allocator<float> > > >::_Vector_impl::_Vector_impl()
88 1
fn=std::_Vector_base<std::vector<float, std::allocator<float> >, std::allocator<std::vector<float, std::allocator<float> > > >::_Vector_impl::_Vector_impl(std::allocator<std::vector<float, std::allocator<float> > > const&)
92 2
fn=std::_Vector_base<std::vector<float, std::allocator<float> >, std::allocator<std::vector<float, std::allocator<float> > > >::get_allocator() const
92 1
fn=std::_Vector_base<std::vector<int, std::allocator<int> >, std::allocator<std::vector<int, std::allocator<int> > > >::_Vector_impl::_Vector_impl(std::allocator<std::vector<int, std::allocator<int> > > const&)
92 1
fn=std::_Vector_base<std::vector<unsigned long, std::allocator<unsigned long> >, std::allocator<std::vector<unsigned long, std::allocator<unsigned long> > > >::_Vector_impl::_Vector_impl()
88 1
fn=std::_Vector_base<std::vector<unsigned long, std::allocator<unsigned long> >, std::allocator<std::vector<unsigned long, std::allocator<unsigned long> > > >::_Vector_impl::_Vector_impl(std::allocator<std::vector<unsigned long, std::allocator<unsigned long> > > const&)
92 2
fn=std::_Vector_base<std::vector<unsigned long, std::allocator<unsigned long> >, std::allocator<std::vector<unsigned long, std::allocator<unsigned long> > > >::get_allocator() const
92 1
fn=std::_Vector_base<unsigned char, std::allocator<unsigned char> >::_Vector_impl::_Vector_impl()
88 1
fn=std::_Vector_base<unsigned long, std::allocator<unsigned long> >::_Vector_impl::_Vector_impl(std::allocator<unsigned long> const&)
92 101
fn=std::__cxx11::basic_string<char, std::char_traits<char>, std::allocator<char> >::_Alloc_hider::_Alloc_hider(char*, std::allocator<char> const&)
92 3
fn=std::__cxx11::basic_string<char, std::char_traits<char>, std::allocator<char> >::_Alloc_hider::_Alloc_hider(char*, std::allocator<char>&&)
92 103
fn=std::__cxx11::basic_string<char, std::char_traits<char>, std::allocator<char> >::basic_string()
88 102
fn=std::__new_allocator<TunableHNSW::HNSW<TunableHNSW::HNSWConfig<128, true, (TunableHNSW::SearchStrategy)0, (TunableHNSW::QuantizationStrategy)0, (TunableHNSW::IndexStrategy)0, 32ul, 64ul, 300ul, 100ul, 16, 100, 0, 0ul, 0, 0, 0ul, false> >::Node>::allocate(unsigned long, void const*)
126 9
134 7
151 5
152 2
233 1
fn=std::__new_allocator<char>::allocate(unsigned long, void const*)
126 1836
134 1428
151 816
152 408
233 204
fn=std::__new_allocator<char>::deallocate(char*, unsigned long)
156 728
172 520
173 208
fn=std::__new_allocator<float>::allocate(unsigned long, void const*)
126 927
134 721
151 515
152 206
233 103
fn=std::__new_allocator<float>::deallocate(float*, unsigned long)
156 7
172 6
173 2
fn=std::__new_allocator<int>::allocate(unsigned long, void const*)
126 180909
134 140707
151 100505
152 40202
233 20101
fn=std::__new_allocator<int>::deallocate(int*, unsigned long)
156 7
172 6
173 2
fn=std::__new_allocator<std::atomic<long long> >::allocate(unsigned long, void const*)
126 9
134 7
151 5
152 2
233 1
fn=std::__new_allocator<std::pair<float, int> >::allocate(unsigned long, void const*)
126 629577
134 489671
151 349765
152 139906
233 69953
fn=std::__new_allocator<std::pair<float, int> >::deallocate(std::pair<float, int>*, unsigned long)
156 489426
172 419508
173 139836
fn=std::__new_allocator<std::thread>::allocate(unsigned long, void const*)
126 9
134 7
151 5
152 2
233 1
fn=std::__new_allocator<std::vector<float, std::allocator<float> > >::allocate(unsigned long, void const*)
126 9
134 7
151 8
152 2
233 1
fn=std::__new_allocator<std::vector<int, std::allocator<int> > >::allocate(unsigned long, void const*)
126 9
134 7
151 8
152 2
233 1
fn=std::__new_allocator<std::vector<unsigned long, std::allocator<unsigned long> > >::allocate(unsigned long, void const*)
126 9
134 7
151 8
152 2
233 1
fn=std::__new_allocator<unsigned long>::allocate(unsigned long, void const*)
126 909
134 707
151 505
152 202
233 101
fn=std::__new_allocator<unsigned long>::deallocate(unsigned long*, unsigned long)
156 7
172 6
173 2
fn=std::__new_allocator<unsigned short>::allocate(unsigned long, void const*)
126 162
134 126
151 90
152 36
233 18
fn=std::vector<float, std::allocator<float> >::_S_check_init_len(unsigned long, std::allocator<float> const&)
92 3
fn=std::vector<float, std::allocator<float> >::vector(std::vector<float, std::allocator<float> > const&)
92 100
fn=std::vector<int, std::allocator<int> >::_S_check_init_len(unsigned long, std::allocator<int> const&)
92 1
fn=std::vector<int, std::allocator<int> >::vector(std::vector<int, std::allocator<int> > const&)
92 100
fn=std::vector<std::atomic<long long>, std::allocator<std::atomic<long long> > >::_S_check_init_len(unsigned long, std::allocator<std::atomic<long long> > const&)
92 1
fn=std::vector<std::vector<float, std::allocator<float> >, std::allocator<std::vector<float, std::allocator<float> > > >::_S_check_init_len(unsigned long, std::allocator<std::vector<float, std::allocator<float> > > const&)
92 1
fn=std::vector<std::vector<int, std::allocator<int> >, std::allocator<std::vector<int, std::allocator<int> > > >::_S_check_init_len(unsigned long, std::allocator<std::vector<int, std::allocator<int> > > const&)
92 1
fn=std::vector<std::vector<unsigned long, std::allocator<unsigned long> >, std::allocator<std::vector<unsigned long, std::allocator<unsigned long> > > >::_S_check_init_len(unsigned long, std::allocator<std::vector<unsigned long, std::allocator<unsigned long> > > const&)
92 1
fn=std::vector<unsigned long, std::allocator<unsigned long> >::_S_check_init_len(unsigned long, std::allocator<unsigned long> const&)
92 1
fn=std::vector<unsigned long, std::allocator<unsigned long> >::vector(std::vector<unsigned long, std::allocator<unsigned long> > const&)
92 100
fn=void (anonymous namespace)::RunTest<TunableHNSW::HNSWConfig<128, true, (TunableHNSW::SearchStrategy)0, (TunableHNSW::QuantizationStrategy)0, (TunableHNSW::IndexStrategy)0, 32ul, 64ul, 300ul, 100ul, 16, 100, 0, 0ul, 0, 0, 0ul, false> >((anonymous namespace)::LoadedDataset const&, std::basic_string_view<char, std::char_traits<char> >)
88 2
fl=/usr/include/c++/13/bits/predefined_ops.h
fn=__gnu_cxx::__ops::__iter_less_iter()
51 20850
fn=__gnu_cxx::__ops::__val_comp_iter(__gnu_cxx::__ops::_Iter_less_iter)
109 5708916
fn=bool __gnu_cxx::__ops::_Iter_comp_iter<std::greater<void> >::operator()<__gnu_cxx::__normal_iterator<std::pair<float, int>*, std::vector<std::pair<float, int>, std::allocator<std::pair<float, int> > > >, __gnu_cxx::__normal_iterator<std::pair<float, int>*, std::vector<std::pair<float, int>, std::allocator<std::pair<float, int> > > > >(__gnu_cxx::__normal_iterator<std::pair<float, int>*, std::vector<std::pair<float, int>, std::allocator<std::pair<float, int> > > >, __gnu_cxx::__normal_iterator<std::pair<float, int>*, std::vector<std::pair<float, int>, std::allocator<std::pair<float, int> > > >)
157 57160080
158 107969030
fn=bool __gnu_cxx::__ops::_Iter_comp_iter<std::less<std::pair<float, int> > >::operator()<__gnu_cxx::__normal_iterator<std::pair<float, int>*, std::vector<std::pair<float, int>, std::allocator<std::pair<float, int> > > >, __gnu_cxx::__normal_iterator<std::pair<float, int>*, std::vector<std::pair<float, int>, std::allocator<std::pair<float, int> > > > >(__gnu_cxx::__normal_iterator<std::pair<float, int>*, std::vector<std::pair<float, int>, std::allocator<std::pair<float, int> > > >, __gnu_cxx::__normal_iterator<std::pair<float, int>*, std::vector<std::pair<float, int>, std::allocator<std::pair<float, int> > > >)
157 76243158
158 144014849
fn=bool __gnu_cxx::__ops::_Iter_comp_val<std::greater<void> >::operator()<__gnu_cxx::__normal_iterator<std::pair<float, int>*, std::vector<std::pair<float, int>, std::allocator<std::pair<float, int> > > >, std::pair<float, int> >(__gnu_cxx::__normal_iterator<std::pair<float, int>*, std::vector<std::pair<float, int>, std::allocator<std::pair<float, int> > > >, std::pair<float, int>&)
195 30898776
196 50210502
fn=bool __gnu_cxx::__ops::_Iter_comp_val<std::less<std::pair<float, int> > >::operator()<__gnu_cxx::__normal_iterator<std::pair<float, int>*, std::vector<std::pair<float, int>, std::allocator<std::pair<float, int> > > >, std::pair<float, int> >(__gnu_cxx::__normal_iterator<std::pair<float, int>*, std::vector<std::pair<float, int>, std::allocator<std::pair<float, int> > > >, std::pair<float, int>&)
195 41600760
196 67601232
fn=bool __gnu_cxx::__ops::_Iter_less_iter::operator()<__gnu_cxx::__normal_iterator<std::pair<float, int>*, std::vector<std::pair<float, int>, std::allocator<std::pair<float, int> > > >, __gnu_cxx::__normal_iterator<std::pair<float, int>*, std::vector<std::pair<float, int>, std::allocator<std::pair<float, int> > > > >(__gnu_cxx::__normal_iterator<std::pair<float, int>*, std::vector<std::pair<float, int>, std::allocator<std::pair<float, int> > > >, __gnu_cxx::__normal_iterator<std::pair<float, int>*, std::vector<std::pair<float, int>, std::allocator<std::pair<float, int> > > >) const
44 40648736
45 76216380
fn=bool __gnu_cxx::__ops::_Val_less_iter::operator()<std::pair<float, int>, __gnu_cxx::__normal_iterator<std::pair<float, int>*, std::vector<std::pair<float, int>, std::allocator<std::pair<float, int> > > > >(std::pair<float, int>&, __gnu_cxx::__normal_iterator<std::pair<float, int>*, std::vector<std::pair<float, int>, std::allocator<std::pair<float, int> > > >) const
97 12637639
98 21664524
fl=/usr/include/c++/13/bits/ptr_traits.h
fn=char const* std::__to_address<char const>(char const*)
212 16
215 4
216 8
fn=char const* std::to_address<char const>(char const*)
250 20
251 20
fn=char* std::__to_address<char>(char*)
212 28
215 7
216 14
fn=char* std::to_address<char>(char*)
250 35
251 35
fn=std::__ptr_traits_ptr_to<char const*, char const, false>::pointer_to(char const&)
141 2050
142 2050
fn=std::__ptr_traits_ptr_to<char*, char, false>::pointer_to(char&)
141 535
142 535
fl=/usr/include/c++/13/bits/random.h
fn=double std::uniform_real_distribution<double>::operator()<std::mersenne_twister_engine<unsigned long, 32ul, 624ul, 397ul, 31ul, 2567483615ul, 11ul, 4294967295ul, 7ul, 2636928640ul, 15ul, 4022730752ul, 18ul, 1812433253ul> >(std::mersenne_twister_engine<unsigned long, 32ul, 624ul, 397ul, 31ul, 2567483615ul, 11ul, 4294967295ul, 7ul, 2636928640ul, 15ul, 4022730752ul, 18ul, 1812433253ul>&)
1899 60000
1900 80000
fn=double std::uniform_real_distribution<double>::operator()<std::mersenne_twister_engine<unsigned long, 32ul, 624ul, 397ul, 31ul, 2567483615ul, 11ul, 4294967295ul, 7ul, 2636928640ul, 15ul, 4022730752ul, 18ul, 1812433253ul> >(std::mersenne_twister_engine<unsigned long, 32ul, 624ul, 397ul, 31ul, 2567483615ul, 11ul, 4294967295ul, 7ul, 2636928640ul, 15ul, 4022730752ul, 18ul, 1812433253ul>&, std::uniform_real_distribution<double>::param_type const&)
1904 110000
1908 50000
1909 190000
1910 60000
fn=std::__detail::_Adaptor<std::mersenne_twister_engine<unsigned long, 32ul, 624ul, 397ul, 31ul, 2567483615ul, 11ul, 4294967295ul, 7ul, 2636928640ul, 15ul, 4022730752ul, 18ul, 1812433253ul>, double>::_Adaptor(std::mersenne_twister_engine<unsigned long, 32ul, 624ul, 397ul, 31ul, 2567483615ul, 11ul, 4294967295ul, 7ul, 2636928640ul, 15ul, 4022730752ul, 18ul, 1812433253ul>&)
173 50000
174 60000
fn=std::__detail::_Adaptor<std::mersenne_twister_engine<unsigned long, 32ul, 624ul, 397ul, 31ul, 2567483615ul, 11ul, 4294967295ul, 7ul, 2636928640ul, 15ul, 4022730752ul, 18ul, 1812433253ul>, double>::operator()()
190 50000
194 40000
195 20000
fn=std::__detail::_Mod<unsigned long, 4294967296ul, 1ul, 0ul, true, true>::__calc(unsigned long)
139 4992
141 2496
143 2496
144 1248
145 2496
fn=std::__detail::_Mod<unsigned long, 624ul, 1ul, 0ul, true, true>::__calc(unsigned long)
139 4984
141 2492
143 13706
144 1246
145 2492
fn=std::mersenne_twister_engine<unsigned long, 32ul, 624ul, 397ul, 31ul, 2567483615ul, 11ul, 4294967295ul, 7ul, 2636928640ul, 15ul, 4022730752ul, 18ul, 1812433253ul>::mersenne_twister_engine(unsigned long)
545 12
546 16
fn=std::mersenne_twister_engine<unsigned long, 32ul, 624ul, 397ul, 31ul, 2567483615ul, 11ul, 4294967295ul, 7ul, 2636928640ul, 15ul, 4022730752ul, 18ul, 1812433253ul>::min()
570 60000
571 60000
fn=std::uniform_real_distribution<double>::param_type::a() const
1803 80000
1804 80000
fn=std::uniform_real_distribution<double>::param_type::b() const
1807 40000
1808 40000
fn=std::uniform_real_distribution<double>::param_type::param_type(double, double)
1796 70000
1797 60000
1799 50000
1800 30000
fn=std::uniform_real_distribution<double>::uniform_real_distribution(double, double)
1840 70000
1841 70000
1842 30000
fn=unsigned long std::__detail::__mod<unsigned long, 4294967296ul, 1ul, 0ul>(unsigned long)
150 6240
157 1248
158 3744
160 2496
fn=unsigned long std::__detail::__mod<unsigned long, 624ul, 1ul, 0ul>(unsigned long)
150 6230
157 1246
158 3738
160 2492
fl=/usr/include/c++/13/bits/random.tcc
fn=double std::generate_canonical<double, 53ul, std::mersenne_twister_engine<unsigned long, 32ul, 624ul, 397ul, 31ul, 2567483615ul, 11ul, 4294967295ul, 7ul, 2636928640ul, 15ul, 4022730752ul, 18ul, 1812433253ul> >(std::mersenne_twister_engine<unsigned long, 32ul, 624ul, 397ul, 31ul, 2567483615ul, 11ul, 4294967295ul, 7ul, 2636928640ul, 15ul, 4022730752ul, 18ul, 1812433253ul>&)
3349 90000
3354 10000
3357 20000
3359 280000
3360 80000
3361 50000
3363 20000
3364 20000
3365 110000
3367 340000
3368 80000
3370 30000
3371 70000
3380 10000
3381 60000
fn=std::mersenne_twister_engine<unsigned long, 32ul, 624ul, 397ul, 31ul, 2567483615ul, 11ul, 4294967295ul, 7ul, 2636928640ul, 15ul, 4022730752ul, 18ul, 1812433253ul>::_M_gen_rand()
397 132
401 33
402 33
404 22605
406 52437
407 37455
408 74910
409 56206
412 39336
414 91476
415 65340
416 130680
417 97948
420 198
421 99
422 231
423 216
424 66
425 99
fn=std::mersenne_twister_engine<unsigned long, 32ul, 624ul, 397ul, 31ul, 2567483615ul, 11ul, 4294967295ul, 7ul, 2636928640ul, 15ul, 4022730752ul, 18ul, 1812433253ul>::operator()()
453 100000
458 80000
459 99
462 160000
463 80000
464 80000
465 80000
466 60000
468 20000
469 40000
fn=std::mersenne_twister_engine<unsigned long, 32ul, 624ul, 397ul, 31ul, 2567483615ul, 11ul, 4294967295ul, 7ul, 2636928640ul, 15ul, 4022730752ul, 18ul, 1812433253ul>::seed(unsigned long)
326 12
330 4
331 6
333 3746
335 6230
336 3738
337 3738
338 4984
339 3738
340 3738
342 4
343 6
fl=/usr/include/c++/13/bits/std_mutex.h
fn=std::__mutex_base::__mutex_base()
67 120012
fn=std::lock_guard<std::mutex>::lock_guard(std::mutex&)
248 270747
249 210581
fn=std::lock_guard<std::mutex>::~lock_guard()
254 150415
255 210581
fn=std::mutex::lock()
111 150415
113 120332
116 60166
118 90249
fn=std::mutex::mutex()
104 110011
fn=std::mutex::unlock()
129 150415
132 90249
133 90249
fl=/usr/include/c++/13/bits/std_thread.h
fn=std::thread::_Invoker<std::tuple<TunableHNSW::HNSW<TunableHNSW::HNSWConfig<128, true, (TunableHNSW::SearchStrategy)0, (TunableHNSW::QuantizationStrategy)0, (TunableHNSW::IndexStrategy)0, 32ul, 64ul, 300ul, 100ul, 16, 100, 0, 0ul, 0, 0, 0ul, false> >::BuildGraphConcurrently_()::{lambda(int)#1}, unsigned int> >::_Invoker<TunableHNSW::HNSW<TunableHNSW::HNSWConfig<128, true, (TunableHNSW::SearchStrategy)0, (TunableHNSW::QuantizationStrategy)0, (TunableHNSW::IndexStrategy)0, 32ul, 64ul, 300ul, 100ul, 16, 100, 0, 0ul, 0, 0, 0ul, false> >::BuildGraphConcurrently_()::{lambda(int)#1}&, unsigned int&>(TunableHNSW::HNSW<TunableHNSW::HNSWConfig<128, true, (TunableHNSW::SearchStrategy)0, (TunableHNSW::QuantizationStrategy)0, (TunableHNSW::IndexStrategy)0, 32ul, 64ul, 300ul, 100ul, 16, 100, 0, 0ul, 0, 0, 0ul, false> >::BuildGraphConcurrently_()::{lambda(int)#1}&, unsigned int&)
276 162
277 216
278 108
fn=std::thread::_Invoker<std::tuple<TunableHNSW::HNSW<TunableHNSW::HNSWConfig<128, true, (TunableHNSW::SearchStrategy)0, (TunableHNSW::QuantizationStrategy)0, (TunableHNSW::IndexStrategy)0, 32ul, 64ul, 300ul, 100ul, 16, 100, 0, 0ul, 0, 0, 0ul, false> >::BuildGraphConcurrently_()::{lambda(int)#1}, unsigned int> >::operator()()
295 90
299 54
fn=std::thread::_State::_State()
225 180
fn=std::thread::_State_impl<std::thread::_Invoker<std::tuple<TunableHNSW::HNSW<TunableHNSW::HNSWConfig<128, true, (TunableHNSW::SearchStrategy)0, (TunableHNSW::QuantizationStrategy)0, (TunableHNSW::IndexStrategy)0, 32ul, 64ul, 300ul, 100ul, 16, 100, 0, 0ul, 0, 0, 0ul, false> >::BuildGraphConcurrently_()::{lambda(int)#1}, unsigned int> > >::_M_run()
244 162
fn=std::thread::_State_impl<std::thread::_Invoker<std::tuple<TunableHNSW::HNSW<TunableHNSW::HNSWConfig<128, true, (TunableHNSW::SearchStrategy)0, (TunableHNSW::QuantizationStrategy)0, (TunableHNSW::IndexStrategy)0, 32ul, 64ul, 300ul, 100ul, 16, 100, 0, 0ul, 0, 0, 0ul, false> >::BuildGraphConcurrently_()::{lambda(int)#1}, unsigned int> > >::_State_impl<TunableHNSW::HNSW<TunableHNSW::HNSWConfig<128, true, (TunableHNSW::SearchStrategy)0, (TunableHNSW::QuantizationStrategy)0, (TunableHNSW::IndexStrategy)0, 32ul, 64ul, 300ul, 100ul, 16, 100, 0, 0ul, 0, 0, 0ul, false> >::BuildGraphConcurrently_()::{lambda(int)#1}&, unsigned int&>(TunableHNSW::HNSW<TunableHNSW::HNSWConfig<128, true, (TunableHNSW::SearchStrategy)0, (TunableHNSW::QuantizationStrategy)0, (TunableHNSW::IndexStrategy)0, 32ul, 64ul, 300ul, 100ul, 16, 100, 0, 0ul, 0, 0, 0ul, false> >::BuildGraphConcurrently_()::{lambda(int)#1}&, unsigned int&)
239 162
240 342
241 108
fn=std::thread::id::id()
97 162
fn=std::thread::thread<TunableHNSW::HNSW<TunableHNSW::HNSWConfig<128, true, (TunableHNSW::SearchStrategy)0, (TunableHNSW::QuantizationStrategy)0, (TunableHNSW::IndexStrategy)0, 32ul, 64ul, 300ul, 100ul, 16, 100, 0, 0ul, 0, 0, 0ul, false> >::BuildGraphConcurrently_()::{lambda(int)#1}&, unsigned int&, void>(TunableHNSW::HNSW<TunableHNSW::HNSWConfig<128, true, (TunableHNSW::SearchStrategy)0, (TunableHNSW::QuantizationStrategy)0, (TunableHNSW::IndexStrategy)0, 32ul, 64ul, 300ul, 100ul, 16, 100, 0, 0ul, 0, 0, 0ul, false> >::BuildGraphConcurrently_()::{lambda(int)#1}&, unsigned int&)
154 234
155 54
164 522
167 180
fn=void std::thread::_Invoker<std::tuple<TunableHNSW::HNSW<TunableHNSW::HNSWConfig<128, true, (TunableHNSW::SearchStrategy)0, (TunableHNSW::QuantizationStrategy)0, (TunableHNSW::IndexStrategy)0, 32ul, 64ul, 300ul, 100ul, 16, 100, 0, 0ul, 0, 0, 0ul, false> >::BuildGraphConcurrently_()::{lambda(int)#1}, unsigned int> >::_M_invoke<0ul, 1ul>(std::_Index_tuple<0ul, 1ul>)
291 108
292 252
fl=/usr/include/c++/13/bits/stl_algo.h
fn=__gnu_cxx::__normal_iterator<std::pair<float, int>*, std::vector<std::pair<float, int>, std::allocator<std::pair<float, int> > > > std::__unguarded_partition<__gnu_cxx::__normal_iterator<std::pair<float, int>*, std::vector<std::pair<float, int>, std::allocator<std::pair<float, int> > > >, __gnu_cxx::__ops::_Iter_less_iter>(__gnu_cxx::__normal_iterator<std::pair<float, int>*, std::vector<std::pair<float, int>, std::allocator<std::pair<float, int> > > >, __gnu_cxx::__normal_iterator<std::pair<float, int>*, std::vector<std::pair<float, int>, std::allocator<std::pair<float, int> > > >, __gnu_cxx::__normal_iterator<std::pair<float, int>*, std::vector<std::pair<float, int>, std::allocator<std::pair<float, int> > > >, __gnu_cxx::__ops::_Iter_less_iter)
1871 685230
1877 19254845
1878 5283597
1879 1721751
1880 20536485
1881 5764215
1882 5739160
1883 195778
1884 2380135
1885 1428081
1887 195778
fn=__gnu_cxx::__normal_iterator<std::pair<float, int>*, std::vector<std::pair<float, int>, std::allocator<std::pair<float, int> > > > std::__unguarded_partition_pivot<__gnu_cxx::__normal_iterator<std::pair<float, int>*, std::vector<std::pair<float, int>, std::allocator<std::pair<float, int> > > >, __gnu_cxx::__ops::_Iter_less_iter>(__gnu_cxx::__normal_iterator<std::pair<float, int>*, std::vector<std::pair<float, int>, std::allocator<std::pair<float, int> > > >, __gnu_cxx::__normal_iterator<std::pair<float, int>*, std::vector<std::pair<float, int>, std::allocator<std::pair<float, int> > > >, __gnu_cxx::__ops::_Iter_less_iter)
1893 978900
1896 1468350
1897 1468350
1899 978900
1900 587334
fn=void std::__final_insertion_sort<__gnu_cxx::__normal_iterator<std::pair<float, int>*, std::vector<std::pair<float, int>, std::allocator<std::pair<float, int> > > >, __gnu_cxx::__ops::_Iter_less_iter>(__gnu_cxx::__normal_iterator<std::pair<float, int>*, std::vector<std::pair<float, int>, std::allocator<std::pair<float, int> > > >, __gnu_cxx::__normal_iterator<std::pair<float, int>*, std::vector<std::pair<float, int>, std::allocator<std::pair<float, int> > > >, __gnu_cxx::__ops::_Iter_less_iter)
1854 20844
1857 31266
1859 30627
1860 30627
1864 355
1865 13825
fn=void std::__insertion_sort<__gnu_cxx::__normal_iterator<std::pair<float, int>*, std::vector<std::pair<float, int>, std::allocator<std::pair<float, int> > > >, __gnu_cxx::__ops::_Iter_less_iter>(__gnu_cxx::__normal_iterator<std::pair<float, int>*, std::vector<std::pair<float, int>, std::allocator<std::pair<float, int> > > >, __gnu_cxx::__normal_iterator<std::pair<float, int>*, std::vector<std::pair<float, int>, std::allocator<std::pair<float, int> > > >, __gnu_cxx::__ops::_Iter_less_iter)
1812 34740
1815 24318
1817 618181
1819 411688
1822 26782
1823 38260
1824 42086
1827 142905
1828 47635
1830 20844
fn=void std::__introsort_loop<__gnu_cxx::__normal_iterator<std::pair<float, int>*, std::vector<std::pair<float, int>, std::allocator<std::pair<float, int> > > >, long, __gnu_cxx::__ops::_Iter_less_iter>(__gnu_cxx::__normal_iterator<std::pair<float, int>*, std::vector<std::pair<float, int>, std::allocator<std::pair<float, int> > > >, __gnu_cxx::__normal_iterator<std::pair<float, int>*, std::vector<std::pair<float, int>, std::allocator<std::pair<float, int> > > >, long, __gnu_cxx::__ops::_Iter_less_iter)
1918 1013640
1922 1894623
1924 195780
1929 97890
1931 587339
1932 587334
1933 195774
1935 506805
fn=void std::__move_median_to_first<__gnu_cxx::__normal_iterator<std::pair<float, int>*, std::vector<std::pair<float, int>, std::allocator<std::pair<float, int> > > >, __gnu_cxx::__ops::_Iter_less_iter>(__gnu_cxx::__normal_iterator<std::pair<float, int>*, std::vector<std::pair<float, int>, std::allocator<std::pair<float, int> > > >, __gnu_cxx::__normal_iterator<std::pair<float, int>*, std::vector<std::pair<float, int>, std::allocator<std::pair<float, int> > > >, __gnu_cxx::__normal_iterator<std::pair<float, int>*, std::vector<std::pair<float, int>, std::allocator<std::pair<float, int> > > >, __gnu_cxx::__normal_iterator<std::pair<float, int>*, std::vector<std::pair<float, int>, std::allocator<std::pair<float, int> > > >, __gnu_cxx::__ops::_Iter_less_iter)
85 783120
88 783120
90 755848
91 472370
92 56
93 15
95 20
97 27272
98 10
99 27256
102 17035
103 388153
fn=void std::__sort<__gnu_cxx::__normal_iterator<std::pair<float, int>*, std::vector<std::pair<float, int>, std::allocator<std::pair<float, int> > > >, __gnu_cxx::__ops::_Iter_less_iter>(__gnu_cxx::__normal_iterator<std::pair<float, int>*, std::vector<std::pair<float, int>, std::allocator<std::pair<float, int> > > >, __gnu_cxx::__normal_iterator<std::pair<float, int>*, std::vector<std::pair<float, int>, std::allocator<std::pair<float, int> > > >, __gnu_cxx::__ops::_Iter_less_iter)
1942 20850
1945 27800
1947 20850
1948 24325
1950 17370
1952 10422
fn=void std::__unguarded_insertion_sort<__gnu_cxx::__normal_iterator<std::pair<float, int>*, std::vector<std::pair<float, int>, std::allocator<std::pair<float, int> > > >, __gnu_cxx::__ops::_Iter_less_iter>(__gnu_cxx::__normal_iterator<std::pair<float, int>*, std::vector<std::pair<float, int>, std::allocator<std::pair<float, int> > > >, __gnu_cxx::__normal_iterator<std::pair<float, int>*, std::vector<std::pair<float, int>, std::allocator<std::pair<float, int> > > >, __gnu_cxx::__ops::_Iter_less_iter)
1836 30627
1839 9979794
1840 2711553
1841 903851
1842 20418
fn=void std::__unguarded_linear_insert<__gnu_cxx::__normal_iterator<std::pair<float, int>*, std::vector<std::pair<float, int>, std::allocator<std::pair<float, int> > > >, __gnu_cxx::__ops::_Val_less_iter>(__gnu_cxx::__normal_iterator<std::pair<float, int>*, std::vector<std::pair<float, int>, std::allocator<std::pair<float, int> > > >, __gnu_cxx::__ops::_Val_less_iter)
1792 8563374
1796 6660402
1797 1902972
1798 2854458
1799 15394502
1801 10246692
1802 1707782
1803 2561673
1805 9514860
1806 6660402
fn=void std::sort<__gnu_cxx::__normal_iterator<std::pair<float, int>*, std::vector<std::pair<float, int>, std::allocator<std::pair<float, int> > > > >(__gnu_cxx::__normal_iterator<std::pair<float, int>*, std::vector<std::pair<float, int>, std::allocator<std::pair<float, int> > > >, __gnu_cxx::__normal_iterator<std::pair<float, int>*, std::vector<std::pair<float, int>, std::allocator<std::pair<float, int> > > >)
4851 20850
4861 20850
4862 10422
fl=/usr/include/c++/13/bits/stl_algobase.h
fn=TunableHNSW::HNSW<TunableHNSW::HNSWConfig<128, true, (TunableHNSW::SearchStrategy)0, (TunableHNSW::QuantizationStrategy)0, (TunableHNSW::IndexStrategy)0, 32ul, 64ul, 300ul, 100ul, 16, 100, 0, 0ul, 0, 0, 0ul, false> >::Node* std::__niter_base<TunableHNSW::HNSW<TunableHNSW::HNSWConfig<128, true, (TunableHNSW::SearchStrategy)0, (TunableHNSW::QuantizationStrategy)0, (TunableHNSW::IndexStrategy)0, 32ul, 64ul, 300ul, 100ul, 16, 100, 0, 0ul, 0, 0, 0ul, false> >::Node*>(TunableHNSW::HNSW<TunableHNSW::HNSWConfig<128, true, (TunableHNSW::SearchStrategy)0, (TunableHNSW::QuantizationStrategy)0, (TunableHNSW::IndexStrategy)0, 32ul, 64ul, 300ul, 100ul, 16, 100, 0, 0ul, 0, 0, 0ul, false> >::Node*)
316 12
318 9
fn=__gnu_cxx::__enable_if<std::__is_scalar<float>::__value, void>::__type std::__fill_a1<float*, float>(float*, float*, float const&)
926 12
929 6
930 5120512
931 3840378
932 8
fn=__gnu_cxx::__enable_if<std::__is_scalar<int>::__value, void>::__type std::__fill_a1<int*, int>(int*, int*, int const&)
926 120006
929 60003
930 2685976
931 1954479
932 80004
fn=__gnu_cxx::__enable_if<std::__is_scalar<unsigned long>::__value, void>::__type std::__fill_a1<unsigned long*, unsigned long>(unsigned long*, unsigned long*, unsigned long const&)
926 6
929 3
930 40
931 27
932 4
fn=__gnu_cxx::__enable_if<std::__is_scalar<unsigned short>::__value, void>::__type std::__fill_a1<unsigned short*, unsigned short>(unsigned short*, unsigned short*, unsigned short const&)
926 108
929 54
930 720072
931 540000
932 72
fn=__gnu_cxx::__normal_iterator<std::pair<float, int>*, std::vector<std::pair<float, int>, std::allocator<std::pair<float, int> > > > std::__copy_move_backward_a<true, __gnu_cxx::__normal_iterator<std::pair<float, int>*, std::vector<std::pair<float, int>, std::allocator<std::pair<float, int> > > >, __gnu_cxx::__normal_iterator<std::pair<float, int>*, std::vector<std::pair<float, int>, std::allocator<std::pair<float, int> > > > >(__gnu_cxx::__normal_iterator<std::pair<float, int>*, std::vector<std::pair<float, int>, std::allocator<std::pair<float, int> > > >, __gnu_cxx::__normal_iterator<std::pair<float, int>*, std::vector<std::pair<float, int>, std::allocator<std::pair<float, int> > > >, __gnu_cxx::__normal_iterator<std::pair<float, int>*, std::vector<std::pair<float, int>, std::allocator<std::pair<float, int> > > >)
805 34434
807 76520
811 19130
fn=__gnu_cxx::__normal_iterator<std::pair<float, int>*, std::vector<std::pair<float, int>, std::allocator<std::pair<float, int> > > > std::__niter_wrap<__gnu_cxx::__normal_iterator<std::pair<float, int>*, std::vector<std::pair<float, int>, std::allocator<std::pair<float, int> > > >, std::pair<float, int>*>(__gnu_cxx::__normal_iterator<std::pair<float, int>*, std::vector<std::pair<float, int>, std::allocator<std::pair<float, int> > > >, std::pair<float, int>*)
331 22956
332 53564
fn=__gnu_cxx::__normal_iterator<std::pair<float, int>*, std::vector<std::pair<float, int>, std::allocator<std::pair<float, int> > > > std::move_backward<__gnu_cxx::__normal_iterator<std::pair<float, int>*, std::vector<std::pair<float, int>, std::allocator<std::pair<float, int> > > >, __gnu_cxx::__normal_iterator<std::pair<float, int>*, std::vector<std::pair<float, int>, std::allocator<std::pair<float, int> > > > >(__gnu_cxx::__normal_iterator<std::pair<float, int>*, std::vector<std::pair<float, int>, std::allocator<std::pair<float, int> > > >, __gnu_cxx::__normal_iterator<std::pair<float, int>*, std::vector<std::pair<float, int>, std::allocator<std::pair<float, int> > > >, __gnu_cxx::__normal_iterator<std::pair<float, int>*, std::vector<std::pair<float, int>, std::allocator<std::pair<float, int> > > >)
892 30608
901 49738
904 11478
fn=float* std::__copy_move<false, true, std::random_access_iterator_tag>::__copy_m<float const, float>(float const*, float const*, float*)
433 707
435 404
436 505
437 808
441 404
442 202
fn=float* std::__copy_move_a1<false, float const*, float*>(float const*, float const*, float*)
532 707
533 808
fn=float* std::__copy_move_a2<false, float const*, float*>(float const*, float const*, float*)
497 707
501 303
506 707
507 202
fn=float* std::__copy_move_a<false, __gnu_cxx::__normal_iterator<float const*, std::vector<float, std::allocator<float> > >, float*>(__gnu_cxx::__normal_iterator<float const*, std::vector<float, std::allocator<float> > >, __gnu_cxx::__normal_iterator<float const*, std::vector<float, std::allocator<float> > >, float*)
538 909
540 2020
544 505
fn=float* std::__fill_n_a<float*, unsigned long, float>(float*, unsigned long, float const&, std::random_access_iterator_tag)
1117 14
1123 4
1128 18
1129 8
1130 4
fn=float* std::__niter_base<float*>(float*)
316 404
318 303
fn=float* std::__niter_wrap<float*>(float* const&, float*)
338 505
339 303
fn=float* std::copy<__gnu_cxx::__normal_iterator<float const*, std::vector<float, std::allocator<float> > >, float*>(__gnu_cxx::__normal_iterator<float const*, std::vector<float, std::allocator<float> > >, __gnu_cxx::__normal_iterator<float const*, std::vector<float, std::allocator<float> > >, float*)
624 808
633 1313
634 303
fn=float* std::fill_n<float*, unsigned long, float>(float*, unsigned long, float const&)
1152 14
1157 18
1159 4
fn=int const& std::min<int>(int const&, int const&)
233 66895
238 80274
239 2
240 13378
241 26758
fn=int* std::__copy_move<false, true, std::random_access_iterator_tag>::__copy_m<int const, int>(int const*, int const*, int*)
433 700
435 400
436 500
437 800
441 400
442 200
fn=int* std::__copy_move<true, true, std::random_access_iterator_tag>::__copy_m<int, int>(int*, int*, int*)
433 140000
435 80000
436 100000
438 40000
441 80000
442 40000
fn=int* std::__copy_move_a1<false, int const*, int*>(int const*, int const*, int*)
532 700
533 800
fn=int* std::__copy_move_a1<true, int*, int*>(int*, int*, int*)
532 140000
533 160000
fn=int* std::__copy_move_a2<false, int const*, int*>(int const*, int const*, int*)
497 700
501 300
506 700
507 200
fn=int* std::__copy_move_a2<true, int*, int*>(int*, int*, int*)
497 140000
501 60000
506 140000
507 40000
fn=int* std::__copy_move_a<false, __gnu_cxx::__normal_iterator<int const*, std::vector<int, std::allocator<int> > >, int*>(__gnu_cxx::__normal_iterator<int const*, std::vector<int, std::allocator<int> > >, __gnu_cxx::__normal_iterator<int const*, std::vector<int, std::allocator<int> > >, int*)
538 900
540 2000
544 500
fn=int* std::__copy_move_a<true, int*, int*>(int*, int*, int*)
538 180000
540 400000
544 100000
fn=int* std::__fill_n_a<int*, unsigned long, int>(int*, unsigned long, int const&, std::random_access_iterator_tag)
1117 140007
1123 40002
1128 180009
1129 80004
1130 40002
fn=int* std::__niter_base<int*>(int*)
316 360400
318 270300
fn=int* std::__niter_wrap<int*>(int* const&, int*)
338 100500
339 60300
fn=int* std::copy<__gnu_cxx::__normal_iterator<int const*, std::vector<int, std::allocator<int> > >, int*>(__gnu_cxx::__normal_iterator<int const*, std::vector<int, std::allocator<int> > >, __gnu_cxx::__normal_iterator<int const*, std::vector<int, std::allocator<int> > >, int*)
624 800
633 1300
634 300
fn=int* std::copy<std::move_iterator<int*>, int*>(std::move_iterator<int*>, std::move_iterator<int*>, int*)
624 160000
633 260000
634 60000
fn=int* std::fill_n<int*, unsigned long, int>(int*, unsigned long, int const&)
1152 140007
1157 180009
1159 40002
fn=long std::__lg<long>(long)
1515 17375
1518 17375
1528 6950
fn=std::__size_to_integer(unsigned long)
1018 140154
fn=std::pair<float, int>* std::__copy_move_backward<true, false, std::random_access_iterator_tag>::__copy_move_b<std::pair<float, int>*, std::pair<float, int>*>(std::pair<float, int>*, std::pair<float, int>*, std::pair<float, int>*)
727 26782
730 15304
731 28320
732 56140
733 3826
734 7652
fn=std::pair<float, int>* std::__copy_move_backward_a1<true, std::pair<float, int>*, std::pair<float, int>*>(std::pair<float, int>*, std::pair<float, int>*, std::pair<float, int>*)
777 26782
778 30608
fn=std::pair<float, int>* std::__copy_move_backward_a2<true, std::pair<float, int>*, std::pair<float, int>*>(std::pair<float, int>*, std::pair<float, int>*, std::pair<float, int>*)
759 26782
763 11478
769 22956
771 3826
772 7652
fn=std::pair<float, int>* std::__niter_base<std::pair<float, int>*>(std::pair<float, int>*)
316 1637148
318 1227861
fn=std::thread* std::__niter_base<std::thread*>(std::thread*)
316 12
318 9
fn=unsigned long const& std::max<unsigned long>(unsigned long const&, unsigned long const&)
257 482480
262 578976
263 73990
264 59501
265 192992
fn=unsigned long const& std::min<unsigned long>(unsigned long const&, unsigned long const&)
233 982420
238 1178904
240 196484
241 392968
fn=unsigned long* std::__copy_move<false, true, std::random_access_iterator_tag>::__copy_m<unsigned long const, unsigned long>(unsigned long const*, unsigned long const*, unsigned long*)
433 700
435 400
436 500
437 800
441 400
442 200
fn=unsigned long* std::__copy_move_a1<false, unsigned long const*, unsigned long*>(unsigned long const*, unsigned long const*, unsigned long*)
532 700
533 800
fn=unsigned long* std::__copy_move_a2<false, unsigned long const*, unsigned long*>(unsigned long const*, unsigned long const*, unsigned long*)
497 700
501 300
506 700
507 200
fn=unsigned long* std::__copy_move_a<false, __gnu_cxx::__normal_iterator<unsigned long const*, std::vector<unsigned long, std::allocator<unsigned long> > >, unsigned long*>(__gnu_cxx::__normal_iterator<unsigned long const*, std::vector<unsigned long, std::allocator<unsigned long> > >, __gnu_cxx::__normal_iterator<unsigned long const*, std::vector<unsigned long, std::allocator<unsigned long> > >, unsigned long*)
538 900
540 2000
544 500
fn=unsigned long* std::__fill_n_a<unsigned long*, unsigned long, unsigned long>(unsigned long*, unsigned long, unsigned long const&, std::random_access_iterator_tag)
1117 7
1123 2
1128 9
1129 4
1130 2
fn=unsigned long* std::__niter_base<unsigned long*>(unsigned long*)
316 400
318 300
fn=unsigned long* std::__niter_wrap<unsigned long*>(unsigned long* const&, unsigned long*)
338 500
339 300
fn=unsigned long* std::copy<__gnu_cxx::__normal_iterator<unsigned long const*, std::vector<unsigned long, std::allocator<unsigned long> > >, unsigned long*>(__gnu_cxx::__normal_iterator<unsigned long const*, std::vector<unsigned long, std::allocator<unsigned long> > >, __gnu_cxx::__normal_iterator<unsigned long const*, std::vector<unsigned long, std::allocator<unsigned long> > >, unsigned long*)
624 800
633 1300
634 300
fn=unsigned long* std::fill_n<unsigned long*, unsigned long, unsigned long>(unsigned long*, unsigned long, unsigned long const&)
1152 7
1157 9
1159 2
fn=unsigned short* std::__copy_move<true, true, std::random_access_iterator_tag>::__copy_m<unsigned short, unsigned short>(unsigned short*, unsigned short*, unsigned short*)
433 252
435 144
436 180
438 72
441 144
442 72
fn=unsigned short* std::__copy_move_a1<true, unsigned short*, unsigned short*>(unsigned short*, unsigned short*, unsigned short*)
532 252
533 288
fn=unsigned short* std::__copy_move_a2<true, unsigned short*, unsigned short*>(unsigned short*, unsigned short*, unsigned short*)
497 252
501 108
506 252
507 72
fn=unsigned short* std::__copy_move_a<true, unsigned short*, unsigned short*>(unsigned short*, unsigned short*, unsigned short*)
538 324
540 720
544 180
fn=unsigned short* std::__fill_n_a<unsigned short*, unsigned long, unsigned short>(unsigned short*, unsigned long, unsigned short const&, std::random_access_iterator_tag)
1117 126
1123 36
1128 162
1129 72
1130 36
fn=unsigned short* std::__niter_base<unsigned short*>(unsigned short*)
316 432
318 324
fn=unsigned short* std::__niter_wrap<unsigned short*>(unsigned short* const&, unsigned short*)
338 180
339 108
fn=unsigned short* std::copy<std::move_iterator<unsigned short*>, unsigned short*>(std::move_iterator<unsigned short*>, std::move_iterator<unsigned short*>, unsigned short*)
624 288
633 468
634 108
fn=unsigned short* std::fill_n<unsigned short*, unsigned long, unsigned short>(unsigned short*, unsigned long, unsigned short const&)
1152 126
1157 162
1159 36
fn=void std::__fill_a<float*, float>(float*, float*, float const&)
976 14
977 18
fn=void std::__fill_a<int*, int>(int*, int*, int const&)
976 140007
977 180009
fn=void std::__fill_a<unsigned long*, unsigned long>(unsigned long*, unsigned long*, unsigned long const&)
976 7
977 9
fn=void std::__fill_a<unsigned short*, unsigned short>(unsigned short*, unsigned short*, unsigned short const&)
976 126
977 162
fn=void std::iter_swap<__gnu_cxx::__normal_iterator<std::pair<float, int>*, std::vector<std::pair<float, int>, std::allocator<std::pair<float, int> > > >, __gnu_cxx::__normal_iterator<std::pair<float, int>*, std::vector<std::pair<float, int>, std::allocator<std::pair<float, int> > > > >(__gnu_cxx::__normal_iterator<std::pair<float, int>*, std::vector<std::pair<float, int>, std::allocator<std::pair<float, int> > > >, __gnu_cxx::__normal_iterator<std::pair<float, int>*, std::vector<std::pair<float, int>, std::allocator<std::pair<float, int> > > >)
155 4017419
185 5739170
187 2295668
fl=/usr/include/c++/13/bits/stl_construct.h
fn=decltype (::new ((void*)(0)) std::pair<float, int>((declval<std::pair<float, int> >)())) std::construct_at<std::pair<float, int>, std::pair<float, int> >(std::pair<float, int>*, std::pair<float, int>&&)
94 40805513
97 81611016
fn=decltype (::new ((void*)(0)) std::pair<float, int>((declval<std::pair<float, int> const&>)())) std::construct_at<std::pair<float, int>, std::pair<float, int> const&>(std::pair<float, int>*, std::pair<float, int> const&)
94 6713049
97 13426098
fn=decltype (::new ((void*)(0)) std::thread((declval<TunableHNSW::HNSW<TunableHNSW::HNSWConfig<128, true, (TunableHNSW::SearchStrategy)0, (TunableHNSW::QuantizationStrategy)0, (TunableHNSW::IndexStrategy)0, 32ul, 64ul, 300ul, 100ul, 16, 100, 0, 0ul, 0, 0, 0ul, false> >::BuildGraphConcurrently_()::{lambda(int)#1}&>)(), (declval<unsigned int&>)())) std::construct_at<std::thread, TunableHNSW::HNSW<TunableHNSW::HNSWConfig<128, true, (TunableHNSW::SearchStrategy)0, (TunableHNSW::QuantizationStrategy)0, (TunableHNSW::IndexStrategy)0, 32ul, 64ul, 300ul, 100ul, 16, 100, 0, 0ul, 0, 0, 0ul, false> >::BuildGraphConcurrently_()::{lambda(int)#1}&, unsigned int&>(std::thread*, TunableHNSW::HNSW<TunableHNSW::HNSWConfig<128, true, (TunableHNSW::SearchStrategy)0, (TunableHNSW::QuantizationStrategy)0, (TunableHNSW::IndexStrategy)0, 32ul, 64ul, 300ul, 100ul, 16, 100, 0, 0ul, 0, 0, 0ul, false> >::BuildGraphConcurrently_()::{lambda(int)#1}&, unsigned int&)
94 198
97 468
fn=std::remove_reference<std::__format::_Seq_sink<std::__cxx11::basic_string<char, std::char_traits<char>, std::allocator<char> > >&>::type&& std::move<std::__format::_Seq_sink<std::__cxx11::basic_string<char, std::char_traits<char>, std::allocator<char> > >&>(std::__format::_Seq_sink<std::__cxx11::basic_string<char, std::char_traits<char>, std::allocator<char> > >&)
97 4
fn=std::remove_reference<unsigned short*&>::type&& std::move<unsigned short*&>(unsigned short*&)
97 288
fn=void std::_Construct<TunableHNSW::HNSW<TunableHNSW::HNSWConfig<128, true, (TunableHNSW::SearchStrategy)0, (TunableHNSW::QuantizationStrategy)0, (TunableHNSW::IndexStrategy)0, 32ul, 64ul, 300ul, 100ul, 16, 100, 0, 0ul, 0, 0, 0ul, false> >::Node>(TunableHNSW::HNSW<TunableHNSW::HNSWConfig<128, true, (TunableHNSW::SearchStrategy)0, (TunableHNSW::QuantizationStrategy)0, (TunableHNSW::IndexStrategy)0, 32ul, 64ul, 300ul, 100ul, 16, 100, 0, 0ul, 0, 0, 0ul, false> >::Node*)
109 50000
112 30000
119 110000
120 20000
fn=void std::_Construct<float>(float*)
109 10
112 6
119 12
120 4
fn=void std::_Construct<int>(int*)
109 50005
112 30003
119 50005
120 20002
fn=void std::_Construct<std::atomic<long long>>(std::atomic<long long>*)
109 85
112 51
119 119
120 34
fn=void std::_Construct<std::vector<float, std::allocator<float> >, std::vector<float, std::allocator<float> > const&>(std::vector<float, std::allocator<float> >*, std::vector<float, std::allocator<float> > const&)
109 1000
112 300
119 1200
120 800
fn=void std::_Construct<std::vector<int, std::allocator<int> >, std::vector<int, std::allocator<int> > const&>(std::vector<int, std::allocator<int> >*, std::vector<int, std::allocator<int> > const&)
109 1000
112 300
119 1200
120 800
fn=void std::_Construct<std::vector<unsigned long, std::allocator<unsigned long> >, std::vector<unsigned long, std::allocator<unsigned long> > const&>(std::vector<unsigned long, std::allocator<unsigned long> >*, std::vector<unsigned long, std::allocator<unsigned long> > const&)
109 1000
112 300
119 1200
120 800
fn=void std::_Construct<unsigned long>(unsigned long*)
109 5
112 3
119 5
120 2
fn=void std::_Destroy<float*>(float*, float*)
182 24
192 12
196 20
197 8
fn=void std::_Destroy<int*>(int*, int*)
182 60006
192 30003
196 50005
197 20002
fn=void std::_Destroy<std::pair<float, int>*>(std::pair<float, int>*, std::pair<float, int>*)
182 62508
192 31254
196 52090
197 20836
fn=void std::_Destroy<std::vector<float, std::allocator<float> >*>(std::vector<float, std::allocator<float> >*, std::vector<float, std::allocator<float> >*)
182 12
192 6
196 10
197 4
fn=void std::_Destroy<std::vector<unsigned long, std::allocator<unsigned long> >*>(std::vector<unsigned long, std::allocator<unsigned long> >*, std::vector<unsigned long, std::allocator<unsigned long> >*)
182 12
192 6
196 10
197 4
fn=void std::_Destroy<unsigned long*>(unsigned long*, unsigned long*)
182 6
192 3
196 5
197 2
fn=void std::_Destroy<unsigned short*>(unsigned short*, unsigned short*)
182 108
192 54
196 90
197 36
fn=void std::_Destroy_aux<false>::__destroy<std::vector<float, std::allocator<float> >*>(std::vector<float, std::allocator<float> >*, std::vector<float, std::allocator<float> >*)
160 12
162 8
164 8
fn=void std::_Destroy_aux<false>::__destroy<std::vector<unsigned long, std::allocator<unsigned long> >*>(std::vector<unsigned long, std::allocator<unsigned long> >*, std::vector<unsigned long, std::allocator<unsigned long> >*)
160 12
162 8
164 8
fn=void std::_Destroy_aux<true>::__destroy<float*>(float*, float*)
172 32
fn=void std::_Destroy_aux<true>::__destroy<int*>(int*, int*)
172 80008
fn=void std::_Destroy_aux<true>::__destroy<std::pair<float, int>*>(std::pair<float, int>*, std::pair<float, int>*)
172 83344
fn=void std::_Destroy_aux<true>::__destroy<unsigned long*>(unsigned long*, unsigned long*)
172 8
fn=void std::_Destroy_aux<true>::__destroy<unsigned short*>(unsigned short*, unsigned short*)
172 144
fn=void std::destroy_at<std::pair<float, int> >(std::pair<float, int>*)
80 21655296
89 16241472
fl=/usr/include/c++/13/bits/stl_function.h
fn=decltype ((((forward<std::pair<float, int>&>)({parm#1}))>((forward<std::pair<float, int>&>)({parm#2})))) std::greater<void>::operator()<std::pair<float, int>&, std::pair<float, int>&>(std::pair<float, int>&, std::pair<float, int>&) const
527 112348126
531 102134660
533 61280784
fn=decltype(auto) std::greater<void>::_S_cmp<std::pair<float, int>&, std::pair<float, int>&>(std::pair<float, int>&, std::pair<float, int>&, std::integral_constant<bool, false>)
545 71494262
546 153201980
fn=std::less<char const*>::operator()(char const*, char const*) const
451 7
454 3
457 4
458 2
fn=std::less<std::pair<float, int> >::operator()(std::pair<float, int> const&, std::pair<float, int> const&) const
407 95700899
408 123044005
fl=/usr/include/c++/13/bits/stl_heap.h
fn=void std::__adjust_heap<__gnu_cxx::__normal_iterator<std::pair<float, int>*, std::vector<std::pair<float, int>, std::allocator<std::pair<float, int> > > >, long, std::pair<float, int>, __gnu_cxx::__ops::_Iter_comp_iter<std::greater<void> > >(__gnu_cxx::__normal_iterator<std::pair<float, int>*, std::vector<std::pair<float, int>, std::allocator<std::pair<float, int> > > >, long, long, std::pair<float, int>, __gnu_cxx::__ops::_Iter_comp_iter<std::greater<void> >)
224 11480724
227 1913454
228 1913454
229 59419479
231 25404484
232 127022408
234 3254267
235 152426813
236 12702234
238 7651180
240 83408
241 521300
243 62556
247 7653784
248 2870169
249 6697054
fn=void std::__adjust_heap<__gnu_cxx::__normal_iterator<std::pair<float, int>*, std::vector<std::pair<float, int>, std::allocator<std::pair<float, int> > > >, long, std::pair<float, int>, __gnu_cxx::__ops::_Iter_comp_iter<std::less<std::pair<float, int> > > >(__gnu_cxx::__normal_iterator<std::pair<float, int>*, std::vector<std::pair<float, int>, std::allocator<std::pair<float, int> > > >, long, long, std::pair<float, int>, __gnu_cxx::__ops::_Iter_comp_iter<std::less<std::pair<float, int> > >)
224 16366668
227 2727778
228 2727778
229 80046681
231 33885848
232 169429238
234 4239311
235 203315057
236 16942920
238 12531516
240 431676
241 2697975
243 323757
247 10911096
248 4091661
249 9547195
fn=void std::__pop_heap<__gnu_cxx::__normal_iterator<std::pair<float, int>*, std::vector<std::pair<float, int>, std::allocator<std::pair<float, int> > > >, __gnu_cxx::__ops::_Iter_comp_iter<std::greater<void> > >(__gnu_cxx::__normal_iterator<std::pair<float, int>*, std::vector<std::pair<float, int>, std::allocator<std::pair<float, int> > > >, __gnu_cxx::__normal_iterator<std::pair<float, int>*, std::vector<std::pair<float, int>, std::allocator<std::pair<float, int> > > >, __gnu_cxx::__normal_iterator<std::pair<float, int>*, std::vector<std::pair<float, int>, std::allocator<std::pair<float, int> > > >, __gnu_cxx::__ops::_Iter_comp_iter<std::greater<void> >&)
254 11480724
262 6697089
263 11480724
264 6697089
265 5740362
266 3826908
267 6697054
fn=void std::__pop_heap<__gnu_cxx::__normal_iterator<std::pair<float, int>*, std::vector<std::pair<float, int>, std::allocator<std::pair<float, int> > > >, __gnu_cxx::__ops::_Iter_comp_iter<std::less<std::pair<float, int> > > >(__gnu_cxx::__normal_iterator<std::pair<float, int>*, std::vector<std::pair<float, int>, std::allocator<std::pair<float, int> > > >, __gnu_cxx::__normal_iterator<std::pair<float, int>*, std::vector<std::pair<float, int>, std::allocator<std::pair<float, int> > > >, __gnu_cxx::__normal_iterator<std::pair<float, int>*, std::vector<std::pair<float, int>, std::allocator<std::pair<float, int> > > >, __gnu_cxx::__ops::_Iter_comp_iter<std::less<std::pair<float, int> > >&)
254 16366668
262 9547223
263 16366668
264 9547223
265 8183334
266 5455556
267 9547195
fn=void std::__push_heap<__gnu_cxx::__normal_iterator<std::pair<float, int>*, std::vector<std::pair<float, int>, std::allocator<std::pair<float, int> > > >, long, std::pair<float, int>, __gnu_cxx::__ops::_Iter_comp_val<std::greater<void> > >(__gnu_cxx::__normal_iterator<std::pair<float, int>*, std::vector<std::pair<float, int>, std::allocator<std::pair<float, int> > > >, long, long, std::pair<float, int>, __gnu_cxx::__ops::_Iter_comp_val<std::greater<void> >&)
135 30269499
139 16298961
140 77570307
142 37922880
143 3160240
144 11060840
146 37254752
147 16298947
fn=void std::__push_heap<__gnu_cxx::__normal_iterator<std::pair<float, int>*, std::vector<std::pair<float, int>, std::allocator<std::pair<float, int> > > >, long, std::pair<float, int>, __gnu_cxx::__ops::_Iter_comp_val<std::less<std::pair<float, int> > > >(__gnu_cxx::__normal_iterator<std::pair<float, int>*, std::vector<std::pair<float, int>, std::allocator<std::pair<float, int> > > >, long, long, std::pair<float, int>, __gnu_cxx::__ops::_Iter_comp_val<std::less<std::pair<float, int> > >&)
135 35562592
139 19149088
140 104239295
142 59962233
143 4996852
144 17488982
146 43769296
147 19149067
fn=void std::pop_heap<__gnu_cxx::__normal_iterator<std::pair<float, int>*, std::vector<std::pair<float, int>, std::allocator<std::pair<float, int> > > >, std::greater<void> >(__gnu_cxx::__normal_iterator<std::pair<float, int>*, std::vector<std::pair<float, int>, std::allocator<std::pair<float, int> > > >, __gnu_cxx::__normal_iterator<std::pair<float, int>*, std::vector<std::pair<float, int>, std::allocator<std::pair<float, int> > > >, std::greater<void>)
317 8646381
328 8646381
332 2870181
333 5740362
335 5764224
fn=void std::pop_heap<__gnu_cxx::__normal_iterator<std::pair<float, int>*, std::vector<std::pair<float, int>, std::allocator<std::pair<float, int> > > >, std::less<std::pair<float, int> > >(__gnu_cxx::__normal_iterator<std::pair<float, int>*, std::vector<std::pair<float, int>, std::allocator<std::pair<float, int> > > >, __gnu_cxx::__normal_iterator<std::pair<float, int>*, std::vector<std::pair<float, int>, std::allocator<std::pair<float, int> > > >, std::less<std::pair<float, int> >)
317 12306249
328 12306249
332 4091667
333 8183334
335 8204142
fn=void std::push_heap<__gnu_cxx::__normal_iterator<std::pair<float, int>*, std::vector<std::pair<float, int>, std::allocator<std::pair<float, int> > > >, std::greater<void> >(__gnu_cxx::__normal_iterator<std::pair<float, int>*, std::vector<std::pair<float, int>, std::allocator<std::pair<float, int> > > >, __gnu_cxx::__normal_iterator<std::pair<float, int>*, std::vector<std::pair<float, int>, std::allocator<std::pair<float, int> > > >, std::greater<void>)
198 13717000
215 16460400
216 19203800
217 5486800
218 9601893
fn=void std::push_heap<__gnu_cxx::__normal_iterator<std::pair<float, int>*, std::vector<std::pair<float, int>, std::allocator<std::pair<float, int> > > >, std::less<std::pair<float, int> > >(__gnu_cxx::__normal_iterator<std::pair<float, int>*, std::vector<std::pair<float, int>, std::allocator<std::pair<float, int> > > >, __gnu_cxx::__normal_iterator<std::pair<float, int>*, std::vector<std::pair<float, int>, std::allocator<std::pair<float, int> > > >, std::less<std::pair<float, int> >)
198 13716970
215 16460364
216 19203758
217 5486788
218 9601872
fl=/usr/include/c++/13/bits/stl_iterator.h
fn=__gnu_cxx::__normal_iterator<char*, std::span<char, 18446744073709551615ul> >::__normal_iterator(char* const&)
1076 40
1077 56
fn=__gnu_cxx::__normal_iterator<char*, std::span<char, 18446744073709551615ul> >::base() const
1162 40
1163 30
fn=__gnu_cxx::__normal_iterator<char*, std::span<char, 18446744073709551615ul> >::difference_type __gnu_cxx::operator-<char*, std::span<char, 18446744073709551615ul> >(__gnu_cxx::__normal_iterator<char*, std::span<char, 18446744073709551615ul> > const&, __gnu_cxx::__normal_iterator<char*, std::span<char, 18446744073709551615ul> > const&)
1334 35
1337 70
fn=__gnu_cxx::__normal_iterator<char*, std::span<char, 18446744073709551615ul> >::operator+=(long)
1142 15
1143 27
fn=__gnu_cxx::__normal_iterator<float const*, std::vector<float, std::allocator<float> > >::__normal_iterator(float const* const&)
1076 1010
1077 1414
fn=__gnu_cxx::__normal_iterator<float const*, std::vector<float, std::allocator<float> > >::base() const
1162 816
1163 612
fn=__gnu_cxx::__normal_iterator<float const*, std::vector<float, std::allocator<float> > >::difference_type __gnu_cxx::operator-<float const*, std::vector<float, std::allocator<float> > >(__gnu_cxx::__normal_iterator<float const*, std::vector<float, std::allocator<float> > > const&, __gnu_cxx::__normal_iterator<float const*, std::vector<float, std::allocator<float> > > const&)
1334 7
1337 15
fn=__gnu_cxx::__normal_iterator<float*, std::vector<float, std::allocator<float> > >::__normal_iterator(float* const&)
1076 1010
1077 1414
fn=__gnu_cxx::__normal_iterator<float*, std::vector<float, std::allocator<float> > >::base() const
1162 10343208
1163 7757406
fn=__gnu_cxx::__normal_iterator<float*, std::vector<float, std::allocator<float> > >::operator*() const
1099 5171200
1100 5171200
fn=__gnu_cxx::__normal_iterator<float*, std::vector<float, std::allocator<float> > >::operator++()
1109 5171200
1111 6464000
1112 1292800
1113 2585600
fn=__gnu_cxx::__normal_iterator<int const*, std::vector<int, std::allocator<int> > >::__normal_iterator(int const* const&)
1076 1000
1077 1400
fn=__gnu_cxx::__normal_iterator<int const*, std::vector<int, std::allocator<int> > >::base() const
1162 800
1163 600
fn=__gnu_cxx::__normal_iterator<int*, std::vector<int, std::allocator<int> > >::__normal_iterator(int* const&)
1076 50000
1077 70000
fn=__gnu_cxx::__normal_iterator<int*, std::vector<int, std::allocator<int> > >::base() const
1162 40000
1163 30000
fn=__gnu_cxx::__normal_iterator<std::pair<float, int> const*, std::vector<std::pair<float, int>, std::allocator<std::pair<float, int> > > >::__normal_iterator(std::pair<float, int> const* const&)
1076 42211560
1077 59096184
fn=__gnu_cxx::__normal_iterator<std::pair<float, int> const*, std::vector<std::pair<float, int>, std::allocator<std::pair<float, int> > > >::base() const
1162 15468856
1163 11601642
fn=__gnu_cxx::__normal_iterator<std::pair<float, int> const*, std::vector<std::pair<float, int>, std::allocator<std::pair<float, int> > > >::operator*() const
1099 18300392
1100 18300392
fn=__gnu_cxx::__normal_iterator<std::pair<float, int>*, std::vector<std::pair<float, int>, std::allocator<std::pair<float, int> > > >::__normal_iterator(std::pair<float, int>* const&)
1076 503806320
1077 705328848
fn=__gnu_cxx::__normal_iterator<std::pair<float, int>*, std::vector<std::pair<float, int>, std::allocator<std::pair<float, int> > > >::base() const
1162 82736740
1163 62052555
fn=__gnu_cxx::__normal_iterator<std::pair<float, int>*, std::vector<std::pair<float, int>, std::allocator<std::pair<float, int> > > >::difference_type __gnu_cxx::operator-<std::pair<float, int>*, std::vector<std::pair<float, int>, std::allocator<std::pair<float, int> > > >(__gnu_cxx::__normal_iterator<std::pair<float, int>*, std::vector<std::pair<float, int>, std::allocator<std::pair<float, int> > > > const&, __gnu_cxx::__normal_iterator<std::pair<float, int>*, std::vector<std::pair<float, int>, std::allocator<std::pair<float, int> > > > const&)
1334 54338550
1337 116439750
fn=__gnu_cxx::__normal_iterator<std::pair<float, int>*, std::vector<std::pair<float, int>, std::allocator<std::pair<float, int> > > >::operator*() const
1099 447891292
1100 447891292
fn=__gnu_cxx::__normal_iterator<std::pair<float, int>*, std::vector<std::pair<float, int>, std::allocator<std::pair<float, int> > > >::operator+(long) const
1147 739287045
1148 1396431067
fn=__gnu_cxx::__normal_iterator<std::pair<float, int>*, std::vector<std::pair<float, int>, std::allocator<std::pair<float, int> > > >::operator++()
1109 16605296
1111 20756620
1112 4151324
1113 8302648
fn=__gnu_cxx::__normal_iterator<std::pair<float, int>*, std::vector<std::pair<float, int>, std::allocator<std::pair<float, int> > > >::operator-(long) const
1157 50263920
1158 100527840
fn=__gnu_cxx::__normal_iterator<std::pair<float, int>*, std::vector<std::pair<float, int>, std::allocator<std::pair<float, int> > > >::operator--()
1123 26485260
1125 33106575
1126 6621315
1127 13242630
fn=__gnu_cxx::__normal_iterator<std::thread*, std::vector<std::thread, std::allocator<std::thread> > >::__normal_iterator(std::thread* const&)
1076 180
1077 252
fn=__gnu_cxx::__normal_iterator<std::thread*, std::vector<std::thread, std::allocator<std::thread> > >::operator*() const
1099 72
1100 72
fn=__gnu_cxx::__normal_iterator<std::thread*, std::vector<std::thread, std::allocator<std::thread> > >::operator-(long) const
1157 162
1158 324
fn=__gnu_cxx::__normal_iterator<std::vector<float, std::allocator<float> >*, std::vector<std::vector<float, std::allocator<float> >, std::allocator<std::vector<float, std::allocator<float> > > > >::__normal_iterator(std::vector<float, std::allocator<float> >* const&)
1076 10
1077 14
fn=__gnu_cxx::__normal_iterator<std::vector<float, std::allocator<float> >*, std::vector<std::vector<float, std::allocator<float> >, std::allocator<std::vector<float, std::allocator<float> > > > >::base() const
1162 808
1163 606
fn=__gnu_cxx::__normal_iterator<std::vector<float, std::allocator<float> >*, std::vector<std::vector<float, std::allocator<float> >, std::allocator<std::vector<float, std::allocator<float> > > > >::operator*() const
1099 400
1100 400
fn=__gnu_cxx::__normal_iterator<std::vector<float, std::allocator<float> >*, std::vector<std::vector<float, std::allocator<float> >, std::allocator<std::vector<float, std::allocator<float> > > > >::operator++()
1109 400
1111 500
1112 100
1113 200
fn=__gnu_cxx::__normal_iterator<std::vector<unsigned long, std::allocator<unsigned long> >*, std::vector<std::vector<unsigned long, std::allocator<unsigned long> >, std::allocator<std::vector<unsigned long, std::allocator<unsigned long> > > > >::__normal_iterator(std::vector<unsigned long, std::allocator<unsigned long> >* const&)
1076 10
1077 14
fn=__gnu_cxx::__normal_iterator<std::vector<unsigned long, std::allocator<unsigned long> >*, std::vector<std::vector<unsigned long, std::allocator<unsigned long> >, std::allocator<std::vector<unsigned long, std::allocator<unsigned long> > > > >::base() const
1162 808
1163 606
fn=__gnu_cxx::__normal_iterator<std::vector<unsigned long, std::allocator<unsigned long> >*, std::vector<std::vector<unsigned long, std::allocator<unsigned long> >, std::allocator<std::vector<unsigned long, std::allocator<unsigned long> > > > >::operator*() const
1099 400
1100 400
fn=__gnu_cxx::__normal_iterator<std::vector<unsigned long, std::allocator<unsigned long> >*, std::vector<std::vector<unsigned long, std::allocator<unsigned long> >, std::allocator<std::vector<unsigned long, std::allocator<unsigned long> > > > >::operator++()
1109 400
1111 500
1112 100
1113 200
fn=__gnu_cxx::__normal_iterator<unsigned long const*, std::vector<unsigned long, std::allocator<unsigned long> > >::__normal_iterator(unsigned long const* const&)
1076 1000
1077 1400
fn=__gnu_cxx::__normal_iterator<unsigned long const*, std::vector<unsigned long, std::allocator<unsigned long> > >::base() const
1162 800
1163 600
fn=__gnu_cxx::__normal_iterator<unsigned long*, std::vector<unsigned long, std::allocator<unsigned long> > >::__normal_iterator(unsigned long* const&)
1076 1000
1077 1400
fn=__gnu_cxx::__normal_iterator<unsigned long*, std::vector<unsigned long, std::allocator<unsigned long> > >::base() const
1162 8800
1163 6600
fn=__gnu_cxx::__normal_iterator<unsigned long*, std::vector<unsigned long, std::allocator<unsigned long> > >::operator*() const
1099 4000
1100 4000
fn=__gnu_cxx::__normal_iterator<unsigned long*, std::vector<unsigned long, std::allocator<unsigned long> > >::operator++()
1109 4000
1111 5000
1112 1000
1113 2000
fn=__gnu_cxx::__normal_iterator<unsigned short*, std::vector<unsigned short, std::allocator<unsigned short> > >::__normal_iterator(unsigned short* const&)
1076 90
1077 126
fn=__gnu_cxx::__normal_iterator<unsigned short*, std::vector<unsigned short, std::allocator<unsigned short> > >::base() const
1162 72
1163 54
fn=bool __gnu_cxx::operator==<float*, std::vector<float, std::allocator<float> > >(__gnu_cxx::__normal_iterator<float*, std::vector<float, std::allocator<float> > > const&, __gnu_cxx::__normal_iterator<float*, std::vector<float, std::allocator<float> > > const&)
1197 9050307
1203 16807713
fn=bool __gnu_cxx::operator==<std::pair<float, int> const*, std::vector<std::pair<float, int>, std::allocator<std::pair<float, int> > > >(__gnu_cxx::__normal_iterator<std::pair<float, int> const*, std::vector<std::pair<float, int>, std::allocator<std::pair<float, int> > > > const&, __gnu_cxx::__normal_iterator<std::pair<float, int> const*, std::vector<std::pair<float, int>, std::allocator<std::pair<float, int> > > > const&)
1197 13535249
1203 25136891
fn=bool __gnu_cxx::operator==<std::pair<float, int>*, std::vector<std::pair<float, int>, std::allocator<std::pair<float, int> > > >(__gnu_cxx::__normal_iterator<std::pair<float, int>*, std::vector<std::pair<float, int>, std::allocator<std::pair<float, int> > > > const&, __gnu_cxx::__normal_iterator<std::pair<float, int>*, std::vector<std::pair<float, int>, std::allocator<std::pair<float, int> > > > const&)
1197 13519786
1203 25108174
fn=bool __gnu_cxx::operator==<std::vector<float, std::allocator<float> >*, std::vector<std::vector<float, std::allocator<float> >, std::allocator<std::vector<float, std::allocator<float> > > > >(__gnu_cxx::__normal_iterator<std::vector<float, std::allocator<float> >*, std::vector<std::vector<float, std::allocator<float> >, std::allocator<std::vector<float, std::allocator<float> > > > > const&, __gnu_cxx::__normal_iterator<std::vector<float, std::allocator<float> >*, std::vector<std::vector<float, std::allocator<float> >, std::allocator<std::vector<float, std::allocator<float> > > > > const&)
1197 707
1203 1313
fn=bool __gnu_cxx::operator==<std::vector<unsigned long, std::allocator<unsigned long> >*, std::vector<std::vector<unsigned long, std::allocator<unsigned long> >, std::allocator<std::vector<unsigned long, std::allocator<unsigned long> > > > >(__gnu_cxx::__normal_iterator<std::vector<unsigned long, std::allocator<unsigned long> >*, std::vector<std::vector<unsigned long, std::allocator<unsigned long> >, std::allocator<std::vector<unsigned long, std::allocator<unsigned long> > > > > const&, __gnu_cxx::__normal_iterator<std::vector<unsigned long, std::allocator<unsigned long> >*, std::vector<std::vector<unsigned long, std::allocator<unsigned long> >, std::allocator<std::vector<unsigned long, std::allocator<unsigned long> > > > > const&)
1197 707
1203 1313
fn=bool __gnu_cxx::operator==<unsigned long*, std::vector<unsigned long, std::allocator<unsigned long> > >(__gnu_cxx::__normal_iterator<unsigned long*, std::vector<unsigned long, std::allocator<unsigned long> > > const&, __gnu_cxx::__normal_iterator<unsigned long*, std::vector<unsigned long, std::allocator<unsigned long> > > const&)
1197 7700
1203 14300
fn=bool std::operator==<std::__format::_Arg_t const*>(std::reverse_iterator<std::__format::_Arg_t const*> const&, std::reverse_iterator<std::__format::_Arg_t const*> const&)
593 14
596 24
fn=decltype (__miter_base(({parm#1}.base)())) std::__miter_base<int*>(std::move_iterator<int*>)
2968 200000
2970 320000
fn=decltype (__miter_base(({parm#1}.base)())) std::__miter_base<unsigned short*>(std::move_iterator<unsigned short*>)
2968 360
2970 576
fn=decltype (std::__detail::__synth3way((declval<std::pair<float, int>*&>)(), (declval<std::pair<float, int>*&>)())) __gnu_cxx::operator<=><std::pair<float, int>*, std::vector<std::pair<float, int>, std::allocator<std::pair<float, int> > > >(__gnu_cxx::__normal_iterator<std::pair<float, int>*, std::vector<std::pair<float, int>, std::allocator<std::pair<float, int> > > > const&, __gnu_cxx::__normal_iterator<std::pair<float, int>*, std::vector<std::pair<float, int>, std::allocator<std::pair<float, int> > > > const&)
1208 4017412
1211 8608740
fn=float const* std::__niter_base<float const*, std::vector<float, std::allocator<float> > >(__gnu_cxx::__normal_iterator<float const*, std::vector<float, std::allocator<float> > >)
1357 1010
1359 1212
fn=int const* std::__niter_base<int const*, std::vector<int, std::allocator<int> > >(__gnu_cxx::__normal_iterator<int const*, std::vector<int, std::allocator<int> > >)
1357 1000
1359 1200
fn=std::move_iterator<int*> std::__make_move_if_noexcept_iterator<int, std::move_iterator<int*> >(int*)
1832 320000
1833 440000
fn=std::move_iterator<int*>::base() const &
1550 160000
1551 120000
fn=std::move_iterator<int*>::move_iterator(int*)
1519 240000
1520 360000
fn=std::move_iterator<unsigned short*> std::__make_move_if_noexcept_iterator<unsigned short, std::move_iterator<unsigned short*> >(unsigned short*)
1832 576
1833 792
fn=std::move_iterator<unsigned short*>::base() const &
1550 288
1551 216
fn=std::move_iterator<unsigned short*>::move_iterator(unsigned short*)
1519 432
1520 648
fn=std::pair<float, int>* std::__niter_base<std::pair<float, int>*, std::vector<std::pair<float, int>, std::allocator<std::pair<float, int> > > >(__gnu_cxx::__normal_iterator<std::pair<float, int>*, std::vector<std::pair<float, int>, std::allocator<std::pair<float, int> > > >)
1357 76520
1359 91824
fn=std::reverse_iterator<std::__format::_Arg_t const*>::base() const
248 16
250 16
fn=std::reverse_iterator<std::__format::_Arg_t const*>::operator*() const
264 4
266 3
267 2
268 2
fn=std::reverse_iterator<std::__format::_Arg_t const*>::operator++()
296 4
298 5
299 1
300 2
fn=std::reverse_iterator<std::__format::_Arg_t const*>::reverse_iterator(std::__format::_Arg_t const*)
195 15
197 9
198 9
fn=unsigned long const* std::__niter_base<unsigned long const*, std::vector<unsigned long, std::allocator<unsigned long> > >(__gnu_cxx::__normal_iterator<unsigned long const*, std::vector<unsigned long, std::allocator<unsigned long> > >)
1357 1000
1359 1200
fl=/usr/include/c++/13/bits/stl_iterator_base_funcs.h
fn=void std::__cxx11::basic_string<char, std::char_traits<char>, std::allocator<char> >::_M_construct<char const*>(char const*, char const*, std::forward_iterator_tag)
106 6
151 12
152 3
fn=void std::vector<float, std::allocator<float> >::_M_assign_aux<__gnu_cxx::__normal_iterator<float const*, std::vector<float, std::allocator<float> > > >(__gnu_cxx::__normal_iterator<float const*, std::vector<float, std::allocator<float> > >, __gnu_cxx::__normal_iterator<float const*, std::vector<float, std::allocator<float> > >, std::forward_iterator_tag)
106 6
152 1
fl=/usr/include/c++/13/bits/stl_iterator_base_types.h
fn=float* std::fill_n<float*, unsigned long, float>(float*, unsigned long, float const&)
240 2
fn=int* std::fill_n<int*, unsigned long, int>(int*, unsigned long, int const&)
240 20001
fn=unsigned long* std::fill_n<unsigned long*, unsigned long, unsigned long>(unsigned long*, unsigned long, unsigned long const&)
240 1
fn=unsigned short* std::fill_n<unsigned short*, unsigned long, unsigned short>(unsigned short*, unsigned long, unsigned short const&)
240 18
fn=void std::__cxx11::basic_string<char, std::char_traits<char>, std::allocator<char> >::_M_construct<char const*>(char const*, char const*, std::forward_iterator_tag)
240 3
fn=void std::vector<float, std::allocator<float> >::_M_assign_aux<__gnu_cxx::__normal_iterator<float const*, std::vector<float, std::allocator<float> > > >(__gnu_cxx::__normal_iterator<float const*, std::vector<float, std::allocator<float> > >, __gnu_cxx::__normal_iterator<float const*, std::vector<float, std::allocator<float> > >, std::forward_iterator_tag)
240 5
fn=void std::vector<float, std::allocator<float> >::assign<__gnu_cxx::__normal_iterator<float const*, std::vector<float, std::allocator<float> > >, void>(__gnu_cxx::__normal_iterator<float const*, std::vector<float, std::allocator<float> > >, __gnu_cxx::__normal_iterator<float const*, std::vector<float, std::allocator<float> > >)
240 1
fl=/usr/include/c++/13/bits/stl_pair.h
fn=char const*&& std::__pair_get<1ul>::__move_get<unsigned short, char const*>(std::pair<unsigned short, char const*>&&)
1014 5
1015 6
fn=float&& std::__pair_get<0ul>::__move_get<float, int>(std::pair<float, int>&&)
990 4818675
991 4818675
fn=int&& std::__pair_get<1ul>::__move_get<float, int>(std::pair<float, int>&&)
1014 4818675
1015 5782410
fn=std::common_comparison_category<decltype (std::__detail::__synth3way((declval<float&>)(), (declval<float&>)())), decltype (std::__detail::__synth3way((declval<int&>)(), (declval<int&>)()))>::type std::operator<=><float, int>(std::pair<float, int> const&, std::pair<float, int> const&)
819 276943428
821 400029376
822 61524996
823 116870
824 153857440
fn=std::enable_if<std::__and_<std::__is_swappable<float>, std::__is_swappable<int> >::value, void>::type std::swap<float, int>(std::pair<float, int>&, std::pair<float, int>&)
879 3443502
881 4591336
fn=std::pair<float, int>::operator=(std::pair<float, int>&&)
427 169375980
431 169375980
432 197605310
433 28229330
434 56458660
fn=std::pair<float, int>::pair<float&, int&>(float&, int&)
315 19203800
317 32920800
318 8230200
fn=std::pair<float, int>::pair<float, int&>(float&&, int&)
315 1365
317 2340
318 585
fn=std::pair<float, int>::swap(std::pair<float, int>&)
206 3443502
211 2869585
212 4017419
213 1721751
fn=std::pair<unsigned short, char const*>::pair<unsigned short&, char const*&>(unsigned short&, char const*&)
315 7
317 12
318 3
fn=std::tuple_element<0ul, std::pair<float, int> >::type&& std::get<0ul, float, int>(std::pair<float, int>&&)
1040 4818675
1041 6746145
fn=std::tuple_element<0ul, std::pair<unsigned short, char const*> >::type&& std::get<0ul, unsigned short, char const*>(std::pair<unsigned short, char const*>&&)
1040 5
1041 7
fn=std::tuple_element<1ul, std::pair<float, int> >::type&& std::get<1ul, float, int>(std::pair<float, int>&&)
1040 4818675
1041 6746145
fn=std::tuple_element<1ul, std::pair<unsigned short, char const*> >::type&& std::get<1ul, unsigned short, char const*>(std::pair<unsigned short, char const*>&&)
1040 5
1041 7
fn=unsigned short&& std::__pair_get<0ul>::__move_get<unsigned short, char const*>(std::pair<unsigned short, char const*>&&)
990 5
991 5
fl=/usr/include/c++/13/bits/stl_queue.h
fn=std::priority_queue<std::pair<float, int>, std::vector<std::pair<float, int>, std::allocator<std::pair<float, int> > >, std::greater<void> >::empty() const
708 4820910
709 4820910
fn=std::priority_queue<std::pair<float, int>, std::vector<std::pair<float, int>, std::allocator<std::pair<float, int> > >, std::greater<void> >::pop()
773 5764254
776 9607090
777 2882112
778 3842816
fn=std::priority_queue<std::pair<float, int>, std::vector<std::pair<float, int>, std::allocator<std::pair<float, int> > >, std::greater<void> >::priority_queue<std::vector<std::pair<float, int>, std::allocator<std::pair<float, int> > >, void>()
556 17440
557 34880
fn=std::priority_queue<std::pair<float, int>, std::vector<std::pair<float, int>, std::allocator<std::pair<float, int> > >, std::greater<void> >::push(std::pair<float, int>&&)
746 9601907
748 9601907
749 13717000
750 5486796
fn=std::priority_queue<std::pair<float, int>, std::vector<std::pair<float, int>, std::allocator<std::pair<float, int> > >, std::greater<void> >::top() const
723 4818675
726 2891205
727 1927470
fn=std::priority_queue<std::pair<float, int>, std::vector<std::pair<float, int>, std::allocator<std::pair<float, int> > >, std::greater<void> >::~priority_queue()
498 38203
fn=std::priority_queue<std::pair<float, int>, std::vector<std::pair<float, int>, std::allocator<std::pair<float, int> > >, std::less<std::pair<float, int> > >::empty() const
708 4812395
709 4812395
fn=std::priority_queue<std::pair<float, int>, std::vector<std::pair<float, int>, std::allocator<std::pair<float, int> > >, std::less<std::pair<float, int> > >::pop()
773 8204166
776 13673610
777 4102071
778 5469428
fn=std::priority_queue<std::pair<float, int>, std::vector<std::pair<float, int>, std::allocator<std::pair<float, int> > >, std::less<std::pair<float, int> > >::priority_queue<std::vector<std::pair<float, int>, std::allocator<std::pair<float, int> > >, void>()
556 17440
557 34880
fn=std::priority_queue<std::pair<float, int>, std::vector<std::pair<float, int>, std::allocator<std::pair<float, int> > >, std::less<std::pair<float, int> > >::push(std::pair<float, int>&&)
746 9601893
748 9601893
749 13716977
750 5486784
fn=std::priority_queue<std::pair<float, int>, std::vector<std::pair<float, int>, std::allocator<std::pair<float, int> > >, std::less<std::pair<float, int> > >::size() const
714 20098560
715 20098560
fn=std::priority_queue<std::pair<float, int>, std::vector<std::pair<float, int>, std::allocator<std::pair<float, int> > >, std::less<std::pair<float, int> > >::top() const
723 18056815
726 10834089
727 7222726
fn=std::priority_queue<std::pair<float, int>, std::vector<std::pair<float, int>, std::allocator<std::pair<float, int> > >, std::less<std::pair<float, int> > >::~priority_queue()
498 38181
fl=/usr/include/c++/13/bits/stl_uninitialized.h
fn=TunableHNSW::HNSW<TunableHNSW::HNSWConfig<128, true, (TunableHNSW::SearchStrategy)0, (TunableHNSW::QuantizationStrategy)0, (TunableHNSW::IndexStrategy)0, 32ul, 64ul, 300ul, 100ul, 16, 100, 0, 0ul, 0, 0, 0ul, false> >::Node* std::__relocate_a<TunableHNSW::HNSW<TunableHNSW::HNSWConfig<128, true, (TunableHNSW::SearchStrategy)0, (TunableHNSW::QuantizationStrategy)0, (TunableHNSW::IndexStrategy)0, 32ul, 64ul, 300ul, 100ul, 16, 100, 0, 0ul, 0, 0, 0ul, false> >::Node*, TunableHNSW::HNSW<TunableHNSW::HNSWConfig<128, true, (TunableHNSW::SearchStrategy)0, (TunableHNSW::QuantizationStrategy)0, (TunableHNSW::IndexStrategy)0, 32ul, 64ul, 300ul, 100ul, 16, 100, 0, 0ul, 0, 0, 0ul, false> >::Node*, std::allocator<TunableHNSW::HNSW<TunableHNSW::HNSWConfig<128, true, (TunableHNSW::SearchStrategy)0, (TunableHNSW::QuantizationStrategy)0, (TunableHNSW::IndexStrategy)0, 32ul, 64ul, 300ul, 100ul, 16, 100, 0, 0ul, 0, 0, 0ul, false> >::Node> >(TunableHNSW::HNSW<TunableHNSW::HNSWConfig<128, true, (TunableHNSW::SearchStrategy)0, (TunableHNSW::QuantizationStrategy)0, (TunableHNSW::IndexStrategy)0, 32ul, 64ul, 300ul, 100ul, 16, 100, 0, 0ul, 0, 0, 0ul, false> >::Node*, TunableHNSW::HNSW<TunableHNSW::HNSWConfig<128, true, (TunableHNSW::SearchStrategy)0, (TunableHNSW::QuantizationStrategy)0, (TunableHNSW::IndexStrategy)0, 32ul, 64ul, 300ul, 100ul, 16, 100, 0, 0ul, 0, 0, 0ul, false> >::Node*, TunableHNSW::HNSW<TunableHNSW::HNSWConfig<128, true, (TunableHNSW::SearchStrategy)0, (TunableHNSW::QuantizationStrategy)0, (TunableHNSW::IndexStrategy)0, 32ul, 64ul, 300ul, 100ul, 16, 100, 0, 0ul, 0, 0, 0ul, false> >::Node*, std::allocator<TunableHNSW::HNSW<TunableHNSW::HNSWConfig<128, true, (TunableHNSW::SearchStrategy)0, (TunableHNSW::QuantizationStrategy)0, (TunableHNSW::IndexStrategy)0, 32ul, 64ul, 300ul, 100ul, 16, 100, 0, 0ul, 0, 0, 0ul, false> >::Node>&)
1141 10
1147 17
1150 5
fn=TunableHNSW::HNSW<TunableHNSW::HNSWConfig<128, true, (TunableHNSW::SearchStrategy)0, (TunableHNSW::QuantizationStrategy)0, (TunableHNSW::IndexStrategy)0, 32ul, 64ul, 300ul, 100ul, 16, 100, 0, 0ul, 0, 0, 0ul, false> >::Node* std::__relocate_a_1<TunableHNSW::HNSW<TunableHNSW::HNSWConfig<128, true, (TunableHNSW::SearchStrategy)0, (TunableHNSW::QuantizationStrategy)0, (TunableHNSW::IndexStrategy)0, 32ul, 64ul, 300ul, 100ul, 16, 100, 0, 0ul, 0, 0, 0ul, false> >::Node*, TunableHNSW::HNSW<TunableHNSW::HNSWConfig<128, true, (TunableHNSW::SearchStrategy)0, (TunableHNSW::QuantizationStrategy)0, (TunableHNSW::IndexStrategy)0, 32ul, 64ul, 300ul, 100ul, 16, 100, 0, 0ul, 0, 0, 0ul, false> >::Node*, std::allocator<TunableHNSW::HNSW<TunableHNSW::HNSWConfig<128, true, (TunableHNSW::SearchStrategy)0, (TunableHNSW::QuantizationStrategy)0, (TunableHNSW::IndexStrategy)0, 32ul, 64ul, 300ul, 100ul, 16, 100, 0, 0ul, 0, 0, 0ul, false> >::Node> >(TunableHNSW::HNSW<TunableHNSW::HNSWConfig<128, true, (TunableHNSW::SearchStrategy)0, (TunableHNSW::QuantizationStrategy)0, (TunableHNSW::IndexStrategy)0, 32ul, 64ul, 300ul, 100ul, 16, 100, 0, 0ul, 0, 0, 0ul, false> >::Node*, TunableHNSW::HNSW<TunableHNSW::HNSWConfig<128, true, (TunableHNSW::SearchStrategy)0, (TunableHNSW::QuantizationStrategy)0, (TunableHNSW::IndexStrategy)0, 32ul, 64ul, 300ul, 100ul, 16, 100, 0, 0ul, 0, 0, 0ul, false> >::Node*, TunableHNSW::HNSW<TunableHNSW::HNSWConfig<128, true, (TunableHNSW::SearchStrategy)0, (TunableHNSW::QuantizationStrategy)0, (TunableHNSW::IndexStrategy)0, 32ul, 64ul, 300ul, 100ul, 16, 100, 0, 0ul, 0, 0, 0ul, false> >::Node*, std::allocator<TunableHNSW::HNSW<TunableHNSW::HNSWConfig<128, true, (TunableHNSW::SearchStrategy)0, (TunableHNSW::QuantizationStrategy)0, (TunableHNSW::IndexStrategy)0, 32ul, 64ul, 300ul, 100ul, 16, 100, 0, 0ul, 0, 0, 0ul, false> >::Node>&)
1091 9
1103 2
1104 4
1107 1
1108 3
fn=TunableHNSW::HNSW<TunableHNSW::HNSWConfig<128, true, (TunableHNSW::SearchStrategy)0, (TunableHNSW::QuantizationStrategy)0, (TunableHNSW::IndexStrategy)0, 32ul, 64ul, 300ul, 100ul, 16, 100, 0, 0ul, 0, 0, 0ul, false> >::Node* std::__uninitialized_default_n<TunableHNSW::HNSW<TunableHNSW::HNSWConfig<128, true, (TunableHNSW::SearchStrategy)0, (TunableHNSW::QuantizationStrategy)0, (TunableHNSW::IndexStrategy)0, 32ul, 64ul, 300ul, 100ul, 16, 100, 0, 0ul, 0, 0, 0ul, false> >::Node*, unsigned long>(TunableHNSW::HNSW<TunableHNSW::HNSWConfig<128, true, (TunableHNSW::SearchStrategy)0, (TunableHNSW::QuantizationStrategy)0, (TunableHNSW::IndexStrategy)0, 32ul, 64ul, 300ul, 100ul, 16, 100, 0, 0ul, 0, 0, 0ul, false> >::Node*, unsigned long)
696 6
699 3
707 1
712 6
713 2
fn=TunableHNSW::HNSW<TunableHNSW::HNSWConfig<128, true, (TunableHNSW::SearchStrategy)0, (TunableHNSW::QuantizationStrategy)0, (TunableHNSW::IndexStrategy)0, 32ul, 64ul, 300ul, 100ul, 16, 100, 0, 0ul, 0, 0, 0ul, false> >::Node* std::__uninitialized_default_n_1<false>::__uninit_default_n<TunableHNSW::HNSW<TunableHNSW::HNSWConfig<128, true, (TunableHNSW::SearchStrategy)0, (TunableHNSW::QuantizationStrategy)0, (TunableHNSW::IndexStrategy)0, 32ul, 64ul, 300ul, 100ul, 16, 100, 0, 0ul, 0, 0, 0ul, false> >::Node*, unsigned long>(TunableHNSW::HNSW<TunableHNSW::HNSWConfig<128, true, (TunableHNSW::SearchStrategy)0, (TunableHNSW::QuantizationStrategy)0, (TunableHNSW::IndexStrategy)0, 32ul, 64ul, 300ul, 100ul, 16, 100, 0, 0ul, 0, 0, 0ul, false> >::Node*, unsigned long)
637 6
639 2
642 40003
643 50000
644 1
651 2
fn=TunableHNSW::HNSW<TunableHNSW::HNSWConfig<128, true, (TunableHNSW::SearchStrategy)0, (TunableHNSW::QuantizationStrategy)0, (TunableHNSW::IndexStrategy)0, 32ul, 64ul, 300ul, 100ul, 16, 100, 0, 0ul, 0, 0, 0ul, false> >::Node* std::__uninitialized_default_n_a<TunableHNSW::HNSW<TunableHNSW::HNSWConfig<128, true, (TunableHNSW::SearchStrategy)0, (TunableHNSW::QuantizationStrategy)0, (TunableHNSW::IndexStrategy)0, 32ul, 64ul, 300ul, 100ul, 16, 100, 0, 0ul, 0, 0, 0ul, false> >::Node*, unsigned long, TunableHNSW::HNSW<TunableHNSW::HNSWConfig<128, true, (TunableHNSW::SearchStrategy)0, (TunableHNSW::QuantizationStrategy)0, (TunableHNSW::IndexStrategy)0, 32ul, 64ul, 300ul, 100ul, 16, 100, 0, 0ul, 0, 0, 0ul, false> >::Node>(TunableHNSW::HNSW<TunableHNSW::HNSWConfig<128, true, (TunableHNSW::SearchStrategy)0, (TunableHNSW::QuantizationStrategy)0, (TunableHNSW::IndexStrategy)0, 32ul, 64ul, 300ul, 100ul, 16, 100, 0, 0ul, 0, 0, 0ul, false> >::Node*, unsigned long, std::allocator<TunableHNSW::HNSW<TunableHNSW::HNSWConfig<128, true, (TunableHNSW::SearchStrategy)0, (TunableHNSW::QuantizationStrategy)0, (TunableHNSW::IndexStrategy)0, 32ul, 64ul, 300ul, 100ul, 16, 100, 0, 0ul, 0, 0, 0ul, false> >::Node>&)
777 7
779 7
fn=float* std::__uninitialized_copy<true>::__uninit_copy<__gnu_cxx::__normal_iterator<float const*, std::vector<float, std::allocator<float> > >, float*>(__gnu_cxx::__normal_iterator<float const*, std::vector<float, std::allocator<float> > >, __gnu_cxx::__normal_iterator<float const*, std::vector<float, std::allocator<float> > >, float*)
145 707
147 808
fn=float* std::__uninitialized_copy_a<__gnu_cxx::__normal_iterator<float const*, std::vector<float, std::allocator<float> > >, float*, float>(__gnu_cxx::__normal_iterator<float const*, std::vector<float, std::allocator<float> > >, __gnu_cxx::__normal_iterator<float const*, std::vector<float, std::allocator<float> > >, float*, std::allocator<float>&)
366 808
370 303
373 707
374 202
fn=float* std::__uninitialized_default_n<float*, unsigned long>(float*, unsigned long)
696 12
699 6
707 2
712 12
713 4
fn=float* std::__uninitialized_default_n_1<true>::__uninit_default_n<float*, unsigned long>(float*, unsigned long)
660 12
662 4
665 8
666 6
667 2
668 16
670 2
671 4
fn=float* std::__uninitialized_default_n_a<float*, unsigned long, float>(float*, unsigned long, std::allocator<float>&)
777 14
779 14
fn=float* std::uninitialized_copy<__gnu_cxx::__normal_iterator<float const*, std::vector<float, std::allocator<float> > >, float*>(__gnu_cxx::__normal_iterator<float const*, std::vector<float, std::allocator<float> > >, __gnu_cxx::__normal_iterator<float const*, std::vector<float, std::allocator<float> > >, float*)
163 707
174 101
181 101
185 606
186 202
fn=int* std::__relocate_a<int*, int*, std::allocator<int> >(int*, int*, int*, std::allocator<int>&)
1141 100000
1147 170000
1150 50000
fn=int* std::__uninitialized_copy<true>::__uninit_copy<__gnu_cxx::__normal_iterator<int const*, std::vector<int, std::allocator<int> > >, int*>(__gnu_cxx::__normal_iterator<int const*, std::vector<int, std::allocator<int> > >, __gnu_cxx::__normal_iterator<int const*, std::vector<int, std::allocator<int> > >, int*)
145 700
147 800
fn=int* std::__uninitialized_copy<true>::__uninit_copy<std::move_iterator<int*>, int*>(std::move_iterator<int*>, std::move_iterator<int*>, int*)
145 140000
147 160000
fn=int* std::__uninitialized_copy_a<__gnu_cxx::__normal_iterator<int const*, std::vector<int, std::allocator<int> > >, int*, int>(__gnu_cxx::__normal_iterator<int const*, std::vector<int, std::allocator<int> > >, __gnu_cxx::__normal_iterator<int const*, std::vector<int, std::allocator<int> > >, int*, std::allocator<int>&)
366 800
370 300
373 700
374 200
fn=int* std::__uninitialized_copy_a<std::move_iterator<int*>, int*, int>(std::move_iterator<int*>, std::move_iterator<int*>, int*, std::allocator<int>&)
366 160000
370 60000
373 140000
374 40000
fn=int* std::__uninitialized_default_n<int*, unsigned long>(int*, unsigned long)
696 60006
699 30003
707 10001
712 60006
713 20002
fn=int* std::__uninitialized_default_n_1<true>::__uninit_default_n<int*, unsigned long>(int*, unsigned long)
660 60006
662 20002
665 40004
666 30003
667 10001
668 80008
670 10001
671 20002
fn=int* std::__uninitialized_default_n_a<int*, unsigned long, int>(int*, unsigned long, std::allocator<int>&)
777 70007
779 70007
fn=int* std::__uninitialized_fill_n<true>::__uninit_fill_n<int*, unsigned long, int>(int*, unsigned long, int const&)
292 70000
294 80000
fn=int* std::__uninitialized_fill_n_a<int*, unsigned long, int, int>(int*, unsigned long, int const&, std::allocator<int>&)
465 80000
469 30000
472 70000
473 20000
fn=int* std::__uninitialized_move_if_noexcept_a<int*, int*, std::allocator<int> >(int*, int*, int*, std::allocator<int>&)
393 180000
399 280000
401 60000
fn=int* std::uninitialized_copy<__gnu_cxx::__normal_iterator<int const*, std::vector<int, std::allocator<int> > >, int*>(__gnu_cxx::__normal_iterator<int const*, std::vector<int, std::allocator<int> > >, __gnu_cxx::__normal_iterator<int const*, std::vector<int, std::allocator<int> > >, int*)
163 700
174 100
181 100
185 600
186 200
fn=int* std::uninitialized_copy<std::move_iterator<int*>, int*>(std::move_iterator<int*>, std::move_iterator<int*>, int*)
163 140000
174 20000
181 20000
185 120000
186 40000
fn=int* std::uninitialized_fill_n<int*, unsigned long, int>(int*, unsigned long, int const&)
312 70000
319 10000
327 60000
328 20000
fn=std::atomic<long long>* std::__uninitialized_default_n<std::atomic<long long>*, unsigned long>(std::atomic<long long>*, unsigned long)
696 6
699 3
707 1
712 6
713 2
fn=std::atomic<long long>* std::__uninitialized_default_n_1<false>::__uninit_default_n<std::atomic<long long>*, unsigned long>(std::atomic<long long>*, unsigned long)
637 6
639 2
642 71
643 85
644 1
651 2
fn=std::atomic<long long>* std::__uninitialized_default_n_a<std::atomic<long long>*, unsigned long, std::atomic<long long> >(std::atomic<long long>*, unsigned long, std::allocator<std::atomic<long long> >&)
777 7
779 7
fn=std::enable_if<std::__is_bitwise_relocatable<int, void>::value, int*>::type std::__relocate_a_1<int, int>(int*, int*, int*, std::allocator<int>&)
1114 110000
1118 40000
1119 20000
1133 40000
1134 50000
fn=std::pair<float, int>* std::__relocate_a<std::pair<float, int>*, std::pair<float, int>*, std::allocator<std::pair<float, int> > >(std::pair<float, int>*, std::pair<float, int>*, std::pair<float, int>*, std::allocator<std::pair<float, int> >&)
1141 1364290
1147 2319293
1150 682140
fn=std::pair<float, int>* std::__relocate_a_1<std::pair<float, int>*, std::pair<float, int>*, std::allocator<std::pair<float, int> > >(std::pair<float, int>*, std::pair<float, int>*, std::pair<float, int>*, std::allocator<std::pair<float, int> >&)
1091 1227861
1103 272858
1104 15974531
1105 40114932
1107 136428
1108 409284
fn=std::thread* std::__relocate_a<std::thread*, std::thread*, std::allocator<std::thread> >(std::thread*, std::thread*, std::thread*, std::allocator<std::thread>&)
1141 10
1147 17
1150 5
fn=std::thread* std::__relocate_a_1<std::thread*, std::thread*, std::allocator<std::thread> >(std::thread*, std::thread*, std::thread*, std::allocator<std::thread>&)
1091 9
1103 2
1104 4
1107 1
1108 3
fn=std::vector<float, std::allocator<float> >* std::__do_uninit_fill_n<std::vector<float, std::allocator<float> >*, unsigned long, std::vector<float, std::allocator<float> > >(std::vector<float, std::allocator<float> >*, unsigned long, std::vector<float, std::allocator<float> > const&)
261 8
263 2
266 403
267 800
268 2
275 3
fn=std::vector<float, std::allocator<float> >* std::__uninitialized_fill_n<false>::__uninit_fill_n<std::vector<float, std::allocator<float> >*, unsigned long, std::vector<float, std::allocator<float> > >(std::vector<float, std::allocator<float> >*, unsigned long, std::vector<float, std::allocator<float> > const&)
282 7
284 8
fn=std::vector<float, std::allocator<float> >* std::__uninitialized_fill_n_a<std::vector<float, std::allocator<float> >*, unsigned long, std::vector<float, std::allocator<float> >, std::vector<float, std::allocator<float> > >(std::vector<float, std::allocator<float> >*, unsigned long, std::vector<float, std::allocator<float> > const&, std::allocator<std::vector<float, std::allocator<float> > >&)
465 8
469 3
472 7
473 2
fn=std::vector<float, std::allocator<float> >* std::uninitialized_fill_n<std::vector<float, std::allocator<float> >*, unsigned long, std::vector<float, std::allocator<float> > >(std::vector<float, std::allocator<float> >*, unsigned long, std::vector<float, std::allocator<float> > const&)
312 7
319 1
327 6
328 2
fn=std::vector<int, std::allocator<int> >* std::__do_uninit_fill_n<std::vector<int, std::allocator<int> >*, unsigned long, std::vector<int, std::allocator<int> > >(std::vector<int, std::allocator<int> >*, unsigned long, std::vector<int, std::allocator<int> > const&)
261 8
263 2
266 403
267 800
268 2
275 3
fn=std::vector<int, std::allocator<int> >* std::__uninitialized_fill_n<false>::__uninit_fill_n<std::vector<int, std::allocator<int> >*, unsigned long, std::vector<int, std::allocator<int> > >(std::vector<int, std::allocator<int> >*, unsigned long, std::vector<int, std::allocator<int> > const&)
282 7
284 8
fn=std::vector<int, std::allocator<int> >* std::__uninitialized_fill_n_a<std::vector<int, std::allocator<int> >*, unsigned long, std::vector<int, std::allocator<int> >, std::vector<int, std::allocator<int> > >(std::vector<int, std::allocator<int> >*, unsigned long, std::vector<int, std::allocator<int> > const&, std::allocator<std::vector<int, std::allocator<int> > >&)
465 8
469 3
472 7
473 2
fn=std::vector<int, std::allocator<int> >* std::uninitialized_fill_n<std::vector<int, std::allocator<int> >*, unsigned long, std::vector<int, std::allocator<int> > >(std::vector<int, std::allocator<int> >*, unsigned long, std::vector<int, std::allocator<int> > const&)
312 7
319 1
327 6
328 2
fn=std::vector<unsigned long, std::allocator<unsigned long> >* std::__do_uninit_fill_n<std::vector<unsigned long, std::allocator<unsigned long> >*, unsigned long, std::vector<unsigned long, std::allocator<unsigned long> > >(std::vector<unsigned long, std::allocator<unsigned long> >*, unsigned long, std::vector<unsigned long, std::allocator<unsigned long> > const&)
261 8
263 2
266 403
267 800
268 2
275 3
fn=std::vector<unsigned long, std::allocator<unsigned long> >* std::__uninitialized_fill_n<false>::__uninit_fill_n<std::vector<unsigned long, std::allocator<unsigned long> >*, unsigned long, std::vector<unsigned long, std::allocator<unsigned long> > >(std::vector<unsigned long, std::allocator<unsigned long> >*, unsigned long, std::vector<unsigned long, std::allocator<unsigned long> > const&)
282 7
284 8
fn=std::vector<unsigned long, std::allocator<unsigned long> >* std::__uninitialized_fill_n_a<std::vector<unsigned long, std::allocator<unsigned long> >*, unsigned long, std::vector<unsigned long, std::allocator<unsigned long> >, std::vector<unsigned long, std::allocator<unsigned long> > >(std::vector<unsigned long, std::allocator<unsigned long> >*, unsigned long, std::vector<unsigned long, std::allocator<unsigned long> > const&, std::allocator<std::vector<unsigned long, std::allocator<unsigned long> > >&)
465 8
469 3
472 7
473 2
fn=std::vector<unsigned long, std::allocator<unsigned long> >* std::uninitialized_fill_n<std::vector<unsigned long, std::allocator<unsigned long> >*, unsigned long, std::vector<unsigned long, std::allocator<unsigned long> > >(std::vector<unsigned long, std::allocator<unsigned long> >*, unsigned long, std::vector<unsigned long, std::allocator<unsigned long> > const&)
312 7
319 1
327 6
328 2
fn=unsigned long* std::__uninitialized_copy<true>::__uninit_copy<__gnu_cxx::__normal_iterator<unsigned long const*, std::vector<unsigned long, std::allocator<unsigned long> > >, unsigned long*>(__gnu_cxx::__normal_iterator<unsigned long const*, std::vector<unsigned long, std::allocator<unsigned long> > >, __gnu_cxx::__normal_iterator<unsigned long const*, std::vector<unsigned long, std::allocator<unsigned long> > >, unsigned long*)
145 700
147 800
fn=unsigned long* std::__uninitialized_copy_a<__gnu_cxx::__normal_iterator<unsigned long const*, std::vector<unsigned long, std::allocator<unsigned long> > >, unsigned long*, unsigned long>(__gnu_cxx::__normal_iterator<unsigned long const*, std::vector<unsigned long, std::allocator<unsigned long> > >, __gnu_cxx::__normal_iterator<unsigned long const*, std::vector<unsigned long, std::allocator<unsigned long> > >, unsigned long*, std::allocator<unsigned long>&)
366 800
370 300
373 700
374 200
fn=unsigned long* std::__uninitialized_default_n<unsigned long*, unsigned long>(unsigned long*, unsigned long)
696 6
699 3
707 1
712 6
713 2
fn=unsigned long* std::__uninitialized_default_n_1<true>::__uninit_default_n<unsigned long*, unsigned long>(unsigned long*, unsigned long)
660 6
662 2
665 4
666 3
667 1
668 8
670 1
671 2
fn=unsigned long* std::__uninitialized_default_n_a<unsigned long*, unsigned long, unsigned long>(unsigned long*, unsigned long, std::allocator<unsigned long>&)
777 7
779 7
fn=unsigned long* std::uninitialized_copy<__gnu_cxx::__normal_iterator<unsigned long const*, std::vector<unsigned long, std::allocator<unsigned long> > >, unsigned long*>(__gnu_cxx::__normal_iterator<unsigned long const*, std::vector<unsigned long, std::allocator<unsigned long> > >, __gnu_cxx::__normal_iterator<unsigned long const*, std::vector<unsigned long, std::allocator<unsigned long> > >, unsigned long*)
163 700
174 100
181 100
185 600
186 200
fn=unsigned short* std::__uninitialized_copy<true>::__uninit_copy<std::move_iterator<unsigned short*>, unsigned short*>(std::move_iterator<unsigned short*>, std::move_iterator<unsigned short*>, unsigned short*)
145 252
147 288
fn=unsigned short* std::__uninitialized_copy_a<std::move_iterator<unsigned short*>, unsigned short*, unsigned short>(std::move_iterator<unsigned short*>, std::move_iterator<unsigned short*>, unsigned short*, std::allocator<unsigned short>&)
366 288
370 108
373 252
374 72
fn=unsigned short* std::__uninitialized_fill_n<true>::__uninit_fill_n<unsigned short*, unsigned long, unsigned short>(unsigned short*, unsigned long, unsigned short const&)
292 126
294 144
fn=unsigned short* std::__uninitialized_fill_n_a<unsigned short*, unsigned long, unsigned short, unsigned short>(unsigned short*, unsigned long, unsigned short const&, std::allocator<unsigned short>&)
465 144
469 54
472 126
473 36
fn=unsigned short* std::__uninitialized_move_if_noexcept_a<unsigned short*, unsigned short*, std::allocator<unsigned short> >(unsigned short*, unsigned short*, unsigned short*, std::allocator<unsigned short>&)
393 324
399 504
401 108
fn=unsigned short* std::uninitialized_copy<std::move_iterator<unsigned short*>, unsigned short*>(std::move_iterator<unsigned short*>, std::move_iterator<unsigned short*>, unsigned short*)
163 252
174 36
181 36
185 216
186 72
fn=unsigned short* std::uninitialized_fill_n<unsigned short*, unsigned long, unsigned short>(unsigned short*, unsigned long, unsigned short const&)
312 126
319 18
327 108
328 36
fn=void std::__relocate_object_a<std::pair<float, int>, std::pair<float, int>, std::allocator<std::pair<float, int> > >(std::pair<float, int>*, std::pair<float, int>*, std::allocator<std::pair<float, int> >&)
1069 21600348
1077 24686112
1078 18514578
1079 9257289
fl=/usr/include/c++/13/bits/stl_vector.h
fn=float* std::vector<float, std::allocator<float> >::_M_allocate_and_copy<__gnu_cxx::__normal_iterator<float const*, std::vector<float, std::allocator<float> > > >(unsigned long, __gnu_cxx::__normal_iterator<float const*, std::vector<float, std::allocator<float> > >, __gnu_cxx::__normal_iterator<float const*, std::vector<float, std::allocator<float> > >)
1616 9
1619 6
1622 5
1623 4
1624 2
1631 3
fn=float* std::vector<float, std::allocator<float> >::_M_data_ptr<float>(float*) const
1990 5
1991 3
fn=int* std::vector<int, std::allocator<int> >::_M_data_ptr<int>(int*) const
1990 5037360
1991 3022416
fn=std::_Vector_base<TunableHNSW::HNSW<TunableHNSW::HNSWConfig<128, true, (TunableHNSW::SearchStrategy)0, (TunableHNSW::QuantizationStrategy)0, (TunableHNSW::IndexStrategy)0, 32ul, 64ul, 300ul, 100ul, 16, 100, 0, 0ul, 0, 0, 0ul, false> >::Node, std::allocator<TunableHNSW::HNSW<TunableHNSW::HNSWConfig<128, true, (TunableHNSW::SearchStrategy)0, (TunableHNSW::QuantizationStrategy)0, (TunableHNSW::IndexStrategy)0, 32ul, 64ul, 300ul, 100ul, 16, 100, 0, 0ul, 0, 0, 0ul, false> >::Node> >::_M_allocate(unsigned long)
378 9
381 10
382 5
fn=std::_Vector_base<TunableHNSW::HNSW<TunableHNSW::HNSWConfig<128, true, (TunableHNSW::SearchStrategy)0, (TunableHNSW::QuantizationStrategy)0, (TunableHNSW::IndexStrategy)0, 32ul, 64ul, 300ul, 100ul, 16, 100, 0, 0ul, 0, 0, 0ul, false> >::Node, std::allocator<TunableHNSW::HNSW<TunableHNSW::HNSWConfig<128, true, (TunableHNSW::SearchStrategy)0, (TunableHNSW::QuantizationStrategy)0, (TunableHNSW::IndexStrategy)0, 32ul, 64ul, 300ul, 100ul, 16, 100, 0, 0ul, 0, 0, 0ul, false> >::Node> >::_M_deallocate(TunableHNSW::HNSW<TunableHNSW::HNSWConfig<128, true, (TunableHNSW::SearchStrategy)0, (TunableHNSW::QuantizationStrategy)0, (TunableHNSW::IndexStrategy)0, 32ul, 64ul, 300ul, 100ul, 16, 100, 0, 0ul, 0, 0, 0ul, false> >::Node*, unsigned long)
386 7
389 2
391 3
fn=std::_Vector_base<TunableHNSW::HNSW<TunableHNSW::HNSWConfig<128, true, (TunableHNSW::SearchStrategy)0, (TunableHNSW::QuantizationStrategy)0, (TunableHNSW::IndexStrategy)0, 32ul, 64ul, 300ul, 100ul, 16, 100, 0, 0ul, 0, 0, 0ul, false> >::Node, std::allocator<TunableHNSW::HNSW<TunableHNSW::HNSWConfig<128, true, (TunableHNSW::SearchStrategy)0, (TunableHNSW::QuantizationStrategy)0, (TunableHNSW::IndexStrategy)0, 32ul, 64ul, 300ul, 100ul, 16, 100, 0, 0ul, 0, 0, 0ul, false> >::Node> >::_M_get_Tp_allocator()
301 8
302 6
fn=std::_Vector_base<TunableHNSW::HNSW<TunableHNSW::HNSWConfig<128, true, (TunableHNSW::SearchStrategy)0, (TunableHNSW::QuantizationStrategy)0, (TunableHNSW::IndexStrategy)0, 32ul, 64ul, 300ul, 100ul, 16, 100, 0, 0ul, 0, 0, 0ul, false> >::Node, std::allocator<TunableHNSW::HNSW<TunableHNSW::HNSWConfig<128, true, (TunableHNSW::SearchStrategy)0, (TunableHNSW::QuantizationStrategy)0, (TunableHNSW::IndexStrategy)0, 32ul, 64ul, 300ul, 100ul, 16, 100, 0, 0ul, 0, 0, 0ul, false> >::Node> >::_M_get_Tp_allocator() const
306 16
307 12
fn=std::_Vector_base<TunableHNSW::HNSW<TunableHNSW::HNSWConfig<128, true, (TunableHNSW::SearchStrategy)0, (TunableHNSW::QuantizationStrategy)0, (TunableHNSW::IndexStrategy)0, 32ul, 64ul, 300ul, 100ul, 16, 100, 0, 0ul, 0, 0, 0ul, false> >::Node, std::allocator<TunableHNSW::HNSW<TunableHNSW::HNSWConfig<128, true, (TunableHNSW::SearchStrategy)0, (TunableHNSW::QuantizationStrategy)0, (TunableHNSW::IndexStrategy)0, 32ul, 64ul, 300ul, 100ul, 16, 100, 0, 0ul, 0, 0, 0ul, false> >::Node> >::_Vector_base()
315 11
fn=std::_Vector_base<TunableHNSW::HNSW<TunableHNSW::HNSWConfig<128, true, (TunableHNSW::SearchStrategy)0, (TunableHNSW::QuantizationStrategy)0, (TunableHNSW::IndexStrategy)0, 32ul, 64ul, 300ul, 100ul, 16, 100, 0, 0ul, 0, 0, 0ul, false> >::Node, std::allocator<TunableHNSW::HNSW<TunableHNSW::HNSWConfig<128, true, (TunableHNSW::SearchStrategy)0, (TunableHNSW::QuantizationStrategy)0, (TunableHNSW::IndexStrategy)0, 32ul, 64ul, 300ul, 100ul, 16, 100, 0, 0ul, 0, 0, 0ul, false> >::Node> >::_Vector_impl::_Vector_impl()
137 9
142 3
143 3
fn=std::_Vector_base<TunableHNSW::HNSW<TunableHNSW::HNSWConfig<128, true, (TunableHNSW::SearchStrategy)0, (TunableHNSW::QuantizationStrategy)0, (TunableHNSW::IndexStrategy)0, 32ul, 64ul, 300ul, 100ul, 16, 100, 0, 0ul, 0, 0, 0ul, false> >::Node, std::allocator<TunableHNSW::HNSW<TunableHNSW::HNSWConfig<128, true, (TunableHNSW::SearchStrategy)0, (TunableHNSW::QuantizationStrategy)0, (TunableHNSW::IndexStrategy)0, 32ul, 64ul, 300ul, 100ul, 16, 100, 0, 0ul, 0, 0, 0ul, false> >::Node> >::_Vector_impl_data::_Vector_impl_data()
99 4
100 6
101 3
fn=std::_Vector_base<float, std::allocator<float> >::_M_allocate(unsigned long)
378 927
381 1030
382 515
fn=std::_Vector_base<float, std::allocator<float> >::_M_create_storage(unsigned long)
396 612
398 714
399 408
400 714
401 306
fn=std::_Vector_base<float, std::allocator<float> >::_M_deallocate(float*, unsigned long)
386 28
389 8
390 12
391 12
fn=std::_Vector_base<float, std::allocator<float> >::_M_get_Tp_allocator()
301 440
302 330
fn=std::_Vector_base<float, std::allocator<float> >::_M_get_Tp_allocator() const
306 404
307 303
fn=std::_Vector_base<float, std::allocator<float> >::_Vector_base()
315 22
fn=std::_Vector_base<float, std::allocator<float> >::_Vector_base(std::allocator<float> const&)
321 6
322 8
fn=std::_Vector_base<float, std::allocator<float> >::_Vector_base(unsigned long, std::allocator<float> const&)
333 816
334 510
335 918
fn=std::_Vector_base<float, std::allocator<float> >::_Vector_impl::_Vector_impl()
137 18
142 6
143 6
fn=std::_Vector_base<float, std::allocator<float> >::_Vector_impl::_Vector_impl(std::allocator<float> const&)
146 1442
147 309
148 309
fn=std::_Vector_base<float, std::allocator<float> >::_Vector_impl::~_Vector_impl()
133 27
fn=std::_Vector_base<float, std::allocator<float> >::_Vector_impl_data::_M_copy_data(std::_Vector_base<float, std::allocator<float> >::_Vector_impl_data const&)
113 30
115 24
116 24
117 24
118 18
fn=std::_Vector_base<float, std::allocator<float> >::_Vector_impl_data::_M_swap_data(std::_Vector_base<float, std::allocator<float> >::_Vector_impl_data&)
122 18
126 6
127 10
128 10
129 10
130 12
fn=std::_Vector_base<float, std::allocator<float> >::_Vector_impl_data::_Vector_impl_data()
99 420
100 630
101 315
fn=std::_Vector_base<float, std::allocator<float> >::get_allocator() const
311 6
312 14
fn=std::_Vector_base<float, std::allocator<float> >::~_Vector_base()
367 15
369 21
370 21
371 18
fn=std::_Vector_base<int, std::allocator<int> >::_M_allocate(unsigned long)
378 180909
381 201010
382 100505
fn=std::_Vector_base<int, std::allocator<int> >::_M_create_storage(unsigned long)
396 606
398 707
399 404
400 707
401 303
fn=std::_Vector_base<int, std::allocator<int> >::_M_deallocate(int*, unsigned long)
386 140007
389 40002
390 12
391 60003
fn=std::_Vector_base<int, std::allocator<int> >::_M_get_Tp_allocator()
301 240408
302 180306
fn=std::_Vector_base<int, std::allocator<int> >::_M_get_Tp_allocator() const
306 240400
307 180300
fn=std::_Vector_base<int, std::allocator<int> >::_Vector_base()
315 220000
fn=std::_Vector_base<int, std::allocator<int> >::_Vector_base(unsigned long, std::allocator<int> const&)
333 808
334 505
335 909
fn=std::_Vector_base<int, std::allocator<int> >::_Vector_impl::_Vector_impl()
137 180000
142 60000
143 60000
fn=std::_Vector_base<int, std::allocator<int> >::_Vector_impl::_Vector_impl(std::allocator<int> const&)
146 1414
147 303
148 303
fn=std::_Vector_base<int, std::allocator<int> >::_Vector_impl::~_Vector_impl()
133 9
fn=std::_Vector_base<int, std::allocator<int> >::_Vector_impl_data::_Vector_impl_data()
99 80404
100 120606
101 60303
fn=std::_Vector_base<int, std::allocator<int> >::~_Vector_base()
367 5
369 7
370 7
371 6
fn=std::_Vector_base<std::atomic<long long>, std::allocator<std::atomic<long long> > >::_M_allocate(unsigned long)
378 9
381 10
382 5
fn=std::_Vector_base<std::atomic<long long>, std::allocator<std::atomic<long long> > >::_M_create_storage(unsigned long)
396 6
398 7
399 4
400 7
401 3
fn=std::_Vector_base<std::atomic<long long>, std::allocator<std::atomic<long long> > >::_M_get_Tp_allocator()
301 4
302 3
fn=std::_Vector_base<std::atomic<long long>, std::allocator<std::atomic<long long> > >::_Vector_base(unsigned long, std::allocator<std::atomic<long long> > const&)
333 8
334 5
335 9
fn=std::_Vector_base<std::atomic<long long>, std::allocator<std::atomic<long long> > >::_Vector_impl::_Vector_impl(std::allocator<std::atomic<long long> > const&)
146 14
147 3
148 3
fn=std::_Vector_base<std::atomic<long long>, std::allocator<std::atomic<long long> > >::_Vector_impl_data::_Vector_impl_data()
99 4
100 6
101 3
fn=std::_Vector_base<std::pair<float, int>, std::allocator<std::pair<float, int> > >::_M_allocate(unsigned long)
378 629577
381 699530
382 349765
fn=std::_Vector_base<std::pair<float, int>, std::allocator<std::pair<float, int> > >::_M_deallocate(std::pair<float, int>*, unsigned long)
386 562590
389 160740
390 839016
391 241110
fn=std::_Vector_base<std::pair<float, int>, std::allocator<std::pair<float, int> > >::_M_get_Tp_allocator()
301 587388
302 440541
fn=std::_Vector_base<std::pair<float, int>, std::allocator<std::pair<float, int> > >::_M_get_Tp_allocator() const
306 545720
307 409290
fn=std::_Vector_base<std::pair<float, int>, std::allocator<std::pair<float, int> > >::_Vector_base()
315 76736
fn=std::_Vector_base<std::pair<float, int>, std::allocator<std::pair<float, int> > >::_Vector_impl::_Vector_impl()
137 62784
142 20928
143 20928
fn=std::_Vector_base<std::pair<float, int>, std::allocator<std::pair<float, int> > >::_Vector_impl::~_Vector_impl()
133 93762
fn=std::_Vector_base<std::pair<float, int>, std::allocator<std::pair<float, int> > >::_Vector_impl_data::_Vector_impl_data()
99 27904
100 41856
101 20928
fn=std::_Vector_base<std::pair<float, int>, std::allocator<std::pair<float, int> > >::~_Vector_base()
367 52090
369 72926
370 72926
371 62508
fn=std::_Vector_base<std::thread, std::allocator<std::thread> >::_M_allocate(unsigned long)
378 9
381 10
382 5
fn=std::_Vector_base<std::thread, std::allocator<std::thread> >::_M_deallocate(std::thread*, unsigned long)
386 7
389 2
391 3
fn=std::_Vector_base<std::thread, std::allocator<std::thread> >::_M_get_Tp_allocator()
301 4
302 3
fn=std::_Vector_base<std::thread, std::allocator<std::thread> >::_M_get_Tp_allocator() const
306 4
307 3
fn=std::_Vector_base<std::vector<float, std::allocator<float> >, std::allocator<std::vector<float, std::allocator<float> > > >::_M_allocate(unsigned long)
378 9
381 10
382 5
fn=std::_Vector_base<std::vector<float, std::allocator<float> >, std::allocator<std::vector<float, std::allocator<float> > > >::_M_create_storage(unsigned long)
396 6
398 7
399 4
400 10
401 3
fn=std::_Vector_base<std::vector<float, std::allocator<float> >, std::allocator<std::vector<float, std::allocator<float> > > >::_M_deallocate(std::vector<float, std::allocator<float> >*, unsigned long)
386 14
389 4
391 6
fn=std::_Vector_base<std::vector<float, std::allocator<float> >, std::allocator<std::vector<float, std::allocator<float> > > >::_M_get_Tp_allocator()
301 20
302 15
fn=std::_Vector_base<std::vector<float, std::allocator<float> >, std::allocator<std::vector<float, std::allocator<float> > > >::_M_get_Tp_allocator() const
306 4
307 3
fn=std::_Vector_base<std::vector<float, std::allocator<float> >, std::allocator<std::vector<float, std::allocator<float> > > >::_Vector_base()
315 11
fn=std::_Vector_base<std::vector<float, std::allocator<float> >, std::allocator<std::vector<float, std::allocator<float> > > >::_Vector_base(std::allocator<std::vector<float, std::allocator<float> > > const&)
321 6
322 8
fn=std::_Vector_base<std::vector<float, std::allocator<float> >, std::allocator<std::vector<float, std::allocator<float> > > >::_Vector_base(unsigned long, std::allocator<std::vector<float, std::allocator<float> > > const&)
333 8
334 5
335 9
fn=std::_Vector_base<std::vector<float, std::allocator<float> >, std::allocator<std::vector<float, std::allocator<float> > > >::_Vector_impl::_Vector_impl()
137 9
142 3
143 3
fn=std::_Vector_base<std::vector<float, std::allocator<float> >, std::allocator<std::vector<float, std::allocator<float> > > >::_Vector_impl::_Vector_impl(std::allocator<std::vector<float, std::allocator<float> > > const&)
146 28
147 6
148 6
fn=std::_Vector_base<std::vector<float, std::allocator<float> >, std::allocator<std::vector<float, std::allocator<float> > > >::_Vector_impl::~_Vector_impl()
133 18
fn=std::_Vector_base<std::vector<float, std::allocator<float> >, std::allocator<std::vector<float, std::allocator<float> > > >::_Vector_impl_data::_M_copy_data(std::_Vector_base<std::vector<float, std::allocator<float> >, std::allocator<std::vector<float, std::allocator<float> > > >::_Vector_impl_data const&)
113 30
115 24
116 24
117 24
118 18
fn=std::_Vector_base<std::vector<float, std::allocator<float> >, std::allocator<std::vector<float, std::allocator<float> > > >::_Vector_impl_data::_M_swap_data(std::_Vector_base<std::vector<float, std::allocator<float> >, std::allocator<std::vector<float, std::allocator<float> > > >::_Vector_impl_data&)
122 18
126 6
127 10
128 10
129 10
130 12
fn=std::_Vector_base<std::vector<float, std::allocator<float> >, std::allocator<std::vector<float, std::allocator<float> > > >::_Vector_impl_data::_Vector_impl_data()
99 12
100 18
101 9
fn=std::_Vector_base<std::vector<float, std::allocator<float> >, std::allocator<std::vector<float, std::allocator<float> > > >::get_allocator() const
311 6
312 14
fn=std::_Vector_base<std::vector<float, std::allocator<float> >, std::allocator<std::vector<float, std::allocator<float> > > >::~_Vector_base()
367 10
369 14
370 16
371 12
fn=std::_Vector_base<std::vector<int, std::allocator<int> >, std::allocator<std::vector<int, std::allocator<int> > > >::_M_allocate(unsigned long)
378 9
381 10
382 5
fn=std::_Vector_base<std::vector<int, std::allocator<int> >, std::allocator<std::vector<int, std::allocator<int> > > >::_M_create_storage(unsigned long)
396 6
398 7
399 4
400 10
401 3
fn=std::_Vector_base<std::vector<int, std::allocator<int> >, std::allocator<std::vector<int, std::allocator<int> > > >::_M_get_Tp_allocator()
301 4
302 3
fn=std::_Vector_base<std::vector<int, std::allocator<int> >, std::allocator<std::vector<int, std::allocator<int> > > >::_Vector_base(unsigned long, std::allocator<std::vector<int, std::allocator<int> > > const&)
333 8
334 5
335 9
fn=std::_Vector_base<std::vector<int, std::allocator<int> >, std::allocator<std::vector<int, std::allocator<int> > > >::_Vector_impl::_Vector_impl(std::allocator<std::vector<int, std::allocator<int> > > const&)
146 14
147 3
148 3
fn=std::_Vector_base<std::vector<int, std::allocator<int> >, std::allocator<std::vector<int, std::allocator<int> > > >::_Vector_impl_data::_Vector_impl_data()
99 4
100 6
101 3
fn=std::_Vector_base<std::vector<unsigned long, std::allocator<unsigned long> >, std::allocator<std::vector<unsigned long, std::allocator<unsigned long> > > >::_M_allocate(unsigned long)
378 9
381 10
382 5
fn=std::_Vector_base<std::vector<unsigned long, std::allocator<unsigned long> >, std::allocator<std::vector<unsigned long, std::allocator<unsigned long> > > >::_M_create_storage(unsigned long)
396 6
398 7
399 4
400 10
401 3
fn=std::_Vector_base<std::vector<unsigned long, std::allocator<unsigned long> >, std::allocator<std::vector<unsigned long, std::allocator<unsigned long> > > >::_M_deallocate(std::vector<unsigned long, std::allocator<unsigned long> >*, unsigned long)
386 14
389 4
391 6
fn=std::_Vector_base<std::vector<unsigned long, std::allocator<unsigned long> >, std::allocator<std::vector<unsigned long, std::allocator<unsigned long> > > >::_M_get_Tp_allocator()
301 20
302 15
fn=std::_Vector_base<std::vector<unsigned long, std::allocator<unsigned long> >, std::allocator<std::vector<unsigned long, std::allocator<unsigned long> > > >::_M_get_Tp_allocator() const
306 4
307 3
fn=std::_Vector_base<std::vector<unsigned long, std::allocator<unsigned long> >, std::allocator<std::vector<unsigned long, std::allocator<unsigned long> > > >::_Vector_base()
315 11
fn=std::_Vector_base<std::vector<unsigned long, std::allocator<unsigned long> >, std::allocator<std::vector<unsigned long, std::allocator<unsigned long> > > >::_Vector_base(std::allocator<std::vector<unsigned long, std::allocator<unsigned long> > > const&)
321 6
322 8
fn=std::_Vector_base<std::vector<unsigned long, std::allocator<unsigned long> >, std::allocator<std::vector<unsigned long, std::allocator<unsigned long> > > >::_Vector_base(unsigned long, std::allocator<std::vector<unsigned long, std::allocator<unsigned long> > > const&)
333 8
334 5
335 9
fn=std::_Vector_base<std::vector<unsigned long, std::allocator<unsigned long> >, std::allocator<std::vector<unsigned long, std::allocator<unsigned long> > > >::_Vector_impl::_Vector_impl()
137 9
142 3
143 3
fn=std::_Vector_base<std::vector<unsigned long, std::allocator<unsigned long> >, std::allocator<std::vector<unsigned long, std::allocator<unsigned long> > > >::_Vector_impl::_Vector_impl(std::allocator<std::vector<unsigned long, std::allocator<unsigned long> > > const&)
146 28
147 6
148 6
fn=std::_Vector_base<std::vector<unsigned long, std::allocator<unsigned long> >, std::allocator<std::vector<unsigned long, std::allocator<unsigned long> > > >::_Vector_impl::~_Vector_impl()
133 18
fn=std::_Vector_base<std::vector<unsigned long, std::allocator<unsigned long> >, std::allocator<std::vector<unsigned long, std::allocator<unsigned long> > > >::_Vector_impl_data::_M_copy_data(std::_Vector_base<std::vector<unsigned long, std::allocator<unsigned long> >, std::allocator<std::vector<unsigned long, std::allocator<unsigned long> > > >::_Vector_impl_data const&)
113 30
115 24
116 24
117 24
118 18
fn=std::_Vector_base<std::vector<unsigned long, std::allocator<unsigned long> >, std::allocator<std::vector<unsigned long, std::allocator<unsigned long> > > >::_Vector_impl_data::_M_swap_data(std::_Vector_base<std::vector<unsigned long, std::allocator<unsigned long> >, std::allocator<std::vector<unsigned long, std::allocator<unsigned long> > > >::_Vector_impl_data&)
122 18
126 6
127 10
128 10
129 10
130 12
fn=std::_Vector_base<std::vector<unsigned long, std::allocator<unsigned long> >, std::allocator<std::vector<unsigned long, std::allocator<unsigned long> > > >::_Vector_impl_data::_Vector_impl_data()
99 12
100 18
101 9
fn=std::_Vector_base<std::vector<unsigned long, std::allocator<unsigned long> >, std::allocator<std::vector<unsigned long, std::allocator<unsigned long> > > >::get_allocator() const
311 6
312 14
fn=std::_Vector_base<std::vector<unsigned long, std::allocator<unsigned long> >, std::allocator<std::vector<unsigned long, std::allocator<unsigned long> > > >::~_Vector_base()
367 10
369 14
370 16
371 12
fn=std::_Vector_base<unsigned char, std::allocator<unsigned char> >::_Vector_base()
315 11
fn=std::_Vector_base<unsigned char, std::allocator<unsigned char> >::_Vector_impl::_Vector_impl()
137 9
142 3
143 3
fn=std::_Vector_base<unsigned char, std::allocator<unsigned char> >::_Vector_impl_data::_Vector_impl_data()
99 4
100 6
101 3
fn=std::_Vector_base<unsigned long, std::allocator<unsigned long> >::_M_allocate(unsigned long)
378 909
381 1010
382 505
fn=std::_Vector_base<unsigned long, std::allocator<unsigned long> >::_M_create_storage(unsigned long)
396 606
398 707
399 404
400 707
401 303
fn=std::_Vector_base<unsigned long, std::allocator<unsigned long> >::_M_deallocate(unsigned long*, unsigned long)
386 7
389 2
390 12
391 3
fn=std::_Vector_base<unsigned long, std::allocator<unsigned long> >::_M_get_Tp_allocator()
301 408
302 306
fn=std::_Vector_base<unsigned long, std::allocator<unsigned long> >::_M_get_Tp_allocator() const
306 400
307 300
fn=std::_Vector_base<unsigned long, std::allocator<unsigned long> >::_Vector_base(unsigned long, std::allocator<unsigned long> const&)
333 808
334 505
335 909
fn=std::_Vector_base<unsigned long, std::allocator<unsigned long> >::_Vector_impl::_Vector_impl(std::allocator<unsigned long> const&)
146 1414
147 303
148 303
fn=std::_Vector_base<unsigned long, std::allocator<unsigned long> >::_Vector_impl::~_Vector_impl()
133 9
fn=std::_Vector_base<unsigned long, std::allocator<unsigned long> >::_Vector_impl_data::_Vector_impl_data()
99 404
100 606
101 303
fn=std::_Vector_base<unsigned long, std::allocator<unsigned long> >::~_Vector_base()
367 5
369 7
370 7
371 6
fn=std::_Vector_base<unsigned short, std::allocator<unsigned short> >::_M_allocate(unsigned long)
378 162
381 180
382 90
fn=std::_Vector_base<unsigned short, std::allocator<unsigned short> >::_M_deallocate(unsigned short*, unsigned long)
386 126
389 36
391 54
fn=std::_Vector_base<unsigned short, std::allocator<unsigned short> >::_M_get_Tp_allocator()
301 288
302 216
fn=std::_Vector_base<unsigned short, std::allocator<unsigned short> >::_M_get_Tp_allocator() const
306 144
307 108
fn=std::vector<TunableHNSW::HNSW<TunableHNSW::HNSWConfig<128, true, (TunableHNSW::SearchStrategy)0, (TunableHNSW::QuantizationStrategy)0, (TunableHNSW::IndexStrategy)0, 32ul, 64ul, 300ul, 100ul, 16, 100, 0, 0ul, 0, 0, 0ul, false> >::Node, std::allocator<TunableHNSW::HNSW<TunableHNSW::HNSWConfig<128, true, (TunableHNSW::SearchStrategy)0, (TunableHNSW::QuantizationStrategy)0, (TunableHNSW::IndexStrategy)0, 32ul, 64ul, 300ul, 100ul, 16, 100, 0, 0ul, 0, 0, 0ul, false> >::Node> >::_M_check_len(unsigned long, char const*) const
1896 11
1898 14
1901 16
1902 11
1903 6
fn=std::vector<TunableHNSW::HNSW<TunableHNSW::HNSWConfig<128, true, (TunableHNSW::SearchStrategy)0, (TunableHNSW::QuantizationStrategy)0, (TunableHNSW::IndexStrategy)0, 32ul, 64ul, 300ul, 100ul, 16, 100, 0, 0ul, 0, 0, 0ul, false> >::Node, std::allocator<TunableHNSW::HNSW<TunableHNSW::HNSWConfig<128, true, (TunableHNSW::SearchStrategy)0, (TunableHNSW::QuantizationStrategy)0, (TunableHNSW::IndexStrategy)0, 32ul, 64ul, 300ul, 100ul, 16, 100, 0, 0ul, 0, 0, 0ul, false> >::Node> >::_S_max_size(std::allocator<TunableHNSW::HNSW<TunableHNSW::HNSWConfig<128, true, (TunableHNSW::SearchStrategy)0, (TunableHNSW::QuantizationStrategy)0, (TunableHNSW::IndexStrategy)0, 32ul, 64ul, 300ul, 100ul, 16, 100, 0, 0ul, 0, 0, 0ul, false> >::Node> const&)
1916 32
1921 16
1923 4
1924 24
1925 20
fn=std::vector<TunableHNSW::HNSW<TunableHNSW::HNSWConfig<128, true, (TunableHNSW::SearchStrategy)0, (TunableHNSW::QuantizationStrategy)0, (TunableHNSW::IndexStrategy)0, 32ul, 64ul, 300ul, 100ul, 16, 100, 0, 0ul, 0, 0, 0ul, false> >::Node, std::allocator<TunableHNSW::HNSW<TunableHNSW::HNSWConfig<128, true, (TunableHNSW::SearchStrategy)0, (TunableHNSW::QuantizationStrategy)0, (TunableHNSW::IndexStrategy)0, 32ul, 64ul, 300ul, 100ul, 16, 100, 0, 0ul, 0, 0, 0ul, false> >::Node> >::_S_relocate(TunableHNSW::HNSW<TunableHNSW::HNSWConfig<128, true, (TunableHNSW::SearchStrategy)0, (TunableHNSW::QuantizationStrategy)0, (TunableHNSW::IndexStrategy)0, 32ul, 64ul, 300ul, 100ul, 16, 100, 0, 0ul, 0, 0, 0ul, false> >::Node*, TunableHNSW::HNSW<TunableHNSW::HNSWConfig<128, true, (TunableHNSW::SearchStrategy)0, (TunableHNSW::QuantizationStrategy)0, (TunableHNSW::IndexStrategy)0, 32ul, 64ul, 300ul, 100ul, 16, 100, 0, 0ul, 0, 0, 0ul, false> >::Node*, TunableHNSW::HNSW<TunableHNSW::HNSWConfig<128, true, (TunableHNSW::SearchStrategy)0, (TunableHNSW::QuantizationStrategy)0, (TunableHNSW::IndexStrategy)0, 32ul, 64ul, 300ul, 100ul, 16, 100, 0, 0ul, 0, 0, 0ul, false> >::Node*, std::allocator<TunableHNSW::HNSW<TunableHNSW::HNSWConfig<128, true, (TunableHNSW::SearchStrategy)0, (TunableHNSW::QuantizationStrategy)0, (TunableHNSW::IndexStrategy)0, 32ul, 64ul, 300ul, 100ul, 16, 100, 0, 0ul, 0, 0, 0ul, false> >::Node>&)
504 8
509 6
514 2
fn=std::vector<TunableHNSW::HNSW<TunableHNSW::HNSWConfig<128, true, (TunableHNSW::SearchStrategy)0, (TunableHNSW::QuantizationStrategy)0, (TunableHNSW::IndexStrategy)0, 32ul, 64ul, 300ul, 100ul, 16, 100, 0, 0ul, 0, 0, 0ul, false> >::Node, std::allocator<TunableHNSW::HNSW<TunableHNSW::HNSWConfig<128, true, (TunableHNSW::SearchStrategy)0, (TunableHNSW::QuantizationStrategy)0, (TunableHNSW::IndexStrategy)0, 32ul, 64ul, 300ul, 100ul, 16, 100, 0, 0ul, 0, 0, 0ul, false> >::Node> >::max_size() const
998 20
999 28
fn=std::vector<TunableHNSW::HNSW<TunableHNSW::HNSWConfig<128, true, (TunableHNSW::SearchStrategy)0, (TunableHNSW::QuantizationStrategy)0, (TunableHNSW::IndexStrategy)0, 32ul, 64ul, 300ul, 100ul, 16, 100, 0, 0ul, 0, 0, 0ul, false> >::Node, std::allocator<TunableHNSW::HNSW<TunableHNSW::HNSWConfig<128, true, (TunableHNSW::SearchStrategy)0, (TunableHNSW::QuantizationStrategy)0, (TunableHNSW::IndexStrategy)0, 32ul, 64ul, 300ul, 100ul, 16, 100, 0, 0ul, 0, 0, 0ul, false> >::Node> >::operator[](unsigned long)
1126 5271620
1129 5271620
1130 2108648
fn=std::vector<TunableHNSW::HNSW<TunableHNSW::HNSWConfig<128, true, (TunableHNSW::SearchStrategy)0, (TunableHNSW::QuantizationStrategy)0, (TunableHNSW::IndexStrategy)0, 32ul, 64ul, 300ul, 100ul, 16, 100, 0, 0ul, 0, 0, 0ul, false> >::Node, std::allocator<TunableHNSW::HNSW<TunableHNSW::HNSWConfig<128, true, (TunableHNSW::SearchStrategy)0, (TunableHNSW::QuantizationStrategy)0, (TunableHNSW::IndexStrategy)0, 32ul, 64ul, 300ul, 100ul, 16, 100, 0, 0ul, 0, 0, 0ul, false> >::Node> >::resize(unsigned long)
1013 6
1015 7
1016 9
1019 4
fn=std::vector<TunableHNSW::HNSW<TunableHNSW::HNSWConfig<128, true, (TunableHNSW::SearchStrategy)0, (TunableHNSW::QuantizationStrategy)0, (TunableHNSW::IndexStrategy)0, 32ul, 64ul, 300ul, 100ul, 16, 100, 0, 0ul, 0, 0, 0ul, false> >::Node, std::allocator<TunableHNSW::HNSW<TunableHNSW::HNSWConfig<128, true, (TunableHNSW::SearchStrategy)0, (TunableHNSW::QuantizationStrategy)0, (TunableHNSW::IndexStrategy)0, 32ul, 64ul, 300ul, 100ul, 16, 100, 0, 0ul, 0, 0, 0ul, false> >::Node> >::size() const
992 28
993 63
fn=std::vector<TunableHNSW::HNSW<TunableHNSW::HNSWConfig<128, true, (TunableHNSW::SearchStrategy)0, (TunableHNSW::QuantizationStrategy)0, (TunableHNSW::IndexStrategy)0, 32ul, 64ul, 300ul, 100ul, 16, 100, 0, 0ul, 0, 0, 0ul, false> >::Node, std::allocator<TunableHNSW::HNSW<TunableHNSW::HNSWConfig<128, true, (TunableHNSW::SearchStrategy)0, (TunableHNSW::QuantizationStrategy)0, (TunableHNSW::IndexStrategy)0, 32ul, 64ul, 300ul, 100ul, 16, 100, 0, 0ul, 0, 0, 0ul, false> >::Node> >::vector()
531 11
fn=std::vector<float, std::allocator<float> >::_M_default_initialize(unsigned long)
1715 12
1717 4
1718 12
1719 8
1720 6
fn=std::vector<float, std::allocator<float> >::_M_move_assign(std::vector<float, std::allocator<float> >&&, std::integral_constant<bool, true>)
1959 10
1961 10
1962 5
1963 5
1964 9
1965 9
fn=std::vector<float, std::allocator<float> >::_S_check_init_len(unsigned long, std::allocator<float> const&)
1907 45
1909 21
1912 3
1913 15
fn=std::vector<float, std::allocator<float> >::_S_max_size(std::allocator<float> const&)
1916 24
1921 12
1923 3
1924 18
1925 15
fn=std::vector<float, std::allocator<float> >::begin()
873 808
874 1111
fn=std::vector<float, std::allocator<float> >::begin() const
883 808
884 1111
fn=std::vector<float, std::allocator<float> >::capacity() const
1078 4
1079 2
1080 7
fn=std::vector<float, std::allocator<float> >::data()
1260 5
1261 8
fn=std::vector<float, std::allocator<float> >::end()
893 808
894 1212
fn=std::vector<float, std::allocator<float> >::end() const
903 808
904 1212
fn=std::vector<float, std::allocator<float> >::operator=(std::vector<float, std::allocator<float> >&&)
766 6
768 1
771 8
772 1
773 2
fn=std::vector<float, std::allocator<float> >::size() const
992 404
993 909
fn=std::vector<float, std::allocator<float> >::vector()
531 22
fn=std::vector<float, std::allocator<float> >::vector(std::allocator<float> const&)
542 6
543 8
fn=std::vector<float, std::allocator<float> >::vector(std::vector<float, std::allocator<float> > const&)
601 1200
603 2400
605 200
606 1400
608 400
609 1000
fn=std::vector<float, std::allocator<float> >::vector(unsigned long, std::allocator<float> const&)
556 16
557 24
558 18
fn=std::vector<float, std::allocator<float> >::~vector()
733 15
735 21
736 9
738 18
fn=std::vector<int, std::allocator<int> >::_M_check_len(unsigned long, char const*) const
1896 220000
1898 280000
1901 320000
1902 220000
1903 120000
fn=std::vector<int, std::allocator<int> >::_M_default_initialize(unsigned long)
1715 6
1717 2
1718 6
1719 4
1720 3
fn=std::vector<int, std::allocator<int> >::_S_check_init_len(unsigned long, std::allocator<int> const&)
1907 15
1909 7
1912 1
1913 5
fn=std::vector<int, std::allocator<int> >::_S_max_size(std::allocator<int> const&)
1916 480008
1921 240004
1923 60001
1924 360006
1925 300005
fn=std::vector<int, std::allocator<int> >::_S_relocate(int*, int*, int*, std::allocator<int>&)
504 80000
509 60000
514 20000
fn=std::vector<int, std::allocator<int> >::begin() const
883 800
884 1100
fn=std::vector<int, std::allocator<int> >::data()
1260 167770
1261 268432
fn=std::vector<int, std::allocator<int> >::data() const
1265 4869590
1266 7791344
fn=std::vector<int, std::allocator<int> >::end()
893 80000
894 120000
fn=std::vector<int, std::allocator<int> >::end() const
903 800
904 1200
fn=std::vector<int, std::allocator<int> >::max_size() const
998 300000
999 420000
fn=std::vector<int, std::allocator<int> >::operator[](unsigned long)
1126 318145
1129 318145
1130 127258
fn=std::vector<int, std::allocator<int> >::operator[](unsigned long) const
1145 4869590
1148 4869590
1149 1947836
fn=std::vector<int, std::allocator<int> >::resize(unsigned long)
1013 60000
1015 70000
1016 90000
1019 40000
fn=std::vector<int, std::allocator<int> >::resize(unsigned long, int const&)
1034 80000
1036 70000
1037 160000
1040 50000
fn=std::vector<int, std::allocator<int> >::size() const
992 573256
993 1289826
fn=std::vector<int, std::allocator<int> >::vector()
531 220000
fn=std::vector<int, std::allocator<int> >::vector(std::vector<int, std::allocator<int> > const&)
601 1200
603 2400
605 200
606 1400
608 400
609 1000
fn=std::vector<int, std::allocator<int> >::vector(unsigned long, std::allocator<int> const&)
556 8
557 12
558 9
fn=std::vector<int, std::allocator<int> >::~vector()
733 5
735 7
736 3
738 6
fn=std::vector<std::atomic<long long>, std::allocator<std::atomic<long long> > >::_M_default_initialize(unsigned long)
1715 6
1717 2
1718 6
1719 4
1720 3
fn=std::vector<std::atomic<long long>, std::allocator<std::atomic<long long> > >::_S_check_init_len(unsigned long, std::allocator<std::atomic<long long> > const&)
1907 15
1909 7
1912 1
1913 5
fn=std::vector<std::atomic<long long>, std::allocator<std::atomic<long long> > >::_S_max_size(std::allocator<std::atomic<long long> > const&)
1916 8
1921 4
1923 1
1924 6
1925 5
fn=std::vector<std::atomic<long long>, std::allocator<std::atomic<long long> > >::operator[](unsigned long)
1126 85
1129 85
1130 34
fn=std::vector<std::atomic<long long>, std::allocator<std::atomic<long long> > >::vector(unsigned long, std::allocator<std::atomic<long long> > const&)
556 8
557 12
558 9
fn=std::vector<std::pair<float, int>, std::allocator<std::pair<float, int> > >::_M_check_len(unsigned long, char const*) const
1896 731247
1898 930678
1901 1063632
1902 731247
1903 398862
fn=std::vector<std::pair<float, int>, std::allocator<std::pair<float, int> > >::_S_max_size(std::allocator<std::pair<float, int> > const&)
1916 1091440
1921 545720
1923 136430
1924 818580
1925 682150
fn=std::vector<std::pair<float, int>, std::allocator<std::pair<float, int> > >::_S_relocate(std::pair<float, int>*, std::pair<float, int>*, std::pair<float, int>*, std::allocator<std::pair<float, int> >&)
504 1091432
509 818574
514 272856
fn=std::vector<std::pair<float, int>, std::allocator<std::pair<float, int> > >::back()
1233 21948744
1236 32923116
1237 13717965
fn=std::vector<std::pair<float, int>, std::allocator<std::pair<float, int> > >::begin()
873 41159152
874 56593834
fn=std::vector<std::pair<float, int>, std::allocator<std::pair<float, int> > >::begin() const
883 52069640
884 71595755
fn=std::vector<std::pair<float, int>, std::allocator<std::pair<float, int> > >::capacity() const
1078 13904
1079 6952
1080 24332
fn=std::vector<std::pair<float, int>, std::allocator<std::pair<float, int> > >::empty() const
1088 15468856
1089 34804926
fn=std::vector<std::pair<float, int>, std::allocator<std::pair<float, int> > >::end()
893 63107896
894 94661844
fn=std::vector<std::pair<float, int>, std::allocator<std::pair<float, int> > >::end() const
903 15468856
904 23203284
fn=std::vector<std::pair<float, int>, std::allocator<std::pair<float, int> > >::front() const
1221 36600784
1224 32025686
1225 22875490
fn=std::vector<std::pair<float, int>, std::allocator<std::pair<float, int> > >::max_size() const
998 682150
999 955010
fn=std::vector<std::pair<float, int>, std::allocator<std::pair<float, int> > >::operator[](unsigned long)
1126 17355
1129 17355
1130 6942
fn=std::vector<std::pair<float, int>, std::allocator<std::pair<float, int> > >::pop_back()
1322 11640305
1325 11640305
1326 11640305
1328 6984183
fn=std::vector<std::pair<float, int>, std::allocator<std::pair<float, int> > >::push_back(std::pair<float, int> const&)
1281 5754042
1283 5754042
1286 6713049
1288 4795035
1293 3836028
fn=std::vector<std::pair<float, int>, std::allocator<std::pair<float, int> > >::push_back(std::pair<float, int>&&)
1298 16461570
1299 30179539
fn=std::vector<std::pair<float, int>, std::allocator<std::pair<float, int> > >::size() const
992 17156384
993 38601864
fn=std::vector<std::pair<float, int>, std::allocator<std::pair<float, int> > >::vector()
531 76736
fn=std::vector<std::pair<float, int>, std::allocator<std::pair<float, int> > >::~vector()
733 52090
735 72926
736 31254
738 62508
fn=std::vector<std::thread, std::allocator<std::thread> >::_S_max_size(std::allocator<std::thread> const&)
1916 8
1921 4
1923 1
1924 6
1925 5
fn=std::vector<std::thread, std::allocator<std::thread> >::_S_relocate(std::thread*, std::thread*, std::thread*, std::allocator<std::thread>&)
504 8
509 6
514 2
fn=std::vector<std::thread, std::allocator<std::thread> >::back()
1233 144
1236 216
1237 90
fn=std::vector<std::thread, std::allocator<std::thread> >::capacity() const
1078 4
1079 2
1080 7
fn=std::vector<std::thread, std::allocator<std::thread> >::end()
893 144
894 216
fn=std::vector<std::thread, std::allocator<std::thread> >::max_size() const
998 5
999 7
fn=std::vector<std::thread, std::allocator<std::thread> >::size() const
992 4
993 9
fn=std::vector<std::vector<float, std::allocator<float> >, std::allocator<std::vector<float, std::allocator<float> > > >::_M_fill_initialize(unsigned long, std::vector<float, std::allocator<float> > const&)
1704 7
1706 2
1707 6
1708 4
1709 3
fn=std::vector<std::vector<float, std::allocator<float> >, std::allocator<std::vector<float, std::allocator<float> > > >::_M_move_assign(std::vector<std::vector<float, std::allocator<float> >, std::allocator<std::vector<float, std::allocator<float> > > >&&, std::integral_constant<bool, true>)
1959 10
1961 10
1962 5
1963 5
1964 9
1965 9
fn=std::vector<std::vector<float, std::allocator<float> >, std::allocator<std::vector<float, std::allocator<float> > > >::_S_check_init_len(unsigned long, std::allocator<std::vector<float, std::allocator<float> > > const&)
1907 15
1909 7
1912 1
1913 5
fn=std::vector<std::vector<float, std::allocator<float> >, std::allocator<std::vector<float, std::allocator<float> > > >::_S_max_size(std::allocator<std::vector<float, std::allocator<float> > > const&)
1916 8
1921 4
1923 1
1924 6
1925 5
fn=std::vector<std::vector<float, std::allocator<float> >, std::allocator<std::vector<float, std::allocator<float> > > >::begin()
873 8
874 11
fn=std::vector<std::vector<float, std::allocator<float> >, std::allocator<std::vector<float, std::allocator<float> > > >::end()
893 8
894 12
fn=std::vector<std::vector<float, std::allocator<float> >, std::allocator<std::vector<float, std::allocator<float> > > >::operator=(std::vector<std::vector<float, std::allocator<float> >, std::allocator<std::vector<float, std::allocator<float> > > >&&)
766 6
768 1
771 8
772 1
773 2
fn=std::vector<std::vector<float, std::allocator<float> >, std::allocator<std::vector<float, std::allocator<float> > > >::vector()
531 11
fn=std::vector<std::vector<float, std::allocator<float> >, std::allocator<std::vector<float, std::allocator<float> > > >::vector(std::allocator<std::vector<float, std::allocator<float> > > const&)
542 6
543 8
fn=std::vector<std::vector<float, std::allocator<float> >, std::allocator<std::vector<float, std::allocator<float> > > >::vector(unsigned long, std::vector<float, std::allocator<float> > const&, std::allocator<std::vector<float, std::allocator<float> > > const&)
569 9
571 12
572 10
fn=std::vector<std::vector<float, std::allocator<float> >, std::allocator<std::vector<float, std::allocator<float> > > >::~vector()
733 10
735 14
736 6
738 12
fn=std::vector<std::vector<int, std::allocator<int> >, std::allocator<std::vector<int, std::allocator<int> > > >::_M_fill_initialize(unsigned long, std::vector<int, std::allocator<int> > const&)
1704 7
1706 2
1707 6
1708 4
1709 3
fn=std::vector<std::vector<int, std::allocator<int> >, std::allocator<std::vector<int, std::allocator<int> > > >::_S_check_init_len(unsigned long, std::allocator<std::vector<int, std::allocator<int> > > const&)
1907 15
1909 7
1912 1
1913 5
fn=std::vector<std::vector<int, std::allocator<int> >, std::allocator<std::vector<int, std::allocator<int> > > >::_S_max_size(std::allocator<std::vector<int, std::allocator<int> > > const&)
1916 8
1921 4
1923 1
1924 6
1925 5
fn=std::vector<std::vector<int, std::allocator<int> >, std::allocator<std::vector<int, std::allocator<int> > > >::vector(unsigned long, std::vector<int, std::allocator<int> > const&, std::allocator<std::vector<int, std::allocator<int> > > const&)
569 9
571 12
572 10
fn=std::vector<std::vector<unsigned long, std::allocator<unsigned long> >, std::allocator<std::vector<unsigned long, std::allocator<unsigned long> > > >::_M_fill_initialize(unsigned long, std::vector<unsigned long, std::allocator<unsigned long> > const&)
1704 7
1706 2
1707 6
1708 4
1709 3
fn=std::vector<std::vector<unsigned long, std::allocator<unsigned long> >, std::allocator<std::vector<unsigned long, std::allocator<unsigned long> > > >::_M_move_assign(std::vector<std::vector<unsigned long, std::allocator<unsigned long> >, std::allocator<std::vector<unsigned long, std::allocator<unsigned long> > > >&&, std::integral_constant<bool, true>)
1959 10
1961 10
1962 5
1963 5
1964 9
1965 9
fn=std::vector<std::vector<unsigned long, std::allocator<unsigned long> >, std::allocator<std::vector<unsigned long, std::allocator<unsigned long> > > >::_S_check_init_len(unsigned long, std::allocator<std::vector<unsigned long, std::allocator<unsigned long> > > const&)
1907 15
1909 7
1912 1
1913 5
fn=std::vector<std::vector<unsigned long, std::allocator<unsigned long> >, std::allocator<std::vector<unsigned long, std::allocator<unsigned long> > > >::_S_max_size(std::allocator<std::vector<unsigned long, std::allocator<unsigned long> > > const&)
1916 8
1921 4
1923 1
1924 6
1925 5
fn=std::vector<std::vector<unsigned long, std::allocator<unsigned long> >, std::allocator<std::vector<unsigned long, std::allocator<unsigned long> > > >::begin()
873 8
874 11
fn=std::vector<std::vector<unsigned long, std::allocator<unsigned long> >, std::allocator<std::vector<unsigned long, std::allocator<unsigned long> > > >::end()
893 8
894 12
fn=std::vector<std::vector<unsigned long, std::allocator<unsigned long> >, std::allocator<std::vector<unsigned long, std::allocator<unsigned long> > > >::operator=(std::vector<std::vector<unsigned long, std::allocator<unsigned long> >, std::allocator<std::vector<unsigned long, std::allocator<unsigned long> > > >&&)
766 6
768 1
771 8
772 1
773 2
fn=std::vector<std::vector<unsigned long, std::allocator<unsigned long> >, std::allocator<std::vector<unsigned long, std::allocator<unsigned long> > > >::vector()
531 11
fn=std::vector<std::vector<unsigned long, std::allocator<unsigned long> >, std::allocator<std::vector<unsigned long, std::allocator<unsigned long> > > >::vector(std::allocator<std::vector<unsigned long, std::allocator<unsigned long> > > const&)
542 6
543 8
fn=std::vector<std::vector<unsigned long, std::allocator<unsigned long> >, std::allocator<std::vector<unsigned long, std::allocator<unsigned long> > > >::vector(unsigned long, std::vector<unsigned long, std::allocator<unsigned long> > const&, std::allocator<std::vector<unsigned long, std::allocator<unsigned long> > > const&)
569 9
571 12
572 10
fn=std::vector<std::vector<unsigned long, std::allocator<unsigned long> >, std::allocator<std::vector<unsigned long, std::allocator<unsigned long> > > >::~vector()
733 10
735 14
736 6
738 12
fn=std::vector<unsigned char, std::allocator<unsigned char> >::vector()
531 11
fn=std::vector<unsigned long, std::allocator<unsigned long> >::_M_default_initialize(unsigned long)
1715 6
1717 2
1718 6
1719 4
1720 3
fn=std::vector<unsigned long, std::allocator<unsigned long> >::_S_check_init_len(unsigned long, std::allocator<unsigned long> const&)
1907 15
1909 7
1912 1
1913 5
fn=std::vector<unsigned long, std::allocator<unsigned long> >::_S_max_size(std::allocator<unsigned long> const&)
1916 8
1921 4
1923 1
1924 6
1925 5
fn=std::vector<unsigned long, std::allocator<unsigned long> >::begin()
873 800
874 1100
fn=std::vector<unsigned long, std::allocator<unsigned long> >::begin() const
883 800
884 1100
fn=std::vector<unsigned long, std::allocator<unsigned long> >::end()
893 800
894 1200
fn=std::vector<unsigned long, std::allocator<unsigned long> >::end() const
903 800
904 1200
fn=std::vector<unsigned long, std::allocator<unsigned long> >::size() const
992 400
993 900
fn=std::vector<unsigned long, std::allocator<unsigned long> >::vector(std::vector<unsigned long, std::allocator<unsigned long> > const&)
601 1200
603 2400
605 200
606 1400
608 400
609 1000
fn=std::vector<unsigned long, std::allocator<unsigned long> >::vector(unsigned long, std::allocator<unsigned long> const&)
556 8
557 12
558 9
fn=std::vector<unsigned long, std::allocator<unsigned long> >::~vector()
733 5
735 7
736 3
738 6
fn=std::vector<unsigned short, std::allocator<unsigned short> >::_M_check_len(unsigned long, char const*) const
1896 198
1898 252
1901 288
1902 198
1903 108
fn=std::vector<unsigned short, std::allocator<unsigned short> >::_S_max_size(std::allocator<unsigned short> const&)
1916 288
1921 144
1923 36
1924 216
1925 180
fn=std::vector<unsigned short, std::allocator<unsigned short> >::end()
893 144
894 216
fn=std::vector<unsigned short, std::allocator<unsigned short> >::max_size() const
998 180
999 252
fn=std::vector<unsigned short, std::allocator<unsigned short> >::operator[](unsigned long)
1126 88888895
1129 88888895
1130 35555558
fn=std::vector<unsigned short, std::allocator<unsigned short> >::resize(unsigned long, unsigned short const&)
1034 144
1036 126
1037 288
1040 90
fn=std::vector<unsigned short, std::allocator<unsigned short> >::size() const
992 432
993 972
fn=void std::vector<float, std::allocator<float> >::assign<__gnu_cxx::__normal_iterator<float const*, std::vector<float, std::allocator<float> > >, void>(__gnu_cxx::__normal_iterator<float const*, std::vector<float, std::allocator<float> > >, __gnu_cxx::__normal_iterator<float const*, std::vector<float, std::allocator<float> > >)
828 10
829 12
fl=/usr/include/c++/13/bits/string_view.tcc
fn=std::basic_string_view<char, std::char_traits<char> >::find(char, unsigned long) const
80 32
83 4
84 16
86 8
87 20
88 4
89 10
91 4
92 8
fl=/usr/include/c++/13/bits/this_thread_sleep.h
fn=void std::this_thread::sleep_for<long, std::ratio<1l, 1000l> >(std::chrono::duration<long, std::ratio<1l, 1000l> > const&)
68 24
70 33
72 12
73 30
75 6
77 9
78 9
80 30
85 10
fl=/usr/include/c++/13/bits/unique_ptr.h
fn=std::__detail::_MakeUniq<TunableHNSW::HNSW<TunableHNSW::HNSWConfig<128, true, (TunableHNSW::SearchStrategy)0, (TunableHNSW::QuantizationStrategy)0, (TunableHNSW::IndexStrategy)0, 32ul, 64ul, 300ul, 100ul, 16, 100, 0, 0ul, 0, 0, 0ul, false> > >::__single_object std::make_unique<TunableHNSW::HNSW<TunableHNSW::HNSWConfig<128, true, (TunableHNSW::SearchStrategy)0, (TunableHNSW::QuantizationStrategy)0, (TunableHNSW::IndexStrategy)0, 32ul, 64ul, 300ul, 100ul, 16, 100, 0, 0ul, 0, 0, 0ul, false> >>()
1069 7
1070 18
fn=std::__detail::_MakeUniq<std::mutex>::__single_object std::make_unique<std::mutex>()
1069 60000
1070 170000
fn=std::__uniq_ptr_data<TunableHNSW::HNSW<TunableHNSW::HNSWConfig<128, true, (TunableHNSW::SearchStrategy)0, (TunableHNSW::QuantizationStrategy)0, (TunableHNSW::IndexStrategy)0, 32ul, 64ul, 300ul, 100ul, 16, 100, 0, 0ul, 0, 0, 0ul, false> >, std::default_delete<TunableHNSW::HNSW<TunableHNSW::HNSWConfig<128, true, (TunableHNSW::SearchStrategy)0, (TunableHNSW::QuantizationStrategy)0, (TunableHNSW::IndexStrategy)0, 32ul, 64ul, 300ul, 100ul, 16, 100, 0, 0ul, 0, 0, 0ul, false> > >, true, true>::__uniq_ptr_impl(TunableHNSW::HNSW<TunableHNSW::HNSWConfig<128, true, (TunableHNSW::SearchStrategy)0, (TunableHNSW::QuantizationStrategy)0, (TunableHNSW::IndexStrategy)0, 32ul, 64ul, 300ul, 100ul, 16, 100, 0, 0ul, 0, 0, 0ul, false> >*)
241 14
fn=std::__uniq_ptr_data<std::mutex, std::default_delete<std::mutex>, true, true>::__uniq_ptr_impl()
241 110000
fn=std::__uniq_ptr_data<std::mutex, std::default_delete<std::mutex>, true, true>::__uniq_ptr_impl(std::mutex*)
241 140000
fn=std::__uniq_ptr_data<std::mutex, std::default_delete<std::mutex>, true, true>::operator=(std::__uniq_ptr_data<std::mutex, std::default_delete<std::mutex>, true, true>&&)
243 140000
fn=std::__uniq_ptr_data<std::thread::_State, std::default_delete<std::thread::_State>, true, true>::__uniq_ptr_impl(std::thread::_State*)
241 252
fn=std::__uniq_ptr_impl<TunableHNSW::HNSW<TunableHNSW::HNSWConfig<128, true, (TunableHNSW::SearchStrategy)0, (TunableHNSW::QuantizationStrategy)0, (TunableHNSW::IndexStrategy)0, 32ul, 64ul, 300ul, 100ul, 16, 100, 0, 0ul, 0, 0, 0ul, false> >, std::default_delete<TunableHNSW::HNSW<TunableHNSW::HNSWConfig<128, true, (TunableHNSW::SearchStrategy)0, (TunableHNSW::QuantizationStrategy)0, (TunableHNSW::IndexStrategy)0, 32ul, 64ul, 300ul, 100ul, 16, 100, 0, 0ul, 0, 0, 0ul, false> > > >::_M_ptr()
197 10
fn=std::__uniq_ptr_impl<TunableHNSW::HNSW<TunableHNSW::HNSWConfig<128, true, (TunableHNSW::SearchStrategy)0, (TunableHNSW::QuantizationStrategy)0, (TunableHNSW::IndexStrategy)0, 32ul, 64ul, 300ul, 100ul, 16, 100, 0, 0ul, 0, 0, 0ul, false> >, std::default_delete<TunableHNSW::HNSW<TunableHNSW::HNSWConfig<128, true, (TunableHNSW::SearchStrategy)0, (TunableHNSW::QuantizationStrategy)0, (TunableHNSW::IndexStrategy)0, 32ul, 64ul, 300ul, 100ul, 16, 100, 0, 0ul, 0, 0, 0ul, false> > > >::_M_ptr() const
199 11
fn=std::__uniq_ptr_impl<TunableHNSW::HNSW<TunableHNSW::HNSWConfig<128, true, (TunableHNSW::SearchStrategy)0, (TunableHNSW::QuantizationStrategy)0, (TunableHNSW::IndexStrategy)0, 32ul, 64ul, 300ul, 100ul, 16, 100, 0, 0ul, 0, 0, 0ul, false> >, std::default_delete<TunableHNSW::HNSW<TunableHNSW::HNSWConfig<128, true, (TunableHNSW::SearchStrategy)0, (TunableHNSW::QuantizationStrategy)0, (TunableHNSW::IndexStrategy)0, 32ul, 64ul, 300ul, 100ul, 16, 100, 0, 0ul, 0, 0, 0ul, false> > > >::__uniq_ptr_impl(TunableHNSW::HNSW<TunableHNSW::HNSWConfig<128, true, (TunableHNSW::SearchStrategy)0, (TunableHNSW::QuantizationStrategy)0, (TunableHNSW::IndexStrategy)0, 32ul, 64ul, 300ul, 100ul, 16, 100, 0, 0ul, 0, 0, 0ul, false> >*)
176 19
fn=std::__uniq_ptr_impl<std::mutex, std::default_delete<std::mutex> >::_M_deleter()
201 200000
fn=std::__uniq_ptr_impl<std::mutex, std::default_delete<std::mutex> >::_M_ptr()
197 600000
fn=std::__uniq_ptr_impl<std::mutex, std::default_delete<std::mutex> >::_M_ptr() const
199 330902
fn=std::__uniq_ptr_impl<std::mutex, std::default_delete<std::mutex> >::__uniq_ptr_impl()
174 110000
fn=std::__uniq_ptr_impl<std::mutex, std::default_delete<std::mutex> >::__uniq_ptr_impl(std::mutex*)
176 190000
fn=std::__uniq_ptr_impl<std::mutex, std::default_delete<std::mutex> >::operator=(std::__uniq_ptr_impl<std::mutex, std::default_delete<std::mutex> >&&)
189 60000
191 80000
192 80000
193 10000
194 20000
fn=std::__uniq_ptr_impl<std::mutex, std::default_delete<std::mutex> >::release()
215 50000
217 50000
218 40000
219 10000
220 20000
fn=std::__uniq_ptr_impl<std::mutex, std::default_delete<std::mutex> >::reset(std::mutex*)
206 70000
208 50000
209 50000
210 20000
212 40000
fn=std::__uniq_ptr_impl<std::thread::_State, std::default_delete<std::thread::_State> >::_M_ptr()
197 360
fn=std::__uniq_ptr_impl<std::thread::_State, std::default_delete<std::thread::_State> >::__uniq_ptr_impl(std::thread::_State*)
176 342
fn=std::unique_ptr<TunableHNSW::HNSW<TunableHNSW::HNSWConfig<128, true, (TunableHNSW::SearchStrategy)0, (TunableHNSW::QuantizationStrategy)0, (TunableHNSW::IndexStrategy)0, 32ul, 64ul, 300ul, 100ul, 16, 100, 0, 0ul, 0, 0, 0ul, false> >, std::default_delete<TunableHNSW::HNSW<TunableHNSW::HNSWConfig<128, true, (TunableHNSW::SearchStrategy)0, (TunableHNSW::QuantizationStrategy)0, (TunableHNSW::IndexStrategy)0, 32ul, 64ul, 300ul, 100ul, 16, 100, 0, 0ul, 0, 0, 0ul, false> > > >::get() const
469 5
470 5
fn=std::unique_ptr<TunableHNSW::HNSW<TunableHNSW::HNSWConfig<128, true, (TunableHNSW::SearchStrategy)0, (TunableHNSW::QuantizationStrategy)0, (TunableHNSW::IndexStrategy)0, 32ul, 64ul, 300ul, 100ul, 16, 100, 0, 0ul, 0, 0, 0ul, false> >, std::default_delete<TunableHNSW::HNSW<TunableHNSW::HNSWConfig<128, true, (TunableHNSW::SearchStrategy)0, (TunableHNSW::QuantizationStrategy)0, (TunableHNSW::IndexStrategy)0, 32ul, 64ul, 300ul, 100ul, 16, 100, 0, 0ul, 0, 0, 0ul, false> > > >::operator->() const
460 5
463 3
464 2
fn=std::unique_ptr<TunableHNSW::HNSW<TunableHNSW::HNSWConfig<128, true, (TunableHNSW::SearchStrategy)0, (TunableHNSW::QuantizationStrategy)0, (TunableHNSW::IndexStrategy)0, 32ul, 64ul, 300ul, 100ul, 16, 100, 0, 0ul, 0, 0, 0ul, false> >, std::default_delete<TunableHNSW::HNSW<TunableHNSW::HNSWConfig<128, true, (TunableHNSW::SearchStrategy)0, (TunableHNSW::QuantizationStrategy)0, (TunableHNSW::IndexStrategy)0, 32ul, 64ul, 300ul, 100ul, 16, 100, 0, 0ul, 0, 0, 0ul, false> > > >::unique_ptr<std::default_delete<TunableHNSW::HNSW<TunableHNSW::HNSWConfig<128, true, (TunableHNSW::SearchStrategy)0, (TunableHNSW::QuantizationStrategy)0, (TunableHNSW::IndexStrategy)0, 32ul, 64ul, 300ul, 100ul, 16, 100, 0, 0ul, 0, 0, 0ul, false> > >, void>(TunableHNSW::HNSW<TunableHNSW::HNSWConfig<128, true, (TunableHNSW::SearchStrategy)0, (TunableHNSW::QuantizationStrategy)0, (TunableHNSW::IndexStrategy)0, 32ul, 64ul, 300ul, 100ul, 16, 100, 0, 0ul, 0, 0, 0ul, false> >*)
317 6
318 5
319 3
fn=std::unique_ptr<std::mutex, std::default_delete<std::mutex> >::get() const
469 150410
470 150410
fn=std::unique_ptr<std::mutex, std::default_delete<std::mutex> >::operator*() const
451 150410
453 150410
454 90246
455 60164
fn=std::unique_ptr<std::mutex, std::default_delete<std::mutex> >::operator=(std::unique_ptr<std::mutex, std::default_delete<std::mutex> >&&)
414 140000
fn=std::unique_ptr<std::mutex, std::default_delete<std::mutex> >::unique_ptr<std::default_delete<std::mutex>, void>()
304 50000
305 50000
306 30000
fn=std::unique_ptr<std::mutex, std::default_delete<std::mutex> >::unique_ptr<std::default_delete<std::mutex>, void>(std::mutex*)
317 60000
318 50000
319 30000
fn=std::unique_ptr<std::mutex, std::default_delete<std::mutex> >::~unique_ptr()
398 60000
402 40000
403 40000
405 20000
406 40000
fn=std::unique_ptr<std::thread::_State, std::default_delete<std::thread::_State> >::unique_ptr<std::default_delete<std::thread::_State>, void>(std::thread::_State*)
317 108
318 90
319 54
fn=std::unique_ptr<std::thread::_State, std::default_delete<std::thread::_State> >::~unique_ptr()
398 108
402 72
403 72
405 36
406 72
fl=/usr/include/c++/13/bits/vector.tcc
fn=std::pair<float, int>& std::vector<std::pair<float, int>, std::allocator<std::pair<float, int> > >::emplace_back<std::pair<float, int> >(std::pair<float, int>&&)
111 19205165
114 16461570
117 24094062
119 16062702
123 864201
125 8230779
127 8230779
fn=std::thread& std::vector<std::thread, std::allocator<std::thread> >::emplace_back<TunableHNSW::HNSW<TunableHNSW::HNSWConfig<128, true, (TunableHNSW::SearchStrategy)0, (TunableHNSW::QuantizationStrategy)0, (TunableHNSW::IndexStrategy)0, 32ul, 64ul, 300ul, 100ul, 16, 100, 0, 0ul, 0, 0, 0ul, false> >::BuildGraphConcurrently_()::{lambda(int)#1}&, unsigned int&>(TunableHNSW::HNSW<TunableHNSW::HNSWConfig<128, true, (TunableHNSW::SearchStrategy)0, (TunableHNSW::QuantizationStrategy)0, (TunableHNSW::IndexStrategy)0, 32ul, 64ul, 300ul, 100ul, 16, 100, 0, 0ul, 0, 0, 0ul, false> >::BuildGraphConcurrently_()::{lambda(int)#1}&, unsigned int&)
111 162
114 108
117 252
119 108
125 54
127 90
fn=std::vector<TunableHNSW::HNSW<TunableHNSW::HNSWConfig<128, true, (TunableHNSW::SearchStrategy)0, (TunableHNSW::QuantizationStrategy)0, (TunableHNSW::IndexStrategy)0, 32ul, 64ul, 300ul, 100ul, 16, 100, 0, 0ul, 0, 0, 0ul, false> >::Node, std::allocator<TunableHNSW::HNSW<TunableHNSW::HNSWConfig<128, true, (TunableHNSW::SearchStrategy)0, (TunableHNSW::QuantizationStrategy)0, (TunableHNSW::IndexStrategy)0, 32ul, 64ul, 300ul, 100ul, 16, 100, 0, 0ul, 0, 0, 0ul, false> >::Node> >::_M_default_append(unsigned long)
634 7
637 2
639 4
640 3
641 5
643 13
646 3
658 3
659 3
662 7
663 6
668 9
669 4
676 5
677 4
703 5
704 4
705 3
706 9
707 7
710 5
fn=std::vector<int, std::allocator<int> >::_M_default_append(unsigned long)
634 70000
637 20000
639 40000
640 30000
641 50000
643 130000
646 30000
658 30000
659 30000
662 70000
663 60000
668 80000
669 40000
676 50000
677 40000
703 50000
704 40000
705 30000
706 80000
707 60000
710 50000
fn=std::vector<int, std::allocator<int> >::_M_fill_insert(__gnu_cxx::__normal_iterator<int*, std::vector<int, std::allocator<int> > >, unsigned long, int const&)
529 130000
532 20000
534 40000
535 50000
580 30000
581 30000
582 50000
585 70000
586 40000
587 60000
588 20000
592 80000
594 40000
595 10000
599 100000
601 30000
605 100000
619 80000
621 50000
622 40000
623 30000
624 30000
625 60000
628 100000
fn=std::vector<std::pair<float, int>, std::allocator<std::pair<float, int> > >::reserve(unsigned long)
67 20856
70 24332
72 24332
74 13904
79 20856
80 24332
81 13904
93 27808
94 6952
95 17380
96 10428
97 20856
98 24332
100 10428
fn=std::vector<std::thread, std::allocator<std::thread> >::reserve(unsigned long)
67 6
70 7
72 7
74 4
79 6
80 7
81 4
93 8
94 2
95 5
96 3
97 6
98 7
100 3
fn=std::vector<unsigned short, std::allocator<unsigned short> >::_M_fill_insert(__gnu_cxx::__normal_iterator<unsigned short*, std::vector<unsigned short, std::allocator<unsigned short> > >, unsigned long, unsigned short const&)
529 234
532 36
534 72
535 90
580 54
581 54
582 90
585 126
586 72
587 108
588 36
592 144
594 72
595 18
599 180
601 54
605 180
619 144
621 90
622 72
623 54
624 54
625 108
628 180
fn=void std::vector<float, std::allocator<float> >::_M_assign_aux<__gnu_cxx::__normal_iterator<float const*, std::vector<float, std::allocator<float> > > >(__gnu_cxx::__normal_iterator<float const*, std::vector<float, std::allocator<float> > >, __gnu_cxx::__normal_iterator<float const*, std::vector<float, std::allocator<float> > >, std::forward_iterator_tag)
315 14
319 1
321 7
323 8
324 7
325 7
326 3
328 8
329 2
330 5
331 3
332 7
333 4
350 7
fn=void std::vector<std::pair<float, int>, std::allocator<std::pair<float, int> > >::_M_realloc_insert<std::pair<float, int> >(__gnu_cxx::__normal_iterator<std::pair<float, int>*, std::vector<std::pair<float, int>, std::allocator<std::pair<float, int> > > >, std::pair<float, int>&&)
445 731247
455 398862
456 199431
457 199431
458 664770
459 398862
460 132954
468 598293
469 132954
475 66477
480 664769
481 265908
483 66476
485 664760
486 265904
519 332380
520 265904
521 199428
522 199428
523 398856
524 465332
fl=/usr/include/c++/13/charconv
fn=bool std::__detail::__from_chars_alnum<true, unsigned short>(char const*&, char const*, unsigned short&, int)
527 8
532 5
533 1
534 23
536 21
537 9
538 2
540 4
541 4
543 18
553 2
fn=unsigned char std::__detail::__from_chars_alnum_to_val<false>(unsigned char)
458 5
463 4
464 2
fn=unsigned char std::__detail::__from_chars_alnum_to_val<true>(unsigned char)
458 15
461 6
464 6
fl=/usr/include/c++/13/cmath
fn=std::log(long double)
327 180000
fl=/usr/include/c++/13/compare
fn=auto std::__detail::_Synth3way::operator()<float, float>(float const&, float const&) const
1214 184628952
1223 575801790
1233 61542982
fn=auto std::__detail::_Synth3way::operator()<int, int>(int const&, int const&) const
1214 53940
1223 125860
1233 17980
fn=auto std::__detail::_Synth3way::operator()<std::pair<float, int>*, std::pair<float, int>*>(std::pair<float, int>* const&, std::pair<float, int>* const&) const
1214 3443496
1223 8034824
1233 1147832
fn=std::operator<(std::partial_ordering, std::__cmp_cat::__unspec)
98 82232096
99 102790120
fn=std::operator<(std::strong_ordering, std::__cmp_cat::__unspec)
292 2295668
293 2295668
fn=std::operator<=(std::strong_ordering, std::__cmp_cat::__unspec)
302 12
303 15
fn=std::operator==(std::partial_ordering, std::__cmp_cat::__unspec)
89 123085960
90 153857450
fn=std::operator==(std::strong_ordering, std::__cmp_cat::__unspec)
283 4
284 5
fn=std::operator>(std::partial_ordering, std::__cmp_cat::__unspec)
103 40853856
104 51067320
fn=std::partial_ordering::partial_ordering(std::__cmp_cat::_Ord)
67 53940
68 26970
69 26970
fn=std::strong_ordering::operator std::partial_ordering() const
273 71920
274 107880
fl=/usr/include/c++/13/ext/alloc_traits.h
fn=std::vector<float, std::allocator<float> >::vector(std::vector<float, std::allocator<float> > const&)
98 100
fn=std::vector<int, std::allocator<int> >::vector(std::vector<int, std::allocator<int> > const&)
98 100
fn=std::vector<unsigned long, std::allocator<unsigned long> >::vector(std::vector<unsigned long, std::allocator<unsigned long> > const&)
98 100
fl=/usr/include/c++/13/format
fn=auto std::__format::_Formatting_scanner<std::__format::_Sink_iter<char>, char>::_M_format_arg(unsigned long)::{lambda(auto:1&)#1}::operator()<std::basic_string_view<char, std::char_traits<char> > >(std::basic_string_view<char, std::char_traits<char> >&) const
1991 6
3648 17
3657 2
3658 10
3659 15
fn=auto std::__format::__pack_arg_types<5, 1ul>(std::array<std::__format::_Arg_t, 1ul> const&)
3232 9
3234 1
3235 35
3236 10
3237 1
3238 6
fn=decltype(auto) std::basic_format_arg<std::basic_format_context<std::__format::_Sink_iter<char>, char> >::_M_visit<std::__format::_Formatting_scanner<std::__format::_Sink_iter<char>, char>::_M_format_arg(unsigned long)::{lambda(auto:1&)#1}>(std::__format::_Formatting_scanner<std::__format::_Sink_iter<char>, char>::_M_format_arg(unsigned long)::{lambda(auto:1&)#1}&&, std::__format::_Arg_t)
3124 8
3127 9
3161 9
3185 2
fn=decltype(auto) std::visit_format_arg<std::__format::_Formatting_scanner<std::__format::_Sink_iter<char>, char>::_M_format_arg(unsigned long)::{lambda(auto:1&)#1}, std::basic_format_context<std::__format::_Sink_iter<char>, char> >(std::__format::_Formatting_scanner<std::__format::_Sink_iter<char>, char>::_M_format_arg(unsigned long)::{lambda(auto:1&)#1}&&, std::basic_format_arg<std::basic_format_context<std::__format::_Sink_iter<char>, char> >)
3190 6
3192 10
3193 3
fn=std::__cxx11::basic_string<char, std::char_traits<char>, std::allocator<char> > std::format<std::basic_string_view<char, std::char_traits<char> >&>(std::basic_format_string<char, std::type_identity<std::basic_string_view<char, std::char_traits<char> >&>::type>, std::basic_string_view<char, std::char_traits<char> >&)
123 2
3366 5
3367 1
3416 8
3821 18
3822 28
fn=std::__format::_Arg_value<std::basic_format_context<std::__format::_Sink_iter<char>, char> > std::__format::_Arg_store<std::basic_format_context<std::__format::_Sink_iter<char>, char>, std::basic_string_view<char, std::char_traits<char> > >::_S_make_elt<std::basic_string_view<char, std::char_traits<char> > >(std::basic_string_view<char, std::char_traits<char> >&)
3353 8
3355 5
3357 6
3360 5
fn=std::__format::_Formatting_scanner<std::__format::_Sink_iter<char>, char>::_Formatting_scanner(std::basic_format_context<std::__format::_Sink_iter<char>, char>&, std::basic_string_view<char, std::char_traits<char> >)
3625 8
3627 12
3628 3
fn=std::__format::_Formatting_scanner<std::__format::_Sink_iter<char>, char>::_M_format_arg(unsigned long)
3643 9
3648 21
3663 2
3664 6
fn=std::__format::_Formatting_scanner<std::__format::_Sink_iter<char>, char>::_M_on_chars(char const*)
3636 10
3638 9
3639 16
3640 7
fn=std::__format::_Optional_locale::~_Optional_locale()
725 12
fn=std::__format::_Scanner<char>::_M_fmt_str() const
3581 27
3582 60
fn=std::__format::_Scanner<char>::_M_on_replacement_field()
3586 9
3588 4
3591 4
3593 4
3595 5
3596 8
3611 9
3612 18
3614 9
3615 7
fn=std::__format::_Scanner<char>::_M_scan()
3518 9
3520 5
3522 8
3529 6
3530 6
3532 15
3534 8
3535 5
3541 5
3543 7
3544 5
3546 10
3547 8
3548 8
3549 7
3550 5
3551 2
3559 3
3560 5
3561 6
3562 7
3578 6
fn=std::__format::_Scanner<char>::_Scanner(std::basic_string_view<char, std::char_traits<char> >, unsigned long)
3510 11
3511 11
3512 3
fn=std::__format::_Scanner<char>::begin() const
3514 99
fn=std::__format::_Scanner<char>::end() const
3515 44
fn=std::__format::_Seq_sink<std::__cxx11::basic_string<char, std::char_traits<char>, std::allocator<char> > >::_M_overflow()
2424 17
2436 7
2509 10
2511 4
2512 5
2515 13
2518 2
2519 8
fn=std::__format::_Seq_sink<std::__cxx11::basic_string<char, std::char_traits<char>, std::allocator<char> > >::get() &&
2424 17
2536 10
2538 11
2539 3
2540 9
2541 7
fn=std::__format::_Seq_sink<std::__cxx11::basic_string<char, std::char_traits<char>, std::allocator<char> > >::~_Seq_sink()
2501 15
fn=std::__format::_Sink<char>::_M_write(std::basic_string_view<char, std::char_traits<char> >)
2430 54
2456 51
2458 6
2459 36
2467 21
2469 39
2470 27
2472 21
fn=std::__format::_Sink_iter<char> std::__format::__do_vformat_to<std::__format::_Sink_iter<char>, char, std::basic_format_context<std::__format::_Sink_iter<char>, char> >(std::__format::_Sink_iter<char>, std::basic_string_view<char, std::char_traits<char> >, std::basic_format_args<std::basic_format_context<std::__format::_Sink_iter<char>, char> > const&, std::locale const*)
2417 13
2418 1
2494 15
2495 1
2587 12
2588 1
3714 16
3718 6
3719 1
3722 2
3726 8
3727 2
3729 7
3730 3
3733 6
3736 9
fn=std::__format::_Sink_iter<char> std::__format::__formatter_str<char>::format<std::__format::_Sink_iter<char> >(std::basic_string_view<char, std::char_traits<char> >, std::basic_format_context<std::__format::_Sink_iter<char>, char>&) const
819 11
827 5
831 4
833 5
843 9
844 2
845 2
fn=std::__format::_Sink_iter<char> std::__format::__write<std::__format::_Sink_iter<char>, char>(std::__format::_Sink_iter<char>, std::basic_string_view<char, std::char_traits<char> >)
594 42
598 33
604 3
605 15
2379 18
2380 3
fn=std::__format::_Sink_iter<char> std::__format::__write_padded<std::__format::_Sink_iter<char>, char>(std::__format::_Sink_iter<char>, std::basic_string_view<char, std::char_traits<char> >, std::__format::_Align, unsigned long, char)
611 17
614 1
616 1
617 6
619 2
632 2
638 2
646 1
647 2
648 2
650 2
651 8
654 6
656 6
657 10
658 6
660 1
661 5
fn=std::__format::_Sink_iter<char> std::__format::__write_padded_as_spec<char, std::__format::_Sink_iter<char> >(std::basic_string_view<std::type_identity<char>::type, std::char_traits<std::type_identity<char>::type> >, unsigned long, std::basic_format_context<std::__format::_Sink_iter<char>, char>&, std::__format::_Spec<char> const&, std::__format::_Align)
667 16
673 6
675 3
678 3
680 5
681 5
683 14
684 3
685 3
fn=std::__format::_Spec<char>::_M_parse_fill_and_align(char const*, char const*)
391 7
393 4
397 4
399 9
407 8
409 2
410 9
411 3
415 2
fn=std::__format::_Spec<char>::_M_parse_width(char const*, char const*, std::basic_format_parse_context<char>&)
504 11
507 1
508 4
511 12
513 3
514 13
515 1
516 5
fn=std::__format::_Spec<char>::_S_align(char)
378 10
380 17
382 2
385 1
387 4
fn=std::__format::_Spec<char>::_S_parse_width_or_precision(char const*, char const*, unsigned short&, bool&, std::basic_format_parse_context<char>&)
467 12
471 7
473 17
474 4
477 3
478 5
499 1
500 5
fn=std::__format::__formatter_str<char>::parse(std::basic_format_parse_context<char>&)
767 9
769 4
770 4
771 2
773 4
777 6
786 5
789 7
790 5
793 7
794 5
795 2
815 5
fn=std::__format::__formatter_str<char>::parse(std::basic_format_parse_context<char>&)::{lambda()#1}::operator()() const
773 7
774 8
fn=std::__format::__formatter_str<char>::parse(std::basic_format_parse_context<char>&)::{lambda()#2}::operator()() const
777 21
778 42
780 4
781 2
783 2
fn=std::__format::__is_digit(char)
355 14
fn=std::__format::__write_padded<std::__format::_Sink_iter<char>, char>(std::__format::_Sink_iter<char>, std::basic_string_view<char, std::char_traits<char> >, std::__format::_Align, unsigned long, char)::{lambda(unsigned long, std::__format::_Sink_iter<char>&)#1}::operator()(unsigned long, std::__format::_Sink_iter<char>&) const
619 32
620 4
621 1
622 9
627 2
628 24
fn=std::basic_format_arg<std::basic_format_context<std::__format::_Sink_iter<char>, char> >::basic_format_arg<std::basic_string_view<char, std::char_traits<char> > >(std::basic_string_view<char, std::char_traits<char> >&)
2762 1
3102 10
3103 2
3106 18
3112 7
fn=std::basic_format_args<std::basic_format_context<std::__format::_Sink_iter<char>, char> >::_M_type(unsigned long) const
3278 5
3280 12
3281 2
3282 2
fn=std::basic_format_args<std::basic_format_context<std::__format::_Sink_iter<char>, char> >::basic_format_args<std::basic_string_view<char, std::char_traits<char> > >(std::__format::_Arg_store<std::basic_format_context<std::__format::_Sink_iter<char>, char>, std::basic_string_view<char, std::char_traits<char> > > const&)
3377 9
3389 5
3392 13
3394 3
3405 6
fn=std::basic_format_context<std::__format::_Sink_iter<char>, char>::advance_to(std::__format::_Sink_iter<char>)
3490 30
fn=std::basic_format_context<std::__format::_Sink_iter<char>, char>::arg(unsigned long) const
2762 1
2910 5
3305 6
3307 7
3308 10
3312 2
3481 7
3482 8
fn=std::basic_format_context<std::__format::_Sink_iter<char>, char>::basic_format_context(std::basic_format_args<std::basic_format_context<std::__format::_Sink_iter<char>, char> >, std::__format::_Sink_iter<char>)
691 5
3454 11
3456 14
3457 3
fn=std::basic_format_context<std::__format::_Sink_iter<char>, char>::iterator std::formatter<std::basic_string_view<char, std::char_traits<char> >, char>::format<std::__format::_Sink_iter<char> >(std::basic_string_view<char, std::char_traits<char> >, std::basic_format_context<std::__format::_Sink_iter<char>, char>&) const
1995 11
1997 8
fn=std::basic_format_context<std::__format::_Sink_iter<char>, char>::out()
3488 36
fn=std::basic_format_context<std::__format::_Sink_iter<char>, char>::~basic_format_context()
3472 12
fn=std::basic_format_parse_context<char>::advance_to(char const*)
218 20
219 24
fn=std::basic_format_parse_context<char>::basic_format_parse_context(std::basic_string_view<char, std::char_traits<char> >, unsigned long)
206 11
208 17
209 3
fn=std::basic_format_parse_context<char>::begin() const
214 80
fn=std::basic_format_parse_context<char>::end() const
215 40
fn=std::basic_format_parse_context<char>::next_arg_id()
222 5
224 4
226 2
230 3
233 5
234 2
fn=std::pair<unsigned short, char const*> std::__format::__parse_integer<char>(char const*, char const*)
269 10
271 2
276 2
277 1
279 8
280 7
281 9
294 12
fn=std::vformat[abi:cxx11](std::basic_string_view<char, std::char_traits<char> >, std::basic_format_args<std::basic_format_context<std::__format::_Sink_iter<char>, char> >)
2365 5
2417 13
2418 1
2481 10
2494 15
2495 1
2527 11
3760 11
3785 19
3788 10
3789 10
fn=unsigned long std::__format::_Spec<char>::_M_get_width<std::basic_format_context<std::__format::_Sink_iter<char>, char> >(std::basic_format_context<std::__format::_Sink_iter<char>, char>&) const
552 9
554 1
555 5
556 5
559 1
560 5
fn=void std::basic_format_arg<std::basic_format_context<std::__format::_Sink_iter<char>, char> >::_M_set<std::basic_string_view<char, std::char_traits<char> > >(std::basic_string_view<char, std::char_traits<char> >)
2803 1
2841 4
2842 1
3093 14
3095 2
3096 8
3097 6
fl=/usr/include/c++/13/new
fn=operator new(unsigned long, void*)
175 54469640
fl=/usr/include/c++/13/optional
fn=std::_Optional_base<decltype(nullptr), true, true>::_Optional_base()
645 22
fn=std::_Optional_base<std::pmr::monotonic_buffer_resource, false, false>::_Optional_base()
516 11
fn=std::_Optional_payload<decltype(nullptr), true, true, true>::_Optional_payload()
343 22
fn=std::_Optional_payload<std::pmr::monotonic_buffer_resource, false, false, false>::_Optional_payload()
434 11
fn=std::_Optional_payload<std::pmr::monotonic_buffer_resource, true, false, false>::_Optional_payload()
401 11
fn=std::_Optional_payload_base<decltype(nullptr)>::_Optional_payload_base()
120 26
fn=std::_Optional_payload_base<decltype(nullptr)>::_Storage<decltype(nullptr), true>::_Storage()
209 14
fn=std::_Optional_payload_base<std::pmr::monotonic_buffer_resource>::_Optional_payload_base()
120 13
fn=std::_Optional_payload_base<std::pmr::monotonic_buffer_resource>::_Storage<std::pmr::monotonic_buffer_resource, false>::_Storage()
239 7
fn=std::optional<decltype(nullptr)>::optional()
739 22
fn=std::optional<std::pmr::monotonic_buffer_resource>::optional()
739 11
fl=/usr/include/c++/13/span
fn=std::__detail::__extent_storage<18446744073709551615ul>::_M_extent() const
95 36
96 36
fn=std::__detail::__extent_storage<18446744073709551615ul>::__extent_storage(unsigned long)
90 35
91 21
92 21
fn=std::span<char, 18446744073709551615ul>::begin() const
301 64
302 88
fn=std::span<char, 18446744073709551615ul>::data() const
294 36
295 36
fn=std::span<char, 18446744073709551615ul>::empty() const
263 5
264 7
fn=std::span<char, 18446744073709551615ul>::first(unsigned long) const
358 18
360 10
361 22
362 10
fn=std::span<char, 18446744073709551615ul>::size() const
253 45
254 54
fn=std::span<char, 18446744073709551615ul>::span<256ul>(char (&) [256ul])
189 12
190 12
191 6
fn=std::span<char, 18446744073709551615ul>::span<char*>(char*, unsigned long)
159 49
161 77
168 21
fn=std::span<char, 18446744073709551615ul>::subspan(unsigned long, unsigned long) const
420 33
423 15
424 6
425 18
431 36
432 18
fl=/usr/include/c++/13/string_view
fn=std::__sv_check(unsigned long, unsigned long, char const*)
71 28
72 12
75 4
76 8
fn=std::basic_ostream<char, std::char_traits<char> >& std::operator<< <char, std::char_traits<char> >(std::basic_ostream<char, std::char_traits<char> >&, std::basic_string_view<char, std::char_traits<char> >)
761 48
763 64
fn=std::basic_string_view<char, std::char_traits<char> >::basic_string_view(char const*)
140 6
141 5
142 3
143 3
fn=std::basic_string_view<char, std::char_traits<char> >::basic_string_view(char const*, unsigned long)
146 18
147 18
148 9
fn=std::basic_string_view<char, std::char_traits<char> >::basic_string_view<char const*, char const*>(char const*, char const*)
155 28
157 40
158 12
fn=std::basic_string_view<char, std::char_traits<char> >::begin() const
187 4
188 4
fn=std::basic_string_view<char, std::char_traits<char> >::copy(char*, unsigned long, unsigned long) const
321 33
324 30
325 33
328 30
329 3
330 15
fn=std::basic_string_view<char, std::char_traits<char> >::data() const
289 48
290 48
fn=std::basic_string_view<char, std::char_traits<char> >::end() const
192 4
193 7
fn=std::basic_string_view<char, std::char_traits<char> >::operator[](unsigned long) const
254 6
256 5
257 4
258 2
fn=std::basic_string_view<char, std::char_traits<char> >::remove_suffix(unsigned long)
303 6
305 5
306 6
307 3
fn=std::basic_string_view<char, std::char_traits<char> >::size() const
229 136
230 136
fn=std::basic_string_view<char, std::char_traits<char> >::substr(unsigned long, unsigned long) const
334 10
336 10
337 11
338 11
339 5
fl=/usr/include/c++/13/tuple
fn=TunableHNSW::HNSW<TunableHNSW::HNSWConfig<128, true, (TunableHNSW::SearchStrategy)0, (TunableHNSW::QuantizationStrategy)0, (TunableHNSW::IndexStrategy)0, 32ul, 64ul, 300ul, 100ul, 16, 100, 0, 0ul, 0, 0, 0ul, false> >* const& std::__get_helper<0ul, TunableHNSW::HNSW<TunableHNSW::HNSWConfig<128, true, (TunableHNSW::SearchStrategy)0, (TunableHNSW::QuantizationStrategy)0, (TunableHNSW::IndexStrategy)0, 32ul, 64ul, 300ul, 100ul, 16, 100, 0, 0ul, 0, 0, 0ul, false> >*, std::default_delete<TunableHNSW::HNSW<TunableHNSW::HNSWConfig<128, true, (TunableHNSW::SearchStrategy)0, (TunableHNSW::QuantizationStrategy)0, (TunableHNSW::IndexStrategy)0, 32ul, 64ul, 300ul, 100ul, 16, 100, 0, 0ul, 0, 0, 0ul, false> > > >(std::_Tuple_impl<0ul, TunableHNSW::HNSW<TunableHNSW::HNSWConfig<128, true, (TunableHNSW::SearchStrategy)0, (TunableHNSW::QuantizationStrategy)0, (TunableHNSW::IndexStrategy)0, 32ul, 64ul, 300ul, 100ul, 16, 100, 0, 0ul, 0, 0, 0ul, false> >*, std::default_delete<TunableHNSW::HNSW<TunableHNSW::HNSWConfig<128, true, (TunableHNSW::SearchStrategy)0, (TunableHNSW::QuantizationStrategy)0, (TunableHNSW::IndexStrategy)0, 32ul, 64ul, 300ul, 100ul, 16, 100, 0, 0ul, 0, 0, 0ul, false> > > > const&)
1792 5
1793 5
fn=TunableHNSW::HNSW<TunableHNSW::HNSWConfig<128, true, (TunableHNSW::SearchStrategy)0, (TunableHNSW::QuantizationStrategy)0, (TunableHNSW::IndexStrategy)0, 32ul, 64ul, 300ul, 100ul, 16, 100, 0, 0ul, 0, 0, 0ul, false> >*& std::__get_helper<0ul, TunableHNSW::HNSW<TunableHNSW::HNSWConfig<128, true, (TunableHNSW::SearchStrategy)0, (TunableHNSW::QuantizationStrategy)0, (TunableHNSW::IndexStrategy)0, 32ul, 64ul, 300ul, 100ul, 16, 100, 0, 0ul, 0, 0, 0ul, false> >*, std::default_delete<TunableHNSW::HNSW<TunableHNSW::HNSWConfig<128, true, (TunableHNSW::SearchStrategy)0, (TunableHNSW::QuantizationStrategy)0, (TunableHNSW::IndexStrategy)0, 32ul, 64ul, 300ul, 100ul, 16, 100, 0, 0ul, 0, 0, 0ul, false> > > >(std::_Tuple_impl<0ul, TunableHNSW::HNSW<TunableHNSW::HNSWConfig<128, true, (TunableHNSW::SearchStrategy)0, (TunableHNSW::QuantizationStrategy)0, (TunableHNSW::IndexStrategy)0, 32ul, 64ul, 300ul, 100ul, 16, 100, 0, 0ul, 0, 0, 0ul, false> >*, std::default_delete<TunableHNSW::HNSW<TunableHNSW::HNSWConfig<128, true, (TunableHNSW::SearchStrategy)0, (TunableHNSW::QuantizationStrategy)0, (TunableHNSW::IndexStrategy)0, 32ul, 64ul, 300ul, 100ul, 16, 100, 0, 0ul, 0, 0, 0ul, false> > > >&)
1787 5
1788 5
fn=TunableHNSW::HNSW<TunableHNSW::HNSWConfig<128, true, (TunableHNSW::SearchStrategy)0, (TunableHNSW::QuantizationStrategy)0, (TunableHNSW::IndexStrategy)0, 32ul, 64ul, 300ul, 100ul, 16, 100, 0, 0ul, 0, 0, 0ul, false> >::BuildGraphConcurrently_()::{lambda(int)#1}& std::__get_helper<0ul, TunableHNSW::HNSW<TunableHNSW::HNSWConfig<128, true, (TunableHNSW::SearchStrategy)0, (TunableHNSW::QuantizationStrategy)0, (TunableHNSW::IndexStrategy)0, 32ul, 64ul, 300ul, 100ul, 16, 100, 0, 0ul, 0, 0, 0ul, false> >::BuildGraphConcurrently_()::{lambda(int)#1}, unsigned int>(std::_Tuple_impl<0ul, TunableHNSW::HNSW<TunableHNSW::HNSWConfig<128, true, (TunableHNSW::SearchStrategy)0, (TunableHNSW::QuantizationStrategy)0, (TunableHNSW::IndexStrategy)0, 32ul, 64ul, 300ul, 100ul, 16, 100, 0, 0ul, 0, 0, 0ul, false> >::BuildGraphConcurrently_()::{lambda(int)#1}, unsigned int>&)
1787 90
1788 90
fn=std::_Head_base<0ul, TunableHNSW::HNSW<TunableHNSW::HNSWConfig<128, true, (TunableHNSW::SearchStrategy)0, (TunableHNSW::QuantizationStrategy)0, (TunableHNSW::IndexStrategy)0, 32ul, 64ul, 300ul, 100ul, 16, 100, 0, 0ul, 0, 0, 0ul, false> >*, false>::_Head_base()
190 4
191 5
fn=std::_Head_base<0ul, TunableHNSW::HNSW<TunableHNSW::HNSWConfig<128, true, (TunableHNSW::SearchStrategy)0, (TunableHNSW::QuantizationStrategy)0, (TunableHNSW::IndexStrategy)0, 32ul, 64ul, 300ul, 100ul, 16, 100, 0, 0ul, 0, 0, 0ul, false> >*, false>::_M_head(std::_Head_base<0ul, TunableHNSW::HNSW<TunableHNSW::HNSWConfig<128, true, (TunableHNSW::SearchStrategy)0, (TunableHNSW::QuantizationStrategy)0, (TunableHNSW::IndexStrategy)0, 32ul, 64ul, 300ul, 100ul, 16, 100, 0, 0ul, 0, 0, 0ul, false> >*, false> const&)
237 7
fn=std::_Head_base<0ul, TunableHNSW::HNSW<TunableHNSW::HNSWConfig<128, true, (TunableHNSW::SearchStrategy)0, (TunableHNSW::QuantizationStrategy)0, (TunableHNSW::IndexStrategy)0, 32ul, 64ul, 300ul, 100ul, 16, 100, 0, 0ul, 0, 0, 0ul, false> >*, false>::_M_head(std::_Head_base<0ul, TunableHNSW::HNSW<TunableHNSW::HNSWConfig<128, true, (TunableHNSW::SearchStrategy)0, (TunableHNSW::QuantizationStrategy)0, (TunableHNSW::IndexStrategy)0, 32ul, 64ul, 300ul, 100ul, 16, 100, 0, 0ul, 0, 0, 0ul, false> >*, false>&)
234 7
fn=std::_Head_base<0ul, TunableHNSW::HNSW<TunableHNSW::HNSWConfig<128, true, (TunableHNSW::SearchStrategy)0, (TunableHNSW::QuantizationStrategy)0, (TunableHNSW::IndexStrategy)0, 32ul, 64ul, 300ul, 100ul, 16, 100, 0, 0ul, 0, 0, 0ul, false> >::BuildGraphConcurrently_()::{lambda(int)#1}, false>::_Head_base<TunableHNSW::HNSW<TunableHNSW::HNSWConfig<128, true, (TunableHNSW::SearchStrategy)0, (TunableHNSW::QuantizationStrategy)0, (TunableHNSW::IndexStrategy)0, 32ul, 64ul, 300ul, 100ul, 16, 100, 0, 0ul, 0, 0, 0ul, false> >::BuildGraphConcurrently_()::{lambda(int)#1}&>(TunableHNSW::HNSW<TunableHNSW::HNSWConfig<128, true, (TunableHNSW::SearchStrategy)0, (TunableHNSW::QuantizationStrategy)0, (TunableHNSW::IndexStrategy)0, 32ul, 64ul, 300ul, 100ul, 16, 100, 0, 0ul, 0, 0, 0ul, false> >::BuildGraphConcurrently_()::{lambda(int)#1}&)
200 108
201 198
fn=std::_Head_base<0ul, TunableHNSW::HNSW<TunableHNSW::HNSWConfig<128, true, (TunableHNSW::SearchStrategy)0, (TunableHNSW::QuantizationStrategy)0, (TunableHNSW::IndexStrategy)0, 32ul, 64ul, 300ul, 100ul, 16, 100, 0, 0ul, 0, 0, 0ul, false> >::BuildGraphConcurrently_()::{lambda(int)#1}, false>::_M_head(std::_Head_base<0ul, TunableHNSW::HNSW<TunableHNSW::HNSWConfig<128, true, (TunableHNSW::SearchStrategy)0, (TunableHNSW::QuantizationStrategy)0, (TunableHNSW::IndexStrategy)0, 32ul, 64ul, 300ul, 100ul, 16, 100, 0, 0ul, 0, 0, 0ul, false> >::BuildGraphConcurrently_()::{lambda(int)#1}, false>&)
234 126
fn=std::_Head_base<0ul, std::mutex*, false>::_Head_base()
190 80000
191 100000
fn=std::_Head_base<0ul, std::mutex*, false>::_M_head(std::_Head_base<0ul, std::mutex*, false> const&)
237 210574
fn=std::_Head_base<0ul, std::mutex*, false>::_M_head(std::_Head_base<0ul, std::mutex*, false>&)
234 420000
fn=std::_Head_base<0ul, std::thread::_State*, false>::_Head_base()
190 72
191 90
fn=std::_Head_base<0ul, std::thread::_State*, false>::_M_head(std::_Head_base<0ul, std::thread::_State*, false>&)
234 252
fn=std::_Head_base<1ul, std::default_delete<TunableHNSW::HNSW<TunableHNSW::HNSWConfig<128, true, (TunableHNSW::SearchStrategy)0, (TunableHNSW::QuantizationStrategy)0, (TunableHNSW::IndexStrategy)0, 32ul, 64ul, 300ul, 100ul, 16, 100, 0, 0ul, 0, 0, 0ul, false> > >, true>::_Head_base()
81 4
82 3
fn=std::_Head_base<1ul, std::default_delete<std::mutex>, true>::_Head_base()
81 80000
82 60000
fn=std::_Head_base<1ul, std::default_delete<std::mutex>, true>::_M_head(std::_Head_base<1ul, std::default_delete<std::mutex>, true>&)
125 140000
fn=std::_Head_base<1ul, std::default_delete<std::thread::_State>, true>::_Head_base()
81 72
82 54
fn=std::_Head_base<1ul, unsigned int, false>::_Head_base<unsigned int&>(unsigned int&)
200 108
201 162
fn=std::_Head_base<1ul, unsigned int, false>::_M_head(std::_Head_base<1ul, unsigned int, false>&)
234 126
fn=std::_Tuple_impl<0ul, TunableHNSW::HNSW<TunableHNSW::HNSWConfig<128, true, (TunableHNSW::SearchStrategy)0, (TunableHNSW::QuantizationStrategy)0, (TunableHNSW::IndexStrategy)0, 32ul, 64ul, 300ul, 100ul, 16, 100, 0, 0ul, 0, 0, 0ul, false> >*, std::default_delete<TunableHNSW::HNSW<TunableHNSW::HNSWConfig<128, true, (TunableHNSW::SearchStrategy)0, (TunableHNSW::QuantizationStrategy)0, (TunableHNSW::IndexStrategy)0, 32ul, 64ul, 300ul, 100ul, 16, 100, 0, 0ul, 0, 0, 0ul, false> > > >::_M_head(std::_Tuple_impl<0ul, TunableHNSW::HNSW<TunableHNSW::HNSWConfig<128, true, (TunableHNSW::SearchStrategy)0, (TunableHNSW::QuantizationStrategy)0, (TunableHNSW::IndexStrategy)0, 32ul, 64ul, 300ul, 100ul, 16, 100, 0, 0ul, 0, 0, 0ul, false> >*, std::default_delete<TunableHNSW::HNSW<TunableHNSW::HNSWConfig<128, true, (TunableHNSW::SearchStrategy)0, (TunableHNSW::QuantizationStrategy)0, (TunableHNSW::IndexStrategy)0, 32ul, 64ul, 300ul, 100ul, 16, 100, 0, 0ul, 0, 0, 0ul, false> > > > const&)
272 10
fn=std::_Tuple_impl<0ul, TunableHNSW::HNSW<TunableHNSW::HNSWConfig<128, true, (TunableHNSW::SearchStrategy)0, (TunableHNSW::QuantizationStrategy)0, (TunableHNSW::IndexStrategy)0, 32ul, 64ul, 300ul, 100ul, 16, 100, 0, 0ul, 0, 0, 0ul, false> >*, std::default_delete<TunableHNSW::HNSW<TunableHNSW::HNSWConfig<128, true, (TunableHNSW::SearchStrategy)0, (TunableHNSW::QuantizationStrategy)0, (TunableHNSW::IndexStrategy)0, 32ul, 64ul, 300ul, 100ul, 16, 100, 0, 0ul, 0, 0, 0ul, false> > > >::_M_head(std::_Tuple_impl<0ul, TunableHNSW::HNSW<TunableHNSW::HNSWConfig<128, true, (TunableHNSW::SearchStrategy)0, (TunableHNSW::QuantizationStrategy)0, (TunableHNSW::IndexStrategy)0, 32ul, 64ul, 300ul, 100ul, 16, 100, 0, 0ul, 0, 0, 0ul, false> >*, std::default_delete<TunableHNSW::HNSW<TunableHNSW::HNSWConfig<128, true, (TunableHNSW::SearchStrategy)0, (TunableHNSW::QuantizationStrategy)0, (TunableHNSW::IndexStrategy)0, 32ul, 64ul, 300ul, 100ul, 16, 100, 0, 0ul, 0, 0, 0ul, false> > > >&)
269 10
fn=std::_Tuple_impl<0ul, TunableHNSW::HNSW<TunableHNSW::HNSWConfig<128, true, (TunableHNSW::SearchStrategy)0, (TunableHNSW::QuantizationStrategy)0, (TunableHNSW::IndexStrategy)0, 32ul, 64ul, 300ul, 100ul, 16, 100, 0, 0ul, 0, 0, 0ul, false> >*, std::default_delete<TunableHNSW::HNSW<TunableHNSW::HNSWConfig<128, true, (TunableHNSW::SearchStrategy)0, (TunableHNSW::QuantizationStrategy)0, (TunableHNSW::IndexStrategy)0, 32ul, 64ul, 300ul, 100ul, 16, 100, 0, 0ul, 0, 0, 0ul, false> > > >::_Tuple_impl()
280 5
281 9
fn=std::_Tuple_impl<0ul, TunableHNSW::HNSW<TunableHNSW::HNSWConfig<128, true, (TunableHNSW::SearchStrategy)0, (TunableHNSW::QuantizationStrategy)0, (TunableHNSW::IndexStrategy)0, 32ul, 64ul, 300ul, 100ul, 16, 100, 0, 0ul, 0, 0, 0ul, false> >::BuildGraphConcurrently_()::{lambda(int)#1}, unsigned int>::_M_head(std::_Tuple_impl<0ul, TunableHNSW::HNSW<TunableHNSW::HNSWConfig<128, true, (TunableHNSW::SearchStrategy)0, (TunableHNSW::QuantizationStrategy)0, (TunableHNSW::IndexStrategy)0, 32ul, 64ul, 300ul, 100ul, 16, 100, 0, 0ul, 0, 0, 0ul, false> >::BuildGraphConcurrently_()::{lambda(int)#1}, unsigned int>&)
269 198
fn=std::_Tuple_impl<0ul, TunableHNSW::HNSW<TunableHNSW::HNSWConfig<128, true, (TunableHNSW::SearchStrategy)0, (TunableHNSW::QuantizationStrategy)0, (TunableHNSW::IndexStrategy)0, 32ul, 64ul, 300ul, 100ul, 16, 100, 0, 0ul, 0, 0, 0ul, false> >::BuildGraphConcurrently_()::{lambda(int)#1}, unsigned int>::_Tuple_impl<TunableHNSW::HNSW<TunableHNSW::HNSWConfig<128, true, (TunableHNSW::SearchStrategy)0, (TunableHNSW::QuantizationStrategy)0, (TunableHNSW::IndexStrategy)0, 32ul, 64ul, 300ul, 100ul, 16, 100, 0, 0ul, 0, 0, 0ul, false> >::BuildGraphConcurrently_()::{lambda(int)#1}&, unsigned int&, void>(TunableHNSW::HNSW<TunableHNSW::HNSWConfig<128, true, (TunableHNSW::SearchStrategy)0, (TunableHNSW::QuantizationStrategy)0, (TunableHNSW::IndexStrategy)0, 32ul, 64ul, 300ul, 100ul, 16, 100, 0, 0ul, 0, 0, 0ul, false> >::BuildGraphConcurrently_()::{lambda(int)#1}&, unsigned int&)
291 144
293 270
294 72
fn=std::_Tuple_impl<0ul, std::mutex*, std::default_delete<std::mutex> >::_M_head(std::_Tuple_impl<0ul, std::mutex*, std::default_delete<std::mutex> > const&)
272 300820
fn=std::_Tuple_impl<0ul, std::mutex*, std::default_delete<std::mutex> >::_M_head(std::_Tuple_impl<0ul, std::mutex*, std::default_delete<std::mutex> >&)
269 600000
fn=std::_Tuple_impl<0ul, std::mutex*, std::default_delete<std::mutex> >::_Tuple_impl()
280 100000
281 180000
fn=std::_Tuple_impl<0ul, std::thread::_State*, std::default_delete<std::thread::_State> >::_M_head(std::_Tuple_impl<0ul, std::thread::_State*, std::default_delete<std::thread::_State> >&)
269 360
fn=std::_Tuple_impl<0ul, std::thread::_State*, std::default_delete<std::thread::_State> >::_Tuple_impl()
280 90
281 162
fn=std::_Tuple_impl<1ul, std::default_delete<TunableHNSW::HNSW<TunableHNSW::HNSWConfig<128, true, (TunableHNSW::SearchStrategy)0, (TunableHNSW::QuantizationStrategy)0, (TunableHNSW::IndexStrategy)0, 32ul, 64ul, 300ul, 100ul, 16, 100, 0, 0ul, 0, 0, 0ul, false> > > >::_Tuple_impl()
503 5
504 6
fn=std::_Tuple_impl<1ul, std::default_delete<std::mutex> >::_M_head(std::_Tuple_impl<1ul, std::default_delete<std::mutex> >&)
497 200000
fn=std::_Tuple_impl<1ul, std::default_delete<std::mutex> >::_Tuple_impl()
503 100000
504 120000
fn=std::_Tuple_impl<1ul, std::default_delete<std::thread::_State> >::_Tuple_impl()
503 90
504 108
fn=std::_Tuple_impl<1ul, unsigned int>::_M_head(std::_Tuple_impl<1ul, unsigned int>&)
497 180
fn=std::_Tuple_impl<1ul, unsigned int>::_Tuple_impl<unsigned int&>(unsigned int&)
513 126
514 126
515 72
fn=std::default_delete<std::mutex>& std::__get_helper<1ul, std::default_delete<std::mutex>>(std::_Tuple_impl<1ul, std::default_delete<std::mutex>>&)
1787 100000
1788 100000
fn=std::mutex* const& std::__get_helper<0ul, std::mutex*, std::default_delete<std::mutex> >(std::_Tuple_impl<0ul, std::mutex*, std::default_delete<std::mutex> > const&)
1792 150410
1793 150410
fn=std::mutex*& std::__get_helper<0ul, std::mutex*, std::default_delete<std::mutex> >(std::_Tuple_impl<0ul, std::mutex*, std::default_delete<std::mutex> >&)
1787 300000
1788 300000
fn=std::thread::_State*& std::__get_helper<0ul, std::thread::_State*, std::default_delete<std::thread::_State> >(std::_Tuple_impl<0ul, std::thread::_State*, std::default_delete<std::thread::_State> >&)
1787 180
1788 180
fn=std::tuple<TunableHNSW::HNSW<TunableHNSW::HNSWConfig<128, true, (TunableHNSW::SearchStrategy)0, (TunableHNSW::QuantizationStrategy)0, (TunableHNSW::IndexStrategy)0, 32ul, 64ul, 300ul, 100ul, 16, 100, 0, 0ul, 0, 0, 0ul, false> >*, std::default_delete<TunableHNSW::HNSW<TunableHNSW::HNSWConfig<128, true, (TunableHNSW::SearchStrategy)0, (TunableHNSW::QuantizationStrategy)0, (TunableHNSW::IndexStrategy)0, 32ul, 64ul, 300ul, 100ul, 16, 100, 0, 0ul, 0, 0, 0ul, false> > > >::tuple<true, true>()
1317 5
1319 6
fn=std::tuple<TunableHNSW::HNSW<TunableHNSW::HNSWConfig<128, true, (TunableHNSW::SearchStrategy)0, (TunableHNSW::QuantizationStrategy)0, (TunableHNSW::IndexStrategy)0, 32ul, 64ul, 300ul, 100ul, 16, 100, 0, 0ul, 0, 0, 0ul, false> >::BuildGraphConcurrently_()::{lambda(int)#1}, unsigned int>::tuple<TunableHNSW::HNSW<TunableHNSW::HNSWConfig<128, true, (TunableHNSW::SearchStrategy)0, (TunableHNSW::QuantizationStrategy)0, (TunableHNSW::IndexStrategy)0, 32ul, 64ul, 300ul, 100ul, 16, 100, 0, 0ul, 0, 0, 0ul, false> >::BuildGraphConcurrently_()::{lambda(int)#1}&, unsigned int&, true>(TunableHNSW::HNSW<TunableHNSW::HNSWConfig<128, true, (TunableHNSW::SearchStrategy)0, (TunableHNSW::QuantizationStrategy)0, (TunableHNSW::IndexStrategy)0, 32ul, 64ul, 300ul, 100ul, 16, 100, 0, 0ul, 0, 0, 0ul, false> >::BuildGraphConcurrently_()::{lambda(int)#1}&, unsigned int&)
1345 162
1347 324
fn=std::tuple<std::mutex*, std::default_delete<std::mutex> >::tuple<true, true>()
1317 100000
1319 120000
fn=std::tuple<std::thread::_State*, std::default_delete<std::thread::_State> >::tuple<true, true>()
1317 90
1319 108
fn=std::tuple_element<0ul, std::tuple<TunableHNSW::HNSW<TunableHNSW::HNSWConfig<128, true, (TunableHNSW::SearchStrategy)0, (TunableHNSW::QuantizationStrategy)0, (TunableHNSW::IndexStrategy)0, 32ul, 64ul, 300ul, 100ul, 16, 100, 0, 0ul, 0, 0, 0ul, false> >*, std::default_delete<TunableHNSW::HNSW<TunableHNSW::HNSWConfig<128, true, (TunableHNSW::SearchStrategy)0, (TunableHNSW::QuantizationStrategy)0, (TunableHNSW::IndexStrategy)0, 32ul, 64ul, 300ul, 100ul, 16, 100, 0, 0ul, 0, 0, 0ul, false> > > > >::type const& std::get<0ul, TunableHNSW::HNSW<TunableHNSW::HNSWConfig<128, true, (TunableHNSW::SearchStrategy)0, (TunableHNSW::QuantizationStrategy)0, (TunableHNSW::IndexStrategy)0, 32ul, 64ul, 300ul, 100ul, 16, 100, 0, 0ul, 0, 0, 0ul, false> >*, std::default_delete<TunableHNSW::HNSW<TunableHNSW::HNSWConfig<128, true, (TunableHNSW::SearchStrategy)0, (TunableHNSW::QuantizationStrategy)0, (TunableHNSW::IndexStrategy)0, 32ul, 64ul, 300ul, 100ul, 16, 100, 0, 0ul, 0, 0, 0ul, false> > > >(std::tuple<TunableHNSW::HNSW<TunableHNSW::HNSWConfig<128, true, (TunableHNSW::SearchStrategy)0, (TunableHNSW::QuantizationStrategy)0, (TunableHNSW::IndexStrategy)0, 32ul, 64ul, 300ul, 100ul, 16, 100, 0, 0ul, 0, 0, 0ul, false> >*, std::default_delete<TunableHNSW::HNSW<TunableHNSW::HNSWConfig<128, true, (TunableHNSW::SearchStrategy)0, (TunableHNSW::QuantizationStrategy)0, (TunableHNSW::IndexStrategy)0, 32ul, 64ul, 300ul, 100ul, 16, 100, 0, 0ul, 0, 0, 0ul, false> > > > const&)
1809 5
1810 5
fn=std::tuple_element<0ul, std::tuple<TunableHNSW::HNSW<TunableHNSW::HNSWConfig<128, true, (TunableHNSW::SearchStrategy)0, (TunableHNSW::QuantizationStrategy)0, (TunableHNSW::IndexStrategy)0, 32ul, 64ul, 300ul, 100ul, 16, 100, 0, 0ul, 0, 0, 0ul, false> >*, std::default_delete<TunableHNSW::HNSW<TunableHNSW::HNSWConfig<128, true, (TunableHNSW::SearchStrategy)0, (TunableHNSW::QuantizationStrategy)0, (TunableHNSW::IndexStrategy)0, 32ul, 64ul, 300ul, 100ul, 16, 100, 0, 0ul, 0, 0, 0ul, false> > > > >::type& std::get<0ul, TunableHNSW::HNSW<TunableHNSW::HNSWConfig<128, true, (TunableHNSW::SearchStrategy)0, (TunableHNSW::QuantizationStrategy)0, (TunableHNSW::IndexStrategy)0, 32ul, 64ul, 300ul, 100ul, 16, 100, 0, 0ul, 0, 0, 0ul, false> >*, std::default_delete<TunableHNSW::HNSW<TunableHNSW::HNSWConfig<128, true, (TunableHNSW::SearchStrategy)0, (TunableHNSW::QuantizationStrategy)0, (TunableHNSW::IndexStrategy)0, 32ul, 64ul, 300ul, 100ul, 16, 100, 0, 0ul, 0, 0, 0ul, false> > > >(std::tuple<TunableHNSW::HNSW<TunableHNSW::HNSWConfig<128, true, (TunableHNSW::SearchStrategy)0, (TunableHNSW::QuantizationStrategy)0, (TunableHNSW::IndexStrategy)0, 32ul, 64ul, 300ul, 100ul, 16, 100, 0, 0ul, 0, 0, 0ul, false> >*, std::default_delete<TunableHNSW::HNSW<TunableHNSW::HNSWConfig<128, true, (TunableHNSW::SearchStrategy)0, (TunableHNSW::QuantizationStrategy)0, (TunableHNSW::IndexStrategy)0, 32ul, 64ul, 300ul, 100ul, 16, 100, 0, 0ul, 0, 0, 0ul, false> > > >&)
1803 5
1804 5
fn=std::tuple_element<0ul, std::tuple<TunableHNSW::HNSW<TunableHNSW::HNSWConfig<128, true, (TunableHNSW::SearchStrategy)0, (TunableHNSW::QuantizationStrategy)0, (TunableHNSW::IndexStrategy)0, 32ul, 64ul, 300ul, 100ul, 16, 100, 0, 0ul, 0, 0, 0ul, false> >::BuildGraphConcurrently_()::{lambda(int)#1}, unsigned int> >::type&& std::get<0ul, TunableHNSW::HNSW<TunableHNSW::HNSWConfig<128, true, (TunableHNSW::SearchStrategy)0, (TunableHNSW::QuantizationStrategy)0, (TunableHNSW::IndexStrategy)0, 32ul, 64ul, 300ul, 100ul, 16, 100, 0, 0ul, 0, 0, 0ul, false> >::BuildGraphConcurrently_()::{lambda(int)#1}, unsigned int>(std::tuple<TunableHNSW::HNSW<TunableHNSW::HNSWConfig<128, true, (TunableHNSW::SearchStrategy)0, (TunableHNSW::QuantizationStrategy)0, (TunableHNSW::IndexStrategy)0, 32ul, 64ul, 300ul, 100ul, 16, 100, 0, 0ul, 0, 0, 0ul, false> >::BuildGraphConcurrently_()::{lambda(int)#1}, unsigned int>&&)
1815 90
1818 90
1819 36
fn=std::tuple_element<0ul, std::tuple<std::mutex*, std::default_delete<std::mutex> > >::type const& std::get<0ul, std::mutex*, std::default_delete<std::mutex> >(std::tuple<std::mutex*, std::default_delete<std::mutex> > const&)
1809 150410
1810 150410
fn=std::tuple_element<0ul, std::tuple<std::mutex*, std::default_delete<std::mutex> > >::type& std::get<0ul, std::mutex*, std::default_delete<std::mutex> >(std::tuple<std::mutex*, std::default_delete<std::mutex> >&)
1803 300000
1804 300000
fn=std::tuple_element<0ul, std::tuple<std::thread::_State*, std::default_delete<std::thread::_State> > >::type& std::get<0ul, std::thread::_State*, std::default_delete<std::thread::_State> >(std::tuple<std::thread::_State*, std::default_delete<std::thread::_State> >&)
1803 180
1804 180
fn=std::tuple_element<1ul, std::tuple<TunableHNSW::HNSW<TunableHNSW::HNSWConfig<128, true, (TunableHNSW::SearchStrategy)0, (TunableHNSW::QuantizationStrategy)0, (TunableHNSW::IndexStrategy)0, 32ul, 64ul, 300ul, 100ul, 16, 100, 0, 0ul, 0, 0, 0ul, false> >::BuildGraphConcurrently_()::{lambda(int)#1}, unsigned int> >::type&& std::get<1ul, TunableHNSW::HNSW<TunableHNSW::HNSWConfig<128, true, (TunableHNSW::SearchStrategy)0, (TunableHNSW::QuantizationStrategy)0, (TunableHNSW::IndexStrategy)0, 32ul, 64ul, 300ul, 100ul, 16, 100, 0, 0ul, 0, 0, 0ul, false> >::BuildGraphConcurrently_()::{lambda(int)#1}, unsigned int>(std::tuple<TunableHNSW::HNSW<TunableHNSW::HNSWConfig<128, true, (TunableHNSW::SearchStrategy)0, (TunableHNSW::QuantizationStrategy)0, (TunableHNSW::IndexStrategy)0, 32ul, 64ul, 300ul, 100ul, 16, 100, 0, 0ul, 0, 0, 0ul, false> >::BuildGraphConcurrently_()::{lambda(int)#1}, unsigned int>&&)
1815 90
1818 90
1819 36
fn=std::tuple_element<1ul, std::tuple<std::mutex*, std::default_delete<std::mutex> > >::type& std::get<1ul, std::mutex*, std::default_delete<std::mutex> >(std::tuple<std::mutex*, std::default_delete<std::mutex> >&)
1803 100000
1804 100000
fn=unsigned int& std::__get_helper<1ul, unsigned int>(std::_Tuple_impl<1ul, unsigned int>&)
1787 90
1788 90
fl=/usr/include/c++/13/type_traits
fn=std::is_constant_evaluated()
3650 193896
3654 64632
3656 129264
fl=/usr/include/x86_64-linux-gnu/c++/13/bits/c++config.h
fn=std::__is_constant_evaluated()
541 725280
547 241760
551 483520
fl=/usr/include/x86_64-linux-gnu/c++/13/bits/gthr-default.h
fn=__gthread_active_p()
301 120332
302 60166
303 120332
fn=__gthread_mutex_lock(pthread_mutex_t*)
747 120332
748 150415
749 120332
752 60166
fn=__gthread_mutex_unlock(pthread_mutex_t*)
777 120332
778 150415
779 120332
782 60166
fl=/usr/lib/gcc/x86_64-linux-gnu/13/include/avxintrin.h
fn=TunableHNSW::Distance<128, true, void>::L2Sq(float const*, float const*)
368 149536938
905 299073876
1247 4673030
1472 9346056
fl=/usr/lib/gcc/x86_64-linux-gnu/13/include/fmaintrin.h
fn=TunableHNSW::Distance<128, true, void>::L2Sq(float const*, float const*)
65 224305407
66 74768469
fl=/usr/lib/gcc/x86_64-linux-gnu/13/include/pmmintrin.h
fn=TunableHNSW::Distance<128, true, void>::L2Sq(float const*, float const*)
59 28038168
fl=/usr/lib/gcc/x86_64-linux-gnu/13/include/xmmintrin.h
fn=TunableHNSW::Distance<128, true, void>::L2Sq(float const*, float const*)
192 9346056
975 4673028
fl=???
fn=(below main)
0 12
fn=???
0 185400443
fn=__cpu_indicator_init
0 367
fn=__gnu_cxx::stdio_sync_filebuf<char, std::char_traits<char> >::overflow(int)
0 35
fn=__gnu_cxx::stdio_sync_filebuf<char, std::char_traits<char> >::sync()
0 36
fn=__gnu_cxx::stdio_sync_filebuf<char, std::char_traits<char> >::xsputn(char const*, long)
0 198
fn=operator delete(void*)
0 2725856
fn=operator delete(void*, unsigned long)
0 140050
fn=operator delete[](void*)
0 6
fn=operator new(unsigned long)
0 22292928
fn=operator new[](unsigned long)
0 6
fn=std::__basic_file<char>::__basic_file(pthread_mutex_t*)
0 12
fn=std::__basic_file<char>::close()
0 99
fn=std::__basic_file<char>::fd()
0 4545
fn=std::__basic_file<char>::is_open() const
0 72
fn=std::__basic_file<char>::open(char const*, std::_Ios_Openmode, int)
0 96
fn=std::__basic_file<char>::xsgetn(char*, long)
0 40905
fn=std::__basic_file<char>::~__basic_file()
0 18
fn=std::__cxx11::basic_stringbuf<char, std::char_traits<char>, std::allocator<char> >::_M_pbump(char*, char*, long)
0 1400
fn=std::__cxx11::basic_stringbuf<char, std::char_traits<char>, std::allocator<char> >::_M_sync(char*, unsigned long, unsigned long)
0 3400
fn=std::__cxx11::basic_stringstream<char, std::char_traits<char>, std::allocator<char> >::basic_stringstream(std::__cxx11::basic_string<char, std::char_traits<char>, std::allocator<char> > const&, std::_Ios_Openmode)
0 12000
fn=std::__cxx11::basic_stringstream<char, std::char_traits<char>, std::allocator<char> >::~basic_stringstream()
0 4000
fn=std::__cxx11::messages<char>::messages(unsigned long)
0 21
fn=std::__cxx11::messages<wchar_t>::messages(unsigned long)
0 21
fn=std::__cxx11::moneypunct<char, false>::_M_initialize_moneypunct(__locale_struct*, char const*)
0 114
fn=std::__cxx11::moneypunct<char, true>::_M_initialize_moneypunct(__locale_struct*, char const*)
0 115
fn=std::__cxx11::moneypunct<wchar_t, false>::_M_initialize_moneypunct(__locale_struct*, char const*)
0 109
fn=std::__cxx11::moneypunct<wchar_t, true>::_M_initialize_moneypunct(__locale_struct*, char const*)
0 109
fn=std::__cxx11::numpunct<char>::_M_initialize_numpunct(__locale_struct*)
0 417
fn=std::__cxx11::numpunct<wchar_t>::_M_initialize_numpunct(__locale_struct*)
0 353
fn=std::__timepunct<char>::_M_initialize_timepunct(__locale_struct*)
0 132
fn=std::__timepunct<char>::__timepunct(std::__timepunct_cache<char>*, unsigned long)
0 24
fn=std::__timepunct<wchar_t>::_M_initialize_timepunct(__locale_struct*)
0 129
fn=std::__timepunct<wchar_t>::__timepunct(std::__timepunct_cache<wchar_t>*, unsigned long)
0 24
fn=std::basic_filebuf<char, std::char_traits<char> >::_M_allocate_internal_buffer()
0 54
fn=std::basic_filebuf<char, std::char_traits<char> >::_M_destroy_internal_buffer()
0 72
fn=std::basic_filebuf<char, std::char_traits<char> >::_M_terminate_output()
0 90
fn=std::basic_filebuf<char, std::char_traits<char> >::basic_filebuf()
0 150
fn=std::basic_filebuf<char, std::char_traits<char> >::close()
0 156
fn=std::basic_filebuf<char, std::char_traits<char> >::open(char const*, std::_Ios_Openmode)
0 147
fn=std::basic_filebuf<char, std::char_traits<char> >::underflow()
0 103020
fn=std::basic_ifstream<char, std::char_traits<char> >::basic_ifstream(std::__cxx11::basic_string<char, std::char_traits<char>, std::allocator<char> > const&, std::_Ios_Openmode)
0 180
fn=std::basic_ifstream<char, std::char_traits<char> >::~basic_ifstream()
0 99
fn=std::basic_ios<char, std::char_traits<char> >::_M_cache_locale(std::locale const&)
0 9920
fn=std::basic_ios<char, std::char_traits<char> >::clear(std::_Ios_Iostate)
0 21
fn=std::basic_ios<char, std::char_traits<char> >::init(std::basic_streambuf<char, std::char_traits<char> >*)
0 7440
fn=std::basic_ios<char, std::char_traits<char> >::operator!() const
0 12
fn=std::basic_ios<wchar_t, std::char_traits<wchar_t> >::_M_cache_locale(std::locale const&)
0 128
fn=std::basic_ios<wchar_t, std::char_traits<wchar_t> >::init(std::basic_streambuf<wchar_t, std::char_traits<wchar_t> >*)
0 96
fn=std::basic_istream<char, std::char_traits<char> >& std::getline<char, std::char_traits<char>, std::allocator<char> >(std::basic_istream<char, std::char_traits<char> >&, std::__cxx11::basic_string<char, std::char_traits<char>, std::allocator<char> >&)
0 2500
fn=std::basic_istream<char, std::char_traits<char> >& std::getline<char, std::char_traits<char>, std::allocator<char> >(std::basic_istream<char, std::char_traits<char> >&, std::__cxx11::basic_string<char, std::char_traits<char>, std::allocator<char> >&, char)
0 10503
fn=std::basic_ostream<char, std::char_traits<char> >& std::__ostream_insert<char, std::char_traits<char> >(std::basic_ostream<char, std::char_traits<char> >&, char const*, long)
0 1653
fn=std::basic_ostream<char, std::char_traits<char> >& std::endl<char, std::char_traits<char> >(std::basic_ostream<char, std::char_traits<char> >&)
0 111
fn=std::basic_ostream<char, std::char_traits<char> >& std::flush<char, std::char_traits<char> >(std::basic_ostream<char, std::char_traits<char> >&)
0 14
fn=std::basic_ostream<char, std::char_traits<char> >& std::operator<< <char, std::char_traits<char>, std::allocator<char> >(std::basic_ostream<char, std::char_traits<char> >&, std::__cxx11::basic_string<char, std::char_traits<char>, std::allocator<char> > const&)
0 4
fn=std::basic_ostream<char, std::char_traits<char> >& std::operator<< <std::char_traits<char> >(std::basic_ostream<char, std::char_traits<char> >&, char const*)
0 480
fn=std::chrono::_V2::system_clock::now()
0 16
fn=std::codecvt<char, char, __mbstate_t>::codecvt(unsigned long)
0 19
fn=std::codecvt<char, char, __mbstate_t>::do_always_noconv() const
0 4545
fn=std::codecvt<wchar_t, char, __mbstate_t>::codecvt(unsigned long)
0 19
fn=std::ctype<char>::_M_widen_init() const
0 754
fn=std::ctype<char>::ctype(unsigned short const*, bool, unsigned long)
0 121
fn=std::ctype<wchar_t>::_M_convert_to_wmask(unsigned short) const
0 146
fn=std::ctype<wchar_t>::_M_initialize_ctype()
0 2736
fn=std::ctype<wchar_t>::ctype(unsigned long)
0 21
fn=std::error_category::error_category()
0 10
fn=std::future_category()
0 3
fn=std::ios_base::Init::Init()
0 272
fn=std::ios_base::_M_call_callbacks(std::ios_base::event)
0 1648
fn=std::ios_base::_M_dispose_callbacks()
0 1854
fn=std::ios_base::_M_init()
0 8792
fn=std::ios_base::ios_base()
0 6660
fn=std::ios_base::~ios_base()
0 2163
fn=std::istream& std::istream::_M_extract<float>(float&)
0 67225600
fn=std::istream& std::istream::_M_extract<unsigned long>(unsigned long&)
0 52000
fn=std::istream::operator>>(float&)
0 2585600
fn=std::istream::operator>>(unsigned long&)
0 2000
fn=std::istream::sentry::sentry(std::istream&, bool)
0 81511702
fn=std::istreambuf_iterator<char, std::char_traits<char> > std::num_get<char, std::istreambuf_iterator<char, std::char_traits<char> > >::_M_extract_int<unsigned long>(std::istreambuf_iterator<char, std::char_traits<char> >, std::istreambuf_iterator<char, std::char_traits<char> >, std::ios_base&, std::_Ios_Iostate&, unsigned long&) const
0 297295
fn=std::locale::_Impl::_Impl(unsigned long)
0 673
fn=std::locale::_Impl::_M_install_facet(std::locale::id const*, std::locale::facet const*)
0 12192
fn=std::locale::facet::_S_create_c_locale(__locale_struct*&, char const*, __locale_struct*)
0 14
fn=std::locale::facet::_S_get_c_locale()
0 19392210
fn=std::locale::facet::_S_get_c_name()
0 21
fn=std::locale::id::_M_id() const
0 7769298
fn=std::locale::locale()
0 11748
fn=std::locale::locale(std::locale::_Impl*)
0 3
fn=std::locale::operator=(std::locale const&)
0 7222
fn=std::locale::~locale()
0 6240
fn=std::messages<char>::messages(unsigned long)
0 21
fn=std::messages<wchar_t>::messages(unsigned long)
0 21
fn=std::moneypunct<char, false>::_M_initialize_moneypunct(__locale_struct*, char const*)
0 114
fn=std::moneypunct<char, true>::_M_initialize_moneypunct(__locale_struct*, char const*)
0 115
fn=std::moneypunct<wchar_t, false>::_M_initialize_moneypunct(__locale_struct*, char const*)
0 109
fn=std::moneypunct<wchar_t, true>::_M_initialize_moneypunct(__locale_struct*, char const*)
0 109
fn=std::num_get<char, std::istreambuf_iterator<char, std::char_traits<char> > >::_M_extract_float(std::istreambuf_iterator<char, std::char_traits<char> >, std::istreambuf_iterator<char, std::char_traits<char> >, std::ios_base&, std::_Ios_Iostate&, std::string&) const
0 677779524
fn=std::num_get<char, std::istreambuf_iterator<char, std::char_traits<char> > >::do_get(std::istreambuf_iterator<char, std::char_traits<char> >, std::istreambuf_iterator<char, std::char_traits<char> >, std::ios_base&, std::_Ios_Iostate&, float&) const
0 138329600
fn=std::num_get<char, std::istreambuf_iterator<char, std::char_traits<char> > >::do_get(std::istreambuf_iterator<char, std::char_traits<char> >, std::istreambuf_iterator<char, std::char_traits<char> >, std::ios_base&, std::_Ios_Iostate&, unsigned long&) const
0 2000
fn=std::num_put<char, std::ostreambuf_iterator<char, std::char_traits<char> > >::do_put(std::ostreambuf_iterator<char, std::char_traits<char> >, std::ios_base&, char, unsigned long) const
0 12
fn=std::numpunct<char>::_M_initialize_numpunct(__locale_struct*)
0 417
fn=std::numpunct<wchar_t>::_M_initialize_numpunct(__locale_struct*)
0 353
fn=std::ostream& std::ostream::_M_insert<unsigned long>(unsigned long)
0 246
fn=std::ostream::flush()
0 492
fn=std::ostream::operator<<(std::ostream& (*)(std::ostream&))
0 24
fn=std::ostream::operator<<(unsigned long)
0 8
fn=std::ostream::put(char)
0 220
fn=std::ostream::sentry::sentry(std::ostream&)
0 1100
fn=std::ostreambuf_iterator<char, std::char_traits<char> > std::num_put<char, std::ostreambuf_iterator<char, std::char_traits<char> > >::_M_insert_int<unsigned long>(std::ostreambuf_iterator<char, std::char_traits<char> >, std::ios_base&, char, unsigned long) const
0 352
fn=std::string::_Rep::_M_clone(std::allocator<char> const&, unsigned long)
0 33612800
fn=std::string::_Rep::_M_destroy(std::allocator<char> const&)
0 2585600
fn=std::string::_Rep::_S_create(unsigned long, unsigned long, std::allocator<char> const&)
0 33612800
fn=std::string::push_back(char)
0 57265272
fn=std::string::reserve(unsigned long)
0 41369600
fn=std::thread::_M_start_thread(std::unique_ptr<std::thread::_State, std::default_delete<std::thread::_State> >, void (*)())
0 288
fn=std::thread::hardware_concurrency()
0 9
fn=void std::__convert_to_v<float>(char const*, float&, std::_Ios_Iostate&, __locale_struct* const&)
0 46540800
summary: 21915309919
