cmd: ./build/main
events: Ir
fl=./csu/../csu/libc-start.c
fn=__libc_start_main@@GLIBC_2.34
128 2
134 3
135 7
138 1
139 2
142 3
143 2
144 21
145 12
242 13
311 3
312 3
337 6
340 2
343 2
350 2
352 2
360 4
fl=./csu/../sysdeps/nptl/libc_start_call_main.h
fn=(below main)
29 9
44 3
46 2
51 2
52 2
55 2
58 6
74 2
fl=./csu/./csu/init-first.c
fn=_init_first
46 6
51 2
55 5
61 1
62 1
63 2
71 2
72 3
fl=./ctype/./ctype/ctype-info.c
fn=__ctype_init
29 19
31 133
33 76
35 76
36 19
fl=./debug/../sysdeps/x86_64/multiarch/ifunc-memmove.h
fn=__memcpy_chk
56 2
57 3
60 3
61 2
74 2
77 2
85 2
93 2
96 5
fn=__memmove_chk
56 2
57 3
60 3
61 2
74 2
77 2
85 2
93 2
96 5
fn=__mempcpy_chk
56 2
57 3
60 3
61 2
74 2
77 2
85 2
93 2
96 5
fl=./debug/../sysdeps/x86_64/multiarch/ifunc-memset.h
fn=__memset_chk
54 5
57 3
58 2
64 2
73 2
75 2
85 2
93 2
96 5
fl=./debug/../sysdeps/x86_64/multiarch/memcpy_chk.c
fn=__memcpy_chk
29 1
fl=./debug/../sysdeps/x86_64/multiarch/memmove_chk.c
fn=__memmove_chk
29 1
fl=./debug/../sysdeps/x86_64/multiarch/mempcpy_chk.c
fn=__mempcpy_chk
29 1
fl=./debug/../sysdeps/x86_64/multiarch/memset_chk.c
fn=__memset_chk
29 1
fl=./dlfcn/./dlfcn/libc_dlerror_result.c
fn=__libc_dlerror_result_free
29 90
30 72
39 54
fl=./elf/../bits/stdlib-bsearch.h
fn=intel_check_word.constprop.0
27 96
28 48
29 744
31 648
32 348
35 264
37 120
fl=./elf/../elf/dl-tls.c
fn=_dl_add_to_slotinfo
1017 36
1023 4
1026 4
1027 4
1031 12
1065 8
1068 8
1069 12
1072 24
fn=_dl_allocate_tls
365 18
369 18
370 18
371 36
374 18
380 54
530 36
531 18
534 36
537 54
549 18
554 504
560 180
563 216
564 144
570 216
571 144
573 378
576 144
577 144
580 144
581 288
583 144
584 144
593 72
603 936
609 216
615 36
618 18
620 18
626 180
627 36
630 144
fn=_dl_allocate_tls_init
523 11
524 2
528 2
531 1
534 2
537 3
549 1
554 32
560 11
563 12
564 8
570 12
571 8
573 31
576 8
577 8
580 8
581 16
583 8
584 8
593 4
601 8
603 40
609 4
615 2
618 2
621 9
fn=_dl_allocate_tls_storage
365 1
369 1
370 1
371 2
374 1
380 2
417 7
419 1
430 1
431 1
432 2
440 6
441 1
445 305
464 1
470 7
fn=_dl_assign_tls_modid
125 12
128 6
141 3
181 3
183 3
186 3
187 6
fn=_dl_count_modids
192 1
194 2
195 1
210 2
fn=_dl_deallocate_tls
636 126
637 14
640 560
641 756
644 28
645 14
647 28
649 84
fn=_dl_determine_tlsoffset
216 9
217 1
218 1
219 1
222 4
225 2
259 1
261 32
263 11
265 12
266 8
268 8
270 20
281 4
286 32
288 8
289 4
294 4
301 1
302 7
304 2
354 1
355 8
fn=_dl_tls_static_surplus_init
83 3
97 8
100 6
101 5
102 3
104 4
107 1
109 1
111 3
112 6
fl=./elf/../include/list.h
fn=__tls_init_tp
43 2
44 2
45 1
47 1
fl=./elf/../include/rtld-malloc.h
fn=__minimal_calloc
56 17
fn=_dl_allocate_tls
44 36
fn=_dl_allocate_tls_storage
44 2
56 1
fn=_dl_check_map_versions
44 18
fn=_dl_deallocate_tls
50 518
fn=_dl_find_object_init
56 2
fn=_dl_important_hwcaps
56 4
fn=_dl_init_paths
56 5
fn=_dl_map_object_deps
56 12
fn=_dl_new_object
44 18
56 15
fn=do_lookup_x
44 13
fn=fillin_rpath.isra.0
50 20
51 10
56 8
fn=init_tls
44 2
fl=./elf/../include/scratch_buffer.h
fn=_dl_map_object_deps
77 2
78 1
85 3
131 20
fl=./elf/../misc/sbrk.c
fn=sbrk
37 6
40 1
58 2
62 2
78 5
fl=./elf/../nptl/nptl-stack.h
fn=__libc_early_init
61 8
fl=./elf/../sysdeps/generic/_itoa.h
fn=_dl_check_map_versions
76 39
fl=./elf/../sysdeps/generic/dl-cache.h
fn=_dl_load_cache_lookup
125 4
194 1
195 5
fl=./elf/../sysdeps/generic/dl-call_tls_init_tp.h
fn=init_tls
31 8
33 1
fl=./elf/../sysdeps/generic/dl-debug.h
fn=dl_main
29 4
30 1
fl=./elf/../sysdeps/generic/dl-hash.h
fn=__rtld_malloc_init_real
43 1
44 1
45 19
48 18
62 24
67 1
72 1
fl=./elf/../sysdeps/generic/dl-new-hash.h
fn=_dl_lookup_symbol_x
69 2003
70 4006
74 42635
77 85270
80 41632
81 83264
87 1000
88 1000
89 2000
90 1000
99 40632
101 40632
102 81264
104 40632
105 40632
fl=./elf/../sysdeps/generic/dl-protected.h
fn=do_lookup_x
29 7948
fl=./elf/../sysdeps/generic/ldsodefs.h
fn=_dl_relocate_object
79 62
140 10611
fn=_dl_start
79 6
fn=do_lookup_x
139 3974
140 5961
fl=./elf/../sysdeps/nptl/dl-mutex.c
fn=__rtld_mutex_init
30 7
37 1
40 7
44 2
45 9
47 6
51 2
52 7
53 6
fl=./elf/../sysdeps/nptl/dl-tls_init_tp.c
fn=__tls_init_tp
68 5
69 1
72 1
75 4
76 2
77 1
82 2
87 4
90 1
93 3
105 4
121 3
128 2
129 3
fn=__tls_pre_init_tp
53 3
56 10
61 2
62 1
64 1
fn=rtld_mutex_dummy
42 178
44 356
fl=./elf/../sysdeps/nptl/pthread_early_init.h
fn=__libc_early_init
33 6
34 1
38 5
45 2
46 1
48 2
52 5
53 1
54 1
56 1
fl=./elf/../sysdeps/posix/dl-fileid.h
fn=_dl_map_object_from_fd
37 20
40 20
49 60
fl=./elf/../sysdeps/unix/sysv/linux/brk.c
fn=brk
36 1
37 1
38 2
44 1
45 1
fl=./elf/../sysdeps/unix/sysv/linux/brk_call.h
fn=brk
24 2
fl=./elf/../sysdeps/unix/sysv/linux/dl-osinfo.h
fn=dl_main
39 2
52 1
fl=./elf/../sysdeps/unix/sysv/linux/dl-parse_auxv.h
fn=_dl_sysdep_parse_arguments
32 2
33 1
34 1
41 93
42 44
43 44
45 1
46 2
47 2
48 2
49 1
51 2
52 2
53 2
54 2
56 2
fl=./elf/../sysdeps/unix/sysv/linux/dl-sysdep.c
fn=_dl_sysdep_parse_arguments
78 7
79 2
80 2
81 3
82 47
83 97
86 2
90 56
93 5
94 2
95 3
96 6
fn=_dl_sysdep_start
102 6
103 1
106 2
110 2
113 1
115 2
122 3
123 2
125 5
137 3
140 5
143 4
fn=_dl_sysdep_start_cleanup
147 1
148 1
fl=./elf/../sysdeps/unix/sysv/linux/dl-vdso-setup.h
fn=dl_main
30 1
33 1
36 1
39 1
45 1
fl=./elf/../sysdeps/unix/sysv/linux/dl-vdso.h
fn=dl_main
40 2
41 5
55 2
fl=./elf/../sysdeps/unix/sysv/linux/rseq-internal.h
fn=__tls_init_tp
32 3
34 7
37 2
40 1
fl=./elf/../sysdeps/unix/sysv/linux/x86/dl-hwcap2.h
fn=update_active.constprop.0
25 2
fl=./elf/../sysdeps/unix/sysv/linux/x86/dl-minsigstacksize.h
fn=get_common_indices.constprop.0
24 2
27 2
28 2
65 3
72 1
74 1
fl=./elf/../sysdeps/x86/cpu-features.c
fn=get_common_indices.constprop.0
398 3
402 4
405 5
409 1
410 4
411 4
412 4
413 3
414 2
421 2
423 9
428 8
435 2
436 7
442 2
457 3
fn=init_cpu_features.constprop.0
376 3
377 2
378 6
383 2
384 6
389 2
390 7
682 8
685 1
686 1
687 1
690 1
699 3
702 6
703 1
706 2
708 6
713 1
715 3
717 9
721 7
774 3
781 2
799 1
832 2
866 4
869 2
870 1
878 2
885 2
887 2
891 2
897 2
899 1
1001 3
1002 2
1005 2
1006 2
1012 1
1013 1
1014 1
1015 2
1019 4
1022 4
1028 3
1041 2
1042 4
1081 1
1082 2
1086 3
1103 2
1104 2
1106 3
1107 2
1109 3
1110 2
1113 2
1127 4
1129 4
1135 4
1142 8
fn=update_active.constprop.0
72 8
76 1
84 3
85 3
86 1
94 4
95 1
103 4
104 1
109 4
112 4
113 1
116 5
117 2
121 5
122 3
123 3
124 2
128 5
129 5
130 3
132 2
133 4
147 2
151 7
152 4
154 3
158 4
161 1
164 2
166 2
170 1
171 1
178 4
180 5
186 4
188 5
190 4
195 5
244 3
245 3
261 4
277 2
281 2
282 1
285 4
289 2
293 3
294 2
296 1
297 1
300 2
302 1
305 2
356 5
360 3
369 1
370 8
fl=./elf/../sysdeps/x86/dl-cacheinfo.h
fn=get_common_cache_info.constprop.0
571 11
586 1
587 1
588 2
589 1
590 2
596 3
598 7
601 2
613 1
618 3
622 2
627 5
630 24
637 8
640 26
645 2
649 3
650 2
654 2
658 3
661 4
662 1
667 4
673 4
681 6
683 2
685 4
687 12
689 1
690 1
691 9
693 4
696 7
701 1
703 4
704 3
705 1
708 2
711 2
718 1
720 4
721 1
726 2
731 2
732 1
733 2
734 1
759 3
770 5
771 5
775 2
782 1
783 2
784 1
785 7
fn=handle_intel.constprop.0
250 108
255 24
261 12
262 12
267 48
271 24
276 24
279 60
281 24
284 60
286 24
305 96
fn=init_cpu_features.constprop.0
792 1
793 1
795 1
809 2
811 3
812 3
813 3
814 2
817 3
819 3
820 2
822 3
824 3
825 1
827 3
829 3
830 2
832 3
834 3
836 3
838 5
894 2
895 2
896 2
897 2
898 2
899 2
900 1
901 1
902 1
903 1
904 1
905 1
907 1
910 3
924 3
925 7
930 2
931 6
932 2
939 3
959 6
968 2
969 2
974 12
987 5
995 7
997 2
1000 5
1002 2
1005 5
1006 5
1010 6
1011 3
1017 7
1020 11
1021 10
1022 13
1025 10
1027 10
1040 4
1042 2
1043 2
1044 1
1045 1
1046 1
1047 1
fn=intel_check_word.constprop.0
110 648
113 324
119 216
123 48
125 12
129 120
131 144
133 60
135 120
143 120
152 12
155 138
158 99
162 58
164 189
167 120
168 72
169 60
170 48
172 11
174 22
176 12
177 16
178 12
179 20
180 14
181 12
183 8
184 12
187 21
190 2
194 192
202 168
216 48
246 144
fl=./elf/../sysdeps/x86/dl-get-cpu-features.c
fn=__x86_cpu_features
39 3
71 3
fn=_dl_x86_init_cpu_features
37 1
39 3
41 1
fl=./elf/../sysdeps/x86/dl-isa-level.h
fn=_dl_load_cache_lookup
28 24
fl=./elf/../sysdeps/x86/dl-procinfo.h
fn=_dl_load_cache_lookup
39 8
42 28
fl=./elf/../sysdeps/x86/dl-prop.h
fn=_dl_map_object_from_fd
149 20
fn=_dl_process_pt_gnu_property
95 36
102 18
115 18
118 9
252 6
253 3
254 12
255 6
257 36
258 3
260 9
fn=dl_main
36 2
37 24
40 10
49 40
53 33
71 2
149 4
235 4
236 2
fl=./elf/../sysdeps/x86/get-isa-level.h
fn=_dl_hwcaps_subdirs_active
30 4
31 1
32 3
36 3
39 4
40 4
45 4
48 2
51 5
53 4
54 2
55 2
58 4
fn=update_active.constprop.0
28 1
30 4
31 1
32 3
36 3
38 1
39 2
40 4
45 4
47 1
48 2
51 5
53 4
54 2
55 2
57 1
58 4
fl=./elf/../sysdeps/x86_64/dl-cet.c
fn=_dl_cet_check
145 2
157 2
173 1
179 1
275 2
276 1
277 2
282 4
283 3
285 2
293 5
296 1
300 2
301 1
302 2
303 2
304 2
305 2
308 1
310 1
313 2
361 8
363 6
fn=_dl_cet_setup_features
331 1
334 2
350 1
fl=./elf/../sysdeps/x86_64/dl-hwcaps-subdirs.c
fn=_dl_hwcaps_subdirs_active
29 1
38 3
43 1
48 1
52 1
fl=./elf/../sysdeps/x86_64/dl-irel.h
fn=_dl_fixup
32 4
fl=./elf/../sysdeps/x86_64/dl-machine.h
fn=_dl_fixup
234 101
fn=_dl_relocate_object
81 30
87 8
91 6
97 2
108 6
129 4
132 4
134 8
267 7108
274 7108
278 7108
287 28811
290 7127
291 136
292 14152
295 10
296 15
307 10
314 25
317 21324
320 114
323 114
346 8
347 12
352 6
354 4
363 4
393 35
400 51
402 68
406 51
415 34
423 9842
436 7
460 33
464 44
465 44
466 55
467 22
476 136
478 68
479 68
498 3246
499 1082
503 2164
504 2164
514 2224
518 2224
521 3336
522 1112
730 14
734 8
fn=_dl_start
55 1
278 9
287 27
290 6
291 12
317 8
323 2
fn=_dl_sysdep_start
220 1
fl=./elf/../sysdeps/x86_64/dl-runtime.h
fn=_dl_fixup
28 101
fl=./elf/../sysdeps/x86_64/dl-trampoline.h
fn=_dl_runtime_resolve_xsave
71 101
76 101
79 101
81 101
91 101
97 101
98 101
99 101
100 101
101 101
102 101
103 101
107 101
108 101
111 101
112 101
114 101
115 101
116 101
117 101
118 101
119 101
121 101
128 101
129 101
130 101
131 101
136 101
137 101
138 101
140 101
141 101
142 101
143 101
144 101
145 101
146 101
148 101
150 101
154 101
156 101
fl=./elf/../sysdeps/x86_64/tls_get_addr.S
fn=__tls_get_addr
29 2
30 2
31 2
33 2
34 2
35 2
38 2
39 2
43 2
44 2
45 2
46 2
fl=./elf/./dl-find_object.h
fn=_dl_find_object_from_map
95 14
96 14
97 7
103 35
104 206
105 142
107 21
112 7
fl=./elf/./dl-hwcaps.h
fn=_dl_important_hwcaps
43 9
45 7
46 1
77 8
78 8
79 7
fl=./elf/./dl-load.h
fn=_dl_map_object_from_fd
91 40
92 16
93 20
94 16
96 16
fl=./elf/./dl-main.h
fn=dl_main
109 5
fl=./elf/./dl-map-segments.h
fn=_dl_map_object_from_fd
28 15
29 45
81 5
101 5
102 15
105 15
106 10
108 10
125 5
135 120
137 60
139 150
149 80
155 10
156 5
157 15
158 10
160 10
165 10
168 15
176 35
182 10
186 16
189 4
194 20
fl=./elf/./dl-sym-post.h
fn=lookup_malloc_symbol
41 8
53 12
fl=./elf/./dl-tunable-types.h
fn=__GI___tunable_set_val
84 5
fl=./elf/./elf/dl-audit.c
fn=_dl_audit_activity_map
29 7
30 1
31 3
37 6
fn=_dl_audit_activity_nsid
41 3
45 12
46 3
47 15
fn=_dl_audit_objclose
97 7
98 28
fn=_dl_audit_objopen
77 5
78 20
fn=_dl_audit_preinit
118 1
119 4
fl=./elf/./elf/dl-cache.c
fn=_dl_cache_libcmp
357 80
358 522
360 699
362 249
368 32
369 24
370 225
372 225
374 16
380 450
382 450
383 96
386 193
387 193
390 64
fn=_dl_load_cache_lookup
191 64
205 4
208 32
210 40
211 8
213 20
220 76
222 200
223 64
227 96
231 96
232 64
240 22
242 14
245 14
247 42
249 7
259 16
263 4
264 6
269 24
270 16
286 28
295 8
298 8
301 4
302 12
330 8
342 16
346 28
347 11
349 17
403 40
405 8
408 12
411 5
419 5
420 8
423 6
424 1
431 1
432 2
477 9
482 12
485 12
500 8
512 12
513 60
514 16
515 4
516 32
fn=_dl_unload_cache
525 3
526 4
528 2
529 1
533 1
535 2
fl=./elf/./elf/dl-call-libc-early-init.c
fn=_dl_call_libc_early_init
27 7
29 2
33 5
37 2
39 4
40 2
41 3
fl=./elf/./elf/dl-call_fini.c
fn=_dl_call_fini
24 56
28 14
32 7
34 7
35 14
38 10
39 15
42 44
43 6
47 7
48 14
49 15
50 37
fl=./elf/./elf/dl-catch.c
fn=_dl_catch_error
254 12
256 2
257 2
258 2
259 2
261 6
fn=_dl_catch_exception
58 42
59 28
69 28
70 70
204 112
207 28
214 14
228 14
229 28
235 84
237 42
239 56
248 42
fn=_dl_receive_error
58 2
59 1
69 2
70 2
186 7
188 1
192 1
194 1
197 1
198 4
fl=./elf/./elf/dl-debug.c
fn=_dl_debug_initialize
56 3
57 1
59 2
61 2
63 3
64 1
85 3
90 3
91 2
92 1
95 3
96 6
99 2
107 2
fn=_dl_debug_state
116 2
117 2
fn=_dl_debug_update
38 6
40 12
41 6
44 12
48 6
fl=./elf/./elf/dl-deps.c
fn=_dl_map_object_deps
128 3
129 5
130 6
132 3
136 8
143 13
144 20
160 9
161 1
164 1
182 1
183 6
184 1
188 15
190 27
193 7
197 21
198 46
201 20
205 10
208 22
210 20
215 5
216 5
217 10
218 10
219 5
221 635
222 300
228 122
230 13
232 52
233 26
242 13
244 26
249 35
252 5
253 5
254 5
255 10
256 5
257 5
259 20
263 39
264 27
266 411
417 14
419 25
422 10
423 20
429 5
430 25
431 25
434 5
435 10
439 21
441 7
442 32
448 5
449 1
452 4
463 5
465 4
470 5
471 1
472 2
474 25
478 7
483 14
485 21
490 7
494 2
495 3
532 2
533 2
547 9
552 9
553 5
557 1
559 2
560 1
561 3
568 3
571 2
574 8
fn=openaux
61 78
64 143
65 13
68 13
69 39
fl=./elf/./elf/dl-environ.c
fn=_dl_next_ld_env_entry
28 3
29 3
32 145
34 94
35 20
37 2
40 4
42 2
45 45
fl=./elf/./elf/dl-find_object.c
fn=_dl_find_object_init
561 5
564 1
566 2
567 3
579 2
580 3
582 2
585 2
590 1
591 1
594 3
596 2
599 6
601 1
604 4
fn=_dlfo_process_initial
474 8
475 2
477 2
478 4
504 24
505 34
506 14
508 52
511 48
513 36
515 12
516 12
517 24
529 2
531 8
fn=_dlfo_sort_mappings
536 1
537 2
540 24
544 10
545 70
546 75
548 5
549 5
553 20
554 25
555 10
557 1
fl=./elf/./elf/dl-fini.c
fn=_dl_fini
26 11
43 1
46 13
49 2
51 1
54 2
56 5
61 1
63 4
68 18
73 25
75 14
77 14
79 14
80 7
81 7
85 7
87 6
88 6
94 6
103 2
108 41
110 7
112 14
114 28
117 14
122 7
126 5
132 6
134 1
138 2
145 8
fl=./elf/./elf/dl-hwcaps.c
fn=_dl_important_hwcaps
52 16
54 2
55 4
56 2
57 2
77 16
80 16
84 2
86 6
87 2
88 2
100 5
102 3
105 1
108 1
112 5
125 12
127 10
128 4
129 4
130 2
133 3
142 13
143 11
145 8
151 5
155 4
156 3
157 3
161 1
162 2
163 2
172 14
174 2
175 3
185 2
186 3
189 3
193 2
194 2
201 1
202 5
208 2
209 1
213 3
216 9
fl=./elf/./elf/dl-hwcaps_split.c
fn=_dl_hwcaps_split
25 5
26 3
27 1
47 4
fn=_dl_hwcaps_split_masked
26 44
30 24
34 78
35 12
36 24
41 36
42 18
43 12
45 6
51 110
55 5
56 18
57 27
58 24
60 6
62 88
67 12
fl=./elf/./elf/dl-init.c
fn=_dl_init
29 16
35 40
37 41
81 13
82 1
83 1
86 3
89 2
94 4
119 1
120 32
121 14
127 8
fn=call_init.part.0
26 84
43 21
46 21
47 2
51 12
59 18
60 24
63 6
64 12
70 15
72 10
73 117
74 92
76 56
fl=./elf/./elf/dl-load.c
fn=_dl_dst_count
238 117
241 26
244 26
245 13
264 117
fn=_dl_init_paths
706 13
720 4
725 1
727 3
734 3
735 2
739 4
741 4
747 1
748 1
756 8
758 8
759 4
761 5
762 7
763 4
766 13
767 10
768 18
770 32
776 1
777 1
782 1
785 3
787 4
789 3
806 1
808 3
822 2
825 5
827 23
831 2
832 976
833 243
834 486
836 1
837 1
838 2
844 6
847 3
853 1
857 8
fn=_dl_map_object
682 40
696 20
1967 168
1969 5
1975 28
1976 56
1979 307
1984 420
1986 300
1990 102
1991 153
1994 140
1995 84
1996 140
2010 20
2011 15
2019 15
2034 5
2036 25
2040 16
2042 8
2049 16
2053 4
2054 4
2058 12
2059 4
2073 20
2074 28
2075 4
2084 8
2099 8
2100 64
2106 12
2107 4
2115 4
2129 8
2131 12
2135 12
2137 8
2141 8
2149 8
2172 36
2176 12
2177 4
2194 8
2200 1
2201 4
2202 2
2203 2
2207 9
2210 3
2222 20
2267 10
2268 88
2270 131
fn=_dl_map_object_from_fd
944 70
959 20
989 95
990 40
1008 10
1036 20
1046 10
1053 40
1054 10
1065 10
1066 15
1067 10
1069 15
1070 20
1071 8
1074 17
1075 6
1086 5
1088 5
1090 110
1091 5
1092 5
1093 5
1094 5
1100 210
1101 507
1107 10
1114 13
1115 15
1116 50
1121 2
1122 1
1127 155
1135 100
1136 130
1137 100
1138 20
1139 40
1141 140
1143 40
1156 40
1157 75
1162 20
1163 205
1176 9
1180 12
1181 3
1185 15
1186 6
1189 3
1194 12
1209 10
1210 5
1213 15
1218 35
1228 95
1229 40
1235 10
1245 20
1252 35
1264 5
1268 20
1269 15
1275 14
1276 10
1278 10
1288 15
1307 15
1309 30
1361 15
1362 6
1368 170
1369 280
1375 80
1380 20
1393 10
1395 20
1397 10
1413 10
1417 10
1418 10
1435 10
1436 1
1439 10
1444 10
1449 10
1461 40
1462 15
1463 36
1464 12
1465 5
1471 10
1472 12
1477 6
1484 15
1487 10
1491 15
1492 15
1510 10
1514 35
1515 20
1519 45
fn=_dl_process_pt_gnu_property
868 18
869 12
870 6
876 12
882 30
885 18
886 12
887 12
890 18
891 18
895 6
896 12
900 18
901 9
904 18
907 9
908 36
918 18
920 24
fn=expand_dynamic_string_token
241 30
244 20
385 100
399 20
410 70
fn=fillin_rpath.isra.0
468 17
472 1
474 66
477 1
478 1
481 20
483 54
487 18
492 27
493 18
500 45
505 18
509 105
510 98
517 27
518 18
521 12
528 16
532 16
534 8
538 4
539 8
540 16
541 4
543 8
544 2
549 16
550 56
551 16
553 8
554 12
555 4
561 8
562 4
565 12
571 1
574 8
fn=open_path
1812 44
1813 8
1816 4
1817 4
1819 8
1822 8
1824 88
1827 32
1831 16
1835 96
1842 96
1843 352
1846 96
1851 297
1854 54
1860 81
1863 216
1865 81
1867 18
1872 18
1873 63
1879 27
1881 62
1882 4
1884 9
1891 111
1893 61
1937 104
1941 16
1943 64
1946 12
1960 36
fn=open_verify.constprop.0
1572 384
1604 96
1609 54
1623 160
1625 64
1633 5
1634 15
1639 30
1641 10
1643 10
1645 10
1651 10
1668 74
1749 10
1754 10
1760 20
1766 10
1772 20
1773 20
1777 16
1778 5
1799 288
fl=./elf/./elf/dl-lookup-direct.c
fn=_dl_lookup_direct
32 15
33 9
35 6
36 6
48 9
51 6
53 21
57 9
58 21
59 15
74 39
76 6
78 21
79 6
81 12
84 25
86 12
93 6
115 3
116 27
fl=./elf/./elf/dl-lookup.c
fn=_dl_lookup_symbol_x
772 26039
774 4006
775 8012
778 2003
782 7974
785 4006
787 4006
791 28122
792 34051
797 10015
799 96
816 2003
817 48
820 4006
821 13893
828 2051
856 7948
870 5961
871 2
873 3974
890 7948
892 18027
fn=check_match
70 29940
73 15968
78 20
86 9955
89 5164
93 1991
94 3982
96 3976
115 3976
116 15904
117 9915
118 10
119 10
144 6
146 18
147 12
150 2
151 7
153 3
161 1986
162 15968
fn=do_lookup_x
170 300
171 307
172 932
174 92
175 276
176 528
179 152
180 152
181 83
182 153
183 70
222 492
224 738
226 164
227 82
228 328
230 2694
231 486
234 340
235 170
254 340
257 89
258 267
259 322
262 1377
269 12
272 4
279 298
280 276
281 350
285 20
286 2
287 2
288 4
289 8
300 3
302 2
305 1
306 1
307 2
310 168
311 492
318 324
329 574
331 164
333 246
334 164
347 28042
348 2003
353 2003
354 2003
358 13068
361 13068
365 17140
386 13046
390 13046
396 19569
400 6523
401 6523
404 32615
405 19569
408 6523
409 13046
411 6523
412 6009
413 13046
415 14021
416 26092
419 45661
422 4258
423 6387
424 4258
426 4248
429 28040
431 5988
432 51308
433 3992
436 5988
439 10886
461 15888
470 1105
472 2
476 3974
483 10656
487 3807
491 1
499 3810
500 1905
501 1987
518 13641
521 16
522 16024
fl=./elf/./elf/dl-minimal-malloc.c
fn=__minimal_calloc
80 85
84 17
87 17
88 51
fn=__minimal_free
97 24
99 42
103 30
104 6
106 12
fn=__minimal_malloc
36 424
37 159
42 3
43 2
44 2
48 211
51 359
56 12
57 12
59 3
60 24
62 6
64 12
65 9
67 8
70 54
71 57
73 318
fl=./elf/./elf/dl-minimal.c
fn=__rtld_malloc_init_real
76 10
86 2
87 1
89 1
91 6
92 5
93 5
94 4
99 1
100 1
101 1
102 1
103 8
fn=__rtld_malloc_init_stubs
42 1
43 2
44 2
45 2
46 2
47 1
fn=lookup_malloc_symbol
61 36
63 4
64 28
68 28
69 28
71 4
72 24
fn=strsep
239 11
242 22
244 11
245 22
247 20
249 734
251 486
254 954
256 1404
260 18
264 234
267 10
271 22
fl=./elf/./elf/dl-misc.c
fn=_dl_higher_prime_number
87 2
124 2
125 2
127 26
129 80
130 30
131 6
133 7
145 2
146 2
fn=_dl_name_match_p
68 931
69 532
70 22
72 133
74 524
75 755
80 129
82 111
83 532
fn=_dl_sysdep_read_whole_file
36 11
39 3
40 2
42 6
44 2
47 2
49 8
60 3
63 8
fl=./elf/./elf/dl-object.c
fn=_dl_add_to_namespace_list
31 54
33 18
35 53
38 80
40 5
42 5
45 2
46 18
47 12
48 12
50 12
51 30
fn=_dl_new_object
59 90
62 12
64 2
66 3
67 2
71 6
77 2
80 10
83 26
87 10
92 5
95 12
98 6
99 6
100 12
103 12
104 42
106 6
119 28
123 5
125 1
127 42
130 12
131 12
132 6
136 6
139 40
141 20
149 12
150 6
153 1
155 36
157 20
160 14
164 20
168 35
176 1
179 12
189 24
191 20
195 15
199 10
200 10
208 5
212 5
245 20
250 168
251 168
255 10
256 5
259 5
263 54
fl=./elf/./elf/dl-open.c
fn=_dl_find_dso_for_object
214 190
218 57
219 57
220 76
221 38
224 38
228 133
fl=./elf/./elf/dl-reloc.c
fn=_dl_relocate_object
170 14488
171 7074
174 24111
175 19660
177 1639
178 6554
182 3796
183 1898
184 1898
186 15190
187 9460
188 3784
190 13383
193 1898
194 13286
196 1639
207 88
208 16
220 14
221 21
224 28
226 21
228 7
229 21
251 35
252 14
253 3
255 14
262 21
301 10279
304 35
328 7
331 14
348 21
350 64
356 42
359 14
363 14
364 42
fl=./elf/./elf/dl-runtime.c
fn=_dl_fixup
46 1111
48 505
49 303
54 101
55 404
56 707
58 202
63 202
67 202
69 101
71 303
75 303
76 404
77 303
84 101
85 303
87 31
88 31
95 1111
99 505
100 124
109 1010
124 404
125 8
133 303
159 303
163 808
fl=./elf/./elf/dl-setup_hash.c
fn=_dl_setup_hash
25 14
28 21
31 21
32 14
33 7
34 7
36 21
37 7
38 21
40 7
41 14
43 7
45 21
50 7
fl=./elf/./elf/dl-sort-maps.c
fn=_dl_sort_maps
140 70
181 2
182 4
183 52
184 28
211 34
216 4
218 2
219 10
221 44
223 14
226 42
244 8
263 8
276 8
283 2
298 26
306 6
310 18
fn=_dl_sort_maps_init
289 4
290 4
291 1
292 3
293 2
fn=dfs_traversal.part.0
135 126
140 70
143 14
145 42
147 184
156 49
171 42
172 14
173 84
fl=./elf/./elf/dl-tunables.c
fn=__GI___tunable_set_val
72 50
82 5
93 40
94 25
97 10
100 35
104 10
111 10
112 10
115 25
116 5
117 5
118 5
153 30
157 15
fn=__GI___tunables_init
42 240
45 47
48 3941
52 94
56 188
128 1
261 10
267 4
281 7708
283 2
287 13959
304 8
fn=__tunable_get_val
387 80
390 474
399 52
400 15
409 31
416 240
418 40
fl=./elf/./elf/dl-tunables.h
fn=__GI___tunable_set_val
141 10
142 10
151 5
fn=__GI___tunables_init
160 898
161 2191
fl=./elf/./elf/dl-version.c
fn=_dl_check_all_versions
392 7
394 1
396 26
397 7
398 63
401 7
fn=_dl_check_map_versions
36 224
37 60
38 378
56 248
64 186
70 186
86 62
87 124
89 62
94 2482
108 2172
110 62
113 496
120 3072
124 1024
155 70
156 7
164 12
170 21
172 35
174 7
175 7
177 14
180 15
184 40
198 8
200 39
208 39
213 39
215 49
217 248
218 487
221 124
224 186
225 5
228 28
231 248
234 186
239 49
243 39
248 8
257 30
260 10
263 551
266 412
270 129
274 18
279 6
280 24
281 18
291 6
294 32
296 12
299 20
301 8
303 39
306 186
308 248
310 310
311 124
312 186
313 186
316 186
321 49
324 39
329 8
334 12
337 10
341 129
343 268
347 129
348 645
349 387
350 129
353 402
357 129
365 10
366 10
367 10
368 4
370 4
372 124
373 60
375 2
376 7
387 63
fl=./elf/./elf/do-rel.h
fn=_dl_relocate_object
49 42
50 42
51 7
53 70
72 8
73 9
80 42
83 3352
85 4448
96 12
97 4
114 36
123 3274
124 2164
126 36
129 40
131 14518
133 18080
134 14464
135 10848
136 14464
138 10848
141 272
142 68
143 68
147 3548
150 10667
151 342
164 24
165 285
166 252
169 204
171 272
172 68
173 136
180 31
182 42
183 12
185 18
193 6
196 18
211 7
fn=_dl_start
49 6
50 4
51 1
53 10
56 4
61 13
63 9
64 6
65 3
fl=./elf/./elf/get-dynamic-info.h
fn=_dl_map_object_from_fd
39 10
43 5
45 567
49 276
51 74
52 37
53 6
54 129
55 109
56 25
59 20
62 20
64 20
68 138
72 20
84 17
85 20
86 20
87 20
88 17
89 19
90 19
91 20
103 40
110 16
115 8
122 8
123 15
129 15
130 6
147 15
152 4
154 4
156 4
158 4
159 4
162 15
164 9
165 6
174 6
175 9
180 6
181 6
184 10
fl=./elf/./elf/libc-dl-profstub.c
fn=_dl_mcount_wrapper_check
36 128
37 384
38 128
fl=./elf/./elf/libc_early_init.c
fn=__libc_early_init
33 9
35 1
38 2
41 2
47 4
49 2
fl=./elf/./elf/rtld.c
fn=_dl_start
85 8
458 2
476 3
477 1
478 2
488 1
494 4
496 2
517 16
543 1
546 2
547 4
563 190
565 1
578 1
585 9
fn=dl_main
85 17
92 12
93 2
101 9
197 2
199 1
224 3
225 5
226 4
296 3
302 1
303 1
837 1
839 1
848 1
850 1
855 1
1115 1
1116 1
1118 1
1122 3
1124 1
1125 1
1140 1
1143 50
1144 127
1148 4
1153 3
1154 9
1163 2
1164 2
1166 1
1173 3
1191 2
1199 8
1200 17
1201 8
1202 1
1204 12
1205 14
1209 8
1210 8
1211 4
1215 12
1221 3
1227 4
1228 1
1233 4
1234 2
1235 1
1238 2
1243 2
1247 3
1253 30
1254 66
1260 18
1266 4
1268 3
1269 3
1271 3
1346 13
1351 1
1352 1
1357 1
1373 3
1374 4
1637 10
1639 2
1640 3
1641 2
1642 3
1646 2
1647 2
1672 3
1673 5
1674 3
1675 3
1678 1
1680 1
1681 1
1683 2
1684 2
1688 2
1690 2
1698 4
1705 2
1708 2
1733 4
1735 1
1740 2
1743 4
1744 4
1745 3
1746 1
1747 1
1748 1
1759 2
1760 2
1762 2
1764 1
1765 3
1770 5
1771 5
1773 3
1779 2
1788 2
1792 1
1793 2
1817 2
1823 1
1824 1
1825 1
1829 3
1834 3
1836 1
1838 2
1842 5
1847 2
1863 6
1939 4
1943 19
1944 1
1947 3
1948 1
1949 2
1950 2
1955 3
1965 9
1971 31
1972 18
1975 3
1976 2
1977 1
1979 26
1980 12
1984 2
1990 1
1992 3
1993 2
1995 2
1997 3
1999 3
2000 1
2001 2
2013 2
2014 2
2015 3
2026 5
2027 4
2028 5
2038 2
2039 2
2040 4
2042 2
2047 3
2246 3
2250 3
2256 2
2259 2
2267 2
2279 3
2282 3
2284 3
2285 6
2292 2
2293 30
2295 14
2300 14
2302 16
2304 1
2305 1
2308 7
2310 14
2311 48
2315 22
2316 12
2325 2
2329 4
2331 1
2338 4
2341 2
2345 3
2347 2
2357 1
2362 3
2365 1
2371 1
2372 5
2380 3
2387 1
2390 3
2394 3
2395 1
2396 1
2397 1
2401 1
2406 8
2538 1
2598 1
2600 2
2602 15
2604 2
2606 107
2607 19
2615 13
2640 2
2650 4
2652 2
2653 1
2687 5
2689 2
2690 2
2691 1
2727 5
2749 3
fn=handle_preload_list
183 3
806 1
810 2
811 2
812 1
814 1
816 6
817 3
825 3
869 13
870 3
874 5
877 4
878 3
880 4
881 2
887 1
889 2
891 2
892 1
895 9
fn=init_tls
734 4
736 2
740 3
746 2
749 1
750 1
751 1
755 1
757 1
761 2
762 2
763 18
764 7
765 14
769 12
771 4
773 3
776 2
779 1
786 2
787 2
793 2
797 1
800 5
fn=map_doit
641 6
643 4
644 6
646 3
fn=version_check_doit
674 6
676 6
680 3
fl=./elf/./get-dynamic-info.h
fn=_dl_start
45 75
49 36
51 10
52 5
54 20
55 16
56 5
59 4
62 4
64 4
68 18
72 3
84 4
85 3
86 4
87 4
88 5
89 3
90 4
91 4
103 10
110 3
123 3
129 3
130 3
133 2
134 3
139 5
142 5
fn=dl_main
39 4
43 1
45 119
49 58
51 12
52 6
54 25
55 21
56 5
59 4
62 4
64 4
68 29
72 7
84 3
85 5
86 5
87 5
88 4
89 5
90 5
91 5
103 9
110 3
115 2
122 3
123 4
129 3
147 4
152 2
154 2
156 2
158 2
159 2
162 4
164 3
165 2
174 2
175 3
180 2
181 3
184 3
fl=./elf/./setup-vdso.h
fn=dl_main
24 2
fl=./iconv/./iconv/gconv_simple.c
fn=__gconv_btwoc_ascii
49 128
51 512
54 128
fl=./io/../sysdeps/unix/sysv/linux/access.c
fn=access
25 1
27 7
31 1
fl=./io/../sysdeps/unix/sysv/linux/close_nocancel.c
fn=__GI___close_nocancel
25 6
26 24
27 6
fn=__close_nocancel
25 5
26 20
27 5
fl=./io/../sysdeps/unix/sysv/linux/fstat64.c
fn=fstat
30 7
39 28
72 7
fl=./io/../sysdeps/unix/sysv/linux/fstatat64.c
fn=fstatat
91 18
146 18
160 14
161 34
162 2
fl=./io/../sysdeps/unix/sysv/linux/open64.c
fn=open
30 48
33 24
36 5
37 1
41 60
43 32
fl=./io/../sysdeps/unix/sysv/linux/open64_nocancel.c
fn=__open_nocancel
28 164
31 259
39 340
41 86
fl=./io/../sysdeps/unix/sysv/linux/pread64_nocancel.c
fn=__pread64_nocancel
25 4
26 8
27 2
fl=./io/../sysdeps/unix/sysv/linux/read_nocancel.c
fn=__read_nocancel
25 9
26 36
27 9
fl=./io/../sysdeps/unix/sysv/linux/stat64.c
fn=stat
28 18
29 36
fl=./io/../sysdeps/unix/sysv/linux/write.c
fn=write
25 72
26 162
27 22
fl=./libio/../include/printf_buffer.h
fn=__vsnprintf_internal
124 54
127 18
128 18
137 36
fl=./libio/../include/sys/sysmacros.h
fn=_IO_file_doallocate
47 6
fl=./libio/./libio/filedoalloc.c
fn=_IO_file_doallocate
78 11
84 9
86 4
89 2
91 2
94 2
97 4
101 3
102 2
104 4
105 1
106 9
fl=./libio/./libio/fileno.c
fn=fileno
32 26
35 130
42 26
fl=./libio/./libio/fileops.c
fn=_IO_do_write@@GLIBC_2.2.5
424 109
426 66
427 73
434 18
441 36
444 9
449 45
450 45
452 27
453 18
454 9
455 18
456 36
fn=_IO_file_close
1165 1
1168 2
fn=_IO_file_close_it@@GLIBC_2.2.5
128 7
130 3
133 2
134 3
137 1
139 2
142 7
145 3
153 5
154 4
157 2
158 1
159 1
160 1
162 2
163 7
fn=_IO_file_finish@@GLIBC_2.2.5
168 6
169 2
175 3
176 3
fn=_IO_file_fopen@@GLIBC_2.2.5
213 48
214 3
222 8
223 3
224 30
227 3
228 6
247 48
281 20
284 8
287 4
288 2
357 48
fn=_IO_file_open
182 48
184 8
185 4
188 8
189 8
190 6
191 1
192 6
195 3
205 2
206 1
207 24
fn=_IO_file_overflow@@GLIBC_2.2.5
732 560
733 280
740 348
743 2
745 2
746 6
755 3
764 3
765 1
766 1
767 1
768 1
769 3
771 3
772 5
773 2
775 140
776 14
777 76
778 126
781 189
782 189
783 252
784 12
785 9
787 63
788 413
fn=_IO_file_setbuf@@GLIBC_2.2.5
382 6
383 3
386 1
388 3
390 2
391 3
fn=_IO_file_stat
1147 1
1148 2
fn=_IO_file_sync@@GLIBC_2.2.5
793 91
798 52
800 13
801 26
812 26
816 65
fn=_IO_file_write@@GLIBC_2.2.5
1174 72
1175 18
1176 54
1180 27
1181 27
1182 18
1187 9
1188 9
1190 27
1191 27
1194 54
fn=_IO_file_xsputn@@GLIBC_2.2.5
444 12
446 12
1198 81
1200 1
1204 36
1205 9
1211 36
1213 34
1214 16
1217 80
1219 99
1221 6
1228 3
1229 2
1232 18
1234 16
1236 40
1237 8
1238 24
1240 16
1244 42
1250 14
1251 35
1253 21
1264 14
1265 4
1267 3
1268 81
fn=_IO_new_file_init_internal
106 24
110 4
111 4
113 4
114 4
115 12
fl=./libio/./libio/genops.c
fn=_IO_cleanup
776 6
777 17
780 12
784 3
785 54
792 9
794 6
796 4
798 2
800 3
801 1
805 5
807 3
814 3
816 34
817 3
821 9
822 2
842 12
843 2
855 12
fn=_IO_default_finish
54 2
601 6
603 3
609 3
612 3
624 3
fn=_IO_default_setbuf
330 5
332 1
333 1
337 2
452 10
453 5
455 4
457 3
458 2
462 1
466 4
467 1
468 6
fn=_IO_default_xsputn
371 11
373 2
374 4
375 1
379 248
399 612
401 61
404 8
fn=_IO_doallocbuf
343 8
344 2
346 3
347 5
350 6
fn=_IO_enable_locks
518 1
521 3
523 1
524 9
525 3
526 1
1044 1
1058 3
fn=_IO_flush_all
686 12
687 1
691 6
692 14
695 12
697 3
698 51
700 21
708 36
709 3
713 9
714 2
718 12
fn=_IO_link_in
87 35
88 25
90 8
92 28
93 41
94 4
95 45
97 8
98 4
100 28
101 4
102 29
103 8
106 49
fn=_IO_no_init
563 44
564 4
565 4
566 8
568 4
572 24
579 4
581 4
587 4
588 24
fn=_IO_old_init
531 4
532 8
534 24
539 28
544 4
550 8
555 12
556 8
558 4
fn=_IO_setb
329 22
330 8
332 2
333 2
335 12
338 12
fn=_IO_un_link
53 5
54 10
82 5
fn=_IO_unsave_markers
937 6
939 2
944 3
946 3
fn=__GI__IO_un_link.part.0
52 40
58 24
59 44
60 4
61 59
63 12
65 8
66 12
74 9
76 45
77 4
78 29
79 8
82 36
fn=__overflow
199 10
201 6
203 6
204 4
fl=./libio/./libio/iofclose.c
fn=fclose@@GLIBC_2.2.5
34 8
48 3
49 1
51 18
52 3
53 3
57 4
58 3
71 2
76 7
fl=./libio/./libio/iofflush.c
fn=fflush
32 72
33 24
39 216
40 60
44 60
fl=./libio/./libio/iofopen.c
fn=fopen@@GLIBC_2.2.5
37 2
65 8
67 12
68 3
70 8
72 28
73 8
74 8
75 28
78 6
79 6
85 36
87 28
fl=./libio/./libio/iofwrite.c
fn=fwrite
31 81
32 18
35 54
37 161
38 44
39 63
45 50
46 9
49 81
fl=./libio/./libio/libioP.h
fn=_IO_cleanup
1025 3
1026 2
fn=_IO_default_setbuf
1025 3
1026 2
fn=_IO_default_xsputn
1025 123
1026 122
fn=_IO_do_write@@GLIBC_2.2.5
1025 27
1026 18
fn=_IO_doallocbuf
1025 3
1026 2
fn=_IO_file_close_it@@GLIBC_2.2.5
1025 3
1026 2
fn=_IO_file_doallocate
1025 3
1026 2
fn=_IO_file_xsputn@@GLIBC_2.2.5
1025 21
1026 14
fn=_IO_flush_all
1025 2
fn=__overflow
1025 6
1026 4
fn=fclose@@GLIBC_2.2.5
951 4
952 4
958 2
979 4
980 10
1025 3
1026 2
fn=fflush
979 24
980 120
1025 36
1026 24
fn=fwrite
979 18
980 88
1025 18
1026 18
fn=putc
979 4
980 20
fl=./libio/./libio/putc.c
fn=putc
25 18
28 4
30 36
31 16
34 12
fl=./libio/./libio/vsnprintf.c
fn=__vsnprintf_internal
63 36
66 18
75 54
76 18
87 36
93 234
96 54
98 108
fl=./libio/./libio/vtables.c
fn=check_stdfiles_vtables
545 1
546 4
547 3
548 3
550 1
fl=./locale/./locale/newlocale.c
fn=newlocale
43 15
55 2
56 1
63 2
66 3
73 4
75 1
277 12
fl=./locale/./locale/uselocale.c
fn=uselocale
30 2
31 6
33 4
36 4
37 2
65 6
66 6
68 6
72 6
73 2
fl=./malloc/../string/bits/string_fortified.h
fn=calloc
59 54
fn=tcache_init.part.0
59 1672
fl=./malloc/../sysdeps/unix/sysv/linux/malloc-sysdep.h
fn=_int_free_maybe_consolidate
38 54
41 3
43 3
45 6
47 3
50 5
51 10
fl=./malloc/../sysdeps/unix/sysv/linux/not-cancel.h
fn=_int_free_maybe_consolidate
75 3
fn=ptmalloc_init.part.0
97 6
fl=./malloc/./malloc/arena.c
fn=__malloc_arena_thread_freeres
55 363
147 2178
153 1506
893 162
899 36
900 18
902 36
904 72
907 54
908 54
910 36
911 18
913 72
915 144
fn=_int_free_maybe_consolidate
55 4920075
147 984015
510 36
511 36
516 20
525 108
528 18
529 18
545 2952045
572 984015
585 2952045
586 1968030
591 108
595 54
596 54
603 18
606 54
fn=_int_malloc
55 181400
147 108840
479 36280
483 108840
484 36280
485 72560
488 108840
490 507920
495 72560
498 36280
499 36280
fn=alloc_new_heap
49 72
55 36
380 162
387 54
389 36
390 18
395 126
402 54
404 78
405 7
406 42
414 88
415 22
417 11
418 55
420 33
421 15
423 19
424 55
441 108
448 72
453 36
455 18
456 18
458 162
fn=arena_get2.part.0
463 54
470 144
619 36
638 36
640 36
649 54
651 18
653 54
656 18
657 18
658 36
659 36
660 18
661 72
663 18
664 36
665 18
666 18
668 72
671 36
676 18
678 72
680 72
682 72
694 72
818 180
828 54
830 30
832 38
834 2
836 4
837 8
845 2
853 54
855 126
857 36
865 162
fn=calloc
55 36
147 216
153 74
fn=free
55 248670501
147 1492023006
153 998462169
fn=get_free_list
703 108
704 36
705 18
706 36
731 126
fn=malloc
55 1032406
147 6194436
153 6219735
264 1
fn=ptmalloc_init.part.0
262 8
267 1
292 2
296 3
300 4
301 4
302 4
303 4
304 4
305 4
306 4
308 4
309 4
310 4
313 4
314 4
316 2
326 8
fn=tcache_init.part.0
824 36
825 90
fl=./malloc/./malloc/malloc.c
fn=__malloc_arena_thread_freeres
3213 36
3215 36
3217 36
3221 54
3225 3474
3227 4753
3230 762
3231 381
3233 1524
3238 54
3248 1143
3371 762
3373 381
3375 1143
3392 762
3398 1143
3401 381
fn=_int_free
1792 2092347
1992 3150741
3163 495677180
3165 991354360
3166 247838590
3167 495677180
4495 1749516559
4499 749792811
4505 999723748
4506 499861874
4510 1249654685
4517 499861076
4518 1499584824
4521 249930518
4527 749791554
4547 1249652590
4550 247838590
4561 4184694
4572 4200988
4574 3150741
4593 1050247
4595 1050247
4596 1050247
4597 3150741
4600 3150741
4602 2100494
4616 2100494
4619 4200988
4621 4200988
4622 2100494
4628 4200988
4637 2084200
4640 2084200
4643 2084200
4644 4168400
4646 2084200
4649 4168400
4658 1499585622
fn=_int_free_maybe_consolidate
4770 11463100
4776 2084200
4778 3975548
4779 62
4781 2981661
4784 49360
4792 984015
4794 1968030
4795 1968030
4798 11463118
fn=_int_free_merge_chunk
1992 3126300
4665 8336800
4666 1042100
4670 6252600
4673 2084200
4678 3126300
4681 2084200
4682 2084200
4683 2084200
4689 2084200
4691 1010020
4692 1010020
4693 1010020
4694 4040080
4696 2020040
4701 3126300
4702 7294700
4714 2084200
4720 2084164
4721 64040
4722 64040
4724 1010062
4732 1042082
4733 4168328
4734 2084164
4736 1042082
4738 2084164
4740 3029469
4743 1042082
4744 1042082
4746 3126246
4747 1042082
4756 18
4757 54
4758 36
fn=_int_malloc
1326 4145012
1345 12435036
1794 2072466
1985 30030
2008 252
2017 2
2552 218292
2553 36372
2564 72764
2565 30
2568 40
2576 60
2577 20
2589 145488
2590 72744
2599 436456
2605 109113
2608 109116
2615 36280
2616 217680
2619 145120
2620 145120
2669 276
2677 184
2678 189
2691 276
2693 92
2699 460
2707 184
2709 368
2710 276
2711 62
2712 92
2715 184
2727 90
2728 30
2732 210
2734 60
2738 60
2742 60
2744 490
2745 1
2746 214
2752 526
2753 366
2755 64
2782 32
2783 1
2795 3
2814 2
2817 2
2818 6
2820 1
2821 6
2833 5
2847 60
2866 60
2873 31
2875 31
2876 155
2877 31
2888 93
2895 60
2896 90
2904 30
2906 30
2911 60
2921 109116
2922 36372
2926 36372
2930 181860
2932 36372
2933 36372
2934 36372
2935 254604
2936 72744
2938 36372
3159 18
3163 40016
3165 110033
3166 20018
3167 80012
3168 18
3178 1
3182 2
3186 4
3190 2
3191 2
3199 1
3846 22797566
3882 1
3887 4145012
3914 4145132
3916 4120992
3917 9999
3919 1030328
3921 2060576
3923 19998
3926 19998
3929 179982
3930 3060867
3932 19998
3933 19998
3939 19998
3940 59994
3945 49995
3946 149985
3948 39996
3950 59994
3954 319968
3977 2084436
3979 8313498
3980 4124912
3982 6187368
3984 5
3985 10
3987 5
3988 5
3989 5
3991 15
3992 4
3997 10
3998 30
4003 52
4004 26
4006 18
4008 9
4009 9
4010 18
4011 2
4012 9
4013 9
4020 5
4039 780
4040 153
4041 9
4058 6187468
4059 6187506
4060 6187506
4069 26
4070 11354960
4072 81
4073 162
4074 81
4076 162
4077 243
4079 81
4080 324
4082 324
4084 162
4085 162
4087 162
4098 324
4099 18
4100 4
4101 2
4121 1
4127 81
4128 81
4132 162
4134 2
4135 3
4140 2
4141 6
4161 164
4163 60
4164 120
4165 30
4169 1204
4170 114
4171 50
4174 100
4177 36
4179 144
4180 72
4186 16
4187 4
4188 12
4192 96
4193 138
4195 37
4196 111
4199 32
4202 42
4205 44
4206 11
4207 22
4209 11
4210 33
4212 32
4213 64
4218 56
4221 560
4222 80
4223 80
4224 80
4225 80
4230 160
4231 160
4240 320
4246 24
4248 1
4257 6187518
4259 204
4262 153
4263 2062506
4330 2062506
4331 4125012
4332 4125012
4333 4125012
4334 12375036
4339 8250022
4343 22667055
4346 24709264
4353 66
4355 26
4357 52
4361 7
4364 14
4366 5
4367 1
4368 1
4373 24
4376 12
4378 18
4381 18
4384 24
4394 6
4399 24
4400 12
4403 6
4404 6
4405 6
4408 12
4409 3
4410 12
4412 4
4415 48
4417 18
4418 6
4421 6
4443 2062500
4444 4125000
4446 4125000
4449 6187500
4451 2026113
4452 4052226
4453 2026113
4454 16208904
4456 4052226
4459 4052226
4460 6187485
4461 2062495
4466 145548
4468 10
4470 15
4471 10
4482 36392
4487 24870072
fn=alloc_new_heap
2008 72
fn=alloc_perturb
1985 6187485
1987 2062495
fn=arena_get2.part.0
1946 6894
1949 6858
1953 54
1955 18
1958 18
fn=calloc
3248 90
3699 333
3709 333
3717 74
3720 111
3722 74
3725 296
3732 37
3733 74
3740 111
3743 72
3754 111
3756 352
3759 74
3768 36
3769 130
3784 74
3787 148
3796 111
3799 185
3807 37
3809 74
3811 74
3816 38
3818 19
3819 38
3821 19
3823 38
3837 278
fn=free
3248 72
3359 1749514250
3363 499861708
3371 499861132
3373 249930566
3375 749791698
3379 30
3381 40
3383 2
3384 2
3385 1
3388 20
3392 749791668
3398 749791668
3401 249930566
3402 1499583684
fn=malloc
1326 499861034
1345 1214548455
3178 495716134
3182 495716134
3186 991432268
3190 495716134
3191 247858067
3248 4
3294 1999444136
3301 499861034
3311 429652774
3313 999722068
3316 499861034
3318 749791458
3326 4144900
3328 4120060
3329 5150075
3334 8339480
3336 3127305
3339 2084870
3347 4169740
3351 6244577
3354 1499583102
fn=malloc_consolidate
4811 351
4826 39
4828 78
4839 39
4841 780
4842 780
4845 2040498
4849 3060747
4850 4080996
4855 5101245
4858 2040498
4859 1020249
4860 3060747
4862 2040498
4863 30225
4864 30225
4865 30225
4866 120900
4868 362700
4871 2040498
4874 2040498
4875 989942
4876 7919536
4878 60614
4880 1020249
4881 2040498
4882 2040498
4884 2040498
4885 831434
4889 3060747
4891 1020249
4892 3000133
4901 3060630
4904 1170
4905 312
fn=munmap_chunk
3024 20
3025 20
3026 30
3028 20
3030 10
3031 30
3032 10
3038 40
3039 50
3042 10
3043 30
3048 20
3049 10
fn=ptmalloc_init.part.0
1946 385
1949 381
1957 1
1958 1
1960 1
3143 2
fn=sysmalloc_mmap.isra.0
2008 40
2400 60
2413 30
2418 20
2421 100
2424 20
2428 20
2432 40
2448 30
2466 10
2467 30
2471 30
2472 50
2475 30
2476 50
2481 70
fn=sysmalloc_mmap_fallback.constprop.0
2008 120
2490 330
2494 30
2497 90
2498 5
2501 60
2502 60
2505 60
2506 30
2508 270
2511 60
2515 60
2519 120
2524 30
2526 30
2528 270
fn=tcache_init.part.0
3242 76
3251 80
3252 75
3253 38
3260 36
3261 76
3268 36
3270 38
3274 57
fn=unlink_chunk.isra.0
1608 4124426
1610 10311065
1613 4124426
1614 4124426
1616 8248852
1619 2062213
1620 2062213
1621 8400839
1623 8
1624 12
1627 8
1641 4
1642 4
1645 4124426
fl=./malloc/./malloc/morecore.c
fn=__glibc_morecore
25 279
26 186
27 30
29 93
30 186
34 186
fl=./malloc/./malloc/scratch_buffer_set_array_size.c
fn=__libc_scratch_buffer_set_array_size
30 65
34 5
35 10
45 10
46 5
63 30
fl=./malloc/./malloc/thread-freeres.c
fn=__libc_thread_freeres
31 54
33 18
35 18
36 18
37 18
41 18
42 18
fl=./math/../sysdeps/ieee754/dbl-64/e_log.c
fn=__ieee754_log_fma
39 2000000
49 1000000
61 5000000
65 187083
67 62361
68 62361
69 62361
70 187083
71 249444
72 311805
75 249444
76 62361
77 124722
78 124722
79 124722
80 187083
81 62361
82 62361
83 62361
85 2812917
102 1875278
103 1875278
104 937639
105 2812917
106 4688195
114 2812917
119 1875278
122 1875278
123 937639
124 2812917
127 937639
130 8438751
131 937639
fl=./math/../sysdeps/ieee754/dbl-64/math_config.h
fn=__ieee754_log_fma
85 1000000
fl=./math/../sysdeps/x86_64/fpu/multiarch/e_asin.c
fn=__acos_finite@GLIBC_2.15
35 1
fn=__asin_finite@GLIBC_2.15
27 2
fl=./math/../sysdeps/x86_64/fpu/multiarch/e_atan2.c
fn=__atan2_finite@GLIBC_2.15
26 2
fl=./math/../sysdeps/x86_64/fpu/multiarch/e_exp.c
fn=__exp_finite@GLIBC_2.15
27 2
fl=./math/../sysdeps/x86_64/fpu/multiarch/e_exp2f.c
fn=exp2f@@GLIBC_2.27
27 2
fl=./math/../sysdeps/x86_64/fpu/multiarch/e_expf.c
fn=expf@@GLIBC_2.27
27 2
fl=./math/../sysdeps/x86_64/fpu/multiarch/e_log.c
fn=__log_finite@GLIBC_2.15
27 2
fl=./math/../sysdeps/x86_64/fpu/multiarch/e_log2.c
fn=log2@@GLIBC_2.29
27 2
fl=./math/../sysdeps/x86_64/fpu/multiarch/e_log2f.c
fn=log2f@@GLIBC_2.27
27 2
fl=./math/../sysdeps/x86_64/fpu/multiarch/e_logf.c
fn=logf@@GLIBC_2.27
27 2
fl=./math/../sysdeps/x86_64/fpu/multiarch/e_pow.c
fn=__pow_finite@GLIBC_2.15
27 2
fl=./math/../sysdeps/x86_64/fpu/multiarch/e_powf.c
fn=powf@@GLIBC_2.27
30 1
fl=./math/../sysdeps/x86_64/fpu/multiarch/ifunc-avx-fma4.h
fn=__atan2_finite@GLIBC_2.15
32 5
33 2
fn=__exp_finite@GLIBC_2.15
32 5
33 2
fn=__log_finite@GLIBC_2.15
32 5
33 2
fn=cos
32 5
33 2
fn=sin
32 5
33 2
fl=./math/../sysdeps/x86_64/fpu/multiarch/ifunc-fma.h
fn=__log1p
29 4
30 3
fn=cosf
29 4
30 3
fn=exp2f@@GLIBC_2.27
29 4
30 3
fn=expf@@GLIBC_2.27
29 4
30 3
fn=expm1
29 4
30 3
fn=log2@@GLIBC_2.29
29 4
30 3
fn=log2f@@GLIBC_2.27
29 4
30 3
fn=logf@@GLIBC_2.27
29 4
30 3
fn=powf@@GLIBC_2.27
29 4
30 4
fn=sincosf
29 4
30 3
fn=sinf
29 4
30 3
fl=./math/../sysdeps/x86_64/fpu/multiarch/ifunc-fma4.h
fn=__acos_finite@GLIBC_2.15
31 4
32 2
35 1
fn=__asin_finite@GLIBC_2.15
31 4
32 2
fn=__pow_finite@GLIBC_2.15
31 4
32 2
fn=sincos
31 4
32 2
fl=./math/../sysdeps/x86_64/fpu/multiarch/s_cosf.c
fn=cosf
26 2
fl=./math/../sysdeps/x86_64/fpu/multiarch/s_expm1.c
fn=expm1
26 2
fl=./math/../sysdeps/x86_64/fpu/multiarch/s_fma.c
fn=fma
49 6
fl=./math/../sysdeps/x86_64/fpu/multiarch/s_log1p.c
fn=__log1p
26 2
fl=./math/../sysdeps/x86_64/fpu/multiarch/s_sin.c
fn=cos
34 2
fn=sin
27 2
fl=./math/../sysdeps/x86_64/fpu/multiarch/s_sincos.c
fn=sincos
26 2
fl=./math/../sysdeps/x86_64/fpu/multiarch/s_sincosf.c
fn=sincosf
26 2
fl=./math/../sysdeps/x86_64/fpu/multiarch/s_sinf.c
fn=sinf
26 2
fl=./math/./w_log_template.c
fn=log@@GLIBC_2.29
31 1000000
32 3000000
41 1000000
fl=./misc/../sysdeps/unix/syscall-template.S
fn=madvise
117 180
122 36
fn=mprotect
117 181615
122 36323
fn=munmap
117 195
122 39
fl=./misc/../sysdeps/unix/sysv/linux/brk.c
fn=brk
36 93
37 186
38 186
40 60
41 60
44 63
45 63
fl=./misc/../sysdeps/unix/sysv/linux/brk_call.h
fn=brk
24 186
fl=./misc/../sysdeps/unix/sysv/linux/clone-internal.c
fn=__clone_internal
53 36
62 36
64 144
80 54
82 4
83 4
86 1
97 216
99 36
106 18
109 36
110 144
fl=./misc/../sysdeps/unix/sysv/linux/getpagesize.c
fn=getpagesize
27 36
28 144
30 36
fl=./misc/../sysdeps/unix/sysv/linux/getsysstats.c
fn=get_nprocs
215 9
216 6
217 6
222 6
fn=read_sysfs_file
72 18
73 6
76 3
78 12
79 6
102 3
103 6
105 6
139 36
148 9
150 9
151 6
158 15
159 9
166 6
168 3
169 12
170 9
177 9
178 9
180 3
181 15
184 6
190 36
fl=./misc/../sysdeps/unix/sysv/linux/mmap64.c
fn=mmap
47 714
50 204
53 604
58 612
60 408
fl=./misc/../sysdeps/unix/sysv/linux/not-cancel.h
fn=read_sysfs_file
75 6
76 3
fl=./misc/../sysdeps/unix/sysv/linux/setvmaname.c
fn=__set_vma_name
33 670
35 481
40 14
47 2
48 1
49 855
fl=./misc/../sysdeps/unix/sysv/linux/writev.c
fn=writev
25 161
26 345
27 46
fl=./misc/../sysdeps/unix/sysv/linux/x86_64/clone.S
fn=clone
52 18
54 18
55 18
56 18
59 18
60 18
63 18
65 18
69 18
72 18
73 18
74 18
75 18
76 18
81 18
83 36
84 36
85 36
87 18
95 18
98 18
99 18
100 18
fl=./misc/../sysdeps/unix/sysv/linux/x86_64/clone3.S
fn=clone3
42 1
44 1
45 1
46 1
47 1
48 1
52 1
55 1
60 1
62 1
63 1
86 5
fl=./misc/./misc/init-misc.c
fn=__init_misc
30 5
31 6
33 3
37 5
38 3
40 4
fl=./misc/./misc/sbrk.c
fn=sbrk
37 744
40 186
43 186
50 30
58 186
59 4
62 186
63 2
66 368
74 276
78 651
fl=./nptl/../include/list.h
fn=__nptl_deallocate_stack
43 36
44 36
45 18
47 18
55 54
56 18
fn=__nptl_free_stacks
55 42
56 14
fn=__nptl_stack_list_add
43 90
45 18
47 18
fl=./nptl/../nptl/descr.h
fn=__pthread_enable_asynccancel
439 74
fl=./nptl/../sysdeps/nptl/futex-internal.h
fn=__futex_abstimed_wait_cancelable64
87 6
fn=__lll_lock_wait
87 9986
146 81424
147 20356
fn=__pthread_once_slow
209 16
fn=start_thread
146 18
fl=./nptl/../sysdeps/unix/sysv/linux/internal-signals.h
fn=pthread_create@@GLIBC_2.34
81 126
89 108
fn=start_thread
89 90
fl=./nptl/../sysdeps/unix/sysv/linux/internal-sigset.h
fn=pthread_create@@GLIBC_2.34
34 18
102 18
103 18
fn=start_thread
102 54
fl=./nptl/../sysdeps/unix/sysv/linux/rseq-internal.h
fn=start_thread
32 36
40 18
fl=./nptl/../sysdeps/unix/sysv/linux/sigsetops.h
fn=pthread_create@@GLIBC_2.34
54 1
104 2
fl=./nptl/../sysdeps/unix/sysv/linux/x86/elision-conf.c
fn=__lll_elision_init
92 8
96 5
98 4
100 4
102 4
104 4
107 3
108 1
109 6
fl=./nptl/../sysdeps/x86/nptl/tls-setup.h
fn=pthread_create@@GLIBC_2.34
22 36
fl=./nptl/./nptl-stack.h
fn=pthread_create@@GLIBC_2.34
61 180
fl=./nptl/./nptl/allocatestack.c
fn=name_stack_maps
587 216
589 180
593 72
595 72
596 126
599 18
600 36
601 54
603 180
605 252
fn=pthread_create@@GLIBC_2.34
66 72
74 72
99 72
166 54
170 126
219 72
223 54
228 54
238 36
328 36
329 108
333 54
343 108
347 108
351 36
352 54
353 18
366 252
369 72
374 72
380 36
385 36
386 18
395 36
407 36
408 36
411 36
416 36
419 18
426 18
429 108
442 72
445 126
447 108
454 90
477 54
506 90
532 18
537 18
542 18
545 18
547 72
558 72
563 36
fn=start_thread
189 36
191 90
192 36
193 36
194 90
fl=./nptl/./nptl/cancellation.c
fn=__pthread_disable_asynccancel
63 37
66 111
71 111
74 74
76 111
83 111
fn=__pthread_enable_asynccancel
31 37
32 37
33 74
37 74
39 74
42 148
45 74
56 74
fl=./nptl/./nptl/cleanup_compat.c
fn=_pthread_cleanup_pop@@GLIBC_2.34
40 20
43 40
47 40
49 20
fn=_pthread_cleanup_push@@GLIBC_2.34
25 20
28 20
29 20
30 40
32 20
33 20
fl=./nptl/./nptl/futex-internal.c
fn=__futex_abstimed_wait_cancelable64
57 54
77 6
80 6
83 9
84 6
103 24
113 3
138 24
141 18
fl=./nptl/./nptl/libc-cleanup.c
fn=__libc_cleanup_pop_restore
54 10
55 10
57 20
59 10
60 30
71 10
fn=__libc_cleanup_push_defer
24 10
25 10
27 20
29 20
32 20
46 30
48 10
49 10
fl=./nptl/./nptl/lowlevellock.c
fn=__lll_lock_wait
41 19972
42 29958
45 49464
48 10178
fn=__lll_lock_wake
63 12214
64 61070
65 12214
fl=./nptl/./nptl/nptl-stack.c
fn=__nptl_deallocate_stack
29 18
37 18
44 54
52 18
104 54
105 54
107 28
112 108
113 90
117 18
123 36
129 72
130 72
fn=__nptl_free_stacks
29 14
37 14
58 140
65 84
69 14
70 42
76 42
79 28
83 70
87 28
91 112
fn=__nptl_stack_list_add
43 18
44 72
52 18
53 18
fl=./nptl/./nptl/nptl_deallocate_tsd.c
fn=__nptl_deallocate_tsd
23 18
28 72
110 18
fl=./nptl/./nptl/nptl_free_tcb.c
fn=__nptl_free_tcb
25 108
27 36
31 54
42 36
44 36
fl=./nptl/./nptl/pthread_attr_copy.c
fn=__pthread_attr_copy
25 234
29 144
32 18
38 54
61 144
62 18
63 198
fl=./nptl/./nptl/pthread_attr_destroy.c
fn=pthread_attr_destroy
26 18
36 54
44 36
fl=./nptl/./nptl/pthread_create.c
fn=create_thread
236 216
240 90
244 36
247 36
248 36
287 198
290 18
297 72
298 36
303 18
309 36
321 36
332 18
333 198
fn=pthread_create@@GLIBC_2.34
81 2
82 1
83 4
90 6
609 72
626 288
632 36
635 1
638 3
644 18
645 72
647 72
648 36
650 36
663 1
674 18
677 18
683 36
684 36
685 18
688 18
689 72
690 54
694 18
695 72
700 72
703 72
708 36
709 36
713 36
718 36
730 36
731 36
751 36
752 3
755 54
757 18
767 18
772 36
780 54
791 36
836 126
843 36
883 36
893 36
897 36
898 36
901 234
fn=start_thread
338 198
345 36
367 72
370 18
373 54
377 18
388 90
405 72
419 36
423 108
426 36
429 36
431 36
433 18
437 36
447 72
448 18
452 18
455 18
458 18
461 54
492 36
494 36
508 108
515 90
516 36
517 72
552 54
553 54
556 54
573 54
578 72
599 90
fl=./nptl/./nptl/pthread_getattr_default_np.c
fn=pthread_getattr_default_np@@GLIBC_2.34
24 108
25 72
26 54
27 72
29 54
fl=./nptl/./nptl/pthread_join.c
fn=pthread_join@@GLIBC_2.34
23 18
24 72
fl=./nptl/./nptl/pthread_join_common.c
fn=__pthread_clockjoin_ex
39 216
43 108
48 90
52 18
55 18
57 36
58 36
74 90
84 36
89 108
94 81
102 15
104 12
111 72
114 18
118 18
121 36
125 54
130 18
133 198
fl=./nptl/./nptl/pthread_mutex_conf.c
fn=__pthread_tunables_init
55 8
56 5
58 4
60 4
62 6
fl=./nptl/./nptl/pthread_mutex_lock.c
fn=pthread_mutex_lock@@GLIBC_2.2.5
44 104076448
45 416305792
48 416345736
77 520382240
80 312229344
82 104076448
84 208152896
88 208152896
90 312229230
94 312229230
97 76
108 152
112 38
115 76
124 104076448
130 114
131 76
179 104076448
182 104076448
184 104076448
187 104076448
190 312229344
fl=./nptl/./nptl/pthread_mutex_unlock.c
fn=pthread_mutex_unlock@@GLIBC_2.2.5
39 104076448
40 416305792
43 416354648
51 312229344
52 208152896
57 208152896
62 104076448
65 104076448
70 104076448
72 104076448
74 76
80 152
84 114
87 76
367 416305792
369 208152896
fl=./nptl/./nptl/pthread_once.c
fn=__pthread_once_slow
68 22
76 2
80 4
88 4
92 4
101 8
114 26
116 2
118 6
124 2
132 20
fn=pthread_once@@GLIBC_2.34
136 18
139 18
140 36
143 2
144 32
fl=./posix/../malloc/dynarray-skeleton.c
fn=__unregister_atfork
243 5
fl=./posix/../sysdeps/unix/sysv/linux/_exit.c
fn=_Exit
27 2
30 4
fl=./posix/./posix/register-atfork.c
fn=__unregister_atfork
71 10
82 30
83 20
109 20
110 15
fl=./resolv/./resolv/res-close.c
fn=__res_thread_freeres
131 126
132 18
134 90
142 108
fl=./resolv/./resolv/resolv_context.c
fn=__resolv_context_freeres
242 162
244 36
245 18
246 36
252 144
fl=./resource/../sysdeps/unix/sysv/linux/getrlimit64.c
fn=getrlimit
38 2
39 7
40 1
fl=./setjmp/../sysdeps/x86_64/bsd-_setjmp.S
fn=_setjmp
28 19
30 19
32 19
fl=./setjmp/../sysdeps/x86_64/setjmp.S
fn=__sigsetjmp
31 33
33 33
42 33
43 66
44 33
48 33
49 33
50 33
51 33
52 33
54 66
56 33
57 33
58 33
60 66
62 33
67 19
68 19
70 14
73 14
74 14
81 14
82 14
85 19
fl=./setjmp/./setjmp/sigjmp.c
fn=__sigjmp_save
28 114
29 19
30 38
34 76
fl=./signal/../string/bits/string_fortified.h
fn=__libc_sigaction
29 16
fl=./signal/../sysdeps/unix/sysv/linux/libc_sigaction.c
fn=__libc_sigaction
43 8
48 2
50 2
53 5
58 11
63 4
71 6
fl=./stdio-common/../include/printf_buffer.h
fn=__printf_buffer
163 72
fl=./stdio-common/../string/bits/string_fortified.h
fn=__printf_buffer_write
29 108
fl=./stdio-common/./stdio-common/Xprintf_buffer_done.c
fn=__printf_buffer_done
25 18
26 54
31 36
33 216
40 18
fl=./stdio-common/./stdio-common/Xprintf_buffer_write.c
fn=__printf_buffer_write
27 432
28 162
31 252
33 180
36 36
37 72
40 108
41 36
44 324
fl=./stdio-common/./stdio-common/_itoa.c
fn=_itoa_word
169 18
172 72
174 36
183 1044
192 36
fl=./stdio-common/./stdio-common/printf-parse.h
fn=__printf_buffer
82 162
fl=./stdio-common/./stdio-common/snprintf.c
fn=snprintf
26 216
30 108
31 54
35 90
fl=./stdio-common/./stdio-common/vfprintf-internal.c
fn=__printf_buffer
600 270
627 90
631 18
634 18
638 72
642 18
653 54
654 36
655 54
659 36
663 144
683 18
684 18
685 18
686 18
687 18
690 36
691 18
692 18
693 18
694 18
695 18
698 18
699 18
705 252
784 18
883 18
973 54
1018 18
1024 18
1028 54
1029 36
1031 36
1044 198
fl=./stdio-common/./stdio-common/vfprintf-process-arg.c
fn=__printf_buffer
66 18
67 18
92 18
93 18
94 18
126 36
128 36
130 36
131 144
136 54
138 36
155 270
161 162
166 108
170 36
186 90
187 162
195 90
197 54
199 72
201 126
206 36
208 72
211 36
224 36
233 36
236 36
240 90
fl=./stdlib/../stdlib/strtol.c
fn=__isoc23_strtoul
125 6
126 30
fl=./stdlib/../stdlib/strtol_l.c
fn=____strtoul_l_internal
238 78
252 6
257 6
258 6
264 12
292 6
295 24
304 36
306 12
310 6
311 12
316 12
320 12
322 6
327 12
335 6
342 12
345 24
390 18
391 18
393 6
394 6
395 6
449 18
451 66
453 45
460 12
477 18
478 6
481 27
484 36
489 21
490 27
495 12
500 18
501 6
513 12
524 30
546 54
fl=./stdlib/./stdlib/cxa_atexit.c
fn=__cxa_atexit
41 24
43 96
44 24
46 24
52 36
53 12
54 12
55 12
56 12
57 48
58 12
67 84
69 72
fn=__new_exitfn
80 60
81 12
86 24
91 76
93 48
94 55
101 1
104 22
122 1
123 1
129 33
130 22
134 1
136 12
137 12
141 60
fl=./stdlib/./stdlib/cxa_finalize.c
fn=__cxa_finalize
30 50
33 35
36 35
40 196
41 132
43 22
45 11
76 11
78 33
81 44
82 33
83 44
87 33
93 35
97 30
105 10
106 20
107 40
fl=./stdlib/./stdlib/cxa_thread_atexit_impl.c
fn=__call_tls_dtors
148 95
149 152
153 57
155 38
156 38
162 38
163 38
165 76
fn=__cxa_thread_atexit_impl
102 171
103 57
106 57
107 38
110 38
111 19
112 57
113 19
117 57
120 38
124 38
128 95
136 19
137 38
139 38
142 133
fl=./stdlib/./stdlib/exit.c
fn=__run_exit_handlers
38 12
40 2
41 2
43 5
54 2
56 2
60 1
64 39
66 24
67 12
69 106
94 2
101 1
102 1
103 1
104 3
107 4
108 3
109 4
113 3
119 3
120 2
126 4
128 2
129 2
131 2
fn=exit
137 3
138 4
fl=./stdlib/./stdlib/getenv.c
fn=getenv
24 9
25 8
28 2
29 191
31 94
32 30
37 9
fl=./stdlib/./stdlib/secure-getenv.c
fn=secure_getenv
28 1
29 5
fl=./string/../include/rtld-malloc.h
fn=strdup
56 28
fl=./string/../string/strcspn.c
fn=strcspn
32 6
33 3
34 2
39 6
40 4
41 4
42 4
44 1
47 9
48 6
51 4
52 4
53 4
54 4
56 3
61 13
62 26
63 26
64 26
65 13
67 78
69 1
70 4
71 3
fl=./string/../string/strstr.c
fn=__GI_strstr
77 12
82 3
84 5
85 2
86 2
161 12
fl=./string/../sysdeps/unix/sysv/linux/tls-internal.c
fn=__glibc_tls_internal_free
24 90
25 18
26 36
27 36
28 36
fl=./string/../sysdeps/x86/cacheinfo.c
fn=__x86_cacheinfo
86 1
fl=./string/../sysdeps/x86/cacheinfo.h
fn=__x86_cacheinfo
59 1
62 3
64 3
65 1
71 3
73 3
74 1
78 2
80 2
81 2
82 2
84 2
86 2
fl=./string/../sysdeps/x86_64/multiarch/../multiarch/memcmp-sse2.S
fn=bcmp
59 7
71 7
72 7
94 1
95 1
140 1
141 1
143 1
144 1
146 1
147 1
149 1
150 1
197 1
198 1
199 1
200 1
201 1
202 1
255 6
257 6
258 6
259 6
260 6
261 6
262 6
269 6
271 6
273 6
274 6
275 6
276 6
277 6
281 6
289 6
fl=./string/../sysdeps/x86_64/multiarch/../multiarch/memset-vec-unaligned-erms.S
fn=memset
132 91
133 455
138 91
139 91
142 66
143 66
145 25
146 25
147 25
244 41
245 41
257 41
260 41
261 41
273 41
274 41
287 41
288 41
290 41
293 22
296 44
299 112
300 112
301 112
302 112
303 112
304 112
305 112
308 41
309 41
310 41
311 41
316 41
350 25
352 25
353 25
392 25
393 25
395 25
fl=./string/../sysdeps/x86_64/multiarch/../multiarch/strchr-sse2.S
fn=index
32 37
33 37
34 37
35 37
36 37
37 37
38 37
39 37
40 37
41 37
42 37
43 37
44 37
45 37
46 37
47 37
48 37
49 37
50 24
54 24
55 24
56 24
57 24
59 24
63 13
64 13
65 13
66 13
67 13
68 13
69 13
70 13
71 13
72 13
73 13
74 13
75 13
76 13
77 13
78 13
79 13
80 13
81 13
82 13
83 13
84 13
85 13
86 13
138 13
142 13
143 13
144 13
145 13
147 13
fl=./string/../sysdeps/x86_64/multiarch/../multiarch/strcmp-sse2.S
fn=strcmp
98 2570
131 2570
132 2570
134 2570
135 2570
156 2570
157 2570
158 2382
159 2382
160 2280
161 2280
162 2280
163 2280
180 2280
181 2280
182 2280
183 2280
184 2280
185 2280
186 2280
191 72
192 216
201 362
202 362
203 362
204 362
205 362
206 362
207 362
208 362
209 274
210 156
211 156
212 156
214 274
215 274
216 274
217 274
218 274
219 274
229 88
230 88
231 88
233 88
239 88
240 88
241 88
242 88
243 88
248 88
250 76
251 76
252 152
260 78
261 78
264 78
265 78
266 78
267 78
268 78
269 78
275 2
276 2
277 2
280 2
281 2
282 2
283 2
284 2
285 2
290 2
291 2
300 6
301 6
302 6
303 6
304 6
306 6
307 6
308 6
309 6
310 6
311 6
312 6
313 6
316 6
317 6
318 6
324 6
325 6
326 12
330 6
331 6
334 6
335 6
336 6
338 6
339 6
340 6
344 6
345 6
346 6
347 6
348 6
349 6
424 4
425 4
426 4
427 4
428 4
430 4
431 4
432 4
433 4
434 4
435 4
436 4
437 4
440 4
441 4
442 4
448 4
449 4
450 8
454 4
455 4
458 4
459 4
460 4
462 4
463 4
464 4
468 4
469 4
470 4
471 4
472 4
473 4
480 2
481 2
483 2
484 2
486 2
487 2
488 2
490 2
491 2
492 2
496 2
497 2
498 2
499 2
500 2
501 2
542 4
543 4
544 4
545 4
546 4
548 4
549 4
550 4
551 4
552 4
553 4
554 4
555 4
559 4
560 4
561 4
567 4
568 4
569 8
573 4
574 4
577 4
578 4
579 4
581 4
582 4
583 4
587 4
588 4
589 4
590 4
591 4
592 4
599 3
600 3
602 3
603 3
605 3
606 3
607 3
609 3
610 3
611 3
615 3
616 3
617 3
618 3
619 3
620 3
661 8
662 8
663 8
664 8
665 8
667 8
668 8
669 8
670 8
671 8
672 8
673 8
674 7
678 7
679 7
680 7
686 7
687 7
688 14
692 8
693 8
696 8
697 8
698 8
700 8
701 8
702 8
706 8
707 8
708 8
709 8
710 8
711 8
718 2
719 2
721 2
722 2
724 2
725 2
726 2
728 2
729 2
730 2
734 2
735 2
736 2
737 2
738 2
739 2
746 1
747 1
748 1
780 4
781 4
782 4
783 4
784 4
786 4
787 4
788 4
789 4
790 4
791 4
792 4
793 3
797 3
798 3
799 3
805 3
806 3
807 6
811 3
812 3
815 3
816 3
817 3
819 3
820 3
821 3
825 3
826 3
827 3
828 3
829 3
830 3
837 1
838 1
840 1
841 1
843 1
844 1
845 1
847 1
848 1
849 1
853 1
854 1
855 1
856 1
857 1
858 1
899 12
900 12
901 12
902 12
903 12
905 12
906 12
907 12
908 12
909 12
910 12
911 12
912 11
916 11
917 11
918 11
924 11
925 11
926 22
930 11
931 11
934 11
935 11
936 11
938 11
939 11
940 11
944 11
945 11
946 11
947 11
948 11
949 11
956 4
957 4
959 4
960 4
962 4
963 4
964 4
966 4
967 4
968 4
972 4
973 4
974 4
975 4
976 4
977 4
1018 7
1019 7
1020 7
1021 7
1022 7
1024 7
1025 7
1026 7
1027 7
1028 7
1029 7
1030 7
1031 5
1035 5
1036 5
1037 5
1043 5
1044 5
1045 10
1049 5
1050 5
1053 5
1054 5
1055 5
1057 5
1058 5
1059 5
1063 5
1064 5
1065 5
1066 5
1067 5
1068 5
1137 22
1138 22
1139 22
1140 22
1141 22
1143 22
1144 22
1145 22
1146 22
1147 22
1148 22
1149 22
1150 13
1154 13
1155 13
1156 13
1162 13
1163 13
1164 26
1168 14
1169 14
1172 14
1173 14
1174 14
1176 14
1177 14
1178 14
1182 14
1183 14
1184 14
1185 14
1186 14
1187 14
1194 5
1195 5
1197 5
1198 5
1200 5
1201 5
1202 5
1204 5
1205 5
1206 5
1210 5
1211 5
1212 5
1213 5
1214 5
1215 5
1222 1
1223 1
1224 1
1256 20
1257 20
1258 20
1259 20
1260 20
1262 20
1263 20
1264 20
1265 20
1266 20
1267 20
1268 20
1269 11
1273 11
1274 11
1275 11
1281 11
1282 11
1283 22
1287 14
1288 14
1291 14
1292 14
1293 14
1295 14
1296 14
1297 14
1301 14
1302 14
1303 14
1304 14
1305 14
1306 14
1313 6
1314 6
1316 6
1317 6
1319 6
1320 6
1321 6
1323 6
1324 6
1325 6
1329 6
1330 6
1331 6
1332 6
1333 6
1334 6
1341 3
1342 3
1343 3
1375 20
1376 20
1377 20
1378 20
1379 20
1381 20
1382 20
1383 20
1384 20
1385 20
1386 20
1387 20
1388 15
1392 15
1393 15
1394 15
1400 15
1401 15
1402 30
1406 16
1407 16
1410 16
1411 16
1412 16
1414 16
1415 16
1416 16
1420 16
1421 16
1422 16
1423 16
1424 16
1425 16
1432 4
1433 4
1435 4
1436 4
1438 4
1439 4
1440 4
1442 4
1443 4
1444 4
1448 4
1449 4
1450 4
1451 4
1452 4
1453 4
1460 1
1461 1
1462 1
1494 21
1495 21
1496 21
1497 21
1498 21
1500 21
1501 21
1502 21
1503 21
1504 21
1505 21
1506 21
1507 10
1511 10
1512 10
1513 10
1519 10
1520 10
1521 20
1525 11
1526 11
1529 11
1530 11
1531 11
1533 11
1534 11
1535 11
1539 11
1540 11
1541 11
1542 11
1543 11
1544 11
1551 3
1552 3
1554 3
1555 3
1557 3
1558 3
1559 3
1561 3
1562 3
1563 3
1567 3
1568 3
1569 3
1570 3
1571 3
1572 3
1579 1
1580 1
1581 1
1613 47
1614 47
1615 47
1616 47
1617 47
1619 47
1620 47
1621 47
1622 47
1623 47
1624 47
1625 47
1626 12
1630 12
1631 12
1632 12
1638 12
1639 12
1640 24
1644 14
1645 14
1648 14
1649 14
1650 14
1652 14
1653 14
1654 14
1658 14
1659 14
1660 14
1661 14
1662 14
1663 14
1670 7
1671 7
1673 7
1674 7
1676 7
1677 7
1678 7
1680 7
1681 7
1682 7
1686 7
1687 7
1688 7
1689 7
1690 7
1691 7
1698 2
1699 2
1700 2
1732 41
1733 41
1734 41
1735 41
1736 41
1738 41
1739 41
1740 41
1741 41
1742 41
1743 41
1744 41
1745 24
1749 24
1750 24
1751 24
1757 24
1758 24
1759 48
1763 25
1764 25
1767 25
1768 25
1769 25
1771 25
1772 25
1773 25
1777 25
1778 25
1779 25
1780 25
1781 25
1782 25
1789 8
1790 8
1792 8
1793 8
1795 8
1796 8
1797 8
1799 8
1800 8
1801 8
1805 8
1806 8
1807 8
1808 8
1809 8
1810 8
1817 1
1818 1
1819 1
1851 26
1852 26
1853 26
1854 26
1855 26
1857 26
1858 26
1859 26
1860 26
1861 26
1862 26
1863 26
1864 20
1868 20
1869 20
1870 20
1876 20
1877 20
1878 40
1882 21
1883 21
1886 21
1887 21
1888 21
1890 21
1891 21
1892 21
1896 21
1897 21
1898 21
1899 21
1900 21
1901 21
1908 3
1909 3
1911 3
1912 3
1914 3
1915 3
1916 3
1918 3
1919 3
1920 3
1924 3
1925 3
1926 3
1927 3
1928 3
1929 3
1936 1
1937 1
1938 1
1970 32
1971 32
1972 32
1973 32
1974 32
1976 32
1977 32
1978 32
1979 32
1980 32
1981 32
1982 32
1984 11
1988 11
1989 11
1990 11
1996 11
1997 11
1999 22
2003 13
2004 13
2007 13
2008 13
2009 13
2011 13
2012 13
2013 13
2017 13
2018 13
2019 13
2020 13
2021 13
2022 13
2029 5
2030 5
2032 5
2033 5
2035 5
2036 5
2037 5
2039 5
2040 5
2041 5
2045 5
2046 5
2047 5
2048 5
2049 5
2050 5
2057 2
2058 2
2059 2
2093 232
2095 362
2096 362
2097 362
2098 362
2099 312
2104 2570
2110 2570
2111 2570
2119 2570
2120 2570
fn=strncmp
98 1
125 1
126 1
127 1
128 1
129 1
131 1
132 1
134 1
135 1
156 1
157 1
158 1
159 1
160 1
161 1
162 1
163 1
180 1
181 1
182 1
183 1
184 1
185 1
186 1
2104 1
2107 1
2108 1
2110 1
2111 1
2119 1
2120 1
fl=./string/../sysdeps/x86_64/multiarch/../multiarch/strlen-sse2.S
fn=strlen
57 46
101 46
102 46
103 46
104 46
105 46
106 46
107 46
109 46
111 46
142 45
143 45
144 45
145 45
146 45
147 14
149 14
153 31
154 31
155 31
156 31
157 31
158 31
159 31
160 31
161 31
162 31
163 31
164 31
169 246
173 1
174 14
175 8
243 2
244 2
245 2
246 2
247 2
248 2
249 2
250 2
252 1
254 1
255 1
256 1
257 1
258 1
259 1
260 1
261 1
262 1
266 1
268 1
269 14
271 1
272 1
273 1
275 1
fl=./string/../sysdeps/x86_64/multiarch/ifunc-avx2.h
fn=memrchr
38 4
40 3
41 2
42 3
45 2
46 2
49 3
52 6
fn=rindex
38 4
40 3
41 2
42 3
45 2
46 2
49 3
52 6
fn=strchrnul
38 4
40 3
41 2
42 3
45 2
46 2
49 3
52 6
fn=strlen
38 8
40 6
41 4
42 6
45 4
46 4
49 6
52 12
fn=strnlen
38 8
40 6
41 4
42 6
45 4
46 4
49 6
52 12
fl=./string/../sysdeps/x86_64/multiarch/ifunc-evex.h
fn=memchr
37 8
38 6
39 6
42 4
43 4
45 4
51 6
54 8
fl=./string/../sysdeps/x86_64/multiarch/ifunc-memcmp.h
fn=bcmp
34 10
35 4
36 4
37 6
40 4
41 4
44 6
47 8
fl=./string/../sysdeps/x86_64/multiarch/ifunc-memmove.h
fn=memcpy@@GLIBC_2.14
56 6
57 9
60 9
61 6
74 6
77 6
85 6
93 6
96 15
fn=memmove
56 6
57 9
60 9
61 6
74 6
77 6
85 6
93 6
96 15
fn=mempcpy
56 2
57 3
60 3
61 2
74 2
77 2
85 2
93 2
96 5
fl=./string/../sysdeps/x86_64/multiarch/ifunc-memset.h
fn=memset
54 15
57 9
58 6
64 6
73 6
75 6
85 6
93 6
96 15
fl=./string/../sysdeps/x86_64/multiarch/ifunc-sse4_2.h
fn=strcspn
36 5
fn=strpbrk
36 5
fn=strspn
36 5
fl=./string/../sysdeps/x86_64/multiarch/ifunc-strcasecmp.h
fn=strcasecmp
36 4
37 2
38 3
41 2
42 2
45 3
48 5
fn=strcasecmp_l
36 4
37 2
38 3
41 2
42 2
45 3
48 5
fn=strncasecmp
36 4
37 2
38 3
41 2
42 2
45 3
48 5
fn=strncasecmp_l
36 4
37 2
38 3
41 2
42 2
45 3
48 5
fl=./string/../sysdeps/x86_64/multiarch/ifunc-strcpy.h
fn=stpcpy
38 4
39 3
42 2
43 2
46 3
49 3
fn=strcat
38 4
39 3
42 2
43 2
46 3
49 3
fn=strcpy
38 4
39 3
42 2
43 2
46 3
49 3
fl=./string/../sysdeps/x86_64/multiarch/ifunc-strncpy.h
fn=stpncpy
35 5
36 3
39 2
40 2
43 3
46 4
fn=strncpy
35 5
36 3
39 2
40 2
43 3
46 4
fl=./string/../sysdeps/x86_64/multiarch/memchr-avx2.S
fn=__memchr_avx2
61 27
68 27
70 27
73 27
74 27
76 27
77 27
78 27
79 27
82 27
83 27
86 27
87 27
101 27
106 27
113 27
114 27
115 15
116 15
128 12
129 12
fl=./string/../sysdeps/x86_64/multiarch/memchr.c
fn=memchr
29 4
fl=./string/../sysdeps/x86_64/multiarch/memcmp-avx2-movbe.S
fn=__memcmp_avx2_movbe
73 50
80 50
81 50
84 1
85 1
86 1
90 1
91 1
93 1
94 1
97 1
98 1
99 1
102 1
103 1
106 1
107 1
110 1
111 1
112 1
113 1
114 1
115 1
116 1
117 1
118 1
119 1
122 1
123 1
129 1
130 1
131 1
132 1
136 1
137 1
139 1
140 1
141 1
142 1
145 1
146 1
147 1
148 1
149 1
150 1
152 2
156 39
166 39
167 39
168 39
171 78
401 49
402 49
407 49
408 49
409 49
410 49
411 49
414 49
415 49
416 49
417 49
420 49
421 49
422 10
423 20
fl=./string/../sysdeps/x86_64/multiarch/memcmp.c
fn=bcmp
29 8
fl=./string/../sysdeps/x86_64/multiarch/memcmpeq.c
fn=memcpy@@GLIBC_2.14
29 3
fl=./string/../sysdeps/x86_64/multiarch/memmove-vec-unaligned-erms.S
fn=__memcpy_avx_unaligned_erms
255 1152345
256 1152345
262 1152353
263 1152353
265 1052222
266 1052222
267 1052222
270 10126
271 10126
272 10126
275 20252
305 100131
306 100131
308 100050
309 100050
311 100012
315 100012
316 99983
317 99983
318 99983
319 99983
323 99983
325 99983
331 29
332 29
333 29
334 29
335 29
342 81
343 81
344 81
345 81
347 81
364 38
365 38
366 38
367 38
368 38
375 1032069
376 1032069
377 1032069
378 1032069
379 1032069
380 1032069
381 2064138
386 1042096
387 1042096
392 1042095
393 1042095
395 1032095
396 1032095
397 1032095
399 26
400 26
401 26
402 26
403 26
404 26
405 26
406 26
407 26
408 26
409 26
410 26
411 26
412 26
413 52
417 10000
418 10000
422 10000
424 10000
428 10000
429 10000
440 10000
443 10000
445 10000
447 10000
451 10000
452 10000
461 9375
462 9375
464 9375
466 9375
467 9375
468 9375
471 9375
473 9375
475 9375
477 18750
483 28125
484 28125
485 28125
486 28125
487 28125
488 28125
489 28125
490 28125
491 28125
492 28125
493 28125
494 28125
496 9375
497 9375
498 9375
499 9375
501 9375
505 18750
518 625
519 625
521 625
522 625
523 625
525 625
527 625
529 1250
535 1875
536 1875
537 1875
538 1875
539 1875
540 1875
541 1875
542 1875
543 1875
544 1875
545 1875
546 1875
548 625
549 625
550 625
551 625
553 625
554 1250
601 1
602 1
606 1
608 1
611 1
615 1
616 1
684 1
685 1
686 1
691 1
692 1
693 1
700 1
706 1
708 1
716 1
717 1
719 1
721 1
723 1
725 1
733 1
734 1
735 1
736 1
741 1
742 1
743 1
814 1
816 2
821 31249
825 1999936
826 1999936
827 1999936
828 1999936
830 3999872
831 3999872
832 3999872
833 3999872
834 999968
836 3999872
837 3999872
838 3999872
839 3999872
840 999968
841 999968
842 999968
843 31249
844 31249
845 31249
846 31249
847 1
849 1
850 1
855 254
856 254
857 127
858 127
859 127
860 127
861 127
862 127
863 127
864 127
865 127
866 127
867 127
868 127
869 127
873 1
874 1
875 1
876 1
878 1
879 1
880 1
881 1
882 2
fn=__mempcpy_avx_unaligned_erms
242 8
243 8
244 8
245 8
fn=memcpy
210 50
211 50
217 207
218 207
220 89
221 89
222 89
224 67
225 67
226 67
228 67
308 118
309 118
311 76
315 76
316 76
317 76
318 1
319 1
323 1
325 76
364 42
365 42
366 42
367 42
368 42
375 16
376 16
377 16
378 16
379 16
380 16
381 16
392 22
393 22
395 20
396 20
397 20
399 4
400 4
401 4
402 4
403 4
404 4
405 4
406 4
407 4
408 4
409 4
410 4
411 4
412 4
413 4
417 2
418 2
422 2
424 2
440 2
443 2
445 2
447 2
451 2
452 2
461 2
462 2
464 2
466 2
467 2
468 2
471 2
473 2
475 2
477 2
483 6
484 6
485 6
486 6
487 6
488 6
489 6
490 6
491 6
492 6
493 6
494 6
496 2
497 2
498 2
499 2
501 2
505 2
fn=mempcpy
197 157
198 157
199 157
200 157
fl=./string/../sysdeps/x86_64/multiarch/memmove.c
fn=memmove
29 3
fl=./string/../sysdeps/x86_64/multiarch/mempcpy.c
fn=mempcpy
33 1
fl=./string/../sysdeps/x86_64/multiarch/memrchr.c
fn=memrchr
29 3
fl=./string/../sysdeps/x86_64/multiarch/memset-vec-unaligned-erms.S
fn=__memset_avx2_unaligned_erms
158 1062076
159 2124152
164 1062076
165 1062076
166 1062075
167 1062075
168 1062075
181 20000
182 20000
184 40000
237 1062075
238 1062075
244 20019
245 20019
257 20019
260 20019
261 20019
273 19
274 19
287 19
288 19
290 19
293 19
296 19
299 21
300 21
301 21
302 21
303 21
304 21
305 40
308 19
309 19
310 19
311 19
314 38
325 1042056
326 1042056
327 1042056
328 130941770728
329 1042056
330 2084112
337 1
346 1
347 1
352 1
353 1
354 1
355 1
356 1
357 1
358 1
361 1
fl=./string/../sysdeps/x86_64/multiarch/memset.c
fn=memset
29 3
fl=./string/../sysdeps/x86_64/multiarch/stpcpy.c
fn=stpcpy
33 3
fl=./string/../sysdeps/x86_64/multiarch/stpncpy.c
fn=stpncpy
31 3
fl=./string/../sysdeps/x86_64/multiarch/strcasecmp.c
fn=strcasecmp
31 3
fl=./string/../sysdeps/x86_64/multiarch/strcasecmp_l.c
fn=strcasecmp_l
31 3
fl=./string/../sysdeps/x86_64/multiarch/strcat.c
fn=strcat
29 3
fl=./string/../sysdeps/x86_64/multiarch/strchr-avx2.S
fn=__strchr_avx2
53 1
55 1
56 1
57 1
58 1
59 1
62 1
63 1
67 1
68 1
69 1
70 1
71 1
72 1
73 1
74 1
77 1
85 1
93 1
94 2
fn=__strchrnul_avx2
53 36
55 36
56 36
57 36
58 36
59 36
62 36
63 36
67 36
68 36
69 36
70 36
71 36
72 36
73 36
74 36
87 36
89 72
fl=./string/../sysdeps/x86_64/multiarch/strchr.c
fn=index
42 4
43 2
44 3
47 2
48 2
51 3
54 3
65 3
fl=./string/../sysdeps/x86_64/multiarch/strchrnul.c
fn=strchrnul
31 3
fl=./string/../sysdeps/x86_64/multiarch/strcmp-avx2.S
fn=__strncmp_avx2
206 5
230 5
235 5
249 5
274 5
275 5
276 5
278 5
279 5
283 4
287 4
289 4
291 4
294 4
296 4
297 4
308 4
318 4
319 4
322 4
326 8
331 4
332 4
333 4
957 1
958 1
959 1
960 1
962 1
965 1
966 1
993 1
994 1
995 1
996 1
997 1
998 1
1000 1
1047 1
1048 1
1051 1
1052 1
1053 1
1056 2
1063 1
1064 1
1065 1
1066 1
1076 1
1077 1
1080 1
1081 1
1082 1
1083 1
1089 1
1091 1
1094 1
1095 1
fl=./string/../sysdeps/x86_64/multiarch/strcmp.c
fn=strcmp
47 4
48 2
49 3
52 2
53 2
56 3
59 3
79 3
fl=./string/../sysdeps/x86_64/multiarch/strcpy.c
fn=strcpy
29 3
fl=./string/../sysdeps/x86_64/multiarch/strcspn.c
fn=strcspn
29 2
fl=./string/../sysdeps/x86_64/multiarch/strlen-avx2.S
fn=__strlen_avx2
52 69
65 69
66 69
67 69
70 69
72 69
73 69
76 69
77 69
85 69
86 69
87 69
92 138
fl=./string/../sysdeps/x86_64/multiarch/strlen.c
fn=strlen
29 6
fl=./string/../sysdeps/x86_64/multiarch/strncase.c
fn=strncasecmp
31 3
fl=./string/../sysdeps/x86_64/multiarch/strncase_l.c
fn=strncasecmp_l
31 3
fl=./string/../sysdeps/x86_64/multiarch/strncmp.c
fn=strncmp
43 4
44 2
45 3
48 2
49 2
52 3
55 5
67 3
fl=./string/../sysdeps/x86_64/multiarch/strncpy.c
fn=strncpy
29 3
fl=./string/../sysdeps/x86_64/multiarch/strnlen.c
fn=strnlen
31 6
fl=./string/../sysdeps/x86_64/multiarch/strpbrk.c
fn=strpbrk
29 2
fl=./string/../sysdeps/x86_64/multiarch/strrchr-avx2.S
fn=__strrchr_avx2
53 1
54 1
55 1
57 1
58 1
62 1
63 1
64 1
67 1
69 1
70 1
71 1
72 1
75 1
76 1
78 1
79 1
80 1
81 1
82 1
91 2
fl=./string/../sysdeps/x86_64/multiarch/strrchr.c
fn=rindex
28 3
fl=./string/../sysdeps/x86_64/multiarch/strspn.c
fn=strspn
29 2
fl=./string/./string/strdup.c
fn=strdup
40 84
41 28
44 28
47 56
48 42
fl=./sunrpc/./sunrpc/rpc_thread.c
fn=__rpc_thread_destroy
21 90
22 36
24 36
39 72
fl=./time/../sysdeps/unix/sysv/linux/clock_gettime.c
fn=clock_gettime@@GLIBC_2.17
30 3
38 6
40 6
44 6
68 6
69 6
fl=./wcsmbs/../sysdeps/x86_64/multiarch/ifunc-avx2.h
fn=wcschr
38 8
40 6
41 4
42 6
45 4
46 4
49 6
52 12
fn=wcscmp
38 4
40 3
41 2
42 3
45 2
46 2
49 3
52 6
fl=./wcsmbs/../sysdeps/x86_64/multiarch/ifunc-evex.h
fn=wmemchr
37 8
38 6
39 6
42 4
43 4
45 4
51 6
54 8
fl=./wcsmbs/../sysdeps/x86_64/multiarch/ifunc-memcmp.h
fn=wmemcmp
34 5
35 2
36 2
37 3
40 2
41 2
44 3
47 4
fl=./wcsmbs/../sysdeps/x86_64/multiarch/ifunc-wcs.h
fn=wcpncpy
39 4
40 3
41 3
44 2
45 3
48 4
fn=wcscat
39 4
40 3
41 3
44 2
45 3
48 4
fn=wcsncpy
39 4
40 3
41 3
44 2
45 3
48 4
fl=./wcsmbs/../sysdeps/x86_64/multiarch/ifunc-wcslen.h
fn=wcslen
40 4
41 2
42 3
45 2
46 2
49 3
52 3
fn=wcsnlen
40 4
41 2
42 3
45 2
46 2
49 3
52 3
fl=./wcsmbs/../sysdeps/x86_64/multiarch/ifunc-wmemset.h
fn=wmemset
36 10
37 6
fl=./wcsmbs/../sysdeps/x86_64/multiarch/wcpcpy.c
fn=wcpncpy
31 1
fl=./wcsmbs/../sysdeps/x86_64/multiarch/wcpncpy.c
fn=wcpncpy
31 1
fl=./wcsmbs/../sysdeps/x86_64/multiarch/wcscat.c
fn=wcscat
31 2
fn=wcschr
31 2
fl=./wcsmbs/../sysdeps/x86_64/multiarch/wcschr.c
fn=wcschr
31 4
fl=./wcsmbs/../sysdeps/x86_64/multiarch/wcscmp.c
fn=wcscmp
30 3
fl=./wcsmbs/../sysdeps/x86_64/multiarch/wcscpy.c
fn=wcscpy
42 4
43 2
44 3
46 2
47 3
50 3
60 2
fl=./wcsmbs/../sysdeps/x86_64/multiarch/wcslen.c
fn=wcslen
29 3
fl=./wcsmbs/../sysdeps/x86_64/multiarch/wcsncpy.c
fn=wcsncpy
31 2
fl=./wcsmbs/../sysdeps/x86_64/multiarch/wcsnlen.c
fn=wcsnlen
30 3
fl=./wcsmbs/../sysdeps/x86_64/multiarch/wmemchr.c
fn=wmemchr
31 4
fl=./wcsmbs/../sysdeps/x86_64/multiarch/wmemcmp.c
fn=wmemcmp
29 4
fl=./wcsmbs/../sysdeps/x86_64/multiarch/wmemset.c
fn=wmemset
31 4
fl=./wcsmbs/./wcsmbs/btowc.c
fn=btowc
32 2560
37 1792
42 512
46 384
47 256
48 256
52 512
55 1152
94 1792
fl=./wcsmbs/./wcsmbs/wctob.c
fn=wctob
30 1280
39 384
44 256
45 128
79 1152
fl=./wcsmbs/./wcsmbsload.h
fn=btowc
69 128
70 384
fl=./wctype/./wctype/wctype_l.c
fn=wctype_l
26 110
29 20
32 30
33 68
35 174
37 410
40 48
41 96
45 20
46 10
47 80
fl=/home/ray847/projects/DataStructures/PJ/src/Global.h
fn=_GLOBAL__sub_I__Z17send_perf_commandRKNSt7__cxx1112basic_stringIcSt11char_traitsIcESaIcEEE
95 3
fn=_GLOBAL__sub_I__ZN12TestSolution4Sift8SolutionC2Ev
95 2
fl=/home/ray847/projects/DataStructures/PJ/src/Main.cpp
fn=_GLOBAL__sub_I__Z17send_perf_commandRKNSt7__cxx1112basic_stringIcSt11char_traitsIcESaIcEEE
154 2
fn=load_base(global::DataSetInfo const&)
42 12
43 2
44 1
45 2
47 3
48 384000004
51 12
fn=load_labels(global::DataSetInfo const&)
66 12
67 2
68 1
74 30004
75 340000
81 12
fn=load_samples(global::DataSetInfo const&)
52 12
53 2
54 1
55 1
57 2
58 30003
59 3880000
65 12
fn=main
31 2
32 2
34 3
fn=run(global::DataSetInfo const&)
91 13
93 2
94 2
99 5
100 5
101 5
106 4
108 10
109 2
110 3
111 2
117 60009
118 60000
125 2
127 4
128 40005
130 340000
131 200000
134 12
150 4
153 2
154 11
fn=save_res(std::vector<std::vector<int, std::allocator<int> >, std::allocator<std::vector<int, std::allocator<int> > > > const&)
82 30012
84 30004
85 310000
86 500000
90 11
fl=/home/ray847/projects/DataStructures/PJ/src/TestSolution.cpp
fn=TestSolution::Sift::Solution::Build(std::vector<float, std::allocator<float> > const&)
28 15
29 2
30 2
31 2
32 1
35 1
36 4000005
37 3000000
38 2000000
40 1
42 2
43 1
44 3000002
45 6999996
50 3000005
51 6000000
54 1
56 2
65 3
66 59
69 58
70 36
72 5
73 11
81 4000000
fn=TestSolution::Sift::Solution::FlattenGraph_(std::vector<std::vector<std::vector<int, std::allocator<int> >, std::allocator<std::vector<int, std::allocator<int> > > >, std::allocator<std::vector<std::vector<int, std::allocator<int> >, std::allocator<std::vector<int, std::allocator<int> > > > > > const&)
225 13
226 7
227 1
228 4000005
229 3000004
230 6128136
231 3096102
235 3
236 1
238 5000005
239 1000000
240 3000000
241 12224238
242 2064068
244 6192204
245 170289770
249 11
fn=TestSolution::Sift::Solution::Insert_(int, std::vector<std::vector<std::vector<int, std::allocator<int> >, std::allocator<std::vector<int, std::allocator<int> > > >, std::allocator<std::vector<std::vector<int, std::allocator<int> >, std::allocator<std::vector<int, std::allocator<int> > > > > >&, std::vector<std::mutex, std::allocator<std::mutex> >&)
86 15000000
88 8972342
89 4000000
91 7000000
92 2000000
93 4000000
95 2000000
97 29871842
99 23325938
100 10458324
101 36679666
102 3967966
103 7935932
105 311755468
106 466187628
107 227864652
116 7160170
118 16512544
120 3096102
122 4128136
126 4128136
129 233225257
131 66046054
134 107325353
137 363220352
139 8619482240
140 22787270272
142 99060096
153 2064068
157 11000000
fn=TestSolution::Sift::Solution::Search(std::vector<float, std::allocator<float> > const&, int, int*)
75 10000
76 10000
fn=TestSolution::Sift::Solution::SearchFP_(std::vector<float, std::allocator<float> > const&, int, int*)
251 150000
252 20007
253 30000
257 10000
259 20000
264 80000
266 170000
268 320000
269 400000
270 160000
271 80000
272 730000
273 80000
274 120000
276 2960000
277 960000
278 5760000
279 2880000
292 80000
293 50000
299 1340000
300 1300000
301 1300000
303 1950000
307 1950000
308 1300000
309 4550000
311 160400000
312 31040000
313 175840000
316 5120000
317 1920000
318 1920000
319 1920000
320 1280000
321 1280000
328 30000
330 1350000
332 1300000
336 200000
337 250000
338 300000
341 70000
fn=TestSolution::Sift::Solution::SearchLayerFP_(float const*, int, int, int, std::vector<std::vector<std::vector<int, std::allocator<int> >, std::allocator<std::vector<int, std::allocator<int> > > >, std::allocator<std::vector<std::vector<int, std::allocator<int> >, std::allocator<std::vector<int, std::allocator<int> > > > > > const&, std::vector<std::mutex, std::allocator<std::mutex> >&, TestSolution::Sift::Solution::VisitedList&)
162 23736782
168 7224238
169 6192204
170 3096102
173 134170834
174 198160149
175 132106766
176 198160149
179 134170834
182 15820281871
184 585192141
185 130042698
186 195064047
187 195064047
188 130042698
194 12384408
fn=TestSolution::Sift::Solution::SelectNeighbors_(std::priority_queue<std::pair<float, int>, std::vector<std::pair<float, int>, std::allocator<std::pair<float, int> > >, std::less<std::pair<float, int> > >&, std::vector<int, std::allocator<int> >&)
198 13416442
200 2064068
202 3096102
204 136234902
206 132106766
210 99069207
211 68109870
213 1634607180
214 4894533234
223 7224238
fn=TestSolution::Sift::Solution::Solution()
26 6
fn=_GLOBAL__sub_I__ZN12TestSolution4Sift8SolutionC2Ev
983 2
fn=std::thread::_State_impl<std::thread::_Invoker<std::tuple<TestSolution::Sift::Solution::Build(std::vector<float, std::allocator<float> > const&)::{lambda()#1}> > >::_M_run()
57 18
60 3000054
61 3000000
fl=/home/ray847/projects/DataStructures/PJ/src/TestSolution.h
fn=TestSolution::Sift::Distance<128, true, void>::L2Sq(float const*, float const*)
43 5546055572
45 5546055572
46 133105333728
58 2773027786
fn=TestSolution::Sift::Solution::SearchFP_(std::vector<float, std::allocator<float> > const&, int, int*)
85 62100000
fn=TestSolution::Sift::Solution::SearchLayerFP_(float const*, int, int, int, std::vector<std::vector<std::vector<int, std::allocator<int> >, std::allocator<std::vector<int, std::allocator<int> > > >, std::allocator<std::vector<std::vector<int, std::allocator<int> >, std::allocator<std::vector<int, std::allocator<int> > > > > > const&, std::vector<std::mutex, std::allocator<std::mutex> >&, TestSolution::Sift::Solution::VisitedList&)
85 6277334108
fn=TestSolution::Sift::Solution::VisitedList::~VisitedList()
80 19
fl=/usr/include/c++/13/bits/allocator.h
fn=TestSolution::Sift::Solution::Insert_(int, std::vector<std::vector<std::vector<int, std::allocator<int> >, std::allocator<std::vector<int, std::allocator<int> > > >, std::allocator<std::vector<std::vector<int, std::allocator<int> >, std::allocator<std::vector<int, std::allocator<int> > > > > >&, std::vector<std::mutex, std::allocator<std::mutex> >&)
184 33020032
fl=/usr/include/c++/13/bits/atomic_base.h
fn=std::thread::_State_impl<std::thread::_Invoker<std::tuple<TestSolution::Sift::Solution::Build(std::vector<float, std::allocator<float> > const&)::{lambda()#1}> > >::_M_run()
635 3000054
fl=/usr/include/c++/13/bits/basic_ios.h
fn=load_base(global::DataSetInfo const&)
158 4
282 4
461 3
462 10
fn=load_labels(global::DataSetInfo const&)
158 4
282 4
461 3
462 10
fn=load_samples(global::DataSetInfo const&)
158 4
282 4
461 3
462 10
fn=run(global::DataSetInfo const&)
49 4
fn=save_res(std::vector<std::vector<int, std::allocator<int> >, std::allocator<std::vector<int, std::allocator<int> > > > const&)
282 4
461 3
462 10
fl=/usr/include/c++/13/bits/basic_string.h
fn=load_base(global::DataSetInfo const&)
189 2
213 1
218 1
223 2
250 1
264 2
289 2
624 2
fn=load_labels(global::DataSetInfo const&)
189 2
213 1
218 1
223 2
250 1
264 2
289 2
624 2
fn=load_samples(global::DataSetInfo const&)
189 2
213 1
218 1
223 2
250 1
264 2
289 2
624 2
fn=run(global::DataSetInfo const&)
223 6
264 19
289 10
4037 24
fn=std::__cxx11::basic_string<char, std::char_traits<char>, std::allocator<char> >::_M_mutate(unsigned long, unsigned long, char const*, unsigned long)
213 5
223 5
241 5
250 5
264 20
427 10
1079 10
1171 10
fn=std::basic_format_context<std::__format::_Sink_iter<char>, char>::iterator std::__format::__formatter_fp<char>::format<double, std::__format::_Sink_iter<char> >(double, std::basic_format_context<std::__format::_Sink_iter<char>, char>&) const
193 25
213 5
218 10
223 10
264 25
fn=std::vformat[abi:cxx11](std::basic_string_view<char, std::char_traits<char> >, std::basic_format_args<std::basic_format_context<std::__format::_Sink_iter<char>, char> >)
193 18
213 5
218 18
223 12
230 6
250 10
264 24
266 6
399 24
427 2
431 1
683 1
1072 12
1079 5
1171 12
fl=/usr/include/c++/13/bits/basic_string.tcc
fn=load_base(global::DataSetInfo const&)
143 2
227 2
fn=load_labels(global::DataSetInfo const&)
143 2
227 2
fn=load_samples(global::DataSetInfo const&)
143 2
227 2
fn=std::__cxx11::basic_string<char, std::char_traits<char>, std::allocator<char> >::_M_mutate(unsigned long, unsigned long, char const*, unsigned long)
143 10
149 25
151 6
153 6
159 3
325 60
329 15
331 15
334 15
336 20
337 5
338 15
345 40
fn=std::vformat[abi:cxx11](std::basic_string_view<char, std::char_traits<char> >, std::basic_format_args<std::basic_format_context<std::__format::_Sink_iter<char>, char> >)
416 6
418 12
421 1
424 20
fl=/usr/include/c++/13/bits/char_traits.h
fn=load_base(global::DataSetInfo const&)
358 1
435 4
fn=load_labels(global::DataSetInfo const&)
358 1
435 4
fn=load_samples(global::DataSetInfo const&)
358 1
435 4
fn=std::__cxx11::basic_string<char, std::char_traits<char>, std::allocator<char> >::_M_mutate(unsigned long, unsigned long, char const*, unsigned long)
435 25
fn=std::__format::_Scanner<char>::_M_scan()
411 114
fn=std::__format::_Sink_iter<char> std::__format::__write<std::__format::_Sink_iter<char>, char>(std::__format::_Sink_iter<char>, std::basic_string_view<char, std::char_traits<char> >)
435 54
fn=std::basic_format_context<std::__format::_Sink_iter<char>, char>::iterator std::__format::__formatter_fp<char>::format<double, std::__format::_Sink_iter<char> >(double, std::basic_format_context<std::__format::_Sink_iter<char>, char>&) const
358 10
fn=std::vformat[abi:cxx11](std::basic_string_view<char, std::char_traits<char> >, std::basic_format_args<std::basic_format_context<std::__format::_Sink_iter<char>, char> >)
358 18
435 18
fl=/usr/include/c++/13/bits/chrono.h
fn=run(global::DataSetInfo const&)
212 10
716 9
fl=/usr/include/c++/13/bits/functional_hash.h
fn=run(global::DataSetInfo const&)
154 100000
fn=std::_Hashtable<int, int, std::allocator<int>, std::__detail::_Identity, std::equal_to<int>, std::hash<int>, std::__detail::_Mod_range_hashing, std::__detail::_Default_ranged_hash, std::__detail::_Prime_rehash_policy, std::__detail::_Hashtable_traits<false, true, true> >::_Hashtable<__gnu_cxx::__normal_iterator<int*, std::vector<int, std::allocator<int> > > >(__gnu_cxx::__normal_iterator<int*, std::vector<int, std::allocator<int> > >, __gnu_cxx::__normal_iterator<int*, std::vector<int, std::allocator<int> > >, unsigned long, std::hash<int> const&, std::equal_to<int> const&, std::allocator<int> const&, std::integral_constant<bool, true>)
154 290000
fl=/usr/include/c++/13/bits/hashtable.h
fn=run(global::DataSetInfo const&)
448 30003
456 20000
568 90000
1692 500000
1750 600000
1954 100000
1955 200000
1958 100000
2525 50000
2526 20000
2527 10000
2528 10000
fn=std::_Hashtable<int, int, std::allocator<int>, std::__detail::_Identity, std::equal_to<int>, std::hash<int>, std::__detail::_Mod_range_hashing, std::__detail::_Default_ranged_hash, std::__detail::_Prime_rehash_policy, std::__detail::_Hashtable_traits<false, true, true> >::_Hashtable<__gnu_cxx::__normal_iterator<int*, std::vector<int, std::allocator<int> > > >(__gnu_cxx::__normal_iterator<int*, std::vector<int, std::allocator<int> > >, __gnu_cxx::__normal_iterator<int*, std::vector<int, std::allocator<int> > >, unsigned long, std::hash<int> const&, std::equal_to<int> const&, std::allocator<int> const&, std::integral_constant<bool, true>)
311 100000
436 20000
448 20000
456 20000
465 20000
490 60000
797 90000
1195 50000
1196 20000
1208 120000
1215 80000
1984 180000
1985 180000
2011 490000
2023 200000
2024 100000
2026 200000
2029 90000
2031 300000
2174 600000
2177 200000
2187 100000
2259 200000
2260 20000
2588 10000
2589 10000
2590 20000
2599 10000
2614 10000
2615 10000
fl=/usr/include/c++/13/bits/hashtable_policy.h
fn=run(global::DataSetInfo const&)
380 100000
381 100000
528 200000
1734 200000
2029 240000
fn=std::_Hashtable<int, int, std::allocator<int>, std::__detail::_Identity, std::equal_to<int>, std::hash<int>, std::__detail::_Mod_range_hashing, std::__detail::_Default_ranged_hash, std::__detail::_Prime_rehash_policy, std::__detail::_Hashtable_traits<false, true, true> >::_Hashtable<__gnu_cxx::__normal_iterator<int*, std::vector<int, std::allocator<int> > > >(__gnu_cxx::__normal_iterator<int*, std::vector<int, std::allocator<int> > >, __gnu_cxx::__normal_iterator<int*, std::vector<int, std::allocator<int> > >, unsigned long, std::hash<int> const&, std::equal_to<int> const&, std::allocator<int> const&, std::integral_constant<bool, true>)
313 110000
528 610000
545 20000
572 100000
993 330000
1319 100000
2046 40000
fl=/usr/include/c++/13/bits/ios_base.h
fn=load_base(global::DataSetInfo const&)
171 4
fn=load_labels(global::DataSetInfo const&)
171 4
fn=load_samples(global::DataSetInfo const&)
171 4
fn=save_res(std::vector<std::vector<int, std::allocator<int> >, std::allocator<std::vector<int, std::allocator<int> > > > const&)
756 110000
fl=/usr/include/c++/13/bits/locale_facets.h
fn=run(global::DataSetInfo const&)
882 4
884 2
885 6
fl=/usr/include/c++/13/bits/move.h
fn=TestSolution::Sift::Solution::Build(std::vector<float, std::allocator<float> > const&)
198 62
fn=TestSolution::Sift::Solution::SearchFP_(std::vector<float, std::allocator<float> > const&, int, int*)
197 640000
198 1280000
199 640000
fn=TestSolution::Sift::Solution::SelectNeighbors_(std::priority_queue<std::pair<float, int>, std::vector<std::pair<float, int>, std::allocator<std::pair<float, int> > >, std::less<std::pair<float, int> > >&, std::vector<int, std::allocator<int> >&)
197 65021426
198 130042852
199 65021426
fl=/usr/include/c++/13/bits/new_allocator.h
fn=TestSolution::Sift::Solution::Build(std::vector<float, std::allocator<float> > const&)
126 12
151 38
172 3032044
fn=TestSolution::Sift::Solution::Insert_(int, std::vector<std::vector<std::vector<int, std::allocator<int> >, std::allocator<std::vector<int, std::allocator<int> > > >, std::allocator<std::vector<std::vector<int, std::allocator<int> >, std::allocator<std::vector<int, std::allocator<int> > > > > >&, std::vector<std::mutex, std::allocator<std::mutex> >&)
151 3097214
172 69136988
fn=TestSolution::Sift::Solution::SearchFP_(std::vector<float, std::allocator<float> > const&, int, int*)
151 30000
172 90000
fn=TestSolution::Sift::Solution::SearchLayerFP_(float const*, int, int, int, std::vector<std::vector<std::vector<int, std::allocator<int> >, std::allocator<std::vector<int, std::allocator<int> > > >, std::allocator<std::vector<std::vector<int, std::allocator<int> >, std::allocator<std::vector<int, std::allocator<int> > > > > > const&, std::vector<std::mutex, std::allocator<std::mutex> >&, TestSolution::Sift::Solution::VisitedList&)
172 2064068
fn=TestSolution::Sift::Solution::SelectNeighbors_(std::priority_queue<std::pair<float, int>, std::vector<std::pair<float, int>, std::allocator<std::pair<float, int> > >, std::less<std::pair<float, int> > >&, std::vector<int, std::allocator<int> >&)
151 4128136
172 6192204
fn=TestSolution::Sift::Solution::VisitedList::~VisitedList()
172 19
fn=load_base(global::DataSetInfo const&)
134 3
151 6
172 1
fn=load_labels(global::DataSetInfo const&)
134 3
151 20010
172 4
fn=load_samples(global::DataSetInfo const&)
134 30003
151 30011
172 4
fn=run(global::DataSetInfo const&)
151 3
172 250019
fn=std::_Hashtable<int, int, std::allocator<int>, std::__detail::_Identity, std::equal_to<int>, std::hash<int>, std::__detail::_Mod_range_hashing, std::__detail::_Default_ranged_hash, std::__detail::_Prime_rehash_policy, std::__detail::_Hashtable_traits<false, true, true> >::_Hashtable<__gnu_cxx::__normal_iterator<int*, std::vector<int, std::allocator<int> > > >(__gnu_cxx::__normal_iterator<int*, std::vector<int, std::allocator<int> > >, __gnu_cxx::__normal_iterator<int*, std::vector<int, std::allocator<int> > >, unsigned long, std::hash<int> const&, std::equal_to<int> const&, std::allocator<int> const&, std::integral_constant<bool, true>)
134 30000
151 340000
fn=std::__cxx11::basic_string<char, std::char_traits<char>, std::allocator<char> >::_M_mutate(unsigned long, unsigned long, char const*, unsigned long)
134 11
151 10
fn=std::priority_queue<std::pair<float, int>, std::vector<std::pair<float, int>, std::allocator<std::pair<float, int> > >, std::greater<void> >::push(std::pair<float, int>&&)
151 42530050
172 18659940
fn=std::priority_queue<std::pair<float, int>, std::vector<std::pair<float, int>, std::allocator<std::pair<float, int> > >, std::less<std::pair<float, int> > >::push(std::pair<float, int>&&)
151 1396470270
172 613079970
fn=std::vector<TestSolution::Sift::Solution::Node, std::allocator<TestSolution::Sift::Solution::Node> >::_M_default_append(unsigned long)
151 4
fn=std::vector<bool, std::allocator<bool> >::_M_fill_insert(std::_Bit_iterator, unsigned long, bool)
151 95
fn=std::vector<float, std::allocator<float> >::operator=(std::vector<float, std::allocator<float> > const&) [clone .isra.0]
134 3
151 3
fn=std::vector<int, std::allocator<int> >::_M_fill_insert(__gnu_cxx::__normal_iterator<int*, std::vector<int, std::allocator<int> > >, unsigned long, int const&)
151 7
fn=std::vector<int, std::allocator<int> >::operator=(std::vector<int, std::allocator<int> > const&) [clone .isra.0]
134 3096090
151 3096090
fn=std::vector<int, std::allocator<int> >::resize(unsigned long)
151 4
fn=std::vector<std::vector<int, std::allocator<int> >, std::allocator<std::vector<int, std::allocator<int> > > >::_M_default_append(unsigned long)
151 7000000
fn=std::vector<std::vector<int, std::allocator<int> >, std::allocator<std::vector<int, std::allocator<int> > > >::vector(unsigned long, std::vector<int, std::allocator<int> > const&, std::allocator<std::vector<int, std::allocator<int> > > const&)
134 30000
151 30005
fl=/usr/include/c++/13/bits/random.h
fn=TestSolution::Sift::Solution::Build(std::vector<float, std::allocator<float> > const&)
143 623
1909 2000000
fn=_GLOBAL__sub_I__Z17send_perf_commandRKNSt7__cxx1112basic_stringIcSt11char_traitsIcESaIcEEE
143 623
fl=/usr/include/c++/13/bits/random.tcc
fn=TestSolution::Sift::Solution::Build(std::vector<float, std::allocator<float> > const&)
330 2
333 1873
336 1869
337 623
339 623
342 1
3367 17000000
3370 1000000
3371 2000000
fn=_GLOBAL__sub_I__Z17send_perf_commandRKNSt7__cxx1112basic_stringIcSt11char_traitsIcESaIcEEE
330 2
333 1872
336 1869
337 623
339 623
342 1
fn=std::mersenne_twister_engine<unsigned long, 32ul, 624ul, 397ul, 31ul, 2567483615ul, 11ul, 4294967295ul, 7ul, 2636928640ul, 15ul, 4022730752ul, 18ul, 1812433253ul>::_M_gen_rand()
397 19236
404 2192904
406 2183286
407 2183286
408 1455524
409 3638810
412 1269576
414 1904364
415 1904364
416 6357498
417 634788
420 9618
421 6412
422 9618
423 16030
424 3206
425 3206
fn=std::mersenne_twister_engine<unsigned long, 32ul, 624ul, 397ul, 31ul, 2567483615ul, 11ul, 4294967295ul, 7ul, 2636928640ul, 15ul, 4022730752ul, 18ul, 1812433253ul>::operator()()
453 6000000
458 6000000
459 3206
462 6006412
463 8000000
464 8000000
465 8000000
466 6000000
469 4000000
fl=/usr/include/c++/13/bits/std_mutex.h
fn=TestSolution::Sift::Solution::Insert_(int, std::vector<std::vector<std::vector<int, std::allocator<int> >, std::allocator<std::vector<int, std::allocator<int> > > >, std::allocator<std::vector<std::vector<int, std::allocator<int> >, std::allocator<std::vector<int, std::allocator<int> > > > > >&, std::vector<std::mutex, std::allocator<std::mutex> >&)
116 76046054
fn=TestSolution::Sift::Solution::SearchLayerFP_(float const*, int, int, int, std::vector<std::vector<std::vector<int, std::allocator<int> >, std::allocator<std::vector<int, std::allocator<int> > > >, std::allocator<std::vector<std::vector<int, std::allocator<int> >, std::allocator<std::vector<int, std::allocator<int> > > > > > const&, std::vector<std::mutex, std::allocator<std::mutex> >&, TestSolution::Sift::Solution::VisitedList&)
116 132106766
fl=/usr/include/c++/13/bits/std_thread.h
fn=TestSolution::Sift::Solution::Build(std::vector<float, std::allocator<float> > const&)
97 55
164 150
172 36
240 43
fn=std::thread::_State_impl<std::thread::_Invoker<std::tuple<TestSolution::Sift::Solution::Build(std::vector<float, std::allocator<float> > const&)::{lambda()#1}> > >::_M_run()
244 90
fn=std::thread::_State_impl<std::thread::_Invoker<std::tuple<TestSolution::Sift::Solution::Build(std::vector<float, std::allocator<float> > const&)::{lambda()#1}> > >::~_State_impl()
234 180
fl=/usr/include/c++/13/bits/stl_algo.h
fn=TestSolution::Sift::Solution::SearchFP_(std::vector<float, std::allocator<float> > const&, int, int*)
1105 20000
1108 1310000
fn=TestSolution::Sift::Solution::SelectNeighbors_(std::priority_queue<std::pair<float, int>, std::vector<std::pair<float, int>, std::allocator<std::pair<float, int> > >, std::less<std::pair<float, int> > >&, std::vector<int, std::allocator<int> >&)
1105 3096102
1108 137267084
fl=/usr/include/c++/13/bits/stl_algobase.h
fn=TestSolution::Sift::Solution::Build(std::vector<float, std::allocator<float> > const&)
262 12
fn=TestSolution::Sift::Solution::Insert_(int, std::vector<std::vector<std::vector<int, std::allocator<int> >, std::allocator<std::vector<int, std::allocator<int> > > >, std::allocator<std::vector<std::vector<int, std::allocator<int> >, std::allocator<std::vector<int, std::allocator<int> > > > > >&, std::vector<std::mutex, std::allocator<std::mutex> >&)
238 8999990
262 556
fn=load_base(global::DataSetInfo const&)
930 2
931 9
1123 2
fn=load_labels(global::DataSetInfo const&)
437 100000
931 6
fn=load_samples(global::DataSetInfo const&)
436 20000
437 30000
930 2
931 4
1123 2
fn=run(global::DataSetInfo const&)
931 4
fn=std::priority_queue<std::pair<float, int>, std::vector<std::pair<float, int>, std::allocator<std::pair<float, int> > >, std::greater<void> >::push(std::pair<float, int>&&)
262 14524028
fn=std::priority_queue<std::pair<float, int>, std::vector<std::pair<float, int>, std::allocator<std::pair<float, int> > >, std::less<std::pair<float, int> > >::push(std::pair<float, int>&&)
262 476844112
fn=std::vector<TestSolution::Sift::Solution::Node, std::allocator<TestSolution::Sift::Solution::Node> >::_M_default_append(unsigned long)
262 2
918 2999998
919 1999998
1123 2
1128 2
fn=std::vector<bool, std::allocator<bool> >::_M_fill_insert(std::_Bit_iterator, unsigned long, bool)
262 95
386 152
435 38
436 38
438 19
441 38
fn=std::vector<float, std::allocator<float> >::operator=(std::vector<float, std::allocator<float> > const&) [clone .isra.0]
436 2
437 4
fn=std::vector<int, std::allocator<int> >::_M_fill_insert(__gnu_cxx::__normal_iterator<int*, std::vector<int, std::allocator<int> > >, unsigned long, int const&)
262 2
435 1
436 4
438 2
441 1
930 7500002
931 5000000
1117 1
1128 3
fn=std::vector<int, std::allocator<int> >::operator=(std::vector<int, std::allocator<int> > const&) [clone .isra.0]
398 21
435 2
436 2064070
437 4128107
438 1
fn=std::vector<int, std::allocator<int> >::resize(unsigned long)
262 2
931 2
1123 2
1128 2
fn=std::vector<std::vector<int, std::allocator<int> >, std::allocator<std::vector<int, std::allocator<int> > > >::_M_default_append(unsigned long)
262 2000000
fn=std::vector<std::vector<int, std::allocator<int> >, std::allocator<std::vector<int, std::allocator<int> > > >::vector(unsigned long, std::vector<int, std::allocator<int> > const&, std::allocator<std::vector<int, std::allocator<int> > > const&)
436 20000
437 70000
441 20000
fl=/usr/include/c++/13/bits/stl_bvector.h
fn=TestSolution::Sift::Solution::Insert_(int, std::vector<std::vector<std::vector<int, std::allocator<int> >, std::allocator<std::vector<int, std::allocator<int> > > >, std::allocator<std::vector<std::vector<int, std::allocator<int> >, std::allocator<std::vector<int, std::allocator<int> > > > > >&, std::vector<std::mutex, std::allocator<std::mutex> >&)
195 18
296 2000000
297 1000000
431 3000000
996 1032034
1001 1000000
1006 3096102
1242 90
1285 18
1288 72
1597 2064068
1606 2064068
1612 2064068
1614 2064068
fn=TestSolution::Sift::Solution::SearchFP_(std::vector<float, std::allocator<float> > const&, int, int*)
100 31050000
107 1300000
228 186300000
229 124210000
230 62100000
296 20000
297 10000
329 62100000
431 30000
996 2
1001 10000
1006 2
1087 31040000
1242 7
1285 1
1288 3
1597 20000
1606 20000
1612 20000
1614 20000
fn=TestSolution::Sift::Solution::SearchLayerFP_(float const*, int, int, int, std::vector<std::vector<std::vector<int, std::allocator<int> >, std::allocator<std::vector<int, std::allocator<int> > > >, std::allocator<std::vector<std::vector<int, std::allocator<int> >, std::allocator<std::vector<int, std::allocator<int> > > > > > const&, std::vector<std::mutex, std::allocator<std::mutex> >&, TestSolution::Sift::Solution::VisitedList&)
100 3138667054
107 132106766
228 18832002324
229 15693335270
230 6277334108
329 9416001162
fn=TestSolution::Sift::Solution::VisitedList::~VisitedList()
625 19
695 57
697 19
698 19
fn=std::vector<bool, std::allocator<bool> >::_M_fill_insert(std::_Bit_iterator, unsigned long, bool)
228 95
229 95
230 38
235 19
296 114
297 114
430 19
431 57
695 57
715 38
996 19
1001 19
1532 76
1536 57
1597 57
1606 38
1609 38
1612 95
1614 95
fl=/usr/include/c++/13/bits/stl_construct.h
fn=TestSolution::Sift::Solution::Build(std::vector<float, std::allocator<float> > const&)
119 3
162 9096159
fn=TestSolution::Sift::Solution::Insert_(int, std::vector<std::vector<std::vector<int, std::allocator<int> >, std::allocator<std::vector<int, std::allocator<int> > > >, std::allocator<std::vector<std::vector<int, std::allocator<int> >, std::allocator<std::vector<int, std::allocator<int> > > > > >&, std::vector<std::mutex, std::allocator<std::mutex> >&)
97 5990
fn=TestSolution::Sift::Solution::SearchFP_(std::vector<float, std::allocator<float> > const&, int, int*)
97 1300000
fn=TestSolution::Sift::Solution::SelectNeighbors_(std::priority_queue<std::pair<float, int>, std::vector<std::pair<float, int>, std::allocator<std::pair<float, int> > >, std::less<std::pair<float, int> > >&, std::vector<int, std::allocator<int> >&)
97 198152820
fn=load_base(global::DataSetInfo const&)
119 1
fn=load_labels(global::DataSetInfo const&)
119 1
fn=load_samples(global::DataSetInfo const&)
119 1
fn=run(global::DataSetInfo const&)
119 1
162 90015
fn=std::_Hashtable<int, int, std::allocator<int>, std::__detail::_Identity, std::equal_to<int>, std::hash<int>, std::__detail::_Mod_range_hashing, std::__detail::_Default_ranged_hash, std::__detail::_Prime_rehash_policy, std::__detail::_Hashtable_traits<false, true, true> >::_Hashtable<__gnu_cxx::__normal_iterator<int*, std::vector<int, std::allocator<int> > > >(__gnu_cxx::__normal_iterator<int*, std::vector<int, std::allocator<int> > >, __gnu_cxx::__normal_iterator<int*, std::vector<int, std::allocator<int> > >, unsigned long, std::hash<int> const&, std::equal_to<int> const&, std::allocator<int> const&, std::integral_constant<bool, true>)
97 200000
fn=std::priority_queue<std::pair<float, int>, std::vector<std::pair<float, int>, std::allocator<std::pair<float, int> > >, std::greater<void> >::push(std::pair<float, int>&&)
97 269909564
fn=std::priority_queue<std::pair<float, int>, std::vector<std::pair<float, int>, std::allocator<std::pair<float, int> > >, std::less<std::pair<float, int> > >::push(std::pair<float, int>&&)
97 8888647838
fn=std::vector<TestSolution::Sift::Solution::Node, std::allocator<TestSolution::Sift::Solution::Node> >::_M_default_append(unsigned long)
119 2
fn=std::vector<int, std::allocator<int> >::resize(unsigned long)
119 1
fl=/usr/include/c++/13/bits/stl_function.h
fn=run(global::DataSetInfo const&)
378 300000
fl=/usr/include/c++/13/bits/stl_heap.h
fn=std::priority_queue<std::pair<float, int>, std::vector<std::pair<float, int>, std::allocator<std::pair<float, int> > >, std::greater<void> >::pop()
139 286787255
140 225613213
144 80311470
229 1219800588
231 469953376
232 234976688
234 273930794
238 485166051
241 6219846
243 12439692
262 129238642
328 133406766
fn=std::priority_queue<std::pair<float, int>, std::vector<std::pair<float, int>, std::allocator<std::pair<float, int> > >, std::greater<void> >::push(std::pair<float, int>&&)
139 333516915
140 198026087
215 133406766
216 66703383
fn=std::priority_queue<std::pair<float, int>, std::vector<std::pair<float, int>, std::allocator<std::pair<float, int> > >, std::less<std::pair<float, int> > >::pop()
139 158943425
140 224604551
144 196983816
229 1154652761
231 420964014
232 210482007
234 420964014
238 496627948
241 32830636
243 65661272
262 131322698
328 133406766
fn=std::priority_queue<std::pair<float, int>, std::vector<std::pair<float, int>, std::allocator<std::pair<float, int> > >, std::less<std::pair<float, int> > >::push(std::pair<float, int>&&)
139 10736394355
140 34294036435
144 43364824950
215 4294557742
216 2147278871
fl=/usr/include/c++/13/bits/stl_iterator.h
fn=TestSolution::Sift::Solution::Build(std::vector<float, std::allocator<float> > const&)
1077 1
fn=TestSolution::Sift::Solution::Insert_(int, std::vector<std::vector<std::vector<int, std::allocator<int> >, std::allocator<std::vector<int, std::allocator<int> > > >, std::allocator<std::vector<std::vector<int, std::allocator<int> >, std::allocator<std::vector<int, std::allocator<int> > > > > >&, std::vector<std::mutex, std::allocator<std::mutex> >&)
1077 46116134
fn=TestSolution::Sift::Solution::SearchFP_(std::vector<float, std::allocator<float> > const&, int, int*)
1077 660000
1111 100000
1125 10000
fn=TestSolution::Sift::Solution::SearchLayerFP_(float const*, int, int, int, std::vector<std::vector<std::vector<int, std::allocator<int> >, std::allocator<std::vector<int, std::allocator<int> > > >, std::allocator<std::vector<std::vector<int, std::allocator<int> >, std::allocator<std::vector<int, std::allocator<int> > > > > > const&, std::vector<std::mutex, std::allocator<std::mutex> >&, TestSolution::Sift::Solution::VisitedList&)
1077 331298949
fn=TestSolution::Sift::Solution::SelectNeighbors_(std::priority_queue<std::pair<float, int>, std::vector<std::pair<float, int>, std::allocator<std::pair<float, int> > >, std::less<std::pair<float, int> > >&, std::vector<int, std::allocator<int> >&)
1077 69149485
fn=load_labels(global::DataSetInfo const&)
1077 10001
fn=load_samples(global::DataSetInfo const&)
1077 10004
fn=run(global::DataSetInfo const&)
1077 10000
fn=std::__format::_Sink_iter<char> std::__format::__write<std::__format::_Sink_iter<char>, char>(std::__format::_Sink_iter<char>, std::basic_string_view<char, std::char_traits<char> >)
1143 18
1337 54
fn=std::priority_queue<std::pair<float, int>, std::vector<std::pair<float, int>, std::allocator<std::pair<float, int> > >, std::greater<void> >::pop()
1077 133406766
1125 66703383
1148 1100051562
1337 391884050
fn=std::priority_queue<std::pair<float, int>, std::vector<std::pair<float, int>, std::allocator<std::pair<float, int> > >, std::greater<void> >::push(std::pair<float, int>&&)
1148 133406766
1337 200110149
fn=std::priority_queue<std::pair<float, int>, std::vector<std::pair<float, int>, std::allocator<std::pair<float, int> > >, std::less<std::pair<float, int> > >::pop()
1077 133406766
1125 66703383
1148 1067574530
1337 396052162
fn=std::priority_queue<std::pair<float, int>, std::vector<std::pair<float, int>, std::allocator<std::pair<float, int> > >, std::less<std::pair<float, int> > >::push(std::pair<float, int>&&)
1148 17725877980
1337 6441836613
fn=std::vector<std::vector<int, std::allocator<int> >, std::allocator<std::vector<int, std::allocator<int> > > >::vector(unsigned long, std::vector<int, std::allocator<int> > const&, std::allocator<std::vector<int, std::allocator<int> > > const&)
1077 30000
fn=std::vformat[abi:cxx11](std::basic_string_view<char, std::char_traits<char> >, std::basic_format_args<std::basic_format_context<std::__format::_Sink_iter<char>, char> >)
1077 6
fl=/usr/include/c++/13/bits/stl_pair.h
fn=TestSolution::Sift::Solution::Insert_(int, std::vector<std::vector<std::vector<int, std::allocator<int> >, std::allocator<std::vector<int, std::allocator<int> > > >, std::allocator<std::vector<std::vector<int, std::allocator<int> >, std::allocator<std::vector<int, std::allocator<int> > > > > >&, std::vector<std::mutex, std::allocator<std::mutex> >&)
317 4161150976
fn=TestSolution::Sift::Solution::SearchFP_(std::vector<float, std::allocator<float> > const&, int, int*)
317 3260000
fn=TestSolution::Sift::Solution::SearchLayerFP_(float const*, int, int, int, std::vector<std::vector<std::vector<int, std::allocator<int> >, std::allocator<std::vector<int, std::allocator<int> > > >, std::allocator<std::vector<std::vector<int, std::allocator<int> >, std::allocator<std::vector<int, std::allocator<int> > > > > > const&, std::vector<std::mutex, std::allocator<std::mutex> >&, TestSolution::Sift::Solution::VisitedList&)
317 395288264
fn=std::priority_queue<std::pair<float, int>, std::vector<std::pair<float, int>, std::allocator<std::pair<float, int> > >, std::greater<void> >::pop()
431 454659588
432 474264679
fn=std::priority_queue<std::pair<float, int>, std::vector<std::pair<float, int>, std::allocator<std::pair<float, int> > >, std::greater<void> >::push(std::pair<float, int>&&)
431 66703383
432 66703383
fn=std::priority_queue<std::pair<float, int>, std::vector<std::pair<float, int>, std::allocator<std::pair<float, int> > >, std::less<std::pair<float, int> > >::pop()
431 505957962
432 571619234
fn=std::priority_queue<std::pair<float, int>, std::vector<std::pair<float, int>, std::allocator<std::pair<float, int> > >, std::less<std::pair<float, int> > >::push(std::pair<float, int>&&)
431 9374749696
432 16602220521
fl=/usr/include/c++/13/bits/stl_queue.h
fn=std::priority_queue<std::pair<float, int>, std::vector<std::pair<float, int>, std::allocator<std::pair<float, int> > >, std::greater<void> >::pop()
773 456503371
778 387715926
fn=std::priority_queue<std::pair<float, int>, std::vector<std::pair<float, int>, std::allocator<std::pair<float, int> > >, std::greater<void> >::push(std::pair<float, int>&&)
746 600330447
750 533627064
fn=std::priority_queue<std::pair<float, int>, std::vector<std::pair<float, int>, std::allocator<std::pair<float, int> > >, std::less<std::pair<float, int> > >::pop()
773 461713511
778 393968094
fn=std::priority_queue<std::pair<float, int>, std::vector<std::pair<float, int>, std::allocator<std::pair<float, int> > >, std::less<std::pair<float, int> > >::push(std::pair<float, int>&&)
746 19325509839
750 17178230968
fl=/usr/include/c++/13/bits/stl_uninitialized.h
fn=TestSolution::Sift::Solution::Build(std::vector<float, std::allocator<float> > const&)
642 3000001
1103 2
1104 161
fn=TestSolution::Sift::Solution::Insert_(int, std::vector<std::vector<std::vector<int, std::allocator<int> >, std::allocator<std::vector<int, std::allocator<int> > > >, std::allocator<std::vector<std::vector<int, std::allocator<int> >, std::allocator<std::vector<int, std::allocator<int> > > > > >&, std::vector<std::mutex, std::allocator<std::mutex> >&)
1119 556
1131 1096
fn=load_base(global::DataSetInfo const&)
667 1
fn=load_labels(global::DataSetInfo const&)
263 1
266 30000
fn=load_samples(global::DataSetInfo const&)
263 1
266 30000
667 2
fn=std::priority_queue<std::pair<float, int>, std::vector<std::pair<float, int>, std::allocator<std::pair<float, int> > >, std::greater<void> >::push(std::pair<float, int>&&)
1103 24879920
1104 280267610
fn=std::priority_queue<std::pair<float, int>, std::vector<std::pair<float, int>, std::allocator<std::pair<float, int> > >, std::less<std::pair<float, int> > >::push(std::pair<float, int>&&)
1103 817439960
1104 9426602248
fn=std::vector<TestSolution::Sift::Solution::Node, std::allocator<TestSolution::Sift::Solution::Node> >::_M_default_append(unsigned long)
667 1
668 1
1119 2
fn=std::vector<int, std::allocator<int> >::resize(unsigned long)
667 1
668 2
1119 2
fn=std::vector<std::vector<int, std::allocator<int> >, std::allocator<std::vector<int, std::allocator<int> > > >::_M_default_append(unsigned long)
642 6096102
1103 1000000
1104 3000000
fn=std::vector<std::vector<int, std::allocator<int> >, std::allocator<std::vector<int, std::allocator<int> > > >::vector(unsigned long, std::vector<int, std::allocator<int> > const&, std::allocator<std::vector<int, std::allocator<int> > > const&)
263 2
266 30000
fl=/usr/include/c++/13/bits/stl_vector.h
fn=TestSolution::Sift::Solution::Build(std::vector<float, std::allocator<float> > const&)
100 2000007
370 6096110
381 12
389 4064092
398 2
400 4
735 2000002
993 6000039
1015 2000002
1016 4000004
1129 4000000
1717 2
1898 18
1901 10
1902 34
1909 6
1939 1000000
fn=TestSolution::Sift::Solution::FlattenGraph_(std::vector<std::vector<std::vector<int, std::allocator<int> >, std::allocator<std::vector<int, std::allocator<int> > > >, std::allocator<std::vector<std::vector<int, std::allocator<int> >, std::allocator<std::vector<int, std::allocator<int> > > > > > const&)
993 25320350
1036 2
1037 3
1129 3096103
1148 4000000
fn=TestSolution::Sift::Solution::Insert_(int, std::vector<std::vector<std::vector<int, std::allocator<int> >, std::allocator<std::vector<int, std::allocator<int> > > >, std::allocator<std::vector<std::vector<int, std::allocator<int> >, std::allocator<std::vector<int, std::allocator<int> > > > > >&, std::vector<std::mutex, std::allocator<std::mutex> >&)
100 99060096
370 71200234
378 274
381 822
389 6192212
993 420084120
1126 1032034
1129 428221263
1283 5990
1288 5434
1901 4
fn=TestSolution::Sift::Solution::SearchFP_(std::vector<float, std::allocator<float> > const&, int, int*)
100 50000
370 60000
389 60000
993 3250000
1129 40000
1261 670000
1266 10000
1283 1300000
1288 1300000
fn=TestSolution::Sift::Solution::SearchLayerFP_(float const*, int, int, int, std::vector<std::vector<std::vector<int, std::allocator<int> >, std::allocator<std::vector<int, std::allocator<int> > > >, std::allocator<std::vector<std::vector<int, std::allocator<int> >, std::allocator<std::vector<int, std::allocator<int> > > > > > const&, std::vector<std::mutex, std::allocator<std::mutex> >&, TestSolution::Sift::Solution::VisitedList&)
100 5160170
370 2064068
389 2064068
993 851469741
1129 330266915
1148 400448434
fn=TestSolution::Sift::Solution::SelectNeighbors_(std::priority_queue<std::pair<float, int>, std::vector<std::pair<float, int>, std::allocator<std::pair<float, int> > >, std::less<std::pair<float, int> > >&, std::vector<int, std::allocator<int> >&)
370 68117451
389 2064068
993 240448613
1283 231175847
1288 198152820
fn=TestSolution::Sift::Solution::Solution()
100 8
fn=load_base(global::DataSetInfo const&)
100 3
381 2
398 1
400 4
1717 1
1909 3
fn=load_labels(global::DataSetInfo const&)
100 30005
381 2
398 10005
400 20004
605 10000
1706 1
1717 1
1909 3
fn=load_samples(global::DataSetInfo const&)
100 30006
381 20005
389 2
398 10006
400 20006
605 10000
993 2
1706 2
1717 2
1909 5
fn=run(global::DataSetInfo const&)
100 2
370 90021
389 60016
398 1
400 2
735 6
1129 80000
1717 1
fn=save_res(std::vector<std::vector<int, std::allocator<int> >, std::allocator<std::vector<int, std::allocator<int> > > > const&)
993 60001
1148 90000
fn=std::priority_queue<std::pair<float, int>, std::vector<std::pair<float, int>, std::allocator<std::pair<float, int> > >, std::greater<void> >::pop()
1325 68787445
fn=std::priority_queue<std::pair<float, int>, std::vector<std::pair<float, int>, std::allocator<std::pair<float, int> > >, std::greater<void> >::push(std::pair<float, int>&&)
381 12439960
389 14524028
993 29048056
1898 21786042
1901 6219980
1902 40445982
fn=std::priority_queue<std::pair<float, int>, std::vector<std::pair<float, int>, std::allocator<std::pair<float, int> > >, std::less<std::pair<float, int> > >::pop()
1325 67745417
fn=std::priority_queue<std::pair<float, int>, std::vector<std::pair<float, int>, std::allocator<std::pair<float, int> > >, std::less<std::pair<float, int> > >::push(std::pair<float, int>&&)
381 408719980
389 476844112
993 953688224
1898 715266168
1901 204359990
1902 1328346138
fn=std::vector<TestSolution::Sift::Solution::Node, std::allocator<TestSolution::Sift::Solution::Node> >::_M_default_append(unsigned long)
389 2
993 6
1898 2
1901 2
1902 4
fn=std::vector<float, std::allocator<float> >::operator=(std::vector<float, std::allocator<float> > const&) [clone .isra.0]
389 2
993 4
1080 3
fn=std::vector<int, std::allocator<int> >::_M_fill_insert(__gnu_cxx::__normal_iterator<int*, std::vector<int, std::allocator<int> > >, unsigned long, int const&)
389 2
993 3
1898 4
1901 1
1902 3
fn=std::vector<int, std::allocator<int> >::operator=(std::vector<int, std::allocator<int> > const&) [clone .isra.0]
389 2064060
993 4128151
1080 3096102
fn=std::vector<int, std::allocator<int> >::resize(unsigned long)
389 2
993 6
1013 10
1015 2
1016 1
1019 8
1898 2
1902 3
fn=std::vector<std::vector<int, std::allocator<int> >, std::allocator<std::vector<int, std::allocator<int> > > >::_M_default_append(unsigned long)
100 3064068
389 2000000
993 7000000
1898 2000000
1901 1000000
1902 3000000
fn=std::vector<std::vector<int, std::allocator<int> >, std::allocator<std::vector<int, std::allocator<int> > > >::vector(unsigned long, std::vector<int, std::allocator<int> > const&, std::allocator<std::vector<int, std::allocator<int> > > const&)
100 30005
381 30002
398 30004
400 20002
569 10
572 8
993 3
1706 2
1909 3
fl=/usr/include/c++/13/bits/string_view.tcc
fn=std::__format::_Scanner<char>::_M_scan()
84 36
88 36
89 60
fl=/usr/include/c++/13/bits/unique_ptr.h
fn=TestSolution::Sift::Solution::Build(std::vector<float, std::allocator<float> > const&)
176 18
403 54
fl=/usr/include/c++/13/bits/unordered_set.h
fn=run(global::DataSetInfo const&)
173 10000
fl=/usr/include/c++/13/bits/vector.tcc
fn=TestSolution::Sift::Solution::Build(std::vector<float, std::allocator<float> > const&)
114 88
119 24
445 6
468 12
483 6
520 10
521 12
522 6
523 18
fn=TestSolution::Sift::Solution::Insert_(int, std::vector<std::vector<std::vector<int, std::allocator<int> >, std::allocator<std::vector<int, std::allocator<int> > > >, std::allocator<std::vector<std::vector<int, std::allocator<int> >, std::allocator<std::vector<int, std::allocator<int> > > > > >&, std::vector<std::mutex, std::allocator<std::mutex> >&)
96 3096102
98 2064068
483 278
520 548
521 278
522 278
523 1112
fn=TestSolution::Sift::Solution::SearchFP_(std::vector<float, std::allocator<float> > const&, int, int*)
70 30000
72 20000
96 30000
98 20000
523 30000
fn=TestSolution::Sift::Solution::SelectNeighbors_(std::priority_queue<std::pair<float, int>, std::vector<std::pair<float, int>, std::allocator<std::pair<float, int> > >, std::less<std::pair<float, int> > >&, std::vector<int, std::allocator<int> >&)
70 3096102
96 3096102
98 2064068
fn=std::priority_queue<std::pair<float, int>, std::vector<std::pair<float, int>, std::allocator<std::pair<float, int> > >, std::greater<void> >::push(std::pair<float, int>&&)
114 333516915
119 118882738
483 13481994
520 25921954
521 7262014
522 7262014
523 31132124
fn=std::priority_queue<std::pair<float, int>, std::vector<std::pair<float, int>, std::allocator<std::pair<float, int> > >, std::less<std::pair<float, int> > >::push(std::pair<float, int>&&)
114 10736394355
119 3817713630
483 442782046
520 851502026
521 238422056
522 238422056
523 1021812356
fn=std::vector<TestSolution::Sift::Solution::Node, std::allocator<TestSolution::Sift::Solution::Node> >::_M_default_append(unsigned long)
634 10
637 2
641 3
643 2
646 2
668 1
705 1
706 4
707 2
710 8
fn=std::vector<bool, std::allocator<bool> >::_M_fill_insert(std::_Bit_iterator, unsigned long, bool)
861 209
864 114
866 57
880 19
884 76
885 38
886 76
888 152
fn=std::vector<float, std::allocator<float> >::operator=(std::vector<float, std::allocator<float> > const&) [clone .isra.0]
210 7
213 2
236 2
244 1
245 1
246 2
262 1
265 6
fn=std::vector<int, std::allocator<int> >::_M_fill_insert(__gnu_cxx::__normal_iterator<int*, std::vector<int, std::allocator<int> > >, unsigned long, int const&)
529 11
532 2
534 2
535 4
580 1
586 2
592 3
601 2
623 1
624 1
625 3
628 8
fn=std::vector<int, std::allocator<int> >::operator=(std::vector<int, std::allocator<int> > const&) [clone .isra.0]
210 7224238
213 2064068
236 2064068
244 1032030
245 1032030
246 2064060
248 8
257 3
258 1
262 1032041
265 6192204
fn=std::vector<int, std::allocator<int> >::resize(unsigned long)
641 3
643 2
646 2
668 1
705 1
706 2
707 3
fn=std::vector<std::vector<int, std::allocator<int> >, std::allocator<std::vector<int, std::allocator<int> > > >::_M_default_append(unsigned long)
634 9000000
637 2000000
641 5000000
643 2000000
646 2000000
668 1000000
705 1000000
706 3000000
707 2000000
710 8000000
fl=/usr/include/c++/13/compare
fn=std::priority_queue<std::pair<float, int>, std::vector<std::pair<float, int>, std::allocator<std::pair<float, int> > >, std::greater<void> >::pop()
1223 3299400445
fn=std::priority_queue<std::pair<float, int>, std::vector<std::pair<float, int>, std::allocator<std::pair<float, int> > >, std::greater<void> >::push(std::pair<float, int>&&)
1223 452335247
fn=std::priority_queue<std::pair<float, int>, std::vector<std::pair<float, int>, std::allocator<std::pair<float, int> > >, std::less<std::pair<float, int> > >::pop()
1223 3000513525
fn=std::priority_queue<std::pair<float, int>, std::vector<std::pair<float, int>, std::allocator<std::pair<float, int> > >, std::less<std::pair<float, int> > >::push(std::pair<float, int>&&)
1223 61802138468
fl=/usr/include/c++/13/format
fn=decltype(auto) std::basic_format_arg<std::basic_format_context<std::__format::_Sink_iter<char>, char> >::_M_visit<std::__format::_Formatting_scanner<std::__format::_Sink_iter<char>, char>::_M_format_arg(unsigned long)::{lambda(auto:1&)#1}>(std::__format::_Formatting_scanner<std::__format::_Sink_iter<char>, char>::_M_format_arg(unsigned long)::{lambda(auto:1&)#1}&&, std::__format::_Arg_t)
218 2
219 6
822 1
827 2
829 3
1991 3
2088 15
2093 20
3124 66
3127 30
3185 54
3488 1
3490 6
3648 5
3657 12
3658 12
3659 12
fn=run(global::DataSetInfo const&)
3394 2
3822 43
fn=std::__format::_Formatting_scanner<std::__format::_Sink_iter<char>, char>::_M_format_arg(unsigned long)
2910 12
3192 30
3280 24
3281 12
3305 36
3308 24
3643 36
3648 18
3663 6
3664 30
fn=std::__format::_Formatting_scanner<std::__format::_Sink_iter<char>, char>::_M_on_chars(char const*)
214 12
3490 12
3636 24
3639 24
3640 24
fn=std::__format::_Scanner<char>::_M_scan()
214 12
215 24
219 24
224 12
226 6
233 24
3518 54
3522 12
3534 30
3537 24
3543 6
3544 30
3546 18
3547 12
3548 24
3549 6
3551 12
3578 48
3591 18
3611 18
3612 24
3614 6
fn=std::__format::_Sink_iter<char> std::__format::__write<std::__format::_Sink_iter<char>, char>(std::__format::_Sink_iter<char>, std::basic_string_view<char, std::char_traits<char> >)
594 126
598 36
605 126
2459 36
fn=std::__format::__formatter_fp<char>::parse(std::basic_format_parse_context<char>&)
214 5
215 5
1325 40
1327 20
1332 20
1336 25
1418 55
fn=std::__format::__formatter_str<char>::parse(std::basic_format_parse_context<char>&)
214 1
215 1
767 11
771 2
774 4
778 5
787 1
815 11
fn=std::basic_format_context<std::__format::_Sink_iter<char>, char>::iterator std::__format::__formatter_fp<char>::format<double, std::__format::_Sink_iter<char> >(double, std::basic_format_context<std::__format::_Sink_iter<char>, char>&) const
555 20
557 20
691 10
725 10
1422 70
1428 5
1429 5
1430 15
1434 5
1436 5
1437 5
1439 5
1441 50
1491 35
1497 15
1543 10
1545 10
1551 20
1553 25
1555 10
1558 5
1561 10
1565 10
1669 10
1682 20
1705 5
1707 60
fn=std::vformat[abi:cxx11](std::basic_string_view<char, std::char_traits<char> >, std::basic_format_args<std::basic_format_context<std::__format::_Sink_iter<char>, char> >)
208 24
691 12
725 12
2417 42
2436 18
2527 30
2538 18
2587 48
3456 18
3627 24
3730 12
3785 72
3789 66
fl=/usr/include/c++/13/fstream
fn=load_base(global::DataSetInfo const&)
256 2
259 4
339 4
571 7
573 3
607 4
706 2
739 4
931 6
fn=load_labels(global::DataSetInfo const&)
256 2
259 4
339 4
571 9
573 3
607 4
706 2
739 4
931 6
fn=load_samples(global::DataSetInfo const&)
256 2
259 4
339 4
571 9
573 3
607 4
706 2
739 4
931 6
fn=save_res(std::vector<std::vector<int, std::allocator<int> >, std::allocator<std::vector<int, std::allocator<int> > > > const&)
256 2
259 2
799 8
801 3
870 7
930 6
931 3
935 2
fl=/usr/include/c++/13/istream
fn=load_base(global::DataSetInfo const&)
106 5
217 384000000
697 6
698 5
fn=load_labels(global::DataSetInfo const&)
106 6
193 300000
697 6
698 5
fn=load_samples(global::DataSetInfo const&)
106 6
217 3840000
697 6
698 5
fl=/usr/include/c++/13/ostream
fn=run(global::DataSetInfo const&)
667 12
736 15
758 2
fn=save_res(std::vector<std::vector<int, std::allocator<int> >, std::allocator<std::vector<int, std::allocator<int> > > > const&)
95 5
432 8
572 440000
573 3
574 230000
575 10000
fl=/usr/include/c++/13/span
fn=std::__format::_Sink_iter<char> std::__format::__write<std::__format::_Sink_iter<char>, char>(std::__format::_Sink_iter<char>, std::basic_string_view<char, std::char_traits<char> >)
425 72
fl=/usr/include/c++/13/streambuf
fn=load_base(global::DataSetInfo const&)
205 4
fn=load_labels(global::DataSetInfo const&)
205 4
fn=load_samples(global::DataSetInfo const&)
205 4
fn=save_res(std::vector<std::vector<int, std::allocator<int> >, std::allocator<std::vector<int, std::allocator<int> > > > const&)
205 4
fl=/usr/include/c++/13/string_view
fn=std::__format::_Formatting_scanner<std::__format::_Sink_iter<char>, char>::_M_on_chars(char const*)
155 12
157 12
fn=std::__format::_Scanner<char>::_M_scan()
157 12
fn=std::vformat[abi:cxx11](std::basic_string_view<char, std::char_traits<char> >, std::basic_format_args<std::basic_format_context<std::__format::_Sink_iter<char>, char> >)
193 12
fl=/usr/include/c++/13/tuple
fn=TestSolution::Sift::Solution::Build(std::vector<float, std::allocator<float> > const&)
201 66
fl=/usr/include/x86_64-linux-gnu/c++/13/bits/gthr-default.h
fn=TestSolution::Sift::Solution::Insert_(int, std::vector<std::vector<std::vector<int, std::allocator<int> >, std::allocator<std::vector<int, std::allocator<int> > > >, std::allocator<std::vector<std::vector<int, std::allocator<int> >, std::allocator<std::vector<int, std::allocator<int> > > > > >&, std::vector<std::mutex, std::allocator<std::mutex> >&)
749 76046054
779 77009770
fn=TestSolution::Sift::Solution::SearchLayerFP_(float const*, int, int, int, std::vector<std::vector<std::vector<int, std::allocator<int> >, std::allocator<std::vector<int, std::allocator<int> > > >, std::allocator<std::vector<std::vector<int, std::allocator<int> >, std::allocator<std::vector<int, std::allocator<int> > > > > > const&, std::vector<std::mutex, std::allocator<std::mutex> >&, TestSolution::Sift::Solution::VisitedList&)
749 132106766
779 132106766
fl=/usr/lib/gcc/x86_64-linux-gnu/13/include/avxintrin.h
fn=TestSolution::Sift::Distance<128, true, void>::L2Sq(float const*, float const*)
368 88736889152
526 2773027786
1472 2773027786
fl=/usr/lib/gcc/x86_64-linux-gnu/13/include/fmaintrin.h
fn=TestSolution::Sift::Distance<128, true, void>::L2Sq(float const*, float const*)
65 44368444576
fl=/usr/lib/gcc/x86_64-linux-gnu/13/include/pmmintrin.h
fn=TestSolution::Sift::Distance<128, true, void>::L2Sq(float const*, float const*)
59 5546055572
fl=/usr/lib/gcc/x86_64-linux-gnu/13/include/xmmintrin.h
fn=TestSolution::Sift::Distance<128, true, void>::L2Sq(float const*, float const*)
192 2773027786
975 2773027786
fn=TestSolution::Sift::Solution::SearchFP_(std::vector<float, std::allocator<float> > const&, int, int*)
56 28440000
fl=???
fn=(below main)
0 12
fn=???
0 3707107599
fn=__cpu_indicator_init
0 367
fn=__cxa_get_globals
0 16
fn=__cxa_thread_atexit
0 114
fn=__gnu_cxx::stdio_sync_filebuf<char, std::char_traits<char> >::overflow(int)
0 14
fn=__gnu_cxx::stdio_sync_filebuf<char, std::char_traits<char> >::sync()
0 21
fn=__gnu_cxx::stdio_sync_filebuf<char, std::char_traits<char> >::xsputn(char const*, long)
0 54
fn=__gnu_cxx::stdio_sync_filebuf<wchar_t, std::char_traits<wchar_t> >::sync()
0 15
fn=operator delete(void*)
0 499861022
fn=operator delete(void*, unsigned long)
0 499861020
fn=operator delete[](void*)
0 2
fn=operator new(unsigned long)
0 3998888176
fn=operator new[](unsigned long)
0 2
fn=std::__basic_file<char>::__basic_file(pthread_mutex_t*)
0 16
fn=std::__basic_file<char>::close()
0 72
fn=std::__basic_file<char>::fd()
0 78
fn=std::__basic_file<char>::is_open() const
0 96
fn=std::__basic_file<char>::open(char const*, std::_Ios_Openmode, int)
0 125
fn=std::__basic_file<char>::xsputn(char const*, long)
0 81
fn=std::__basic_file<char>::xsputn_2(char const*, long, char const*, long)
0 1127
fn=std::__basic_file<char>::~__basic_file()
0 24
fn=std::__cxx11::messages<char>::messages(unsigned long)
0 21
fn=std::__cxx11::messages<wchar_t>::messages(unsigned long)
0 21
fn=std::__cxx11::moneypunct<char, false>::_M_initialize_moneypunct(__locale_struct*, char const*)
0 114
fn=std::__cxx11::moneypunct<char, true>::_M_initialize_moneypunct(__locale_struct*, char const*)
0 115
fn=std::__cxx11::moneypunct<wchar_t, false>::_M_initialize_moneypunct(__locale_struct*, char const*)
0 109
fn=std::__cxx11::moneypunct<wchar_t, true>::_M_initialize_moneypunct(__locale_struct*, char const*)
0 109
fn=std::__cxx11::numpunct<char>::_M_initialize_numpunct(__locale_struct*)
0 417
fn=std::__cxx11::numpunct<wchar_t>::_M_initialize_numpunct(__locale_struct*)
0 353
fn=std::__detail::_Prime_rehash_policy::_M_need_rehash(unsigned long, unsigned long, unsigned long) const
0 2000000
fn=std::__detail::_Prime_rehash_policy::_M_next_bkt(unsigned long) const
0 460000
fn=std::__timepunct<char>::_M_initialize_timepunct(__locale_struct*)
0 132
fn=std::__timepunct<char>::__timepunct(std::__timepunct_cache<char>*, unsigned long)
0 24
fn=std::__timepunct<wchar_t>::_M_initialize_timepunct(__locale_struct*)
0 129
fn=std::__timepunct<wchar_t>::__timepunct(std::__timepunct_cache<wchar_t>*, unsigned long)
0 24
fn=std::basic_filebuf<char, std::char_traits<char> >::_M_allocate_internal_buffer()
0 18
fn=std::basic_filebuf<char, std::char_traits<char> >::_M_convert_to_external(char*, long)
0 114
fn=std::basic_filebuf<char, std::char_traits<char> >::_M_destroy_internal_buffer()
0 24
fn=std::basic_filebuf<char, std::char_traits<char> >::_M_terminate_output()
0 46
fn=std::basic_filebuf<char, std::char_traits<char> >::basic_filebuf()
0 200
fn=std::basic_filebuf<char, std::char_traits<char> >::close()
0 214
fn=std::basic_filebuf<char, std::char_traits<char> >::open(char const*, std::_Ios_Openmode)
0 142
fn=std::basic_filebuf<char, std::char_traits<char> >::overflow(int)
0 220
fn=std::basic_filebuf<char, std::char_traits<char> >::xsputn(char const*, long)
0 3900671
fn=std::basic_ios<char, std::char_traits<char> >::_M_cache_locale(std::locale const&)
0 384
fn=std::basic_ios<char, std::char_traits<char> >::clear(std::_Ios_Iostate)
0 905660049
fn=std::basic_ios<char, std::char_traits<char> >::init(std::basic_streambuf<char, std::char_traits<char> >*)
0 288
fn=std::basic_ios<wchar_t, std::char_traits<wchar_t> >::_M_cache_locale(std::locale const&)
0 128
fn=std::basic_ios<wchar_t, std::char_traits<wchar_t> >::init(std::basic_streambuf<wchar_t, std::char_traits<wchar_t> >*)
0 96
fn=std::basic_ostream<char, std::char_traits<char> >& std::__ostream_insert<char, std::char_traits<char> >(std::basic_ostream<char, std::char_traits<char> >&, char const*, long)
0 513
fn=std::basic_ostream<wchar_t, std::char_traits<wchar_t> >::flush()
0 174
fn=std::basic_ostream<wchar_t, std::char_traits<wchar_t> >::sentry::sentry(std::basic_ostream<wchar_t, std::char_traits<wchar_t> >&)
0 97
fn=std::basic_streambuf<char, std::char_traits<char> >::xsputn(char const*, long)
0 4199034
fn=std::chrono::_V2::system_clock::now()
0 48
fn=std::codecvt<char, char, __mbstate_t>::codecvt(unsigned long)
0 19
fn=std::codecvt<char, char, __mbstate_t>::do_always_noconv() const
0 300012
fn=std::codecvt<wchar_t, char, __mbstate_t>::codecvt(unsigned long)
0 19
fn=std::ctype<char>::_M_widen_init() const
0 754
fn=std::ctype<char>::ctype(unsigned short const*, bool, unsigned long)
0 121
fn=std::ctype<wchar_t>::_M_convert_to_wmask(unsigned short) const
0 146
fn=std::ctype<wchar_t>::_M_initialize_ctype()
0 2736
fn=std::ctype<wchar_t>::ctype(unsigned long)
0 21
fn=std::error_category::error_category()
0 10
fn=std::error_category::~error_category()
0 4
fn=std::future_category()
0 3
fn=std::ios_base::Init::Init()
0 272
fn=std::ios_base::Init::~Init()
0 25
fn=std::ios_base::_M_call_callbacks(std::ios_base::event)
0 64
fn=std::ios_base::_M_dispose_callbacks()
0 72
fn=std::ios_base::_M_init()
0 448
fn=std::ios_base::ios_base()
0 720
fn=std::ios_base::~ios_base()
0 84
fn=std::istream& std::istream::_M_extract<float>(float&)
0 3232000000
fn=std::istream& std::istream::_M_extract<unsigned long>(unsigned long&)
0 2500000
fn=std::istream::sentry::sentry(std::istream&, bool)
0 2975740000
fn=std::locale::_Impl::_Impl(unsigned long)
0 673
fn=std::locale::_Impl::_M_install_facet(std::locale::id const*, std::locale::facet const*)
0 12192
fn=std::locale::facet::_S_create_c_locale(__locale_struct*&, char const*, __locale_struct*)
0 14
fn=std::locale::facet::_S_get_c_locale()
0 210
fn=std::locale::facet::_S_get_c_name()
0 21
fn=std::locale::id::_M_id() const
0 601116
fn=std::locale::locale()
0 836
fn=std::locale::locale(std::locale::_Impl*)
0 3
fn=std::locale::operator=(std::locale const&)
0 368
fn=std::locale::~locale()
0 288
fn=std::messages<char>::messages(unsigned long)
0 21
fn=std::messages<wchar_t>::messages(unsigned long)
0 21
fn=std::moneypunct<char, false>::_M_initialize_moneypunct(__locale_struct*, char const*)
0 114
fn=std::moneypunct<char, true>::_M_initialize_moneypunct(__locale_struct*, char const*)
0 115
fn=std::moneypunct<wchar_t, false>::_M_initialize_moneypunct(__locale_struct*, char const*)
0 109
fn=std::moneypunct<wchar_t, true>::_M_initialize_moneypunct(__locale_struct*, char const*)
0 109
fn=std::num_put<char, std::ostreambuf_iterator<char, std::char_traits<char> > >::do_put(std::ostreambuf_iterator<char, std::char_traits<char> >, std::ios_base&, char, long) const
0 300000
fn=std::numpunct<char>::_M_initialize_numpunct(__locale_struct*)
0 417
fn=std::numpunct<wchar_t>::_M_initialize_numpunct(__locale_struct*)
0 353
fn=std::ostream& std::ostream::_M_insert<long>(long)
0 5800014
fn=std::ostream::flush()
0 256
fn=std::ostream::operator<<(int)
0 1100000
fn=std::ostream::put(char)
0 4510094
fn=std::ostream::sentry::sentry(std::ostream&)
0 4620383
fn=std::ostreambuf_iterator<char, std::char_traits<char> > std::num_put<char, std::ostreambuf_iterator<char, std::char_traits<char> > >::_M_insert_int<long>(std::ostreambuf_iterator<char, std::char_traits<char> >, std::ios_base&, char, long) const
0 9230000
fn=std::thread::_M_start_thread(std::unique_ptr<std::thread::_State, std::default_delete<std::thread::_State> >, void (*)())
0 288
fn=std::thread::_State::~_State()
0 36
fn=std::thread::hardware_concurrency()
0 9
fn=std::thread::join()
0 306
fn=std::to_chars(char*, char*, double)
0 15
fn=std::uncaught_exception()
0 18
summary: 926487124603
