cmd: ./build/main
events: Ir
fl=./csu/../csu/libc-start.c
fn=__libc_start_main@@GLIBC_2.34
128 2
134 3
135 7
138 1
139 2
142 3
143 2
144 21
145 12
242 13
311 3
312 3
337 6
340 2
343 2
350 2
352 2
360 4
fl=./csu/../sysdeps/nptl/libc_start_call_main.h
fn=(below main)
29 9
44 3
46 2
51 2
52 2
55 2
58 6
74 2
fl=./csu/./csu/init-first.c
fn=_init_first
46 6
51 2
55 5
61 1
62 1
63 2
71 2
72 3
fl=./ctype/./ctype/ctype-info.c
fn=__ctype_init
29 19
31 133
33 76
35 76
36 19
fl=./debug/../sysdeps/x86_64/multiarch/ifunc-memmove.h
fn=__memcpy_chk
56 2
57 3
60 3
61 2
74 2
77 2
85 2
93 2
96 5
fn=__memmove_chk
56 2
57 3
60 3
61 2
74 2
77 2
85 2
93 2
96 5
fn=__mempcpy_chk
56 2
57 3
60 3
61 2
74 2
77 2
85 2
93 2
96 5
fl=./debug/../sysdeps/x86_64/multiarch/ifunc-memset.h
fn=__memset_chk
54 5
57 3
58 2
64 2
73 2
75 2
85 2
93 2
96 5
fl=./debug/../sysdeps/x86_64/multiarch/memcpy_chk.c
fn=__memcpy_chk
29 1
fl=./debug/../sysdeps/x86_64/multiarch/memmove_chk.c
fn=__memmove_chk
29 1
fl=./debug/../sysdeps/x86_64/multiarch/mempcpy_chk.c
fn=__mempcpy_chk
29 1
fl=./debug/../sysdeps/x86_64/multiarch/memset_chk.c
fn=__memset_chk
29 1
fl=./dlfcn/./dlfcn/libc_dlerror_result.c
fn=__libc_dlerror_result_free
29 90
30 72
39 54
fl=./elf/../bits/stdlib-bsearch.h
fn=intel_check_word.constprop.0
27 96
28 48
29 744
31 648
32 348
35 264
37 120
fl=./elf/../elf/dl-tls.c
fn=_dl_add_to_slotinfo
1017 36
1023 4
1026 4
1027 4
1031 12
1065 8
1068 8
1069 12
1072 24
fn=_dl_allocate_tls
365 18
369 18
370 18
371 36
374 18
380 54
530 36
531 18
534 36
537 54
549 18
554 504
560 180
563 216
564 144
570 216
571 144
573 378
576 144
577 144
580 144
581 288
583 144
584 144
593 72
603 936
609 216
615 36
618 18
620 18
626 180
627 36
630 144
fn=_dl_allocate_tls_init
523 11
524 2
528 2
531 1
534 2
537 3
549 1
554 32
560 11
563 12
564 8
570 12
571 8
573 31
576 8
577 8
580 8
581 16
583 8
584 8
593 4
601 8
603 40
609 4
615 2
618 2
621 9
fn=_dl_allocate_tls_storage
365 1
369 1
370 1
371 2
374 1
380 2
417 7
419 1
430 1
431 1
432 2
440 6
441 1
445 305
464 1
470 7
fn=_dl_assign_tls_modid
125 12
128 6
141 3
181 3
183 3
186 3
187 6
fn=_dl_count_modids
192 1
194 2
195 1
210 2
fn=_dl_deallocate_tls
636 126
637 14
640 560
641 756
644 28
645 14
647 28
649 84
fn=_dl_determine_tlsoffset
216 9
217 1
218 1
219 1
222 4
225 2
259 1
261 32
263 11
265 12
266 8
268 8
270 20
281 4
286 32
288 8
289 4
294 4
301 1
302 7
304 2
354 1
355 8
fn=_dl_tls_static_surplus_init
83 3
97 8
100 6
101 5
102 3
104 4
107 1
109 1
111 3
112 6
fl=./elf/../include/list.h
fn=__tls_init_tp
43 2
44 2
45 1
47 1
fl=./elf/../include/rtld-malloc.h
fn=__minimal_calloc
56 17
fn=_dl_allocate_tls
44 36
fn=_dl_allocate_tls_storage
44 2
56 1
fn=_dl_check_map_versions
44 18
fn=_dl_deallocate_tls
50 518
fn=_dl_find_object_init
56 2
fn=_dl_important_hwcaps
56 4
fn=_dl_init_paths
56 5
fn=_dl_map_object_deps
56 12
fn=_dl_new_object
44 18
56 15
fn=do_lookup_x
44 13
fn=fillin_rpath.isra.0
50 20
51 10
56 8
fn=init_tls
44 2
fl=./elf/../include/scratch_buffer.h
fn=_dl_map_object_deps
77 2
78 1
85 3
131 20
fl=./elf/../misc/sbrk.c
fn=sbrk
37 6
40 1
58 2
62 2
78 5
fl=./elf/../nptl/nptl-stack.h
fn=__libc_early_init
61 8
fl=./elf/../sysdeps/generic/_itoa.h
fn=_dl_check_map_versions
76 39
fl=./elf/../sysdeps/generic/dl-cache.h
fn=_dl_load_cache_lookup
125 4
194 1
195 5
fl=./elf/../sysdeps/generic/dl-call_tls_init_tp.h
fn=init_tls
31 8
33 1
fl=./elf/../sysdeps/generic/dl-debug.h
fn=dl_main
29 4
30 1
fl=./elf/../sysdeps/generic/dl-hash.h
fn=__rtld_malloc_init_real
43 1
44 1
45 19
48 18
62 24
67 1
72 1
fl=./elf/../sysdeps/generic/dl-new-hash.h
fn=_dl_lookup_symbol_x
69 2014
70 4028
74 42794
77 85588
80 41782
81 83564
87 1002
88 1002
89 2004
90 1002
99 40780
101 40780
102 81560
104 40780
105 40780
fl=./elf/../sysdeps/generic/dl-protected.h
fn=do_lookup_x
29 7992
fl=./elf/../sysdeps/generic/ldsodefs.h
fn=_dl_relocate_object
79 62
140 10620
fn=_dl_start
79 6
fn=do_lookup_x
139 3996
140 5994
fl=./elf/../sysdeps/nptl/dl-mutex.c
fn=__rtld_mutex_init
30 7
37 1
40 7
44 2
45 9
47 6
51 2
52 7
53 6
fl=./elf/../sysdeps/nptl/dl-tls_init_tp.c
fn=__tls_init_tp
68 5
69 1
72 1
75 4
76 2
77 1
82 2
87 4
90 1
93 3
105 4
121 3
128 2
129 3
fn=__tls_pre_init_tp
53 3
56 10
61 2
62 1
64 1
fn=rtld_mutex_dummy
42 178
44 356
fl=./elf/../sysdeps/nptl/pthread_early_init.h
fn=__libc_early_init
33 6
34 1
38 5
45 2
46 1
48 2
52 5
53 1
54 1
56 1
fl=./elf/../sysdeps/posix/dl-fileid.h
fn=_dl_map_object_from_fd
37 20
40 20
49 60
fl=./elf/../sysdeps/unix/sysv/linux/brk.c
fn=brk
36 1
37 1
38 2
44 1
45 1
fl=./elf/../sysdeps/unix/sysv/linux/brk_call.h
fn=brk
24 2
fl=./elf/../sysdeps/unix/sysv/linux/dl-osinfo.h
fn=dl_main
39 2
52 1
fl=./elf/../sysdeps/unix/sysv/linux/dl-parse_auxv.h
fn=_dl_sysdep_parse_arguments
32 2
33 1
34 1
41 93
42 44
43 44
45 1
46 2
47 2
48 2
49 1
51 2
52 2
53 2
54 2
56 2
fl=./elf/../sysdeps/unix/sysv/linux/dl-sysdep.c
fn=_dl_sysdep_parse_arguments
78 7
79 2
80 2
81 3
82 47
83 97
86 2
90 56
93 5
94 2
95 3
96 6
fn=_dl_sysdep_start
102 6
103 1
106 2
110 2
113 1
115 2
122 3
123 2
125 5
137 3
140 5
143 4
fn=_dl_sysdep_start_cleanup
147 1
148 1
fl=./elf/../sysdeps/unix/sysv/linux/dl-vdso-setup.h
fn=dl_main
30 1
33 1
36 1
39 1
45 1
fl=./elf/../sysdeps/unix/sysv/linux/dl-vdso.h
fn=dl_main
40 2
41 5
55 2
fl=./elf/../sysdeps/unix/sysv/linux/rseq-internal.h
fn=__tls_init_tp
32 3
34 7
37 2
40 1
fl=./elf/../sysdeps/unix/sysv/linux/x86/dl-hwcap2.h
fn=update_active.constprop.0
25 2
fl=./elf/../sysdeps/unix/sysv/linux/x86/dl-minsigstacksize.h
fn=get_common_indices.constprop.0
24 2
27 2
28 2
65 3
72 1
74 1
fl=./elf/../sysdeps/x86/cpu-features.c
fn=get_common_indices.constprop.0
398 3
402 4
405 5
409 1
410 4
411 4
412 4
413 3
414 2
421 2
423 9
428 8
435 2
436 7
442 2
457 3
fn=init_cpu_features.constprop.0
376 3
377 2
378 6
383 2
384 6
389 2
390 7
682 8
685 1
686 1
687 1
690 1
699 3
702 6
703 1
706 2
708 6
713 1
715 3
717 9
721 7
774 3
781 2
799 1
832 2
866 4
869 2
870 1
878 2
885 2
887 2
891 2
897 2
899 1
1001 3
1002 2
1005 2
1006 2
1012 1
1013 1
1014 1
1015 2
1019 4
1022 4
1028 3
1041 2
1042 4
1081 1
1082 2
1086 3
1103 2
1104 2
1106 3
1107 2
1109 3
1110 2
1113 2
1127 4
1129 4
1135 4
1142 8
fn=update_active.constprop.0
72 8
76 1
84 3
85 3
86 1
94 4
95 1
103 4
104 1
109 4
112 4
113 1
116 5
117 2
121 5
122 3
123 3
124 2
128 5
129 5
130 3
132 2
133 4
147 2
151 7
152 4
154 3
158 4
161 1
164 2
166 2
170 1
171 1
178 4
180 5
186 4
188 5
190 4
195 5
244 3
245 3
261 4
277 2
281 2
282 1
285 4
289 2
293 3
294 2
296 1
297 1
300 2
302 1
305 2
356 5
360 3
369 1
370 8
fl=./elf/../sysdeps/x86/dl-cacheinfo.h
fn=get_common_cache_info.constprop.0
571 11
586 1
587 1
588 2
589 1
590 2
596 3
598 7
601 2
613 1
618 3
622 2
627 5
630 24
637 8
640 26
645 2
649 3
650 2
654 2
658 3
661 4
662 1
667 4
673 4
681 6
683 2
685 4
687 12
689 1
690 1
691 9
693 4
696 7
701 1
703 4
704 3
705 1
708 2
711 2
718 1
720 4
721 1
726 2
731 2
732 1
733 2
734 1
759 3
770 5
771 5
775 2
782 1
783 2
784 1
785 7
fn=handle_intel.constprop.0
250 108
255 24
261 12
262 12
267 48
271 24
276 24
279 60
281 24
284 60
286 24
305 96
fn=init_cpu_features.constprop.0
792 1
793 1
795 1
809 2
811 3
812 3
813 3
814 2
817 3
819 3
820 2
822 3
824 3
825 1
827 3
829 3
830 2
832 3
834 3
836 3
838 5
894 2
895 2
896 2
897 2
898 2
899 2
900 1
901 1
902 1
903 1
904 1
905 1
907 1
910 3
924 3
925 7
930 2
931 6
932 2
939 3
959 6
968 2
969 2
974 12
987 5
995 7
997 2
1000 5
1002 2
1005 5
1006 5
1010 6
1011 3
1017 7
1020 11
1021 10
1022 13
1025 10
1027 10
1040 4
1042 2
1043 2
1044 1
1045 1
1046 1
1047 1
fn=intel_check_word.constprop.0
110 648
113 324
119 216
123 48
125 12
129 120
131 144
133 60
135 120
143 120
152 12
155 138
158 99
162 58
164 189
167 120
168 72
169 60
170 48
172 11
174 22
176 12
177 16
178 12
179 20
180 14
181 12
183 8
184 12
187 21
190 2
194 192
202 168
216 48
246 144
fl=./elf/../sysdeps/x86/dl-get-cpu-features.c
fn=__x86_cpu_features
39 3
71 3
fn=_dl_x86_init_cpu_features
37 1
39 3
41 1
fl=./elf/../sysdeps/x86/dl-isa-level.h
fn=_dl_load_cache_lookup
28 24
fl=./elf/../sysdeps/x86/dl-procinfo.h
fn=_dl_load_cache_lookup
39 8
42 28
fl=./elf/../sysdeps/x86/dl-prop.h
fn=_dl_map_object_from_fd
149 20
fn=_dl_process_pt_gnu_property
95 36
102 18
115 18
118 9
252 6
253 3
254 12
255 6
257 36
258 3
260 9
fn=dl_main
36 2
37 24
40 10
49 40
53 33
71 2
149 4
235 4
236 2
fl=./elf/../sysdeps/x86/get-isa-level.h
fn=_dl_hwcaps_subdirs_active
30 4
31 1
32 3
36 3
39 4
40 4
45 4
48 2
51 5
53 4
54 2
55 2
58 4
fn=update_active.constprop.0
28 1
30 4
31 1
32 3
36 3
38 1
39 2
40 4
45 4
47 1
48 2
51 5
53 4
54 2
55 2
57 1
58 4
fl=./elf/../sysdeps/x86_64/dl-cet.c
fn=_dl_cet_check
145 2
157 2
173 1
179 1
275 2
276 1
277 2
282 4
283 3
285 2
293 5
296 1
300 2
301 1
302 2
303 2
304 2
305 2
308 1
310 1
313 2
361 8
363 6
fn=_dl_cet_setup_features
331 1
334 2
350 1
fl=./elf/../sysdeps/x86_64/dl-hwcaps-subdirs.c
fn=_dl_hwcaps_subdirs_active
29 1
38 3
43 1
48 1
52 1
fl=./elf/../sysdeps/x86_64/dl-irel.h
fn=_dl_fixup
32 5
fl=./elf/../sysdeps/x86_64/dl-machine.h
fn=_dl_fixup
234 111
fn=_dl_relocate_object
81 30
87 8
91 6
97 2
108 6
129 4
132 4
134 8
267 7114
274 7114
278 7114
287 28835
290 7133
291 136
292 14164
295 12
296 18
307 12
314 30
317 21342
320 119
323 119
346 8
347 12
352 6
354 4
363 4
393 35
400 51
402 68
406 51
415 34
423 9860
436 7
460 18
464 24
465 24
466 30
467 12
476 136
478 68
479 68
498 3438
499 1146
503 2292
504 2292
514 2224
518 2224
521 3336
522 1112
730 14
734 8
fn=_dl_start
55 1
278 9
287 27
290 6
291 12
317 8
323 2
fn=_dl_sysdep_start
220 1
fl=./elf/../sysdeps/x86_64/dl-runtime.h
fn=_dl_fixup
28 111
fl=./elf/../sysdeps/x86_64/dl-trampoline.h
fn=_dl_runtime_resolve_xsave
71 111
76 111
79 111
81 111
91 111
97 111
98 111
99 111
100 111
101 111
102 111
103 111
107 111
108 111
111 111
112 111
114 111
115 111
116 111
117 111
118 111
119 111
121 111
128 111
129 111
130 111
131 111
136 111
137 111
138 111
140 111
141 111
142 111
143 111
144 111
145 111
146 111
148 111
150 111
154 111
156 111
fl=./elf/../sysdeps/x86_64/tls_get_addr.S
fn=__tls_get_addr
29 2
30 2
31 2
33 2
34 2
35 2
38 2
39 2
43 2
44 2
45 2
46 2
fl=./elf/./dl-find_object.h
fn=_dl_find_object_from_map
95 14
96 14
97 7
103 35
104 206
105 142
107 21
112 7
fl=./elf/./dl-hwcaps.h
fn=_dl_important_hwcaps
43 9
45 7
46 1
77 8
78 8
79 7
fl=./elf/./dl-load.h
fn=_dl_map_object_from_fd
91 40
92 16
93 20
94 16
96 16
fl=./elf/./dl-main.h
fn=dl_main
109 5
fl=./elf/./dl-map-segments.h
fn=_dl_map_object_from_fd
28 15
29 45
81 5
101 5
102 15
105 15
106 10
108 10
125 5
135 120
137 60
139 150
149 80
155 10
156 5
157 15
158 10
160 10
165 10
168 15
176 35
182 10
186 16
189 4
194 20
fl=./elf/./dl-sym-post.h
fn=lookup_malloc_symbol
41 8
53 12
fl=./elf/./dl-tunable-types.h
fn=__GI___tunable_set_val
84 5
fl=./elf/./elf/dl-audit.c
fn=_dl_audit_activity_map
29 7
30 1
31 3
37 6
fn=_dl_audit_activity_nsid
41 3
45 12
46 3
47 15
fn=_dl_audit_objclose
97 7
98 28
fn=_dl_audit_objopen
77 5
78 20
fn=_dl_audit_preinit
118 1
119 4
fl=./elf/./elf/dl-cache.c
fn=_dl_cache_libcmp
357 80
358 522
360 699
362 249
368 32
369 24
370 225
372 225
374 16
380 450
382 450
383 96
386 193
387 193
390 64
fn=_dl_load_cache_lookup
191 64
205 4
208 32
210 40
211 8
213 20
220 76
222 200
223 64
227 96
231 96
232 64
240 22
242 14
245 14
247 42
249 7
259 16
263 4
264 6
269 24
270 16
286 28
295 8
298 8
301 4
302 12
330 8
342 16
346 28
347 11
349 17
403 40
405 8
408 12
411 5
419 5
420 8
423 6
424 1
431 1
432 2
477 9
482 12
485 12
500 8
512 12
513 60
514 16
515 4
516 32
fn=_dl_unload_cache
525 3
526 4
528 2
529 1
533 1
535 2
fl=./elf/./elf/dl-call-libc-early-init.c
fn=_dl_call_libc_early_init
27 7
29 2
33 5
37 2
39 4
40 2
41 3
fl=./elf/./elf/dl-call_fini.c
fn=_dl_call_fini
24 56
28 14
32 7
34 7
35 14
38 10
39 15
42 44
43 6
47 7
48 14
49 15
50 37
fl=./elf/./elf/dl-catch.c
fn=_dl_catch_error
254 12
256 2
257 2
258 2
259 2
261 6
fn=_dl_catch_exception
58 42
59 28
69 28
70 70
204 112
207 28
214 14
228 14
229 28
235 84
237 42
239 56
248 42
fn=_dl_receive_error
58 2
59 1
69 2
70 2
186 7
188 1
192 1
194 1
197 1
198 4
fl=./elf/./elf/dl-debug.c
fn=_dl_debug_initialize
56 3
57 1
59 2
61 2
63 3
64 1
85 3
90 3
91 2
92 1
95 3
96 6
99 2
107 2
fn=_dl_debug_state
116 2
117 2
fn=_dl_debug_update
38 6
40 12
41 6
44 12
48 6
fl=./elf/./elf/dl-deps.c
fn=_dl_map_object_deps
128 3
129 5
130 6
132 3
136 8
143 13
144 20
160 9
161 1
164 1
182 1
183 6
184 1
188 15
190 27
193 7
197 21
198 46
201 20
205 10
208 22
210 20
215 5
216 5
217 10
218 10
219 5
221 635
222 300
228 122
230 13
232 52
233 26
242 13
244 26
249 35
252 5
253 5
254 5
255 10
256 5
257 5
259 20
263 39
264 27
266 411
417 14
419 25
422 10
423 20
429 5
430 25
431 25
434 5
435 10
439 21
441 7
442 32
448 5
449 1
452 4
463 5
465 4
470 5
471 1
472 2
474 25
478 7
483 14
485 21
490 7
494 2
495 3
532 2
533 2
547 9
552 9
553 5
557 1
559 2
560 1
561 3
568 3
571 2
574 8
fn=openaux
61 78
64 143
65 13
68 13
69 39
fl=./elf/./elf/dl-environ.c
fn=_dl_next_ld_env_entry
28 3
29 3
32 145
34 94
35 20
37 2
40 4
42 2
45 45
fl=./elf/./elf/dl-find_object.c
fn=_dl_find_object_init
561 5
564 1
566 2
567 3
579 2
580 3
582 2
585 2
590 1
591 1
594 3
596 2
599 6
601 1
604 4
fn=_dlfo_process_initial
474 8
475 2
477 2
478 4
504 24
505 34
506 14
508 52
511 48
513 36
515 12
516 12
517 24
529 2
531 8
fn=_dlfo_sort_mappings
536 1
537 2
540 24
544 10
545 70
546 75
548 5
549 5
553 20
554 25
555 10
557 1
fl=./elf/./elf/dl-fini.c
fn=_dl_fini
26 11
43 1
46 13
49 2
51 1
54 2
56 5
61 1
63 4
68 18
73 25
75 14
77 14
79 14
80 7
81 7
85 7
87 6
88 6
94 6
103 2
108 41
110 7
112 14
114 28
117 14
122 7
126 5
132 6
134 1
138 2
145 8
fl=./elf/./elf/dl-hwcaps.c
fn=_dl_important_hwcaps
52 16
54 2
55 4
56 2
57 2
77 16
80 16
84 2
86 6
87 2
88 2
100 5
102 3
105 1
108 1
112 5
125 12
127 10
128 4
129 4
130 2
133 3
142 13
143 11
145 8
151 5
155 4
156 3
157 3
161 1
162 2
163 2
172 14
174 2
175 3
185 2
186 3
189 3
193 2
194 2
201 1
202 5
208 2
209 1
213 3
216 9
fl=./elf/./elf/dl-hwcaps_split.c
fn=_dl_hwcaps_split
25 5
26 3
27 1
47 4
fn=_dl_hwcaps_split_masked
26 44
30 24
34 78
35 12
36 24
41 36
42 18
43 12
45 6
51 110
55 5
56 18
57 27
58 24
60 6
62 88
67 12
fl=./elf/./elf/dl-init.c
fn=_dl_init
29 16
35 40
37 41
81 13
82 1
83 1
86 3
89 2
94 4
119 1
120 32
121 14
127 8
fn=call_init.part.0
26 84
43 21
46 21
47 2
51 12
59 18
60 24
63 6
64 12
70 15
72 10
73 117
74 92
76 56
fl=./elf/./elf/dl-load.c
fn=_dl_dst_count
238 117
241 26
244 26
245 13
264 117
fn=_dl_init_paths
706 13
720 4
725 1
727 3
734 3
735 2
739 4
741 4
747 1
748 1
756 8
758 8
759 4
761 5
762 7
763 4
766 13
767 10
768 18
770 32
776 1
777 1
782 1
785 3
787 4
789 3
806 1
808 3
822 2
825 5
827 23
831 2
832 976
833 243
834 486
836 1
837 1
838 2
844 6
847 3
853 1
857 8
fn=_dl_map_object
682 40
696 20
1967 168
1969 5
1975 28
1976 56
1979 307
1984 420
1986 300
1990 102
1991 153
1994 140
1995 84
1996 140
2010 20
2011 15
2019 15
2034 5
2036 25
2040 16
2042 8
2049 16
2053 4
2054 4
2058 12
2059 4
2073 20
2074 28
2075 4
2084 8
2099 8
2100 64
2106 12
2107 4
2115 4
2129 8
2131 12
2135 12
2137 8
2141 8
2149 8
2172 36
2176 12
2177 4
2194 8
2200 1
2201 4
2202 2
2203 2
2207 9
2210 3
2222 20
2267 10
2268 88
2270 131
fn=_dl_map_object_from_fd
944 70
959 20
989 95
990 40
1008 10
1036 20
1046 10
1053 40
1054 10
1065 10
1066 15
1067 10
1069 15
1070 20
1071 8
1074 17
1075 6
1086 5
1088 5
1090 110
1091 5
1092 5
1093 5
1094 5
1100 210
1101 507
1107 10
1114 13
1115 15
1116 50
1121 2
1122 1
1127 155
1135 100
1136 130
1137 100
1138 20
1139 40
1141 140
1143 40
1156 40
1157 75
1162 20
1163 205
1176 9
1180 12
1181 3
1185 15
1186 6
1189 3
1194 12
1209 10
1210 5
1213 15
1218 35
1228 95
1229 40
1235 10
1245 20
1252 35
1264 5
1268 20
1269 15
1275 14
1276 10
1278 10
1288 15
1307 15
1309 30
1361 15
1362 6
1368 170
1369 280
1375 80
1380 20
1393 10
1395 20
1397 10
1413 10
1417 10
1418 10
1435 10
1436 1
1439 10
1444 10
1449 10
1461 40
1462 15
1463 36
1464 12
1465 5
1471 10
1472 12
1477 6
1484 15
1487 10
1491 15
1492 15
1510 10
1514 35
1515 20
1519 45
fn=_dl_process_pt_gnu_property
868 18
869 12
870 6
876 12
882 30
885 18
886 12
887 12
890 18
891 18
895 6
896 12
900 18
901 9
904 18
907 9
908 36
918 18
920 24
fn=expand_dynamic_string_token
241 30
244 20
385 100
399 20
410 70
fn=fillin_rpath.isra.0
468 17
472 1
474 66
477 1
478 1
481 20
483 54
487 18
492 27
493 18
500 45
505 18
509 105
510 98
517 27
518 18
521 12
528 16
532 16
534 8
538 4
539 8
540 16
541 4
543 8
544 2
549 16
550 56
551 16
553 8
554 12
555 4
561 8
562 4
565 12
571 1
574 8
fn=open_path
1812 44
1813 8
1816 4
1817 4
1819 8
1822 8
1824 88
1827 32
1831 16
1835 96
1842 96
1843 352
1846 96
1851 297
1854 54
1860 81
1863 216
1865 81
1867 18
1872 18
1873 63
1879 27
1881 62
1882 4
1884 9
1891 111
1893 61
1937 104
1941 16
1943 64
1946 12
1960 36
fn=open_verify.constprop.0
1572 384
1604 96
1609 54
1623 160
1625 64
1633 5
1634 15
1639 30
1641 10
1643 10
1645 10
1651 10
1668 74
1749 10
1754 10
1760 20
1766 10
1772 20
1773 20
1777 16
1778 5
1799 288
fl=./elf/./elf/dl-lookup-direct.c
fn=_dl_lookup_direct
32 15
33 9
35 6
36 6
48 9
51 6
53 21
57 9
58 21
59 15
74 39
76 6
78 21
79 6
81 12
84 25
86 12
93 6
115 3
116 27
fl=./elf/./elf/dl-lookup.c
fn=_dl_lookup_symbol_x
772 26182
774 4028
775 8056
778 2014
782 8018
785 4028
787 4028
791 28276
792 34238
797 10070
799 96
816 2014
817 48
820 4028
821 13970
828 2062
856 7992
870 5994
871 2
873 3996
890 7992
892 18126
fn=check_match
70 30105
73 16056
78 20
86 10010
89 5156
93 2002
94 4004
96 3998
115 3998
116 15992
117 9975
118 8
119 8
144 6
146 18
147 12
150 2
151 7
153 3
161 1997
162 16056
fn=do_lookup_x
170 300
171 307
172 940
174 98
175 294
176 530
179 152
180 152
181 82
182 152
183 70
222 492
224 738
226 164
227 82
228 328
230 2694
231 486
234 352
235 176
254 352
257 95
258 285
259 322
262 1377
269 12
272 4
279 298
280 276
281 350
285 20
286 2
287 2
288 4
289 8
300 3
302 2
305 1
306 1
307 2
310 164
311 492
318 328
329 574
331 164
333 246
334 164
347 28196
348 2014
353 2014
354 2014
358 13190
361 13190
365 17254
386 13178
390 13178
396 19767
400 6589
401 6589
404 32945
405 19767
408 6589
409 13178
411 6589
412 6042
413 13178
415 14098
416 26356
419 46123
422 4354
423 6531
424 4354
426 4250
429 26280
431 6021
432 51473
433 4014
436 6021
439 9797
461 15976
470 1025
472 2
476 3996
483 10704
487 3837
491 1
499 3832
500 1916
501 1998
518 13791
521 16
522 16112
fl=./elf/./elf/dl-minimal-malloc.c
fn=__minimal_calloc
80 85
84 17
87 17
88 51
fn=__minimal_free
97 24
99 42
103 30
104 6
106 12
fn=__minimal_malloc
36 424
37 159
42 3
43 2
44 2
48 211
51 359
56 12
57 12
59 3
60 24
62 6
64 12
65 9
67 8
70 54
71 57
73 318
fl=./elf/./elf/dl-minimal.c
fn=__rtld_malloc_init_real
76 10
86 2
87 1
89 1
91 6
92 5
93 5
94 4
99 1
100 1
101 1
102 1
103 8
fn=__rtld_malloc_init_stubs
42 1
43 2
44 2
45 2
46 2
47 1
fn=lookup_malloc_symbol
61 36
63 4
64 28
68 28
69 28
71 4
72 24
fn=strsep
239 11
242 22
244 11
245 22
247 20
249 734
251 486
254 954
256 1404
260 18
264 234
267 10
271 22
fl=./elf/./elf/dl-misc.c
fn=_dl_higher_prime_number
87 2
124 2
125 2
127 26
129 80
130 30
131 6
133 7
145 2
146 2
fn=_dl_name_match_p
68 931
69 532
70 22
72 133
74 524
75 755
80 129
82 111
83 532
fn=_dl_sysdep_read_whole_file
36 11
39 3
40 2
42 6
44 2
47 2
49 8
60 3
63 8
fl=./elf/./elf/dl-object.c
fn=_dl_add_to_namespace_list
31 54
33 18
35 53
38 80
40 5
42 5
45 2
46 18
47 12
48 12
50 12
51 30
fn=_dl_new_object
59 90
62 12
64 2
66 3
67 2
71 6
77 2
80 10
83 26
87 10
92 5
95 12
98 6
99 6
100 12
103 12
104 42
106 6
119 28
123 5
125 1
127 42
130 12
131 12
132 6
136 6
139 40
141 20
149 12
150 6
153 1
155 36
157 20
160 14
164 20
168 35
176 1
179 12
189 24
191 20
195 15
199 10
200 10
208 5
212 5
245 20
250 168
251 168
255 10
256 5
259 5
263 54
fl=./elf/./elf/dl-open.c
fn=_dl_find_dso_for_object
214 190
218 57
219 57
220 76
221 38
224 38
228 133
fl=./elf/./elf/dl-reloc.c
fn=_dl_relocate_object
170 14500
171 7080
174 24141
175 19684
177 1641
178 6562
182 3798
183 1899
184 1899
186 15198
187 9465
188 3786
190 13390
193 1899
194 13293
196 1641
207 88
208 16
220 14
221 21
224 28
226 21
228 7
229 21
251 35
252 14
253 3
255 14
262 21
301 10279
304 35
328 7
331 14
348 21
350 64
356 42
359 14
363 14
364 42
fl=./elf/./elf/dl-runtime.c
fn=_dl_fixup
46 1221
48 555
49 333
54 111
55 444
56 777
58 222
63 222
67 222
69 111
71 333
75 333
76 444
77 333
84 111
85 333
87 32
88 32
95 1221
99 555
100 128
109 1110
124 444
125 10
133 333
159 333
163 888
fl=./elf/./elf/dl-setup_hash.c
fn=_dl_setup_hash
25 14
28 21
31 21
32 14
33 7
34 7
36 21
37 7
38 21
40 7
41 14
43 7
45 21
50 7
fl=./elf/./elf/dl-sort-maps.c
fn=_dl_sort_maps
140 70
181 2
182 4
183 52
184 28
211 34
216 4
218 2
219 10
221 44
223 14
226 42
244 8
263 8
276 8
283 2
298 26
306 6
310 18
fn=_dl_sort_maps_init
289 4
290 4
291 1
292 3
293 2
fn=dfs_traversal.part.0
135 126
140 70
143 14
145 42
147 184
156 49
171 42
172 14
173 84
fl=./elf/./elf/dl-tunables.c
fn=__GI___tunable_set_val
72 50
82 5
93 40
94 25
97 10
100 35
104 10
111 10
112 10
115 25
116 5
117 5
118 5
153 30
157 15
fn=__GI___tunables_init
42 240
45 47
48 3941
52 94
56 188
128 1
261 10
267 4
281 7708
283 2
287 13959
304 8
fn=__tunable_get_val
387 80
390 474
399 52
400 15
409 31
416 240
418 40
fl=./elf/./elf/dl-tunables.h
fn=__GI___tunable_set_val
141 10
142 10
151 5
fn=__GI___tunables_init
160 898
161 2191
fl=./elf/./elf/dl-version.c
fn=_dl_check_all_versions
392 7
394 1
396 26
397 7
398 63
401 7
fn=_dl_check_map_versions
36 224
37 60
38 378
56 244
64 183
70 183
86 61
87 122
89 61
94 2455
108 2150
110 61
113 488
120 3042
124 1014
155 70
156 7
164 12
170 21
172 35
174 7
175 7
177 14
180 15
184 40
198 8
200 39
208 39
213 39
215 48
217 244
218 476
221 122
224 183
225 5
228 28
231 244
234 183
239 48
243 39
248 8
257 30
260 10
263 551
266 412
270 129
274 18
279 6
280 24
281 18
291 6
294 32
296 12
299 20
301 8
303 39
306 183
308 244
310 305
311 122
312 183
313 183
316 183
321 48
324 39
329 8
334 12
337 10
341 129
343 268
347 129
348 645
349 387
350 129
353 402
357 129
365 10
366 10
367 10
368 4
370 4
372 124
373 60
375 2
376 7
387 63
fl=./elf/./elf/do-rel.h
fn=_dl_relocate_object
49 42
50 42
51 7
53 70
72 8
73 9
80 42
83 3352
85 4448
96 12
97 4
114 36
123 3466
124 2292
126 36
129 40
131 14530
133 18095
134 14476
135 10857
136 14476
138 10857
141 272
142 68
143 68
147 3551
150 10676
151 357
164 24
165 285
166 252
169 204
171 272
172 68
173 136
180 31
182 42
183 12
185 18
193 6
196 18
211 7
fn=_dl_start
49 6
50 4
51 1
53 10
56 4
61 13
63 9
64 6
65 3
fl=./elf/./elf/get-dynamic-info.h
fn=_dl_map_object_from_fd
39 10
43 5
45 567
49 276
51 74
52 37
53 6
54 129
55 109
56 25
59 20
62 20
64 20
68 138
72 20
84 17
85 20
86 20
87 20
88 17
89 19
90 19
91 20
103 40
110 16
115 8
122 8
123 15
129 15
130 6
147 15
152 4
154 4
156 4
158 4
159 4
162 15
164 9
165 6
174 6
175 9
180 6
181 6
184 10
fl=./elf/./elf/libc-dl-profstub.c
fn=_dl_mcount_wrapper_check
36 128
37 384
38 128
fl=./elf/./elf/libc_early_init.c
fn=__libc_early_init
33 9
35 1
38 2
41 2
47 4
49 2
fl=./elf/./elf/rtld.c
fn=_dl_start
85 8
458 2
476 3
477 1
478 2
488 1
494 4
496 2
517 16
543 1
546 2
547 4
563 190
565 1
578 1
585 9
fn=dl_main
85 17
92 12
93 2
101 9
197 2
199 1
224 3
225 5
226 4
296 3
302 1
303 1
837 1
839 1
848 1
850 1
855 1
1115 1
1116 1
1118 1
1122 3
1124 1
1125 1
1140 1
1143 50
1144 127
1148 4
1153 3
1154 9
1163 2
1164 2
1166 1
1173 3
1191 2
1199 8
1200 17
1201 8
1202 1
1204 12
1205 14
1209 8
1210 8
1211 4
1215 12
1221 3
1227 4
1228 1
1233 4
1234 2
1235 1
1238 2
1243 2
1247 3
1253 30
1254 66
1260 18
1266 4
1268 3
1269 3
1271 3
1346 13
1351 1
1352 1
1357 1
1373 3
1374 4
1637 10
1639 2
1640 3
1641 2
1642 3
1646 2
1647 2
1672 3
1673 5
1674 3
1675 3
1678 1
1680 1
1681 1
1683 2
1684 2
1688 2
1690 2
1698 4
1705 2
1708 2
1733 4
1735 1
1740 2
1743 4
1744 4
1745 3
1746 1
1747 1
1748 1
1759 2
1760 2
1762 2
1764 1
1765 3
1770 5
1771 5
1773 3
1779 2
1788 2
1792 1
1793 2
1817 2
1823 1
1824 1
1825 1
1829 3
1834 3
1836 1
1838 2
1842 5
1847 2
1863 6
1939 4
1943 19
1944 1
1947 3
1948 1
1949 2
1950 2
1955 3
1965 9
1971 31
1972 18
1975 3
1976 2
1977 1
1979 26
1980 12
1984 2
1990 1
1992 3
1993 2
1995 2
1997 3
1999 3
2000 1
2001 2
2013 2
2014 2
2015 3
2026 5
2027 4
2028 5
2038 2
2039 2
2040 4
2042 2
2047 3
2246 3
2250 3
2256 2
2259 2
2267 2
2279 3
2282 3
2284 3
2285 6
2292 2
2293 30
2295 14
2300 14
2302 16
2304 1
2305 1
2308 7
2310 14
2311 48
2315 22
2316 12
2325 2
2329 4
2331 1
2338 4
2341 2
2345 3
2347 2
2357 1
2362 3
2365 1
2371 1
2372 5
2380 3
2387 1
2390 3
2394 3
2395 1
2396 1
2397 1
2401 1
2406 8
2538 1
2598 1
2600 2
2602 15
2604 2
2606 107
2607 19
2615 13
2640 2
2650 4
2652 2
2653 1
2687 5
2689 2
2690 2
2691 1
2727 5
2749 3
fn=handle_preload_list
183 3
806 1
810 2
811 2
812 1
814 1
816 6
817 3
825 3
869 13
870 3
874 5
877 4
878 3
880 4
881 2
887 1
889 2
891 2
892 1
895 9
fn=init_tls
734 4
736 2
740 3
746 2
749 1
750 1
751 1
755 1
757 1
761 2
762 2
763 18
764 7
765 14
769 12
771 4
773 3
776 2
779 1
786 2
787 2
793 2
797 1
800 5
fn=map_doit
641 6
643 4
644 6
646 3
fn=version_check_doit
674 6
676 6
680 3
fl=./elf/./get-dynamic-info.h
fn=_dl_start
45 75
49 36
51 10
52 5
54 20
55 16
56 5
59 4
62 4
64 4
68 18
72 3
84 4
85 3
86 4
87 4
88 5
89 3
90 4
91 4
103 10
110 3
123 3
129 3
130 3
133 2
134 3
139 5
142 5
fn=dl_main
39 4
43 1
45 119
49 58
51 12
52 6
54 25
55 21
56 5
59 4
62 4
64 4
68 29
72 7
84 3
85 5
86 5
87 5
88 4
89 5
90 5
91 5
103 9
110 3
115 2
122 3
123 4
129 3
147 4
152 2
154 2
156 2
158 2
159 2
162 4
164 3
165 2
174 2
175 3
180 2
181 3
184 3
fl=./elf/./setup-vdso.h
fn=dl_main
24 2
fl=./iconv/./iconv/gconv_simple.c
fn=__gconv_btwoc_ascii
49 128
51 512
54 128
fl=./io/../sysdeps/unix/sysv/linux/access.c
fn=access
25 1
27 7
31 1
fl=./io/../sysdeps/unix/sysv/linux/close_nocancel.c
fn=__GI___close_nocancel
25 6
26 24
27 6
fn=__close_nocancel
25 6
26 24
27 6
fl=./io/../sysdeps/unix/sysv/linux/fstat64.c
fn=fstat
30 8
39 32
72 8
fl=./io/../sysdeps/unix/sysv/linux/fstatat64.c
fn=fstatat
91 18
146 18
160 14
161 34
162 2
fl=./io/../sysdeps/unix/sysv/linux/open64.c
fn=open
30 48
33 24
36 5
37 1
41 60
43 32
fl=./io/../sysdeps/unix/sysv/linux/open64_nocancel.c
fn=__open_nocancel
28 172
31 266
39 347
41 91
fl=./io/../sysdeps/unix/sysv/linux/pread64_nocancel.c
fn=__pread64_nocancel
25 4
26 8
27 2
fl=./io/../sysdeps/unix/sysv/linux/read.c
fn=read
25 14
26 30
27 4
fl=./io/../sysdeps/unix/sysv/linux/read_nocancel.c
fn=__read_nocancel
25 10
26 40
27 10
fl=./io/../sysdeps/unix/sysv/linux/stat64.c
fn=stat
28 18
29 36
fl=./io/../sysdeps/unix/sysv/linux/write.c
fn=write
25 58
26 132
27 18
fl=./libio/../include/printf_buffer.h
fn=__vsnprintf_internal
124 54
127 18
128 18
137 36
fl=./libio/../include/sys/sysmacros.h
fn=_IO_file_doallocate
47 12
fl=./libio/./libio/filedoalloc.c
fn=_IO_file_doallocate
78 22
84 18
86 8
89 4
91 4
94 4
97 8
101 6
102 4
104 8
105 2
106 18
fl=./libio/./libio/fileno.c
fn=fileno
32 1
35 5
42 1
fl=./libio/./libio/fileops.c
fn=_IO_do_write@@GLIBC_2.2.5
424 111
426 72
427 75
434 18
441 36
444 9
449 45
450 45
452 27
453 18
454 9
455 18
456 36
fn=_IO_file_close
1165 1
1168 2
fn=_IO_file_close_it@@GLIBC_2.2.5
128 7
130 3
133 2
134 3
137 1
139 2
142 7
145 3
153 5
154 4
157 2
158 1
159 1
160 1
162 2
163 7
fn=_IO_file_finish@@GLIBC_2.2.5
168 6
169 2
175 3
176 3
fn=_IO_file_fopen@@GLIBC_2.2.5
213 48
214 3
222 8
223 3
224 30
227 3
228 6
247 48
281 20
284 8
287 4
288 2
357 48
fn=_IO_file_open
182 48
184 8
185 4
188 8
189 8
190 6
191 1
192 6
195 3
205 2
206 1
207 24
fn=_IO_file_overflow@@GLIBC_2.2.5
732 576
733 288
740 358
743 2
745 2
746 6
755 3
764 3
765 1
766 1
767 1
768 1
769 3
771 3
772 5
773 2
775 144
776 18
777 80
778 126
781 189
782 189
783 252
784 12
785 9
787 63
788 423
fn=_IO_file_read
1131 2
1133 2
1134 6
fn=_IO_file_setbuf@@GLIBC_2.2.5
382 12
383 6
386 2
388 6
390 4
391 6
fn=_IO_file_stat
1147 2
1148 4
fn=_IO_file_sync@@GLIBC_2.2.5
793 112
798 64
800 16
801 32
812 32
816 80
fn=_IO_file_underflow@@GLIBC_2.2.5
462 20
466 6
469 4
475 6
478 4
481 3
486 2
490 5
497 42
499 10
501 8
506 4
512 12
517 10
519 4
526 2
535 6
537 4
538 16
fn=_IO_file_write@@GLIBC_2.2.5
1174 72
1175 18
1176 54
1180 27
1181 27
1182 18
1187 9
1188 9
1190 27
1191 27
1194 54
fn=_IO_file_xsputn@@GLIBC_2.2.5
444 12
446 12
1198 81
1200 1
1204 36
1205 9
1211 36
1213 34
1214 16
1217 80
1219 99
1221 6
1228 3
1229 2
1232 18
1234 16
1236 40
1237 8
1238 24
1240 16
1244 42
1250 14
1251 35
1253 21
1264 14
1265 4
1267 3
1268 81
fn=_IO_new_file_init_internal
106 24
110 4
111 4
113 4
114 4
115 12
fl=./libio/./libio/genops.c
fn=_IO_cleanup
776 6
777 17
780 12
784 3
785 54
792 9
794 6
796 8
798 4
800 6
801 2
805 10
807 6
814 3
816 35
817 3
821 9
822 2
842 12
843 2
855 12
fn=_IO_default_finish
54 2
601 6
603 3
609 3
612 3
624 3
fn=_IO_default_setbuf
330 10
332 2
333 2
337 4
452 20
453 10
455 8
457 6
458 4
462 2
466 8
467 2
468 12
fn=_IO_default_uflow
361 12
362 6
363 4
365 8
366 8
fn=_IO_default_xsputn
371 11
373 2
374 4
375 1
379 248
399 612
401 61
404 8
fn=_IO_doallocbuf
343 16
344 4
346 6
347 10
350 12
fn=_IO_enable_locks
518 1
521 3
523 1
524 9
525 3
526 1
1044 1
1058 3
fn=_IO_flush_all
686 12
687 1
691 6
692 14
695 12
697 3
698 51
700 21
708 36
709 3
713 9
714 2
718 12
fn=_IO_link_in
87 35
88 25
90 8
92 28
93 41
94 4
95 45
97 8
98 4
100 28
101 4
102 29
103 8
106 49
fn=_IO_no_init
563 44
564 4
565 4
566 8
568 4
572 24
579 4
581 4
587 4
588 24
fn=_IO_old_init
531 4
532 8
534 24
539 28
544 4
550 8
555 12
556 8
558 4
fn=_IO_setb
329 33
330 12
332 3
333 3
335 18
338 18
fn=_IO_switch_to_get_mode
164 12
165 6
168 6
172 4
173 4
176 2
178 4
180 4
181 2
182 8
fn=_IO_un_link
53 5
54 10
82 5
fn=_IO_unsave_markers
937 6
939 2
944 3
946 3
fn=__GI__IO_un_link.part.0
52 40
58 24
59 44
60 4
61 59
63 12
65 8
66 12
74 9
76 45
77 4
78 29
79 8
82 36
fn=__overflow
199 10
201 6
203 6
204 4
fn=__uflow
173 2
299 12
300 9
305 6
308 6
310 4
316 4
321 6
323 8
324 6
fl=./libio/./libio/getc.c
fn=getc
34 14
37 4
39 36
40 12
43 10
fl=./libio/./libio/iofclose.c
fn=fclose@@GLIBC_2.2.5
34 8
48 3
49 1
51 18
52 3
53 3
57 4
58 3
71 2
76 7
fl=./libio/./libio/iofflush.c
fn=fflush
32 84
33 28
39 252
40 70
44 70
fl=./libio/./libio/iofopen.c
fn=fopen@@GLIBC_2.2.5
37 2
65 8
67 12
68 3
70 8
72 28
73 8
74 8
75 28
78 6
79 6
85 36
87 28
fl=./libio/./libio/iofwrite.c
fn=fwrite
31 81
32 18
35 54
37 161
38 44
39 63
45 50
46 9
49 81
fl=./libio/./libio/libioP.h
fn=_IO_cleanup
1025 5
1026 4
fn=_IO_default_setbuf
1025 6
1026 4
fn=_IO_default_uflow
1025 6
1026 4
fn=_IO_default_xsputn
1025 123
1026 122
fn=_IO_do_write@@GLIBC_2.2.5
1025 27
1026 18
fn=_IO_doallocbuf
1025 6
1026 4
fn=_IO_file_close_it@@GLIBC_2.2.5
1025 3
1026 2
fn=_IO_file_doallocate
1025 6
1026 4
fn=_IO_file_underflow@@GLIBC_2.2.5
979 4
980 24
1025 16
1026 8
fn=_IO_file_xsputn@@GLIBC_2.2.5
1025 21
1026 14
fn=_IO_flush_all
1025 2
fn=__overflow
1025 6
1026 4
fn=__uflow
1025 6
1026 4
fn=fclose@@GLIBC_2.2.5
951 4
952 4
958 2
979 4
980 10
1025 3
1026 2
fn=fflush
979 28
980 140
1025 42
1026 28
fn=fwrite
979 18
980 88
1025 18
1026 18
fn=getc
979 4
980 20
fn=putc
979 4
980 20
fl=./libio/./libio/putc.c
fn=putc
25 18
28 4
30 36
31 16
34 12
fl=./libio/./libio/vsnprintf.c
fn=__vsnprintf_internal
63 36
66 18
75 54
76 18
87 36
93 234
96 54
98 108
fl=./libio/./libio/vtables.c
fn=check_stdfiles_vtables
545 1
546 4
547 3
548 3
550 1
fl=./locale/./locale/newlocale.c
fn=newlocale
43 15
55 2
56 1
63 2
66 3
73 4
75 1
277 12
fl=./locale/./locale/uselocale.c
fn=uselocale
30 2
31 6
33 4
36 4
37 2
65 6
66 6
68 6
72 6
73 2
fl=./malloc/../string/bits/string_fortified.h
fn=calloc
59 54
fn=tcache_init.part.0
59 1672
fl=./malloc/../sysdeps/unix/sysv/linux/not-cancel.h
fn=ptmalloc_init.part.0
97 6
fl=./malloc/./malloc/arena.c
fn=__malloc_arena_thread_freeres
55 347
147 2082
153 1442
893 162
899 36
900 18
902 36
904 72
907 54
908 54
910 36
911 18
913 72
915 144
fn=_int_free_maybe_consolidate
55 12350
147 2470
545 7410
572 2470
585 7410
586 4940
fn=_int_malloc
55 120
147 72
479 24
483 72
484 24
485 48
488 72
490 336
495 48
498 24
499 24
fn=alloc_new_heap
49 72
55 36
380 162
387 54
389 36
390 18
395 126
402 54
404 84
405 8
406 48
408 3
414 88
415 22
417 11
418 55
420 33
421 15
423 19
424 55
441 108
448 72
453 36
455 18
456 18
458 162
fn=arena_get2.part.0
463 54
470 144
619 36
638 36
640 36
649 54
651 18
653 54
656 18
657 18
658 36
659 36
660 18
661 72
663 18
664 36
665 18
666 18
668 72
671 36
676 18
678 72
680 72
682 72
694 72
818 180
828 54
830 36
832 42
834 4
836 8
837 16
845 4
853 54
855 126
857 36
865 162
fn=calloc
55 36
147 216
153 74
fn=free
55 2467722
147 14806332
153 9908865
fn=get_free_list
703 108
704 36
705 18
706 36
731 126
fn=malloc
55 10689
147 64134
153 63797
264 1
fn=ptmalloc_init.part.0
262 8
267 1
292 2
296 3
300 4
301 4
302 4
303 4
304 4
305 4
306 4
308 4
309 4
310 4
313 4
314 4
316 2
326 8
fn=tcache_init.part.0
824 36
825 90
fl=./malloc/./malloc/malloc.c
fn=__malloc_arena_thread_freeres
3213 36
3215 36
3217 36
3221 54
3225 3474
3227 4695
3230 730
3231 365
3233 1460
3238 54
3248 1095
3371 730
3373 365
3375 1095
3392 730
3398 1095
3401 365
fn=_int_free
1792 21263
1992 32157
3163 4918966
3165 9837932
3166 2459483
3167 4918966
4495 17365222
4499 7442238
4505 9922984
4506 4961492
4510 12403730
4517 4960726
4518 14883710
4521 2480339
4527 7441017
4547 12401695
4550 2459483
4561 42526
4572 42876
4574 32157
4593 10719
4595 10719
4596 10719
4597 32157
4600 32157
4602 21438
4616 21438
4619 42876
4621 42876
4622 21438
4628 42876
4637 21088
4640 21088
4643 21088
4644 42176
4646 21088
4649 42176
4658 14884476
fn=_int_free_maybe_consolidate
4770 115984
4776 21088
4778 9884
4779 38
4781 7413
4784 5
4792 2470
4794 4940
4795 4940
4798 115984
fn=_int_free_merge_chunk
1992 31632
4665 84352
4666 10544
4670 63264
4673 21304
4675 324
4678 31632
4681 21088
4682 21088
4683 21088
4689 21088
4691 10072
4692 10072
4693 10072
4694 40288
4696 20144
4701 31632
4702 73808
4714 21088
4720 21050
4721 696
4722 696
4724 10177
4732 10525
4733 42100
4734 21050
4736 10525
4738 21050
4740 29682
4743 10525
4744 10525
4746 31575
4747 10525
4756 19
4757 57
4758 38
fn=_int_malloc
1326 42396
1345 127188
1794 21159
1985 345
2008 24
2017 2
2552 210
2553 29
2564 70
2565 18
2568 24
2576 36
2577 12
2589 116
2590 58
2599 340
2605 84
2608 87
2615 24
2616 144
2619 96
2620 96
2669 15
2677 10
2678 15
2691 15
2693 5
2699 25
2707 10
2709 20
2710 15
2711 5
2712 5
2715 10
2744 31
2745 1
2746 10
2752 40
2753 24
2755 4
2782 2
2783 1
2795 3
2814 2
2817 2
2818 6
2820 1
2821 6
2833 5
2873 1
2875 1
2876 5
2877 1
2888 3
2921 87
2922 29
2926 29
2930 145
2932 29
2933 29
2934 29
2935 203
2936 58
2938 29
3159 4
3163 388
3165 1067
3166 196
3167 772
3168 4
3846 233178
3882 1
3887 42396
3914 42513
3916 42092
3917 99
3919 10601
3921 21124
3923 198
3926 198
3929 1778
3930 31389
3932 198
3933 198
3939 198
3940 594
3945 489
3946 1455
3948 384
3950 576
3954 3064
3977 21272
3979 84550
3980 42094
3982 63141
3984 1
3985 2
3987 1
3988 1
3989 1
3991 3
3997 2
3998 6
4003 11
4004 4
4006 4
4008 2
4009 2
4010 4
4012 2
4013 2
4020 1
4039 420
4040 156
4041 12
4058 63256
4059 63294
4060 63294
4069 22
4070 116197
4072 43
4073 86
4074 43
4076 86
4077 129
4079 43
4080 172
4082 172
4084 86
4085 86
4087 86
4098 172
4099 10
4100 6
4101 3
4104 2
4105 2
4106 2
4107 6
4108 6
4109 4
4115 16
4117 6
4118 2
4121 2
4122 6
4123 2
4127 41
4128 41
4132 82
4161 86
4163 62
4164 124
4165 31
4169 147
4170 30
4171 10
4174 20
4218 40
4221 287
4222 41
4223 41
4224 41
4225 41
4230 82
4231 82
4240 164
4246 18
4257 63288
4259 208
4262 156
4263 21096
4330 21096
4331 42192
4332 42192
4333 42192
4334 126576
4339 84381
4343 231309
4346 251920
4353 124
4355 44
4357 88
4361 18
4364 36
4366 15
4367 3
4368 3
4373 60
4376 30
4378 45
4381 45
4384 60
4386 8
4387 24
4394 7
4399 28
4400 14
4403 7
4404 7
4405 7
4408 14
4409 3
4410 14
4412 4
4415 56
4417 21
4418 7
4421 15
4443 21081
4444 42162
4446 42162
4449 63243
4451 21046
4452 42092
4453 21046
4454 168368
4456 42092
4459 42092
4460 63243
4461 21081
4466 140
4482 41
4487 254376
fn=alloc_new_heap
2008 72
fn=alloc_perturb
1985 63249
1987 21083
fn=arena_get2.part.0
1946 6894
1949 6858
1953 54
1955 18
1958 18
fn=calloc
3248 90
3699 333
3709 333
3717 74
3720 111
3722 74
3725 296
3732 37
3733 74
3740 111
3743 72
3754 111
3756 352
3759 74
3768 36
3769 130
3784 74
3787 148
3796 111
3799 185
3807 37
3809 74
3811 74
3816 38
3818 19
3819 38
3821 19
3823 38
3837 278
fn=free
3248 72
3359 17362997
3363 4961350
3371 4960774
3373 2480387
3375 7441161
3379 18
3381 24
3383 8
3384 8
3385 4
3388 12
3392 7441143
3398 7441143
3401 2480387
3402 14882610
fn=malloc
1326 4960678
1345 12053447
3178 4918394
3182 4918394
3186 9836788
3190 4918394
3191 2459197
3248 4
3294 19842712
3301 4960678
3311 4264182
3313 9921356
3316 4960678
3318 7440924
3326 42284
3328 41260
3329 51575
3334 86616
3336 32481
3339 21654
3347 43308
3351 64822
3354 14882034
fn=malloc_consolidate
4811 207
4826 23
4828 46
4839 23
4841 460
4842 460
4845 20648
4849 30972
4850 41296
4855 51620
4858 20648
4859 10324
4860 30972
4862 20648
4863 458
4864 458
4865 458
4866 1832
4868 5496
4871 20648
4874 20630
4875 9877
4876 79016
4878 876
4880 10315
4881 20630
4882 20630
4884 20630
4885 7536
4889 30945
4891 10315
4892 30069
4896 9
4897 18
4898 18
4901 30897
4904 690
4905 184
fn=munmap_chunk
3024 12
3025 12
3026 18
3028 12
3030 6
3031 18
3032 6
3038 24
3039 30
3042 6
3043 18
3048 12
3049 6
fn=ptmalloc_init.part.0
1946 385
1949 381
1957 1
1958 1
1960 1
3143 2
fn=sysmalloc_mmap.isra.0
2008 24
2400 36
2413 18
2418 12
2421 60
2424 12
2428 12
2432 24
2448 18
2466 6
2467 18
2471 18
2472 30
2475 18
2476 30
2481 42
fn=tcache_init.part.0
3242 76
3251 80
3252 75
3253 38
3260 36
3261 76
3268 36
3270 38
3274 57
fn=unlink_chunk.isra.0
1608 41540
1610 103850
1613 41540
1614 41540
1616 83080
1619 20770
1620 20770
1621 82436
1623 8
1624 12
1627 8
1641 4
1642 4
1645 41540
fl=./malloc/./malloc/morecore.c
fn=__glibc_morecore
25 18
26 12
29 6
30 12
34 12
fl=./malloc/./malloc/scratch_buffer_set_array_size.c
fn=__libc_scratch_buffer_set_array_size
30 65
34 5
35 10
45 10
46 5
63 30
fl=./malloc/./malloc/thread-freeres.c
fn=__libc_thread_freeres
31 54
33 18
35 18
36 18
37 18
41 18
42 18
fl=./math/../sysdeps/ieee754/dbl-64/e_log.c
fn=__ieee754_log_fma
39 20000
49 10000
61 50000
65 1797
67 599
68 599
69 599
70 1797
71 2396
72 2995
75 2396
76 599
77 1198
78 1198
79 1198
80 1797
81 599
82 599
83 599
85 28203
102 18802
103 18802
104 9401
105 28203
106 47005
114 28203
119 18802
122 18802
123 9401
124 28203
127 9401
130 84609
131 9401
fl=./math/../sysdeps/ieee754/dbl-64/math_config.h
fn=__ieee754_log_fma
85 10000
fl=./math/../sysdeps/x86_64/fpu/e_logl.S
fn=__ieee754_logl
30 20000
31 20000
32 20000
33 20000
34 20000
35 20000
36 20000
37 20000
38 20000
39 20000
40 20000
41 20000
42 20000
43 20000
44 20000
45 20000
46 20000
47 20000
58 20000
59 20000
60 20000
fl=./math/../sysdeps/x86_64/fpu/multiarch/e_asin.c
fn=__acos_finite@GLIBC_2.15
35 1
fn=__asin_finite@GLIBC_2.15
27 2
fl=./math/../sysdeps/x86_64/fpu/multiarch/e_atan2.c
fn=__atan2_finite@GLIBC_2.15
26 2
fl=./math/../sysdeps/x86_64/fpu/multiarch/e_exp.c
fn=__exp_finite@GLIBC_2.15
27 2
fl=./math/../sysdeps/x86_64/fpu/multiarch/e_exp2f.c
fn=exp2f@@GLIBC_2.27
27 2
fl=./math/../sysdeps/x86_64/fpu/multiarch/e_expf.c
fn=expf@@GLIBC_2.27
27 2
fl=./math/../sysdeps/x86_64/fpu/multiarch/e_log.c
fn=__log_finite@GLIBC_2.15
27 2
fl=./math/../sysdeps/x86_64/fpu/multiarch/e_log2.c
fn=log2@@GLIBC_2.29
27 2
fl=./math/../sysdeps/x86_64/fpu/multiarch/e_log2f.c
fn=log2f@@GLIBC_2.27
27 2
fl=./math/../sysdeps/x86_64/fpu/multiarch/e_logf.c
fn=logf@@GLIBC_2.27
27 2
fl=./math/../sysdeps/x86_64/fpu/multiarch/e_pow.c
fn=__pow_finite@GLIBC_2.15
27 2
fl=./math/../sysdeps/x86_64/fpu/multiarch/e_powf.c
fn=powf@@GLIBC_2.27
30 1
fl=./math/../sysdeps/x86_64/fpu/multiarch/ifunc-avx-fma4.h
fn=__atan2_finite@GLIBC_2.15
32 5
33 2
fn=__exp_finite@GLIBC_2.15
32 5
33 2
fn=__log_finite@GLIBC_2.15
32 5
33 2
fn=cos
32 5
33 2
fn=sin
32 5
33 2
fl=./math/../sysdeps/x86_64/fpu/multiarch/ifunc-fma.h
fn=__log1p
29 4
30 3
fn=cosf
29 4
30 3
fn=exp2f@@GLIBC_2.27
29 4
30 3
fn=expf@@GLIBC_2.27
29 4
30 3
fn=expm1
29 4
30 3
fn=log2@@GLIBC_2.29
29 4
30 3
fn=log2f@@GLIBC_2.27
29 4
30 3
fn=logf@@GLIBC_2.27
29 4
30 3
fn=powf@@GLIBC_2.27
29 4
30 4
fn=sincosf
29 4
30 3
fn=sinf
29 4
30 3
fl=./math/../sysdeps/x86_64/fpu/multiarch/ifunc-fma4.h
fn=__acos_finite@GLIBC_2.15
31 4
32 2
35 1
fn=__asin_finite@GLIBC_2.15
31 4
32 2
fn=__pow_finite@GLIBC_2.15
31 4
32 2
fn=sincos
31 4
32 2
fl=./math/../sysdeps/x86_64/fpu/multiarch/s_cosf.c
fn=cosf
26 2
fl=./math/../sysdeps/x86_64/fpu/multiarch/s_expm1.c
fn=expm1
26 2
fl=./math/../sysdeps/x86_64/fpu/multiarch/s_fma.c
fn=fma
49 6
fl=./math/../sysdeps/x86_64/fpu/multiarch/s_log1p.c
fn=__log1p
26 2
fl=./math/../sysdeps/x86_64/fpu/multiarch/s_sin.c
fn=cos
34 2
fn=sin
27 2
fl=./math/../sysdeps/x86_64/fpu/multiarch/s_sincos.c
fn=sincos
26 2
fl=./math/../sysdeps/x86_64/fpu/multiarch/s_sincosf.c
fn=sincosf
26 2
fl=./math/../sysdeps/x86_64/fpu/multiarch/s_sinf.c
fn=sinf
26 2
fl=./math/./math/w_logl_compat.c
fn=logl
29 100000
30 100000
44 40000
45 20000
fl=./math/./w_log_template.c
fn=log@@GLIBC_2.29
31 10000
32 30000
41 10000
fl=./misc/../sysdeps/unix/syscall-template.S
fn=madvise
117 90
122 18
fn=mprotect
117 335
122 67
fn=munmap
117 180
122 36
fl=./misc/../sysdeps/unix/sysv/linux/brk.c
fn=brk
36 6
37 12
38 12
44 6
45 6
fl=./misc/../sysdeps/unix/sysv/linux/brk_call.h
fn=brk
24 12
fl=./misc/../sysdeps/unix/sysv/linux/clone-internal.c
fn=__clone_internal
53 36
62 36
64 144
80 54
82 4
83 4
86 1
97 216
99 36
106 18
109 36
110 144
fl=./misc/../sysdeps/unix/sysv/linux/getpagesize.c
fn=getpagesize
27 36
28 144
30 36
fl=./misc/../sysdeps/unix/sysv/linux/getsysstats.c
fn=get_nprocs
215 15
216 10
217 10
222 10
fn=read_sysfs_file
72 30
73 10
76 5
78 20
79 10
102 5
103 10
105 10
139 60
148 15
150 15
151 10
158 25
159 15
166 10
168 5
169 20
170 15
177 15
178 15
180 5
181 25
184 10
190 60
fl=./misc/../sysdeps/unix/sysv/linux/mmap64.c
fn=mmap
47 483
50 138
53 368
58 414
60 276
fl=./misc/../sysdeps/unix/sysv/linux/not-cancel.h
fn=read_sysfs_file
75 10
76 5
fl=./misc/../sysdeps/unix/sysv/linux/setvmaname.c
fn=__set_vma_name
33 432
35 311
40 14
47 2
48 1
49 549
fl=./misc/../sysdeps/unix/sysv/linux/x86_64/clone.S
fn=clone
52 18
54 18
55 18
56 18
59 18
60 18
63 18
65 18
69 18
72 18
73 18
74 18
75 18
76 18
81 18
83 36
84 36
85 36
87 18
95 18
98 18
99 18
100 18
fl=./misc/../sysdeps/unix/sysv/linux/x86_64/clone3.S
fn=clone3
42 1
44 1
45 1
46 1
47 1
48 1
52 1
55 1
60 1
62 1
63 1
86 5
fl=./misc/./misc/init-misc.c
fn=__init_misc
30 5
31 6
33 3
37 5
38 3
40 4
fl=./misc/./misc/sbrk.c
fn=sbrk
37 48
40 12
43 12
58 12
59 4
62 12
63 2
66 20
74 15
78 42
fl=./nptl/../include/list.h
fn=__nptl_deallocate_stack
43 36
44 36
45 18
47 18
55 54
56 18
fn=__nptl_free_stacks
55 42
56 14
fn=__nptl_stack_list_add
43 90
45 18
47 18
fl=./nptl/../nptl/descr.h
fn=__pthread_enable_asynccancel
439 32
fl=./nptl/../sysdeps/nptl/futex-internal.h
fn=__futex_abstimed_wait_cancelable64
87 10
fn=__lll_lock_wait
87 797
146 6528
147 1632
fn=__pthread_once_slow
209 16
fn=start_thread
146 18
fl=./nptl/../sysdeps/unix/sysv/linux/internal-signals.h
fn=pthread_create@@GLIBC_2.34
81 126
89 108
fn=start_thread
89 90
fl=./nptl/../sysdeps/unix/sysv/linux/internal-sigset.h
fn=pthread_create@@GLIBC_2.34
34 18
102 18
103 18
fn=start_thread
102 54
fl=./nptl/../sysdeps/unix/sysv/linux/rseq-internal.h
fn=start_thread
32 36
40 18
fl=./nptl/../sysdeps/unix/sysv/linux/sigsetops.h
fn=pthread_create@@GLIBC_2.34
54 1
104 2
fl=./nptl/../sysdeps/unix/sysv/linux/x86/elision-conf.c
fn=__lll_elision_init
92 8
96 5
98 4
100 4
102 4
104 4
107 3
108 1
109 6
fl=./nptl/../sysdeps/x86/nptl/tls-setup.h
fn=pthread_create@@GLIBC_2.34
22 36
fl=./nptl/./nptl-stack.h
fn=pthread_create@@GLIBC_2.34
61 180
fl=./nptl/./nptl/allocatestack.c
fn=name_stack_maps
587 216
589 180
593 72
595 72
596 126
599 18
600 36
601 54
603 180
605 252
fn=pthread_create@@GLIBC_2.34
66 72
74 72
99 72
166 54
170 126
219 72
223 54
228 54
238 36
328 36
329 108
333 54
343 108
347 108
351 36
352 54
353 18
366 252
369 72
374 72
380 36
385 36
386 18
395 36
407 36
408 36
411 36
416 36
419 18
426 18
429 108
442 72
445 126
447 108
454 90
477 54
506 90
532 18
537 18
542 18
545 18
547 72
558 72
563 36
fn=start_thread
189 36
191 90
192 36
193 36
194 90
fl=./nptl/./nptl/cancellation.c
fn=__pthread_disable_asynccancel
63 16
66 48
71 48
74 32
76 48
83 48
fn=__pthread_enable_asynccancel
31 16
32 16
33 32
37 32
39 32
42 64
45 32
56 32
fl=./nptl/./nptl/cleanup_compat.c
fn=_pthread_cleanup_pop@@GLIBC_2.34
40 20
43 40
47 40
49 20
fn=_pthread_cleanup_push@@GLIBC_2.34
25 20
28 20
29 20
30 40
32 20
33 20
fl=./nptl/./nptl/futex-internal.c
fn=__futex_abstimed_wait_cancelable64
57 90
77 10
80 10
83 15
84 10
103 40
113 5
138 40
141 30
fl=./nptl/./nptl/libc-cleanup.c
fn=__libc_cleanup_pop_restore
54 10
55 10
57 20
59 10
60 30
71 10
fn=__libc_cleanup_push_defer
24 10
25 10
27 20
29 20
32 20
46 30
48 10
49 10
fl=./nptl/./nptl/lowlevellock.c
fn=__lll_lock_wait
41 1594
42 2391
45 4056
48 816
fn=__lll_lock_wake
63 1000
64 5000
65 1000
fl=./nptl/./nptl/nptl-stack.c
fn=__nptl_deallocate_stack
29 18
37 18
44 54
52 18
104 54
105 54
107 28
112 108
113 90
117 18
123 36
129 72
130 72
fn=__nptl_free_stacks
29 14
37 14
58 140
65 84
69 14
70 42
76 42
79 28
83 70
87 28
91 112
fn=__nptl_stack_list_add
43 18
44 72
52 18
53 18
fl=./nptl/./nptl/nptl_deallocate_tsd.c
fn=__nptl_deallocate_tsd
23 18
28 72
110 18
fl=./nptl/./nptl/nptl_free_tcb.c
fn=__nptl_free_tcb
25 108
27 36
31 54
42 36
44 36
fl=./nptl/./nptl/pthread_attr_copy.c
fn=__pthread_attr_copy
25 234
29 144
32 18
38 54
61 144
62 18
63 198
fl=./nptl/./nptl/pthread_attr_destroy.c
fn=pthread_attr_destroy
26 18
36 54
44 36
fl=./nptl/./nptl/pthread_create.c
fn=create_thread
236 216
240 90
244 36
247 36
248 36
287 198
290 18
297 72
298 36
303 18
309 36
321 36
332 18
333 198
fn=pthread_create@@GLIBC_2.34
81 2
82 1
83 4
90 6
609 72
626 288
632 36
635 1
638 3
644 18
645 72
647 72
648 36
650 36
663 1
674 18
677 18
683 36
684 36
685 18
688 18
689 72
690 54
694 18
695 72
700 72
703 72
708 36
709 36
713 36
718 36
730 36
731 36
751 36
752 3
755 54
757 18
767 18
772 36
780 54
791 36
836 126
843 36
883 36
893 36
897 36
898 36
901 234
fn=start_thread
338 198
345 36
367 72
370 18
373 54
377 18
388 90
405 72
419 36
423 108
426 36
429 36
431 36
433 18
437 36
447 72
448 18
452 18
455 18
458 18
461 54
492 36
494 36
508 108
515 90
516 36
517 72
552 54
553 54
556 54
573 54
578 72
599 90
fl=./nptl/./nptl/pthread_getattr_default_np.c
fn=pthread_getattr_default_np@@GLIBC_2.34
24 108
25 72
26 54
27 72
29 54
fl=./nptl/./nptl/pthread_join.c
fn=pthread_join@@GLIBC_2.34
23 18
24 72
fl=./nptl/./nptl/pthread_join_common.c
fn=__pthread_clockjoin_ex
39 216
43 108
48 90
52 18
55 18
57 36
58 36
74 90
84 36
89 108
94 87
102 25
104 20
111 72
114 18
118 18
121 36
125 54
130 18
133 198
fl=./nptl/./nptl/pthread_mutex_conf.c
fn=__pthread_tunables_init
55 8
56 5
58 4
60 4
62 6
fl=./nptl/./nptl/pthread_mutex_lock.c
fn=pthread_mutex_lock@@GLIBC_2.2.5
44 1017686
45 4070744
48 4073932
77 5088430
80 3053058
82 1017686
84 2035372
88 2035372
90 3052944
94 3052944
97 76
108 152
112 38
115 76
124 1017686
130 114
131 76
179 1017686
182 1017686
184 1017686
187 1017686
190 3053058
fl=./nptl/./nptl/pthread_mutex_unlock.c
fn=pthread_mutex_unlock@@GLIBC_2.2.5
39 1017686
40 4070744
43 4074744
51 3053058
52 2035372
57 2035372
62 1017686
65 1017686
70 1017686
72 1017686
74 76
80 152
84 114
87 76
367 4070744
369 2035372
fl=./nptl/./nptl/pthread_once.c
fn=__pthread_once_slow
68 22
76 2
80 4
88 4
92 4
101 8
114 26
116 2
118 6
124 2
132 20
fn=pthread_once@@GLIBC_2.34
136 18
139 18
140 36
143 2
144 32
fl=./posix/../malloc/dynarray-skeleton.c
fn=__unregister_atfork
243 5
fl=./posix/../sysdeps/unix/sysv/linux/_exit.c
fn=_Exit
27 2
30 4
fl=./posix/./posix/register-atfork.c
fn=__unregister_atfork
71 10
82 30
83 20
109 20
110 15
fl=./resolv/./resolv/res-close.c
fn=__res_thread_freeres
131 126
132 18
134 90
142 108
fl=./resolv/./resolv/resolv_context.c
fn=__resolv_context_freeres
242 162
244 36
245 18
246 36
252 144
fl=./resource/../sysdeps/unix/sysv/linux/getrlimit64.c
fn=getrlimit
38 2
39 7
40 1
fl=./setjmp/../sysdeps/x86_64/bsd-_setjmp.S
fn=_setjmp
28 19
30 19
32 19
fl=./setjmp/../sysdeps/x86_64/setjmp.S
fn=__sigsetjmp
31 33
33 33
42 33
43 66
44 33
48 33
49 33
50 33
51 33
52 33
54 66
56 33
57 33
58 33
60 66
62 33
67 19
68 19
70 14
73 14
74 14
81 14
82 14
85 19
fl=./setjmp/./setjmp/sigjmp.c
fn=__sigjmp_save
28 114
29 19
30 38
34 76
fl=./signal/../string/bits/string_fortified.h
fn=__libc_sigaction
29 16
fl=./signal/../sysdeps/unix/sysv/linux/libc_sigaction.c
fn=__libc_sigaction
43 8
48 2
50 2
53 5
58 11
63 4
71 6
fl=./stdio-common/../include/printf_buffer.h
fn=__printf_buffer
163 72
fl=./stdio-common/../string/bits/string_fortified.h
fn=__printf_buffer_write
29 108
fl=./stdio-common/./stdio-common/Xprintf_buffer_done.c
fn=__printf_buffer_done
25 18
26 54
31 36
33 216
40 18
fl=./stdio-common/./stdio-common/Xprintf_buffer_write.c
fn=__printf_buffer_write
27 432
28 162
31 252
33 180
36 36
37 72
40 108
41 36
44 324
fl=./stdio-common/./stdio-common/_itoa.c
fn=_itoa_word
169 18
172 72
174 36
183 1044
192 36
fl=./stdio-common/./stdio-common/printf-parse.h
fn=__printf_buffer
82 162
fl=./stdio-common/./stdio-common/snprintf.c
fn=snprintf
26 216
30 108
31 54
35 90
fl=./stdio-common/./stdio-common/vfprintf-internal.c
fn=__printf_buffer
600 270
627 90
631 18
634 18
638 72
642 18
653 54
654 36
655 54
659 36
663 144
683 18
684 18
685 18
686 18
687 18
690 36
691 18
692 18
693 18
694 18
695 18
698 18
699 18
705 252
784 18
883 18
973 54
1018 18
1024 18
1028 54
1029 36
1031 36
1044 198
fl=./stdio-common/./stdio-common/vfprintf-process-arg.c
fn=__printf_buffer
66 18
67 18
92 18
93 18
94 18
126 36
128 36
130 36
131 144
136 54
138 36
155 270
161 162
166 108
170 36
186 90
187 162
195 90
197 54
199 72
201 126
206 36
208 72
211 36
224 36
233 36
236 36
240 90
fl=./stdlib/../stdlib/strtol.c
fn=__isoc23_strtoul
125 10
126 50
fl=./stdlib/../stdlib/strtol_l.c
fn=____strtoul_l_internal
238 130
252 10
257 10
258 10
264 20
292 10
295 40
304 60
306 20
310 10
311 20
316 20
320 20
322 10
327 20
335 10
342 20
345 40
390 30
391 30
393 10
394 10
395 10
449 30
451 110
453 75
460 20
477 30
478 10
481 45
484 60
489 35
490 45
495 20
500 30
501 10
513 20
524 50
546 90
fl=./stdlib/./stdlib/cxa_atexit.c
fn=__cxa_atexit
41 24
43 96
44 24
46 24
52 36
53 12
54 12
55 12
56 12
57 48
58 12
67 84
69 72
fn=__new_exitfn
80 60
81 12
86 24
91 76
93 48
94 55
101 1
104 22
122 1
123 1
129 33
130 22
134 1
136 12
137 12
141 60
fl=./stdlib/./stdlib/cxa_finalize.c
fn=__cxa_finalize
30 50
33 35
36 35
40 196
41 132
43 22
45 11
76 11
78 33
81 44
82 33
83 44
87 33
93 35
97 30
105 10
106 20
107 40
fl=./stdlib/./stdlib/cxa_thread_atexit_impl.c
fn=__call_tls_dtors
148 95
149 152
153 57
155 38
156 38
162 38
163 38
165 76
fn=__cxa_thread_atexit_impl
102 171
103 57
106 57
107 38
110 38
111 19
112 57
113 19
117 57
120 38
124 38
128 95
136 19
137 38
139 38
142 133
fl=./stdlib/./stdlib/exit.c
fn=__run_exit_handlers
38 12
40 2
41 2
43 5
54 2
56 2
60 1
64 39
66 24
67 12
69 106
94 2
101 1
102 1
103 1
104 3
107 4
108 3
109 4
113 3
119 3
120 2
126 4
128 2
129 2
131 2
fn=exit
137 3
138 4
fl=./stdlib/./stdlib/getenv.c
fn=getenv
24 9
25 8
28 2
29 191
31 94
32 30
37 9
fl=./stdlib/./stdlib/secure-getenv.c
fn=secure_getenv
28 1
29 5
fl=./string/../include/rtld-malloc.h
fn=strdup
56 28
fl=./string/../string/strcspn.c
fn=strcspn
32 6
33 3
34 2
39 6
40 4
41 4
42 4
44 1
47 9
48 6
51 4
52 4
53 4
54 4
56 3
61 13
62 26
63 26
64 26
65 13
67 78
69 1
70 4
71 3
fl=./string/../string/strstr.c
fn=__GI_strstr
77 12
82 3
84 5
85 2
86 2
161 12
fl=./string/../sysdeps/unix/sysv/linux/tls-internal.c
fn=__glibc_tls_internal_free
24 90
25 18
26 36
27 36
28 36
fl=./string/../sysdeps/x86/cacheinfo.c
fn=__x86_cacheinfo
86 1
fl=./string/../sysdeps/x86/cacheinfo.h
fn=__x86_cacheinfo
59 1
62 3
64 3
65 1
71 3
73 3
74 1
78 2
80 2
81 2
82 2
84 2
86 2
fl=./string/../sysdeps/x86_64/multiarch/../multiarch/memcmp-sse2.S
fn=bcmp
59 7
71 7
72 7
94 1
95 1
140 1
141 1
143 1
144 1
146 1
147 1
149 1
150 1
197 1
198 1
199 1
200 1
201 1
202 1
255 6
257 6
258 6
259 6
260 6
261 6
262 6
269 6
271 6
273 6
274 6
275 6
276 6
277 6
281 6
289 6
fl=./string/../sysdeps/x86_64/multiarch/../multiarch/memset-vec-unaligned-erms.S
fn=memset
132 91
133 455
138 91
139 91
142 66
143 66
145 25
146 25
147 25
244 41
245 41
257 41
260 41
261 41
273 41
274 41
287 41
288 41
290 41
293 22
296 44
299 112
300 112
301 112
302 112
303 112
304 112
305 112
308 41
309 41
310 41
311 41
316 41
350 25
352 25
353 25
392 25
393 25
395 25
fl=./string/../sysdeps/x86_64/multiarch/../multiarch/strchr-sse2.S
fn=index
32 37
33 37
34 37
35 37
36 37
37 37
38 37
39 37
40 37
41 37
42 37
43 37
44 37
45 37
46 37
47 37
48 37
49 37
50 24
54 24
55 24
56 24
57 24
59 24
63 13
64 13
65 13
66 13
67 13
68 13
69 13
70 13
71 13
72 13
73 13
74 13
75 13
76 13
77 13
78 13
79 13
80 13
81 13
82 13
83 13
84 13
85 13
86 13
138 13
142 13
143 13
144 13
145 13
147 13
fl=./string/../sysdeps/x86_64/multiarch/../multiarch/strcmp-sse2.S
fn=strcmp
98 2576
131 2576
132 2576
134 2576
135 2576
156 2576
157 2576
158 2388
159 2388
160 2274
161 2274
162 2274
163 2274
180 2274
181 2274
182 2274
183 2274
184 2274
185 2274
186 2274
191 63
192 189
201 365
202 365
203 365
204 365
205 365
206 365
207 365
208 365
209 270
210 137
211 137
212 137
214 270
215 270
216 270
217 270
218 270
219 270
229 95
230 95
231 95
233 95
239 95
240 95
241 95
242 95
243 95
248 95
250 83
251 83
252 166
260 86
261 86
264 86
265 86
266 86
267 86
268 86
269 86
275 7
276 7
277 7
280 7
281 7
282 7
283 7
284 7
285 7
290 3
291 3
300 6
301 6
302 6
303 6
304 6
306 6
307 6
308 6
309 6
310 6
311 6
312 6
313 6
316 6
317 6
318 6
324 6
325 6
326 12
330 6
331 6
334 6
335 6
336 6
338 6
339 6
340 6
344 6
345 6
346 6
347 6
348 6
349 6
542 1
543 1
544 1
545 1
546 1
548 1
549 1
550 1
551 1
552 1
553 1
554 1
555 1
559 1
560 1
561 1
567 1
568 1
569 2
573 1
574 1
577 1
578 1
579 1
581 1
582 1
583 1
587 1
588 1
589 1
590 1
591 1
592 1
661 5
662 5
663 5
664 5
665 5
667 5
668 5
669 5
670 5
671 5
672 5
673 5
674 4
678 4
679 4
680 4
686 4
687 4
688 8
692 4
693 4
696 4
697 4
698 4
700 4
701 4
702 4
706 4
707 4
708 4
709 4
710 4
711 4
718 3
719 3
721 3
722 3
724 3
725 3
726 3
728 3
729 3
730 3
734 3
735 3
736 3
737 3
738 3
739 3
780 5
781 5
782 5
783 5
784 5
786 5
787 5
788 5
789 5
790 5
791 5
792 5
793 4
797 4
798 4
799 4
805 4
806 4
807 8
811 6
812 6
815 6
816 6
817 6
819 6
820 6
821 6
825 6
826 6
827 6
828 6
829 6
830 6
837 3
838 3
840 3
841 3
843 3
844 3
845 3
847 3
848 3
849 3
853 3
854 3
855 3
856 3
857 3
858 3
865 2
866 2
867 2
899 12
900 12
901 12
902 12
903 12
905 12
906 12
907 12
908 12
909 12
910 12
911 12
912 8
916 8
917 8
918 8
924 8
925 8
926 16
930 8
931 8
934 8
935 8
936 8
938 8
939 8
940 8
944 8
945 8
946 8
947 8
948 8
949 8
956 2
957 2
959 2
960 2
962 2
963 2
964 2
966 2
967 2
968 2
972 2
973 2
974 2
975 2
976 2
977 2
1018 10
1019 10
1020 10
1021 10
1022 10
1024 10
1025 10
1026 10
1027 10
1028 10
1029 10
1030 10
1031 8
1035 8
1036 8
1037 8
1043 8
1044 8
1045 16
1049 10
1050 10
1053 10
1054 10
1055 10
1057 10
1058 10
1059 10
1063 10
1064 10
1065 10
1066 10
1067 10
1068 10
1075 4
1076 4
1078 4
1079 4
1081 4
1082 4
1083 4
1085 4
1086 4
1087 4
1091 4
1092 4
1093 4
1094 4
1095 4
1096 4
1103 2
1104 2
1105 2
1137 20
1138 20
1139 20
1140 20
1141 20
1143 20
1144 20
1145 20
1146 20
1147 20
1148 20
1149 20
1150 8
1154 8
1155 8
1156 8
1162 8
1163 8
1164 16
1168 8
1169 8
1172 8
1173 8
1174 8
1176 8
1177 8
1178 8
1182 8
1183 8
1184 8
1185 8
1186 8
1187 8
1194 1
1195 1
1197 1
1198 1
1200 1
1201 1
1202 1
1204 1
1205 1
1206 1
1210 1
1211 1
1212 1
1213 1
1214 1
1215 1
1256 24
1257 24
1258 24
1259 24
1260 24
1262 24
1263 24
1264 24
1265 24
1266 24
1267 24
1268 24
1269 8
1273 8
1274 8
1275 8
1281 8
1282 8
1283 16
1287 8
1288 8
1291 8
1292 8
1293 8
1295 8
1296 8
1297 8
1301 8
1302 8
1303 8
1304 8
1305 8
1306 8
1313 1
1314 1
1316 1
1317 1
1319 1
1320 1
1321 1
1323 1
1324 1
1325 1
1329 1
1330 1
1331 1
1332 1
1333 1
1334 1
1375 13
1376 13
1377 13
1378 13
1379 13
1381 13
1382 13
1383 13
1384 13
1385 13
1386 13
1387 13
1388 13
1392 13
1393 13
1394 13
1400 13
1401 13
1402 26
1406 13
1407 13
1410 13
1411 13
1412 13
1414 13
1415 13
1416 13
1420 13
1421 13
1422 13
1423 13
1424 13
1425 13
1432 2
1433 2
1435 2
1436 2
1438 2
1439 2
1440 2
1442 2
1443 2
1444 2
1448 2
1449 2
1450 2
1451 2
1452 2
1453 2
1494 25
1495 25
1496 25
1497 25
1498 25
1500 25
1501 25
1502 25
1503 25
1504 25
1505 25
1506 25
1507 12
1511 12
1512 12
1513 12
1519 12
1520 12
1521 24
1525 14
1526 14
1529 14
1530 14
1531 14
1533 14
1534 14
1535 14
1539 14
1540 14
1541 14
1542 14
1543 14
1544 14
1551 4
1552 4
1554 4
1555 4
1557 4
1558 4
1559 4
1561 4
1562 4
1563 4
1567 4
1568 4
1569 4
1570 4
1571 4
1572 4
1579 2
1580 2
1581 2
1613 35
1614 35
1615 35
1616 35
1617 35
1619 35
1620 35
1621 35
1622 35
1623 35
1624 35
1625 35
1626 14
1630 14
1631 14
1632 14
1638 14
1639 14
1640 28
1644 15
1645 15
1648 15
1649 15
1650 15
1652 15
1653 15
1654 15
1658 15
1659 15
1660 15
1661 15
1662 15
1663 15
1670 5
1671 5
1673 5
1674 5
1676 5
1677 5
1678 5
1680 5
1681 5
1682 5
1686 5
1687 5
1688 5
1689 5
1690 5
1691 5
1698 1
1699 1
1700 1
1732 43
1733 43
1734 43
1735 43
1736 43
1738 43
1739 43
1740 43
1741 43
1742 43
1743 43
1744 43
1745 29
1749 29
1750 29
1751 29
1757 29
1758 29
1759 58
1763 31
1764 31
1767 31
1768 31
1769 31
1771 31
1772 31
1773 31
1777 31
1778 31
1779 31
1780 31
1781 31
1782 31
1789 12
1790 12
1792 12
1793 12
1795 12
1796 12
1797 12
1799 12
1800 12
1801 12
1805 12
1806 12
1807 12
1808 12
1809 12
1810 12
1817 2
1818 2
1819 2
1851 20
1852 20
1853 20
1854 20
1855 20
1857 20
1858 20
1859 20
1860 20
1861 20
1862 20
1863 20
1864 13
1868 13
1869 13
1870 13
1876 13
1877 13
1878 26
1882 13
1883 13
1886 13
1887 13
1888 13
1890 13
1891 13
1892 13
1896 13
1897 13
1898 13
1899 13
1900 13
1901 13
1908 3
1909 3
1911 3
1912 3
1914 3
1915 3
1916 3
1918 3
1919 3
1920 3
1924 3
1925 3
1926 3
1927 3
1928 3
1929 3
1970 51
1971 51
1972 51
1973 51
1974 51
1976 51
1977 51
1978 51
1979 51
1980 51
1981 51
1982 51
1984 27
1988 27
1989 27
1990 27
1996 27
1997 27
1999 54
2003 29
2004 29
2007 29
2008 29
2009 29
2011 29
2012 29
2013 29
2017 29
2018 29
2019 29
2020 29
2021 29
2022 29
2029 4
2030 4
2032 4
2033 4
2035 4
2036 4
2037 4
2039 4
2040 4
2041 4
2045 4
2046 4
2047 4
2048 4
2049 4
2050 4
2057 2
2058 2
2059 2
2093 238
2095 365
2096 365
2097 365
2098 365
2099 274
2104 2576
2110 2576
2111 2576
2119 2576
2120 2576
fn=strncmp
98 1
125 1
126 1
127 1
128 1
129 1
131 1
132 1
134 1
135 1
156 1
157 1
158 1
159 1
160 1
161 1
162 1
163 1
180 1
181 1
182 1
183 1
184 1
185 1
186 1
2104 1
2107 1
2108 1
2110 1
2111 1
2119 1
2120 1
fl=./string/../sysdeps/x86_64/multiarch/../multiarch/strlen-sse2.S
fn=strlen
57 46
101 46
102 46
103 46
104 46
105 46
106 46
107 46
109 46
111 46
142 45
143 45
144 45
145 45
146 45
147 14
149 14
153 31
154 31
155 31
156 31
157 31
158 31
159 31
160 31
161 31
162 31
163 31
164 31
169 246
173 1
174 14
175 8
243 2
244 2
245 2
246 2
247 2
248 2
249 2
250 2
252 1
254 1
255 1
256 1
257 1
258 1
259 1
260 1
261 1
262 1
266 1
268 1
269 14
271 1
272 1
273 1
275 1
fl=./string/../sysdeps/x86_64/multiarch/ifunc-avx2.h
fn=memrchr
38 4
40 3
41 2
42 3
45 2
46 2
49 3
52 6
fn=rindex
38 4
40 3
41 2
42 3
45 2
46 2
49 3
52 6
fn=strchrnul
38 4
40 3
41 2
42 3
45 2
46 2
49 3
52 6
fn=strlen
38 12
40 9
41 6
42 9
45 6
46 6
49 9
52 18
fn=strnlen
38 8
40 6
41 4
42 6
45 4
46 4
49 6
52 12
fl=./string/../sysdeps/x86_64/multiarch/ifunc-evex.h
fn=memchr
37 8
38 6
39 6
42 4
43 4
45 4
51 6
54 8
fl=./string/../sysdeps/x86_64/multiarch/ifunc-memcmp.h
fn=bcmp
34 15
35 6
36 6
37 9
40 6
41 6
44 9
47 12
fl=./string/../sysdeps/x86_64/multiarch/ifunc-memmove.h
fn=memcpy@@GLIBC_2.14
56 6
57 9
60 9
61 6
74 6
77 6
85 6
93 6
96 15
fn=memmove
56 6
57 9
60 9
61 6
74 6
77 6
85 6
93 6
96 15
fn=mempcpy
56 2
57 3
60 3
61 2
74 2
77 2
85 2
93 2
96 5
fl=./string/../sysdeps/x86_64/multiarch/ifunc-memset.h
fn=memset
54 15
57 9
58 6
64 6
73 6
75 6
85 6
93 6
96 15
fl=./string/../sysdeps/x86_64/multiarch/ifunc-sse4_2.h
fn=strcspn
36 5
fn=strpbrk
36 5
fn=strspn
36 5
fl=./string/../sysdeps/x86_64/multiarch/ifunc-strcasecmp.h
fn=strcasecmp
36 4
37 2
38 3
41 2
42 2
45 3
48 5
fn=strcasecmp_l
36 4
37 2
38 3
41 2
42 2
45 3
48 5
fn=strncasecmp
36 4
37 2
38 3
41 2
42 2
45 3
48 5
fn=strncasecmp_l
36 4
37 2
38 3
41 2
42 2
45 3
48 5
fl=./string/../sysdeps/x86_64/multiarch/ifunc-strcpy.h
fn=stpcpy
38 4
39 3
42 2
43 2
46 3
49 3
fn=strcat
38 4
39 3
42 2
43 2
46 3
49 3
fn=strcpy
38 4
39 3
42 2
43 2
46 3
49 3
fl=./string/../sysdeps/x86_64/multiarch/ifunc-strncpy.h
fn=stpncpy
35 5
36 3
39 2
40 2
43 3
46 4
fn=strncpy
35 5
36 3
39 2
40 2
43 3
46 4
fl=./string/../sysdeps/x86_64/multiarch/memchr-avx2.S
fn=__memchr_avx2
61 29
68 29
70 29
73 29
74 29
76 29
77 29
78 29
79 29
82 29
83 29
86 29
87 29
101 29
106 29
113 29
114 29
115 17
116 17
128 12
129 12
fl=./string/../sysdeps/x86_64/multiarch/memchr.c
fn=memchr
29 4
fl=./string/../sysdeps/x86_64/multiarch/memcmp-avx2-movbe.S
fn=__memcmp_avx2_movbe
73 50
80 50
81 50
84 1
85 1
86 1
90 1
91 1
93 1
94 1
97 1
98 1
99 1
102 1
103 1
106 1
107 1
110 1
111 1
112 1
113 1
114 1
115 1
116 1
117 1
118 1
119 1
122 1
123 1
129 1
130 1
131 1
132 1
136 1
137 1
139 1
140 1
141 1
142 1
145 1
146 1
147 1
148 1
149 1
150 1
152 2
156 39
166 39
167 39
168 39
171 78
401 49
402 49
407 49
408 49
409 49
410 49
411 49
414 49
415 49
416 49
417 49
420 49
421 49
422 10
423 20
fl=./string/../sysdeps/x86_64/multiarch/memcmp.c
fn=bcmp
29 12
fl=./string/../sysdeps/x86_64/multiarch/memcmpeq.c
fn=memcpy@@GLIBC_2.14
29 3
fl=./string/../sysdeps/x86_64/multiarch/memmove-vec-unaligned-erms.S
fn=__memcpy_avx_unaligned_erms
255 11867
256 11867
262 11875
263 11875
265 10746
266 10746
267 10746
270 167
271 167
272 167
275 334
305 1129
306 1129
308 1065
309 1065
311 1030
315 1030
316 1006
317 1006
318 1006
319 1006
323 1006
325 1006
331 24
332 24
333 24
334 24
335 24
342 64
343 64
344 64
345 64
347 64
364 35
365 35
366 35
367 35
368 35
375 10452
376 10452
377 10452
378 10452
379 10452
380 10452
381 20904
386 10579
387 10579
392 10578
393 10578
395 10478
396 10478
397 10478
399 26
400 26
401 26
402 26
403 26
404 26
405 26
406 26
407 26
408 26
409 26
410 26
411 26
412 26
413 52
417 100
418 100
422 100
424 100
428 100
429 100
440 100
443 100
445 100
447 100
451 100
452 100
461 94
462 94
464 94
466 94
467 94
468 94
471 94
473 94
475 94
477 188
483 282
484 282
485 282
486 282
487 282
488 282
489 282
490 282
491 282
492 282
493 282
494 282
496 94
497 94
498 94
499 94
501 94
505 188
518 6
519 6
521 6
522 6
523 6
525 6
527 6
529 12
535 18
536 18
537 18
538 18
539 18
540 18
541 18
542 18
543 18
544 18
545 18
546 18
548 6
549 6
550 6
551 6
553 6
554 12
601 1
602 1
606 1
608 1
611 1
615 1
616 1
684 1
685 1
686 1
691 1
692 1
693 1
700 1
706 1
708 1
716 1
717 1
719 1
721 1
723 1
725 1
733 1
734 1
735 1
736 1
741 1
742 1
743 1
746 1
748 2
753 624
755 39936
756 39936
757 39936
758 39936
760 79872
761 79872
762 19968
764 79872
765 79872
766 19968
767 19968
768 19968
769 624
770 624
771 624
772 624
773 1
776 1
777 1
782 126
783 126
784 63
785 63
786 63
787 63
788 63
789 63
790 63
791 63
792 63
793 63
794 63
795 63
796 63
800 1
801 1
802 1
803 1
805 1
806 1
807 1
808 1
809 2
fn=__mempcpy_avx_unaligned_erms
242 8
243 8
244 8
245 8
fn=memcpy
210 45
211 45
217 202
218 202
220 85
221 85
222 85
224 64
225 64
226 64
228 64
308 117
309 117
311 76
315 76
316 76
317 76
318 1
319 1
323 1
325 76
364 41
365 41
366 41
367 41
368 41
375 18
376 18
377 18
378 18
379 18
380 18
381 18
392 21
393 21
395 18
396 18
397 18
417 3
418 3
422 3
424 3
440 3
443 3
445 3
447 3
451 3
452 3
461 3
462 3
464 3
466 3
467 3
468 3
471 3
473 3
475 3
477 3
483 10
484 10
485 10
486 10
487 10
488 10
489 10
490 10
491 10
492 10
493 10
494 10
496 3
497 3
498 3
499 3
501 3
505 3
fn=mempcpy
197 157
198 157
199 157
200 157
fl=./string/../sysdeps/x86_64/multiarch/memmove.c
fn=memmove
29 3
fl=./string/../sysdeps/x86_64/multiarch/mempcpy.c
fn=mempcpy
33 1
fl=./string/../sysdeps/x86_64/multiarch/memrchr.c
fn=memrchr
29 3
fl=./string/../sysdeps/x86_64/multiarch/memset-vec-unaligned-erms.S
fn=__memset_avx2_unaligned_erms
158 10672
159 21344
164 10672
165 10672
166 10671
167 10671
168 10671
181 200
182 200
184 400
237 10671
238 10671
244 10671
245 10671
257 10671
260 10671
261 10671
273 10471
274 10471
287 10471
288 10471
290 10471
293 10471
296 10471
299 83642
300 83642
301 83642
302 83642
303 83642
304 83642
305 94113
308 10471
309 10471
310 10471
311 10471
314 20942
337 1
346 1
347 1
352 1
353 1
354 1
355 1
356 1
357 1
358 1
361 1
fl=./string/../sysdeps/x86_64/multiarch/memset.c
fn=memset
29 3
fl=./string/../sysdeps/x86_64/multiarch/stpcpy.c
fn=stpcpy
33 3
fl=./string/../sysdeps/x86_64/multiarch/stpncpy.c
fn=stpncpy
31 3
fl=./string/../sysdeps/x86_64/multiarch/strcasecmp.c
fn=strcasecmp
31 3
fl=./string/../sysdeps/x86_64/multiarch/strcasecmp_l.c
fn=strcasecmp_l
31 3
fl=./string/../sysdeps/x86_64/multiarch/strcat.c
fn=strcat
29 3
fl=./string/../sysdeps/x86_64/multiarch/strchr-avx2.S
fn=__strchr_avx2
53 1
55 1
56 1
57 1
58 1
59 1
62 1
63 1
67 1
68 1
69 1
70 1
71 1
72 1
73 1
74 1
77 1
85 1
93 1
94 2
fn=__strchrnul_avx2
53 36
55 36
56 36
57 36
58 36
59 36
62 36
63 36
67 36
68 36
69 36
70 36
71 36
72 36
73 36
74 36
87 36
89 72
fl=./string/../sysdeps/x86_64/multiarch/strchr.c
fn=index
42 4
43 2
44 3
47 2
48 2
51 3
54 3
65 3
fl=./string/../sysdeps/x86_64/multiarch/strchrnul.c
fn=strchrnul
31 3
fl=./string/../sysdeps/x86_64/multiarch/strcmp-avx2.S
fn=__strncmp_avx2
206 5
230 5
235 5
249 5
274 5
275 5
276 5
278 5
279 5
283 4
287 4
289 4
291 4
294 4
296 4
297 4
308 4
318 4
319 4
322 4
326 8
331 4
332 4
333 4
957 1
958 1
959 1
960 1
962 1
965 1
966 1
993 1
994 1
995 1
996 1
997 1
998 1
1000 1
1047 1
1048 1
1051 1
1052 1
1053 1
1056 2
1063 1
1064 1
1065 1
1066 1
1076 1
1077 1
1080 1
1081 1
1082 1
1083 1
1089 1
1091 1
1094 1
1095 1
fl=./string/../sysdeps/x86_64/multiarch/strcmp.c
fn=strcmp
47 4
48 2
49 3
52 2
53 2
56 3
59 3
79 3
fl=./string/../sysdeps/x86_64/multiarch/strcpy.c
fn=strcpy
29 3
fl=./string/../sysdeps/x86_64/multiarch/strcspn.c
fn=strcspn
29 2
fl=./string/../sysdeps/x86_64/multiarch/strlen-avx2.S
fn=__strlen_avx2
52 72
65 72
66 72
67 72
70 72
72 72
73 72
76 72
77 72
85 72
86 72
87 71
92 142
143 1
156 1
157 1
158 1
164 2
221 1
236 1
242 1
243 1
244 1
246 1
247 1
248 1
249 1
fl=./string/../sysdeps/x86_64/multiarch/strlen.c
fn=strlen
29 9
fl=./string/../sysdeps/x86_64/multiarch/strncase.c
fn=strncasecmp
31 3
fl=./string/../sysdeps/x86_64/multiarch/strncase_l.c
fn=strncasecmp_l
31 3
fl=./string/../sysdeps/x86_64/multiarch/strncmp.c
fn=strncmp
43 4
44 2
45 3
48 2
49 2
52 3
55 5
67 3
fl=./string/../sysdeps/x86_64/multiarch/strncpy.c
fn=strncpy
29 3
fl=./string/../sysdeps/x86_64/multiarch/strnlen.c
fn=strnlen
31 6
fl=./string/../sysdeps/x86_64/multiarch/strpbrk.c
fn=strpbrk
29 2
fl=./string/../sysdeps/x86_64/multiarch/strrchr-avx2.S
fn=__strrchr_avx2
53 1
54 1
55 1
57 1
58 1
62 1
63 1
64 1
67 1
69 1
70 1
71 1
72 1
75 1
76 1
78 1
79 1
80 1
81 1
82 1
91 2
fl=./string/../sysdeps/x86_64/multiarch/strrchr.c
fn=rindex
28 3
fl=./string/../sysdeps/x86_64/multiarch/strspn.c
fn=strspn
29 2
fl=./string/./string/strdup.c
fn=strdup
40 84
41 28
44 28
47 56
48 42
fl=./sunrpc/./sunrpc/rpc_thread.c
fn=__rpc_thread_destroy
21 90
22 36
24 36
39 72
fl=./time/../sysdeps/unix/sysv/linux/clock_gettime.c
fn=clock_gettime@@GLIBC_2.17
30 3
38 6
40 6
44 6
68 6
69 6
fl=./wcsmbs/../sysdeps/x86_64/multiarch/ifunc-avx2.h
fn=wcschr
38 8
40 6
41 4
42 6
45 4
46 4
49 6
52 12
fn=wcscmp
38 4
40 3
41 2
42 3
45 2
46 2
49 3
52 6
fl=./wcsmbs/../sysdeps/x86_64/multiarch/ifunc-evex.h
fn=wmemchr
37 8
38 6
39 6
42 4
43 4
45 4
51 6
54 8
fl=./wcsmbs/../sysdeps/x86_64/multiarch/ifunc-memcmp.h
fn=wmemcmp
34 5
35 2
36 2
37 3
40 2
41 2
44 3
47 4
fl=./wcsmbs/../sysdeps/x86_64/multiarch/ifunc-wcs.h
fn=wcpncpy
39 4
40 3
41 3
44 2
45 3
48 4
fn=wcscat
39 4
40 3
41 3
44 2
45 3
48 4
fn=wcsncpy
39 4
40 3
41 3
44 2
45 3
48 4
fl=./wcsmbs/../sysdeps/x86_64/multiarch/ifunc-wcslen.h
fn=wcslen
40 4
41 2
42 3
45 2
46 2
49 3
52 3
fn=wcsnlen
40 4
41 2
42 3
45 2
46 2
49 3
52 3
fl=./wcsmbs/../sysdeps/x86_64/multiarch/ifunc-wmemset.h
fn=wmemset
36 10
37 6
fl=./wcsmbs/../sysdeps/x86_64/multiarch/wcpcpy.c
fn=wcpncpy
31 1
fl=./wcsmbs/../sysdeps/x86_64/multiarch/wcpncpy.c
fn=wcpncpy
31 1
fl=./wcsmbs/../sysdeps/x86_64/multiarch/wcscat.c
fn=wcscat
31 2
fn=wcschr
31 2
fl=./wcsmbs/../sysdeps/x86_64/multiarch/wcschr.c
fn=wcschr
31 4
fl=./wcsmbs/../sysdeps/x86_64/multiarch/wcscmp.c
fn=wcscmp
30 3
fl=./wcsmbs/../sysdeps/x86_64/multiarch/wcscpy.c
fn=wcscpy
42 4
43 2
44 3
46 2
47 3
50 3
60 2
fl=./wcsmbs/../sysdeps/x86_64/multiarch/wcslen.c
fn=wcslen
29 3
fl=./wcsmbs/../sysdeps/x86_64/multiarch/wcsncpy.c
fn=wcsncpy
31 2
fl=./wcsmbs/../sysdeps/x86_64/multiarch/wcsnlen.c
fn=wcsnlen
30 3
fl=./wcsmbs/../sysdeps/x86_64/multiarch/wmemchr.c
fn=wmemchr
31 4
fl=./wcsmbs/../sysdeps/x86_64/multiarch/wmemcmp.c
fn=wmemcmp
29 4
fl=./wcsmbs/../sysdeps/x86_64/multiarch/wmemset.c
fn=wmemset
31 4
fl=./wcsmbs/./wcsmbs/btowc.c
fn=btowc
32 2560
37 1792
42 512
46 384
47 256
48 256
52 512
55 1152
94 1792
fl=./wcsmbs/./wcsmbs/wctob.c
fn=wctob
30 1280
39 384
44 256
45 128
79 1152
fl=./wcsmbs/./wcsmbsload.h
fn=btowc
69 128
70 384
fl=./wctype/./wctype/wctype_l.c
fn=wctype_l
26 110
29 20
32 30
33 68
35 174
37 410
40 48
41 96
45 20
46 10
47 80
fl=???
fn=(below main)
0 12
fn=???
0 39427422
fn=Eigen::internal::FixedInt<0>::FixedInt()
0 7
fn=Eigen::internal::FixedInt<1>::FixedInt()
0 14
fn=Eigen::internal::FixedInt<1>::operator()() const
0 14
fn=Eigen::internal::FixedInt<2>::FixedInt()
0 7
fn=Eigen::internal::FixedInt<3>::FixedInt()
0 7
fn=Eigen::internal::all_t::all_t()
0 14
fn=Eigen::symbolic::AddExpr<Eigen::symbolic::SymbolExpr<Eigen::internal::symbolic_last_tag>, Eigen::symbolic::ValueExpr<Eigen::internal::FixedInt<1> > > Eigen::symbolic::BaseExpr<Eigen::symbolic::SymbolExpr<Eigen::internal::symbolic_last_tag> >::operator+<1>(Eigen::internal::FixedInt<1>) const
0 52
fn=Eigen::symbolic::AddExpr<Eigen::symbolic::SymbolExpr<Eigen::internal::symbolic_last_tag>, Eigen::symbolic::ValueExpr<Eigen::internal::FixedInt<1> > >::AddExpr(Eigen::symbolic::SymbolExpr<Eigen::internal::symbolic_last_tag> const&, Eigen::symbolic::ValueExpr<Eigen::internal::FixedInt<1> > const&)
0 18
fn=Eigen::symbolic::BaseExpr<Eigen::symbolic::SymbolExpr<Eigen::internal::symbolic_last_tag> >::derived() const
0 14
fn=Eigen::symbolic::SymbolExpr<Eigen::internal::symbolic_last_tag>::SymbolExpr()
0 14
fn=Eigen::symbolic::ValueExpr<Eigen::internal::FixedInt<1> >::ValueExpr()
0 14
fn=FinalSolution::Sift::Distance<128, true, void>::L2Sq(float const*, float const*)
0 19110087435
fn=FinalSolution::Sift::Solution::Build(std::vector<float, std::allocator<float> > const&)
0 770637
fn=FinalSolution::Sift::Solution::Build(std::vector<float, std::allocator<float> > const&)::{lambda()#1}& std::__get_helper<0ul, FinalSolution::Sift::Solution::Build(std::vector<float, std::allocator<float> > const&)::{lambda()#1}>(std::_Tuple_impl<0ul, FinalSolution::Sift::Solution::Build(std::vector<float, std::allocator<float> > const&)::{lambda()#1}>&)
0 162
fn=FinalSolution::Sift::Solution::Build(std::vector<float, std::allocator<float> > const&)::{lambda()#1}& std::forward<FinalSolution::Sift::Solution::Build(std::vector<float, std::allocator<float> > const&)::{lambda()#1}&>(std::remove_reference<FinalSolution::Sift::Solution::Build(std::vector<float, std::allocator<float> > const&)::{lambda()#1}&>::type&)
0 1008
fn=FinalSolution::Sift::Solution::Build(std::vector<float, std::allocator<float> > const&)::{lambda()#1}&& std::forward<FinalSolution::Sift::Solution::Build(std::vector<float, std::allocator<float> > const&)::{lambda()#1}>(std::remove_reference<FinalSolution::Sift::Solution::Build(std::vector<float, std::allocator<float> > const&)::{lambda()#1}>::type&)
0 324
fn=FinalSolution::Sift::Solution::Build(std::vector<float, std::allocator<float> > const&)::{lambda()#1}::operator()() const
0 250414
fn=FinalSolution::Sift::Solution::FlattenGraph_(std::vector<std::vector<std::vector<int, std::allocator<int> >, std::allocator<std::vector<int, std::allocator<int> > > >, std::allocator<std::vector<std::vector<int, std::allocator<int> >, std::allocator<std::vector<int, std::allocator<int> > > > > > const&)
0 10517491
fn=FinalSolution::Sift::Solution::GetRandomLevel_(std::mersenne_twister_engine<unsigned long, 32ul, 624ul, 397ul, 31ul, 2567483615ul, 11ul, 4294967295ul, 7ul, 2636928640ul, 15ul, 4022730752ul, 18ul, 1812433253ul>&)
0 370000
fn=FinalSolution::Sift::Solution::Insert_(int, std::vector<std::vector<std::vector<int, std::allocator<int> >, std::allocator<std::vector<int, std::allocator<int> > > >, std::allocator<std::vector<std::vector<int, std::allocator<int> >, std::allocator<std::vector<int, std::allocator<int> > > > > >&, std::vector<std::mutex, std::allocator<std::mutex> >&)
0 1003996429
fn=FinalSolution::Sift::Solution::Node* std::__addressof<FinalSolution::Sift::Solution::Node>(FinalSolution::Sift::Solution::Node&)
0 7
fn=FinalSolution::Sift::Solution::Node* std::__fill_n_a<FinalSolution::Sift::Solution::Node*, unsigned long, FinalSolution::Sift::Solution::Node>(FinalSolution::Sift::Solution::Node*, unsigned long, FinalSolution::Sift::Solution::Node const&, std::random_access_iterator_tag)
0 26
fn=FinalSolution::Sift::Solution::Node* std::__niter_base<FinalSolution::Sift::Solution::Node*>(FinalSolution::Sift::Solution::Node*)
0 21
fn=FinalSolution::Sift::Solution::Node* std::__relocate_a<FinalSolution::Sift::Solution::Node*, FinalSolution::Sift::Solution::Node*, std::allocator<FinalSolution::Sift::Solution::Node> >(FinalSolution::Sift::Solution::Node*, FinalSolution::Sift::Solution::Node*, FinalSolution::Sift::Solution::Node*, std::allocator<FinalSolution::Sift::Solution::Node>&)
0 32
fn=FinalSolution::Sift::Solution::Node* std::__uninitialized_default_n<FinalSolution::Sift::Solution::Node*, unsigned long>(FinalSolution::Sift::Solution::Node*, unsigned long)
0 18
fn=FinalSolution::Sift::Solution::Node* std::__uninitialized_default_n_1<true>::__uninit_default_n<FinalSolution::Sift::Solution::Node*, unsigned long>(FinalSolution::Sift::Solution::Node*, unsigned long)
0 27
fn=FinalSolution::Sift::Solution::Node* std::__uninitialized_default_n_a<FinalSolution::Sift::Solution::Node*, unsigned long, FinalSolution::Sift::Solution::Node>(FinalSolution::Sift::Solution::Node*, unsigned long, std::allocator<FinalSolution::Sift::Solution::Node>&)
0 14
fn=FinalSolution::Sift::Solution::Node* std::fill_n<FinalSolution::Sift::Solution::Node*, unsigned long, FinalSolution::Sift::Solution::Node>(FinalSolution::Sift::Solution::Node*, unsigned long, FinalSolution::Sift::Solution::Node const&)
0 19
fn=FinalSolution::Sift::Solution::Search(std::vector<float, std::allocator<float> > const&, int, int*)
0 1700
fn=FinalSolution::Sift::Solution::SearchFP_(std::vector<float, std::allocator<float> > const&, int, int*)
0 12503117
fn=FinalSolution::Sift::Solution::SearchLayerFP_(float const*, int, int, int, std::vector<std::vector<std::vector<int, std::allocator<int> >, std::allocator<std::vector<int, std::allocator<int> > > >, std::allocator<std::vector<std::vector<int, std::allocator<int> >, std::allocator<std::vector<int, std::allocator<int> > > > > > const&, std::vector<std::mutex, std::allocator<std::mutex> >&, FinalSolution::Sift::Solution::VisitedList&)
0 852718666
fn=FinalSolution::Sift::Solution::SelectNeighbors_(std::priority_queue<std::pair<float, int>, std::vector<std::pair<float, int>, std::allocator<std::pair<float, int> > >, std::less<std::pair<float, int> > >&, std::vector<int, std::allocator<int> >&)
0 232576891
fn=FinalSolution::Sift::Solution::Solution()
0 35
fn=FinalSolution::Sift::Solution::VisitedList::reset()
0 354756
fn=FinalSolution::Sift::Solution::VisitedList::resize(unsigned long)
0 285
fn=FinalSolution::Sift::Solution::VisitedList::visit(int)
0 922555181
fn=FinalSolution::Sift::Solution::VisitedList::~VisitedList()
0 209
fn=FinalSolution::Sift::Solution::~Solution()
0 24
fn=_GLOBAL__sub_I__Z17send_perf_commandRKNSt7__cxx1112basic_stringIcSt11char_traitsIcESaIcEEE
0 6
fn=_GLOBAL__sub_I__ZN13FinalSolution4Sift8SolutionC2Ev
0 6
fn=__cpu_indicator_init
0 367
fn=__cxa_get_globals
0 16
fn=__cxa_thread_atexit
0 114
fn=__gnu_cxx::__aligned_buffer<int>::_M_addr()
0 14000
fn=__gnu_cxx::__aligned_buffer<int>::_M_addr() const
0 13300
fn=__gnu_cxx::__aligned_buffer<int>::_M_ptr()
0 20000
fn=__gnu_cxx::__aligned_buffer<int>::_M_ptr() const
0 19000
fn=__gnu_cxx::__enable_if<!std::__is_scalar<FinalSolution::Sift::Solution::Node>::__value, void>::__type std::__fill_a1<FinalSolution::Sift::Solution::Node*, FinalSolution::Sift::Solution::Node>(FinalSolution::Sift::Solution::Node*, FinalSolution::Sift::Solution::Node*, FinalSolution::Sift::Solution::Node const&)
0 100004
fn=__gnu_cxx::__enable_if<std::__is_scalar<float>::__value, void>::__type std::__fill_a1<float*, float>(float*, float*, float const&)
0 8960916
fn=__gnu_cxx::__enable_if<std::__is_scalar<int>::__value, void>::__type std::__fill_a1<int*, int>(int*, int*, int const&)
0 2530705
fn=__gnu_cxx::__enable_if<std::__is_scalar<unsigned long>::__value, void>::__type std::__fill_a1<unsigned long*, unsigned long>(unsigned long*, unsigned long*, unsigned long const&)
0 80
fn=__gnu_cxx::__normal_iterator<char*, std::span<char, 18446744073709551615ul> >::__normal_iterator(char* const&)
0 576
fn=__gnu_cxx::__normal_iterator<char*, std::span<char, 18446744073709551615ul> >::base() const
0 420
fn=__gnu_cxx::__normal_iterator<char*, std::span<char, 18446744073709551615ul> >::difference_type __gnu_cxx::operator-<char*, std::span<char, 18446744073709551615ul> >(__gnu_cxx::__normal_iterator<char*, std::span<char, 18446744073709551615ul> > const&, __gnu_cxx::__normal_iterator<char*, std::span<char, 18446744073709551615ul> > const&)
0 630
fn=__gnu_cxx::__normal_iterator<char*, std::span<char, 18446744073709551615ul> >::operator+=(long)
0 252
fn=__gnu_cxx::__normal_iterator<float const*, std::vector<float, std::allocator<float> > > std::__miter_base<__gnu_cxx::__normal_iterator<float const*, std::vector<float, std::allocator<float> > > >(__gnu_cxx::__normal_iterator<float const*, std::vector<float, std::allocator<float> > >)
0 1414
fn=__gnu_cxx::__normal_iterator<float const*, std::vector<float, std::allocator<float> > >::__normal_iterator(float const* const&)
0 2424
fn=__gnu_cxx::__normal_iterator<float const*, std::vector<float, std::allocator<float> > >::base() const
0 1414
fn=__gnu_cxx::__normal_iterator<float*, std::vector<float, std::allocator<float> > >::__normal_iterator(float* const&)
0 2424
fn=__gnu_cxx::__normal_iterator<float*, std::vector<float, std::allocator<float> > >::base() const
0 18100614
fn=__gnu_cxx::__normal_iterator<float*, std::vector<float, std::allocator<float> > >::operator*() const
0 10342400
fn=__gnu_cxx::__normal_iterator<float*, std::vector<float, std::allocator<float> > >::operator++()
0 15513600
fn=__gnu_cxx::__normal_iterator<int const*, std::vector<int, std::allocator<int> > > std::__miter_base<__gnu_cxx::__normal_iterator<int const*, std::vector<int, std::allocator<int> > > >(__gnu_cxx::__normal_iterator<int const*, std::vector<int, std::allocator<int> > >)
0 146076
fn=__gnu_cxx::__normal_iterator<int const*, std::vector<int, std::allocator<int> > >::__normal_iterator(int const* const&)
0 16766712
fn=__gnu_cxx::__normal_iterator<int const*, std::vector<int, std::allocator<int> > >::base() const
0 456529066
fn=__gnu_cxx::__normal_iterator<int const*, std::vector<int, std::allocator<int> > >::operator*() const
0 255284848
fn=__gnu_cxx::__normal_iterator<int const*, std::vector<int, std::allocator<int> > >::operator++()
0 382927272
fn=__gnu_cxx::__normal_iterator<int*, std::vector<int, std::allocator<int> > > std::__copy_move_a<false, __gnu_cxx::__normal_iterator<int const*, std::vector<int, std::allocator<int> > >, __gnu_cxx::__normal_iterator<int*, std::vector<int, std::allocator<int> > > >(__gnu_cxx::__normal_iterator<int const*, std::vector<int, std::allocator<int> > >, __gnu_cxx::__normal_iterator<int const*, std::vector<int, std::allocator<int> > >, __gnu_cxx::__normal_iterator<int*, std::vector<int, std::allocator<int> > >)
0 68
fn=__gnu_cxx::__normal_iterator<int*, std::vector<int, std::allocator<int> > > std::__niter_wrap<__gnu_cxx::__normal_iterator<int*, std::vector<int, std::allocator<int> > >, int*>(__gnu_cxx::__normal_iterator<int*, std::vector<int, std::allocator<int> > >, int*)
0 40
fn=__gnu_cxx::__normal_iterator<int*, std::vector<int, std::allocator<int> > > std::copy<__gnu_cxx::__normal_iterator<int const*, std::vector<int, std::allocator<int> > >, __gnu_cxx::__normal_iterator<int*, std::vector<int, std::allocator<int> > > >(__gnu_cxx::__normal_iterator<int const*, std::vector<int, std::allocator<int> > >, __gnu_cxx::__normal_iterator<int const*, std::vector<int, std::allocator<int> > >, __gnu_cxx::__normal_iterator<int*, std::vector<int, std::allocator<int> > >)
0 48
fn=__gnu_cxx::__normal_iterator<int*, std::vector<int, std::allocator<int> > >::__normal_iterator(int* const&)
0 16018524
fn=__gnu_cxx::__normal_iterator<int*, std::vector<int, std::allocator<int> > >::base() const
0 374485755
fn=__gnu_cxx::__normal_iterator<int*, std::vector<int, std::allocator<int> > >::difference_type __gnu_cxx::operator-<int*, std::vector<int, std::allocator<int> > >(__gnu_cxx::__normal_iterator<int*, std::vector<int, std::allocator<int> > > const&, __gnu_cxx::__normal_iterator<int*, std::vector<int, std::allocator<int> > > const&)
0 3784
fn=__gnu_cxx::__normal_iterator<int*, std::vector<int, std::allocator<int> > >::operator*() const
0 208650984
fn=__gnu_cxx::__normal_iterator<int*, std::vector<int, std::allocator<int> > >::operator+(long) const
0 52
fn=__gnu_cxx::__normal_iterator<int*, std::vector<int, std::allocator<int> > >::operator++()
0 312976476
fn=__gnu_cxx::__normal_iterator<std::pair<float, int> const*, std::vector<std::pair<float, int>, std::allocator<std::pair<float, int> > > >::__normal_iterator(std::pair<float, int> const* const&)
0 60757020
fn=__gnu_cxx::__normal_iterator<std::pair<float, int> const*, std::vector<std::pair<float, int>, std::allocator<std::pair<float, int> > > >::base() const
0 19192516
fn=__gnu_cxx::__normal_iterator<std::pair<float, int> const*, std::vector<std::pair<float, int>, std::allocator<std::pair<float, int> > > >::operator*() const
0 18570376
fn=__gnu_cxx::__normal_iterator<std::pair<float, int>*, std::vector<std::pair<float, int>, std::allocator<std::pair<float, int> > > >::__normal_iterator(std::pair<float, int>* const&)
0 4724799048
fn=__gnu_cxx::__normal_iterator<std::pair<float, int>*, std::vector<std::pair<float, int>, std::allocator<std::pair<float, int> > > >::base() const
0 422392166
fn=__gnu_cxx::__normal_iterator<std::pair<float, int>*, std::vector<std::pair<float, int>, std::allocator<std::pair<float, int> > > >::difference_type __gnu_cxx::operator-<std::pair<float, int>*, std::vector<std::pair<float, int>, std::allocator<std::pair<float, int> > > >(__gnu_cxx::__normal_iterator<std::pair<float, int>*, std::vector<std::pair<float, int>, std::allocator<std::pair<float, int> > > > const&, __gnu_cxx::__normal_iterator<std::pair<float, int>*, std::vector<std::pair<float, int>, std::allocator<std::pair<float, int> > > > const&)
0 594975810
fn=__gnu_cxx::__normal_iterator<std::pair<float, int>*, std::vector<std::pair<float, int>, std::allocator<std::pair<float, int> > > >::operator*() const
0 2600871144
fn=__gnu_cxx::__normal_iterator<std::pair<float, int>*, std::vector<std::pair<float, int>, std::allocator<std::pair<float, int> > > >::operator+(long) const
0 7182783452
fn=__gnu_cxx::__normal_iterator<std::pair<float, int>*, std::vector<std::pair<float, int>, std::allocator<std::pair<float, int> > > >::operator++()
0 7891404
fn=__gnu_cxx::__normal_iterator<std::pair<float, int>*, std::vector<std::pair<float, int>, std::allocator<std::pair<float, int> > > >::operator-(long) const
0 1186884468
fn=__gnu_cxx::__normal_iterator<std::pair<float, int>*, std::vector<std::pair<float, int>, std::allocator<std::pair<float, int> > > >::operator--()
0 19627704
fn=__gnu_cxx::__normal_iterator<std::thread*, std::vector<std::thread, std::allocator<std::thread> > >::__normal_iterator(std::thread* const&)
0 600
fn=__gnu_cxx::__normal_iterator<std::thread*, std::vector<std::thread, std::allocator<std::thread> > >::base() const
0 434
fn=__gnu_cxx::__normal_iterator<std::thread*, std::vector<std::thread, std::allocator<std::thread> > >::difference_type __gnu_cxx::operator-<std::thread*, std::vector<std::thread, std::allocator<std::thread> > >(__gnu_cxx::__normal_iterator<std::thread*, std::vector<std::thread, std::allocator<std::thread> > > const&, __gnu_cxx::__normal_iterator<std::thread*, std::vector<std::thread, std::allocator<std::thread> > > const&)
0 132
fn=__gnu_cxx::__normal_iterator<std::thread*, std::vector<std::thread, std::allocator<std::thread> > >::operator*() const
0 288
fn=__gnu_cxx::__normal_iterator<std::thread*, std::vector<std::thread, std::allocator<std::thread> > >::operator++()
0 216
fn=__gnu_cxx::__normal_iterator<std::thread*, std::vector<std::thread, std::allocator<std::thread> > >::operator-(long) const
0 486
fn=__gnu_cxx::__normal_iterator<std::vector<float, std::allocator<float> >*, std::vector<std::vector<float, std::allocator<float> >, std::allocator<std::vector<float, std::allocator<float> > > > >::__normal_iterator(std::vector<float, std::allocator<float> >* const&)
0 24
fn=__gnu_cxx::__normal_iterator<std::vector<float, std::allocator<float> >*, std::vector<std::vector<float, std::allocator<float> >, std::allocator<std::vector<float, std::allocator<float> > > > >::base() const
0 1414
fn=__gnu_cxx::__normal_iterator<std::vector<float, std::allocator<float> >*, std::vector<std::vector<float, std::allocator<float> >, std::allocator<std::vector<float, std::allocator<float> > > > >::operator*() const
0 800
fn=__gnu_cxx::__normal_iterator<std::vector<float, std::allocator<float> >*, std::vector<std::vector<float, std::allocator<float> >, std::allocator<std::vector<float, std::allocator<float> > > > >::operator++()
0 1200
fn=__gnu_cxx::__normal_iterator<std::vector<unsigned long, std::allocator<unsigned long> >*, std::vector<std::vector<unsigned long, std::allocator<unsigned long> >, std::allocator<std::vector<unsigned long, std::allocator<unsigned long> > > > >::__normal_iterator(std::vector<unsigned long, std::allocator<unsigned long> >* const&)
0 24
fn=__gnu_cxx::__normal_iterator<std::vector<unsigned long, std::allocator<unsigned long> >*, std::vector<std::vector<unsigned long, std::allocator<unsigned long> >, std::allocator<std::vector<unsigned long, std::allocator<unsigned long> > > > >::base() const
0 1414
fn=__gnu_cxx::__normal_iterator<std::vector<unsigned long, std::allocator<unsigned long> >*, std::vector<std::vector<unsigned long, std::allocator<unsigned long> >, std::allocator<std::vector<unsigned long, std::allocator<unsigned long> > > > >::operator*() const
0 800
fn=__gnu_cxx::__normal_iterator<std::vector<unsigned long, std::allocator<unsigned long> >*, std::vector<std::vector<unsigned long, std::allocator<unsigned long> >, std::allocator<std::vector<unsigned long, std::allocator<unsigned long> > > > >::operator++()
0 1200
fn=__gnu_cxx::__normal_iterator<unsigned long const*, std::vector<unsigned long, std::allocator<unsigned long> > > std::__miter_base<__gnu_cxx::__normal_iterator<unsigned long const*, std::vector<unsigned long, std::allocator<unsigned long> > > >(__gnu_cxx::__normal_iterator<unsigned long const*, std::vector<unsigned long, std::allocator<unsigned long> > >)
0 1400
fn=__gnu_cxx::__normal_iterator<unsigned long const*, std::vector<unsigned long, std::allocator<unsigned long> > >::__normal_iterator(unsigned long const* const&)
0 2400
fn=__gnu_cxx::__normal_iterator<unsigned long const*, std::vector<unsigned long, std::allocator<unsigned long> > >::base() const
0 1400
fn=__gnu_cxx::__normal_iterator<unsigned long*, std::vector<unsigned long, std::allocator<unsigned long> > >::__normal_iterator(unsigned long* const&)
0 2400
fn=__gnu_cxx::__normal_iterator<unsigned long*, std::vector<unsigned long, std::allocator<unsigned long> > >::base() const
0 15400
fn=__gnu_cxx::__normal_iterator<unsigned long*, std::vector<unsigned long, std::allocator<unsigned long> > >::operator*() const
0 8000
fn=__gnu_cxx::__normal_iterator<unsigned long*, std::vector<unsigned long, std::allocator<unsigned long> > >::operator++()
0 12000
fn=__gnu_cxx::stdio_sync_filebuf<char, std::char_traits<char> >::overflow(int)
0 14
fn=__gnu_cxx::stdio_sync_filebuf<char, std::char_traits<char> >::sync()
0 27
fn=__gnu_cxx::stdio_sync_filebuf<char, std::char_traits<char> >::uflow()
0 24
fn=__gnu_cxx::stdio_sync_filebuf<char, std::char_traits<char> >::xsputn(char const*, long)
0 54
fn=__gnu_cxx::stdio_sync_filebuf<wchar_t, std::char_traits<wchar_t> >::sync()
0 15
fn=__gthread_active_p()
0 10176480
fn=__gthread_mutex_lock(pthread_mutex_t*)
0 15264720
fn=__gthread_mutex_unlock(pthread_mutex_t*)
0 15264720
fn=__static_initialization_and_destruction_0()
0 65
fn=auto std::__detail::_Synth3way::operator()<float, float>(float const&, float const&) const
0 1605910763
fn=auto std::__detail::_Synth3way::operator()<int, int>(int const&, int const&) const
0 2078237458
fn=auto std::__detail::_Synth3way::operator()<std::pair<float, int>*, std::pair<float, int>*>(std::pair<float, int>* const&, std::pair<float, int>* const&) const
0 7354123
fn=auto std::__format::_Formatting_scanner<std::__format::_Sink_iter<char>, char>::_M_format_arg(unsigned long)::{lambda(auto:1&)#1}::operator()<double>(double&) const
0 255
fn=auto std::__format::_Formatting_scanner<std::__format::_Sink_iter<char>, char>::_M_format_arg(unsigned long)::{lambda(auto:1&)#1}::operator()<std::basic_string_view<char, std::char_traits<char> > >(std::basic_string_view<char, std::char_traits<char> >&) const
0 50
fn=auto std::__format::__pack_arg_types<5, 1ul>(std::array<std::__format::_Arg_t, 1ul> const&)
0 372
fn=bool __gnu_cxx::__ops::_Iter_comp_iter<std::greater<void> >::operator()<__gnu_cxx::__normal_iterator<std::pair<float, int>*, std::vector<std::pair<float, int>, std::allocator<std::pair<float, int> > > >, __gnu_cxx::__normal_iterator<std::pair<float, int>*, std::vector<std::pair<float, int>, std::allocator<std::pair<float, int> > > > >(__gnu_cxx::__normal_iterator<std::pair<float, int>*, std::vector<std::pair<float, int>, std::allocator<std::pair<float, int> > > >, __gnu_cxx::__normal_iterator<std::pair<float, int>*, std::vector<std::pair<float, int>, std::allocator<std::pair<float, int> > > >)
0 60835320
fn=bool __gnu_cxx::__ops::_Iter_comp_iter<std::less<std::pair<float, int> > >::operator()<__gnu_cxx::__normal_iterator<std::pair<float, int>*, std::vector<std::pair<float, int>, std::allocator<std::pair<float, int> > > >, __gnu_cxx::__normal_iterator<std::pair<float, int>*, std::vector<std::pair<float, int>, std::allocator<std::pair<float, int> > > > >(__gnu_cxx::__normal_iterator<std::pair<float, int>*, std::vector<std::pair<float, int>, std::allocator<std::pair<float, int> > > >, __gnu_cxx::__normal_iterator<std::pair<float, int>*, std::vector<std::pair<float, int>, std::allocator<std::pair<float, int> > > >)
0 54496390
fn=bool __gnu_cxx::__ops::_Iter_comp_val<std::greater<void> >::operator()<__gnu_cxx::__normal_iterator<std::pair<float, int>*, std::vector<std::pair<float, int>, std::allocator<std::pair<float, int> > > >, std::pair<float, int> >(__gnu_cxx::__normal_iterator<std::pair<float, int>*, std::vector<std::pair<float, int>, std::allocator<std::pair<float, int> > > >, std::pair<float, int>&)
0 29618547
fn=bool __gnu_cxx::__ops::_Iter_comp_val<std::less<std::pair<float, int> > >::operator()<__gnu_cxx::__normal_iterator<std::pair<float, int>*, std::vector<std::pair<float, int>, std::allocator<std::pair<float, int> > > >, std::pair<float, int> >(__gnu_cxx::__normal_iterator<std::pair<float, int>*, std::vector<std::pair<float, int>, std::allocator<std::pair<float, int> > > >, std::pair<float, int>&)
0 1861001037
fn=bool __gnu_cxx::operator==<float*, std::vector<float, std::allocator<float> > >(__gnu_cxx::__normal_iterator<float*, std::vector<float, std::allocator<float> > > const&, __gnu_cxx::__normal_iterator<float*, std::vector<float, std::allocator<float> > > const&)
0 25858020
fn=bool __gnu_cxx::operator==<int const*, std::vector<int, std::allocator<int> > >(__gnu_cxx::__normal_iterator<int const*, std::vector<int, std::allocator<int> > > const&, __gnu_cxx::__normal_iterator<int const*, std::vector<int, std::allocator<int> > > const&)
0 651975700
fn=bool __gnu_cxx::operator==<int*, std::vector<int, std::allocator<int> > >(__gnu_cxx::__normal_iterator<int*, std::vector<int, std::allocator<int> > > const&, __gnu_cxx::__normal_iterator<int*, std::vector<int, std::allocator<int> > > const&)
0 534972720
fn=bool __gnu_cxx::operator==<std::pair<float, int> const*, std::vector<std::pair<float, int>, std::allocator<std::pair<float, int> > > >(__gnu_cxx::__normal_iterator<std::pair<float, int> const*, std::vector<std::pair<float, int>, std::allocator<std::pair<float, int> > > > const&, __gnu_cxx::__normal_iterator<std::pair<float, int> const*, std::vector<std::pair<float, int>, std::allocator<std::pair<float, int> > > > const&)
0 27417880
fn=bool __gnu_cxx::operator==<std::pair<float, int>*, std::vector<std::pair<float, int>, std::allocator<std::pair<float, int> > > >(__gnu_cxx::__normal_iterator<std::pair<float, int>*, std::vector<std::pair<float, int>, std::allocator<std::pair<float, int> > > > const&, __gnu_cxx::__normal_iterator<std::pair<float, int>*, std::vector<std::pair<float, int>, std::allocator<std::pair<float, int> > > > const&)
0 7026740
fn=bool __gnu_cxx::operator==<std::thread*, std::vector<std::thread, std::allocator<std::thread> > >(__gnu_cxx::__normal_iterator<std::thread*, std::vector<std::thread, std::allocator<std::thread> > > const&, __gnu_cxx::__normal_iterator<std::thread*, std::vector<std::thread, std::allocator<std::thread> > > const&)
0 380
fn=bool __gnu_cxx::operator==<std::vector<float, std::allocator<float> >*, std::vector<std::vector<float, std::allocator<float> >, std::allocator<std::vector<float, std::allocator<float> > > > >(__gnu_cxx::__normal_iterator<std::vector<float, std::allocator<float> >*, std::vector<std::vector<float, std::allocator<float> >, std::allocator<std::vector<float, std::allocator<float> > > > > const&, __gnu_cxx::__normal_iterator<std::vector<float, std::allocator<float> >*, std::vector<std::vector<float, std::allocator<float> >, std::allocator<std::vector<float, std::allocator<float> > > > > const&)
0 2020
fn=bool __gnu_cxx::operator==<std::vector<unsigned long, std::allocator<unsigned long> >*, std::vector<std::vector<unsigned long, std::allocator<unsigned long> >, std::allocator<std::vector<unsigned long, std::allocator<unsigned long> > > > >(__gnu_cxx::__normal_iterator<std::vector<unsigned long, std::allocator<unsigned long> >*, std::vector<std::vector<unsigned long, std::allocator<unsigned long> >, std::allocator<std::vector<unsigned long, std::allocator<unsigned long> > > > > const&, __gnu_cxx::__normal_iterator<std::vector<unsigned long, std::allocator<unsigned long> >*, std::vector<std::vector<unsigned long, std::allocator<unsigned long> >, std::allocator<std::vector<unsigned long, std::allocator<unsigned long> > > > > const&)
0 2020
fn=bool __gnu_cxx::operator==<unsigned long*, std::vector<unsigned long, std::allocator<unsigned long> > >(__gnu_cxx::__normal_iterator<unsigned long*, std::vector<unsigned long, std::allocator<unsigned long> > > const&, __gnu_cxx::__normal_iterator<unsigned long*, std::vector<unsigned long, std::allocator<unsigned long> > > const&)
0 22000
fn=bool std::operator==<std::__format::_Arg_t const*>(std::reverse_iterator<std::__format::_Arg_t const*> const&, std::reverse_iterator<std::__format::_Arg_t const*> const&)
0 228
fn=bool&& std::forward<bool>(std::remove_reference<bool>::type&)
0 7000
fn=char const* std::__addressof<char const>(char const&)
0 329
fn=char const* std::__to_address<char const>(char const*)
0 210
fn=char const* std::addressof<char const>(char const&)
0 470
fn=char const* std::to_address<char const>(char const*)
0 300
fn=char* std::__addressof<char>(char&)
0 217
fn=char* std::__to_address<char>(char*)
0 294
fn=char* std::addressof<char>(char&)
0 310
fn=char* std::to_address<char>(char*)
0 420
fn=decltype ((((forward<std::pair<float, int>&>)({parm#1}))>((forward<std::pair<float, int>&>)({parm#2})))) std::greater<void>::operator()<std::pair<float, int>&, std::pair<float, int>&>(std::pair<float, int>&, std::pair<float, int>&) const
0 101256129
fn=decltype (::new ((void*)(0)) int((declval<int const&>)())) std::construct_at<int, int const&>(int*, int const&)
0 6963138
fn=decltype (::new ((void*)(0)) int((declval<int&>)())) std::construct_at<int, int&>(int*, int&)
0 21000
fn=decltype (::new ((void*)(0)) std::pair<float, int>((declval<std::pair<float, int> >)())) std::construct_at<std::pair<float, int>, std::pair<float, int> >(std::pair<float, int>*, std::pair<float, int>&&)
0 929103021
fn=decltype (::new ((void*)(0)) std::pair<float, int>((declval<std::pair<float, int> const&>)())) std::construct_at<std::pair<float, int>, std::pair<float, int> const&>(std::pair<float, int>*, std::pair<float, int> const&)
0 13958259
fn=decltype (::new ((void*)(0)) std::thread((declval<FinalSolution::Sift::Solution::Build(std::vector<float, std::allocator<float> > const&)::{lambda()#1}&>)())) std::construct_at<std::thread, FinalSolution::Sift::Solution::Build(std::vector<float, std::allocator<float> > const&)::{lambda()#1}&>(std::thread*, FinalSolution::Sift::Solution::Build(std::vector<float, std::allocator<float> > const&)::{lambda()#1}&)
0 540
fn=decltype (::new ((void*)(0)) std::thread((declval<std::thread>)())) std::construct_at<std::thread, std::thread>(std::thread*, std::thread&&)
0 682
fn=decltype (__miter_base(({parm#1}.base)())) std::__miter_base<int*>(std::move_iterator<int*>)
0 52
fn=decltype (std::__detail::__synth3way((declval<std::pair<float, int>*&>)(), (declval<std::pair<float, int>*&>)())) __gnu_cxx::operator<=><std::pair<float, int>*, std::vector<std::pair<float, int>, std::allocator<std::pair<float, int> > > >(__gnu_cxx::__normal_iterator<std::pair<float, int>*, std::vector<std::pair<float, int>, std::allocator<std::pair<float, int> > > > const&, __gnu_cxx::__normal_iterator<std::pair<float, int>*, std::vector<std::pair<float, int>, std::allocator<std::pair<float, int> > > > const&)
0 7426804
fn=decltype(auto) std::basic_format_arg<std::basic_format_context<std::__format::_Sink_iter<char>, char> >::_M_visit<std::__format::_Formatting_scanner<std::__format::_Sink_iter<char>, char>::_M_format_arg(unsigned long)::{lambda(auto:1&)#1}>(std::__format::_Formatting_scanner<std::__format::_Sink_iter<char>, char>::_M_format_arg(unsigned long)::{lambda(auto:1&)#1}&&, std::__format::_Arg_t)
0 168
fn=decltype(auto) std::greater<void>::_S_cmp<std::pair<float, int>&, std::pair<float, int>&>(std::pair<float, int>&, std::pair<float, int>&, std::integral_constant<bool, false>)
0 82504994
fn=decltype(auto) std::visit_format_arg<std::__format::_Formatting_scanner<std::__format::_Sink_iter<char>, char>::_M_format_arg(unsigned long)::{lambda(auto:1&)#1}, std::basic_format_context<std::__format::_Sink_iter<char>, char> >(std::__format::_Formatting_scanner<std::__format::_Sink_iter<char>, char>::_M_format_arg(unsigned long)::{lambda(auto:1&)#1}&&, std::basic_format_arg<std::basic_format_context<std::__format::_Sink_iter<char>, char> >)
0 114
fn=double std::generate_canonical<double, 53ul, std::mersenne_twister_engine<unsigned long, 32ul, 624ul, 397ul, 31ul, 2567483615ul, 11ul, 4294967295ul, 7ul, 2636928640ul, 15ul, 4022730752ul, 18ul, 1812433253ul> >(std::mersenne_twister_engine<unsigned long, 32ul, 624ul, 397ul, 31ul, 2567483615ul, 11ul, 4294967295ul, 7ul, 2636928640ul, 15ul, 4022730752ul, 18ul, 1812433253ul>&)
0 1270000
fn=double std::uniform_real_distribution<double>::operator()<std::mersenne_twister_engine<unsigned long, 32ul, 624ul, 397ul, 31ul, 2567483615ul, 11ul, 4294967295ul, 7ul, 2636928640ul, 15ul, 4022730752ul, 18ul, 1812433253ul> >(std::mersenne_twister_engine<unsigned long, 32ul, 624ul, 397ul, 31ul, 2567483615ul, 11ul, 4294967295ul, 7ul, 2636928640ul, 15ul, 4022730752ul, 18ul, 1812433253ul>&)
0 140000
fn=double std::uniform_real_distribution<double>::operator()<std::mersenne_twister_engine<unsigned long, 32ul, 624ul, 397ul, 31ul, 2567483615ul, 11ul, 4294967295ul, 7ul, 2636928640ul, 15ul, 4022730752ul, 18ul, 1812433253ul> >(std::mersenne_twister_engine<unsigned long, 32ul, 624ul, 397ul, 31ul, 2567483615ul, 11ul, 4294967295ul, 7ul, 2636928640ul, 15ul, 4022730752ul, 18ul, 1812433253ul>&, std::uniform_real_distribution<double>::param_type const&)
0 410000
fn=float const* std::__niter_base<float const*, std::vector<float, std::allocator<float> > >(__gnu_cxx::__normal_iterator<float const*, std::vector<float, std::allocator<float> > >)
0 2222
fn=float& std::forward<float&>(std::remove_reference<float&>::type&)
0 9305506
fn=float&& std::__pair_get<0ul>::__move_get<float, int>(std::pair<float, int>&&)
0 6646790
fn=float&& std::forward<float>(std::remove_reference<float>::type&)
0 860519016
fn=float* std::__addressof<float>(float&)
0 14
fn=float* std::__copy_move<false, true, std::random_access_iterator_tag>::__copy_m<float const, float>(float const*, float const*, float*)
0 3030
fn=float* std::__copy_move_a1<false, float const*, float*>(float const*, float const*, float*)
0 1515
fn=float* std::__copy_move_a2<false, float const*, float*>(float const*, float const*, float*)
0 1919
fn=float* std::__copy_move_a<false, __gnu_cxx::__normal_iterator<float const*, std::vector<float, std::allocator<float> > >, float*>(__gnu_cxx::__normal_iterator<float const*, std::vector<float, std::allocator<float> > >, __gnu_cxx::__normal_iterator<float const*, std::vector<float, std::allocator<float> > >, float*)
0 3434
fn=float* std::__fill_n_a<float*, unsigned long, float>(float*, unsigned long, float const&, std::random_access_iterator_tag)
0 48
fn=float* std::__niter_base<float*>(float*)
0 707
fn=float* std::__niter_wrap<float*>(float* const&, float*)
0 808
fn=float* std::__uninitialized_copy<true>::__uninit_copy<__gnu_cxx::__normal_iterator<float const*, std::vector<float, std::allocator<float> > >, float*>(__gnu_cxx::__normal_iterator<float const*, std::vector<float, std::allocator<float> > >, __gnu_cxx::__normal_iterator<float const*, std::vector<float, std::allocator<float> > >, float*)
0 1515
fn=float* std::__uninitialized_copy_a<__gnu_cxx::__normal_iterator<float const*, std::vector<float, std::allocator<float> > >, float*, float>(__gnu_cxx::__normal_iterator<float const*, std::vector<float, std::allocator<float> > >, __gnu_cxx::__normal_iterator<float const*, std::vector<float, std::allocator<float> > >, float*, std::allocator<float>&)
0 2020
fn=float* std::__uninitialized_default_n<float*, unsigned long>(float*, unsigned long)
0 36
fn=float* std::__uninitialized_default_n_1<true>::__uninit_default_n<float*, unsigned long>(float*, unsigned long)
0 54
fn=float* std::__uninitialized_default_n_a<float*, unsigned long, float>(float*, unsigned long, std::allocator<float>&)
0 28
fn=float* std::copy<__gnu_cxx::__normal_iterator<float const*, std::vector<float, std::allocator<float> > >, float*>(__gnu_cxx::__normal_iterator<float const*, std::vector<float, std::allocator<float> > >, __gnu_cxx::__normal_iterator<float const*, std::vector<float, std::allocator<float> > >, float*)
0 2424
fn=float* std::fill_n<float*, unsigned long, float>(float*, unsigned long, float const&)
0 38
fn=float* std::uninitialized_copy<__gnu_cxx::__normal_iterator<float const*, std::vector<float, std::allocator<float> > >, float*>(__gnu_cxx::__normal_iterator<float const*, std::vector<float, std::allocator<float> > >, __gnu_cxx::__normal_iterator<float const*, std::vector<float, std::allocator<float> > >, float*)
0 1717
fn=float* std::vector<float, std::allocator<float> >::_M_allocate_and_copy<__gnu_cxx::__normal_iterator<float const*, std::vector<float, std::allocator<float> > > >(unsigned long, __gnu_cxx::__normal_iterator<float const*, std::vector<float, std::allocator<float> > >, __gnu_cxx::__normal_iterator<float const*, std::vector<float, std::allocator<float> > >)
0 29
fn=float* std::vector<float, std::allocator<float> >::_M_data_ptr<float>(float*) const
0 808
fn=int const& std::__detail::_Identity::operator()<int const&>(int const&) const
0 20900
fn=int const& std::forward<int const&>(std::remove_reference<int const&>::type&)
0 4656596
fn=int const& std::min<int>(int const&, int const&)
0 140000
fn=int const* std::__niter_base<int const*, std::vector<int, std::allocator<int> > >(__gnu_cxx::__normal_iterator<int const*, std::vector<int, std::allocator<int> > >)
0 229548
fn=int& std::__detail::_ConvertToValueType<std::__detail::_Identity, int>::operator()<int&>(int&) const
0 11000
fn=int& std::__detail::_Identity::operator()<int&>(int&) const
0 11000
fn=int& std::forward<int&>(std::remove_reference<int&>::type&)
0 153946394
fn=int&& std::__pair_get<1ul>::__move_get<float, int>(std::pair<float, int>&&)
0 7311469
fn=int&& std::forward<int>(std::remove_reference<int>::type&)
0 715969128
fn=int* std::__addressof<int>(int&)
0 14
fn=int* std::__copy_move<false, true, std::random_access_iterator_tag>::__copy_m<int const, int>(int const*, int const*, int*)
0 313016
fn=int* std::__copy_move<true, true, std::random_access_iterator_tag>::__copy_m<int, int>(int*, int*, int*)
0 48
fn=int* std::__copy_move_a1<false, int const*, int*>(int const*, int const*, int*)
0 156510
fn=int* std::__copy_move_a1<true, int*, int*>(int*, int*, int*)
0 30
fn=int* std::__copy_move_a2<false, int const*, int*>(int const*, int const*, int*)
0 198246
fn=int* std::__copy_move_a2<true, int*, int*>(int*, int*, int*)
0 38
fn=int* std::__copy_move_a<false, __gnu_cxx::__normal_iterator<int const*, std::vector<int, std::allocator<int> > >, int*>(__gnu_cxx::__normal_iterator<int const*, std::vector<int, std::allocator<int> > >, __gnu_cxx::__normal_iterator<int const*, std::vector<int, std::allocator<int> > >, int*)
0 354688
fn=int* std::__copy_move_a<true, int*, int*>(int*, int*, int*)
0 68
fn=int* std::__fill_n_a<int*, unsigned long, int>(int*, unsigned long, int const&, std::random_access_iterator_tag)
0 72
fn=int* std::__miter_base<int*>(int*)
0 28
fn=int* std::__niter_base<int*, std::vector<int, std::allocator<int> > >(__gnu_cxx::__normal_iterator<int*, std::vector<int, std::allocator<int> > >)
0 44
fn=int* std::__niter_base<int*>(int*)
0 297325
fn=int* std::__niter_wrap<int*>(int* const&, int*)
0 83472
fn=int* std::__relocate_a<int*, int*, std::allocator<int> >(int*, int*, int*, std::allocator<int>&)
0 341728
fn=int* std::__uninitialized_copy<true>::__uninit_copy<__gnu_cxx::__normal_iterator<int const*, std::vector<int, std::allocator<int> > >, int*>(__gnu_cxx::__normal_iterator<int const*, std::vector<int, std::allocator<int> > >, __gnu_cxx::__normal_iterator<int const*, std::vector<int, std::allocator<int> > >, int*)
0 156480
fn=int* std::__uninitialized_copy<true>::__uninit_copy<std::move_iterator<int*>, int*>(std::move_iterator<int*>, std::move_iterator<int*>, int*)
0 30
fn=int* std::__uninitialized_copy_a<__gnu_cxx::__normal_iterator<int const*, std::vector<int, std::allocator<int> > >, int*, int>(__gnu_cxx::__normal_iterator<int const*, std::vector<int, std::allocator<int> > >, __gnu_cxx::__normal_iterator<int const*, std::vector<int, std::allocator<int> > >, int*, std::allocator<int>&)
0 208640
fn=int* std::__uninitialized_copy_a<std::move_iterator<int*>, int*, int>(std::move_iterator<int*>, std::move_iterator<int*>, int*, std::allocator<int>&)
0 40
fn=int* std::__uninitialized_default_n<int*, unsigned long>(int*, unsigned long)
0 36
fn=int* std::__uninitialized_default_n_1<true>::__uninit_default_n<int*, unsigned long>(int*, unsigned long)
0 54
fn=int* std::__uninitialized_default_n_a<int*, unsigned long, int>(int*, unsigned long, std::allocator<int>&)
0 28
fn=int* std::__uninitialized_fill_n<true>::__uninit_fill_n<int*, unsigned long, int>(int*, unsigned long, int const&)
0 15
fn=int* std::__uninitialized_fill_n_a<int*, unsigned long, int, int>(int*, unsigned long, int const&, std::allocator<int>&)
0 20
fn=int* std::__uninitialized_move_if_noexcept_a<int*, int*, std::allocator<int> >(int*, int*, int*, std::allocator<int>&)
0 52
fn=int* std::copy<__gnu_cxx::__normal_iterator<int const*, std::vector<int, std::allocator<int> > >, int*>(__gnu_cxx::__normal_iterator<int const*, std::vector<int, std::allocator<int> > >, __gnu_cxx::__normal_iterator<int const*, std::vector<int, std::allocator<int> > >, int*)
0 250368
fn=int* std::copy<std::move_iterator<int*>, int*>(std::move_iterator<int*>, std::move_iterator<int*>, int*)
0 48
fn=int* std::fill_n<int*, unsigned long, int>(int*, unsigned long, int const&)
0 57
fn=int* std::uninitialized_copy<__gnu_cxx::__normal_iterator<int const*, std::vector<int, std::allocator<int> > >, int*>(__gnu_cxx::__normal_iterator<int const*, std::vector<int, std::allocator<int> > >, __gnu_cxx::__normal_iterator<int const*, std::vector<int, std::allocator<int> > >, int*)
0 177344
fn=int* std::uninitialized_copy<std::move_iterator<int*>, int*>(std::move_iterator<int*>, std::move_iterator<int*>, int*)
0 34
fn=int* std::uninitialized_fill_n<int*, unsigned long, int>(int*, unsigned long, int const&)
0 16
fn=int* std::vector<int, std::allocator<int> >::_M_allocate_and_copy<__gnu_cxx::__normal_iterator<int const*, std::vector<int, std::allocator<int> > > >(unsigned long, __gnu_cxx::__normal_iterator<int const*, std::vector<int, std::allocator<int> > >, __gnu_cxx::__normal_iterator<int const*, std::vector<int, std::allocator<int> > >)
0 299628
fn=int* std::vector<int, std::allocator<int> >::_M_data_ptr<int>(int*) const
0 54400
fn=load_base(global::DataSetInfo const&)
0 25600088
fn=load_labels(global::DataSetInfo const&)
0 23497
fn=load_samples(global::DataSetInfo const&)
0 259502
fn=main
0 9
fn=operator delete(void*)
0 4960664
fn=operator delete(void*, unsigned long)
0 4960662
fn=operator delete[](void*)
0 2
fn=operator new(unsigned long)
0 39685312
fn=operator new(unsigned long, void*)
0 362175576
fn=operator new[](unsigned long)
0 2
fn=run(global::DataSetInfo const&)
0 32362
fn=save_res(std::vector<std::vector<int, std::allocator<int> >, std::allocator<std::vector<int, std::allocator<int> > > > const&)
0 22633
fn=std::_Bit_const_iterator std::__miter_base<std::_Bit_const_iterator>(std::_Bit_const_iterator)
0 570
fn=std::_Bit_const_iterator std::__niter_base<std::_Bit_const_iterator>(std::_Bit_const_iterator)
0 570
fn=std::_Bit_const_iterator::_Bit_const_iterator(std::_Bit_iterator const&)
0 174930
fn=std::_Bit_const_iterator::_Bit_const_iterator(unsigned long*, unsigned int)
0 164944
fn=std::_Bit_const_iterator::_M_const_cast() const
0 513
fn=std::_Bit_iterator std::__copy_move<false, false, std::random_access_iterator_tag>::__copy_m<std::_Bit_const_iterator, std::_Bit_iterator>(std::_Bit_const_iterator, std::_Bit_const_iterator, std::_Bit_iterator)
0 741
fn=std::_Bit_iterator std::__copy_move<false, false, std::random_access_iterator_tag>::__copy_m<std::_Bit_iterator, std::_Bit_iterator>(std::_Bit_iterator, std::_Bit_iterator, std::_Bit_iterator)
0 741
fn=std::_Bit_iterator std::__copy_move_a1<false, std::_Bit_const_iterator, std::_Bit_iterator>(std::_Bit_const_iterator, std::_Bit_const_iterator, std::_Bit_iterator)
0 627
fn=std::_Bit_iterator std::__copy_move_a1<false, std::_Bit_iterator, std::_Bit_iterator>(std::_Bit_iterator, std::_Bit_iterator, std::_Bit_iterator)
0 627
fn=std::_Bit_iterator std::__copy_move_a2<false, std::_Bit_const_iterator, std::_Bit_iterator>(std::_Bit_const_iterator, std::_Bit_const_iterator, std::_Bit_iterator)
0 703
fn=std::_Bit_iterator std::__copy_move_a2<false, std::_Bit_iterator, std::_Bit_iterator>(std::_Bit_iterator, std::_Bit_iterator, std::_Bit_iterator)
0 703
fn=std::_Bit_iterator std::__copy_move_a<false, std::_Bit_const_iterator, std::_Bit_iterator>(std::_Bit_const_iterator, std::_Bit_const_iterator, std::_Bit_iterator)
0 1178
fn=std::_Bit_iterator std::__copy_move_a<false, std::_Bit_iterator, std::_Bit_iterator>(std::_Bit_iterator, std::_Bit_iterator, std::_Bit_iterator)
0 1178
fn=std::_Bit_iterator std::__miter_base<std::_Bit_iterator>(std::_Bit_iterator)
0 570
fn=std::_Bit_iterator std::__niter_base<std::_Bit_iterator>(std::_Bit_iterator)
0 1140
fn=std::_Bit_iterator std::__niter_wrap<std::_Bit_iterator>(std::_Bit_iterator const&, std::_Bit_iterator)
0 608
fn=std::_Bit_iterator std::copy<std::_Bit_const_iterator, std::_Bit_iterator>(std::_Bit_const_iterator, std::_Bit_const_iterator, std::_Bit_iterator)
0 893
fn=std::_Bit_iterator std::copy<std::_Bit_iterator, std::_Bit_iterator>(std::_Bit_iterator, std::_Bit_iterator, std::_Bit_iterator)
0 893
fn=std::_Bit_iterator::_Bit_iterator()
0 494
fn=std::_Bit_iterator::_Bit_iterator(unsigned long*, unsigned int)
0 515765376
fn=std::_Bit_iterator::operator*() const
0 1063418631
fn=std::_Bit_iterator::operator+=(long)
0 451148096
fn=std::_Bit_iterator::operator[](long) const
0 773395368
fn=std::_Bit_iterator_base::_Bit_iterator_base(unsigned long*, unsigned int)
0 483839595
fn=std::_Bit_iterator_base::_M_incr(long)
0 1482343744
fn=std::_Bit_reference::_Bit_reference(unsigned long*, unsigned long)
0 483372105
fn=std::_Bit_reference::operator bool() const
0 441841792
fn=std::_Bit_reference::operator=(bool)
0 13958259
fn=std::_Bvector_base<std::allocator<bool> >::_Bvector_impl::_M_end_addr() const
0 570
fn=std::_Bvector_base<std::allocator<bool> >::_Bvector_impl::~_Bvector_impl()
0 190
fn=std::_Bvector_base<std::allocator<bool> >::_Bvector_impl_data::_Bvector_impl_data()
0 323
fn=std::_Bvector_base<std::allocator<bool> >::_Bvector_impl_data::_M_reset()
0 589
fn=std::_Bvector_base<std::allocator<bool> >::_M_allocate(unsigned long)
0 760
fn=std::_Bvector_base<std::allocator<bool> >::_M_deallocate()
0 1216
fn=std::_Bvector_base<std::allocator<bool> >::_M_get_Bit_allocator() const
0 266
fn=std::_Bvector_base<std::allocator<bool> >::_S_nword(unsigned long)
0 342
fn=std::_Bvector_base<std::allocator<bool> >::~_Bvector_base()
0 266
fn=std::_Enable_default_constructor<true, std::__detail::_Hash_node_base>::_Enable_default_constructor(std::_Enable_default_constructor_tag)
0 700
fn=std::_Hashtable<int, int, std::allocator<int>, std::__detail::_Identity, std::equal_to<int>, std::hash<int>, std::__detail::_Mod_range_hashing, std::__detail::_Default_ranged_hash, std::__detail::_Prime_rehash_policy, std::__detail::_Hashtable_traits<false, true, true> >::_Hashtable(std::hash<int> const&, std::equal_to<int> const&, std::allocator<int> const&)
0 5800
fn=std::_Hashtable<int, int, std::allocator<int>, std::__detail::_Identity, std::equal_to<int>, std::hash<int>, std::__detail::_Mod_range_hashing, std::__detail::_Default_ranged_hash, std::__detail::_Prime_rehash_policy, std::__detail::_Hashtable_traits<false, true, true> >::_Hashtable(unsigned long, std::hash<int> const&, std::equal_to<int> const&, std::allocator<int> const&)
0 3100
fn=std::_Hashtable<int, int, std::allocator<int>, std::__detail::_Identity, std::equal_to<int>, std::hash<int>, std::__detail::_Mod_range_hashing, std::__detail::_Default_ranged_hash, std::__detail::_Prime_rehash_policy, std::__detail::_Hashtable_traits<false, true, true> >::_Hashtable<__gnu_cxx::__normal_iterator<int*, std::vector<int, std::allocator<int> > > >(__gnu_cxx::__normal_iterator<int*, std::vector<int, std::allocator<int> > >, __gnu_cxx::__normal_iterator<int*, std::vector<int, std::allocator<int> > >, unsigned long, std::hash<int> const&, std::equal_to<int> const&, std::allocator<int> const&)
0 2600
fn=std::_Hashtable<int, int, std::allocator<int>, std::__detail::_Identity, std::equal_to<int>, std::hash<int>, std::__detail::_Mod_range_hashing, std::__detail::_Default_ranged_hash, std::__detail::_Prime_rehash_policy, std::__detail::_Hashtable_traits<false, true, true> >::_Hashtable<__gnu_cxx::__normal_iterator<int*, std::vector<int, std::allocator<int> > > >(__gnu_cxx::__normal_iterator<int*, std::vector<int, std::allocator<int> > >, __gnu_cxx::__normal_iterator<int*, std::vector<int, std::allocator<int> > >, unsigned long, std::hash<int> const&, std::equal_to<int> const&, std::allocator<int> const&, std::integral_constant<bool, true>)
0 2900
fn=std::_Hashtable<int, int, std::allocator<int>, std::__detail::_Identity, std::equal_to<int>, std::hash<int>, std::__detail::_Mod_range_hashing, std::__detail::_Default_ranged_hash, std::__detail::_Prime_rehash_policy, std::__detail::_Hashtable_traits<false, true, true> >::_M_allocate_buckets(unsigned long)
0 1900
fn=std::_Hashtable<int, int, std::allocator<int>, std::__detail::_Identity, std::equal_to<int>, std::hash<int>, std::__detail::_Mod_range_hashing, std::__detail::_Default_ranged_hash, std::__detail::_Prime_rehash_policy, std::__detail::_Hashtable_traits<false, true, true> >::_M_begin() const
0 2400
fn=std::_Hashtable<int, int, std::allocator<int>, std::__detail::_Identity, std::equal_to<int>, std::hash<int>, std::__detail::_Mod_range_hashing, std::__detail::_Default_ranged_hash, std::__detail::_Prime_rehash_policy, std::__detail::_Hashtable_traits<false, true, true> >::_M_bucket_index(std::__detail::_Hash_node_value<int, false> const&) const
0 13500
fn=std::_Hashtable<int, int, std::allocator<int>, std::__detail::_Identity, std::equal_to<int>, std::hash<int>, std::__detail::_Mod_range_hashing, std::__detail::_Default_ranged_hash, std::__detail::_Prime_rehash_policy, std::__detail::_Hashtable_traits<false, true, true> >::_M_bucket_index(unsigned long) const
0 31500
fn=std::_Hashtable<int, int, std::allocator<int>, std::__detail::_Identity, std::equal_to<int>, std::hash<int>, std::__detail::_Mod_range_hashing, std::__detail::_Default_ranged_hash, std::__detail::_Prime_rehash_policy, std::__detail::_Hashtable_traits<false, true, true> >::_M_deallocate_buckets()
0 3200
fn=std::_Hashtable<int, int, std::allocator<int>, std::__detail::_Identity, std::equal_to<int>, std::hash<int>, std::__detail::_Mod_range_hashing, std::__detail::_Default_ranged_hash, std::__detail::_Prime_rehash_policy, std::__detail::_Hashtable_traits<false, true, true> >::_M_deallocate_buckets(std::__detail::_Hash_node_base**, unsigned long)
0 4000
fn=std::_Hashtable<int, int, std::allocator<int>, std::__detail::_Identity, std::equal_to<int>, std::hash<int>, std::__detail::_Mod_range_hashing, std::__detail::_Default_ranged_hash, std::__detail::_Prime_rehash_policy, std::__detail::_Hashtable_traits<false, true, true> >::_M_find_before_node(unsigned long, int const&, unsigned long) const
0 33000
fn=std::_Hashtable<int, int, std::allocator<int>, std::__detail::_Identity, std::equal_to<int>, std::hash<int>, std::__detail::_Mod_range_hashing, std::__detail::_Default_ranged_hash, std::__detail::_Prime_rehash_policy, std::__detail::_Hashtable_traits<false, true, true> >::_M_find_node(unsigned long, int const&, unsigned long) const
0 22000
fn=std::_Hashtable<int, int, std::allocator<int>, std::__detail::_Identity, std::equal_to<int>, std::hash<int>, std::__detail::_Mod_range_hashing, std::__detail::_Default_ranged_hash, std::__detail::_Prime_rehash_policy, std::__detail::_Hashtable_traits<false, true, true> >::_M_insert_bucket_begin(unsigned long, std::__detail::_Hash_node<int, false>*)
0 54600
fn=std::_Hashtable<int, int, std::allocator<int>, std::__detail::_Identity, std::equal_to<int>, std::hash<int>, std::__detail::_Mod_range_hashing, std::__detail::_Default_ranged_hash, std::__detail::_Prime_rehash_policy, std::__detail::_Hashtable_traits<false, true, true> >::_M_insert_unique_node(unsigned long, unsigned long, std::__detail::_Hash_node<int, false>*, unsigned long)
0 65200
fn=std::_Hashtable<int, int, std::allocator<int>, std::__detail::_Identity, std::equal_to<int>, std::hash<int>, std::__detail::_Mod_range_hashing, std::__detail::_Default_ranged_hash, std::__detail::_Prime_rehash_policy, std::__detail::_Hashtable_traits<false, true, true> >::_M_rehash(unsigned long, unsigned long const&)
0 1700
fn=std::_Hashtable<int, int, std::allocator<int>, std::__detail::_Identity, std::equal_to<int>, std::hash<int>, std::__detail::_Mod_range_hashing, std::__detail::_Default_ranged_hash, std::__detail::_Prime_rehash_policy, std::__detail::_Hashtable_traits<false, true, true> >::_M_rehash_aux(unsigned long, std::integral_constant<bool, true>)
0 3400
fn=std::_Hashtable<int, int, std::allocator<int>, std::__detail::_Identity, std::equal_to<int>, std::hash<int>, std::__detail::_Mod_range_hashing, std::__detail::_Default_ranged_hash, std::__detail::_Prime_rehash_policy, std::__detail::_Hashtable_traits<false, true, true> >::_M_uses_single_bucket(std::__detail::_Hash_node_base**) const
0 2800
fn=std::_Hashtable<int, int, std::allocator<int>, std::__detail::_Identity, std::equal_to<int>, std::hash<int>, std::__detail::_Mod_range_hashing, std::__detail::_Default_ranged_hash, std::__detail::_Prime_rehash_policy, std::__detail::_Hashtable_traits<false, true, true> >::_Scoped_node::_Scoped_node(std::__detail::_Hash_node<int, false>*, std::__detail::_Hashtable_alloc<std::allocator<std::__detail::_Hash_node<int, false> > >*)
0 15000
fn=std::_Hashtable<int, int, std::allocator<int>, std::__detail::_Identity, std::equal_to<int>, std::hash<int>, std::__detail::_Mod_range_hashing, std::__detail::_Default_ranged_hash, std::__detail::_Prime_rehash_policy, std::__detail::_Hashtable_traits<false, true, true> >::_Scoped_node::~_Scoped_node()
0 12000
fn=std::_Hashtable<int, int, std::allocator<int>, std::__detail::_Identity, std::equal_to<int>, std::hash<int>, std::__detail::_Mod_range_hashing, std::__detail::_Default_ranged_hash, std::__detail::_Prime_rehash_policy, std::__detail::_Hashtable_traits<false, true, true> >::__small_size_threshold()
0 18000
fn=std::_Hashtable<int, int, std::allocator<int>, std::__detail::_Identity, std::equal_to<int>, std::hash<int>, std::__detail::_Mod_range_hashing, std::__detail::_Default_ranged_hash, std::__detail::_Prime_rehash_policy, std::__detail::_Hashtable_traits<false, true, true> >::begin()
0 2200
fn=std::_Hashtable<int, int, std::allocator<int>, std::__detail::_Identity, std::equal_to<int>, std::hash<int>, std::__detail::_Mod_range_hashing, std::__detail::_Default_ranged_hash, std::__detail::_Prime_rehash_policy, std::__detail::_Hashtable_traits<false, true, true> >::clear()
0 2800
fn=std::_Hashtable<int, int, std::allocator<int>, std::__detail::_Identity, std::equal_to<int>, std::hash<int>, std::__detail::_Mod_range_hashing, std::__detail::_Default_ranged_hash, std::__detail::_Prime_rehash_policy, std::__detail::_Hashtable_traits<false, true, true> >::count(int const&) const
0 24000
fn=std::_Hashtable<int, int, std::allocator<int>, std::__detail::_Identity, std::equal_to<int>, std::hash<int>, std::__detail::_Mod_range_hashing, std::__detail::_Default_ranged_hash, std::__detail::_Prime_rehash_policy, std::__detail::_Hashtable_traits<false, true, true> >::end()
0 1800
fn=std::_Hashtable<int, int, std::allocator<int>, std::__detail::_Identity, std::equal_to<int>, std::hash<int>, std::__detail::_Mod_range_hashing, std::__detail::_Default_ranged_hash, std::__detail::_Prime_rehash_policy, std::__detail::_Hashtable_traits<false, true, true> >::find(int const&) const
0 49000
fn=std::_Hashtable<int, int, std::allocator<int>, std::__detail::_Identity, std::equal_to<int>, std::hash<int>, std::__detail::_Mod_range_hashing, std::__detail::_Default_ranged_hash, std::__detail::_Prime_rehash_policy, std::__detail::_Hashtable_traits<false, true, true> >::size() const
0 24000
fn=std::_Hashtable<int, int, std::allocator<int>, std::__detail::_Identity, std::equal_to<int>, std::hash<int>, std::__detail::_Mod_range_hashing, std::__detail::_Default_ranged_hash, std::__detail::_Prime_rehash_policy, std::__detail::_Hashtable_traits<false, true, true> >::~_Hashtable()
0 1700
fn=std::_Head_base<0ul, FinalSolution::Sift::Solution::Build(std::vector<float, std::allocator<float> > const&)::{lambda()#1}, false>::_Head_base<FinalSolution::Sift::Solution::Build(std::vector<float, std::allocator<float> > const&)::{lambda()#1}&>(FinalSolution::Sift::Solution::Build(std::vector<float, std::allocator<float> > const&)::{lambda()#1}&)
0 378
fn=std::_Head_base<0ul, FinalSolution::Sift::Solution::Build(std::vector<float, std::allocator<float> > const&)::{lambda()#1}, false>::_M_head(std::_Head_base<0ul, FinalSolution::Sift::Solution::Build(std::vector<float, std::allocator<float> > const&)::{lambda()#1}, false>&)
0 108
fn=std::_Head_base<0ul, std::thread::_State*, false>::_Head_base()
0 162
fn=std::_Head_base<0ul, std::thread::_State*, false>::_M_head(std::_Head_base<0ul, std::thread::_State*, false>&)
0 252
fn=std::_Head_base<1ul, std::default_delete<std::thread::_State>, true>::_Head_base()
0 126
fn=std::_Tuple_impl<0ul, FinalSolution::Sift::Solution::Build(std::vector<float, std::allocator<float> > const&)::{lambda()#1}>::_M_head(std::_Tuple_impl<0ul, FinalSolution::Sift::Solution::Build(std::vector<float, std::allocator<float> > const&)::{lambda()#1}>&)
0 162
fn=std::_Tuple_impl<0ul, FinalSolution::Sift::Solution::Build(std::vector<float, std::allocator<float> > const&)::{lambda()#1}>::_Tuple_impl<FinalSolution::Sift::Solution::Build(std::vector<float, std::allocator<float> > const&)::{lambda()#1}&>(FinalSolution::Sift::Solution::Build(std::vector<float, std::allocator<float> > const&)::{lambda()#1}&)
0 306
fn=std::_Tuple_impl<0ul, std::thread::_State*, std::default_delete<std::thread::_State> >::_M_head(std::_Tuple_impl<0ul, std::thread::_State*, std::default_delete<std::thread::_State> >&)
0 360
fn=std::_Tuple_impl<0ul, std::thread::_State*, std::default_delete<std::thread::_State> >::_Tuple_impl()
0 252
fn=std::_Tuple_impl<1ul, std::default_delete<std::thread::_State> >::_Tuple_impl()
0 198
fn=std::_Vector_base<FinalSolution::Sift::Solution::Node, std::allocator<FinalSolution::Sift::Solution::Node> >::_M_allocate(unsigned long)
0 36
fn=std::_Vector_base<FinalSolution::Sift::Solution::Node, std::allocator<FinalSolution::Sift::Solution::Node> >::_M_deallocate(FinalSolution::Sift::Solution::Node*, unsigned long)
0 46
fn=std::_Vector_base<FinalSolution::Sift::Solution::Node, std::allocator<FinalSolution::Sift::Solution::Node> >::_M_get_Tp_allocator()
0 21
fn=std::_Vector_base<FinalSolution::Sift::Solution::Node, std::allocator<FinalSolution::Sift::Solution::Node> >::_M_get_Tp_allocator() const
0 28
fn=std::_Vector_base<FinalSolution::Sift::Solution::Node, std::allocator<FinalSolution::Sift::Solution::Node> >::_Vector_base()
0 11
fn=std::_Vector_base<FinalSolution::Sift::Solution::Node, std::allocator<FinalSolution::Sift::Solution::Node> >::_Vector_impl::_Vector_impl()
0 17
fn=std::_Vector_base<FinalSolution::Sift::Solution::Node, std::allocator<FinalSolution::Sift::Solution::Node> >::_Vector_impl::~_Vector_impl()
0 10
fn=std::_Vector_base<FinalSolution::Sift::Solution::Node, std::allocator<FinalSolution::Sift::Solution::Node> >::_Vector_impl_data::_Vector_impl_data()
0 13
fn=std::_Vector_base<FinalSolution::Sift::Solution::Node, std::allocator<FinalSolution::Sift::Solution::Node> >::~_Vector_base()
0 25
fn=std::_Vector_base<float, std::allocator<float> >::_M_allocate(unsigned long)
0 3708
fn=std::_Vector_base<float, std::allocator<float> >::_M_create_storage(unsigned long)
0 2754
fn=std::_Vector_base<float, std::allocator<float> >::_M_deallocate(float*, unsigned long)
0 3514
fn=std::_Vector_base<float, std::allocator<float> >::_M_get_Tp_allocator()
0 1449
fn=std::_Vector_base<float, std::allocator<float> >::_M_get_Tp_allocator() const
0 700
fn=std::_Vector_base<float, std::allocator<float> >::_Vector_base()
0 11
fn=std::_Vector_base<float, std::allocator<float> >::_Vector_base(unsigned long, std::allocator<float> const&)
0 2244
fn=std::_Vector_base<float, std::allocator<float> >::_Vector_impl::_Vector_impl()
0 17
fn=std::_Vector_base<float, std::allocator<float> >::_Vector_impl::_Vector_impl(std::allocator<float> const&)
0 2244
fn=std::_Vector_base<float, std::allocator<float> >::_Vector_impl::~_Vector_impl()
0 1030
fn=std::_Vector_base<float, std::allocator<float> >::_Vector_impl_data::_Vector_impl_data()
0 1339
fn=std::_Vector_base<float, std::allocator<float> >::~_Vector_base()
0 2575
fn=std::_Vector_base<int, std::allocator<int> >::_M_allocate(unsigned long)
0 753876
fn=std::_Vector_base<int, std::allocator<int> >::_M_create_storage(unsigned long)
0 2727
fn=std::_Vector_base<int, std::allocator<int> >::_M_deallocate(int*, unsigned long)
0 960034
fn=std::_Vector_base<int, std::allocator<int> >::_M_get_Tp_allocator()
0 365554
fn=std::_Vector_base<int, std::allocator<int> >::_M_get_Tp_allocator() const
0 75488
fn=std::_Vector_base<int, std::allocator<int> >::_Vector_base()
0 113696
fn=std::_Vector_base<int, std::allocator<int> >::_Vector_base(unsigned long, std::allocator<int> const&)
0 2222
fn=std::_Vector_base<int, std::allocator<int> >::_Vector_impl::_Vector_impl()
0 175712
fn=std::_Vector_base<int, std::allocator<int> >::_Vector_impl::_Vector_impl(std::allocator<int> const&)
0 2222
fn=std::_Vector_base<int, std::allocator<int> >::_Vector_impl::~_Vector_impl()
0 207710
fn=std::_Vector_base<int, std::allocator<int> >::_Vector_impl_data::_Vector_impl_data()
0 135681
fn=std::_Vector_base<int, std::allocator<int> >::~_Vector_base()
0 519275
fn=std::_Vector_base<std::mutex, std::allocator<std::mutex> >::_M_allocate(unsigned long)
0 36
fn=std::_Vector_base<std::mutex, std::allocator<std::mutex> >::_M_create_storage(unsigned long)
0 30
fn=std::_Vector_base<std::mutex, std::allocator<std::mutex> >::_M_deallocate(std::mutex*, unsigned long)
0 34
fn=std::_Vector_base<std::mutex, std::allocator<std::mutex> >::_M_get_Tp_allocator()
0 14
fn=std::_Vector_base<std::mutex, std::allocator<std::mutex> >::_Vector_base(unsigned long, std::allocator<std::mutex> const&)
0 22
fn=std::_Vector_base<std::mutex, std::allocator<std::mutex> >::_Vector_impl::_Vector_impl(std::allocator<std::mutex> const&)
0 22
fn=std::_Vector_base<std::mutex, std::allocator<std::mutex> >::_Vector_impl::~_Vector_impl()
0 10
fn=std::_Vector_base<std::mutex, std::allocator<std::mutex> >::_Vector_impl_data::_Vector_impl_data()
0 13
fn=std::_Vector_base<std::mutex, std::allocator<std::mutex> >::~_Vector_base()
0 26
fn=std::_Vector_base<std::pair<float, int>, std::allocator<std::pair<float, int> > >::_M_allocate(unsigned long)
0 88129044
fn=std::_Vector_base<std::pair<float, int>, std::allocator<std::pair<float, int> > >::_M_deallocate(std::pair<float, int>*, unsigned long)
0 87536930
fn=std::_Vector_base<std::pair<float, int>, std::allocator<std::pair<float, int> > >::_M_get_Tp_allocator()
0 36710002
fn=std::_Vector_base<std::pair<float, int>, std::allocator<std::pair<float, int> > >::_M_get_Tp_allocator() const
0 34199368
fn=std::_Vector_base<std::pair<float, int>, std::allocator<std::pair<float, int> > >::_Vector_base()
0 3830508
fn=std::_Vector_base<std::pair<float, int>, std::allocator<std::pair<float, int> > >::_Vector_impl::_Vector_impl()
0 5919876
fn=std::_Vector_base<std::pair<float, int>, std::allocator<std::pair<float, int> > >::_Vector_impl::~_Vector_impl()
0 3586620
fn=std::_Vector_base<std::pair<float, int>, std::allocator<std::pair<float, int> > >::_Vector_impl_data::_Vector_impl_data()
0 4526964
fn=std::_Vector_base<std::pair<float, int>, std::allocator<std::pair<float, int> > >::~_Vector_base()
0 8966550
fn=std::_Vector_base<std::thread, std::allocator<std::thread> >::_M_allocate(unsigned long)
0 216
fn=std::_Vector_base<std::thread, std::allocator<std::thread> >::_M_deallocate(std::thread*, unsigned long)
0 216
fn=std::_Vector_base<std::thread, std::allocator<std::thread> >::_M_get_Tp_allocator()
0 91
fn=std::_Vector_base<std::thread, std::allocator<std::thread> >::_M_get_Tp_allocator() const
0 84
fn=std::_Vector_base<std::thread, std::allocator<std::thread> >::_Vector_impl::~_Vector_impl()
0 10
fn=std::_Vector_base<std::thread, std::allocator<std::thread> >::~_Vector_base()
0 25
fn=std::_Vector_base<std::vector<float, std::allocator<float> >, std::allocator<std::vector<float, std::allocator<float> > > >::_M_allocate(unsigned long)
0 36
fn=std::_Vector_base<std::vector<float, std::allocator<float> >, std::allocator<std::vector<float, std::allocator<float> > > >::_M_create_storage(unsigned long)
0 30
fn=std::_Vector_base<std::vector<float, std::allocator<float> >, std::allocator<std::vector<float, std::allocator<float> > > >::_M_deallocate(std::vector<float, std::allocator<float> >*, unsigned long)
0 34
fn=std::_Vector_base<std::vector<float, std::allocator<float> >, std::allocator<std::vector<float, std::allocator<float> > > >::_M_get_Tp_allocator()
0 14
fn=std::_Vector_base<std::vector<float, std::allocator<float> >, std::allocator<std::vector<float, std::allocator<float> > > >::_Vector_base(unsigned long, std::allocator<std::vector<float, std::allocator<float> > > const&)
0 22
fn=std::_Vector_base<std::vector<float, std::allocator<float> >, std::allocator<std::vector<float, std::allocator<float> > > >::_Vector_impl::_Vector_impl(std::allocator<std::vector<float, std::allocator<float> > > const&)
0 22
fn=std::_Vector_base<std::vector<float, std::allocator<float> >, std::allocator<std::vector<float, std::allocator<float> > > >::_Vector_impl::~_Vector_impl()
0 10
fn=std::_Vector_base<std::vector<float, std::allocator<float> >, std::allocator<std::vector<float, std::allocator<float> > > >::_Vector_impl_data::_Vector_impl_data()
0 13
fn=std::_Vector_base<std::vector<float, std::allocator<float> >, std::allocator<std::vector<float, std::allocator<float> > > >::~_Vector_base()
0 26
fn=std::_Vector_base<std::vector<int, std::allocator<int> >, std::allocator<std::vector<int, std::allocator<int> > > >::_M_allocate(unsigned long)
0 360036
fn=std::_Vector_base<std::vector<int, std::allocator<int> >, std::allocator<std::vector<int, std::allocator<int> > > >::_M_create_storage(unsigned long)
0 30
fn=std::_Vector_base<std::vector<int, std::allocator<int> >, std::allocator<std::vector<int, std::allocator<int> > > >::_M_deallocate(std::vector<int, std::allocator<int> >*, unsigned long)
0 460034
fn=std::_Vector_base<std::vector<int, std::allocator<int> >, std::allocator<std::vector<int, std::allocator<int> > > >::_M_get_Tp_allocator()
0 210014
fn=std::_Vector_base<std::vector<int, std::allocator<int> >, std::allocator<std::vector<int, std::allocator<int> > > >::_M_get_Tp_allocator() const
0 280000
fn=std::_Vector_base<std::vector<int, std::allocator<int> >, std::allocator<std::vector<int, std::allocator<int> > > >::_Vector_base()
0 110000
fn=std::_Vector_base<std::vector<int, std::allocator<int> >, std::allocator<std::vector<int, std::allocator<int> > > >::_Vector_base(unsigned long, std::allocator<std::vector<int, std::allocator<int> > > const&)
0 22
fn=std::_Vector_base<std::vector<int, std::allocator<int> >, std::allocator<std::vector<int, std::allocator<int> > > >::_Vector_impl::_Vector_impl()
0 170000
fn=std::_Vector_base<std::vector<int, std::allocator<int> >, std::allocator<std::vector<int, std::allocator<int> > > >::_Vector_impl::_Vector_impl(std::allocator<std::vector<int, std::allocator<int> > > const&)
0 22
fn=std::_Vector_base<std::vector<int, std::allocator<int> >, std::allocator<std::vector<int, std::allocator<int> > > >::_Vector_impl::~_Vector_impl()
0 100010
fn=std::_Vector_base<std::vector<int, std::allocator<int> >, std::allocator<std::vector<int, std::allocator<int> > > >::_Vector_impl_data::_Vector_impl_data()
0 130013
fn=std::_Vector_base<std::vector<int, std::allocator<int> >, std::allocator<std::vector<int, std::allocator<int> > > >::~_Vector_base()
0 260026
fn=std::_Vector_base<std::vector<std::vector<int, std::allocator<int> >, std::allocator<std::vector<int, std::allocator<int> > > >, std::allocator<std::vector<std::vector<int, std::allocator<int> >, std::allocator<std::vector<int, std::allocator<int> > > > > >::_M_allocate(unsigned long)
0 36
fn=std::_Vector_base<std::vector<std::vector<int, std::allocator<int> >, std::allocator<std::vector<int, std::allocator<int> > > >, std::allocator<std::vector<std::vector<int, std::allocator<int> >, std::allocator<std::vector<int, std::allocator<int> > > > > >::_M_create_storage(unsigned long)
0 30
fn=std::_Vector_base<std::vector<std::vector<int, std::allocator<int> >, std::allocator<std::vector<int, std::allocator<int> > > >, std::allocator<std::vector<std::vector<int, std::allocator<int> >, std::allocator<std::vector<int, std::allocator<int> > > > > >::_M_deallocate(std::vector<std::vector<int, std::allocator<int> >, std::allocator<std::vector<int, std::allocator<int> > > >*, unsigned long)
0 34
fn=std::_Vector_base<std::vector<std::vector<int, std::allocator<int> >, std::allocator<std::vector<int, std::allocator<int> > > >, std::allocator<std::vector<std::vector<int, std::allocator<int> >, std::allocator<std::vector<int, std::allocator<int> > > > > >::_M_get_Tp_allocator()
0 14
fn=std::_Vector_base<std::vector<std::vector<int, std::allocator<int> >, std::allocator<std::vector<int, std::allocator<int> > > >, std::allocator<std::vector<std::vector<int, std::allocator<int> >, std::allocator<std::vector<int, std::allocator<int> > > > > >::_Vector_base(unsigned long, std::allocator<std::vector<std::vector<int, std::allocator<int> >, std::allocator<std::vector<int, std::allocator<int> > > > > const&)
0 22
fn=std::_Vector_base<std::vector<std::vector<int, std::allocator<int> >, std::allocator<std::vector<int, std::allocator<int> > > >, std::allocator<std::vector<std::vector<int, std::allocator<int> >, std::allocator<std::vector<int, std::allocator<int> > > > > >::_Vector_impl::_Vector_impl(std::allocator<std::vector<std::vector<int, std::allocator<int> >, std::allocator<std::vector<int, std::allocator<int> > > > > const&)
0 22
fn=std::_Vector_base<std::vector<std::vector<int, std::allocator<int> >, std::allocator<std::vector<int, std::allocator<int> > > >, std::allocator<std::vector<std::vector<int, std::allocator<int> >, std::allocator<std::vector<int, std::allocator<int> > > > > >::_Vector_impl::~_Vector_impl()
0 10
fn=std::_Vector_base<std::vector<std::vector<int, std::allocator<int> >, std::allocator<std::vector<int, std::allocator<int> > > >, std::allocator<std::vector<std::vector<int, std::allocator<int> >, std::allocator<std::vector<int, std::allocator<int> > > > > >::_Vector_impl_data::_Vector_impl_data()
0 13
fn=std::_Vector_base<std::vector<std::vector<int, std::allocator<int> >, std::allocator<std::vector<int, std::allocator<int> > > >, std::allocator<std::vector<std::vector<int, std::allocator<int> >, std::allocator<std::vector<int, std::allocator<int> > > > > >::~_Vector_base()
0 26
fn=std::_Vector_base<std::vector<unsigned long, std::allocator<unsigned long> >, std::allocator<std::vector<unsigned long, std::allocator<unsigned long> > > >::_M_allocate(unsigned long)
0 36
fn=std::_Vector_base<std::vector<unsigned long, std::allocator<unsigned long> >, std::allocator<std::vector<unsigned long, std::allocator<unsigned long> > > >::_M_create_storage(unsigned long)
0 30
fn=std::_Vector_base<std::vector<unsigned long, std::allocator<unsigned long> >, std::allocator<std::vector<unsigned long, std::allocator<unsigned long> > > >::_M_deallocate(std::vector<unsigned long, std::allocator<unsigned long> >*, unsigned long)
0 34
fn=std::_Vector_base<std::vector<unsigned long, std::allocator<unsigned long> >, std::allocator<std::vector<unsigned long, std::allocator<unsigned long> > > >::_M_get_Tp_allocator()
0 14
fn=std::_Vector_base<std::vector<unsigned long, std::allocator<unsigned long> >, std::allocator<std::vector<unsigned long, std::allocator<unsigned long> > > >::_Vector_base(unsigned long, std::allocator<std::vector<unsigned long, std::allocator<unsigned long> > > const&)
0 22
fn=std::_Vector_base<std::vector<unsigned long, std::allocator<unsigned long> >, std::allocator<std::vector<unsigned long, std::allocator<unsigned long> > > >::_Vector_impl::_Vector_impl(std::allocator<std::vector<unsigned long, std::allocator<unsigned long> > > const&)
0 22
fn=std::_Vector_base<std::vector<unsigned long, std::allocator<unsigned long> >, std::allocator<std::vector<unsigned long, std::allocator<unsigned long> > > >::_Vector_impl::~_Vector_impl()
0 10
fn=std::_Vector_base<std::vector<unsigned long, std::allocator<unsigned long> >, std::allocator<std::vector<unsigned long, std::allocator<unsigned long> > > >::_Vector_impl_data::_Vector_impl_data()
0 13
fn=std::_Vector_base<std::vector<unsigned long, std::allocator<unsigned long> >, std::allocator<std::vector<unsigned long, std::allocator<unsigned long> > > >::~_Vector_base()
0 26
fn=std::_Vector_base<unsigned long, std::allocator<unsigned long> >::_M_allocate(unsigned long)
0 3636
fn=std::_Vector_base<unsigned long, std::allocator<unsigned long> >::_M_create_storage(unsigned long)
0 2727
fn=std::_Vector_base<unsigned long, std::allocator<unsigned long> >::_M_deallocate(unsigned long*, unsigned long)
0 3434
fn=std::_Vector_base<unsigned long, std::allocator<unsigned long> >::_M_get_Tp_allocator()
0 1414
fn=std::_Vector_base<unsigned long, std::allocator<unsigned long> >::_M_get_Tp_allocator() const
0 700
fn=std::_Vector_base<unsigned long, std::allocator<unsigned long> >::_Vector_base(unsigned long, std::allocator<unsigned long> const&)
0 2222
fn=std::_Vector_base<unsigned long, std::allocator<unsigned long> >::_Vector_impl::_Vector_impl(std::allocator<unsigned long> const&)
0 2222
fn=std::_Vector_base<unsigned long, std::allocator<unsigned long> >::_Vector_impl::~_Vector_impl()
0 1010
fn=std::_Vector_base<unsigned long, std::allocator<unsigned long> >::_Vector_impl_data::_Vector_impl_data()
0 1313
fn=std::_Vector_base<unsigned long, std::allocator<unsigned long> >::~_Vector_base()
0 2525
fn=std::__basic_file<char>::__basic_file(pthread_mutex_t*)
0 16
fn=std::__basic_file<char>::close()
0 72
fn=std::__basic_file<char>::fd()
0 3
fn=std::__basic_file<char>::is_open() const
0 96
fn=std::__basic_file<char>::open(char const*, std::_Ios_Openmode, int)
0 125
fn=std::__basic_file<char>::xsputn(char const*, long)
0 27
fn=std::__basic_file<char>::~__basic_file()
0 24
fn=std::__conditional<std::__and_<std::__is_nothrow_invocable<std::hash<int>&, int const&>, std::__not_<std::__is_nothrow_invocable<std::hash<int>&, int&> > >::value>::type<int, int&> std::_Hashtable<int, int, std::allocator<int>, std::__detail::_Identity, std::equal_to<int>, std::hash<int>, std::__detail::_Mod_range_hashing, std::__detail::_Default_ranged_hash, std::__detail::_Prime_rehash_policy, std::__detail::_Hashtable_traits<false, true, true> >::_S_forward_key<int&>(int&)
0 10000
fn=std::__cxx11::basic_string<char, std::char_traits<char>, std::allocator<char> > std::format<double&>(std::basic_format_string<char, std::type_identity<double&>::type>, double&)
0 62
fn=std::__cxx11::basic_string<char, std::char_traits<char>, std::allocator<char> > std::format<double>(std::basic_format_string<char, std::type_identity<double>::type>, double&&)
0 248
fn=std::__cxx11::basic_string<char, std::char_traits<char>, std::allocator<char> > std::format<std::basic_string_view<char, std::char_traits<char> >&>(std::basic_format_string<char, std::type_identity<std::basic_string_view<char, std::char_traits<char> >&>::type>, std::basic_string_view<char, std::char_traits<char> >&)
0 62
fn=std::__cxx11::basic_string<char, std::char_traits<char>, std::allocator<char> >::_Alloc_hider::_Alloc_hider(char*, std::allocator<char> const&)
0 66
fn=std::__cxx11::basic_string<char, std::char_traits<char>, std::allocator<char> >::_Alloc_hider::_Alloc_hider(char*, std::allocator<char>&&)
0 550
fn=std::__cxx11::basic_string<char, std::char_traits<char>, std::allocator<char> >::_Alloc_hider::~_Alloc_hider()
0 250
fn=std::__cxx11::basic_string<char, std::char_traits<char>, std::allocator<char> >::_M_append(char const*, unsigned long)
0 256
fn=std::__cxx11::basic_string<char, std::char_traits<char>, std::allocator<char> >::_M_capacity(unsigned long)
0 143
fn=std::__cxx11::basic_string<char, std::char_traits<char>, std::allocator<char> >::_M_check_length(unsigned long, unsigned long, char const*) const
0 162
fn=std::__cxx11::basic_string<char, std::char_traits<char>, std::allocator<char> >::_M_construct<char const*>(char const*, char const*, std::forward_iterator_tag)::_Guard::_Guard(std::__cxx11::basic_string<char, std::char_traits<char>, std::allocator<char> >*)
0 33
fn=std::__cxx11::basic_string<char, std::char_traits<char>, std::allocator<char> >::_M_construct<char const*>(char const*, char const*, std::forward_iterator_tag)::_Guard::~_Guard()
0 36
fn=std::__cxx11::basic_string<char, std::char_traits<char>, std::allocator<char> >::_M_create(unsigned long&, unsigned long)
0 351
fn=std::__cxx11::basic_string<char, std::char_traits<char>, std::allocator<char> >::_M_data() const
0 760
fn=std::__cxx11::basic_string<char, std::char_traits<char>, std::allocator<char> >::_M_data(char*)
0 209
fn=std::__cxx11::basic_string<char, std::char_traits<char>, std::allocator<char> >::_M_destroy(unsigned long)
0 336
fn=std::__cxx11::basic_string<char, std::char_traits<char>, std::allocator<char> >::_M_dispose()
0 468
fn=std::__cxx11::basic_string<char, std::char_traits<char>, std::allocator<char> >::_M_get_allocator()
0 154
fn=std::__cxx11::basic_string<char, std::char_traits<char>, std::allocator<char> >::_M_get_allocator() const
0 119
fn=std::__cxx11::basic_string<char, std::char_traits<char>, std::allocator<char> >::_M_is_local() const
0 1123
fn=std::__cxx11::basic_string<char, std::char_traits<char>, std::allocator<char> >::_M_length(unsigned long)
0 407
fn=std::__cxx11::basic_string<char, std::char_traits<char>, std::allocator<char> >::_M_local_data()
0 341
fn=std::__cxx11::basic_string<char, std::char_traits<char>, std::allocator<char> >::_M_local_data() const
0 517
fn=std::__cxx11::basic_string<char, std::char_traits<char>, std::allocator<char> >::_M_mutate(unsigned long, unsigned long, char const*, unsigned long)
0 350
fn=std::__cxx11::basic_string<char, std::char_traits<char>, std::allocator<char> >::_M_set_length(unsigned long)
0 930
fn=std::__cxx11::basic_string<char, std::char_traits<char>, std::allocator<char> >::_S_allocate(std::allocator<char>&, unsigned long)
0 280
fn=std::__cxx11::basic_string<char, std::char_traits<char>, std::allocator<char> >::_S_copy(char*, char const*, unsigned long)
0 162
fn=std::__cxx11::basic_string<char, std::char_traits<char>, std::allocator<char> >::_S_copy_chars(char*, char const*, char const*)
0 54
fn=std::__cxx11::basic_string<char, std::char_traits<char>, std::allocator<char> >::_S_to_string_view(std::basic_string_view<char, std::char_traits<char> >)
0 36
fn=std::__cxx11::basic_string<char, std::char_traits<char>, std::allocator<char> >::__sv_wrapper::__sv_wrapper(std::basic_string_view<char, std::char_traits<char> >)
0 54
fn=std::__cxx11::basic_string<char, std::char_traits<char>, std::allocator<char> >::append(char const*, unsigned long)
0 126
fn=std::__cxx11::basic_string<char, std::char_traits<char>, std::allocator<char> >::basic_string()
0 656
fn=std::__cxx11::basic_string<char, std::char_traits<char>, std::allocator<char> >::basic_string(char const*, unsigned long, std::allocator<char> const&)
0 99
fn=std::__cxx11::basic_string<char, std::char_traits<char>, std::allocator<char> >::basic_string(std::__cxx11::basic_string<char, std::char_traits<char>, std::allocator<char> >&&)
0 460
fn=std::__cxx11::basic_string<char, std::char_traits<char>, std::allocator<char> >::basic_string(std::__cxx11::basic_string<char, std::char_traits<char>, std::allocator<char> >::__sv_wrapper, std::allocator<char> const&)
0 90
fn=std::__cxx11::basic_string<char, std::char_traits<char>, std::allocator<char> >::basic_string<std::basic_string_view<char, std::char_traits<char> >, void>(std::basic_string_view<char, std::char_traits<char> > const&, std::allocator<char> const&)
0 108
fn=std::__cxx11::basic_string<char, std::char_traits<char>, std::allocator<char> >::capacity() const
0 154
fn=std::__cxx11::basic_string<char, std::char_traits<char>, std::allocator<char> >::length() const
0 136
fn=std::__cxx11::basic_string<char, std::char_traits<char>, std::allocator<char> >::max_size() const
0 238
fn=std::__cxx11::basic_string<char, std::char_traits<char>, std::allocator<char> >::size() const
0 144
fn=std::__cxx11::basic_string<char, std::char_traits<char>, std::allocator<char> >::~basic_string()
0 350
fn=std::__cxx11::messages<char>::messages(unsigned long)
0 21
fn=std::__cxx11::messages<wchar_t>::messages(unsigned long)
0 21
fn=std::__cxx11::moneypunct<char, false>::_M_initialize_moneypunct(__locale_struct*, char const*)
0 114
fn=std::__cxx11::moneypunct<char, true>::_M_initialize_moneypunct(__locale_struct*, char const*)
0 115
fn=std::__cxx11::moneypunct<wchar_t, false>::_M_initialize_moneypunct(__locale_struct*, char const*)
0 109
fn=std::__cxx11::moneypunct<wchar_t, true>::_M_initialize_moneypunct(__locale_struct*, char const*)
0 109
fn=std::__cxx11::numpunct<char>::_M_initialize_numpunct(__locale_struct*)
0 417
fn=std::__cxx11::numpunct<wchar_t>::_M_initialize_numpunct(__locale_struct*)
0 353
fn=std::__detail::_Adaptor<std::mersenne_twister_engine<unsigned long, 32ul, 624ul, 397ul, 31ul, 2567483615ul, 11ul, 4294967295ul, 7ul, 2636928640ul, 15ul, 4022730752ul, 18ul, 1812433253ul>, double>::_Adaptor(std::mersenne_twister_engine<unsigned long, 32ul, 624ul, 397ul, 31ul, 2567483615ul, 11ul, 4294967295ul, 7ul, 2636928640ul, 15ul, 4022730752ul, 18ul, 1812433253ul>&)
0 110000
fn=std::__detail::_Adaptor<std::mersenne_twister_engine<unsigned long, 32ul, 624ul, 397ul, 31ul, 2567483615ul, 11ul, 4294967295ul, 7ul, 2636928640ul, 15ul, 4022730752ul, 18ul, 1812433253ul>, double>::operator()()
0 110000
fn=std::__detail::_AllocNode<std::allocator<std::__detail::_Hash_node<int, false> > >::_AllocNode(std::__detail::_Hashtable_alloc<std::allocator<std::__detail::_Hash_node<int, false> > >&)
0 1100
fn=std::__detail::_AllocNode<std::allocator<std::__detail::_Hash_node<int, false> > >::__node_type* std::__detail::_NodeBuilder<std::__detail::_Identity>::_S_build<int&, int&, std::__detail::_AllocNode<std::allocator<std::__detail::_Hash_node<int, false> > > >(int&, int&, std::__detail::_AllocNode<std::allocator<std::__detail::_Hash_node<int, false> > > const&)
0 17000
fn=std::__detail::_Hash_code_base<int, int, std::__detail::_Identity, std::hash<int>, std::__detail::_Mod_range_hashing, std::__detail::_Default_ranged_hash, false>::_Hash_code_base(std::hash<int> const&)
0 1400
fn=std::__detail::_Hash_code_base<int, int, std::__detail::_Identity, std::hash<int>, std::__detail::_Mod_range_hashing, std::__detail::_Default_ranged_hash, false>::_M_bucket_index(std::__detail::_Hash_node_value<int, false> const&, unsigned long) const
0 36000
fn=std::__detail::_Hash_code_base<int, int, std::__detail::_Identity, std::hash<int>, std::__detail::_Mod_range_hashing, std::__detail::_Default_ranged_hash, false>::_M_bucket_index(unsigned long, unsigned long) const
0 44100
fn=std::__detail::_Hash_code_base<int, int, std::__detail::_Identity, std::hash<int>, std::__detail::_Mod_range_hashing, std::__detail::_Default_ranged_hash, false>::_M_hash() const
0 29000
fn=std::__detail::_Hash_code_base<int, int, std::__detail::_Identity, std::hash<int>, std::__detail::_Mod_range_hashing, std::__detail::_Default_ranged_hash, false>::_M_hash_code(int const&) const
0 32300
fn=std::__detail::_Hash_code_base<int, int, std::__detail::_Identity, std::hash<int>, std::__detail::_Mod_range_hashing, std::__detail::_Default_ranged_hash, false>::_M_store_code(std::__detail::_Hash_node_code_cache<false>&, unsigned long) const
0 9000
fn=std::__detail::_Hash_node<int, false>* std::_Hashtable<int, int, std::allocator<int>, std::__detail::_Identity, std::equal_to<int>, std::hash<int>, std::__detail::_Mod_range_hashing, std::__detail::_Default_ranged_hash, std::__detail::_Prime_rehash_policy, std::__detail::_Hashtable_traits<false, true, true> >::_M_find_node_tr<int>(unsigned long, int const&, unsigned long) const
0 18000
fn=std::__detail::_Hash_node<int, false>* std::__addressof<std::__detail::_Hash_node<int, false> >(std::__detail::_Hash_node<int, false>&)
0 7000
fn=std::__detail::_Hash_node<int, false>* std::__detail::_AllocNode<std::allocator<std::__detail::_Hash_node<int, false> > >::operator()<int&>(int&) const
0 18000
fn=std::__detail::_Hash_node<int, false>* std::__detail::_Hashtable_alloc<std::allocator<std::__detail::_Hash_node<int, false> > >::_M_allocate_node<int&>(int&)
0 78000
fn=std::__detail::_Hash_node<int, false>* std::__to_address<std::__detail::_Hash_node<int, false> >(std::__detail::_Hash_node<int, false>*)
0 7000
fn=std::__detail::_Hash_node<int, false>* std::addressof<std::__detail::_Hash_node<int, false> >(std::__detail::_Hash_node<int, false>&)
0 10000
fn=std::__detail::_Hash_node<int, false>::_Hash_node()
0 11000
fn=std::__detail::_Hash_node<int, false>::_M_next() const
0 15200
fn=std::__detail::_Hash_node_base* std::_Hashtable<int, int, std::allocator<int>, std::__detail::_Identity, std::equal_to<int>, std::hash<int>, std::__detail::_Mod_range_hashing, std::__detail::_Default_ranged_hash, std::__detail::_Prime_rehash_policy, std::__detail::_Hashtable_traits<false, true, true> >::_M_find_before_node_tr<int>(unsigned long, int const&, unsigned long) const
0 18900
fn=std::__detail::_Hash_node_base** std::__addressof<std::__detail::_Hash_node_base*>(std::__detail::_Hash_node_base*&)
0 700
fn=std::__detail::_Hash_node_base** std::__to_address<std::__detail::_Hash_node_base*>(std::__detail::_Hash_node_base**)
0 700
fn=std::__detail::_Hash_node_base** std::addressof<std::__detail::_Hash_node_base*>(std::__detail::_Hash_node_base*&)
0 1000
fn=std::__detail::_Hash_node_base::_Hash_node_base()
0 9900
fn=std::__detail::_Hashtable_alloc<std::allocator<std::__detail::_Hash_node<int, false> > >::_Hashtable_alloc<std::allocator<std::__detail::_Hash_node<int, false> > >(std::allocator<std::__detail::_Hash_node<int, false> >&&)
0 1700
fn=std::__detail::_Hashtable_alloc<std::allocator<std::__detail::_Hash_node<int, false> > >::_M_allocate_buckets(unsigned long)
0 5200
fn=std::__detail::_Hashtable_alloc<std::allocator<std::__detail::_Hash_node<int, false> > >::_M_deallocate_buckets(std::__detail::_Hash_node_base**, unsigned long)
0 4900
fn=std::__detail::_Hashtable_alloc<std::allocator<std::__detail::_Hash_node<int, false> > >::_M_deallocate_node(std::__detail::_Hash_node<int, false>*)
0 33000
fn=std::__detail::_Hashtable_alloc<std::allocator<std::__detail::_Hash_node<int, false> > >::_M_deallocate_node_ptr(std::__detail::_Hash_node<int, false>*)
0 36000
fn=std::__detail::_Hashtable_alloc<std::allocator<std::__detail::_Hash_node<int, false> > >::_M_deallocate_nodes(std::__detail::_Hash_node<int, false>*)
0 14300
fn=std::__detail::_Hashtable_alloc<std::allocator<std::__detail::_Hash_node<int, false> > >::_M_node_allocator()
0 42000
fn=std::__detail::_Hashtable_alloc<std::allocator<std::__detail::_Hash_node<int, false> > >::~_Hashtable_alloc()
0 1100
fn=std::__detail::_Hashtable_base<int, int, std::__detail::_Identity, std::equal_to<int>, std::hash<int>, std::__detail::_Mod_range_hashing, std::__detail::_Default_ranged_hash, std::__detail::_Hashtable_traits<false, true, true> >::_Hashtable_base(std::hash<int> const&, std::equal_to<int> const&)
0 2000
fn=std::__detail::_Hashtable_base<int, int, std::__detail::_Identity, std::equal_to<int>, std::hash<int>, std::__detail::_Mod_range_hashing, std::__detail::_Default_ranged_hash, std::__detail::_Hashtable_traits<false, true, true> >::_M_eq() const
0 10000
fn=std::__detail::_Hashtable_base<int, int, std::__detail::_Identity, std::equal_to<int>, std::hash<int>, std::__detail::_Mod_range_hashing, std::__detail::_Default_ranged_hash, std::__detail::_Hashtable_traits<false, true, true> >::_M_equals(int const&, unsigned long, std::__detail::_Hash_node_value<int, false> const&) const
0 27000
fn=std::__detail::_Hashtable_base<int, int, std::__detail::_Identity, std::equal_to<int>, std::hash<int>, std::__detail::_Mod_range_hashing, std::__detail::_Default_ranged_hash, std::__detail::_Hashtable_traits<false, true, true> >::_M_key_equals(int const&, std::__detail::_Hash_node_value<int, false> const&) const
0 40000
fn=std::__detail::_Hashtable_base<int, int, std::__detail::_Identity, std::equal_to<int>, std::hash<int>, std::__detail::_Mod_range_hashing, std::__detail::_Default_ranged_hash, std::__detail::_Hashtable_traits<false, true, true> >::_S_equals(unsigned long, std::__detail::_Hash_node_code_cache<false> const&)
0 8000
fn=std::__detail::_Hashtable_ebo_helper<0, std::allocator<std::__detail::_Hash_node<int, false> >, true>::_Hashtable_ebo_helper<std::allocator<std::__detail::_Hash_node<int, false> > >(std::allocator<std::__detail::_Hash_node<int, false> >&&)
0 2100
fn=std::__detail::_Hashtable_ebo_helper<0, std::allocator<std::__detail::_Hash_node<int, false> >, true>::_M_get()
0 29400
fn=std::__detail::_Hashtable_ebo_helper<0, std::allocator<std::__detail::_Hash_node<int, false> >, true>::~_Hashtable_ebo_helper()
0 1000
fn=std::__detail::_Hashtable_ebo_helper<0, std::equal_to<int>, true>::_Hashtable_ebo_helper<std::equal_to<int> const&>(std::equal_to<int> const&)
0 1200
fn=std::__detail::_Hashtable_ebo_helper<0, std::equal_to<int>, true>::_M_cget() const
0 7000
fn=std::__detail::_Hashtable_ebo_helper<1, std::hash<int>, true>::_Hashtable_ebo_helper<std::hash<int> const&>(std::hash<int> const&)
0 1200
fn=std::__detail::_Hashtable_ebo_helper<1, std::hash<int>, true>::_M_cget() const
0 20300
fn=std::__detail::_Hashtable_hash_traits<std::hash<int> >::__small_size_threshold()
0 18000
fn=std::__detail::_Insert_base<int, int, std::allocator<int>, std::__detail::_Identity, std::equal_to<int>, std::hash<int>, std::__detail::_Mod_range_hashing, std::__detail::_Default_ranged_hash, std::__detail::_Prime_rehash_policy, std::__detail::_Hashtable_traits<false, true, true> >::_M_conjure_hashtable()
0 1400
fn=std::__detail::_Mod<unsigned long, 4294967296ul, 1ul, 0ul, true, true>::__calc(unsigned long)
0 13728
fn=std::__detail::_Mod<unsigned long, 624ul, 1ul, 0ul, true, true>::__calc(unsigned long)
0 24920
fn=std::__detail::_Mod_range_hashing::operator()(unsigned long, unsigned long) const
0 36000
fn=std::__detail::_Node_const_iterator<int, true, false>::_Node_const_iterator(std::__detail::_Hash_node<int, false>*)
0 14000
fn=std::__detail::_Node_iterator<int, true, false>& std::forward<std::__detail::_Node_iterator<int, true, false>&>(std::remove_reference<std::__detail::_Node_iterator<int, true, false>&>::type&)
0 7000
fn=std::__detail::_Node_iterator<int, true, false>::_Node_iterator(std::__detail::_Hash_node<int, false>*)
0 16800
fn=std::__detail::_Node_iterator_base<int, false>::_Node_iterator_base(std::__detail::_Hash_node<int, false>*)
0 24200
fn=std::__detail::_Prime_rehash_policy::_M_need_rehash(unsigned long, unsigned long, unsigned long) const
0 20000
fn=std::__detail::_Prime_rehash_policy::_M_next_bkt(unsigned long) const
0 4600
fn=std::__detail::_Prime_rehash_policy::_M_state() const
0 8000
fn=std::__detail::_Prime_rehash_policy::_Prime_rehash_policy(float)
0 1300
fn=std::__detail::__extent_storage<18446744073709551615ul>::_M_extent() const
0 432
fn=std::__detail::__extent_storage<18446744073709551615ul>::__extent_storage(unsigned long)
0 462
fn=std::__detail::operator==(std::__detail::_Node_iterator_base<int, false> const&, std::__detail::_Node_iterator_base<int, false> const&)
0 1300
fn=std::__fill_a1(std::_Bit_iterator, std::_Bit_iterator, bool const&)
0 480838
fn=std::__fill_bvector(unsigned long*, unsigned int, unsigned int, bool)
0 376308
fn=std::__fill_bvector_n(unsigned long*, unsigned long, bool)
0 229966
fn=std::__format::_Arg_value<std::basic_format_context<std::__format::_Sink_iter<char>, char> > std::__format::_Arg_store<std::basic_format_context<std::__format::_Sink_iter<char>, char>, double>::_S_make_elt<double>(double&)
0 120
fn=std::__format::_Arg_value<std::basic_format_context<std::__format::_Sink_iter<char>, char> > std::__format::_Arg_store<std::basic_format_context<std::__format::_Sink_iter<char>, char>, std::basic_string_view<char, std::char_traits<char> > >::_S_make_elt<std::basic_string_view<char, std::char_traits<char> > >(std::basic_string_view<char, std::char_traits<char> >&)
0 24
fn=std::__format::_Formatting_scanner<std::__format::_Sink_iter<char>, char>::_Formatting_scanner(std::basic_format_context<std::__format::_Sink_iter<char>, char>&, std::basic_string_view<char, std::char_traits<char> >)
0 138
fn=std::__format::_Formatting_scanner<std::__format::_Sink_iter<char>, char>::_M_format_arg(unsigned long)
0 228
fn=std::__format::_Formatting_scanner<std::__format::_Sink_iter<char>, char>::_M_format_arg(unsigned long)::{lambda(auto:1&)#1}&& std::forward<std::__format::_Formatting_scanner<std::__format::_Sink_iter<char>, char>::_M_format_arg(unsigned long)::{lambda(auto:1&)#1}>(std::remove_reference<std::__format::_Formatting_scanner<std::__format::_Sink_iter<char>, char>::_M_format_arg(unsigned long)::{lambda(auto:1&)#1}>::type&)
0 84
fn=std::__format::_Formatting_scanner<std::__format::_Sink_iter<char>, char>::_M_on_chars(char const*)
0 504
fn=std::__format::_Optional_locale::~_Optional_locale()
0 132
fn=std::__format::_Scanner<char>::_M_fmt_str() const
0 522
fn=std::__format::_Scanner<char>::_M_on_replacement_field()
0 396
fn=std::__format::_Scanner<char>::_M_scan()
0 1056
fn=std::__format::_Scanner<char>::_Scanner(std::basic_string_view<char, std::char_traits<char> >, unsigned long)
0 150
fn=std::__format::_Scanner<char>::begin() const
0 660
fn=std::__format::_Scanner<char>::end() const
0 396
fn=std::__format::_Seq_sink<std::__cxx11::basic_string<char, std::char_traits<char>, std::allocator<char> > >::_M_overflow()
0 396
fn=std::__format::_Seq_sink<std::__cxx11::basic_string<char, std::char_traits<char>, std::allocator<char> > >::get() &&
0 342
fn=std::__format::_Seq_sink<std::__cxx11::basic_string<char, std::char_traits<char>, std::allocator<char> > >::~_Seq_sink()
0 90
fn=std::__format::_Sink<char>* std::__addressof<std::__format::_Sink<char> >(std::__format::_Sink<char>&)
0 42
fn=std::__format::_Sink<char>* std::addressof<std::__format::_Sink<char> >(std::__format::_Sink<char>&)
0 60
fn=std::__format::_Sink<char>::_M_write(std::basic_string_view<char, std::char_traits<char> >)
0 1530
fn=std::__format::_Sink_iter<char> std::__format::__do_vformat_to<std::__format::_Sink_iter<char>, char, std::basic_format_context<std::__format::_Sink_iter<char>, char> >(std::__format::_Sink_iter<char>, std::basic_string_view<char, std::char_traits<char> >, std::basic_format_args<std::basic_format_context<std::__format::_Sink_iter<char>, char> > const&, std::locale const*)
0 618
fn=std::__format::_Sink_iter<char> std::__format::__formatter_str<char>::format<std::__format::_Sink_iter<char> >(std::basic_string_view<char, std::char_traits<char> >, std::basic_format_context<std::__format::_Sink_iter<char>, char>&) const
0 34
fn=std::__format::_Sink_iter<char> std::__format::__write<std::__format::_Sink_iter<char>, char>(std::__format::_Sink_iter<char>, std::basic_string_view<char, std::char_traits<char> >)
0 684
fn=std::__format::__formatter_fp<char>::format<double, std::__format::_Sink_iter<char> >(double, std::basic_format_context<std::__format::_Sink_iter<char>, char>&) const::{lambda(char*, char*)#1}::operator()(char*, char*) const
0 145
fn=std::__format::__formatter_fp<char>::parse(std::basic_format_parse_context<char>&)
0 205
fn=std::__format::__formatter_fp<char>::parse(std::basic_format_parse_context<char>&)::{lambda()#1}::operator()() const
0 75
fn=std::__format::__formatter_fp<char>::parse(std::basic_format_parse_context<char>&)::{lambda()#2}::operator()() const
0 135
fn=std::__format::__formatter_str<char>::parse(std::basic_format_parse_context<char>&)
0 41
fn=std::__format::__formatter_str<char>::parse(std::basic_format_parse_context<char>&)::{lambda()#1}::operator()() const
0 15
fn=std::__format::__formatter_str<char>::parse(std::basic_format_parse_context<char>&)::{lambda()#2}::operator()() const
0 27
fn=std::__invoke_result<FinalSolution::Sift::Solution::Build(std::vector<float, std::allocator<float> > const&)::{lambda()#1}>::type std::__invoke<FinalSolution::Sift::Solution::Build(std::vector<float, std::allocator<float> > const&)::{lambda()#1}>(FinalSolution::Sift::Solution::Build(std::vector<float, std::allocator<float> > const&)::{lambda()#1}&&)
0 216
fn=std::__is_constant_evaluated()
0 32408190
fn=std::__mutex_base::__mutex_base()
0 120000
fn=std::__new_allocator<FinalSolution::Sift::Solution::Node>::allocate(unsigned long, void const*)
0 24
fn=std::__new_allocator<FinalSolution::Sift::Solution::Node>::deallocate(FinalSolution::Sift::Solution::Node*, unsigned long)
0 16
fn=std::__new_allocator<char>::allocate(unsigned long, void const*)
0 184
fn=std::__new_allocator<char>::deallocate(char*, unsigned long)
0 112
fn=std::__new_allocator<float>::allocate(unsigned long, void const*)
0 2472
fn=std::__new_allocator<float>::deallocate(float*, unsigned long)
0 1545
fn=std::__new_allocator<int>::allocate(unsigned long, void const*)
0 502584
fn=std::__new_allocator<int>::deallocate(int*, unsigned long)
0 314115
fn=std::__new_allocator<std::__detail::_Hash_node<int, false> >::allocate(unsigned long, void const*)
0 24000
fn=std::__new_allocator<std::__detail::_Hash_node<int, false> >::deallocate(std::__detail::_Hash_node<int, false>*, unsigned long)
0 16000
fn=std::__new_allocator<std::__detail::_Hash_node_base*>::allocate(unsigned long, void const*)
0 2400
fn=std::__new_allocator<std::__detail::_Hash_node_base*>::deallocate(std::__detail::_Hash_node_base**, unsigned long)
0 1500
fn=std::__new_allocator<std::mutex>::allocate(unsigned long, void const*)
0 27
fn=std::__new_allocator<std::mutex>::deallocate(std::mutex*, unsigned long)
0 19
fn=std::__new_allocator<std::pair<float, int> >::allocate(unsigned long, void const*)
0 58752696
fn=std::__new_allocator<std::pair<float, int> >::deallocate(std::pair<float, int>*, unsigned long)
0 36720435
fn=std::__new_allocator<std::thread>::allocate(unsigned long, void const*)
0 144
fn=std::__new_allocator<std::thread>::deallocate(std::thread*, unsigned long)
0 90
fn=std::__new_allocator<std::vector<float, std::allocator<float> > >::allocate(unsigned long, void const*)
0 27
fn=std::__new_allocator<std::vector<float, std::allocator<float> > >::deallocate(std::vector<float, std::allocator<float> >*, unsigned long)
0 19
fn=std::__new_allocator<std::vector<int, std::allocator<int> > >::allocate(unsigned long, void const*)
0 270027
fn=std::__new_allocator<std::vector<int, std::allocator<int> > >::deallocate(std::vector<int, std::allocator<int> >*, unsigned long)
0 190019
fn=std::__new_allocator<std::vector<std::vector<int, std::allocator<int> >, std::allocator<std::vector<int, std::allocator<int> > > > >::allocate(unsigned long, void const*)
0 27
fn=std::__new_allocator<std::vector<std::vector<int, std::allocator<int> >, std::allocator<std::vector<int, std::allocator<int> > > > >::deallocate(std::vector<std::vector<int, std::allocator<int> >, std::allocator<std::vector<int, std::allocator<int> > > >*, unsigned long)
0 19
fn=std::__new_allocator<std::vector<unsigned long, std::allocator<unsigned long> > >::allocate(unsigned long, void const*)
0 27
fn=std::__new_allocator<std::vector<unsigned long, std::allocator<unsigned long> > >::deallocate(std::vector<unsigned long, std::allocator<unsigned long> >*, unsigned long)
0 19
fn=std::__new_allocator<unsigned long>::allocate(unsigned long, void const*)
0 2880
fn=std::__new_allocator<unsigned long>::deallocate(unsigned long*, unsigned long)
0 1800
fn=std::__ptr_traits_ptr_to<char const*, char const, false>::pointer_to(char const&)
0 470
fn=std::__ptr_traits_ptr_to<char*, char, false>::pointer_to(char&)
0 310
fn=std::__ptr_traits_ptr_to<std::__detail::_Hash_node<int, false>*, std::__detail::_Hash_node<int, false>, false>::pointer_to(std::__detail::_Hash_node<int, false>&)
0 10000
fn=std::__ptr_traits_ptr_to<std::__detail::_Hash_node_base**, std::__detail::_Hash_node_base*, false>::pointer_to(std::__detail::_Hash_node_base*&)
0 1000
fn=std::__size_to_integer(unsigned long)
0 49
fn=std::__sv_check(unsigned long, unsigned long, char const*)
0 234
fn=std::__timepunct<char>::_M_initialize_timepunct(__locale_struct*)
0 132
fn=std::__timepunct<char>::__timepunct(std::__timepunct_cache<char>*, unsigned long)
0 24
fn=std::__timepunct<wchar_t>::_M_initialize_timepunct(__locale_struct*)
0 129
fn=std::__timepunct<wchar_t>::__timepunct(std::__timepunct_cache<wchar_t>*, unsigned long)
0 24
fn=std::__uniq_ptr_data<std::thread::_State, std::default_delete<std::thread::_State>, true, true>::__uniq_ptr_impl(std::thread::_State*)
0 252
fn=std::__uniq_ptr_impl<std::thread::_State, std::default_delete<std::thread::_State> >::_M_ptr()
0 360
fn=std::__uniq_ptr_impl<std::thread::_State, std::default_delete<std::thread::_State> >::__uniq_ptr_impl(std::thread::_State*)
0 342
fn=std::allocator<std::__detail::_Hash_node<int, false> >&& std::forward<std::allocator<std::__detail::_Hash_node<int, false> > >(std::remove_reference<std::allocator<std::__detail::_Hash_node<int, false> > >::type&)
0 1400
fn=std::array<std::__format::_Arg_t, 1ul>::begin() const
0 120
fn=std::array<std::__format::_Arg_t, 1ul>::data() const
0 126
fn=std::array<std::__format::_Arg_t, 1ul>::end() const
0 66
fn=std::array<std::__format::_Arg_t, 1ul>::rbegin() const
0 102
fn=std::array<std::__format::_Arg_t, 1ul>::rend() const
0 204
fn=std::basic_filebuf<char, std::char_traits<char> >::_M_allocate_internal_buffer()
0 18
fn=std::basic_filebuf<char, std::char_traits<char> >::_M_convert_to_external(char*, long)
0 38
fn=std::basic_filebuf<char, std::char_traits<char> >::_M_destroy_internal_buffer()
0 24
fn=std::basic_filebuf<char, std::char_traits<char> >::_M_terminate_output()
0 46
fn=std::basic_filebuf<char, std::char_traits<char> >::basic_filebuf()
0 200
fn=std::basic_filebuf<char, std::char_traits<char> >::close()
0 214
fn=std::basic_filebuf<char, std::char_traits<char> >::open(char const*, std::_Ios_Openmode)
0 142
fn=std::basic_filebuf<char, std::char_traits<char> >::overflow(int)
0 106
fn=std::basic_filebuf<char, std::char_traits<char> >::xsputn(char const*, long)
0 39004
fn=std::basic_format_arg<std::basic_format_context<std::__format::_Sink_iter<char>, char> >::basic_format_arg<double>(double&)
0 90
fn=std::basic_format_arg<std::basic_format_context<std::__format::_Sink_iter<char>, char> >::basic_format_arg<std::basic_string_view<char, std::char_traits<char> > >(std::basic_string_view<char, std::char_traits<char> >&)
0 38
fn=std::basic_format_args<std::basic_format_context<std::__format::_Sink_iter<char>, char> >::_M_type(unsigned long) const
0 126
fn=std::basic_format_args<std::basic_format_context<std::__format::_Sink_iter<char>, char> >::basic_format_args<double>(std::__format::_Arg_store<std::basic_format_context<std::__format::_Sink_iter<char>, char>, double> const&)
0 180
fn=std::basic_format_args<std::basic_format_context<std::__format::_Sink_iter<char>, char> >::basic_format_args<std::basic_string_view<char, std::char_traits<char> > >(std::__format::_Arg_store<std::basic_format_context<std::__format::_Sink_iter<char>, char>, std::basic_string_view<char, std::char_traits<char> > > const&)
0 36
fn=std::basic_format_context<std::__format::_Sink_iter<char>, char>::advance_to(std::__format::_Sink_iter<char>)
0 270
fn=std::basic_format_context<std::__format::_Sink_iter<char>, char>::arg(unsigned long) const
0 276
fn=std::basic_format_context<std::__format::_Sink_iter<char>, char>::basic_format_context(std::basic_format_args<std::basic_format_context<std::__format::_Sink_iter<char>, char> >, std::__format::_Sink_iter<char>)
0 198
fn=std::basic_format_context<std::__format::_Sink_iter<char>, char>::iterator std::__format::__formatter_fp<char>::format<double, std::__format::_Sink_iter<char> >(double, std::basic_format_context<std::__format::_Sink_iter<char>, char>&) const
0 825
fn=std::basic_format_context<std::__format::_Sink_iter<char>, char>::iterator std::formatter<double, char>::format<std::__format::_Sink_iter<char> >(double, std::basic_format_context<std::__format::_Sink_iter<char>, char>&) const
0 80
fn=std::basic_format_context<std::__format::_Sink_iter<char>, char>::iterator std::formatter<std::basic_string_view<char, std::char_traits<char> >, char>::format<std::__format::_Sink_iter<char> >(std::basic_string_view<char, std::char_traits<char> >, std::basic_format_context<std::__format::_Sink_iter<char>, char>&) const
0 19
fn=std::basic_format_context<std::__format::_Sink_iter<char>, char>::out()
0 288
fn=std::basic_format_context<std::__format::_Sink_iter<char>, char>::~basic_format_context()
0 72
fn=std::basic_format_parse_context<char>::advance_to(char const*)
0 264
fn=std::basic_format_parse_context<char>::basic_format_parse_context(std::basic_string_view<char, std::char_traits<char> >, unsigned long)
0 186
fn=std::basic_format_parse_context<char>::begin() const
0 528
fn=std::basic_format_parse_context<char>::end() const
0 336
fn=std::basic_format_parse_context<char>::next_arg_id()
0 126
fn=std::basic_ifstream<char, std::char_traits<char> >::basic_ifstream(std::__cxx11::basic_string<char, std::char_traits<char>, std::allocator<char> > const&, std::_Ios_Openmode)
0 183
fn=std::basic_ifstream<char, std::char_traits<char> >::close()
0 54
fn=std::basic_ifstream<char, std::char_traits<char> >::~basic_ifstream()
0 99
fn=std::basic_ios<char, std::char_traits<char> >::_M_cache_locale(std::locale const&)
0 384
fn=std::basic_ios<char, std::char_traits<char> >::clear(std::_Ios_Iostate)
0 9056649
fn=std::basic_ios<char, std::char_traits<char> >::init(std::basic_streambuf<char, std::char_traits<char> >*)
0 288
fn=std::basic_ios<wchar_t, std::char_traits<wchar_t> >::_M_cache_locale(std::locale const&)
0 128
fn=std::basic_ios<wchar_t, std::char_traits<wchar_t> >::init(std::basic_streambuf<wchar_t, std::char_traits<wchar_t> >*)
0 96
fn=std::basic_ofstream<char, std::char_traits<char> >::basic_ofstream(char const*, std::_Ios_Openmode)
0 59
fn=std::basic_ofstream<char, std::char_traits<char> >::~basic_ofstream()
0 34
fn=std::basic_ostream<char, std::char_traits<char> >& std::__ostream_insert<char, std::char_traits<char> >(std::basic_ostream<char, std::char_traits<char> >&, char const*, long)
0 513
fn=std::basic_ostream<char, std::char_traits<char> >& std::endl<char, std::char_traits<char> >(std::basic_ostream<char, std::char_traits<char> >&)
0 48
fn=std::basic_ostream<char, std::char_traits<char> >& std::operator<< <char, std::char_traits<char>, std::allocator<char> >(std::basic_ostream<char, std::char_traits<char> >&, std::__cxx11::basic_string<char, std::char_traits<char>, std::allocator<char> > const&)
0 24
fn=std::basic_ostream<char, std::char_traits<char> >& std::operator<< <std::char_traits<char> >(std::basic_ostream<char, std::char_traits<char> >&, char const*)
0 60
fn=std::basic_ostream<char, std::char_traits<char> >& std::operator<< <std::char_traits<char> >(std::basic_ostream<char, std::char_traits<char> >&, char)
0 18700
fn=std::basic_ostream<wchar_t, std::char_traits<wchar_t> >::flush()
0 174
fn=std::basic_ostream<wchar_t, std::char_traits<wchar_t> >::sentry::sentry(std::basic_ostream<wchar_t, std::char_traits<wchar_t> >&)
0 97
fn=std::basic_streambuf<char, std::char_traits<char> >::xsputn(char const*, long)
0 42000
fn=std::basic_string_view<char, std::char_traits<char> >::basic_string_view(char const*, unsigned long)
0 90
fn=std::basic_string_view<char, std::char_traits<char> >::basic_string_view<char const*, char const*>(char const*, char const*)
0 600
fn=std::basic_string_view<char, std::char_traits<char> >::begin() const
0 48
fn=std::basic_string_view<char, std::char_traits<char> >::copy(char*, unsigned long, unsigned long) const
0 864
fn=std::basic_string_view<char, std::char_traits<char> >::data() const
0 176
fn=std::basic_string_view<char, std::char_traits<char> >::end() const
0 66
fn=std::basic_string_view<char, std::char_traits<char> >::find(char, unsigned long) const
0 828
fn=std::basic_string_view<char, std::char_traits<char> >::operator[](unsigned long) const
0 102
fn=std::basic_string_view<char, std::char_traits<char> >::size() const
0 1128
fn=std::char_traits<char>::assign(char&, char const&)
0 496
fn=std::char_traits<char>::copy(char*, char const*, unsigned long)
0 644
fn=std::char_traits<char>::find(char const*, unsigned long, char const&)
0 552
fn=std::chrono::_V2::system_clock::now()
0 48
fn=std::chrono::duration<double, std::ratio<1l, 1l> > std::chrono::__duration_cast_impl<std::chrono::duration<double, std::ratio<1l, 1l> >, std::ratio<1l, 1000000000l>, double, true, false>::__cast<long, std::ratio<1l, 1000000000l> >(std::chrono::duration<long, std::ratio<1l, 1000000000l> > const&)
0 108
fn=std::chrono::duration<double, std::ratio<1l, 1l> >::count() const
0 32
fn=std::chrono::duration<double, std::ratio<1l, 1l> >::duration<double, void>(double const&)
0 48
fn=std::chrono::duration<long, std::ratio<1l, 1000000000l> >::count() const
0 96
fn=std::chrono::duration<long, std::ratio<1l, 1000000000l> >::duration<long, void>(long const&)
0 48
fn=std::chrono::time_point<std::chrono::_V2::system_clock, std::chrono::duration<long, std::ratio<1l, 1000000000l> > >::time_since_epoch() const
0 64
fn=std::codecvt<char, char, __mbstate_t>::codecvt(unsigned long)
0 19
fn=std::codecvt<char, char, __mbstate_t>::do_always_noconv() const
0 3006
fn=std::codecvt<wchar_t, char, __mbstate_t>::codecvt(unsigned long)
0 19
fn=std::common_comparison_category<decltype (std::__detail::__synth3way((declval<float&>)(), (declval<float&>)())), decltype (std::__detail::__synth3way((declval<int&>)(), (declval<int&>)()))>::type std::operator<=><float, int>(std::pair<float, int> const&, std::pair<float, int> const&)
0 3778613560
fn=std::common_type<std::chrono::duration<long, std::ratio<1l, 1000000000l> >, std::chrono::duration<long, std::ratio<1l, 1000000000l> > >::type std::chrono::operator-<long, std::ratio<1l, 1000000000l>, long, std::ratio<1l, 1000000000l> >(std::chrono::duration<long, std::ratio<1l, 1000000000l> > const&, std::chrono::duration<long, std::ratio<1l, 1000000000l> > const&)
0 152
fn=std::common_type<std::chrono::duration<long, std::ratio<1l, 1000000000l> >, std::chrono::duration<long, std::ratio<1l, 1000000000l> > >::type std::chrono::operator-<std::chrono::_V2::system_clock, std::chrono::duration<long, std::ratio<1l, 1000000000l> >, std::chrono::duration<long, std::ratio<1l, 1000000000l> > >(std::chrono::time_point<std::chrono::_V2::system_clock, std::chrono::duration<long, std::ratio<1l, 1000000000l> > > const&, std::chrono::time_point<std::chrono::_V2::system_clock, std::chrono::duration<long, std::ratio<1l, 1000000000l> > > const&)
0 108
fn=std::ctype<char>::_M_widen_init() const
0 754
fn=std::ctype<char>::ctype(unsigned short const*, bool, unsigned long)
0 121
fn=std::ctype<wchar_t>::_M_convert_to_wmask(unsigned short) const
0 146
fn=std::ctype<wchar_t>::_M_initialize_ctype()
0 2736
fn=std::ctype<wchar_t>::ctype(unsigned long)
0 21
fn=std::enable_if<std::__and_<std::__is_swappable<float>, std::__is_swappable<int> >::value, void>::type std::swap<float, int>(std::pair<float, int>&, std::pair<float, int>&)
0 4580072
fn=std::enable_if<std::__and_<std::__not_<std::__is_tuple_like<float> >, std::is_move_constructible<float>, std::is_move_assignable<float> >::value, void>::type std::swap<float>(float&, float&)
0 10468736
fn=std::enable_if<std::__and_<std::__not_<std::__is_tuple_like<int> >, std::is_move_constructible<int>, std::is_move_assignable<int> >::value, void>::type std::swap<int>(int&, int&)
0 10468736
fn=std::enable_if<std::__and_<std::__not_<std::__is_tuple_like<std::thread::id> >, std::is_move_constructible<std::thread::id>, std::is_move_assignable<std::thread::id> >::value, void>::type std::swap<std::thread::id>(std::thread::id&, std::thread::id&)
0 992
fn=std::enable_if<std::__is_bitwise_relocatable<FinalSolution::Sift::Solution::Node, void>::value, FinalSolution::Sift::Solution::Node*>::type std::__relocate_a_1<FinalSolution::Sift::Solution::Node, FinalSolution::Sift::Solution::Node>(FinalSolution::Sift::Solution::Node*, FinalSolution::Sift::Solution::Node*, FinalSolution::Sift::Solution::Node*, std::allocator<FinalSolution::Sift::Solution::Node>&)
0 26
fn=std::enable_if<std::__is_bitwise_relocatable<int, void>::value, int*>::type std::__relocate_a_1<int, int>(int*, int*, int*, std::allocator<int>&)
0 279354
fn=std::enable_if<std::chrono::__is_duration<std::chrono::duration<double, std::ratio<1l, 1l> > >::value, std::chrono::duration<double, std::ratio<1l, 1l> > >::type std::chrono::duration_cast<std::chrono::duration<double, std::ratio<1l, 1l> >, long, std::ratio<1l, 1000000000l> >(std::chrono::duration<long, std::ratio<1l, 1000000000l> > const&)
0 40
fn=std::equal_to<int> const& std::forward<std::equal_to<int> const&>(std::remove_reference<std::equal_to<int> const&>::type&)
0 700
fn=std::equal_to<int>::operator()(int const&, int const&) const
0 14000
fn=std::error_category::error_category()
0 10
fn=std::error_category::~error_category()
0 4
fn=std::future_category()
0 3
fn=std::hash<int> const& std::forward<std::hash<int> const&>(std::remove_reference<std::hash<int> const&>::type&)
0 700
fn=std::hash<int>::operator()(int) const
0 26100
fn=std::ios_base::Init::Init()
0 272
fn=std::ios_base::Init::~Init()
0 25
fn=std::ios_base::_M_call_callbacks(std::ios_base::event)
0 64
fn=std::ios_base::_M_dispose_callbacks()
0 72
fn=std::ios_base::_M_init()
0 448
fn=std::ios_base::ios_base()
0 720
fn=std::ios_base::~ios_base()
0 84
fn=std::is_constant_evaluated()
0 252072
fn=std::istream& std::istream::_M_extract<float>(float&)
0 32320000
fn=std::istream& std::istream::_M_extract<unsigned long>(unsigned long&)
0 25000
fn=std::istream::get()
0 64
fn=std::istream::operator>>(float&)
0 2585600
fn=std::istream::operator>>(unsigned long&)
0 2000
fn=std::istream::sentry::sentry(std::istream&, bool)
0 29757474
fn=std::less<std::pair<float, int> >::operator()(std::pair<float, int> const&, std::pair<float, int> const&) const
0 1451441792
fn=std::locale::_Impl::_Impl(unsigned long)
0 673
fn=std::locale::_Impl::_M_install_facet(std::locale::id const*, std::locale::facet const*)
0 12192
fn=std::locale::facet::_S_create_c_locale(__locale_struct*&, char const*, __locale_struct*)
0 14
fn=std::locale::facet::_S_get_c_locale()
0 210
fn=std::locale::facet::_S_get_c_name()
0 21
fn=std::locale::id::_M_id() const
0 7116
fn=std::locale::locale()
0 836
fn=std::locale::locale(std::locale::_Impl*)
0 3
fn=std::locale::operator=(std::locale const&)
0 368
fn=std::locale::~locale()
0 288
fn=std::lock_guard<std::mutex>::lock_guard(std::mutex&)
0 16282368
fn=std::lock_guard<std::mutex>::~lock_guard()
0 12211776
fn=std::log(long double)
0 180000
fn=std::mersenne_twister_engine<unsigned long, 32ul, 624ul, 397ul, 31ul, 2567483615ul, 11ul, 4294967295ul, 7ul, 2636928640ul, 15ul, 4022730752ul, 18ul, 1812433253ul>::_M_gen_rand()
0 669527
fn=std::mersenne_twister_engine<unsigned long, 32ul, 624ul, 397ul, 31ul, 2567483615ul, 11ul, 4294967295ul, 7ul, 2636928640ul, 15ul, 4022730752ul, 18ul, 1812433253ul>::mersenne_twister_engine(unsigned long)
0 28
fn=std::mersenne_twister_engine<unsigned long, 32ul, 624ul, 397ul, 31ul, 2567483615ul, 11ul, 4294967295ul, 7ul, 2636928640ul, 15ul, 4022730752ul, 18ul, 1812433253ul>::min()
0 120000
fn=std::mersenne_twister_engine<unsigned long, 32ul, 624ul, 397ul, 31ul, 2567483615ul, 11ul, 4294967295ul, 7ul, 2636928640ul, 15ul, 4022730752ul, 18ul, 1812433253ul>::operator()()
0 700099
fn=std::mersenne_twister_engine<unsigned long, 32ul, 624ul, 397ul, 31ul, 2567483615ul, 11ul, 4294967295ul, 7ul, 2636928640ul, 15ul, 4022730752ul, 18ul, 1812433253ul>::seed(unsigned long)
0 29944
fn=std::messages<char>::messages(unsigned long)
0 21
fn=std::messages<wchar_t>::messages(unsigned long)
0 21
fn=std::moneypunct<char, false>::_M_initialize_moneypunct(__locale_struct*, char const*)
0 114
fn=std::moneypunct<char, true>::_M_initialize_moneypunct(__locale_struct*, char const*)
0 115
fn=std::moneypunct<wchar_t, false>::_M_initialize_moneypunct(__locale_struct*, char const*)
0 109
fn=std::moneypunct<wchar_t, true>::_M_initialize_moneypunct(__locale_struct*, char const*)
0 109
fn=std::move_iterator<int*> std::__make_move_if_noexcept_iterator<int, std::move_iterator<int*> >(int*)
0 76
fn=std::move_iterator<int*>::base() const &
0 28
fn=std::move_iterator<int*>::move_iterator(int*)
0 60
fn=std::mutex* std::__addressof<std::mutex>(std::mutex&)
0 70000
fn=std::mutex* std::__uninitialized_default_n<std::mutex*, unsigned long>(std::mutex*, unsigned long)
0 18
fn=std::mutex* std::__uninitialized_default_n_1<false>::__uninit_default_n<std::mutex*, unsigned long>(std::mutex*, unsigned long)
0 90014
fn=std::mutex* std::__uninitialized_default_n_a<std::mutex*, unsigned long, std::mutex>(std::mutex*, unsigned long, std::allocator<std::mutex>&)
0 14
fn=std::mutex::lock()
0 14247072
fn=std::mutex::mutex()
0 110000
fn=std::mutex::unlock()
0 11194128
fn=std::num_put<char, std::ostreambuf_iterator<char, std::char_traits<char> > >::do_put(std::ostreambuf_iterator<char, std::char_traits<char> >, std::ios_base&, char, long) const
0 3000
fn=std::numpunct<char>::_M_initialize_numpunct(__locale_struct*)
0 417
fn=std::numpunct<wchar_t>::_M_initialize_numpunct(__locale_struct*)
0 353
fn=std::operator+(std::_Bit_iterator const&, long)
0 966745920
fn=std::operator-(std::_Bit_iterator_base const&, std::_Bit_iterator_base const&)
0 371124
fn=std::operator<(std::partial_ordering, std::__cmp_cat::__unspec)
0 816436008
fn=std::operator<(std::strong_ordering, std::__cmp_cat::__unspec)
0 2700704
fn=std::operator==(std::partial_ordering, std::__cmp_cat::__unspec)
0 850188051
fn=std::operator==(std::strong_ordering, std::__cmp_cat::__unspec)
0 108
fn=std::operator==(std::thread::id, std::thread::id)
0 539
fn=std::operator>(std::partial_ordering, std::__cmp_cat::__unspec)
0 33752043
fn=std::ostream& std::ostream::_M_insert<long>(long)
0 58014
fn=std::ostream::flush()
0 338
fn=std::ostream::operator<<(int)
0 11000
fn=std::ostream::operator<<(std::ostream& (*)(std::ostream&))
0 4
fn=std::ostream::put(char)
0 45188
fn=std::ostream::sentry::sentry(std::ostream&)
0 46627
fn=std::ostreambuf_iterator<char, std::char_traits<char> > std::num_put<char, std::ostreambuf_iterator<char, std::char_traits<char> > >::_M_insert_int<long>(std::ostreambuf_iterator<char, std::char_traits<char> >, std::ios_base&, char, long) const
0 92300
fn=std::pair<float, int> const& std::forward<std::pair<float, int> const&>(std::remove_reference<std::pair<float, int> const&>::type&)
0 9305506
fn=std::pair<float, int>& std::forward<std::pair<float, int>&>(std::remove_reference<std::pair<float, int>&>::type&)
0 105006356
fn=std::pair<float, int>& std::vector<std::pair<float, int>, std::allocator<std::pair<float, int> > >::emplace_back<std::pair<float, int> >(std::pair<float, int>&&)
0 918298161
fn=std::pair<float, int>&& std::forward<std::pair<float, int> >(std::remove_reference<std::pair<float, int> >::type&)
0 790320573
fn=std::pair<float, int>* std::__addressof<std::pair<float, int> >(std::pair<float, int>&)
0 467536839
fn=std::pair<float, int>* std::__niter_base<std::pair<float, int>*>(std::pair<float, int>*)
0 102598104
fn=std::pair<float, int>* std::__relocate_a<std::pair<float, int>*, std::pair<float, int>*, std::allocator<std::pair<float, int> > >(std::pair<float, int>*, std::pair<float, int>*, std::pair<float, int>*, std::allocator<std::pair<float, int> >&)
0 156339968
fn=std::pair<float, int>* std::__relocate_a_1<std::pair<float, int>*, std::pair<float, int>*, std::allocator<std::pair<float, int> > >(std::pair<float, int>*, std::pair<float, int>*, std::pair<float, int>*, std::allocator<std::pair<float, int> >&)
0 493572718
fn=std::pair<float, int>::operator=(std::pair<float, int>&&)
0 2235565750
fn=std::pair<float, int>::pair<float&, int&>(float&, int&)
0 29245876
fn=std::pair<float, int>::pair<float, int&>(float&&, int&)
0 454299648
fn=std::pair<float, int>::swap(std::pair<float, int>&)
0 6870108
fn=std::pair<std::__detail::_Node_iterator<int, true, false>, bool> std::_Hashtable<int, int, std::allocator<int>, std::__detail::_Identity, std::equal_to<int>, std::hash<int>, std::__detail::_Mod_range_hashing, std::__detail::_Default_ranged_hash, std::__detail::_Prime_rehash_policy, std::__detail::_Hashtable_traits<false, true, true> >::_M_insert<int&, std::__detail::_AllocNode<std::allocator<std::__detail::_Hash_node<int, false> > > >(int&, std::__detail::_AllocNode<std::allocator<std::__detail::_Hash_node<int, false> > > const&, std::integral_constant<bool, true>)
0 29000
fn=std::pair<std::__detail::_Node_iterator<int, true, false>, bool> std::_Hashtable<int, int, std::allocator<int>, std::__detail::_Identity, std::equal_to<int>, std::hash<int>, std::__detail::_Mod_range_hashing, std::__detail::_Default_ranged_hash, std::__detail::_Prime_rehash_policy, std::__detail::_Hashtable_traits<false, true, true> >::_M_insert_unique<int&, int&, std::__detail::_AllocNode<std::allocator<std::__detail::_Hash_node<int, false> > > >(int&, int&, std::__detail::_AllocNode<std::allocator<std::__detail::_Hash_node<int, false> > > const&)
0 104800
fn=std::pair<std::__detail::_Node_iterator<int, true, false>, bool> std::_Hashtable<int, int, std::allocator<int>, std::__detail::_Identity, std::equal_to<int>, std::hash<int>, std::__detail::_Mod_range_hashing, std::__detail::_Default_ranged_hash, std::__detail::_Prime_rehash_policy, std::__detail::_Hashtable_traits<false, true, true> >::_M_insert_unique_aux<int&, std::__detail::_AllocNode<std::allocator<std::__detail::_Hash_node<int, false> > > >(int&, std::__detail::_AllocNode<std::allocator<std::__detail::_Hash_node<int, false> > > const&)
0 38000
fn=std::pair<std::__detail::_Node_iterator<int, true, false>, bool>::pair<std::__detail::_Node_iterator<int, true, false>&, bool>(std::__detail::_Node_iterator<int, true, false>&, bool&&)
0 22000
fn=std::partial_ordering::partial_ordering(std::__cmp_cat::_Ord)
0 1133584068
fn=std::priority_queue<std::pair<float, int>, std::vector<std::pair<float, int>, std::allocator<std::pair<float, int> > >, std::greater<void> >::empty() const
0 6751130
fn=std::priority_queue<std::pair<float, int>, std::vector<std::pair<float, int>, std::allocator<std::pair<float, int> > >, std::greater<void> >::pop()
0 15287617
fn=std::priority_queue<std::pair<float, int>, std::vector<std::pair<float, int>, std::allocator<std::pair<float, int> > >, std::greater<void> >::priority_queue<std::vector<std::pair<float, int>, std::allocator<std::pair<float, int> > >, void>()
0 156510
fn=std::priority_queue<std::pair<float, int>, std::vector<std::pair<float, int>, std::allocator<std::pair<float, int> > >, std::greater<void> >::push(std::pair<float, int>&&)
0 18611012
fn=std::priority_queue<std::pair<float, int>, std::vector<std::pair<float, int>, std::allocator<std::pair<float, int> > >, std::greater<void> >::top() const
0 6646790
fn=std::priority_queue<std::pair<float, int>, std::vector<std::pair<float, int>, std::allocator<std::pair<float, int> > >, std::greater<void> >::~priority_queue()
0 114774
fn=std::priority_queue<std::pair<float, int>, std::vector<std::pair<float, int>, std::allocator<std::pair<float, int> > >, std::less<std::pair<float, int> > >::empty() const
0 6957810
fn=std::priority_queue<std::pair<float, int>, std::vector<std::pair<float, int>, std::allocator<std::pair<float, int> > >, std::less<std::pair<float, int> > >::pop()
0 15287617
fn=std::priority_queue<std::pair<float, int>, std::vector<std::pair<float, int>, std::allocator<std::pair<float, int> > >, std::less<std::pair<float, int> > >::priority_queue<std::vector<std::pair<float, int>, std::allocator<std::pair<float, int> > >, void>()
0 5066910
fn=std::priority_queue<std::pair<float, int>, std::vector<std::pair<float, int>, std::allocator<std::pair<float, int> > >, std::less<std::pair<float, int> > >::push(std::pair<float, int>&&)
0 596810564
fn=std::priority_queue<std::pair<float, int>, std::vector<std::pair<float, int>, std::allocator<std::pair<float, int> > >, std::less<std::pair<float, int> > >::size() const
0 13189240
fn=std::priority_queue<std::pair<float, int>, std::vector<std::pair<float, int>, std::allocator<std::pair<float, int> > >, std::less<std::pair<float, int> > >::top() const
0 16566180
fn=std::priority_queue<std::pair<float, int>, std::vector<std::pair<float, int>, std::allocator<std::pair<float, int> > >, std::less<std::pair<float, int> > >::~priority_queue()
0 3715734
fn=std::remove_reference<float&>::type&& std::move<float&>(float&)
0 6870108
fn=std::remove_reference<int&>::type&& std::move<int&>(int&)
0 6870108
fn=std::remove_reference<int*&>::type&& std::move<int*&>(int*&)
0 28
fn=std::remove_reference<std::__cxx11::basic_string<char, std::char_traits<char>, std::allocator<char> >&>::type&& std::move<std::__cxx11::basic_string<char, std::char_traits<char>, std::allocator<char> >&>(std::__cxx11::basic_string<char, std::char_traits<char>, std::allocator<char> >&)
0 42
fn=std::remove_reference<std::__format::_Seq_sink<std::__cxx11::basic_string<char, std::char_traits<char>, std::allocator<char> > >&>::type&& std::move<std::__format::_Seq_sink<std::__cxx11::basic_string<char, std::char_traits<char>, std::allocator<char> > >&>(std::__format::_Seq_sink<std::__cxx11::basic_string<char, std::char_traits<char>, std::allocator<char> > >&)
0 42
fn=std::remove_reference<std::__format::_Sink_iter<char>&>::type&& std::move<std::__format::_Sink_iter<char>&>(std::__format::_Sink_iter<char>&)
0 462
fn=std::remove_reference<std::allocator<char>&>::type&& std::move<std::allocator<char>&>(std::allocator<char>&)
0 196
fn=std::remove_reference<std::pair<float, int>&>::type&& std::move<std::pair<float, int>&>(std::pair<float, int>&)
0 1519148330
fn=std::remove_reference<std::thread&>::type&& std::move<std::thread&>(std::thread&)
0 217
fn=std::remove_reference<std::thread::id&>::type&& std::move<std::thread::id&>(std::thread::id&)
0 651
fn=std::remove_reference<std::tuple<FinalSolution::Sift::Solution::Build(std::vector<float, std::allocator<float> > const&)::{lambda()#1}>&>::type&& std::move<std::tuple<FinalSolution::Sift::Solution::Build(std::vector<float, std::allocator<float> > const&)::{lambda()#1}>&>(std::tuple<FinalSolution::Sift::Solution::Build(std::vector<float, std::allocator<float> > const&)::{lambda()#1}>&)
0 108
fn=std::reverse_iterator<std::__format::_Arg_t const*>::base() const
0 192
fn=std::reverse_iterator<std::__format::_Arg_t const*>::operator*() const
0 66
fn=std::reverse_iterator<std::__format::_Arg_t const*>::operator++()
0 72
fn=std::reverse_iterator<std::__format::_Arg_t const*>::reverse_iterator(std::__format::_Arg_t const*)
0 198
fn=std::span<char, 18446744073709551615ul>::begin() const
0 912
fn=std::span<char, 18446744073709551615ul>::data() const
0 432
fn=std::span<char, 18446744073709551615ul>::empty() const
0 72
fn=std::span<char, 18446744073709551615ul>::first(unsigned long) const
0 360
fn=std::span<char, 18446744073709551615ul>::size() const
0 594
fn=std::span<char, 18446744073709551615ul>::span<256ul>(char (&) [256ul])
0 180
fn=std::span<char, 18446744073709551615ul>::span<char*>(char*, unsigned long)
0 882
fn=std::span<char, 18446744073709551615ul>::subspan(unsigned long, unsigned long) const
0 756
fn=std::strong_ordering::operator std::partial_ordering() const
0 1889306780
fn=std::thread& std::vector<std::thread, std::allocator<std::thread> >::emplace_back<FinalSolution::Sift::Solution::Build(std::vector<float, std::allocator<float> > const&)::{lambda()#1}&>(FinalSolution::Sift::Solution::Build(std::vector<float, std::allocator<float> > const&)::{lambda()#1}&)
0 690
fn=std::thread&& std::forward<std::thread>(std::remove_reference<std::thread>::type&)
0 434
fn=std::thread* std::__addressof<std::thread>(std::thread&)
0 777
fn=std::thread* std::__niter_base<std::thread*>(std::thread*)
0 252
fn=std::thread* std::__relocate_a<std::thread*, std::thread*, std::allocator<std::thread> >(std::thread*, std::thread*, std::thread*, std::allocator<std::thread>&)
0 384
fn=std::thread* std::__relocate_a_1<std::thread*, std::thread*, std::allocator<std::thread> >(std::thread*, std::thread*, std::thread*, std::allocator<std::thread>&)
0 786
fn=std::thread::_Invoker<std::tuple<FinalSolution::Sift::Solution::Build(std::vector<float, std::allocator<float> > const&)::{lambda()#1}> >::_Invoker<FinalSolution::Sift::Solution::Build(std::vector<float, std::allocator<float> > const&)::{lambda()#1}&>(FinalSolution::Sift::Solution::Build(std::vector<float, std::allocator<float> > const&)::{lambda()#1}&)
0 306
fn=std::thread::_Invoker<std::tuple<FinalSolution::Sift::Solution::Build(std::vector<float, std::allocator<float> > const&)::{lambda()#1}> >::operator()()
0 180
fn=std::thread::_M_start_thread(std::unique_ptr<std::thread::_State, std::default_delete<std::thread::_State> >, void (*)())
0 288
fn=std::thread::_State*& std::__get_helper<0ul, std::thread::_State*, std::default_delete<std::thread::_State> >(std::_Tuple_impl<0ul, std::thread::_State*, std::default_delete<std::thread::_State> >&)
0 360
fn=std::thread::_State::_State()
0 180
fn=std::thread::_State::~_State()
0 36
fn=std::thread::_State_impl<std::thread::_Invoker<std::tuple<FinalSolution::Sift::Solution::Build(std::vector<float, std::allocator<float> > const&)::{lambda()#1}> > >::_M_run()
0 216
fn=std::thread::_State_impl<std::thread::_Invoker<std::tuple<FinalSolution::Sift::Solution::Build(std::vector<float, std::allocator<float> > const&)::{lambda()#1}> > >::_State_impl<FinalSolution::Sift::Solution::Build(std::vector<float, std::allocator<float> > const&)::{lambda()#1}&>(FinalSolution::Sift::Solution::Build(std::vector<float, std::allocator<float> > const&)::{lambda()#1}&)
0 432
fn=std::thread::_State_impl<std::thread::_Invoker<std::tuple<FinalSolution::Sift::Solution::Build(std::vector<float, std::allocator<float> > const&)::{lambda()#1}> > >::~_State_impl()
0 504
fn=std::thread::hardware_concurrency()
0 9
fn=std::thread::id::id()
0 882
fn=std::thread::join()
0 306
fn=std::thread::joinable() const
0 1127
fn=std::thread::swap(std::thread&)
0 434
fn=std::thread::thread(std::thread&&)
0 527
fn=std::thread::thread<FinalSolution::Sift::Solution::Build(std::vector<float, std::allocator<float> > const&)::{lambda()#1}&, , void>(FinalSolution::Sift::Solution::Build(std::vector<float, std::allocator<float> > const&)::{lambda()#1}&)
0 864
fn=std::thread::~thread()
0 637
fn=std::to_chars(char*, char*, double)
0 15
fn=std::tuple<FinalSolution::Sift::Solution::Build(std::vector<float, std::allocator<float> > const&)::{lambda()#1}>::tuple<FinalSolution::Sift::Solution::Build(std::vector<float, std::allocator<float> > const&)::{lambda()#1}&, true, true>(FinalSolution::Sift::Solution::Build(std::vector<float, std::allocator<float> > const&)::{lambda()#1}&)
0 306
fn=std::tuple<std::thread::_State*, std::default_delete<std::thread::_State> >::tuple<true, true>()
0 198
fn=std::tuple_element<0ul, std::pair<float, int> >::type&& std::get<0ul, float, int>(std::pair<float, int>&&)
0 7976148
fn=std::tuple_element<0ul, std::tuple<FinalSolution::Sift::Solution::Build(std::vector<float, std::allocator<float> > const&)::{lambda()#1}> >::type&& std::get<0ul, FinalSolution::Sift::Solution::Build(std::vector<float, std::allocator<float> > const&)::{lambda()#1}>(std::tuple<FinalSolution::Sift::Solution::Build(std::vector<float, std::allocator<float> > const&)::{lambda()#1}>&&)
0 198
fn=std::tuple_element<0ul, std::tuple<std::thread::_State*, std::default_delete<std::thread::_State> > >::type& std::get<0ul, std::thread::_State*, std::default_delete<std::thread::_State> >(std::tuple<std::thread::_State*, std::default_delete<std::thread::_State> >&)
0 360
fn=std::tuple_element<1ul, std::pair<float, int> >::type&& std::get<1ul, float, int>(std::pair<float, int>&&)
0 7976148
fn=std::uncaught_exception()
0 18
fn=std::uniform_real_distribution<double>::param_type::a() const
0 160000
fn=std::uniform_real_distribution<double>::param_type::b() const
0 80000
fn=std::uniform_real_distribution<double>::param_type::param_type(double, double)
0 210000
fn=std::uniform_real_distribution<double>::uniform_real_distribution(double, double)
0 170000
fn=std::unique_ptr<std::thread::_State, std::default_delete<std::thread::_State> >::unique_ptr<std::default_delete<std::thread::_State>, void>(std::thread::_State*)
0 252
fn=std::unique_ptr<std::thread::_State, std::default_delete<std::thread::_State> >::~unique_ptr()
0 360
fn=std::unordered_set<int, std::hash<int>, std::equal_to<int>, std::allocator<int> >::count(int const&) const
0 13000
fn=std::unordered_set<int, std::hash<int>, std::equal_to<int>, std::allocator<int> >::unordered_set<__gnu_cxx::__normal_iterator<int*, std::vector<int, std::allocator<int> > > >(__gnu_cxx::__normal_iterator<int*, std::vector<int, std::allocator<int> > >, __gnu_cxx::__normal_iterator<int*, std::vector<int, std::allocator<int> > >, unsigned long, std::hash<int> const&, std::equal_to<int> const&, std::allocator<int> const&)
0 2600
fn=std::unordered_set<int, std::hash<int>, std::equal_to<int>, std::allocator<int> >::~unordered_set()
0 1100
fn=std::vector<FinalSolution::Sift::Solution::Node, std::allocator<FinalSolution::Sift::Solution::Node> >::_M_check_len(unsigned long, char const*) const
0 58
fn=std::vector<FinalSolution::Sift::Solution::Node, std::allocator<FinalSolution::Sift::Solution::Node> >::_M_default_append(unsigned long)
0 111
fn=std::vector<FinalSolution::Sift::Solution::Node, std::allocator<FinalSolution::Sift::Solution::Node> >::_S_max_size(std::allocator<FinalSolution::Sift::Solution::Node> const&)
0 100
fn=std::vector<FinalSolution::Sift::Solution::Node, std::allocator<FinalSolution::Sift::Solution::Node> >::_S_relocate(FinalSolution::Sift::Solution::Node*, FinalSolution::Sift::Solution::Node*, FinalSolution::Sift::Solution::Node*, std::allocator<FinalSolution::Sift::Solution::Node>&)
0 16
fn=std::vector<FinalSolution::Sift::Solution::Node, std::allocator<FinalSolution::Sift::Solution::Node> >::max_size() const
0 48
fn=std::vector<FinalSolution::Sift::Solution::Node, std::allocator<FinalSolution::Sift::Solution::Node> >::operator[](unsigned long)
0 1648416
fn=std::vector<FinalSolution::Sift::Solution::Node, std::allocator<FinalSolution::Sift::Solution::Node> >::resize(unsigned long)
0 26
fn=std::vector<FinalSolution::Sift::Solution::Node, std::allocator<FinalSolution::Sift::Solution::Node> >::size() const
0 91
fn=std::vector<FinalSolution::Sift::Solution::Node, std::allocator<FinalSolution::Sift::Solution::Node> >::vector()
0 11
fn=std::vector<FinalSolution::Sift::Solution::Node, std::allocator<FinalSolution::Sift::Solution::Node> >::~vector()
0 27
fn=std::vector<bool, std::allocator<bool> >::_M_check_len(unsigned long, char const*) const
0 1102
fn=std::vector<bool, std::allocator<bool> >::_M_copy_aligned(std::_Bit_const_iterator, std::_Bit_const_iterator, std::_Bit_iterator)
0 1045
fn=std::vector<bool, std::allocator<bool> >::_M_fill_insert(std::_Bit_iterator, unsigned long, bool)
0 2907
fn=std::vector<bool, std::allocator<bool> >::begin()
0 838117254
fn=std::vector<bool, std::allocator<bool> >::begin() const
0 266552
fn=std::vector<bool, std::allocator<bool> >::capacity() const
0 608
fn=std::vector<bool, std::allocator<bool> >::cbegin() const
0 494
fn=std::vector<bool, std::allocator<bool> >::end()
0 136136
fn=std::vector<bool, std::allocator<bool> >::end() const
0 255825
fn=std::vector<bool, std::allocator<bool> >::insert(std::_Bit_const_iterator, unsigned long, bool const&)
0 1140
fn=std::vector<bool, std::allocator<bool> >::max_size() const
0 722
fn=std::vector<bool, std::allocator<bool> >::operator[](unsigned long)
0 773395368
fn=std::vector<bool, std::allocator<bool> >::resize(unsigned long, bool)
0 988
fn=std::vector<bool, std::allocator<bool> >::size() const
0 286524
fn=std::vector<bool, std::allocator<bool> >::~vector()
0 209
fn=std::vector<float, std::allocator<float> > const& std::forward<std::vector<float, std::allocator<float> > const&>(std::remove_reference<std::vector<float, std::allocator<float> > const&>::type&)
0 700
fn=std::vector<float, std::allocator<float> > const* std::__addressof<std::vector<float, std::allocator<float> > const>(std::vector<float, std::allocator<float> > const&)
0 7
fn=std::vector<float, std::allocator<float> >* std::__addressof<std::vector<float, std::allocator<float> > >(std::vector<float, std::allocator<float> >&)
0 1400
fn=std::vector<float, std::allocator<float> >* std::__do_uninit_fill_n<std::vector<float, std::allocator<float> >*, unsigned long, std::vector<float, std::allocator<float> > >(std::vector<float, std::allocator<float> >*, unsigned long, std::vector<float, std::allocator<float> > const&)
0 1218
fn=std::vector<float, std::allocator<float> >* std::__uninitialized_fill_n<false>::__uninit_fill_n<std::vector<float, std::allocator<float> >*, unsigned long, std::vector<float, std::allocator<float> > >(std::vector<float, std::allocator<float> >*, unsigned long, std::vector<float, std::allocator<float> > const&)
0 15
fn=std::vector<float, std::allocator<float> >* std::__uninitialized_fill_n_a<std::vector<float, std::allocator<float> >*, unsigned long, std::vector<float, std::allocator<float> >, std::vector<float, std::allocator<float> > >(std::vector<float, std::allocator<float> >*, unsigned long, std::vector<float, std::allocator<float> > const&, std::allocator<std::vector<float, std::allocator<float> > >&)
0 20
fn=std::vector<float, std::allocator<float> >* std::uninitialized_fill_n<std::vector<float, std::allocator<float> >*, unsigned long, std::vector<float, std::allocator<float> > >(std::vector<float, std::allocator<float> >*, unsigned long, std::vector<float, std::allocator<float> > const&)
0 16
fn=std::vector<float, std::allocator<float> >::_M_default_initialize(unsigned long)
0 42
fn=std::vector<float, std::allocator<float> >::_S_check_init_len(unsigned long, std::allocator<float> const&)
0 62
fn=std::vector<float, std::allocator<float> >::_S_max_size(std::allocator<float> const&)
0 50
fn=std::vector<float, std::allocator<float> >::begin()
0 1919
fn=std::vector<float, std::allocator<float> >::begin() const
0 1919
fn=std::vector<float, std::allocator<float> >::capacity() const
0 13
fn=std::vector<float, std::allocator<float> >::data()
0 13
fn=std::vector<float, std::allocator<float> >::data() const
0 1300
fn=std::vector<float, std::allocator<float> >::end()
0 2020
fn=std::vector<float, std::allocator<float> >::end() const
0 2020
fn=std::vector<float, std::allocator<float> >::operator=(std::vector<float, std::allocator<float> > const&)
0 108
fn=std::vector<float, std::allocator<float> >::size() const
0 1326
fn=std::vector<float, std::allocator<float> >::vector()
0 11
fn=std::vector<float, std::allocator<float> >::vector(std::vector<float, std::allocator<float> > const&)
0 7100
fn=std::vector<float, std::allocator<float> >::vector(unsigned long, std::allocator<float> const&)
0 58
fn=std::vector<float, std::allocator<float> >::~vector()
0 2781
fn=std::vector<int, std::allocator<int> > const& std::forward<std::vector<int, std::allocator<int> > const&>(std::remove_reference<std::vector<int, std::allocator<int> > const&>::type&)
0 700
fn=std::vector<int, std::allocator<int> > const* std::__addressof<std::vector<int, std::allocator<int> > const>(std::vector<int, std::allocator<int> > const&)
0 72338
fn=std::vector<int, std::allocator<int> >* std::__addressof<std::vector<int, std::allocator<int> > >(std::vector<int, std::allocator<int> >&)
0 146076
fn=std::vector<int, std::allocator<int> >* std::__do_uninit_fill_n<std::vector<int, std::allocator<int> >*, unsigned long, std::vector<int, std::allocator<int> > >(std::vector<int, std::allocator<int> >*, unsigned long, std::vector<int, std::allocator<int> > const&)
0 1218
fn=std::vector<int, std::allocator<int> >* std::__niter_base<std::vector<int, std::allocator<int> >*>(std::vector<int, std::allocator<int> >*)
0 210000
fn=std::vector<int, std::allocator<int> >* std::__relocate_a<std::vector<int, std::allocator<int> >*, std::vector<int, std::allocator<int> >*, std::allocator<std::vector<int, std::allocator<int> > > >(std::vector<int, std::allocator<int> >*, std::vector<int, std::allocator<int> >*, std::vector<int, std::allocator<int> >*, std::allocator<std::vector<int, std::allocator<int> > >&)
0 320000
fn=std::vector<int, std::allocator<int> >* std::__relocate_a_1<std::vector<int, std::allocator<int> >*, std::vector<int, std::allocator<int> >*, std::allocator<std::vector<int, std::allocator<int> > > >(std::vector<int, std::allocator<int> >*, std::vector<int, std::allocator<int> >*, std::vector<int, std::allocator<int> >*, std::allocator<std::vector<int, std::allocator<int> > >&)
0 190000
fn=std::vector<int, std::allocator<int> >* std::__uninitialized_default_n<std::vector<int, std::allocator<int> >*, unsigned long>(std::vector<int, std::allocator<int> >*, unsigned long)
0 180000
fn=std::vector<int, std::allocator<int> >* std::__uninitialized_default_n_1<false>::__uninit_default_n<std::vector<int, std::allocator<int> >*, unsigned long>(std::vector<int, std::allocator<int> >*, unsigned long)
0 233006
fn=std::vector<int, std::allocator<int> >* std::__uninitialized_default_n_a<std::vector<int, std::allocator<int> >*, unsigned long, std::vector<int, std::allocator<int> > >(std::vector<int, std::allocator<int> >*, unsigned long, std::allocator<std::vector<int, std::allocator<int> > >&)
0 140000
fn=std::vector<int, std::allocator<int> >* std::__uninitialized_fill_n<false>::__uninit_fill_n<std::vector<int, std::allocator<int> >*, unsigned long, std::vector<int, std::allocator<int> > >(std::vector<int, std::allocator<int> >*, unsigned long, std::vector<int, std::allocator<int> > const&)
0 15
fn=std::vector<int, std::allocator<int> >* std::__uninitialized_fill_n_a<std::vector<int, std::allocator<int> >*, unsigned long, std::vector<int, std::allocator<int> >, std::vector<int, std::allocator<int> > >(std::vector<int, std::allocator<int> >*, unsigned long, std::vector<int, std::allocator<int> > const&, std::allocator<std::vector<int, std::allocator<int> > >&)
0 20
fn=std::vector<int, std::allocator<int> >* std::uninitialized_fill_n<std::vector<int, std::allocator<int> >*, unsigned long, std::vector<int, std::allocator<int> > >(std::vector<int, std::allocator<int> >*, unsigned long, std::vector<int, std::allocator<int> > const&)
0 16
fn=std::vector<int, std::allocator<int> >::_M_check_len(unsigned long, char const*) const
0 10092
fn=std::vector<int, std::allocator<int> >::_M_default_append(unsigned long)
0 108
fn=std::vector<int, std::allocator<int> >::_M_default_initialize(unsigned long)
0 21
fn=std::vector<int, std::allocator<int> >::_M_fill_insert(__gnu_cxx::__normal_iterator<int*, std::vector<int, std::allocator<int> > >, unsigned long, int const&)
0 135
fn=std::vector<int, std::allocator<int> >::_S_check_init_len(unsigned long, std::allocator<int> const&)
0 31
fn=std::vector<int, std::allocator<int> >::_S_max_size(std::allocator<int> const&)
0 267125
fn=std::vector<int, std::allocator<int> >::_S_relocate(int*, int*, int*, std::allocator<int>&)
0 170864
fn=std::vector<int, std::allocator<int> >::begin()
0 12681303
fn=std::vector<int, std::allocator<int> >::begin() const
0 13273647
fn=std::vector<int, std::allocator<int> >::capacity() const
0 268684
fn=std::vector<int, std::allocator<int> >::data()
0 88400
fn=std::vector<int, std::allocator<int> >::end()
0 13348760
fn=std::vector<int, std::allocator<int> >::end() const
0 13972260
fn=std::vector<int, std::allocator<int> >::max_size() const
0 128208
fn=std::vector<int, std::allocator<int> >::operator=(std::vector<int, std::allocator<int> > const&)
0 1116038
fn=std::vector<int, std::allocator<int> >::operator[](unsigned long)
0 4186176
fn=std::vector<int, std::allocator<int> >::operator[](unsigned long) const
0 12000
fn=std::vector<int, std::allocator<int> >::push_back(int const&)
0 12266150
fn=std::vector<int, std::allocator<int> >::reserve(unsigned long)
0 775050
fn=std::vector<int, std::allocator<int> >::resize(unsigned long)
0 26
fn=std::vector<int, std::allocator<int> >::resize(unsigned long, int const&)
0 36
fn=std::vector<int, std::allocator<int> >::size() const
0 9247407
fn=std::vector<int, std::allocator<int> >::vector()
0 113696
fn=std::vector<int, std::allocator<int> >::vector(std::vector<int, std::allocator<int> > const&)
0 7100
fn=std::vector<int, std::allocator<int> >::vector(unsigned long, std::allocator<int> const&)
0 29
fn=std::vector<int, std::allocator<int> >::~vector()
0 560817
fn=std::vector<std::mutex, std::allocator<std::mutex> >::_M_default_initialize(unsigned long)
0 21
fn=std::vector<std::mutex, std::allocator<std::mutex> >::_S_check_init_len(unsigned long, std::allocator<std::mutex> const&)
0 31
fn=std::vector<std::mutex, std::allocator<std::mutex> >::_S_max_size(std::allocator<std::mutex> const&)
0 25
fn=std::vector<std::mutex, std::allocator<std::mutex> >::operator[](unsigned long)
0 15264720
fn=std::vector<std::mutex, std::allocator<std::mutex> >::vector(unsigned long, std::allocator<std::mutex> const&)
0 29
fn=std::vector<std::mutex, std::allocator<std::mutex> >::~vector()
0 27
fn=std::vector<std::pair<float, int>, std::allocator<std::pair<float, int> > >::_M_check_len(unsigned long, char const*) const
0 141380510
fn=std::vector<std::pair<float, int>, std::allocator<std::pair<float, int> > >::_S_max_size(std::allocator<std::pair<float, int> > const&)
0 122140600
fn=std::vector<std::pair<float, int>, std::allocator<std::pair<float, int> > >::_S_relocate(std::pair<float, int>*, std::pair<float, int>*, std::pair<float, int>*, std::allocator<std::pair<float, int> >&)
0 78169984
fn=std::vector<std::pair<float, int>, std::allocator<std::pair<float, int> > >::back()
0 549483550
fn=std::vector<std::pair<float, int>, std::allocator<std::pair<float, int> > >::begin()
0 489576097
fn=std::vector<std::pair<float, int>, std::allocator<std::pair<float, int> > >::begin() const
0 70151629
fn=std::vector<std::pair<float, int>, std::allocator<std::pair<float, int> > >::capacity() const
0 135642
fn=std::vector<std::pair<float, int>, std::allocator<std::pair<float, int> > >::empty() const
0 35643244
fn=std::vector<std::pair<float, int>, std::allocator<std::pair<float, int> > >::end()
0 954930100
fn=std::vector<std::pair<float, int>, std::allocator<std::pair<float, int> > >::end() const
0 27417880
fn=std::vector<std::pair<float, int>, std::allocator<std::pair<float, int> > >::front() const
0 46425940
fn=std::vector<std::pair<float, int>, std::allocator<std::pair<float, int> > >::max_size() const
0 58627488
fn=std::vector<std::pair<float, int>, std::allocator<std::pair<float, int> > >::pop_back()
0 29245876
fn=std::vector<std::pair<float, int>, std::allocator<std::pair<float, int> > >::push_back(std::pair<float, int> const&)
0 24593123
fn=std::vector<std::pair<float, int>, std::allocator<std::pair<float, int> > >::push_back(std::pair<float, int>&&)
0 373648814
fn=std::vector<std::pair<float, int>, std::allocator<std::pair<float, int> > >::reserve(unsigned long)
0 782550
fn=std::vector<std::pair<float, int>, std::allocator<std::pair<float, int> > >::size() const
0 144036594
fn=std::vector<std::pair<float, int>, std::allocator<std::pair<float, int> > >::vector()
0 3830508
fn=std::vector<std::pair<float, int>, std::allocator<std::pair<float, int> > >::~vector()
0 9683874
fn=std::vector<std::thread, std::allocator<std::thread> >::_M_check_len(unsigned long, char const*) const
0 348
fn=std::vector<std::thread, std::allocator<std::thread> >::_S_max_size(std::allocator<std::thread> const&)
0 300
fn=std::vector<std::thread, std::allocator<std::thread> >::_S_relocate(std::thread*, std::thread*, std::thread*, std::allocator<std::thread>&)
0 192
fn=std::vector<std::thread, std::allocator<std::thread> >::back()
0 450
fn=std::vector<std::thread, std::allocator<std::thread> >::begin()
0 133
fn=std::vector<std::thread, std::allocator<std::thread> >::end()
0 500
fn=std::vector<std::thread, std::allocator<std::thread> >::max_size() const
0 144
fn=std::vector<std::thread, std::allocator<std::thread> >::size() const
0 312
fn=std::vector<std::thread, std::allocator<std::thread> >::~vector()
0 27
fn=std::vector<std::vector<float, std::allocator<float> >, std::allocator<std::vector<float, std::allocator<float> > > >::_M_fill_initialize(unsigned long, std::vector<float, std::allocator<float> > const&)
0 22
fn=std::vector<std::vector<float, std::allocator<float> >, std::allocator<std::vector<float, std::allocator<float> > > >::_S_check_init_len(unsigned long, std::allocator<std::vector<float, std::allocator<float> > > const&)
0 31
fn=std::vector<std::vector<float, std::allocator<float> >, std::allocator<std::vector<float, std::allocator<float> > > >::_S_max_size(std::allocator<std::vector<float, std::allocator<float> > > const&)
0 25
fn=std::vector<std::vector<float, std::allocator<float> >, std::allocator<std::vector<float, std::allocator<float> > > >::begin()
0 19
fn=std::vector<std::vector<float, std::allocator<float> >, std::allocator<std::vector<float, std::allocator<float> > > >::end()
0 20
fn=std::vector<std::vector<float, std::allocator<float> >, std::allocator<std::vector<float, std::allocator<float> > > >::operator[](unsigned long)
0 1500
fn=std::vector<std::vector<float, std::allocator<float> >, std::allocator<std::vector<float, std::allocator<float> > > >::vector(unsigned long, std::vector<float, std::allocator<float> > const&, std::allocator<std::vector<float, std::allocator<float> > > const&)
0 31
fn=std::vector<std::vector<float, std::allocator<float> >, std::allocator<std::vector<float, std::allocator<float> > > >::~vector()
0 27
fn=std::vector<std::vector<int, std::allocator<int> >, std::allocator<std::vector<int, std::allocator<int> > > >* std::__addressof<std::vector<std::vector<int, std::allocator<int> >, std::allocator<std::vector<int, std::allocator<int> > > > >(std::vector<std::vector<int, std::allocator<int> >, std::allocator<std::vector<int, std::allocator<int> > > >&)
0 140000
fn=std::vector<std::vector<int, std::allocator<int> >, std::allocator<std::vector<int, std::allocator<int> > > >* std::__uninitialized_default_n<std::vector<std::vector<int, std::allocator<int> >, std::allocator<std::vector<int, std::allocator<int> > > >*, unsigned long>(std::vector<std::vector<int, std::allocator<int> >, std::allocator<std::vector<int, std::allocator<int> > > >*, unsigned long)
0 18
fn=std::vector<std::vector<int, std::allocator<int> >, std::allocator<std::vector<int, std::allocator<int> > > >* std::__uninitialized_default_n_1<false>::__uninit_default_n<std::vector<std::vector<int, std::allocator<int> >, std::allocator<std::vector<int, std::allocator<int> > > >*, unsigned long>(std::vector<std::vector<int, std::allocator<int> >, std::allocator<std::vector<int, std::allocator<int> > > >*, unsigned long)
0 90014
fn=std::vector<std::vector<int, std::allocator<int> >, std::allocator<std::vector<int, std::allocator<int> > > >* std::__uninitialized_default_n_a<std::vector<std::vector<int, std::allocator<int> >, std::allocator<std::vector<int, std::allocator<int> > > >*, unsigned long, std::vector<std::vector<int, std::allocator<int> >, std::allocator<std::vector<int, std::allocator<int> > > > >(std::vector<std::vector<int, std::allocator<int> >, std::allocator<std::vector<int, std::allocator<int> > > >*, unsigned long, std::allocator<std::vector<std::vector<int, std::allocator<int> >, std::allocator<std::vector<int, std::allocator<int> > > > >&)
0 14
fn=std::vector<std::vector<int, std::allocator<int> >, std::allocator<std::vector<int, std::allocator<int> > > >::_M_check_len(unsigned long, char const*) const
0 580000
fn=std::vector<std::vector<int, std::allocator<int> >, std::allocator<std::vector<int, std::allocator<int> > > >::_M_default_append(unsigned long)
0 1250000
fn=std::vector<std::vector<int, std::allocator<int> >, std::allocator<std::vector<int, std::allocator<int> > > >::_M_fill_initialize(unsigned long, std::vector<int, std::allocator<int> > const&)
0 22
fn=std::vector<std::vector<int, std::allocator<int> >, std::allocator<std::vector<int, std::allocator<int> > > >::_S_check_init_len(unsigned long, std::allocator<std::vector<int, std::allocator<int> > > const&)
0 31
fn=std::vector<std::vector<int, std::allocator<int> >, std::allocator<std::vector<int, std::allocator<int> > > >::_S_max_size(std::allocator<std::vector<int, std::allocator<int> > > const&)
0 1000025
fn=std::vector<std::vector<int, std::allocator<int> >, std::allocator<std::vector<int, std::allocator<int> > > >::_S_relocate(std::vector<int, std::allocator<int> >*, std::vector<int, std::allocator<int> >*, std::vector<int, std::allocator<int> >*, std::allocator<std::vector<int, std::allocator<int> > >&)
0 160000
fn=std::vector<std::vector<int, std::allocator<int> >, std::allocator<std::vector<int, std::allocator<int> > > >::max_size() const
0 480000
fn=std::vector<std::vector<int, std::allocator<int> >, std::allocator<std::vector<int, std::allocator<int> > > >::operator[](unsigned long)
0 5396535
fn=std::vector<std::vector<int, std::allocator<int> >, std::allocator<std::vector<int, std::allocator<int> > > >::operator[](unsigned long) const
0 10197705
fn=std::vector<std::vector<int, std::allocator<int> >, std::allocator<std::vector<int, std::allocator<int> > > >::resize(unsigned long)
0 260000
fn=std::vector<std::vector<int, std::allocator<int> >, std::allocator<std::vector<int, std::allocator<int> > > >::size() const
0 15373162
fn=std::vector<std::vector<int, std::allocator<int> >, std::allocator<std::vector<int, std::allocator<int> > > >::vector()
0 110000
fn=std::vector<std::vector<int, std::allocator<int> >, std::allocator<std::vector<int, std::allocator<int> > > >::vector(unsigned long, std::vector<int, std::allocator<int> > const&, std::allocator<std::vector<int, std::allocator<int> > > const&)
0 31
fn=std::vector<std::vector<int, std::allocator<int> >, std::allocator<std::vector<int, std::allocator<int> > > >::~vector()
0 270027
fn=std::vector<std::vector<std::vector<int, std::allocator<int> >, std::allocator<std::vector<int, std::allocator<int> > > >, std::allocator<std::vector<std::vector<int, std::allocator<int> >, std::allocator<std::vector<int, std::allocator<int> > > > > >::_M_default_initialize(unsigned long)
0 21
fn=std::vector<std::vector<std::vector<int, std::allocator<int> >, std::allocator<std::vector<int, std::allocator<int> > > >, std::allocator<std::vector<std::vector<int, std::allocator<int> >, std::allocator<std::vector<int, std::allocator<int> > > > > >::_S_check_init_len(unsigned long, std::allocator<std::vector<std::vector<int, std::allocator<int> >, std::allocator<std::vector<int, std::allocator<int> > > > > const&)
0 31
fn=std::vector<std::vector<std::vector<int, std::allocator<int> >, std::allocator<std::vector<int, std::allocator<int> > > >, std::allocator<std::vector<std::vector<int, std::allocator<int> >, std::allocator<std::vector<int, std::allocator<int> > > > > >::_S_max_size(std::allocator<std::vector<std::vector<int, std::allocator<int> >, std::allocator<std::vector<int, std::allocator<int> > > > > const&)
0 25
fn=std::vector<std::vector<std::vector<int, std::allocator<int> >, std::allocator<std::vector<int, std::allocator<int> > > >, std::allocator<std::vector<std::vector<int, std::allocator<int> >, std::allocator<std::vector<int, std::allocator<int> > > > > >::operator[](unsigned long)
0 10779060
fn=std::vector<std::vector<std::vector<int, std::allocator<int> >, std::allocator<std::vector<int, std::allocator<int> > > >, std::allocator<std::vector<std::vector<int, std::allocator<int> >, std::allocator<std::vector<int, std::allocator<int> > > > > >::operator[](unsigned long) const
0 20365410
fn=std::vector<std::vector<std::vector<int, std::allocator<int> >, std::allocator<std::vector<int, std::allocator<int> > > >, std::allocator<std::vector<std::vector<int, std::allocator<int> >, std::allocator<std::vector<int, std::allocator<int> > > > > >::vector(unsigned long, std::allocator<std::vector<std::vector<int, std::allocator<int> >, std::allocator<std::vector<int, std::allocator<int> > > > > const&)
0 29
fn=std::vector<std::vector<std::vector<int, std::allocator<int> >, std::allocator<std::vector<int, std::allocator<int> > > >, std::allocator<std::vector<std::vector<int, std::allocator<int> >, std::allocator<std::vector<int, std::allocator<int> > > > > >::~vector()
0 27
fn=std::vector<std::vector<unsigned long, std::allocator<unsigned long> >, std::allocator<std::vector<unsigned long, std::allocator<unsigned long> > > >::_M_fill_initialize(unsigned long, std::vector<unsigned long, std::allocator<unsigned long> > const&)
0 22
fn=std::vector<std::vector<unsigned long, std::allocator<unsigned long> >, std::allocator<std::vector<unsigned long, std::allocator<unsigned long> > > >::_S_check_init_len(unsigned long, std::allocator<std::vector<unsigned long, std::allocator<unsigned long> > > const&)
0 31
fn=std::vector<std::vector<unsigned long, std::allocator<unsigned long> >, std::allocator<std::vector<unsigned long, std::allocator<unsigned long> > > >::_S_max_size(std::allocator<std::vector<unsigned long, std::allocator<unsigned long> > > const&)
0 25
fn=std::vector<std::vector<unsigned long, std::allocator<unsigned long> >, std::allocator<std::vector<unsigned long, std::allocator<unsigned long> > > >::begin()
0 19
fn=std::vector<std::vector<unsigned long, std::allocator<unsigned long> >, std::allocator<std::vector<unsigned long, std::allocator<unsigned long> > > >::end()
0 20
fn=std::vector<std::vector<unsigned long, std::allocator<unsigned long> >, std::allocator<std::vector<unsigned long, std::allocator<unsigned long> > > >::operator[](unsigned long)
0 15000
fn=std::vector<std::vector<unsigned long, std::allocator<unsigned long> >, std::allocator<std::vector<unsigned long, std::allocator<unsigned long> > > >::vector(unsigned long, std::vector<unsigned long, std::allocator<unsigned long> > const&, std::allocator<std::vector<unsigned long, std::allocator<unsigned long> > > const&)
0 31
fn=std::vector<std::vector<unsigned long, std::allocator<unsigned long> >, std::allocator<std::vector<unsigned long, std::allocator<unsigned long> > > >::~vector()
0 27
fn=std::vector<unsigned long, std::allocator<unsigned long> > const& std::forward<std::vector<unsigned long, std::allocator<unsigned long> > const&>(std::remove_reference<std::vector<unsigned long, std::allocator<unsigned long> > const&>::type&)
0 700
fn=std::vector<unsigned long, std::allocator<unsigned long> >* std::__addressof<std::vector<unsigned long, std::allocator<unsigned long> > >(std::vector<unsigned long, std::allocator<unsigned long> >&)
0 1400
fn=std::vector<unsigned long, std::allocator<unsigned long> >* std::__do_uninit_fill_n<std::vector<unsigned long, std::allocator<unsigned long> >*, unsigned long, std::vector<unsigned long, std::allocator<unsigned long> > >(std::vector<unsigned long, std::allocator<unsigned long> >*, unsigned long, std::vector<unsigned long, std::allocator<unsigned long> > const&)
0 1218
fn=std::vector<unsigned long, std::allocator<unsigned long> >* std::__uninitialized_fill_n<false>::__uninit_fill_n<std::vector<unsigned long, std::allocator<unsigned long> >*, unsigned long, std::vector<unsigned long, std::allocator<unsigned long> > >(std::vector<unsigned long, std::allocator<unsigned long> >*, unsigned long, std::vector<unsigned long, std::allocator<unsigned long> > const&)
0 15
fn=std::vector<unsigned long, std::allocator<unsigned long> >* std::__uninitialized_fill_n_a<std::vector<unsigned long, std::allocator<unsigned long> >*, unsigned long, std::vector<unsigned long, std::allocator<unsigned long> >, std::vector<unsigned long, std::allocator<unsigned long> > >(std::vector<unsigned long, std::allocator<unsigned long> >*, unsigned long, std::vector<unsigned long, std::allocator<unsigned long> > const&, std::allocator<std::vector<unsigned long, std::allocator<unsigned long> > >&)
0 20
fn=std::vector<unsigned long, std::allocator<unsigned long> >* std::uninitialized_fill_n<std::vector<unsigned long, std::allocator<unsigned long> >*, unsigned long, std::vector<unsigned long, std::allocator<unsigned long> > >(std::vector<unsigned long, std::allocator<unsigned long> >*, unsigned long, std::vector<unsigned long, std::allocator<unsigned long> > const&)
0 16
fn=std::vector<unsigned long, std::allocator<unsigned long> >::_M_default_initialize(unsigned long)
0 21
fn=std::vector<unsigned long, std::allocator<unsigned long> >::_S_check_init_len(unsigned long, std::allocator<unsigned long> const&)
0 31
fn=std::vector<unsigned long, std::allocator<unsigned long> >::_S_max_size(std::allocator<unsigned long> const&)
0 25
fn=std::vector<unsigned long, std::allocator<unsigned long> >::begin()
0 1900
fn=std::vector<unsigned long, std::allocator<unsigned long> >::begin() const
0 1900
fn=std::vector<unsigned long, std::allocator<unsigned long> >::end()
0 2000
fn=std::vector<unsigned long, std::allocator<unsigned long> >::end() const
0 2000
fn=std::vector<unsigned long, std::allocator<unsigned long> >::operator[](unsigned long)
0 12000
fn=std::vector<unsigned long, std::allocator<unsigned long> >::size() const
0 1300
fn=std::vector<unsigned long, std::allocator<unsigned long> >::vector(std::vector<unsigned long, std::allocator<unsigned long> > const&)
0 7100
fn=std::vector<unsigned long, std::allocator<unsigned long> >::vector(unsigned long, std::allocator<unsigned long> const&)
0 29
fn=std::vector<unsigned long, std::allocator<unsigned long> >::~vector()
0 2727
fn=std::vformat[abi:cxx11](std::basic_string_view<char, std::char_traits<char> >, std::basic_format_args<std::basic_format_context<std::__format::_Sink_iter<char>, char> >)
0 636
fn=unsigned long const& std::max<unsigned long>(unsigned long const&, unsigned long const&)
0 34777383
fn=unsigned long const& std::min<unsigned long>(unsigned long const&, unsigned long const&)
0 69108914
fn=unsigned long const* std::__niter_base<unsigned long const*, std::vector<unsigned long, std::allocator<unsigned long> > >(__gnu_cxx::__normal_iterator<unsigned long const*, std::vector<unsigned long, std::allocator<unsigned long> > >)
0 2200
fn=unsigned long std::__detail::_Hash_code_base<int, int, std::__detail::_Identity, std::hash<int>, std::__detail::_Mod_range_hashing, std::__detail::_Default_ranged_hash, false>::_M_hash_code_tr<int>(int const&) const
0 17000
fn=unsigned long std::__detail::__mod<unsigned long, 4294967296ul, 1ul, 0ul>(unsigned long)
0 13728
fn=unsigned long std::__detail::__mod<unsigned long, 624ul, 1ul, 0ul>(unsigned long)
0 13706
fn=unsigned long std::__format::_Spec<char>::_M_get_width<std::basic_format_context<std::__format::_Sink_iter<char>, char> >(std::basic_format_context<std::__format::_Sink_iter<char>, char>&) const
0 130
fn=unsigned long* std::__addressof<unsigned long>(unsigned long&)
0 273
fn=unsigned long* std::__copy_move<false, true, std::random_access_iterator_tag>::__copy_m<unsigned long const, unsigned long>(unsigned long const*, unsigned long const*, unsigned long*)
0 3000
fn=unsigned long* std::__copy_move<false, true, std::random_access_iterator_tag>::__copy_m<unsigned long, unsigned long>(unsigned long*, unsigned long*, unsigned long*)
0 456
fn=unsigned long* std::__copy_move_a1<false, unsigned long const*, unsigned long*>(unsigned long const*, unsigned long const*, unsigned long*)
0 1500
fn=unsigned long* std::__copy_move_a1<false, unsigned long*, unsigned long*>(unsigned long*, unsigned long*, unsigned long*)
0 285
fn=unsigned long* std::__copy_move_a2<false, unsigned long const*, unsigned long*>(unsigned long const*, unsigned long const*, unsigned long*)
0 1900
fn=unsigned long* std::__copy_move_a2<false, unsigned long*, unsigned long*>(unsigned long*, unsigned long*, unsigned long*)
0 361
fn=unsigned long* std::__copy_move_a<false, __gnu_cxx::__normal_iterator<unsigned long const*, std::vector<unsigned long, std::allocator<unsigned long> > >, unsigned long*>(__gnu_cxx::__normal_iterator<unsigned long const*, std::vector<unsigned long, std::allocator<unsigned long> > >, __gnu_cxx::__normal_iterator<unsigned long const*, std::vector<unsigned long, std::allocator<unsigned long> > >, unsigned long*)
0 3400
fn=unsigned long* std::__copy_move_a<false, unsigned long*, unsigned long*>(unsigned long*, unsigned long*, unsigned long*)
0 646
fn=unsigned long* std::__fill_n_a<unsigned long*, unsigned long, unsigned long>(unsigned long*, unsigned long, unsigned long const&, std::random_access_iterator_tag)
0 24
fn=unsigned long* std::__miter_base<unsigned long*>(unsigned long*)
0 266
fn=unsigned long* std::__niter_base<unsigned long*>(unsigned long*)
0 1099
fn=unsigned long* std::__niter_wrap<unsigned long*>(unsigned long* const&, unsigned long*)
0 952
fn=unsigned long* std::__uninitialized_copy<true>::__uninit_copy<__gnu_cxx::__normal_iterator<unsigned long const*, std::vector<unsigned long, std::allocator<unsigned long> > >, unsigned long*>(__gnu_cxx::__normal_iterator<unsigned long const*, std::vector<unsigned long, std::allocator<unsigned long> > >, __gnu_cxx::__normal_iterator<unsigned long const*, std::vector<unsigned long, std::allocator<unsigned long> > >, unsigned long*)
0 1500
fn=unsigned long* std::__uninitialized_copy_a<__gnu_cxx::__normal_iterator<unsigned long const*, std::vector<unsigned long, std::allocator<unsigned long> > >, unsigned long*, unsigned long>(__gnu_cxx::__normal_iterator<unsigned long const*, std::vector<unsigned long, std::allocator<unsigned long> > >, __gnu_cxx::__normal_iterator<unsigned long const*, std::vector<unsigned long, std::allocator<unsigned long> > >, unsigned long*, std::allocator<unsigned long>&)
0 2000
fn=unsigned long* std::__uninitialized_default_n<unsigned long*, unsigned long>(unsigned long*, unsigned long)
0 18
fn=unsigned long* std::__uninitialized_default_n_1<true>::__uninit_default_n<unsigned long*, unsigned long>(unsigned long*, unsigned long)
0 27
fn=unsigned long* std::__uninitialized_default_n_a<unsigned long*, unsigned long, unsigned long>(unsigned long*, unsigned long, std::allocator<unsigned long>&)
0 14
fn=unsigned long* std::copy<__gnu_cxx::__normal_iterator<unsigned long const*, std::vector<unsigned long, std::allocator<unsigned long> > >, unsigned long*>(__gnu_cxx::__normal_iterator<unsigned long const*, std::vector<unsigned long, std::allocator<unsigned long> > >, __gnu_cxx::__normal_iterator<unsigned long const*, std::vector<unsigned long, std::allocator<unsigned long> > >, unsigned long*)
0 2400
fn=unsigned long* std::copy<unsigned long*, unsigned long*>(unsigned long*, unsigned long*, unsigned long*)
0 456
fn=unsigned long* std::fill_n<unsigned long*, unsigned long, unsigned long>(unsigned long*, unsigned long, unsigned long const&)
0 19
fn=unsigned long* std::uninitialized_copy<__gnu_cxx::__normal_iterator<unsigned long const*, std::vector<unsigned long, std::allocator<unsigned long> > >, unsigned long*>(__gnu_cxx::__normal_iterator<unsigned long const*, std::vector<unsigned long, std::allocator<unsigned long> > >, __gnu_cxx::__normal_iterator<unsigned long const*, std::vector<unsigned long, std::allocator<unsigned long> > >, unsigned long*)
0 1700
fn=void std::_Construct<FinalSolution::Sift::Solution::Node>(FinalSolution::Sift::Solution::Node*)
0 16
fn=void std::_Construct<float>(float*)
0 32
fn=void std::_Construct<int>(int*)
0 30
fn=void std::_Construct<std::mutex>(std::mutex*)
0 200000
fn=void std::_Construct<std::vector<float, std::allocator<float> >, std::vector<float, std::allocator<float> > const&>(std::vector<float, std::allocator<float> >*, std::vector<float, std::allocator<float> > const&)
0 3300
fn=void std::_Construct<std::vector<int, std::allocator<int> >, std::vector<int, std::allocator<int> > const&>(std::vector<int, std::allocator<int> >*, std::vector<int, std::allocator<int> > const&)
0 3300
fn=void std::_Construct<std::vector<int, std::allocator<int> >>(std::vector<int, std::allocator<int> >*)
0 196346
fn=void std::_Construct<std::vector<std::vector<int, std::allocator<int> >, std::allocator<std::vector<int, std::allocator<int> > > >>(std::vector<std::vector<int, std::allocator<int> >, std::allocator<std::vector<int, std::allocator<int> > > >*)
0 190000
fn=void std::_Construct<std::vector<unsigned long, std::allocator<unsigned long> >, std::vector<unsigned long, std::allocator<unsigned long> > const&>(std::vector<unsigned long, std::allocator<unsigned long> >*, std::vector<unsigned long, std::allocator<unsigned long> > const&)
0 3300
fn=void std::_Construct<unsigned long>(unsigned long*)
0 15
fn=void std::_Destroy<FinalSolution::Sift::Solution::Node*>(FinalSolution::Sift::Solution::Node*, FinalSolution::Sift::Solution::Node*)
0 16
fn=void std::_Destroy<__gnu_cxx::__normal_iterator<int*, std::vector<int, std::allocator<int> > > >(__gnu_cxx::__normal_iterator<int*, std::vector<int, std::allocator<int> > >, __gnu_cxx::__normal_iterator<int*, std::vector<int, std::allocator<int> > >)
0 32
fn=void std::_Destroy<float*>(float*, float*)
0 1664
fn=void std::_Destroy<int*>(int*, int*)
0 497664
fn=void std::_Destroy<std::mutex*>(std::mutex*, std::mutex*)
0 16
fn=void std::_Destroy<std::pair<float, int>*>(std::pair<float, int>*, std::pair<float, int>*)
0 5738592
fn=void std::_Destroy<std::thread*>(std::thread*, std::thread*)
0 16
fn=void std::_Destroy<std::thread>(std::thread*)
0 198
fn=void std::_Destroy<std::vector<float, std::allocator<float> > >(std::vector<float, std::allocator<float> >*)
0 1100
fn=void std::_Destroy<std::vector<float, std::allocator<float> >*>(std::vector<float, std::allocator<float> >*, std::vector<float, std::allocator<float> >*)
0 16
fn=void std::_Destroy<std::vector<int, std::allocator<int> > >(std::vector<int, std::allocator<int> >*)
0 114774
fn=void std::_Destroy<std::vector<int, std::allocator<int> >*>(std::vector<int, std::allocator<int> >*, std::vector<int, std::allocator<int> >*)
0 160016
fn=void std::_Destroy<std::vector<std::vector<int, std::allocator<int> >, std::allocator<std::vector<int, std::allocator<int> > > > >(std::vector<std::vector<int, std::allocator<int> >, std::allocator<std::vector<int, std::allocator<int> > > >*)
0 110000
fn=void std::_Destroy<std::vector<std::vector<int, std::allocator<int> >, std::allocator<std::vector<int, std::allocator<int> > > >*>(std::vector<std::vector<int, std::allocator<int> >, std::allocator<std::vector<int, std::allocator<int> > > >*, std::vector<std::vector<int, std::allocator<int> >, std::allocator<std::vector<int, std::allocator<int> > > >*)
0 16
fn=void std::_Destroy<std::vector<unsigned long, std::allocator<unsigned long> > >(std::vector<unsigned long, std::allocator<unsigned long> >*)
0 1100
fn=void std::_Destroy<std::vector<unsigned long, std::allocator<unsigned long> >*>(std::vector<unsigned long, std::allocator<unsigned long> >*, std::vector<unsigned long, std::allocator<unsigned long> >*)
0 16
fn=void std::_Destroy<unsigned long*>(unsigned long*, unsigned long*)
0 1616
fn=void std::_Destroy_aux<false>::__destroy<std::thread*>(std::thread*, std::thread*)
0 176
fn=void std::_Destroy_aux<false>::__destroy<std::vector<float, std::allocator<float> >*>(std::vector<float, std::allocator<float> >*, std::vector<float, std::allocator<float> >*)
0 914
fn=void std::_Destroy_aux<false>::__destroy<std::vector<int, std::allocator<int> >*>(std::vector<int, std::allocator<int> >*, std::vector<int, std::allocator<int> >*)
0 233920
fn=void std::_Destroy_aux<false>::__destroy<std::vector<std::vector<int, std::allocator<int> >, std::allocator<std::vector<int, std::allocator<int> > > >*>(std::vector<std::vector<int, std::allocator<int> >, std::allocator<std::vector<int, std::allocator<int> > > >*, std::vector<std::vector<int, std::allocator<int> >, std::allocator<std::vector<int, std::allocator<int> > > >*)
0 90014
fn=void std::_Destroy_aux<false>::__destroy<std::vector<unsigned long, std::allocator<unsigned long> >*>(std::vector<unsigned long, std::allocator<unsigned long> >*, std::vector<unsigned long, std::allocator<unsigned long> >*)
0 914
fn=void std::_Destroy_aux<true>::__destroy<FinalSolution::Sift::Solution::Node*>(FinalSolution::Sift::Solution::Node*, FinalSolution::Sift::Solution::Node*)
0 8
fn=void std::_Destroy_aux<true>::__destroy<__gnu_cxx::__normal_iterator<int*, std::vector<int, std::allocator<int> > > >(__gnu_cxx::__normal_iterator<int*, std::vector<int, std::allocator<int> > >, __gnu_cxx::__normal_iterator<int*, std::vector<int, std::allocator<int> > >)
0 16
fn=void std::_Destroy_aux<true>::__destroy<float*>(float*, float*)
0 832
fn=void std::_Destroy_aux<true>::__destroy<int*>(int*, int*)
0 248832
fn=void std::_Destroy_aux<true>::__destroy<std::mutex*>(std::mutex*, std::mutex*)
0 8
fn=void std::_Destroy_aux<true>::__destroy<std::pair<float, int>*>(std::pair<float, int>*, std::pair<float, int>*)
0 2869296
fn=void std::_Destroy_aux<true>::__destroy<unsigned long*>(unsigned long*, unsigned long*)
0 808
fn=void std::__adjust_heap<__gnu_cxx::__normal_iterator<std::pair<float, int>*, std::vector<std::pair<float, int>, std::allocator<std::pair<float, int> > > >, long, std::pair<float, int>, __gnu_cxx::__ops::_Iter_comp_iter<std::greater<void> > >(__gnu_cxx::__normal_iterator<std::pair<float, int>*, std::vector<std::pair<float, int>, std::allocator<std::pair<float, int> > > >, long, long, std::pair<float, int>, __gnu_cxx::__ops::_Iter_comp_iter<std::greater<void> >)
0 171851889
fn=void std::__adjust_heap<__gnu_cxx::__normal_iterator<std::pair<float, int>*, std::vector<std::pair<float, int>, std::allocator<std::pair<float, int> > > >, long, std::pair<float, int>, __gnu_cxx::__ops::_Iter_comp_iter<std::less<std::pair<float, int> > > >(__gnu_cxx::__normal_iterator<std::pair<float, int>*, std::vector<std::pair<float, int>, std::allocator<std::pair<float, int> > > >, long, long, std::pair<float, int>, __gnu_cxx::__ops::_Iter_comp_iter<std::less<std::pair<float, int> > >)
0 166502015
fn=void std::__copy_move<false, false, std::random_access_iterator_tag>::__assign_one<int, int const>(int*, int const*)
0 48
fn=void std::__cxx11::basic_string<char, std::char_traits<char>, std::allocator<char> >::_M_construct<char const*>(char const*, char const*, std::forward_iterator_tag)
0 213
fn=void std::__detail::_Insert_base<int, int, std::allocator<int>, std::__detail::_Identity, std::equal_to<int>, std::hash<int>, std::__detail::_Mod_range_hashing, std::__detail::_Default_ranged_hash, std::__detail::_Prime_rehash_policy, std::__detail::_Hashtable_traits<false, true, true> >::_M_insert_range<__gnu_cxx::__normal_iterator<int*, std::vector<int, std::allocator<int> > >, std::__detail::_AllocNode<std::allocator<std::__detail::_Hash_node<int, false> > > >(__gnu_cxx::__normal_iterator<int*, std::vector<int, std::allocator<int> > >, __gnu_cxx::__normal_iterator<int*, std::vector<int, std::allocator<int> > >, std::__detail::_AllocNode<std::allocator<std::__detail::_Hash_node<int, false> > > const&, std::integral_constant<bool, true>)
0 22500
fn=void std::__detail::_Insert_base<int, int, std::allocator<int>, std::__detail::_Identity, std::equal_to<int>, std::hash<int>, std::__detail::_Mod_range_hashing, std::__detail::_Default_ranged_hash, std::__detail::_Prime_rehash_policy, std::__detail::_Hashtable_traits<false, true, true> >::insert<__gnu_cxx::__normal_iterator<int*, std::vector<int, std::allocator<int> > > >(__gnu_cxx::__normal_iterator<int*, std::vector<int, std::allocator<int> > >, __gnu_cxx::__normal_iterator<int*, std::vector<int, std::allocator<int> > >)
0 3100
fn=void std::__fill_a<FinalSolution::Sift::Solution::Node*, FinalSolution::Sift::Solution::Node>(FinalSolution::Sift::Solution::Node*, FinalSolution::Sift::Solution::Node*, FinalSolution::Sift::Solution::Node const&)
0 16
fn=void std::__fill_a<float*, float>(float*, float*, float const&)
0 32
fn=void std::__fill_a<int*, int>(int*, int*, int const&)
0 48
fn=void std::__fill_a<std::_Bit_iterator, bool>(std::_Bit_iterator, std::_Bit_iterator, bool const&)
0 240419
fn=void std::__fill_a<unsigned long*, unsigned long>(unsigned long*, unsigned long*, unsigned long const&)
0 16
fn=void std::__invoke_impl<void, FinalSolution::Sift::Solution::Build(std::vector<float, std::allocator<float> > const&)::{lambda()#1}>(std::__invoke_other, FinalSolution::Sift::Solution::Build(std::vector<float, std::allocator<float> > const&)::{lambda()#1}&&)
0 216
fn=void std::__pop_heap<__gnu_cxx::__normal_iterator<std::pair<float, int>*, std::vector<std::pair<float, int>, std::allocator<std::pair<float, int> > > >, __gnu_cxx::__ops::_Iter_comp_iter<std::greater<void> > >(__gnu_cxx::__normal_iterator<std::pair<float, int>*, std::vector<std::pair<float, int>, std::allocator<std::pair<float, int> > > >, __gnu_cxx::__normal_iterator<std::pair<float, int>*, std::vector<std::pair<float, int>, std::allocator<std::pair<float, int> > > >, __gnu_cxx::__normal_iterator<std::pair<float, int>*, std::vector<std::pair<float, int>, std::allocator<std::pair<float, int> > > >, __gnu_cxx::__ops::_Iter_comp_iter<std::greater<void> >&)
0 35409825
fn=void std::__pop_heap<__gnu_cxx::__normal_iterator<std::pair<float, int>*, std::vector<std::pair<float, int>, std::allocator<std::pair<float, int> > > >, __gnu_cxx::__ops::_Iter_comp_iter<std::less<std::pair<float, int> > > >(__gnu_cxx::__normal_iterator<std::pair<float, int>*, std::vector<std::pair<float, int>, std::allocator<std::pair<float, int> > > >, __gnu_cxx::__normal_iterator<std::pair<float, int>*, std::vector<std::pair<float, int>, std::allocator<std::pair<float, int> > > >, __gnu_cxx::__normal_iterator<std::pair<float, int>*, std::vector<std::pair<float, int>, std::allocator<std::pair<float, int> > > >, __gnu_cxx::__ops::_Iter_comp_iter<std::less<std::pair<float, int> > >&)
0 35983475
fn=void std::__push_heap<__gnu_cxx::__normal_iterator<std::pair<float, int>*, std::vector<std::pair<float, int>, std::allocator<std::pair<float, int> > > >, long, std::pair<float, int>, __gnu_cxx::__ops::_Iter_comp_val<std::greater<void> > >(__gnu_cxx::__normal_iterator<std::pair<float, int>*, std::vector<std::pair<float, int>, std::allocator<std::pair<float, int> > > >, long, long, std::pair<float, int>, __gnu_cxx::__ops::_Iter_comp_val<std::greater<void> >&)
0 89089671
fn=void std::__push_heap<__gnu_cxx::__normal_iterator<std::pair<float, int>*, std::vector<std::pair<float, int>, std::allocator<std::pair<float, int> > > >, long, std::pair<float, int>, __gnu_cxx::__ops::_Iter_comp_val<std::less<std::pair<float, int> > > >(__gnu_cxx::__normal_iterator<std::pair<float, int>*, std::vector<std::pair<float, int>, std::allocator<std::pair<float, int> > > >, long, long, std::pair<float, int>, __gnu_cxx::__ops::_Iter_comp_val<std::less<std::pair<float, int> > >&)
0 5133811301
fn=void std::__relocate_object_a<std::pair<float, int>, std::pair<float, int>, std::allocator<std::pair<float, int> > >(std::pair<float, int>*, std::pair<float, int>*, std::allocator<std::pair<float, int> >&)
0 823755383
fn=void std::__relocate_object_a<std::thread, std::thread, std::allocator<std::thread> >(std::thread*, std::thread*, std::allocator<std::thread>&)
0 1147
fn=void std::__reverse<__gnu_cxx::__normal_iterator<std::pair<float, int>*, std::vector<std::pair<float, int>, std::allocator<std::pair<float, int> > > > >(__gnu_cxx::__normal_iterator<std::pair<float, int>*, std::vector<std::pair<float, int>, std::allocator<std::pair<float, int> > > >, __gnu_cxx::__normal_iterator<std::pair<float, int>*, std::vector<std::pair<float, int>, std::allocator<std::pair<float, int> > > >, std::random_access_iterator_tag)
0 6845546
fn=void std::basic_format_arg<std::basic_format_context<std::__format::_Sink_iter<char>, char> >::_M_set<double>(double)
0 100
fn=void std::basic_format_arg<std::basic_format_context<std::__format::_Sink_iter<char>, char> >::_M_set<std::basic_string_view<char, std::char_traits<char> > >(std::basic_string_view<char, std::char_traits<char> >)
0 36
fn=void std::destroy_at<int>(int*)
0 7000
fn=void std::destroy_at<std::pair<float, int> >(std::pair<float, int>*)
0 165151119
fn=void std::destroy_at<std::thread>(std::thread*)
0 539
fn=void std::destroy_at<std::vector<float, std::allocator<float> > >(std::vector<float, std::allocator<float> >*)
0 1100
fn=void std::destroy_at<std::vector<int, std::allocator<int> > >(std::vector<int, std::allocator<int> >*)
0 114774
fn=void std::destroy_at<std::vector<std::vector<int, std::allocator<int> >, std::allocator<std::vector<int, std::allocator<int> > > > >(std::vector<std::vector<int, std::allocator<int> >, std::allocator<std::vector<int, std::allocator<int> > > >*)
0 110000
fn=void std::destroy_at<std::vector<unsigned long, std::allocator<unsigned long> > >(std::vector<unsigned long, std::allocator<unsigned long> >*)
0 1100
fn=void std::fill<std::_Bit_iterator, bool>(std::_Bit_iterator, std::_Bit_iterator, bool const&)
0 240419
fn=void std::iter_swap<__gnu_cxx::__normal_iterator<std::pair<float, int>*, std::vector<std::pair<float, int>, std::allocator<std::pair<float, int> > > >, __gnu_cxx::__normal_iterator<std::pair<float, int>*, std::vector<std::pair<float, int>, std::allocator<std::pair<float, int> > > > >(__gnu_cxx::__normal_iterator<std::pair<float, int>*, std::vector<std::pair<float, int>, std::allocator<std::pair<float, int> > > >, __gnu_cxx::__normal_iterator<std::pair<float, int>*, std::vector<std::pair<float, int>, std::allocator<std::pair<float, int> > > >)
0 6870108
fn=void std::pop_heap<__gnu_cxx::__normal_iterator<std::pair<float, int>*, std::vector<std::pair<float, int>, std::allocator<std::pair<float, int> > > >, std::greater<void> >(__gnu_cxx::__normal_iterator<std::pair<float, int>*, std::vector<std::pair<float, int>, std::allocator<std::pair<float, int> > > >, __gnu_cxx::__normal_iterator<std::pair<float, int>*, std::vector<std::pair<float, int>, std::allocator<std::pair<float, int> > > >, std::greater<void>)
0 21746631
fn=void std::pop_heap<__gnu_cxx::__normal_iterator<std::pair<float, int>*, std::vector<std::pair<float, int>, std::allocator<std::pair<float, int> > > >, std::less<std::pair<float, int> > >(__gnu_cxx::__normal_iterator<std::pair<float, int>*, std::vector<std::pair<float, int>, std::allocator<std::pair<float, int> > > >, __gnu_cxx::__normal_iterator<std::pair<float, int>*, std::vector<std::pair<float, int>, std::allocator<std::pair<float, int> > > >, std::less<std::pair<float, int> >)
0 21840501
fn=void std::push_heap<__gnu_cxx::__normal_iterator<std::pair<float, int>*, std::vector<std::pair<float, int>, std::allocator<std::pair<float, int> > > >, std::greater<void> >(__gnu_cxx::__normal_iterator<std::pair<float, int>*, std::vector<std::pair<float, int>, std::allocator<std::pair<float, int> > > >, __gnu_cxx::__normal_iterator<std::pair<float, int>*, std::vector<std::pair<float, int>, std::allocator<std::pair<float, int> > > >, std::greater<void>)
0 31239913
fn=void std::push_heap<__gnu_cxx::__normal_iterator<std::pair<float, int>*, std::vector<std::pair<float, int>, std::allocator<std::pair<float, int> > > >, std::less<std::pair<float, int> > >(__gnu_cxx::__normal_iterator<std::pair<float, int>*, std::vector<std::pair<float, int>, std::allocator<std::pair<float, int> > > >, __gnu_cxx::__normal_iterator<std::pair<float, int>*, std::vector<std::pair<float, int>, std::allocator<std::pair<float, int> > > >, std::less<std::pair<float, int> >)
0 1001789161
fn=void std::reverse<__gnu_cxx::__normal_iterator<std::pair<float, int>*, std::vector<std::pair<float, int>, std::allocator<std::pair<float, int> > > > >(__gnu_cxx::__normal_iterator<std::pair<float, int>*, std::vector<std::pair<float, int>, std::allocator<std::pair<float, int> > > >, __gnu_cxx::__normal_iterator<std::pair<float, int>*, std::vector<std::pair<float, int>, std::allocator<std::pair<float, int> > > >)
0 156510
fn=void std::thread::_Invoker<std::tuple<FinalSolution::Sift::Solution::Build(std::vector<float, std::allocator<float> > const&)::{lambda()#1}> >::_M_invoke<0ul>(std::_Index_tuple<0ul>)
0 252
fn=void std::vector<int, std::allocator<int> >::_M_realloc_insert<int const&>(__gnu_cxx::__normal_iterator<int*, std::vector<int, std::allocator<int> > >, int const&)
0 20468
fn=void std::vector<std::pair<float, int>, std::allocator<std::pair<float, int> > >::_M_realloc_insert<std::pair<float, int> >(__gnu_cxx::__normal_iterator<std::pair<float, int>*, std::vector<std::pair<float, int>, std::allocator<std::pair<float, int> > > >, std::pair<float, int>&&)
0 290073805
fn=void std::vector<std::thread, std::allocator<std::thread> >::_M_realloc_insert<FinalSolution::Sift::Solution::Build(std::vector<float, std::allocator<float> > const&)::{lambda()#1}&>(__gnu_cxx::__normal_iterator<std::thread*, std::vector<std::thread, std::allocator<std::thread> > >, FinalSolution::Sift::Solution::Build(std::vector<float, std::allocator<float> > const&)::{lambda()#1}&)
0 708
summary: 90128016493
