cmd: ./build/main
events: Ir
fl=./csu/../csu/libc-start.c
fn=__libc_start_main@@GLIBC_2.34
128 2
134 3
135 7
138 1
139 2
142 3
143 2
144 21
145 12
242 13
311 3
312 3
337 6
340 2
343 2
350 2
352 2
360 4
fl=./csu/../sysdeps/nptl/libc_start_call_main.h
fn=(below main)
29 9
44 3
46 2
51 2
52 2
55 2
58 6
74 2
fl=./csu/./csu/init-first.c
fn=_init_first
46 6
51 2
55 5
61 1
62 1
63 2
71 2
72 3
fl=./ctype/./ctype/ctype-info.c
fn=__ctype_init
29 19
31 133
33 76
35 76
36 19
fl=./debug/../sysdeps/x86_64/multiarch/ifunc-memmove.h
fn=__memcpy_chk
56 2
57 3
60 3
61 2
74 2
77 2
85 2
93 2
96 5
fn=__memmove_chk
56 2
57 3
60 3
61 2
74 2
77 2
85 2
93 2
96 5
fn=__mempcpy_chk
56 2
57 3
60 3
61 2
74 2
77 2
85 2
93 2
96 5
fl=./debug/../sysdeps/x86_64/multiarch/ifunc-memset.h
fn=__memset_chk
54 5
57 3
58 2
64 2
73 2
75 2
85 2
93 2
96 5
fl=./debug/../sysdeps/x86_64/multiarch/memcpy_chk.c
fn=__memcpy_chk
29 1
fl=./debug/../sysdeps/x86_64/multiarch/memmove_chk.c
fn=__memmove_chk
29 1
fl=./debug/../sysdeps/x86_64/multiarch/mempcpy_chk.c
fn=__mempcpy_chk
29 1
fl=./debug/../sysdeps/x86_64/multiarch/memset_chk.c
fn=__memset_chk
29 1
fl=./dlfcn/./dlfcn/libc_dlerror_result.c
fn=__libc_dlerror_result_free
29 90
30 72
39 54
fl=./elf/../bits/stdlib-bsearch.h
fn=intel_check_word.constprop.0
27 96
28 48
29 744
31 648
32 348
35 264
37 120
fl=./elf/../elf/dl-tls.c
fn=_dl_add_to_slotinfo
1017 36
1023 4
1026 4
1027 4
1031 12
1065 8
1068 8
1069 12
1072 24
fn=_dl_allocate_tls
365 18
369 18
370 18
371 36
374 18
380 54
530 36
531 18
534 36
537 54
549 18
554 504
560 180
563 216
564 144
570 216
571 144
573 378
576 144
577 144
580 144
581 288
583 144
584 144
593 72
603 936
609 216
615 36
618 18
620 18
626 180
627 36
630 144
fn=_dl_allocate_tls_init
523 11
524 2
528 2
531 1
534 2
537 3
549 1
554 32
560 11
563 12
564 8
570 12
571 8
573 31
576 8
577 8
580 8
581 16
583 8
584 8
593 4
601 8
603 40
609 4
615 2
618 2
621 9
fn=_dl_allocate_tls_storage
365 1
369 1
370 1
371 2
374 1
380 2
417 7
419 1
430 1
431 1
432 2
440 6
441 1
445 305
464 1
470 7
fn=_dl_assign_tls_modid
125 12
128 6
141 3
181 3
183 3
186 3
187 6
fn=_dl_count_modids
192 1
194 2
195 1
210 2
fn=_dl_deallocate_tls
636 126
637 14
640 560
641 756
644 28
645 14
647 28
649 84
fn=_dl_determine_tlsoffset
216 9
217 1
218 1
219 1
222 4
225 2
259 1
261 32
263 11
265 12
266 8
268 8
270 20
281 4
286 32
288 8
289 4
294 4
301 1
302 7
304 2
354 1
355 8
fn=_dl_tls_static_surplus_init
83 3
97 8
100 6
101 5
102 3
104 4
107 1
109 1
111 3
112 6
fl=./elf/../include/list.h
fn=__tls_init_tp
43 2
44 2
45 1
47 1
fl=./elf/../include/rtld-malloc.h
fn=__minimal_calloc
56 17
fn=_dl_allocate_tls
44 36
fn=_dl_allocate_tls_storage
44 2
56 1
fn=_dl_check_map_versions
44 18
fn=_dl_deallocate_tls
50 518
fn=_dl_find_object_init
56 2
fn=_dl_important_hwcaps
56 4
fn=_dl_init_paths
56 5
fn=_dl_map_object_deps
56 12
fn=_dl_new_object
44 18
56 15
fn=do_lookup_x
44 13
fn=fillin_rpath.isra.0
50 20
51 10
56 8
fn=init_tls
44 2
fl=./elf/../include/scratch_buffer.h
fn=_dl_map_object_deps
77 2
78 1
85 3
131 20
fl=./elf/../misc/sbrk.c
fn=sbrk
37 6
40 1
58 2
62 2
78 5
fl=./elf/../nptl/nptl-stack.h
fn=__libc_early_init
61 8
fl=./elf/../sysdeps/generic/_itoa.h
fn=_dl_check_map_versions
76 39
fl=./elf/../sysdeps/generic/dl-cache.h
fn=_dl_load_cache_lookup
125 4
194 1
195 5
fl=./elf/../sysdeps/generic/dl-call_tls_init_tp.h
fn=init_tls
31 8
33 1
fl=./elf/../sysdeps/generic/dl-debug.h
fn=dl_main
29 4
30 1
fl=./elf/../sysdeps/generic/dl-hash.h
fn=__rtld_malloc_init_real
43 1
44 1
45 19
48 18
62 24
67 1
72 1
fl=./elf/../sysdeps/generic/dl-new-hash.h
fn=_dl_lookup_symbol_x
69 2004
70 4008
74 42624
77 85248
80 41621
81 83242
87 1001
88 1001
89 2002
90 1001
99 40620
101 40620
102 81240
104 40620
105 40620
fl=./elf/../sysdeps/generic/dl-protected.h
fn=do_lookup_x
29 7952
fl=./elf/../sysdeps/generic/ldsodefs.h
fn=_dl_relocate_object
79 62
140 10617
fn=_dl_start
79 6
fn=do_lookup_x
139 3976
140 5964
fl=./elf/../sysdeps/nptl/dl-mutex.c
fn=__rtld_mutex_init
30 7
37 1
40 7
44 2
45 9
47 6
51 2
52 7
53 6
fl=./elf/../sysdeps/nptl/dl-tls_init_tp.c
fn=__tls_init_tp
68 5
69 1
72 1
75 4
76 2
77 1
82 2
87 4
90 1
93 3
105 4
121 3
128 2
129 3
fn=__tls_pre_init_tp
53 3
56 10
61 2
62 1
64 1
fn=rtld_mutex_dummy
42 178
44 356
fl=./elf/../sysdeps/nptl/pthread_early_init.h
fn=__libc_early_init
33 6
34 1
38 5
45 2
46 1
48 2
52 5
53 1
54 1
56 1
fl=./elf/../sysdeps/posix/dl-fileid.h
fn=_dl_map_object_from_fd
37 20
40 20
49 60
fl=./elf/../sysdeps/unix/sysv/linux/brk.c
fn=brk
36 1
37 1
38 2
44 1
45 1
fl=./elf/../sysdeps/unix/sysv/linux/brk_call.h
fn=brk
24 2
fl=./elf/../sysdeps/unix/sysv/linux/dl-osinfo.h
fn=dl_main
39 2
52 1
fl=./elf/../sysdeps/unix/sysv/linux/dl-parse_auxv.h
fn=_dl_sysdep_parse_arguments
32 2
33 1
34 1
41 93
42 44
43 44
45 1
46 2
47 2
48 2
49 1
51 2
52 2
53 2
54 2
56 2
fl=./elf/../sysdeps/unix/sysv/linux/dl-sysdep.c
fn=_dl_sysdep_parse_arguments
78 7
79 2
80 2
81 3
82 47
83 97
86 2
90 56
93 5
94 2
95 3
96 6
fn=_dl_sysdep_start
102 6
103 1
106 2
110 2
113 1
115 2
122 3
123 2
125 5
137 3
140 5
143 4
fn=_dl_sysdep_start_cleanup
147 1
148 1
fl=./elf/../sysdeps/unix/sysv/linux/dl-vdso-setup.h
fn=dl_main
30 1
33 1
36 1
39 1
45 1
fl=./elf/../sysdeps/unix/sysv/linux/dl-vdso.h
fn=dl_main
40 2
41 5
55 2
fl=./elf/../sysdeps/unix/sysv/linux/rseq-internal.h
fn=__tls_init_tp
32 3
34 7
37 2
40 1
fl=./elf/../sysdeps/unix/sysv/linux/x86/dl-hwcap2.h
fn=update_active.constprop.0
25 2
fl=./elf/../sysdeps/unix/sysv/linux/x86/dl-minsigstacksize.h
fn=get_common_indices.constprop.0
24 2
27 2
28 2
65 3
72 1
74 1
fl=./elf/../sysdeps/x86/cpu-features.c
fn=get_common_indices.constprop.0
398 3
402 4
405 5
409 1
410 4
411 4
412 4
413 3
414 2
421 2
423 9
428 8
435 2
436 7
442 2
457 3
fn=init_cpu_features.constprop.0
376 3
377 2
378 6
383 2
384 6
389 2
390 7
682 8
685 1
686 1
687 1
690 1
699 3
702 6
703 1
706 2
708 6
713 1
715 3
717 9
721 7
774 3
781 2
799 1
832 2
866 4
869 2
870 1
878 2
885 2
887 2
891 2
897 2
899 1
1001 3
1002 2
1005 2
1006 2
1012 1
1013 1
1014 1
1015 2
1019 4
1022 4
1028 3
1041 2
1042 4
1081 1
1082 2
1086 3
1103 2
1104 2
1106 3
1107 2
1109 3
1110 2
1113 2
1127 4
1129 4
1135 4
1142 8
fn=update_active.constprop.0
72 8
76 1
84 3
85 3
86 1
94 4
95 1
103 4
104 1
109 4
112 4
113 1
116 5
117 2
121 5
122 3
123 3
124 2
128 5
129 5
130 3
132 2
133 4
147 2
151 7
152 4
154 3
158 4
161 1
164 2
166 2
170 1
171 1
178 4
180 5
186 4
188 5
190 4
195 5
244 3
245 3
261 4
277 2
281 2
282 1
285 4
289 2
293 3
294 2
296 1
297 1
300 2
302 1
305 2
356 5
360 3
369 1
370 8
fl=./elf/../sysdeps/x86/dl-cacheinfo.h
fn=get_common_cache_info.constprop.0
571 11
586 1
587 1
588 2
589 1
590 2
596 3
598 7
601 2
613 1
618 3
622 2
627 5
630 24
637 8
640 26
645 2
649 3
650 2
654 2
658 3
661 4
662 1
667 4
673 4
681 6
683 2
685 4
687 12
689 1
690 1
691 9
693 4
696 7
701 1
703 4
704 3
705 1
708 2
711 2
718 1
720 4
721 1
726 2
731 2
732 1
733 2
734 1
759 3
770 5
771 5
775 2
782 1
783 2
784 1
785 7
fn=handle_intel.constprop.0
250 108
255 24
261 12
262 12
267 48
271 24
276 24
279 60
281 24
284 60
286 24
305 96
fn=init_cpu_features.constprop.0
792 1
793 1
795 1
809 2
811 3
812 3
813 3
814 2
817 3
819 3
820 2
822 3
824 3
825 1
827 3
829 3
830 2
832 3
834 3
836 3
838 5
894 2
895 2
896 2
897 2
898 2
899 2
900 1
901 1
902 1
903 1
904 1
905 1
907 1
910 3
924 3
925 7
930 2
931 6
932 2
939 3
959 6
968 2
969 2
974 12
987 5
995 7
997 2
1000 5
1002 2
1005 5
1006 5
1010 6
1011 3
1017 7
1020 11
1021 10
1022 13
1025 10
1027 10
1040 4
1042 2
1043 2
1044 1
1045 1
1046 1
1047 1
fn=intel_check_word.constprop.0
110 648
113 324
119 216
123 48
125 12
129 120
131 144
133 60
135 120
143 120
152 12
155 138
158 99
162 58
164 189
167 120
168 72
169 60
170 48
172 11
174 22
176 12
177 16
178 12
179 20
180 14
181 12
183 8
184 12
187 21
190 2
194 192
202 168
216 48
246 144
fl=./elf/../sysdeps/x86/dl-get-cpu-features.c
fn=__x86_cpu_features
39 3
71 3
fn=_dl_x86_init_cpu_features
37 1
39 3
41 1
fl=./elf/../sysdeps/x86/dl-isa-level.h
fn=_dl_load_cache_lookup
28 24
fl=./elf/../sysdeps/x86/dl-procinfo.h
fn=_dl_load_cache_lookup
39 8
42 28
fl=./elf/../sysdeps/x86/dl-prop.h
fn=_dl_map_object_from_fd
149 20
fn=_dl_process_pt_gnu_property
95 36
102 18
115 18
118 9
252 6
253 3
254 12
255 6
257 36
258 3
260 9
fn=dl_main
36 2
37 24
40 10
49 40
53 33
71 2
149 4
235 4
236 2
fl=./elf/../sysdeps/x86/get-isa-level.h
fn=_dl_hwcaps_subdirs_active
30 4
31 1
32 3
36 3
39 4
40 4
45 4
48 2
51 5
53 4
54 2
55 2
58 4
fn=update_active.constprop.0
28 1
30 4
31 1
32 3
36 3
38 1
39 2
40 4
45 4
47 1
48 2
51 5
53 4
54 2
55 2
57 1
58 4
fl=./elf/../sysdeps/x86_64/dl-cet.c
fn=_dl_cet_check
145 2
157 2
173 1
179 1
275 2
276 1
277 2
282 4
283 3
285 2
293 5
296 1
300 2
301 1
302 2
303 2
304 2
305 2
308 1
310 1
313 2
361 8
363 6
fn=_dl_cet_setup_features
331 1
334 2
350 1
fl=./elf/../sysdeps/x86_64/dl-hwcaps-subdirs.c
fn=_dl_hwcaps_subdirs_active
29 1
38 3
43 1
48 1
52 1
fl=./elf/../sysdeps/x86_64/dl-irel.h
fn=_dl_fixup
32 4
fl=./elf/../sysdeps/x86_64/dl-machine.h
fn=_dl_fixup
234 100
fn=_dl_relocate_object
81 30
87 8
91 6
97 2
108 6
129 4
132 4
134 8
267 7112
274 7112
278 7112
287 28827
290 7131
291 136
292 14160
295 10
296 15
307 10
314 25
317 21336
320 115
323 115
346 8
347 12
352 6
354 4
363 4
393 35
400 51
402 68
406 51
415 34
423 9844
436 7
460 36
464 48
465 48
466 60
467 24
476 136
478 68
479 68
498 3246
499 1082
503 2164
504 2164
514 2224
518 2224
521 3336
522 1112
730 14
734 8
fn=_dl_start
55 1
278 9
287 27
290 6
291 12
317 8
323 2
fn=_dl_sysdep_start
220 1
fl=./elf/../sysdeps/x86_64/dl-runtime.h
fn=_dl_fixup
28 100
fl=./elf/../sysdeps/x86_64/dl-trampoline.h
fn=_dl_runtime_resolve_xsave
71 100
76 100
79 100
81 100
91 100
97 100
98 100
99 100
100 100
101 100
102 100
103 100
107 100
108 100
111 100
112 100
114 100
115 100
116 100
117 100
118 100
119 100
121 100
128 100
129 100
130 100
131 100
136 100
137 100
138 100
140 100
141 100
142 100
143 100
144 100
145 100
146 100
148 100
150 100
154 100
156 100
fl=./elf/../sysdeps/x86_64/tls_get_addr.S
fn=__tls_get_addr
29 2
30 2
31 2
33 2
34 2
35 2
38 2
39 2
43 2
44 2
45 2
46 2
fl=./elf/./dl-find_object.h
fn=_dl_find_object_from_map
95 14
96 14
97 7
103 35
104 206
105 142
107 21
112 7
fl=./elf/./dl-hwcaps.h
fn=_dl_important_hwcaps
43 9
45 7
46 1
77 8
78 8
79 7
fl=./elf/./dl-load.h
fn=_dl_map_object_from_fd
91 40
92 16
93 20
94 16
96 16
fl=./elf/./dl-main.h
fn=dl_main
109 5
fl=./elf/./dl-map-segments.h
fn=_dl_map_object_from_fd
28 15
29 45
81 5
101 5
102 15
105 15
106 10
108 10
125 5
135 120
137 60
139 150
149 80
155 10
156 5
157 15
158 10
160 10
165 10
168 15
176 35
182 10
186 16
189 4
194 20
fl=./elf/./dl-sym-post.h
fn=lookup_malloc_symbol
41 8
53 12
fl=./elf/./dl-tunable-types.h
fn=__GI___tunable_set_val
84 5
fl=./elf/./elf/dl-audit.c
fn=_dl_audit_activity_map
29 7
30 1
31 3
37 6
fn=_dl_audit_activity_nsid
41 3
45 12
46 3
47 15
fn=_dl_audit_objclose
97 7
98 28
fn=_dl_audit_objopen
77 5
78 20
fn=_dl_audit_preinit
118 1
119 4
fl=./elf/./elf/dl-cache.c
fn=_dl_cache_libcmp
357 80
358 522
360 699
362 249
368 32
369 24
370 225
372 225
374 16
380 450
382 450
383 96
386 193
387 193
390 64
fn=_dl_load_cache_lookup
191 64
205 4
208 32
210 40
211 8
213 20
220 76
222 200
223 64
227 96
231 96
232 64
240 22
242 14
245 14
247 42
249 7
259 16
263 4
264 6
269 24
270 16
286 28
295 8
298 8
301 4
302 12
330 8
342 16
346 28
347 11
349 17
403 40
405 8
408 12
411 5
419 5
420 8
423 6
424 1
431 1
432 2
477 9
482 12
485 12
500 8
512 12
513 60
514 16
515 4
516 32
fn=_dl_unload_cache
525 3
526 4
528 2
529 1
533 1
535 2
fl=./elf/./elf/dl-call-libc-early-init.c
fn=_dl_call_libc_early_init
27 7
29 2
33 5
37 2
39 4
40 2
41 3
fl=./elf/./elf/dl-call_fini.c
fn=_dl_call_fini
24 56
28 14
32 7
34 7
35 14
38 10
39 15
42 44
43 6
47 7
48 14
49 15
50 37
fl=./elf/./elf/dl-catch.c
fn=_dl_catch_error
254 12
256 2
257 2
258 2
259 2
261 6
fn=_dl_catch_exception
58 42
59 28
69 28
70 70
204 112
207 28
214 14
228 14
229 28
235 84
237 42
239 56
248 42
fn=_dl_receive_error
58 2
59 1
69 2
70 2
186 7
188 1
192 1
194 1
197 1
198 4
fl=./elf/./elf/dl-debug.c
fn=_dl_debug_initialize
56 3
57 1
59 2
61 2
63 3
64 1
85 3
90 3
91 2
92 1
95 3
96 6
99 2
107 2
fn=_dl_debug_state
116 2
117 2
fn=_dl_debug_update
38 6
40 12
41 6
44 12
48 6
fl=./elf/./elf/dl-deps.c
fn=_dl_map_object_deps
128 3
129 5
130 6
132 3
136 8
143 13
144 20
160 9
161 1
164 1
182 1
183 6
184 1
188 15
190 27
193 7
197 21
198 46
201 20
205 10
208 22
210 20
215 5
216 5
217 10
218 10
219 5
221 635
222 300
228 122
230 13
232 52
233 26
242 13
244 26
249 35
252 5
253 5
254 5
255 10
256 5
257 5
259 20
263 39
264 27
266 411
417 14
419 25
422 10
423 20
429 5
430 25
431 25
434 5
435 10
439 21
441 7
442 32
448 5
449 1
452 4
463 5
465 4
470 5
471 1
472 2
474 25
478 7
483 14
485 21
490 7
494 2
495 3
532 2
533 2
547 9
552 9
553 5
557 1
559 2
560 1
561 3
568 3
571 2
574 8
fn=openaux
61 78
64 143
65 13
68 13
69 39
fl=./elf/./elf/dl-environ.c
fn=_dl_next_ld_env_entry
28 3
29 3
32 145
34 94
35 20
37 2
40 4
42 2
45 45
fl=./elf/./elf/dl-find_object.c
fn=_dl_find_object_init
561 5
564 1
566 2
567 3
579 2
580 3
582 2
585 2
590 1
591 1
594 3
596 2
599 6
601 1
604 4
fn=_dlfo_process_initial
474 8
475 2
477 2
478 4
504 24
505 34
506 14
508 52
511 48
513 36
515 12
516 12
517 24
529 2
531 8
fn=_dlfo_sort_mappings
536 1
537 2
540 24
544 10
545 70
546 75
548 5
549 5
553 20
554 25
555 10
557 1
fl=./elf/./elf/dl-fini.c
fn=_dl_fini
26 11
43 1
46 13
49 2
51 1
54 2
56 5
61 1
63 4
68 18
73 25
75 14
77 14
79 14
80 7
81 7
85 7
87 6
88 6
94 6
103 2
108 41
110 7
112 14
114 28
117 14
122 7
126 5
132 6
134 1
138 2
145 8
fl=./elf/./elf/dl-hwcaps.c
fn=_dl_important_hwcaps
52 16
54 2
55 4
56 2
57 2
77 16
80 16
84 2
86 6
87 2
88 2
100 5
102 3
105 1
108 1
112 5
125 12
127 10
128 4
129 4
130 2
133 3
142 13
143 11
145 8
151 5
155 4
156 3
157 3
161 1
162 2
163 2
172 14
174 2
175 3
185 2
186 3
189 3
193 2
194 2
201 1
202 5
208 2
209 1
213 3
216 9
fl=./elf/./elf/dl-hwcaps_split.c
fn=_dl_hwcaps_split
25 5
26 3
27 1
47 4
fn=_dl_hwcaps_split_masked
26 44
30 24
34 78
35 12
36 24
41 36
42 18
43 12
45 6
51 110
55 5
56 18
57 27
58 24
60 6
62 88
67 12
fl=./elf/./elf/dl-init.c
fn=_dl_init
29 16
35 40
37 41
81 13
82 1
83 1
86 3
89 2
94 4
119 1
120 32
121 14
127 8
fn=call_init.part.0
26 84
43 21
46 21
47 2
51 12
59 18
60 24
63 6
64 12
70 15
72 10
73 117
74 92
76 56
fl=./elf/./elf/dl-load.c
fn=_dl_dst_count
238 117
241 26
244 26
245 13
264 117
fn=_dl_init_paths
706 13
720 4
725 1
727 3
734 3
735 2
739 4
741 4
747 1
748 1
756 8
758 8
759 4
761 5
762 7
763 4
766 13
767 10
768 18
770 32
776 1
777 1
782 1
785 3
787 4
789 3
806 1
808 3
822 2
825 5
827 23
831 2
832 976
833 243
834 486
836 1
837 1
838 2
844 6
847 3
853 1
857 8
fn=_dl_map_object
682 40
696 20
1967 168
1969 5
1975 28
1976 56
1979 307
1984 420
1986 300
1990 102
1991 153
1994 140
1995 84
1996 140
2010 20
2011 15
2019 15
2034 5
2036 25
2040 16
2042 8
2049 16
2053 4
2054 4
2058 12
2059 4
2073 20
2074 28
2075 4
2084 8
2099 8
2100 64
2106 12
2107 4
2115 4
2129 8
2131 12
2135 12
2137 8
2141 8
2149 8
2172 36
2176 12
2177 4
2194 8
2200 1
2201 4
2202 2
2203 2
2207 9
2210 3
2222 20
2267 10
2268 88
2270 131
fn=_dl_map_object_from_fd
944 70
959 20
989 95
990 40
1008 10
1036 20
1046 10
1053 40
1054 10
1065 10
1066 15
1067 10
1069 15
1070 20
1071 8
1074 17
1075 6
1086 5
1088 5
1090 110
1091 5
1092 5
1093 5
1094 5
1100 210
1101 507
1107 10
1114 13
1115 15
1116 50
1121 2
1122 1
1127 155
1135 100
1136 130
1137 100
1138 20
1139 40
1141 140
1143 40
1156 40
1157 75
1162 20
1163 205
1176 9
1180 12
1181 3
1185 15
1186 6
1189 3
1194 12
1209 10
1210 5
1213 15
1218 35
1228 95
1229 40
1235 10
1245 20
1252 35
1264 5
1268 20
1269 15
1275 14
1276 10
1278 10
1288 15
1307 15
1309 30
1361 15
1362 6
1368 170
1369 280
1375 80
1380 20
1393 10
1395 20
1397 10
1413 10
1417 10
1418 10
1435 10
1436 1
1439 10
1444 10
1449 10
1461 40
1462 15
1463 36
1464 12
1465 5
1471 10
1472 12
1477 6
1484 15
1487 10
1491 15
1492 15
1510 10
1514 35
1515 20
1519 45
fn=_dl_process_pt_gnu_property
868 18
869 12
870 6
876 12
882 30
885 18
886 12
887 12
890 18
891 18
895 6
896 12
900 18
901 9
904 18
907 9
908 36
918 18
920 24
fn=expand_dynamic_string_token
241 30
244 20
385 100
399 20
410 70
fn=fillin_rpath.isra.0
468 17
472 1
474 66
477 1
478 1
481 20
483 54
487 18
492 27
493 18
500 45
505 18
509 105
510 98
517 27
518 18
521 12
528 16
532 16
534 8
538 4
539 8
540 16
541 4
543 8
544 2
549 16
550 56
551 16
553 8
554 12
555 4
561 8
562 4
565 12
571 1
574 8
fn=open_path
1812 44
1813 8
1816 4
1817 4
1819 8
1822 8
1824 88
1827 32
1831 16
1835 96
1842 96
1843 352
1846 96
1851 297
1854 54
1860 81
1863 216
1865 81
1867 18
1872 18
1873 63
1879 27
1881 62
1882 4
1884 9
1891 111
1893 61
1937 104
1941 16
1943 64
1946 12
1960 36
fn=open_verify.constprop.0
1572 384
1604 96
1609 54
1623 160
1625 64
1633 5
1634 15
1639 30
1641 10
1643 10
1645 10
1651 10
1668 74
1749 10
1754 10
1760 20
1766 10
1772 20
1773 20
1777 16
1778 5
1799 288
fl=./elf/./elf/dl-lookup-direct.c
fn=_dl_lookup_direct
32 15
33 9
35 6
36 6
48 9
51 6
53 21
57 9
58 21
59 15
74 39
76 6
78 21
79 6
81 12
84 25
86 12
93 6
115 3
116 27
fl=./elf/./elf/dl-lookup.c
fn=_dl_lookup_symbol_x
772 26052
774 4008
775 8016
778 2004
782 7978
785 4008
787 4008
791 28136
792 34068
797 10020
799 96
816 2004
817 48
820 4008
821 13900
828 2052
856 7952
870 5964
871 2
873 3976
890 7952
892 18036
fn=check_match
70 29955
73 15976
78 20
86 9960
89 5184
93 1992
94 3984
96 3978
115 3978
116 15912
117 9920
118 10
119 10
144 6
146 18
147 12
150 2
151 7
153 3
161 1987
162 15976
fn=do_lookup_x
170 300
171 307
172 932
174 92
175 276
176 528
179 152
180 152
181 83
182 153
183 70
222 492
224 738
226 164
227 82
228 328
230 2694
231 486
234 340
235 170
254 340
257 89
258 267
259 322
262 1377
269 12
272 4
279 298
280 276
281 350
285 20
286 2
287 2
288 4
289 8
300 3
302 2
305 1
306 1
307 2
310 168
311 492
318 324
329 574
331 164
333 246
334 164
347 28056
348 2004
353 2004
354 2004
358 13070
361 13070
365 17150
386 13046
390 13046
396 19569
400 6523
401 6523
404 32615
405 19569
408 6523
409 13046
411 6523
412 6012
413 13046
415 14028
416 26092
419 45661
422 4258
423 6387
424 4258
426 4176
429 25945
431 5991
432 50926
433 3994
436 5991
439 9626
461 15896
470 809
472 2
476 3976
483 10660
487 3810
491 1
499 3812
500 1906
501 1988
518 13641
521 16
522 16032
fl=./elf/./elf/dl-minimal-malloc.c
fn=__minimal_calloc
80 85
84 17
87 17
88 51
fn=__minimal_free
97 24
99 42
103 30
104 6
106 12
fn=__minimal_malloc
36 424
37 159
42 3
43 2
44 2
48 211
51 359
56 12
57 12
59 3
60 24
62 6
64 12
65 9
67 8
70 54
71 57
73 318
fl=./elf/./elf/dl-minimal.c
fn=__rtld_malloc_init_real
76 10
86 2
87 1
89 1
91 6
92 5
93 5
94 4
99 1
100 1
101 1
102 1
103 8
fn=__rtld_malloc_init_stubs
42 1
43 2
44 2
45 2
46 2
47 1
fn=lookup_malloc_symbol
61 36
63 4
64 28
68 28
69 28
71 4
72 24
fn=strsep
239 11
242 22
244 11
245 22
247 20
249 734
251 486
254 954
256 1404
260 18
264 234
267 10
271 22
fl=./elf/./elf/dl-misc.c
fn=_dl_higher_prime_number
87 2
124 2
125 2
127 26
129 80
130 30
131 6
133 7
145 2
146 2
fn=_dl_name_match_p
68 931
69 532
70 22
72 133
74 524
75 755
80 129
82 111
83 532
fn=_dl_sysdep_read_whole_file
36 11
39 3
40 2
42 6
44 2
47 2
49 8
60 3
63 8
fl=./elf/./elf/dl-object.c
fn=_dl_add_to_namespace_list
31 54
33 18
35 53
38 80
40 5
42 5
45 2
46 18
47 12
48 12
50 12
51 30
fn=_dl_new_object
59 90
62 12
64 2
66 3
67 2
71 6
77 2
80 10
83 26
87 10
92 5
95 12
98 6
99 6
100 12
103 12
104 42
106 6
119 28
123 5
125 1
127 42
130 12
131 12
132 6
136 6
139 40
141 20
149 12
150 6
153 1
155 36
157 20
160 14
164 20
168 35
176 1
179 12
189 24
191 20
195 15
199 10
200 10
208 5
212 5
245 20
250 168
251 168
255 10
256 5
259 5
263 54
fl=./elf/./elf/dl-open.c
fn=_dl_find_dso_for_object
214 190
218 57
219 57
220 76
221 38
224 38
228 133
fl=./elf/./elf/dl-reloc.c
fn=_dl_relocate_object
170 14496
171 7078
174 24130
175 19660
177 1639
178 6554
182 3800
183 1900
184 1900
186 15206
187 9470
188 3788
190 13397
193 1900
194 13300
196 1639
207 88
208 16
220 14
221 21
224 28
226 21
228 7
229 21
251 35
252 14
253 3
255 14
262 21
301 10279
304 35
328 7
331 14
348 21
350 64
356 42
359 14
363 14
364 42
fl=./elf/./elf/dl-runtime.c
fn=_dl_fixup
46 1100
48 500
49 300
54 100
55 400
56 700
58 200
63 200
67 200
69 100
71 300
75 300
76 400
77 300
84 100
85 300
87 30
88 30
95 1100
99 500
100 120
109 1000
124 400
125 8
133 300
159 300
163 800
fl=./elf/./elf/dl-setup_hash.c
fn=_dl_setup_hash
25 14
28 21
31 21
32 14
33 7
34 7
36 21
37 7
38 21
40 7
41 14
43 7
45 21
50 7
fl=./elf/./elf/dl-sort-maps.c
fn=_dl_sort_maps
140 70
181 2
182 4
183 52
184 28
211 34
216 4
218 2
219 10
221 44
223 14
226 42
244 8
263 8
276 8
283 2
298 26
306 6
310 18
fn=_dl_sort_maps_init
289 4
290 4
291 1
292 3
293 2
fn=dfs_traversal.part.0
135 126
140 70
143 14
145 42
147 184
156 49
171 42
172 14
173 84
fl=./elf/./elf/dl-tunables.c
fn=__GI___tunable_set_val
72 50
82 5
93 40
94 25
97 10
100 35
104 10
111 10
112 10
115 25
116 5
117 5
118 5
153 30
157 15
fn=__GI___tunables_init
42 240
45 47
48 3941
52 94
56 188
128 1
261 10
267 4
281 7708
283 2
287 13959
304 8
fn=__tunable_get_val
387 80
390 474
399 52
400 15
409 31
416 240
418 40
fl=./elf/./elf/dl-tunables.h
fn=__GI___tunable_set_val
141 10
142 10
151 5
fn=__GI___tunables_init
160 898
161 2191
fl=./elf/./elf/dl-version.c
fn=_dl_check_all_versions
392 7
394 1
396 26
397 7
398 63
401 7
fn=_dl_check_map_versions
36 224
37 60
38 378
56 248
64 186
70 186
86 62
87 124
89 62
94 2482
108 2172
110 62
113 496
120 3072
124 1024
155 70
156 7
164 12
170 21
172 35
174 7
175 7
177 14
180 15
184 40
198 8
200 39
208 39
213 39
215 49
217 248
218 487
221 124
224 186
225 5
228 28
231 248
234 186
239 49
243 39
248 8
257 30
260 10
263 551
266 412
270 129
274 18
279 6
280 24
281 18
291 6
294 32
296 12
299 20
301 8
303 39
306 186
308 248
310 310
311 124
312 186
313 186
316 186
321 49
324 39
329 8
334 12
337 10
341 129
343 268
347 129
348 645
349 387
350 129
353 402
357 129
365 10
366 10
367 10
368 4
370 4
372 124
373 60
375 2
376 7
387 63
fl=./elf/./elf/do-rel.h
fn=_dl_relocate_object
49 42
50 42
51 7
53 70
72 8
73 9
80 42
83 3352
85 4448
96 12
97 4
114 36
123 3274
124 2164
126 36
129 40
131 14526
133 18090
134 14472
135 10854
136 14472
138 10854
141 272
142 68
143 68
147 3550
150 10673
151 345
164 24
165 285
166 252
169 204
171 272
172 68
173 136
180 31
182 42
183 12
185 18
193 6
196 18
211 7
fn=_dl_start
49 6
50 4
51 1
53 10
56 4
61 13
63 9
64 6
65 3
fl=./elf/./elf/get-dynamic-info.h
fn=_dl_map_object_from_fd
39 10
43 5
45 567
49 276
51 74
52 37
53 6
54 129
55 109
56 25
59 20
62 20
64 20
68 138
72 20
84 17
85 20
86 20
87 20
88 17
89 19
90 19
91 20
103 40
110 16
115 8
122 8
123 15
129 15
130 6
147 15
152 4
154 4
156 4
158 4
159 4
162 15
164 9
165 6
174 6
175 9
180 6
181 6
184 10
fl=./elf/./elf/libc-dl-profstub.c
fn=_dl_mcount_wrapper_check
36 128
37 384
38 128
fl=./elf/./elf/libc_early_init.c
fn=__libc_early_init
33 9
35 1
38 2
41 2
47 4
49 2
fl=./elf/./elf/rtld.c
fn=_dl_start
85 8
458 2
476 3
477 1
478 2
488 1
494 4
496 2
517 16
543 1
546 2
547 4
563 190
565 1
578 1
585 9
fn=dl_main
85 17
92 12
93 2
101 9
197 2
199 1
224 3
225 5
226 4
296 3
302 1
303 1
837 1
839 1
848 1
850 1
855 1
1115 1
1116 1
1118 1
1122 3
1124 1
1125 1
1140 1
1143 50
1144 127
1148 4
1153 3
1154 9
1163 2
1164 2
1166 1
1173 3
1191 2
1199 8
1200 17
1201 8
1202 1
1204 12
1205 14
1209 8
1210 8
1211 4
1215 12
1221 3
1227 4
1228 1
1233 4
1234 2
1235 1
1238 2
1243 2
1247 3
1253 30
1254 66
1260 18
1266 4
1268 3
1269 3
1271 3
1346 13
1351 1
1352 1
1357 1
1373 3
1374 4
1637 10
1639 2
1640 3
1641 2
1642 3
1646 2
1647 2
1672 3
1673 5
1674 3
1675 3
1678 1
1680 1
1681 1
1683 2
1684 2
1688 2
1690 2
1698 4
1705 2
1708 2
1733 4
1735 1
1740 2
1743 4
1744 4
1745 3
1746 1
1747 1
1748 1
1759 2
1760 2
1762 2
1764 1
1765 3
1770 5
1771 5
1773 3
1779 2
1788 2
1792 1
1793 2
1817 2
1823 1
1824 1
1825 1
1829 3
1834 3
1836 1
1838 2
1842 5
1847 2
1863 6
1939 4
1943 19
1944 1
1947 3
1948 1
1949 2
1950 2
1955 3
1965 9
1971 31
1972 18
1975 3
1976 2
1977 1
1979 26
1980 12
1984 2
1990 1
1992 3
1993 2
1995 2
1997 3
1999 3
2000 1
2001 2
2013 2
2014 2
2015 3
2026 5
2027 4
2028 5
2038 2
2039 2
2040 4
2042 2
2047 3
2246 3
2250 3
2256 2
2259 2
2267 2
2279 3
2282 3
2284 3
2285 6
2292 2
2293 30
2295 14
2300 14
2302 16
2304 1
2305 1
2308 7
2310 14
2311 48
2315 22
2316 12
2325 2
2329 4
2331 1
2338 4
2341 2
2345 3
2347 2
2357 1
2362 3
2365 1
2371 1
2372 5
2380 3
2387 1
2390 3
2394 3
2395 1
2396 1
2397 1
2401 1
2406 8
2538 1
2598 1
2600 2
2602 15
2604 2
2606 107
2607 19
2615 13
2640 2
2650 4
2652 2
2653 1
2687 5
2689 2
2690 2
2691 1
2727 5
2749 3
fn=handle_preload_list
183 3
806 1
810 2
811 2
812 1
814 1
816 6
817 3
825 3
869 13
870 3
874 5
877 4
878 3
880 4
881 2
887 1
889 2
891 2
892 1
895 9
fn=init_tls
734 4
736 2
740 3
746 2
749 1
750 1
751 1
755 1
757 1
761 2
762 2
763 18
764 7
765 14
769 12
771 4
773 3
776 2
779 1
786 2
787 2
793 2
797 1
800 5
fn=map_doit
641 6
643 4
644 6
646 3
fn=version_check_doit
674 6
676 6
680 3
fl=./elf/./get-dynamic-info.h
fn=_dl_start
45 75
49 36
51 10
52 5
54 20
55 16
56 5
59 4
62 4
64 4
68 18
72 3
84 4
85 3
86 4
87 4
88 5
89 3
90 4
91 4
103 10
110 3
123 3
129 3
130 3
133 2
134 3
139 5
142 5
fn=dl_main
39 4
43 1
45 119
49 58
51 12
52 6
54 25
55 21
56 5
59 4
62 4
64 4
68 29
72 7
84 3
85 5
86 5
87 5
88 4
89 5
90 5
91 5
103 9
110 3
115 2
122 3
123 4
129 3
147 4
152 2
154 2
156 2
158 2
159 2
162 4
164 3
165 2
174 2
175 3
180 2
181 3
184 3
fl=./elf/./setup-vdso.h
fn=dl_main
24 2
fl=./iconv/./iconv/gconv_simple.c
fn=__gconv_btwoc_ascii
49 128
51 512
54 128
fl=./io/../sysdeps/unix/sysv/linux/access.c
fn=access
25 1
27 7
31 1
fl=./io/../sysdeps/unix/sysv/linux/close_nocancel.c
fn=__GI___close_nocancel
25 6
26 24
27 6
fn=__close_nocancel
25 4
26 16
27 4
fl=./io/../sysdeps/unix/sysv/linux/fstat64.c
fn=fstat
30 8
39 32
72 8
fl=./io/../sysdeps/unix/sysv/linux/fstatat64.c
fn=fstatat
91 18
146 18
160 14
161 34
162 2
fl=./io/../sysdeps/unix/sysv/linux/open64.c
fn=open
30 48
33 24
36 5
37 1
41 60
43 32
fl=./io/../sysdeps/unix/sysv/linux/open64_nocancel.c
fn=__open_nocancel
28 156
31 252
39 333
41 81
fl=./io/../sysdeps/unix/sysv/linux/pread64_nocancel.c
fn=__pread64_nocancel
25 4
26 8
27 2
fl=./io/../sysdeps/unix/sysv/linux/read.c
fn=read
25 14
26 30
27 4
fl=./io/../sysdeps/unix/sysv/linux/read_nocancel.c
fn=__read_nocancel
25 8
26 32
27 8
fl=./io/../sysdeps/unix/sysv/linux/stat64.c
fn=stat
28 18
29 36
fl=./io/../sysdeps/unix/sysv/linux/write.c
fn=write
25 58
26 132
27 18
fl=./libio/../include/printf_buffer.h
fn=__vsnprintf_internal
124 54
127 18
128 18
137 36
fl=./libio/../include/sys/sysmacros.h
fn=_IO_file_doallocate
47 12
fl=./libio/./libio/filedoalloc.c
fn=_IO_file_doallocate
78 22
84 18
86 8
89 4
91 4
94 4
97 8
101 6
102 4
104 8
105 2
106 18
fl=./libio/./libio/fileno.c
fn=fileno
32 1
35 5
42 1
fl=./libio/./libio/fileops.c
fn=_IO_do_write@@GLIBC_2.2.5
424 111
426 72
427 75
434 18
441 36
444 9
449 45
450 45
452 27
453 18
454 9
455 18
456 36
fn=_IO_file_close
1165 1
1168 2
fn=_IO_file_close_it@@GLIBC_2.2.5
128 7
130 3
133 2
134 3
137 1
139 2
142 7
145 3
153 5
154 4
157 2
158 1
159 1
160 1
162 2
163 7
fn=_IO_file_finish@@GLIBC_2.2.5
168 6
169 2
175 3
176 3
fn=_IO_file_fopen@@GLIBC_2.2.5
213 48
214 3
222 8
223 3
224 30
227 3
228 6
247 48
281 20
284 8
287 4
288 2
357 48
fn=_IO_file_open
182 48
184 8
185 4
188 8
189 8
190 6
191 1
192 6
195 3
205 2
206 1
207 24
fn=_IO_file_overflow@@GLIBC_2.2.5
732 576
733 288
740 358
743 2
745 2
746 6
755 3
764 3
765 1
766 1
767 1
768 1
769 3
771 3
772 5
773 2
775 144
776 18
777 80
778 126
781 189
782 189
783 252
784 12
785 9
787 63
788 423
fn=_IO_file_read
1131 2
1133 2
1134 6
fn=_IO_file_setbuf@@GLIBC_2.2.5
382 12
383 6
386 2
388 6
390 4
391 6
fn=_IO_file_stat
1147 2
1148 4
fn=_IO_file_sync@@GLIBC_2.2.5
793 112
798 64
800 16
801 32
812 32
816 80
fn=_IO_file_underflow@@GLIBC_2.2.5
462 20
466 6
469 4
475 6
478 4
481 3
486 2
490 5
497 42
499 10
501 8
506 4
512 12
517 10
519 4
526 2
535 6
537 4
538 16
fn=_IO_file_write@@GLIBC_2.2.5
1174 72
1175 18
1176 54
1180 27
1181 27
1182 18
1187 9
1188 9
1190 27
1191 27
1194 54
fn=_IO_file_xsputn@@GLIBC_2.2.5
444 12
446 12
1198 81
1200 1
1204 36
1205 9
1211 36
1213 34
1214 16
1217 80
1219 99
1221 6
1228 3
1229 2
1232 18
1234 16
1236 40
1237 8
1238 24
1240 16
1244 42
1250 14
1251 35
1253 21
1264 14
1265 4
1267 3
1268 81
fn=_IO_new_file_init_internal
106 24
110 4
111 4
113 4
114 4
115 12
fl=./libio/./libio/genops.c
fn=_IO_cleanup
776 6
777 17
780 12
784 3
785 54
792 9
794 6
796 8
798 4
800 6
801 2
805 10
807 6
814 3
816 35
817 3
821 9
822 2
842 12
843 2
855 12
fn=_IO_default_finish
54 2
601 6
603 3
609 3
612 3
624 3
fn=_IO_default_setbuf
330 10
332 2
333 2
337 4
452 20
453 10
455 8
457 6
458 4
462 2
466 8
467 2
468 12
fn=_IO_default_uflow
361 12
362 6
363 4
365 8
366 8
fn=_IO_default_xsputn
371 11
373 2
374 4
375 1
379 248
399 612
401 61
404 8
fn=_IO_doallocbuf
343 16
344 4
346 6
347 10
350 12
fn=_IO_enable_locks
518 1
521 3
523 1
524 9
525 3
526 1
1044 1
1058 3
fn=_IO_flush_all
686 12
687 1
691 6
692 14
695 12
697 3
698 51
700 21
708 36
709 3
713 9
714 2
718 12
fn=_IO_link_in
87 35
88 25
90 8
92 28
93 41
94 4
95 45
97 8
98 4
100 28
101 4
102 29
103 8
106 49
fn=_IO_no_init
563 44
564 4
565 4
566 8
568 4
572 24
579 4
581 4
587 4
588 24
fn=_IO_old_init
531 4
532 8
534 24
539 28
544 4
550 8
555 12
556 8
558 4
fn=_IO_setb
329 33
330 12
332 3
333 3
335 18
338 18
fn=_IO_switch_to_get_mode
164 12
165 6
168 6
172 4
173 4
176 2
178 4
180 4
181 2
182 8
fn=_IO_un_link
53 5
54 10
82 5
fn=_IO_unsave_markers
937 6
939 2
944 3
946 3
fn=__GI__IO_un_link.part.0
52 40
58 24
59 44
60 4
61 59
63 12
65 8
66 12
74 9
76 45
77 4
78 29
79 8
82 36
fn=__overflow
199 10
201 6
203 6
204 4
fn=__uflow
173 2
299 12
300 9
305 6
308 6
310 4
316 4
321 6
323 8
324 6
fl=./libio/./libio/getc.c
fn=getc
34 14
37 4
39 36
40 12
43 10
fl=./libio/./libio/iofclose.c
fn=fclose@@GLIBC_2.2.5
34 8
48 3
49 1
51 18
52 3
53 3
57 4
58 3
71 2
76 7
fl=./libio/./libio/iofflush.c
fn=fflush
32 84
33 28
39 252
40 70
44 70
fl=./libio/./libio/iofopen.c
fn=fopen@@GLIBC_2.2.5
37 2
65 8
67 12
68 3
70 8
72 28
73 8
74 8
75 28
78 6
79 6
85 36
87 28
fl=./libio/./libio/iofwrite.c
fn=fwrite
31 81
32 18
35 54
37 161
38 44
39 63
45 50
46 9
49 81
fl=./libio/./libio/libioP.h
fn=_IO_cleanup
1025 5
1026 4
fn=_IO_default_setbuf
1025 6
1026 4
fn=_IO_default_uflow
1025 6
1026 4
fn=_IO_default_xsputn
1025 123
1026 122
fn=_IO_do_write@@GLIBC_2.2.5
1025 27
1026 18
fn=_IO_doallocbuf
1025 6
1026 4
fn=_IO_file_close_it@@GLIBC_2.2.5
1025 3
1026 2
fn=_IO_file_doallocate
1025 6
1026 4
fn=_IO_file_underflow@@GLIBC_2.2.5
979 4
980 24
1025 16
1026 8
fn=_IO_file_xsputn@@GLIBC_2.2.5
1025 21
1026 14
fn=_IO_flush_all
1025 2
fn=__overflow
1025 6
1026 4
fn=__uflow
1025 6
1026 4
fn=fclose@@GLIBC_2.2.5
951 4
952 4
958 2
979 4
980 10
1025 3
1026 2
fn=fflush
979 28
980 140
1025 42
1026 28
fn=fwrite
979 18
980 88
1025 18
1026 18
fn=getc
979 4
980 20
fn=putc
979 4
980 20
fl=./libio/./libio/putc.c
fn=putc
25 18
28 4
30 36
31 16
34 12
fl=./libio/./libio/vsnprintf.c
fn=__vsnprintf_internal
63 36
66 18
75 54
76 18
87 36
93 234
96 54
98 108
fl=./libio/./libio/vtables.c
fn=check_stdfiles_vtables
545 1
546 4
547 3
548 3
550 1
fl=./locale/./locale/newlocale.c
fn=newlocale
43 15
55 2
56 1
63 2
66 3
73 4
75 1
277 12
fl=./locale/./locale/uselocale.c
fn=uselocale
30 2
31 6
33 4
36 4
37 2
65 6
66 6
68 6
72 6
73 2
fl=./malloc/../string/bits/string_fortified.h
fn=calloc
59 54
fn=tcache_init.part.0
59 1672
fl=./malloc/../sysdeps/unix/sysv/linux/not-cancel.h
fn=ptmalloc_init.part.0
97 6
fl=./malloc/./malloc/arena.c
fn=__malloc_arena_thread_freeres
55 288
147 1728
153 1203
893 162
899 36
900 18
902 36
904 72
907 54
908 54
910 36
911 18
913 72
915 144
fn=_int_free_maybe_consolidate
55 35565
147 7113
545 21339
572 7113
585 21339
586 14226
fn=_int_malloc
55 1205
147 723
479 241
483 723
484 241
485 482
488 723
490 3374
495 482
498 241
499 241
fn=alloc_new_heap
49 72
55 36
380 162
387 54
389 36
390 18
395 126
402 54
404 84
405 8
406 48
414 80
415 20
417 10
418 50
420 30
421 10
423 18
424 50
441 108
448 72
453 36
455 18
456 18
458 162
fn=arena_get2.part.0
463 54
470 144
619 36
638 36
640 36
649 54
651 18
653 54
656 18
657 18
658 36
659 36
660 18
661 72
663 18
664 36
665 18
666 18
668 72
671 36
676 18
678 72
680 72
682 72
694 72
818 180
828 54
830 30
832 38
834 2
836 4
837 8
845 2
853 54
855 126
857 36
865 162
fn=calloc
55 36
147 216
153 74
fn=free
55 2467722
147 14806332
153 9908865
fn=get_free_list
703 108
704 36
705 18
706 36
731 126
fn=malloc
55 10630
147 63780
153 63561
264 1
fn=ptmalloc_init.part.0
262 8
267 1
292 2
296 3
300 4
301 4
302 4
303 4
304 4
305 4
306 4
308 4
309 4
310 4
313 4
314 4
316 2
326 8
fn=tcache_init.part.0
824 36
825 90
fl=./malloc/./malloc/malloc.c
fn=__malloc_arena_thread_freeres
3213 36
3215 36
3217 36
3221 54
3225 3474
3227 4501
3230 610
3231 305
3233 1220
3238 54
3248 915
3371 610
3373 305
3375 915
3392 610
3398 915
3401 305
fn=_int_free
1792 21205
1992 32058
3163 4918962
3165 9837924
3166 2459481
3167 4918962
4495 17364802
4499 7442058
4505 9922744
4506 4961372
4510 12403430
4517 4960726
4518 14883470
4521 2480339
4527 7441017
4547 12401695
4550 2459481
4561 42410
4572 42744
4574 32058
4593 10686
4595 10686
4596 10686
4597 32058
4600 32058
4602 21372
4616 21372
4619 42744
4621 42744
4622 21372
4628 42744
4637 21038
4640 21038
4643 21038
4644 42076
4646 21038
4649 42076
4658 14884116
fn=_int_free_maybe_consolidate
4770 115709
4776 21038
4778 28456
4779 40
4781 21342
4784 5
4792 7113
4794 14226
4795 14226
4798 115709
fn=_int_free_merge_chunk
1992 31557
4665 84152
4666 10519
4670 63114
4673 21254
4675 324
4678 31557
4681 21038
4682 21038
4683 21038
4689 21038
4691 10072
4692 10072
4693 10072
4694 40288
4696 20144
4701 31557
4702 73633
4714 21038
4720 20974
4721 714
4722 714
4724 10130
4732 10487
4733 41948
4734 20974
4736 10487
4738 20974
4740 29982
4743 10487
4744 10487
4746 31461
4747 10487
4756 32
4757 96
4758 64
fn=_int_malloc
1326 42278
1345 126834
1794 21100
1985 351
2008 24
2017 2
2552 1512
2553 246
2564 504
2565 18
2568 24
2576 36
2577 12
2589 984
2590 492
2599 2944
2605 735
2608 738
2615 241
2616 1446
2619 964
2620 964
2669 15
2677 10
2678 15
2691 15
2693 5
2699 25
2707 10
2709 20
2710 15
2711 5
2712 5
2715 10
2744 31
2745 1
2746 10
2752 40
2753 24
2755 4
2782 2
2783 1
2795 3
2814 2
2817 2
2818 6
2820 1
2821 6
2833 5
2873 1
2875 1
2876 5
2877 1
2888 3
2921 738
2922 246
2926 246
2930 1230
2932 246
2933 246
2934 246
2935 1722
2936 492
2938 246
3159 6
3163 390
3165 1071
3166 198
3167 774
3168 6
3846 232529
3882 1
3887 42278
3914 42395
3916 41956
3917 99
3919 10567
3921 21056
3923 198
3926 198
3929 1778
3930 31287
3932 198
3933 198
3939 198
3940 594
3945 489
3946 1455
3948 384
3950 576
3954 3064
3977 21222
3979 84332
3980 41976
3982 62964
3984 3
3985 6
3987 3
3988 3
3989 3
3991 9
3992 2
3997 6
3998 18
4003 24
4004 10
4006 6
4008 3
4009 3
4010 6
4011 1
4012 3
4013 3
4020 3
4039 420
4040 156
4041 12
4058 63073
4059 63111
4060 63111
4069 24
4070 115884
4072 46
4073 92
4074 46
4076 92
4077 138
4079 46
4080 184
4082 184
4084 92
4085 92
4087 92
4098 184
4099 12
4100 6
4101 3
4104 2
4105 2
4106 2
4107 6
4108 6
4109 4
4115 16
4117 6
4118 2
4121 2
4122 6
4123 2
4127 44
4128 44
4132 88
4161 92
4163 68
4164 136
4165 34
4169 147
4170 30
4171 10
4174 20
4218 40
4221 308
4222 44
4223 44
4224 44
4225 44
4230 88
4231 88
4240 176
4246 20
4257 63108
4259 208
4262 156
4263 21036
4330 21036
4331 42072
4332 42072
4333 42072
4334 126216
4339 84141
4343 230649
4346 251200
4353 124
4355 44
4357 88
4361 18
4364 36
4366 15
4367 3
4368 3
4373 60
4376 30
4378 45
4381 45
4384 60
4386 8
4387 24
4394 7
4399 28
4400 14
4403 7
4404 7
4405 7
4408 14
4409 3
4410 14
4412 4
4415 56
4417 21
4418 7
4421 15
4443 21021
4444 42042
4446 42042
4449 63063
4451 20768
4452 41536
4453 20768
4454 166144
4456 41536
4459 41536
4460 63060
4461 21020
4466 1012
4468 2
4470 3
4471 2
4482 258
4487 253668
fn=alloc_new_heap
2008 72
fn=alloc_perturb
1985 63066
1987 21022
fn=arena_get2.part.0
1946 6894
1949 6858
1953 54
1955 18
1958 18
fn=calloc
3248 90
3699 333
3709 333
3717 74
3720 111
3722 74
3725 296
3732 37
3733 74
3740 111
3743 72
3754 111
3756 352
3759 74
3768 36
3769 130
3784 74
3787 148
3796 111
3799 185
3807 37
3809 74
3811 74
3816 38
3818 19
3819 38
3821 19
3823 38
3837 278
fn=free
3248 72
3359 17362997
3363 4961350
3371 4960774
3373 2480387
3375 7441161
3379 18
3381 24
3383 8
3384 8
3385 4
3388 12
3392 7441143
3398 7441143
3401 2480387
3402 14882610
fn=malloc
1326 4960678
1345 12053447
3178 4918512
3182 4918512
3186 9837024
3190 4918512
3191 2459256
3248 4
3294 19842712
3301 4960678
3311 4264182
3313 9921356
3316 4960678
3318 7440924
3326 42166
3328 41260
3329 51575
3334 86144
3336 32304
3339 21536
3347 43072
3351 64468
3354 14882034
fn=malloc_consolidate
4811 225
4826 25
4828 50
4839 25
4841 500
4842 500
4845 20600
4849 30900
4850 41200
4855 51500
4858 20600
4859 10300
4860 30900
4862 20600
4863 434
4864 434
4865 434
4866 1736
4868 5208
4871 20600
4874 20594
4875 9850
4876 78800
4878 894
4880 10297
4881 20594
4882 20594
4884 20594
4885 7494
4889 30891
4891 10297
4892 29997
4896 3
4897 6
4898 6
4901 30828
4904 750
4905 200
fn=munmap_chunk
3024 12
3025 12
3026 18
3028 12
3030 6
3031 18
3032 6
3038 24
3039 30
3042 6
3043 18
3048 12
3049 6
fn=ptmalloc_init.part.0
1946 385
1949 381
1957 1
1958 1
1960 1
3143 2
fn=sysmalloc_mmap.isra.0
2008 24
2400 36
2413 18
2418 12
2421 60
2424 12
2428 12
2432 24
2448 18
2466 6
2467 18
2471 18
2472 30
2475 18
2476 30
2481 42
fn=tcache_init.part.0
3242 76
3251 80
3252 75
3253 38
3260 36
3261 76
3268 36
3270 38
3274 57
fn=unlink_chunk.isra.0
1608 41456
1610 103640
1613 41456
1614 41456
1616 82912
1619 20728
1620 20728
1621 82628
1623 8
1624 12
1627 8
1641 4
1642 4
1645 41456
fl=./malloc/./malloc/morecore.c
fn=__glibc_morecore
25 18
26 12
29 6
30 12
34 12
fl=./malloc/./malloc/scratch_buffer_set_array_size.c
fn=__libc_scratch_buffer_set_array_size
30 65
34 5
35 10
45 10
46 5
63 30
fl=./malloc/./malloc/thread-freeres.c
fn=__libc_thread_freeres
31 54
33 18
35 18
36 18
37 18
41 18
42 18
fl=./math/../sysdeps/ieee754/dbl-64/e_log.c
fn=__ieee754_log_fma
39 20000
49 10000
61 50000
65 1797
67 599
68 599
69 599
70 1797
71 2396
72 2995
75 2396
76 599
77 1198
78 1198
79 1198
80 1797
81 599
82 599
83 599
85 28203
102 18802
103 18802
104 9401
105 28203
106 47005
114 28203
119 18802
122 18802
123 9401
124 28203
127 9401
130 84609
131 9401
fl=./math/../sysdeps/ieee754/dbl-64/math_config.h
fn=__ieee754_log_fma
85 10000
fl=./math/../sysdeps/x86_64/fpu/multiarch/e_asin.c
fn=__acos_finite@GLIBC_2.15
35 1
fn=__asin_finite@GLIBC_2.15
27 2
fl=./math/../sysdeps/x86_64/fpu/multiarch/e_atan2.c
fn=__atan2_finite@GLIBC_2.15
26 2
fl=./math/../sysdeps/x86_64/fpu/multiarch/e_exp.c
fn=__exp_finite@GLIBC_2.15
27 2
fl=./math/../sysdeps/x86_64/fpu/multiarch/e_exp2f.c
fn=exp2f@@GLIBC_2.27
27 2
fl=./math/../sysdeps/x86_64/fpu/multiarch/e_expf.c
fn=expf@@GLIBC_2.27
27 2
fl=./math/../sysdeps/x86_64/fpu/multiarch/e_log.c
fn=__log_finite@GLIBC_2.15
27 2
fl=./math/../sysdeps/x86_64/fpu/multiarch/e_log2.c
fn=log2@@GLIBC_2.29
27 2
fl=./math/../sysdeps/x86_64/fpu/multiarch/e_log2f.c
fn=log2f@@GLIBC_2.27
27 2
fl=./math/../sysdeps/x86_64/fpu/multiarch/e_logf.c
fn=logf@@GLIBC_2.27
27 2
fl=./math/../sysdeps/x86_64/fpu/multiarch/e_pow.c
fn=__pow_finite@GLIBC_2.15
27 2
fl=./math/../sysdeps/x86_64/fpu/multiarch/e_powf.c
fn=powf@@GLIBC_2.27
30 1
fl=./math/../sysdeps/x86_64/fpu/multiarch/ifunc-avx-fma4.h
fn=__atan2_finite@GLIBC_2.15
32 5
33 2
fn=__exp_finite@GLIBC_2.15
32 5
33 2
fn=__log_finite@GLIBC_2.15
32 5
33 2
fn=cos
32 5
33 2
fn=sin
32 5
33 2
fl=./math/../sysdeps/x86_64/fpu/multiarch/ifunc-fma.h
fn=__log1p
29 4
30 3
fn=cosf
29 4
30 3
fn=exp2f@@GLIBC_2.27
29 4
30 3
fn=expf@@GLIBC_2.27
29 4
30 3
fn=expm1
29 4
30 3
fn=log2@@GLIBC_2.29
29 4
30 3
fn=log2f@@GLIBC_2.27
29 4
30 3
fn=logf@@GLIBC_2.27
29 4
30 3
fn=powf@@GLIBC_2.27
29 4
30 4
fn=sincosf
29 4
30 3
fn=sinf
29 4
30 3
fl=./math/../sysdeps/x86_64/fpu/multiarch/ifunc-fma4.h
fn=__acos_finite@GLIBC_2.15
31 4
32 2
35 1
fn=__asin_finite@GLIBC_2.15
31 4
32 2
fn=__pow_finite@GLIBC_2.15
31 4
32 2
fn=sincos
31 4
32 2
fl=./math/../sysdeps/x86_64/fpu/multiarch/s_cosf.c
fn=cosf
26 2
fl=./math/../sysdeps/x86_64/fpu/multiarch/s_expm1.c
fn=expm1
26 2
fl=./math/../sysdeps/x86_64/fpu/multiarch/s_fma.c
fn=fma
49 6
fl=./math/../sysdeps/x86_64/fpu/multiarch/s_log1p.c
fn=__log1p
26 2
fl=./math/../sysdeps/x86_64/fpu/multiarch/s_sin.c
fn=cos
34 2
fn=sin
27 2
fl=./math/../sysdeps/x86_64/fpu/multiarch/s_sincos.c
fn=sincos
26 2
fl=./math/../sysdeps/x86_64/fpu/multiarch/s_sincosf.c
fn=sincosf
26 2
fl=./math/../sysdeps/x86_64/fpu/multiarch/s_sinf.c
fn=sinf
26 2
fl=./math/./w_log_template.c
fn=log@@GLIBC_2.29
31 10000
32 30000
41 10000
fl=./misc/../sysdeps/unix/syscall-template.S
fn=madvise
117 90
122 18
fn=mprotect
117 1420
122 284
fn=munmap
117 165
122 33
fl=./misc/../sysdeps/unix/sysv/linux/brk.c
fn=brk
36 6
37 12
38 12
44 6
45 6
fl=./misc/../sysdeps/unix/sysv/linux/brk_call.h
fn=brk
24 12
fl=./misc/../sysdeps/unix/sysv/linux/clone-internal.c
fn=__clone_internal
53 36
62 36
64 144
80 54
82 4
83 4
86 1
97 216
99 36
106 18
109 36
110 144
fl=./misc/../sysdeps/unix/sysv/linux/getpagesize.c
fn=getpagesize
27 36
28 144
30 36
fl=./misc/../sysdeps/unix/sysv/linux/getsysstats.c
fn=get_nprocs
215 9
216 6
217 6
222 6
fn=read_sysfs_file
72 18
73 6
76 3
78 12
79 6
102 3
103 6
105 6
139 36
148 9
150 9
151 6
158 15
159 9
166 6
168 3
169 12
170 9
177 9
178 9
180 3
181 15
184 6
190 36
fl=./misc/../sysdeps/unix/sysv/linux/mmap64.c
fn=mmap
47 476
50 136
53 361
58 408
60 272
fl=./misc/../sysdeps/unix/sysv/linux/not-cancel.h
fn=read_sysfs_file
75 6
76 3
fl=./misc/../sysdeps/unix/sysv/linux/setvmaname.c
fn=__set_vma_name
33 432
35 311
40 14
47 2
48 1
49 549
fl=./misc/../sysdeps/unix/sysv/linux/x86_64/clone.S
fn=clone
52 18
54 18
55 18
56 18
59 18
60 18
63 18
65 18
69 18
72 18
73 18
74 18
75 18
76 18
81 18
83 36
84 36
85 36
87 18
95 18
98 18
99 18
100 18
fl=./misc/../sysdeps/unix/sysv/linux/x86_64/clone3.S
fn=clone3
42 1
44 1
45 1
46 1
47 1
48 1
52 1
55 1
60 1
62 1
63 1
86 5
fl=./misc/./misc/init-misc.c
fn=__init_misc
30 5
31 6
33 3
37 5
38 3
40 4
fl=./misc/./misc/sbrk.c
fn=sbrk
37 48
40 12
43 12
58 12
59 4
62 12
63 2
66 20
74 15
78 42
fl=./nptl/../include/list.h
fn=__nptl_deallocate_stack
43 36
44 36
45 18
47 18
55 54
56 18
fn=__nptl_free_stacks
55 42
56 14
fn=__nptl_stack_list_add
43 90
45 18
47 18
fl=./nptl/../nptl/descr.h
fn=__pthread_enable_asynccancel
439 26
fl=./nptl/../sysdeps/nptl/futex-internal.h
fn=__futex_abstimed_wait_cancelable64
87 4
fn=__lll_lock_wait
87 34
146 272
147 68
fn=__pthread_once_slow
209 16
fn=start_thread
146 18
fl=./nptl/../sysdeps/unix/sysv/linux/internal-signals.h
fn=pthread_create@@GLIBC_2.34
81 126
89 108
fn=start_thread
89 90
fl=./nptl/../sysdeps/unix/sysv/linux/internal-sigset.h
fn=pthread_create@@GLIBC_2.34
34 18
102 18
103 18
fn=start_thread
102 54
fl=./nptl/../sysdeps/unix/sysv/linux/rseq-internal.h
fn=start_thread
32 36
40 18
fl=./nptl/../sysdeps/unix/sysv/linux/sigsetops.h
fn=pthread_create@@GLIBC_2.34
54 1
104 2
fl=./nptl/../sysdeps/unix/sysv/linux/x86/elision-conf.c
fn=__lll_elision_init
92 8
96 5
98 4
100 4
102 4
104 4
107 3
108 1
109 6
fl=./nptl/../sysdeps/x86/nptl/tls-setup.h
fn=pthread_create@@GLIBC_2.34
22 36
fl=./nptl/./nptl-stack.h
fn=pthread_create@@GLIBC_2.34
61 180
fl=./nptl/./nptl/allocatestack.c
fn=name_stack_maps
587 216
589 180
593 72
595 72
596 126
599 18
600 36
601 54
603 180
605 252
fn=pthread_create@@GLIBC_2.34
66 72
74 72
99 72
166 54
170 126
219 72
223 54
228 54
238 36
328 36
329 108
333 54
343 108
347 108
351 36
352 54
353 18
366 252
369 72
374 72
380 36
385 36
386 18
395 36
407 36
408 36
411 36
416 36
419 18
426 18
429 108
442 72
445 126
447 108
454 90
477 54
506 90
532 18
537 18
542 18
545 18
547 72
558 72
563 36
fn=start_thread
189 36
191 90
192 36
193 36
194 90
fl=./nptl/./nptl/cancellation.c
fn=__pthread_disable_asynccancel
63 13
66 39
71 39
74 26
76 39
83 39
fn=__pthread_enable_asynccancel
31 13
32 13
33 26
37 26
39 26
42 52
45 26
56 26
fl=./nptl/./nptl/cleanup_compat.c
fn=_pthread_cleanup_pop@@GLIBC_2.34
40 20
43 40
47 40
49 20
fn=_pthread_cleanup_push@@GLIBC_2.34
25 20
28 20
29 20
30 40
32 20
33 20
fl=./nptl/./nptl/futex-internal.c
fn=__futex_abstimed_wait_cancelable64
57 36
77 4
80 4
83 6
84 4
103 16
113 2
138 16
141 12
fl=./nptl/./nptl/libc-cleanup.c
fn=__libc_cleanup_pop_restore
54 10
55 10
57 20
59 10
60 30
71 10
fn=__libc_cleanup_push_defer
24 10
25 10
27 20
29 20
32 20
46 30
48 10
49 10
fl=./nptl/./nptl/lowlevellock.c
fn=__lll_lock_wait
41 68
42 102
45 164
48 34
fn=__lll_lock_wake
63 41
64 205
65 41
fl=./nptl/./nptl/nptl-stack.c
fn=__nptl_deallocate_stack
29 18
37 18
44 54
52 18
104 54
105 54
107 28
112 108
113 90
117 18
123 36
129 72
130 72
fn=__nptl_free_stacks
29 14
37 14
58 140
65 84
69 14
70 42
76 42
79 28
83 70
87 28
91 112
fn=__nptl_stack_list_add
43 18
44 72
52 18
53 18
fl=./nptl/./nptl/nptl_deallocate_tsd.c
fn=__nptl_deallocate_tsd
23 18
28 72
110 18
fl=./nptl/./nptl/nptl_free_tcb.c
fn=__nptl_free_tcb
25 108
27 36
31 54
42 36
44 36
fl=./nptl/./nptl/pthread_attr_copy.c
fn=__pthread_attr_copy
25 234
29 144
32 18
38 54
61 144
62 18
63 198
fl=./nptl/./nptl/pthread_attr_destroy.c
fn=pthread_attr_destroy
26 18
36 54
44 36
fl=./nptl/./nptl/pthread_create.c
fn=create_thread
236 216
240 90
244 36
247 36
248 36
287 198
290 18
297 72
298 36
303 18
309 36
321 36
332 18
333 198
fn=pthread_create@@GLIBC_2.34
81 2
82 1
83 4
90 6
609 72
626 288
632 36
635 1
638 3
644 18
645 72
647 72
648 36
650 36
663 1
674 18
677 18
683 36
684 36
685 18
688 18
689 72
690 54
694 18
695 72
700 72
703 72
708 36
709 36
713 36
718 36
730 36
731 36
751 36
752 3
755 54
757 18
767 18
772 36
780 54
791 36
836 126
843 36
883 36
893 36
897 36
898 36
901 234
fn=start_thread
338 198
345 36
367 72
370 18
373 54
377 18
388 90
405 72
419 36
423 108
426 36
429 36
431 36
433 18
437 36
447 72
448 18
452 18
455 18
458 18
461 54
492 36
494 36
508 108
515 90
516 36
517 72
552 54
553 54
556 54
573 54
578 72
599 90
fl=./nptl/./nptl/pthread_getattr_default_np.c
fn=pthread_getattr_default_np@@GLIBC_2.34
24 108
25 72
26 54
27 72
29 54
fl=./nptl/./nptl/pthread_join.c
fn=pthread_join@@GLIBC_2.34
23 18
24 72
fl=./nptl/./nptl/pthread_join_common.c
fn=__pthread_clockjoin_ex
39 216
43 108
48 90
52 18
55 18
57 36
58 36
74 90
84 36
89 108
94 78
102 10
104 8
111 72
114 18
118 18
121 36
125 54
130 18
133 198
fl=./nptl/./nptl/pthread_mutex_conf.c
fn=__pthread_tunables_init
55 8
56 5
58 4
60 4
62 6
fl=./nptl/./nptl/pthread_mutex_lock.c
fn=pthread_mutex_lock@@GLIBC_2.2.5
44 1017686
45 4070744
48 4070880
77 5088430
80 3053058
82 1017686
84 2035372
88 2035372
90 3052944
94 3052944
97 76
108 152
112 38
115 76
124 1017686
130 114
131 76
179 1017686
182 1017686
184 1017686
187 1017686
190 3053058
fl=./nptl/./nptl/pthread_mutex_unlock.c
fn=pthread_mutex_unlock@@GLIBC_2.2.5
39 1017686
40 4070744
43 4070908
51 3053058
52 2035372
57 2035372
62 1017686
65 1017686
70 1017686
72 1017686
74 76
80 152
84 114
87 76
367 4070744
369 2035372
fl=./nptl/./nptl/pthread_once.c
fn=__pthread_once_slow
68 22
76 2
80 4
88 4
92 4
101 8
114 26
116 2
118 6
124 2
132 20
fn=pthread_once@@GLIBC_2.34
136 18
139 18
140 36
143 2
144 32
fl=./posix/../malloc/dynarray-skeleton.c
fn=__unregister_atfork
243 5
fl=./posix/../sysdeps/unix/sysv/linux/_exit.c
fn=_Exit
27 2
30 4
fl=./posix/./posix/register-atfork.c
fn=__unregister_atfork
71 10
82 30
83 20
109 20
110 15
fl=./resolv/./resolv/res-close.c
fn=__res_thread_freeres
131 126
132 18
134 90
142 108
fl=./resolv/./resolv/resolv_context.c
fn=__resolv_context_freeres
242 162
244 36
245 18
246 36
252 144
fl=./resource/../sysdeps/unix/sysv/linux/getrlimit64.c
fn=getrlimit
38 2
39 7
40 1
fl=./setjmp/../sysdeps/x86_64/bsd-_setjmp.S
fn=_setjmp
28 19
30 19
32 19
fl=./setjmp/../sysdeps/x86_64/setjmp.S
fn=__sigsetjmp
31 33
33 33
42 33
43 66
44 33
48 33
49 33
50 33
51 33
52 33
54 66
56 33
57 33
58 33
60 66
62 33
67 19
68 19
70 14
73 14
74 14
81 14
82 14
85 19
fl=./setjmp/./setjmp/sigjmp.c
fn=__sigjmp_save
28 114
29 19
30 38
34 76
fl=./signal/../string/bits/string_fortified.h
fn=__libc_sigaction
29 16
fl=./signal/../sysdeps/unix/sysv/linux/libc_sigaction.c
fn=__libc_sigaction
43 8
48 2
50 2
53 5
58 11
63 4
71 6
fl=./stdio-common/../include/printf_buffer.h
fn=__printf_buffer
163 72
fl=./stdio-common/../string/bits/string_fortified.h
fn=__printf_buffer_write
29 108
fl=./stdio-common/./stdio-common/Xprintf_buffer_done.c
fn=__printf_buffer_done
25 18
26 54
31 36
33 216
40 18
fl=./stdio-common/./stdio-common/Xprintf_buffer_write.c
fn=__printf_buffer_write
27 432
28 162
31 252
33 180
36 36
37 72
40 108
41 36
44 324
fl=./stdio-common/./stdio-common/_itoa.c
fn=_itoa_word
169 18
172 72
174 36
183 1044
192 36
fl=./stdio-common/./stdio-common/printf-parse.h
fn=__printf_buffer
82 162
fl=./stdio-common/./stdio-common/snprintf.c
fn=snprintf
26 216
30 108
31 54
35 90
fl=./stdio-common/./stdio-common/vfprintf-internal.c
fn=__printf_buffer
600 270
627 90
631 18
634 18
638 72
642 18
653 54
654 36
655 54
659 36
663 144
683 18
684 18
685 18
686 18
687 18
690 36
691 18
692 18
693 18
694 18
695 18
698 18
699 18
705 252
784 18
883 18
973 54
1018 18
1024 18
1028 54
1029 36
1031 36
1044 198
fl=./stdio-common/./stdio-common/vfprintf-process-arg.c
fn=__printf_buffer
66 18
67 18
92 18
93 18
94 18
126 36
128 36
130 36
131 144
136 54
138 36
155 270
161 162
166 108
170 36
186 90
187 162
195 90
197 54
199 72
201 126
206 36
208 72
211 36
224 36
233 36
236 36
240 90
fl=./stdlib/../stdlib/strtol.c
fn=__isoc23_strtoul
125 6
126 30
fl=./stdlib/../stdlib/strtol_l.c
fn=____strtoul_l_internal
238 78
252 6
257 6
258 6
264 12
292 6
295 24
304 36
306 12
310 6
311 12
316 12
320 12
322 6
327 12
335 6
342 12
345 24
390 18
391 18
393 6
394 6
395 6
449 18
451 66
453 45
460 12
477 18
478 6
481 27
484 36
489 21
490 27
495 12
500 18
501 6
513 12
524 30
546 54
fl=./stdlib/./stdlib/cxa_atexit.c
fn=__cxa_atexit
41 24
43 96
44 24
46 24
52 36
53 12
54 12
55 12
56 12
57 48
58 12
67 84
69 72
fn=__new_exitfn
80 60
81 12
86 24
91 76
93 48
94 55
101 1
104 22
122 1
123 1
129 33
130 22
134 1
136 12
137 12
141 60
fl=./stdlib/./stdlib/cxa_finalize.c
fn=__cxa_finalize
30 50
33 35
36 35
40 196
41 132
43 22
45 11
76 11
78 33
81 44
82 33
83 44
87 33
93 35
97 30
105 10
106 20
107 40
fl=./stdlib/./stdlib/cxa_thread_atexit_impl.c
fn=__call_tls_dtors
148 95
149 152
153 57
155 38
156 38
162 38
163 38
165 76
fn=__cxa_thread_atexit_impl
102 171
103 57
106 57
107 38
110 38
111 19
112 57
113 19
117 57
120 38
124 38
128 95
136 19
137 38
139 38
142 133
fl=./stdlib/./stdlib/exit.c
fn=__run_exit_handlers
38 12
40 2
41 2
43 5
54 2
56 2
60 1
64 39
66 24
67 12
69 106
94 2
101 1
102 1
103 1
104 3
107 4
108 3
109 4
113 3
119 3
120 2
126 4
128 2
129 2
131 2
fn=exit
137 3
138 4
fl=./stdlib/./stdlib/getenv.c
fn=getenv
24 9
25 8
28 2
29 191
31 94
32 30
37 9
fl=./stdlib/./stdlib/secure-getenv.c
fn=secure_getenv
28 1
29 5
fl=./string/../include/rtld-malloc.h
fn=strdup
56 28
fl=./string/../string/strcspn.c
fn=strcspn
32 6
33 3
34 2
39 6
40 4
41 4
42 4
44 1
47 9
48 6
51 4
52 4
53 4
54 4
56 3
61 13
62 26
63 26
64 26
65 13
67 78
69 1
70 4
71 3
fl=./string/../string/strstr.c
fn=__GI_strstr
77 12
82 3
84 5
85 2
86 2
161 12
fl=./string/../sysdeps/unix/sysv/linux/tls-internal.c
fn=__glibc_tls_internal_free
24 90
25 18
26 36
27 36
28 36
fl=./string/../sysdeps/x86/cacheinfo.c
fn=__x86_cacheinfo
86 1
fl=./string/../sysdeps/x86/cacheinfo.h
fn=__x86_cacheinfo
59 1
62 3
64 3
65 1
71 3
73 3
74 1
78 2
80 2
81 2
82 2
84 2
86 2
fl=./string/../sysdeps/x86_64/multiarch/../multiarch/memcmp-sse2.S
fn=bcmp
59 7
71 7
72 7
94 1
95 1
140 1
141 1
143 1
144 1
146 1
147 1
149 1
150 1
197 1
198 1
199 1
200 1
201 1
202 1
255 6
257 6
258 6
259 6
260 6
261 6
262 6
269 6
271 6
273 6
274 6
275 6
276 6
277 6
281 6
289 6
fl=./string/../sysdeps/x86_64/multiarch/../multiarch/memset-vec-unaligned-erms.S
fn=memset
132 91
133 455
138 91
139 91
142 66
143 66
145 25
146 25
147 25
244 41
245 41
257 41
260 41
261 41
273 41
274 41
287 41
288 41
290 41
293 22
296 44
299 112
300 112
301 112
302 112
303 112
304 112
305 112
308 41
309 41
310 41
311 41
316 41
350 25
352 25
353 25
392 25
393 25
395 25
fl=./string/../sysdeps/x86_64/multiarch/../multiarch/strchr-sse2.S
fn=index
32 37
33 37
34 37
35 37
36 37
37 37
38 37
39 37
40 37
41 37
42 37
43 37
44 37
45 37
46 37
47 37
48 37
49 37
50 24
54 24
55 24
56 24
57 24
59 24
63 13
64 13
65 13
66 13
67 13
68 13
69 13
70 13
71 13
72 13
73 13
74 13
75 13
76 13
77 13
78 13
79 13
80 13
81 13
82 13
83 13
84 13
85 13
86 13
138 13
142 13
143 13
144 13
145 13
147 13
fl=./string/../sysdeps/x86_64/multiarch/../multiarch/strcmp-sse2.S
fn=strcmp
98 2574
131 2574
132 2574
134 2574
135 2574
156 2574
157 2574
158 2380
159 2380
160 2268
161 2268
162 2268
163 2268
180 2268
181 2268
182 2268
183 2268
184 2268
185 2268
186 2268
191 66
192 198
201 372
202 372
203 372
204 372
205 372
206 372
207 372
208 372
209 280
210 150
211 150
212 150
214 280
215 280
216 280
217 280
218 280
219 280
229 92
230 92
231 92
233 92
239 92
240 92
241 92
242 92
243 92
248 92
250 83
251 83
252 166
260 83
261 83
264 83
265 83
266 83
267 83
268 83
269 83
275 1
276 1
277 1
280 1
281 1
282 1
283 1
284 1
285 1
300 10
301 10
302 10
303 10
304 10
306 10
307 10
308 10
309 10
310 10
311 10
312 10
313 10
316 10
317 10
318 10
324 10
325 10
326 20
330 10
331 10
334 10
335 10
336 10
338 10
339 10
340 10
344 10
345 10
346 10
347 10
348 10
349 10
424 3
425 3
426 3
427 3
428 3
430 3
431 3
432 3
433 3
434 3
435 3
436 3
437 3
440 3
441 3
442 3
448 3
449 3
450 6
454 4
455 4
458 4
459 4
460 4
462 4
463 4
464 4
468 4
469 4
470 4
471 4
472 4
473 4
480 2
481 2
483 2
484 2
486 2
487 2
488 2
490 2
491 2
492 2
496 2
497 2
498 2
499 2
500 2
501 2
508 1
509 1
510 1
542 8
543 8
544 8
545 8
546 8
548 8
549 8
550 8
551 8
552 8
553 8
554 8
555 8
559 8
560 8
561 8
567 8
568 8
569 16
573 9
574 9
577 9
578 9
579 9
581 9
582 9
583 9
587 9
588 9
589 9
590 9
591 9
592 9
599 2
600 2
602 2
603 2
605 2
606 2
607 2
609 2
610 2
611 2
615 2
616 2
617 2
618 2
619 2
620 2
627 1
628 1
629 1
661 2
662 2
663 2
664 2
665 2
667 2
668 2
669 2
670 2
671 2
672 2
673 2
674 1
678 1
679 1
680 1
686 1
687 1
688 2
692 2
693 2
696 2
697 2
698 2
700 2
701 2
702 2
706 2
707 2
708 2
709 2
710 2
711 2
718 1
719 1
721 1
722 1
724 1
725 1
726 1
728 1
729 1
730 1
734 1
735 1
736 1
737 1
738 1
739 1
746 1
747 1
748 1
780 11
781 11
782 11
783 11
784 11
786 11
787 11
788 11
789 11
790 11
791 11
792 11
793 8
797 8
798 8
799 8
805 8
806 8
807 16
811 10
812 10
815 10
816 10
817 10
819 10
820 10
821 10
825 10
826 10
827 10
828 10
829 10
830 10
837 2
838 2
840 2
841 2
843 2
844 2
845 2
847 2
848 2
849 2
853 2
854 2
855 2
856 2
857 2
858 2
865 2
866 2
867 2
899 9
900 9
901 9
902 9
903 9
905 9
906 9
907 9
908 9
909 9
910 9
911 9
912 8
916 8
917 8
918 8
924 8
925 8
926 16
930 8
931 8
934 8
935 8
936 8
938 8
939 8
940 8
944 8
945 8
946 8
947 8
948 8
949 8
956 4
957 4
959 4
960 4
962 4
963 4
964 4
966 4
967 4
968 4
972 4
973 4
974 4
975 4
976 4
977 4
1018 13
1019 13
1020 13
1021 13
1022 13
1024 13
1025 13
1026 13
1027 13
1028 13
1029 13
1030 13
1031 10
1035 10
1036 10
1037 10
1043 10
1044 10
1045 20
1049 12
1050 12
1053 12
1054 12
1055 12
1057 12
1058 12
1059 12
1063 12
1064 12
1065 12
1066 12
1067 12
1068 12
1075 4
1076 4
1078 4
1079 4
1081 4
1082 4
1083 4
1085 4
1086 4
1087 4
1091 4
1092 4
1093 4
1094 4
1095 4
1096 4
1103 2
1104 2
1105 2
1137 15
1138 15
1139 15
1140 15
1141 15
1143 15
1144 15
1145 15
1146 15
1147 15
1148 15
1149 15
1150 6
1154 6
1155 6
1156 6
1162 6
1163 6
1164 12
1168 8
1169 8
1172 8
1173 8
1174 8
1176 8
1177 8
1178 8
1182 8
1183 8
1184 8
1185 8
1186 8
1187 8
1194 2
1195 2
1197 2
1198 2
1200 2
1201 2
1202 2
1204 2
1205 2
1206 2
1210 2
1211 2
1212 2
1213 2
1214 2
1215 2
1222 2
1223 2
1224 2
1256 19
1257 19
1258 19
1259 19
1260 19
1262 19
1263 19
1264 19
1265 19
1266 19
1267 19
1268 19
1269 7
1273 7
1274 7
1275 7
1281 7
1282 7
1283 14
1287 9
1288 9
1291 9
1292 9
1293 9
1295 9
1296 9
1297 9
1301 9
1302 9
1303 9
1304 9
1305 9
1306 9
1313 3
1314 3
1316 3
1317 3
1319 3
1320 3
1321 3
1323 3
1324 3
1325 3
1329 3
1330 3
1331 3
1332 3
1333 3
1334 3
1341 2
1342 2
1343 2
1375 19
1376 19
1377 19
1378 19
1379 19
1381 19
1382 19
1383 19
1384 19
1385 19
1386 19
1387 19
1388 15
1392 15
1393 15
1394 15
1400 15
1401 15
1402 30
1406 17
1407 17
1410 17
1411 17
1412 17
1414 17
1415 17
1416 17
1420 17
1421 17
1422 17
1423 17
1424 17
1425 17
1432 4
1433 4
1435 4
1436 4
1438 4
1439 4
1440 4
1442 4
1443 4
1444 4
1448 4
1449 4
1450 4
1451 4
1452 4
1453 4
1460 2
1461 2
1462 2
1494 35
1495 35
1496 35
1497 35
1498 35
1500 35
1501 35
1502 35
1503 35
1504 35
1505 35
1506 35
1507 23
1511 23
1512 23
1513 23
1519 23
1520 23
1521 46
1525 26
1526 26
1529 26
1530 26
1531 26
1533 26
1534 26
1535 26
1539 26
1540 26
1541 26
1542 26
1543 26
1544 26
1551 6
1552 6
1554 6
1555 6
1557 6
1558 6
1559 6
1561 6
1562 6
1563 6
1567 6
1568 6
1569 6
1570 6
1571 6
1572 6
1579 3
1580 3
1581 3
1613 32
1614 32
1615 32
1616 32
1617 32
1619 32
1620 32
1621 32
1622 32
1623 32
1624 32
1625 32
1626 9
1630 9
1631 9
1632 9
1638 9
1639 9
1640 18
1644 10
1645 10
1648 10
1649 10
1650 10
1652 10
1653 10
1654 10
1658 10
1659 10
1660 10
1661 10
1662 10
1663 10
1670 5
1671 5
1673 5
1674 5
1676 5
1677 5
1678 5
1680 5
1681 5
1682 5
1686 5
1687 5
1688 5
1689 5
1690 5
1691 5
1698 1
1699 1
1700 1
1732 43
1733 43
1734 43
1735 43
1736 43
1738 43
1739 43
1740 43
1741 43
1742 43
1743 43
1744 43
1745 24
1749 24
1750 24
1751 24
1757 24
1758 24
1759 48
1763 24
1764 24
1767 24
1768 24
1769 24
1771 24
1772 24
1773 24
1777 24
1778 24
1779 24
1780 24
1781 24
1782 24
1789 5
1790 5
1792 5
1793 5
1795 5
1796 5
1797 5
1799 5
1800 5
1801 5
1805 5
1806 5
1807 5
1808 5
1809 5
1810 5
1851 25
1852 25
1853 25
1854 25
1855 25
1857 25
1858 25
1859 25
1860 25
1861 25
1862 25
1863 25
1864 16
1868 16
1869 16
1870 16
1876 16
1877 16
1878 32
1882 19
1883 19
1886 19
1887 19
1888 19
1890 19
1891 19
1892 19
1896 19
1897 19
1898 19
1899 19
1900 19
1901 19
1908 8
1909 8
1911 8
1912 8
1914 8
1915 8
1916 8
1918 8
1919 8
1920 8
1924 8
1925 8
1926 8
1927 8
1928 8
1929 8
1936 3
1937 3
1938 3
1970 36
1971 36
1972 36
1973 36
1974 36
1976 36
1977 36
1978 36
1979 36
1980 36
1981 36
1982 36
1984 15
1988 15
1989 15
1990 15
1996 15
1997 15
1999 30
2003 16
2004 16
2007 16
2008 16
2009 16
2011 16
2012 16
2013 16
2017 16
2018 16
2019 16
2020 16
2021 16
2022 16
2029 4
2030 4
2032 4
2033 4
2035 4
2036 4
2037 4
2039 4
2040 4
2041 4
2045 4
2046 4
2047 4
2048 4
2049 4
2050 4
2057 1
2058 1
2059 1
2093 246
2095 372
2096 372
2097 372
2098 372
2099 300
2104 2574
2110 2574
2111 2574
2119 2574
2120 2574
fn=strncmp
98 1
125 1
126 1
127 1
128 1
129 1
131 1
132 1
134 1
135 1
156 1
157 1
158 1
159 1
160 1
161 1
162 1
163 1
180 1
181 1
182 1
183 1
184 1
185 1
186 1
2104 1
2107 1
2108 1
2110 1
2111 1
2119 1
2120 1
fl=./string/../sysdeps/x86_64/multiarch/../multiarch/strlen-sse2.S
fn=strlen
57 46
101 46
102 46
103 46
104 46
105 46
106 46
107 46
109 46
111 46
142 45
143 45
144 45
145 45
146 45
147 14
149 14
153 31
154 31
155 31
156 31
157 31
158 31
159 31
160 31
161 31
162 31
163 31
164 31
169 246
173 1
174 14
175 8
243 2
244 2
245 2
246 2
247 2
248 2
249 2
250 2
252 1
254 1
255 1
256 1
257 1
258 1
259 1
260 1
261 1
262 1
266 1
268 1
269 14
271 1
272 1
273 1
275 1
fl=./string/../sysdeps/x86_64/multiarch/ifunc-avx2.h
fn=memrchr
38 4
40 3
41 2
42 3
45 2
46 2
49 3
52 6
fn=rindex
38 4
40 3
41 2
42 3
45 2
46 2
49 3
52 6
fn=strchrnul
38 4
40 3
41 2
42 3
45 2
46 2
49 3
52 6
fn=strlen
38 8
40 6
41 4
42 6
45 4
46 4
49 6
52 12
fn=strnlen
38 8
40 6
41 4
42 6
45 4
46 4
49 6
52 12
fl=./string/../sysdeps/x86_64/multiarch/ifunc-evex.h
fn=memchr
37 8
38 6
39 6
42 4
43 4
45 4
51 6
54 8
fl=./string/../sysdeps/x86_64/multiarch/ifunc-memcmp.h
fn=bcmp
34 10
35 4
36 4
37 6
40 4
41 4
44 6
47 8
fl=./string/../sysdeps/x86_64/multiarch/ifunc-memmove.h
fn=memcpy@@GLIBC_2.14
56 6
57 9
60 9
61 6
74 6
77 6
85 6
93 6
96 15
fn=memmove
56 6
57 9
60 9
61 6
74 6
77 6
85 6
93 6
96 15
fn=mempcpy
56 2
57 3
60 3
61 2
74 2
77 2
85 2
93 2
96 5
fl=./string/../sysdeps/x86_64/multiarch/ifunc-memset.h
fn=memset
54 15
57 9
58 6
64 6
73 6
75 6
85 6
93 6
96 15
fl=./string/../sysdeps/x86_64/multiarch/ifunc-sse4_2.h
fn=strcspn
36 5
fn=strpbrk
36 5
fn=strspn
36 5
fl=./string/../sysdeps/x86_64/multiarch/ifunc-strcasecmp.h
fn=strcasecmp
36 4
37 2
38 3
41 2
42 2
45 3
48 5
fn=strcasecmp_l
36 4
37 2
38 3
41 2
42 2
45 3
48 5
fn=strncasecmp
36 4
37 2
38 3
41 2
42 2
45 3
48 5
fn=strncasecmp_l
36 4
37 2
38 3
41 2
42 2
45 3
48 5
fl=./string/../sysdeps/x86_64/multiarch/ifunc-strcpy.h
fn=stpcpy
38 4
39 3
42 2
43 2
46 3
49 3
fn=strcat
38 4
39 3
42 2
43 2
46 3
49 3
fn=strcpy
38 4
39 3
42 2
43 2
46 3
49 3
fl=./string/../sysdeps/x86_64/multiarch/ifunc-strncpy.h
fn=stpncpy
35 5
36 3
39 2
40 2
43 3
46 4
fn=strncpy
35 5
36 3
39 2
40 2
43 3
46 4
fl=./string/../sysdeps/x86_64/multiarch/memchr-avx2.S
fn=__memchr_avx2
61 27
68 27
70 27
73 27
74 27
76 27
77 27
78 27
79 27
82 27
83 27
86 27
87 27
101 27
106 27
113 27
114 27
115 15
116 15
128 12
129 12
fl=./string/../sysdeps/x86_64/multiarch/memchr.c
fn=memchr
29 4
fl=./string/../sysdeps/x86_64/multiarch/memcmp-avx2-movbe.S
fn=__memcmp_avx2_movbe
73 50
80 50
81 50
84 1
85 1
86 1
90 1
91 1
93 1
94 1
97 1
98 1
99 1
102 1
103 1
106 1
107 1
110 1
111 1
112 1
113 1
114 1
115 1
116 1
117 1
118 1
119 1
122 1
123 1
129 1
130 1
131 1
132 1
136 1
137 1
139 1
140 1
141 1
142 1
145 1
146 1
147 1
148 1
149 1
150 1
152 2
156 39
166 39
167 39
168 39
171 78
401 49
402 49
407 49
408 49
409 49
410 49
411 49
414 49
415 49
416 49
417 49
420 49
421 49
422 10
423 20
fl=./string/../sysdeps/x86_64/multiarch/memcmp.c
fn=bcmp
29 8
fl=./string/../sysdeps/x86_64/multiarch/memcmpeq.c
fn=memcpy@@GLIBC_2.14
29 3
fl=./string/../sysdeps/x86_64/multiarch/memmove-vec-unaligned-erms.S
fn=__memcpy_avx_unaligned_erms
255 11766
256 11766
262 11774
263 11774
265 10644
266 10644
267 10644
270 165
271 165
272 165
275 330
305 1130
306 1130
308 1063
309 1063
311 1030
315 1030
316 1006
317 1006
318 1006
319 1006
323 1006
325 1006
331 24
332 24
333 24
334 24
335 24
342 67
343 67
344 67
345 67
347 67
364 33
365 33
366 33
367 33
368 33
375 10352
376 10352
377 10352
378 10352
379 10352
380 10352
381 20704
386 10479
387 10479
392 10478
393 10478
395 10378
396 10378
397 10378
399 26
400 26
401 26
402 26
403 26
404 26
405 26
406 26
407 26
408 26
409 26
410 26
411 26
412 26
413 52
417 100
418 100
422 100
424 100
428 100
429 100
440 100
443 100
445 100
447 100
451 100
452 100
461 94
462 94
464 94
466 94
467 94
468 94
471 94
473 94
475 94
477 188
483 282
484 282
485 282
486 282
487 282
488 282
489 282
490 282
491 282
492 282
493 282
494 282
496 94
497 94
498 94
499 94
501 94
505 188
518 6
519 6
521 6
522 6
523 6
525 6
527 6
529 12
535 18
536 18
537 18
538 18
539 18
540 18
541 18
542 18
543 18
544 18
545 18
546 18
548 6
549 6
550 6
551 6
553 6
554 12
601 1
602 1
606 1
608 1
611 1
615 1
616 1
684 1
685 1
686 1
691 1
692 1
693 1
700 1
706 1
708 1
716 1
717 1
719 1
721 1
723 1
725 1
733 1
734 1
735 1
736 1
741 1
742 1
743 1
746 1
748 2
753 624
755 39936
756 39936
757 39936
758 39936
760 79872
761 79872
762 19968
764 79872
765 79872
766 19968
767 19968
768 19968
769 624
770 624
771 624
772 624
773 1
776 1
777 1
782 126
783 126
784 63
785 63
786 63
787 63
788 63
789 63
790 63
791 63
792 63
793 63
794 63
795 63
796 63
800 1
801 1
802 1
803 1
805 1
806 1
807 1
808 1
809 2
fn=__mempcpy_avx_unaligned_erms
242 8
243 8
244 8
245 8
fn=memcpy
210 51
211 51
217 208
218 208
220 90
221 90
222 90
224 67
225 67
226 67
228 67
308 118
309 118
311 76
315 76
316 76
317 76
318 1
319 1
323 1
325 76
364 42
365 42
366 42
367 42
368 42
375 16
376 16
377 16
378 16
379 16
380 16
381 16
392 23
393 23
395 20
396 20
397 20
399 4
400 4
401 4
402 4
403 4
404 4
405 4
406 4
407 4
408 4
409 4
410 4
411 4
412 4
413 4
417 3
418 3
422 3
424 3
440 3
443 3
445 3
447 3
451 3
452 3
461 3
462 3
464 3
466 3
467 3
468 3
471 3
473 3
475 3
477 3
483 10
484 10
485 10
486 10
487 10
488 10
489 10
490 10
491 10
492 10
493 10
494 10
496 3
497 3
498 3
499 3
501 3
505 3
fn=mempcpy
197 157
198 157
199 157
200 157
fl=./string/../sysdeps/x86_64/multiarch/memmove.c
fn=memmove
29 3
fl=./string/../sysdeps/x86_64/multiarch/mempcpy.c
fn=mempcpy
33 1
fl=./string/../sysdeps/x86_64/multiarch/memrchr.c
fn=memrchr
29 3
fl=./string/../sysdeps/x86_64/multiarch/memset-vec-unaligned-erms.S
fn=__memset_avx2_unaligned_erms
158 10676
159 21352
164 10676
165 10676
166 10675
167 10675
168 10675
181 200
182 200
184 400
237 10675
238 10675
244 10672
245 10672
257 10672
260 10672
261 10672
273 10472
274 10472
287 10472
288 10472
290 10472
293 10472
296 10472
299 83645
300 83645
301 83645
302 83645
303 83645
304 83645
305 94117
308 10472
309 10472
310 10472
311 10472
314 20944
325 3
326 3
327 3
328 6846051
329 3
330 6
337 1
346 1
347 1
352 1
353 1
354 1
355 1
356 1
357 1
358 1
361 1
fl=./string/../sysdeps/x86_64/multiarch/memset.c
fn=memset
29 3
fl=./string/../sysdeps/x86_64/multiarch/stpcpy.c
fn=stpcpy
33 3
fl=./string/../sysdeps/x86_64/multiarch/stpncpy.c
fn=stpncpy
31 3
fl=./string/../sysdeps/x86_64/multiarch/strcasecmp.c
fn=strcasecmp
31 3
fl=./string/../sysdeps/x86_64/multiarch/strcasecmp_l.c
fn=strcasecmp_l
31 3
fl=./string/../sysdeps/x86_64/multiarch/strcat.c
fn=strcat
29 3
fl=./string/../sysdeps/x86_64/multiarch/strchr-avx2.S
fn=__strchr_avx2
53 1
55 1
56 1
57 1
58 1
59 1
62 1
63 1
67 1
68 1
69 1
70 1
71 1
72 1
73 1
74 1
77 1
85 1
93 1
94 2
fn=__strchrnul_avx2
53 36
55 36
56 36
57 36
58 36
59 36
62 36
63 36
67 36
68 36
69 36
70 36
71 36
72 36
73 36
74 36
87 36
89 72
fl=./string/../sysdeps/x86_64/multiarch/strchr.c
fn=index
42 4
43 2
44 3
47 2
48 2
51 3
54 3
65 3
fl=./string/../sysdeps/x86_64/multiarch/strchrnul.c
fn=strchrnul
31 3
fl=./string/../sysdeps/x86_64/multiarch/strcmp-avx2.S
fn=__strncmp_avx2
206 5
230 5
235 5
249 5
274 5
275 5
276 5
278 5
279 5
283 4
287 4
289 4
291 4
294 4
296 4
297 4
308 4
318 4
319 4
322 4
326 8
331 4
332 4
333 4
957 1
958 1
959 1
960 1
962 1
965 1
966 1
993 1
994 1
995 1
996 1
997 1
998 1
1000 1
1047 1
1048 1
1051 1
1052 1
1053 1
1056 2
1063 1
1064 1
1065 1
1066 1
1076 1
1077 1
1080 1
1081 1
1082 1
1083 1
1089 1
1091 1
1094 1
1095 1
fl=./string/../sysdeps/x86_64/multiarch/strcmp.c
fn=strcmp
47 4
48 2
49 3
52 2
53 2
56 3
59 3
79 3
fl=./string/../sysdeps/x86_64/multiarch/strcpy.c
fn=strcpy
29 3
fl=./string/../sysdeps/x86_64/multiarch/strcspn.c
fn=strcspn
29 2
fl=./string/../sysdeps/x86_64/multiarch/strlen-avx2.S
fn=__strlen_avx2
52 69
65 69
66 69
67 69
70 69
72 69
73 69
76 69
77 69
85 69
86 69
87 69
92 138
fl=./string/../sysdeps/x86_64/multiarch/strlen.c
fn=strlen
29 6
fl=./string/../sysdeps/x86_64/multiarch/strncase.c
fn=strncasecmp
31 3
fl=./string/../sysdeps/x86_64/multiarch/strncase_l.c
fn=strncasecmp_l
31 3
fl=./string/../sysdeps/x86_64/multiarch/strncmp.c
fn=strncmp
43 4
44 2
45 3
48 2
49 2
52 3
55 5
67 3
fl=./string/../sysdeps/x86_64/multiarch/strncpy.c
fn=strncpy
29 3
fl=./string/../sysdeps/x86_64/multiarch/strnlen.c
fn=strnlen
31 6
fl=./string/../sysdeps/x86_64/multiarch/strpbrk.c
fn=strpbrk
29 2
fl=./string/../sysdeps/x86_64/multiarch/strrchr-avx2.S
fn=__strrchr_avx2
53 1
54 1
55 1
57 1
58 1
62 1
63 1
64 1
67 1
69 1
70 1
71 1
72 1
75 1
76 1
78 1
79 1
80 1
81 1
82 1
91 2
fl=./string/../sysdeps/x86_64/multiarch/strrchr.c
fn=rindex
28 3
fl=./string/../sysdeps/x86_64/multiarch/strspn.c
fn=strspn
29 2
fl=./string/./string/strdup.c
fn=strdup
40 84
41 28
44 28
47 56
48 42
fl=./sunrpc/./sunrpc/rpc_thread.c
fn=__rpc_thread_destroy
21 90
22 36
24 36
39 72
fl=./time/../sysdeps/unix/sysv/linux/clock_gettime.c
fn=clock_gettime@@GLIBC_2.17
30 3
38 6
40 6
44 6
68 6
69 6
fl=./wcsmbs/../sysdeps/x86_64/multiarch/ifunc-avx2.h
fn=wcschr
38 8
40 6
41 4
42 6
45 4
46 4
49 6
52 12
fn=wcscmp
38 4
40 3
41 2
42 3
45 2
46 2
49 3
52 6
fl=./wcsmbs/../sysdeps/x86_64/multiarch/ifunc-evex.h
fn=wmemchr
37 8
38 6
39 6
42 4
43 4
45 4
51 6
54 8
fl=./wcsmbs/../sysdeps/x86_64/multiarch/ifunc-memcmp.h
fn=wmemcmp
34 5
35 2
36 2
37 3
40 2
41 2
44 3
47 4
fl=./wcsmbs/../sysdeps/x86_64/multiarch/ifunc-wcs.h
fn=wcpncpy
39 4
40 3
41 3
44 2
45 3
48 4
fn=wcscat
39 4
40 3
41 3
44 2
45 3
48 4
fn=wcsncpy
39 4
40 3
41 3
44 2
45 3
48 4
fl=./wcsmbs/../sysdeps/x86_64/multiarch/ifunc-wcslen.h
fn=wcslen
40 4
41 2
42 3
45 2
46 2
49 3
52 3
fn=wcsnlen
40 4
41 2
42 3
45 2
46 2
49 3
52 3
fl=./wcsmbs/../sysdeps/x86_64/multiarch/ifunc-wmemset.h
fn=wmemset
36 10
37 6
fl=./wcsmbs/../sysdeps/x86_64/multiarch/wcpcpy.c
fn=wcpncpy
31 1
fl=./wcsmbs/../sysdeps/x86_64/multiarch/wcpncpy.c
fn=wcpncpy
31 1
fl=./wcsmbs/../sysdeps/x86_64/multiarch/wcscat.c
fn=wcscat
31 2
fn=wcschr
31 2
fl=./wcsmbs/../sysdeps/x86_64/multiarch/wcschr.c
fn=wcschr
31 4
fl=./wcsmbs/../sysdeps/x86_64/multiarch/wcscmp.c
fn=wcscmp
30 3
fl=./wcsmbs/../sysdeps/x86_64/multiarch/wcscpy.c
fn=wcscpy
42 4
43 2
44 3
46 2
47 3
50 3
60 2
fl=./wcsmbs/../sysdeps/x86_64/multiarch/wcslen.c
fn=wcslen
29 3
fl=./wcsmbs/../sysdeps/x86_64/multiarch/wcsncpy.c
fn=wcsncpy
31 2
fl=./wcsmbs/../sysdeps/x86_64/multiarch/wcsnlen.c
fn=wcsnlen
30 3
fl=./wcsmbs/../sysdeps/x86_64/multiarch/wmemchr.c
fn=wmemchr
31 4
fl=./wcsmbs/../sysdeps/x86_64/multiarch/wmemcmp.c
fn=wmemcmp
29 4
fl=./wcsmbs/../sysdeps/x86_64/multiarch/wmemset.c
fn=wmemset
31 4
fl=./wcsmbs/./wcsmbs/btowc.c
fn=btowc
32 2560
37 1792
42 512
46 384
47 256
48 256
52 512
55 1152
94 1792
fl=./wcsmbs/./wcsmbs/wctob.c
fn=wctob
30 1280
39 384
44 256
45 128
79 1152
fl=./wcsmbs/./wcsmbsload.h
fn=btowc
69 128
70 384
fl=./wctype/./wctype/wctype_l.c
fn=wctype_l
26 110
29 20
32 30
33 68
35 174
37 410
40 48
41 96
45 20
46 10
47 80
fl=/home/ray847/projects/DataStructures/PJ/src/FinalSolution.cpp
fn=FinalSolution::Sift::Solution::Build(std::vector<float, std::allocator<float> > const&)
28 15
29 2
30 2
31 2
32 1
35 1
36 40005
37 30000
38 20000
40 1
42 2
43 1
44 30002
45 69994
50 30005
51 60000
54 1
56 2
65 3
66 59
69 58
70 36
72 5
73 11
81 40000
fn=FinalSolution::Sift::Solution::FlattenGraph_(std::vector<std::vector<std::vector<int, std::allocator<int> >, std::allocator<std::vector<int, std::allocator<int> > > >, std::allocator<std::vector<std::vector<int, std::allocator<int> >, std::allocator<std::vector<int, std::allocator<int> > > > > > const&)
225 13
226 7
227 1
228 40005
229 30004
230 61336
231 31002
235 3
236 1
238 50005
239 10000
240 30000
241 122338
242 20668
244 62004
245 1709240
249 11
fn=FinalSolution::Sift::Solution::Insert_(int, std::vector<std::vector<std::vector<int, std::allocator<int> >, std::allocator<std::vector<int, std::allocator<int> > > >, std::allocator<std::vector<std::vector<int, std::allocator<int> >, std::allocator<std::vector<int, std::allocator<int> > > > > >&, std::vector<std::mutex, std::allocator<std::mutex> >&)
86 150000
88 56630
89 40000
91 70000
92 20000
93 40000
95 20000
97 218576
99 116582
100 54756
101 166684
102 19666
103 39332
105 1398480
106 2093478
107 1019361
116 71670
118 165344
120 31002
122 41336
126 41336
129 2326951
131 658938
134 1071079
137 3600960
139 85546176
140 226167744
142 982080
153 20668
157 110000
fn=FinalSolution::Sift::Solution::Search(std::vector<float, std::allocator<float> > const&, int, int*)
75 100
76 100
fn=FinalSolution::Sift::Solution::SearchFP_(std::vector<float, std::allocator<float> > const&, int, int*)
251 1500
252 207
253 300
257 100
259 200
264 800
266 1100
268 1600
269 2000
270 800
271 400
272 3100
273 400
274 600
276 12700
277 4100
278 24600
279 12300
292 800
293 500
299 13400
300 13000
301 13000
303 19500
307 19500
308 13000
309 45500
311 1604000
312 310400
313 1758400
316 51200
317 19200
318 19200
319 19200
320 12800
321 12800
328 300
330 13500
332 13000
336 2000
337 2500
338 3000
341 700
fn=FinalSolution::Sift::Solution::SearchLayerFP_(float const*, int, int, int, std::vector<std::vector<std::vector<int, std::allocator<int> >, std::allocator<std::vector<int, std::allocator<int> > > >, std::allocator<std::vector<std::vector<int, std::allocator<int> >, std::allocator<std::vector<int, std::allocator<int> > > > > > const&, std::vector<std::mutex, std::allocator<std::mutex> >&, FinalSolution::Sift::Solution::VisitedList&)
162 237682
168 72338
169 62004
170 31002
173 1337026
174 1974537
175 1316358
176 1974537
179 1337026
182 157512831
184 5830605
185 1295690
186 1943535
187 1943535
188 1295690
194 124008
fn=FinalSolution::Sift::Solution::SelectNeighbors_(std::priority_queue<std::pair<float, int>, std::vector<std::pair<float, int>, std::allocator<std::pair<float, int> > >, std::less<std::pair<float, int> > >&, std::vector<int, std::allocator<int> >&)
198 134342
200 20668
202 31002
204 1357694
206 1316358
210 988479
211 679462
213 16291167
214 48780495
223 72338
fn=FinalSolution::Sift::Solution::Solution()
26 6
fn=_GLOBAL__sub_I__ZN13FinalSolution4Sift8SolutionC2Ev
983 2
fn=std::thread::_State_impl<std::thread::_Invoker<std::tuple<FinalSolution::Sift::Solution::Build(std::vector<float, std::allocator<float> > const&)::{lambda()#1}> > >::_M_run()
57 18
60 30054
61 30000
fl=/home/ray847/projects/DataStructures/PJ/src/FinalSolution.h
fn=FinalSolution::Sift::Distance<128, true, void>::L2Sq(float const*, float const*)
43 54212992
45 54212992
46 1301111808
58 27106496
fn=FinalSolution::Sift::Solution::SearchFP_(std::vector<float, std::allocator<float> > const&, int, int*)
85 621000
fn=FinalSolution::Sift::Solution::SearchLayerFP_(float const*, int, int, int, std::vector<std::vector<std::vector<int, std::allocator<int> >, std::allocator<std::vector<int, std::allocator<int> > > >, std::allocator<std::vector<std::vector<int, std::allocator<int> >, std::allocator<std::vector<int, std::allocator<int> > > > > > const&, std::vector<std::mutex, std::allocator<std::mutex> >&, FinalSolution::Sift::Solution::VisitedList&)
85 62499256
fn=FinalSolution::Sift::Solution::VisitedList::~VisitedList()
80 19
fl=/home/ray847/projects/DataStructures/PJ/src/Global.h
fn=_GLOBAL__sub_I__Z17send_perf_commandRKNSt7__cxx1112basic_stringIcSt11char_traitsIcESaIcEEE
95 3
fn=_GLOBAL__sub_I__ZN13FinalSolution4Sift8SolutionC2Ev
95 2
fl=/home/ray847/projects/DataStructures/PJ/src/Main.cpp
fn=_GLOBAL__sub_I__Z17send_perf_commandRKNSt7__cxx1112basic_stringIcSt11char_traitsIcESaIcEEE
156 2
fn=load_base(global::DataSetInfo const&)
42 12
43 2
44 1
45 2
47 3
48 3840004
51 12
fn=load_labels(global::DataSetInfo const&)
66 12
67 2
68 1
74 304
75 3400
81 12
fn=load_samples(global::DataSetInfo const&)
52 12
53 2
54 1
55 1
57 2
58 303
59 38800
65 12
fn=main
31 2
32 2
34 3
fn=run(global::DataSetInfo const&)
91 13
93 2
94 2
99 5
100 5
101 5
106 4
108 10
109 2
110 3
111 2
114 3
118 609
119 600
123 2
127 2
129 4
130 405
132 3400
133 2000
136 12
152 4
155 2
156 11
fn=save_res(std::vector<std::vector<int, std::allocator<int> >, std::allocator<std::vector<int, std::allocator<int> > > > const&)
82 312
84 304
85 3100
86 5000
90 11
fl=/usr/include/c++/13/bits/allocator.h
fn=FinalSolution::Sift::Solution::Insert_(int, std::vector<std::vector<std::vector<int, std::allocator<int> >, std::allocator<std::vector<int, std::allocator<int> > > >, std::allocator<std::vector<std::vector<int, std::allocator<int> >, std::allocator<std::vector<int, std::allocator<int> > > > > >&, std::vector<std::mutex, std::allocator<std::mutex> >&)
184 327360
fl=/usr/include/c++/13/bits/atomic_base.h
fn=std::thread::_State_impl<std::thread::_Invoker<std::tuple<FinalSolution::Sift::Solution::Build(std::vector<float, std::allocator<float> > const&)::{lambda()#1}> > >::_M_run()
635 30054
fl=/usr/include/c++/13/bits/basic_ios.h
fn=load_base(global::DataSetInfo const&)
158 4
282 4
461 3
462 10
fn=load_labels(global::DataSetInfo const&)
158 4
282 4
461 3
462 10
fn=load_samples(global::DataSetInfo const&)
158 4
282 4
461 3
462 10
fn=run(global::DataSetInfo const&)
49 4
fn=save_res(std::vector<std::vector<int, std::allocator<int> >, std::allocator<std::vector<int, std::allocator<int> > > > const&)
282 4
461 3
462 10
fl=/usr/include/c++/13/bits/basic_string.h
fn=load_base(global::DataSetInfo const&)
189 2
213 1
218 1
223 2
250 1
264 2
289 2
624 2
fn=load_labels(global::DataSetInfo const&)
189 2
213 1
218 1
223 2
250 1
264 2
289 2
624 2
fn=load_samples(global::DataSetInfo const&)
189 2
213 1
218 1
223 2
250 1
264 2
289 2
624 2
fn=run(global::DataSetInfo const&)
223 6
264 19
289 10
4037 24
fn=std::__cxx11::basic_string<char, std::char_traits<char>, std::allocator<char> >::_M_mutate(unsigned long, unsigned long, char const*, unsigned long)
213 5
223 5
241 5
250 5
264 20
427 10
1079 10
1171 10
fn=std::basic_format_context<std::__format::_Sink_iter<char>, char>::iterator std::__format::__formatter_fp<char>::format<double, std::__format::_Sink_iter<char> >(double, std::basic_format_context<std::__format::_Sink_iter<char>, char>&) const
193 25
213 5
218 10
223 10
264 25
fn=std::vformat[abi:cxx11](std::basic_string_view<char, std::char_traits<char> >, std::basic_format_args<std::basic_format_context<std::__format::_Sink_iter<char>, char> >)
193 18
213 5
218 18
223 12
230 6
250 10
264 24
266 6
399 24
427 2
431 1
683 1
1072 12
1079 5
1171 12
fl=/usr/include/c++/13/bits/basic_string.tcc
fn=load_base(global::DataSetInfo const&)
143 2
227 2
fn=load_labels(global::DataSetInfo const&)
143 2
227 2
fn=load_samples(global::DataSetInfo const&)
143 2
227 2
fn=std::__cxx11::basic_string<char, std::char_traits<char>, std::allocator<char> >::_M_mutate(unsigned long, unsigned long, char const*, unsigned long)
143 10
149 25
151 6
153 6
159 3
325 60
329 15
331 15
334 15
336 20
337 5
338 15
345 40
fn=std::vformat[abi:cxx11](std::basic_string_view<char, std::char_traits<char> >, std::basic_format_args<std::basic_format_context<std::__format::_Sink_iter<char>, char> >)
416 6
418 12
421 1
424 20
fl=/usr/include/c++/13/bits/char_traits.h
fn=load_base(global::DataSetInfo const&)
358 1
435 4
fn=load_labels(global::DataSetInfo const&)
358 1
435 4
fn=load_samples(global::DataSetInfo const&)
358 1
435 4
fn=std::__cxx11::basic_string<char, std::char_traits<char>, std::allocator<char> >::_M_mutate(unsigned long, unsigned long, char const*, unsigned long)
435 25
fn=std::__format::_Scanner<char>::_M_scan()
411 114
fn=std::__format::_Sink_iter<char> std::__format::__write<std::__format::_Sink_iter<char>, char>(std::__format::_Sink_iter<char>, std::basic_string_view<char, std::char_traits<char> >)
435 54
fn=std::basic_format_context<std::__format::_Sink_iter<char>, char>::iterator std::__format::__formatter_fp<char>::format<double, std::__format::_Sink_iter<char> >(double, std::basic_format_context<std::__format::_Sink_iter<char>, char>&) const
358 10
fn=std::vformat[abi:cxx11](std::basic_string_view<char, std::char_traits<char> >, std::basic_format_args<std::basic_format_context<std::__format::_Sink_iter<char>, char> >)
358 18
435 18
fl=/usr/include/c++/13/bits/chrono.h
fn=run(global::DataSetInfo const&)
212 10
716 9
fl=/usr/include/c++/13/bits/functional_hash.h
fn=run(global::DataSetInfo const&)
154 1000
fn=std::_Hashtable<int, int, std::allocator<int>, std::__detail::_Identity, std::equal_to<int>, std::hash<int>, std::__detail::_Mod_range_hashing, std::__detail::_Default_ranged_hash, std::__detail::_Prime_rehash_policy, std::__detail::_Hashtable_traits<false, true, true> >::_Hashtable<__gnu_cxx::__normal_iterator<int*, std::vector<int, std::allocator<int> > > >(__gnu_cxx::__normal_iterator<int*, std::vector<int, std::allocator<int> > >, __gnu_cxx::__normal_iterator<int*, std::vector<int, std::allocator<int> > >, unsigned long, std::hash<int> const&, std::equal_to<int> const&, std::allocator<int> const&, std::integral_constant<bool, true>)
154 2900
fl=/usr/include/c++/13/bits/hashtable.h
fn=run(global::DataSetInfo const&)
448 303
456 200
568 900
1692 5000
1750 6000
1954 1000
1955 2000
1958 1000
2525 500
2526 200
2527 100
2528 100
fn=std::_Hashtable<int, int, std::allocator<int>, std::__detail::_Identity, std::equal_to<int>, std::hash<int>, std::__detail::_Mod_range_hashing, std::__detail::_Default_ranged_hash, std::__detail::_Prime_rehash_policy, std::__detail::_Hashtable_traits<false, true, true> >::_Hashtable<__gnu_cxx::__normal_iterator<int*, std::vector<int, std::allocator<int> > > >(__gnu_cxx::__normal_iterator<int*, std::vector<int, std::allocator<int> > >, __gnu_cxx::__normal_iterator<int*, std::vector<int, std::allocator<int> > >, unsigned long, std::hash<int> const&, std::equal_to<int> const&, std::allocator<int> const&, std::integral_constant<bool, true>)
311 1000
436 200
448 200
456 200
465 200
490 600
797 900
1195 500
1196 200
1208 1200
1215 800
1984 1800
1985 1800
2011 4900
2023 2000
2024 1000
2026 2000
2029 900
2031 3000
2174 6000
2177 2000
2187 1000
2259 2000
2260 200
2588 100
2589 100
2590 200
2599 100
2614 100
2615 100
fl=/usr/include/c++/13/bits/hashtable_policy.h
fn=run(global::DataSetInfo const&)
380 1000
381 1000
528 2000
1734 2000
2029 2400
fn=std::_Hashtable<int, int, std::allocator<int>, std::__detail::_Identity, std::equal_to<int>, std::hash<int>, std::__detail::_Mod_range_hashing, std::__detail::_Default_ranged_hash, std::__detail::_Prime_rehash_policy, std::__detail::_Hashtable_traits<false, true, true> >::_Hashtable<__gnu_cxx::__normal_iterator<int*, std::vector<int, std::allocator<int> > > >(__gnu_cxx::__normal_iterator<int*, std::vector<int, std::allocator<int> > >, __gnu_cxx::__normal_iterator<int*, std::vector<int, std::allocator<int> > >, unsigned long, std::hash<int> const&, std::equal_to<int> const&, std::allocator<int> const&, std::integral_constant<bool, true>)
313 1100
528 6100
545 200
572 1000
993 3300
1319 1000
2046 400
fl=/usr/include/c++/13/bits/ios_base.h
fn=load_base(global::DataSetInfo const&)
171 4
fn=load_labels(global::DataSetInfo const&)
171 4
fn=load_samples(global::DataSetInfo const&)
171 4
fn=save_res(std::vector<std::vector<int, std::allocator<int> >, std::allocator<std::vector<int, std::allocator<int> > > > const&)
756 1100
fl=/usr/include/c++/13/bits/locale_facets.h
fn=run(global::DataSetInfo const&)
882 4
884 2
885 6
fl=/usr/include/c++/13/bits/move.h
fn=FinalSolution::Sift::Solution::Build(std::vector<float, std::allocator<float> > const&)
198 62
fn=FinalSolution::Sift::Solution::SearchFP_(std::vector<float, std::allocator<float> > const&, int, int*)
197 6400
198 12800
199 6400
fn=FinalSolution::Sift::Solution::SelectNeighbors_(std::priority_queue<std::pair<float, int>, std::vector<std::pair<float, int>, std::allocator<std::pair<float, int> > >, std::less<std::pair<float, int> > >&, std::vector<int, std::allocator<int> >&)
197 647896
198 1295792
199 647896
fl=/usr/include/c++/13/bits/new_allocator.h
fn=FinalSolution::Sift::Solution::Build(std::vector<float, std::allocator<float> > const&)
126 12
151 38
172 30344
fn=FinalSolution::Sift::Solution::Insert_(int, std::vector<std::vector<std::vector<int, std::allocator<int> >, std::allocator<std::vector<int, std::allocator<int> > > >, std::allocator<std::vector<std::vector<int, std::allocator<int> >, std::allocator<std::vector<int, std::allocator<int> > > > > >&, std::vector<std::mutex, std::allocator<std::mutex> >&)
151 31690
172 686232
fn=FinalSolution::Sift::Solution::SearchFP_(std::vector<float, std::allocator<float> > const&, int, int*)
151 300
172 900
fn=FinalSolution::Sift::Solution::SearchLayerFP_(float const*, int, int, int, std::vector<std::vector<std::vector<int, std::allocator<int> >, std::allocator<std::vector<int, std::allocator<int> > > >, std::allocator<std::vector<std::vector<int, std::allocator<int> >, std::allocator<std::vector<int, std::allocator<int> > > > > > const&, std::vector<std::mutex, std::allocator<std::mutex> >&, FinalSolution::Sift::Solution::VisitedList&)
172 20668
fn=FinalSolution::Sift::Solution::SelectNeighbors_(std::priority_queue<std::pair<float, int>, std::vector<std::pair<float, int>, std::allocator<std::pair<float, int> > >, std::less<std::pair<float, int> > >&, std::vector<int, std::allocator<int> >&)
151 41336
172 62004
fn=FinalSolution::Sift::Solution::VisitedList::~VisitedList()
172 19
fn=load_base(global::DataSetInfo const&)
134 3
151 6
172 1
fn=load_labels(global::DataSetInfo const&)
134 3
151 210
172 4
fn=load_samples(global::DataSetInfo const&)
134 303
151 311
172 4
fn=run(global::DataSetInfo const&)
151 3
172 2519
fn=std::_Hashtable<int, int, std::allocator<int>, std::__detail::_Identity, std::equal_to<int>, std::hash<int>, std::__detail::_Mod_range_hashing, std::__detail::_Default_ranged_hash, std::__detail::_Prime_rehash_policy, std::__detail::_Hashtable_traits<false, true, true> >::_Hashtable<__gnu_cxx::__normal_iterator<int*, std::vector<int, std::allocator<int> > > >(__gnu_cxx::__normal_iterator<int*, std::vector<int, std::allocator<int> > >, __gnu_cxx::__normal_iterator<int*, std::vector<int, std::allocator<int> > >, unsigned long, std::hash<int> const&, std::equal_to<int> const&, std::allocator<int> const&, std::integral_constant<bool, true>)
134 300
151 3400
fn=std::__cxx11::basic_string<char, std::char_traits<char>, std::allocator<char> >::_M_mutate(unsigned long, unsigned long, char const*, unsigned long)
134 11
151 10
fn=std::priority_queue<std::pair<float, int>, std::vector<std::pair<float, int>, std::allocator<std::pair<float, int> > >, std::greater<void> >::push(std::pair<float, int>&&)
151 424980
172 186405
fn=std::priority_queue<std::pair<float, int>, std::vector<std::pair<float, int>, std::allocator<std::pair<float, int> > >, std::less<std::pair<float, int> > >::push(std::pair<float, int>&&)
151 13852362
172 6081696
fn=std::vector<FinalSolution::Sift::Solution::Node, std::allocator<FinalSolution::Sift::Solution::Node> >::_M_default_append(unsigned long)
151 4
fn=std::vector<bool, std::allocator<bool> >::_M_fill_insert(std::_Bit_iterator, unsigned long, bool)
151 95
fn=std::vector<float, std::allocator<float> >::operator=(std::vector<float, std::allocator<float> > const&) [clone .isra.0]
134 3
151 3
fn=std::vector<int, std::allocator<int> >::_M_fill_insert(__gnu_cxx::__normal_iterator<int*, std::vector<int, std::allocator<int> > >, unsigned long, int const&)
151 7
fn=std::vector<int, std::allocator<int> >::operator=(std::vector<int, std::allocator<int> > const&) [clone .isra.0]
134 30996
151 30996
fn=std::vector<int, std::allocator<int> >::resize(unsigned long)
151 4
fn=std::vector<std::vector<int, std::allocator<int> >, std::allocator<std::vector<int, std::allocator<int> > > >::_M_default_append(unsigned long)
151 70000
fn=std::vector<std::vector<int, std::allocator<int> >, std::allocator<std::vector<int, std::allocator<int> > > >::vector(unsigned long, std::vector<int, std::allocator<int> > const&, std::allocator<std::vector<int, std::allocator<int> > > const&)
134 300
151 305
fl=/usr/include/c++/13/bits/random.h
fn=FinalSolution::Sift::Solution::Build(std::vector<float, std::allocator<float> > const&)
143 623
1909 20000
fn=_GLOBAL__sub_I__Z17send_perf_commandRKNSt7__cxx1112basic_stringIcSt11char_traitsIcESaIcEEE
143 623
fl=/usr/include/c++/13/bits/random.tcc
fn=FinalSolution::Sift::Solution::Build(std::vector<float, std::allocator<float> > const&)
330 2
333 1873
336 1869
337 623
339 623
342 1
3367 170000
3370 10000
3371 20000
fn=_GLOBAL__sub_I__Z17send_perf_commandRKNSt7__cxx1112basic_stringIcSt11char_traitsIcESaIcEEE
330 2
333 1872
336 1869
337 623
339 623
342 1
fn=std::mersenne_twister_engine<unsigned long, 32ul, 624ul, 397ul, 31ul, 2567483615ul, 11ul, 4294967295ul, 7ul, 2636928640ul, 15ul, 4022730752ul, 18ul, 1812433253ul>::_M_gen_rand()
397 198
404 22572
406 22473
407 22473
408 14982
409 37455
412 13068
414 19602
415 19602
416 65439
417 6534
420 99
421 66
422 99
423 165
424 33
425 33
fn=std::mersenne_twister_engine<unsigned long, 32ul, 624ul, 397ul, 31ul, 2567483615ul, 11ul, 4294967295ul, 7ul, 2636928640ul, 15ul, 4022730752ul, 18ul, 1812433253ul>::operator()()
453 60000
458 60000
459 33
462 60066
463 80000
464 80000
465 80000
466 60000
469 40000
fl=/usr/include/c++/13/bits/std_mutex.h
fn=FinalSolution::Sift::Solution::Insert_(int, std::vector<std::vector<std::vector<int, std::allocator<int> >, std::allocator<std::vector<int, std::allocator<int> > > >, std::allocator<std::vector<std::vector<int, std::allocator<int> >, std::allocator<std::vector<int, std::allocator<int> > > > > >&, std::vector<std::mutex, std::allocator<std::mutex> >&)
116 718938
fn=FinalSolution::Sift::Solution::SearchLayerFP_(float const*, int, int, int, std::vector<std::vector<std::vector<int, std::allocator<int> >, std::allocator<std::vector<int, std::allocator<int> > > >, std::allocator<std::vector<std::vector<int, std::allocator<int> >, std::allocator<std::vector<int, std::allocator<int> > > > > > const&, std::vector<std::mutex, std::allocator<std::mutex> >&, FinalSolution::Sift::Solution::VisitedList&)
116 1316358
fl=/usr/include/c++/13/bits/std_thread.h
fn=FinalSolution::Sift::Solution::Build(std::vector<float, std::allocator<float> > const&)
97 55
164 150
172 36
240 43
fn=std::thread::_State_impl<std::thread::_Invoker<std::tuple<FinalSolution::Sift::Solution::Build(std::vector<float, std::allocator<float> > const&)::{lambda()#1}> > >::_M_run()
244 90
fn=std::thread::_State_impl<std::thread::_Invoker<std::tuple<FinalSolution::Sift::Solution::Build(std::vector<float, std::allocator<float> > const&)::{lambda()#1}> > >::~_State_impl()
234 180
fl=/usr/include/c++/13/bits/stl_algo.h
fn=FinalSolution::Sift::Solution::SearchFP_(std::vector<float, std::allocator<float> > const&, int, int*)
1105 200
1108 13100
fn=FinalSolution::Sift::Solution::SelectNeighbors_(std::priority_queue<std::pair<float, int>, std::vector<std::pair<float, int>, std::allocator<std::pair<float, int> > >, std::less<std::pair<float, int> > >&, std::vector<int, std::allocator<int> >&)
1105 31002
1108 1368126
fl=/usr/include/c++/13/bits/stl_algobase.h
fn=FinalSolution::Sift::Solution::Build(std::vector<float, std::allocator<float> > const&)
262 12
fn=FinalSolution::Sift::Solution::Insert_(int, std::vector<std::vector<std::vector<int, std::allocator<int> >, std::allocator<std::vector<int, std::allocator<int> > > >, std::allocator<std::vector<std::vector<int, std::allocator<int> >, std::allocator<std::vector<int, std::allocator<int> > > > > >&, std::vector<std::mutex, std::allocator<std::mutex> >&)
238 89960
262 344
fn=load_base(global::DataSetInfo const&)
930 2
931 9
1123 2
fn=load_labels(global::DataSetInfo const&)
437 1000
931 6
fn=load_samples(global::DataSetInfo const&)
436 200
437 300
930 2
931 4
1123 2
fn=run(global::DataSetInfo const&)
931 4
fn=std::priority_queue<std::pair<float, int>, std::vector<std::pair<float, int>, std::allocator<std::pair<float, int> > >, std::greater<void> >::push(std::pair<float, int>&&)
262 145138
fn=std::priority_queue<std::pair<float, int>, std::vector<std::pair<float, int>, std::allocator<std::pair<float, int> > >, std::less<std::pair<float, int> > >::push(std::pair<float, int>&&)
262 4730052
fn=std::vector<FinalSolution::Sift::Solution::Node, std::allocator<FinalSolution::Sift::Solution::Node> >::_M_default_append(unsigned long)
262 2
918 29998
919 19998
1123 2
1128 2
fn=std::vector<bool, std::allocator<bool> >::_M_fill_insert(std::_Bit_iterator, unsigned long, bool)
262 95
386 152
435 38
436 38
438 19
441 38
fn=std::vector<float, std::allocator<float> >::operator=(std::vector<float, std::allocator<float> > const&) [clone .isra.0]
436 2
437 4
fn=std::vector<int, std::allocator<int> >::_M_fill_insert(__gnu_cxx::__normal_iterator<int*, std::vector<int, std::allocator<int> > >, unsigned long, int const&)
262 2
435 1
436 4
438 2
441 1
930 45002
931 30000
1117 1
1128 3
fn=std::vector<int, std::allocator<int> >::operator=(std::vector<int, std::allocator<int> > const&) [clone .isra.0]
398 12
436 20668
437 41318
fn=std::vector<int, std::allocator<int> >::resize(unsigned long)
262 2
931 2
1123 2
1128 2
fn=std::vector<std::vector<int, std::allocator<int> >, std::allocator<std::vector<int, std::allocator<int> > > >::_M_default_append(unsigned long)
262 20000
fn=std::vector<std::vector<int, std::allocator<int> >, std::allocator<std::vector<int, std::allocator<int> > > >::vector(unsigned long, std::vector<int, std::allocator<int> > const&, std::allocator<std::vector<int, std::allocator<int> > > const&)
436 200
437 700
441 200
fl=/usr/include/c++/13/bits/stl_bvector.h
fn=FinalSolution::Sift::Solution::Insert_(int, std::vector<std::vector<std::vector<int, std::allocator<int> >, std::allocator<std::vector<int, std::allocator<int> > > >, std::allocator<std::vector<std::vector<int, std::allocator<int> >, std::allocator<std::vector<int, std::allocator<int> > > > > >&, std::vector<std::mutex, std::allocator<std::mutex> >&)
195 18
296 20000
297 10000
431 30000
996 10334
1001 10000
1006 31002
1242 90
1285 18
1288 72
1574 41336
1580 20668
1597 20668
1606 20668
1612 20668
1614 20668
fn=FinalSolution::Sift::Solution::SearchFP_(std::vector<float, std::allocator<float> > const&, int, int*)
100 310500
107 13000
228 1863000
229 1242100
230 621000
296 200
297 100
329 621000
431 300
996 2
1001 100
1006 2
1087 310400
1242 7
1285 1
1288 3
1574 400
1580 200
1597 200
1606 200
1612 200
1614 200
fn=FinalSolution::Sift::Solution::SearchLayerFP_(float const*, int, int, int, std::vector<std::vector<std::vector<int, std::allocator<int> >, std::allocator<std::vector<int, std::allocator<int> > > >, std::allocator<std::vector<std::vector<int, std::allocator<int> >, std::allocator<std::vector<int, std::allocator<int> > > > > > const&, std::vector<std::mutex, std::allocator<std::mutex> >&, FinalSolution::Sift::Solution::VisitedList&)
100 31249628
107 1316358
228 187497768
229 156248140
230 62499256
329 93748884
fn=FinalSolution::Sift::Solution::VisitedList::~VisitedList()
625 19
695 57
697 19
698 19
fn=std::vector<bool, std::allocator<bool> >::_M_fill_insert(std::_Bit_iterator, unsigned long, bool)
228 95
229 95
230 38
235 19
296 114
297 114
430 19
431 57
695 57
715 38
996 19
1001 19
1532 76
1536 57
1574 76
1577 38
1580 57
1597 57
1606 38
1609 38
1612 95
1614 95
fl=/usr/include/c++/13/bits/stl_construct.h
fn=FinalSolution::Sift::Solution::Build(std::vector<float, std::allocator<float> > const&)
119 3
162 91059
fn=FinalSolution::Sift::Solution::Insert_(int, std::vector<std::vector<std::vector<int, std::allocator<int> >, std::allocator<std::vector<int, std::allocator<int> > > >, std::allocator<std::vector<std::vector<int, std::allocator<int> >, std::allocator<std::vector<int, std::allocator<int> > > > > >&, std::vector<std::mutex, std::allocator<std::mutex> >&)
97 4218
fn=FinalSolution::Sift::Solution::SearchFP_(std::vector<float, std::allocator<float> > const&, int, int*)
97 13000
fn=FinalSolution::Sift::Solution::SelectNeighbors_(std::priority_queue<std::pair<float, int>, std::vector<std::pair<float, int>, std::allocator<std::pair<float, int> > >, std::less<std::pair<float, int> > >&, std::vector<int, std::allocator<int> >&)
97 1975296
fn=load_base(global::DataSetInfo const&)
119 1
fn=load_labels(global::DataSetInfo const&)
119 1
fn=load_samples(global::DataSetInfo const&)
119 1
fn=run(global::DataSetInfo const&)
119 1
162 915
fn=std::_Hashtable<int, int, std::allocator<int>, std::__detail::_Identity, std::equal_to<int>, std::hash<int>, std::__detail::_Mod_range_hashing, std::__detail::_Default_ranged_hash, std::__detail::_Prime_rehash_policy, std::__detail::_Hashtable_traits<false, true, true> >::_Hashtable<__gnu_cxx::__normal_iterator<int*, std::vector<int, std::allocator<int> > > >(__gnu_cxx::__normal_iterator<int*, std::vector<int, std::allocator<int> > >, __gnu_cxx::__normal_iterator<int*, std::vector<int, std::allocator<int> > >, unsigned long, std::hash<int> const&, std::equal_to<int> const&, std::allocator<int> const&, std::integral_constant<bool, true>)
97 2000
fn=std::priority_queue<std::pair<float, int>, std::vector<std::pair<float, int>, std::allocator<std::pair<float, int> > >, std::greater<void> >::push(std::pair<float, int>&&)
97 2691117
fn=std::priority_queue<std::pair<float, int>, std::vector<std::pair<float, int>, std::allocator<std::pair<float, int> > >, std::less<std::pair<float, int> > >::push(std::pair<float, int>&&)
97 88232480
fn=std::vector<FinalSolution::Sift::Solution::Node, std::allocator<FinalSolution::Sift::Solution::Node> >::_M_default_append(unsigned long)
119 2
fn=std::vector<int, std::allocator<int> >::resize(unsigned long)
119 1
fl=/usr/include/c++/13/bits/stl_function.h
fn=run(global::DataSetInfo const&)
378 3000
fl=/usr/include/c++/13/bits/stl_heap.h
fn=std::priority_queue<std::pair<float, int>, std::vector<std::pair<float, int>, std::allocator<std::pair<float, int> > >, std::greater<void> >::pop()
139 2856700
140 2246912
144 799452
229 12149129
231 4679640
232 2339820
234 2727744
238 4833873
241 62048
243 124096
262 1287630
328 1329358
fn=std::priority_queue<std::pair<float, int>, std::vector<std::pair<float, int>, std::allocator<std::pair<float, int> > >, std::greater<void> >::push(std::pair<float, int>&&)
139 3323395
140 1973173
215 1329358
216 664679
fn=std::priority_queue<std::pair<float, int>, std::vector<std::pair<float, int>, std::allocator<std::pair<float, int> > >, std::less<std::pair<float, int> > >::pop()
139 1583590
140 2237688
144 1962582
229 11501148
231 4192030
232 2096015
234 4192030
238 4948370
241 327097
243 654194
262 1308490
328 1329358
fn=std::priority_queue<std::pair<float, int>, std::vector<std::pair<float, int>, std::allocator<std::pair<float, int> > >, std::less<std::pair<float, int> > >::push(std::pair<float, int>&&)
139 106573315
140 340481369
144 430535064
215 42629326
216 21314663
fl=/usr/include/c++/13/bits/stl_iterator.h
fn=FinalSolution::Sift::Solution::Build(std::vector<float, std::allocator<float> > const&)
1077 1
fn=FinalSolution::Sift::Solution::Insert_(int, std::vector<std::vector<std::vector<int, std::allocator<int> >, std::allocator<std::vector<int, std::allocator<int> > > >, std::allocator<std::vector<std::vector<int, std::allocator<int> >, std::allocator<std::vector<int, std::allocator<int> > > > > >&, std::vector<std::mutex, std::allocator<std::mutex> >&)
1077 418362
fn=FinalSolution::Sift::Solution::SearchFP_(std::vector<float, std::allocator<float> > const&, int, int*)
1077 6600
1111 1000
1125 100
fn=FinalSolution::Sift::Solution::SearchLayerFP_(float const*, int, int, int, std::vector<std::vector<std::vector<int, std::allocator<int> >, std::allocator<std::vector<int, std::allocator<int> > > >, std::allocator<std::vector<std::vector<int, std::allocator<int> >, std::allocator<std::vector<int, std::allocator<int> > > > > > const&, std::vector<std::mutex, std::allocator<std::mutex> >&, FinalSolution::Sift::Solution::VisitedList&)
1077 3301229
fn=FinalSolution::Sift::Solution::SelectNeighbors_(std::priority_queue<std::pair<float, int>, std::vector<std::pair<float, int>, std::allocator<std::pair<float, int> > >, std::less<std::pair<float, int> > >&, std::vector<int, std::allocator<int> >&)
1077 689181
fn=load_labels(global::DataSetInfo const&)
1077 101
fn=load_samples(global::DataSetInfo const&)
1077 104
fn=run(global::DataSetInfo const&)
1077 100
fn=std::__format::_Sink_iter<char> std::__format::__write<std::__format::_Sink_iter<char>, char>(std::__format::_Sink_iter<char>, std::basic_string_view<char, std::char_traits<char> >)
1143 18
1337 54
fn=std::priority_queue<std::pair<float, int>, std::vector<std::pair<float, int>, std::allocator<std::pair<float, int> > >, std::greater<void> >::pop()
1077 1329358
1125 664679
1148 10954512
1337 3904618
fn=std::priority_queue<std::pair<float, int>, std::vector<std::pair<float, int>, std::allocator<std::pair<float, int> > >, std::greater<void> >::push(std::pair<float, int>&&)
1148 1329358
1337 1994037
fn=std::priority_queue<std::pair<float, int>, std::vector<std::pair<float, int>, std::allocator<std::pair<float, int> > >, std::less<std::pair<float, int> > >::pop()
1077 1329358
1125 664679
1148 10632127
1337 3946338
fn=std::priority_queue<std::pair<float, int>, std::vector<std::pair<float, int>, std::allocator<std::pair<float, int> > >, std::less<std::pair<float, int> > >::push(std::pair<float, int>&&)
1148 175992812
1337 63943989
fn=std::vector<std::vector<int, std::allocator<int> >, std::allocator<std::vector<int, std::allocator<int> > > >::vector(unsigned long, std::vector<int, std::allocator<int> > const&, std::allocator<std::vector<int, std::allocator<int> > > const&)
1077 300
fn=std::vformat[abi:cxx11](std::basic_string_view<char, std::char_traits<char> >, std::basic_format_args<std::basic_format_context<std::__format::_Sink_iter<char>, char> >)
1077 6
fl=/usr/include/c++/13/bits/stl_pair.h
fn=FinalSolution::Sift::Solution::Insert_(int, std::vector<std::vector<std::vector<int, std::allocator<int> >, std::allocator<std::vector<int, std::allocator<int> > > >, std::allocator<std::vector<std::vector<int, std::allocator<int> >, std::allocator<std::vector<int, std::allocator<int> > > > > >&, std::vector<std::mutex, std::allocator<std::mutex> >&)
317 41299968
fn=FinalSolution::Sift::Solution::SearchFP_(std::vector<float, std::allocator<float> > const&, int, int*)
317 32600
fn=FinalSolution::Sift::Solution::SearchLayerFP_(float const*, int, int, int, std::vector<std::vector<std::vector<int, std::allocator<int> >, std::allocator<std::vector<int, std::allocator<int> > > >, std::allocator<std::vector<std::vector<int, std::allocator<int> >, std::allocator<std::vector<int, std::allocator<int> > > > > > const&, std::vector<std::mutex, std::allocator<std::mutex> >&, FinalSolution::Sift::Solution::VisitedList&)
317 3938740
fn=std::priority_queue<std::pair<float, int>, std::vector<std::pair<float, int>, std::allocator<std::pair<float, int> > >, std::greater<void> >::pop()
431 4528603
432 4723893
fn=std::priority_queue<std::pair<float, int>, std::vector<std::pair<float, int>, std::allocator<std::pair<float, int> > >, std::greater<void> >::push(std::pair<float, int>&&)
431 664679
432 664679
fn=std::priority_queue<std::pair<float, int>, std::vector<std::pair<float, int>, std::allocator<std::pair<float, int> > >, std::less<std::pair<float, int> > >::pop()
431 5040041
432 5694235
fn=std::priority_queue<std::pair<float, int>, std::vector<std::pair<float, int>, std::allocator<std::pair<float, int> > >, std::less<std::pair<float, int> > >::push(std::pair<float, int>&&)
431 93070507
432 164826351
fl=/usr/include/c++/13/bits/stl_queue.h
fn=std::priority_queue<std::pair<float, int>, std::vector<std::pair<float, int>, std::allocator<std::pair<float, int> > >, std::greater<void> >::pop()
773 4548433
778 3862890
fn=std::priority_queue<std::pair<float, int>, std::vector<std::pair<float, int>, std::allocator<std::pair<float, int> > >, std::greater<void> >::push(std::pair<float, int>&&)
746 5982111
750 5317432
fn=std::priority_queue<std::pair<float, int>, std::vector<std::pair<float, int>, std::allocator<std::pair<float, int> > >, std::less<std::pair<float, int> > >::pop()
773 4600583
778 3925470
fn=std::priority_queue<std::pair<float, int>, std::vector<std::pair<float, int>, std::allocator<std::pair<float, int> > >, std::less<std::pair<float, int> > >::push(std::pair<float, int>&&)
746 191831967
750 170517304
fl=/usr/include/c++/13/bits/stl_uninitialized.h
fn=FinalSolution::Sift::Solution::Build(std::vector<float, std::allocator<float> > const&)
642 30001
1103 2
1104 161
fn=FinalSolution::Sift::Solution::Insert_(int, std::vector<std::vector<std::vector<int, std::allocator<int> >, std::allocator<std::vector<int, std::allocator<int> > > >, std::allocator<std::vector<std::vector<int, std::allocator<int> >, std::allocator<std::vector<int, std::allocator<int> > > > > >&, std::vector<std::mutex, std::allocator<std::mutex> >&)
1119 344
1131 680
fn=load_base(global::DataSetInfo const&)
667 1
fn=load_labels(global::DataSetInfo const&)
263 1
266 300
fn=load_samples(global::DataSetInfo const&)
263 1
266 300
667 2
fn=std::priority_queue<std::pair<float, int>, std::vector<std::pair<float, int>, std::allocator<std::pair<float, int> > >, std::greater<void> >::push(std::pair<float, int>&&)
1103 248540
1104 2796087
fn=std::priority_queue<std::pair<float, int>, std::vector<std::pair<float, int>, std::allocator<std::pair<float, int> > >, std::less<std::pair<float, int> > >::push(std::pair<float, int>&&)
1103 8108928
1104 93571334
fn=std::vector<FinalSolution::Sift::Solution::Node, std::allocator<FinalSolution::Sift::Solution::Node> >::_M_default_append(unsigned long)
667 1
668 1
1119 2
fn=std::vector<int, std::allocator<int> >::resize(unsigned long)
667 1
668 2
1119 2
fn=std::vector<std::vector<int, std::allocator<int> >, std::allocator<std::vector<int, std::allocator<int> > > >::_M_default_append(unsigned long)
642 61002
1103 10000
1104 30000
fn=std::vector<std::vector<int, std::allocator<int> >, std::allocator<std::vector<int, std::allocator<int> > > >::vector(unsigned long, std::vector<int, std::allocator<int> > const&, std::allocator<std::vector<int, std::allocator<int> > > const&)
263 2
266 300
fl=/usr/include/c++/13/bits/stl_vector.h
fn=FinalSolution::Sift::Solution::Build(std::vector<float, std::allocator<float> > const&)
100 20007
370 61010
381 12
389 40692
398 2
400 4
735 20002
993 60039
1015 20002
1016 40004
1129 40000
1717 2
1898 18
1901 10
1902 34
1909 6
1939 10000
fn=FinalSolution::Sift::Solution::FlattenGraph_(std::vector<std::vector<std::vector<int, std::allocator<int> >, std::allocator<std::vector<int, std::allocator<int> > > >, std::allocator<std::vector<std::vector<int, std::allocator<int> >, std::allocator<std::vector<int, std::allocator<int> > > > > > const&)
993 253350
1036 2
1037 3
1129 31003
1148 40000
fn=FinalSolution::Sift::Solution::Insert_(int, std::vector<std::vector<std::vector<int, std::allocator<int> >, std::allocator<std::vector<int, std::allocator<int> > > >, std::allocator<std::vector<std::vector<int, std::allocator<int> >, std::allocator<std::vector<int, std::allocator<int> > > > > >&, std::vector<std::mutex, std::allocator<std::mutex> >&)
100 982080
370 706390
378 170
381 510
389 62008
993 4071624
1126 10334
1129 4073825
1283 4218
1288 3874
1901 2
fn=FinalSolution::Sift::Solution::SearchFP_(std::vector<float, std::allocator<float> > const&, int, int*)
100 500
370 600
389 600
993 32500
1129 400
1261 6700
1266 100
1283 13000
1288 13000
fn=FinalSolution::Sift::Solution::SearchLayerFP_(float const*, int, int, int, std::vector<std::vector<std::vector<int, std::allocator<int> >, std::allocator<std::vector<int, std::allocator<int> > > >, std::allocator<std::vector<std::vector<int, std::allocator<int> >, std::allocator<std::vector<int, std::allocator<int> > > > > > const&, std::vector<std::mutex, std::allocator<std::mutex> >&, FinalSolution::Sift::Solution::VisitedList&)
100 51670
370 20668
389 20668
993 8483989
1129 3290895
1148 3990410
fn=FinalSolution::Sift::Solution::SelectNeighbors_(std::priority_queue<std::pair<float, int>, std::vector<std::pair<float, int>, std::allocator<std::pair<float, int> > >, std::less<std::pair<float, int> > >&, std::vector<int, std::allocator<int> >&)
370 678847
389 20668
993 2398785
1283 2304765
1288 1975296
fn=FinalSolution::Sift::Solution::Solution()
100 8
fn=load_base(global::DataSetInfo const&)
100 3
381 2
398 1
400 4
1717 1
1909 3
fn=load_labels(global::DataSetInfo const&)
100 305
381 2
398 105
400 204
605 100
1706 1
1717 1
1909 3
fn=load_samples(global::DataSetInfo const&)
100 306
381 205
389 2
398 106
400 206
605 100
993 2
1706 2
1717 2
1909 5
fn=run(global::DataSetInfo const&)
100 2
370 921
389 616
398 1
400 2
735 6
1129 800
1717 1
fn=save_res(std::vector<std::vector<int, std::allocator<int> >, std::allocator<std::vector<int, std::allocator<int> > > > const&)
993 601
1148 900
fn=std::priority_queue<std::pair<float, int>, std::vector<std::pair<float, int>, std::allocator<std::pair<float, int> > >, std::greater<void> >::pop()
1325 685543
fn=std::priority_queue<std::pair<float, int>, std::vector<std::pair<float, int>, std::allocator<std::pair<float, int> > >, std::greater<void> >::push(std::pair<float, int>&&)
381 124270
389 145138
993 290276
1898 217707
1901 62135
1902 404112
fn=std::priority_queue<std::pair<float, int>, std::vector<std::pair<float, int>, std::allocator<std::pair<float, int> > >, std::less<std::pair<float, int> > >::pop()
1325 675113
fn=std::priority_queue<std::pair<float, int>, std::vector<std::pair<float, int>, std::allocator<std::pair<float, int> > >, std::less<std::pair<float, int> > >::push(std::pair<float, int>&&)
381 4054464
389 4730052
993 9460104
1898 7095078
1901 2027232
1902 13176774
fn=std::vector<FinalSolution::Sift::Solution::Node, std::allocator<FinalSolution::Sift::Solution::Node> >::_M_default_append(unsigned long)
389 2
993 6
1898 2
1901 2
1902 4
fn=std::vector<float, std::allocator<float> >::operator=(std::vector<float, std::allocator<float> > const&) [clone .isra.0]
389 2
993 4
1080 3
fn=std::vector<int, std::allocator<int> >::_M_fill_insert(__gnu_cxx::__normal_iterator<int*, std::vector<int, std::allocator<int> > >, unsigned long, int const&)
389 2
993 3
1898 4
1901 1
1902 3
fn=std::vector<int, std::allocator<int> >::operator=(std::vector<int, std::allocator<int> > const&) [clone .isra.0]
389 20664
993 41342
1080 31002
fn=std::vector<int, std::allocator<int> >::resize(unsigned long)
389 2
993 6
1013 10
1015 2
1016 1
1019 8
1898 2
1902 3
fn=std::vector<std::vector<int, std::allocator<int> >, std::allocator<std::vector<int, std::allocator<int> > > >::_M_default_append(unsigned long)
100 30668
389 20000
993 70000
1898 20000
1901 10000
1902 30000
fn=std::vector<std::vector<int, std::allocator<int> >, std::allocator<std::vector<int, std::allocator<int> > > >::vector(unsigned long, std::vector<int, std::allocator<int> > const&, std::allocator<std::vector<int, std::allocator<int> > > const&)
100 305
381 302
398 304
400 202
569 10
572 8
993 3
1706 2
1909 3
fl=/usr/include/c++/13/bits/string_view.tcc
fn=std::__format::_Scanner<char>::_M_scan()
84 36
88 36
89 60
fl=/usr/include/c++/13/bits/unique_ptr.h
fn=FinalSolution::Sift::Solution::Build(std::vector<float, std::allocator<float> > const&)
176 18
403 54
fl=/usr/include/c++/13/bits/unordered_set.h
fn=run(global::DataSetInfo const&)
173 100
fl=/usr/include/c++/13/bits/vector.tcc
fn=FinalSolution::Sift::Solution::Build(std::vector<float, std::allocator<float> > const&)
114 88
119 24
445 6
468 12
483 6
520 10
521 12
522 6
523 18
fn=FinalSolution::Sift::Solution::Insert_(int, std::vector<std::vector<std::vector<int, std::allocator<int> >, std::allocator<std::vector<int, std::allocator<int> > > >, std::allocator<std::vector<std::vector<int, std::allocator<int> >, std::allocator<std::vector<int, std::allocator<int> > > > > >&, std::vector<std::mutex, std::allocator<std::mutex> >&)
96 31002
98 20668
483 172
520 340
521 172
522 172
523 688
fn=FinalSolution::Sift::Solution::SearchFP_(std::vector<float, std::allocator<float> > const&, int, int*)
70 300
72 200
96 300
98 200
523 300
fn=FinalSolution::Sift::Solution::SelectNeighbors_(std::priority_queue<std::pair<float, int>, std::vector<std::pair<float, int>, std::allocator<std::pair<float, int> > >, std::less<std::pair<float, int> > >&, std::vector<int, std::allocator<int> >&)
70 31002
96 31002
98 20668
fn=std::priority_queue<std::pair<float, int>, std::vector<std::pair<float, int>, std::allocator<std::pair<float, int> > >, std::greater<void> >::push(std::pair<float, int>&&)
114 3323395
119 1184220
483 134704
520 258974
521 72569
522 72569
523 311144
fn=std::priority_queue<std::pair<float, int>, std::vector<std::pair<float, int>, std::allocator<std::pair<float, int> > >, std::less<std::pair<float, int> > >::push(std::pair<float, int>&&)
114 106573315
119 37899274
483 4392258
520 8446722
521 2365026
522 2365026
523 10135692
fn=std::vector<FinalSolution::Sift::Solution::Node, std::allocator<FinalSolution::Sift::Solution::Node> >::_M_default_append(unsigned long)
634 10
637 2
641 3
643 2
646 2
668 1
705 1
706 4
707 2
710 8
fn=std::vector<bool, std::allocator<bool> >::_M_fill_insert(std::_Bit_iterator, unsigned long, bool)
861 209
864 114
866 57
880 19
884 76
885 38
886 76
888 152
fn=std::vector<float, std::allocator<float> >::operator=(std::vector<float, std::allocator<float> > const&) [clone .isra.0]
210 7
213 2
236 2
244 1
245 1
246 2
262 1
265 6
fn=std::vector<int, std::allocator<int> >::_M_fill_insert(__gnu_cxx::__normal_iterator<int*, std::vector<int, std::allocator<int> > >, unsigned long, int const&)
529 11
532 2
534 2
535 4
580 1
586 2
592 3
601 2
623 1
624 1
625 3
628 8
fn=std::vector<int, std::allocator<int> >::operator=(std::vector<int, std::allocator<int> > const&) [clone .isra.0]
210 72338
213 20668
236 20668
244 10332
245 10332
246 20664
248 4
262 10338
265 62004
fn=std::vector<int, std::allocator<int> >::resize(unsigned long)
641 3
643 2
646 2
668 1
705 1
706 2
707 3
fn=std::vector<std::vector<int, std::allocator<int> >, std::allocator<std::vector<int, std::allocator<int> > > >::_M_default_append(unsigned long)
634 90000
637 20000
641 50000
643 20000
646 20000
668 10000
705 10000
706 30000
707 20000
710 80000
fl=/usr/include/c++/13/compare
fn=std::priority_queue<std::pair<float, int>, std::vector<std::pair<float, int>, std::allocator<std::pair<float, int> > >, std::greater<void> >::pop()
1223 32855960
fn=std::priority_queue<std::pair<float, int>, std::vector<std::pair<float, int>, std::allocator<std::pair<float, int> > >, std::greater<void> >::push(std::pair<float, int>&&)
1223 4506705
fn=std::priority_queue<std::pair<float, int>, std::vector<std::pair<float, int>, std::allocator<std::pair<float, int> > >, std::less<std::pair<float, int> > >::pop()
1223 29883045
fn=std::priority_queue<std::pair<float, int>, std::vector<std::pair<float, int>, std::allocator<std::pair<float, int> > >, std::less<std::pair<float, int> > >::push(std::pair<float, int>&&)
1223 613610284
fl=/usr/include/c++/13/format
fn=decltype(auto) std::basic_format_arg<std::basic_format_context<std::__format::_Sink_iter<char>, char> >::_M_visit<std::__format::_Formatting_scanner<std::__format::_Sink_iter<char>, char>::_M_format_arg(unsigned long)::{lambda(auto:1&)#1}>(std::__format::_Formatting_scanner<std::__format::_Sink_iter<char>, char>::_M_format_arg(unsigned long)::{lambda(auto:1&)#1}&&, std::__format::_Arg_t)
218 2
219 6
822 1
827 2
829 3
1991 3
2088 15
2093 20
3124 66
3127 30
3185 54
3488 1
3490 6
3648 5
3657 12
3658 12
3659 12
fn=run(global::DataSetInfo const&)
3394 2
3822 43
fn=std::__format::_Formatting_scanner<std::__format::_Sink_iter<char>, char>::_M_format_arg(unsigned long)
2910 12
3192 30
3280 24
3281 12
3305 36
3308 24
3643 36
3648 18
3663 6
3664 30
fn=std::__format::_Formatting_scanner<std::__format::_Sink_iter<char>, char>::_M_on_chars(char const*)
214 12
3490 12
3636 24
3639 24
3640 24
fn=std::__format::_Scanner<char>::_M_scan()
214 12
215 24
219 24
224 12
226 6
233 24
3518 54
3522 12
3534 30
3537 24
3543 6
3544 30
3546 18
3547 12
3548 24
3549 6
3551 12
3578 48
3591 18
3611 18
3612 24
3614 6
fn=std::__format::_Sink_iter<char> std::__format::__write<std::__format::_Sink_iter<char>, char>(std::__format::_Sink_iter<char>, std::basic_string_view<char, std::char_traits<char> >)
594 126
598 36
605 126
2459 36
fn=std::__format::__formatter_fp<char>::parse(std::basic_format_parse_context<char>&)
214 5
215 5
1325 40
1327 20
1332 20
1336 25
1418 55
fn=std::__format::__formatter_str<char>::parse(std::basic_format_parse_context<char>&)
214 1
215 1
767 11
771 2
774 4
778 5
787 1
815 11
fn=std::basic_format_context<std::__format::_Sink_iter<char>, char>::iterator std::__format::__formatter_fp<char>::format<double, std::__format::_Sink_iter<char> >(double, std::basic_format_context<std::__format::_Sink_iter<char>, char>&) const
555 20
557 20
691 10
725 10
1422 70
1428 5
1429 5
1430 15
1434 5
1436 5
1437 5
1439 5
1441 50
1491 35
1497 15
1543 10
1545 10
1551 20
1553 25
1555 10
1558 5
1561 10
1565 10
1669 10
1682 20
1705 5
1707 60
fn=std::vformat[abi:cxx11](std::basic_string_view<char, std::char_traits<char> >, std::basic_format_args<std::basic_format_context<std::__format::_Sink_iter<char>, char> >)
208 24
691 12
725 12
2417 42
2436 18
2527 30
2538 18
2587 48
3456 18
3627 24
3730 12
3785 72
3789 66
fl=/usr/include/c++/13/fstream
fn=load_base(global::DataSetInfo const&)
256 2
259 4
339 4
571 7
573 3
607 4
706 2
739 4
931 6
fn=load_labels(global::DataSetInfo const&)
256 2
259 4
339 4
571 9
573 3
607 4
706 2
739 4
931 6
fn=load_samples(global::DataSetInfo const&)
256 2
259 4
339 4
571 9
573 3
607 4
706 2
739 4
931 6
fn=save_res(std::vector<std::vector<int, std::allocator<int> >, std::allocator<std::vector<int, std::allocator<int> > > > const&)
256 2
259 2
799 8
801 3
870 7
930 6
931 3
935 2
fl=/usr/include/c++/13/istream
fn=load_base(global::DataSetInfo const&)
106 5
217 3840000
697 6
698 5
fn=load_labels(global::DataSetInfo const&)
106 6
193 3000
697 6
698 5
fn=load_samples(global::DataSetInfo const&)
106 6
217 38400
697 6
698 5
fl=/usr/include/c++/13/ostream
fn=run(global::DataSetInfo const&)
667 12
736 15
758 2
fn=save_res(std::vector<std::vector<int, std::allocator<int> >, std::allocator<std::vector<int, std::allocator<int> > > > const&)
95 5
432 8
572 4400
573 3
574 2300
575 100
fl=/usr/include/c++/13/span
fn=std::__format::_Sink_iter<char> std::__format::__write<std::__format::_Sink_iter<char>, char>(std::__format::_Sink_iter<char>, std::basic_string_view<char, std::char_traits<char> >)
425 72
fl=/usr/include/c++/13/streambuf
fn=load_base(global::DataSetInfo const&)
205 4
fn=load_labels(global::DataSetInfo const&)
205 4
fn=load_samples(global::DataSetInfo const&)
205 4
fn=save_res(std::vector<std::vector<int, std::allocator<int> >, std::allocator<std::vector<int, std::allocator<int> > > > const&)
205 4
fl=/usr/include/c++/13/string_view
fn=std::__format::_Formatting_scanner<std::__format::_Sink_iter<char>, char>::_M_on_chars(char const*)
155 12
157 12
fn=std::__format::_Scanner<char>::_M_scan()
157 12
fn=std::vformat[abi:cxx11](std::basic_string_view<char, std::char_traits<char> >, std::basic_format_args<std::basic_format_context<std::__format::_Sink_iter<char>, char> >)
193 12
fl=/usr/include/c++/13/tuple
fn=FinalSolution::Sift::Solution::Build(std::vector<float, std::allocator<float> > const&)
201 66
fl=/usr/include/x86_64-linux-gnu/c++/13/bits/gthr-default.h
fn=FinalSolution::Sift::Solution::Insert_(int, std::vector<std::vector<std::vector<int, std::allocator<int> >, std::allocator<std::vector<int, std::allocator<int> > > >, std::allocator<std::vector<std::vector<int, std::allocator<int> >, std::allocator<std::vector<int, std::allocator<int> > > > > >&, std::vector<std::mutex, std::allocator<std::mutex> >&)
749 718938
779 721766
fn=FinalSolution::Sift::Solution::SearchLayerFP_(float const*, int, int, int, std::vector<std::vector<std::vector<int, std::allocator<int> >, std::allocator<std::vector<int, std::allocator<int> > > >, std::allocator<std::vector<std::vector<int, std::allocator<int> >, std::allocator<std::vector<int, std::allocator<int> > > > > > const&, std::vector<std::mutex, std::allocator<std::mutex> >&, FinalSolution::Sift::Solution::VisitedList&)
749 1316358
779 1316358
fl=/usr/lib/gcc/x86_64-linux-gnu/13/include/avxintrin.h
fn=FinalSolution::Sift::Distance<128, true, void>::L2Sq(float const*, float const*)
368 867407872
526 27106496
1472 27106496
fl=/usr/lib/gcc/x86_64-linux-gnu/13/include/fmaintrin.h
fn=FinalSolution::Sift::Distance<128, true, void>::L2Sq(float const*, float const*)
65 433703936
fl=/usr/lib/gcc/x86_64-linux-gnu/13/include/pmmintrin.h
fn=FinalSolution::Sift::Distance<128, true, void>::L2Sq(float const*, float const*)
59 54212992
fl=/usr/lib/gcc/x86_64-linux-gnu/13/include/xmmintrin.h
fn=FinalSolution::Sift::Distance<128, true, void>::L2Sq(float const*, float const*)
192 27106496
975 27106496
fn=FinalSolution::Sift::Solution::SearchFP_(std::vector<float, std::allocator<float> > const&, int, int*)
56 284400
fl=???
fn=(below main)
0 12
fn=???
0 36797308
fn=__cpu_indicator_init
0 367
fn=__cxa_get_globals
0 16
fn=__cxa_thread_atexit
0 114
fn=__gnu_cxx::stdio_sync_filebuf<char, std::char_traits<char> >::overflow(int)
0 14
fn=__gnu_cxx::stdio_sync_filebuf<char, std::char_traits<char> >::sync()
0 27
fn=__gnu_cxx::stdio_sync_filebuf<char, std::char_traits<char> >::uflow()
0 24
fn=__gnu_cxx::stdio_sync_filebuf<char, std::char_traits<char> >::xsputn(char const*, long)
0 54
fn=__gnu_cxx::stdio_sync_filebuf<wchar_t, std::char_traits<wchar_t> >::sync()
0 15
fn=operator delete(void*)
0 4960664
fn=operator delete(void*, unsigned long)
0 4960662
fn=operator delete[](void*)
0 2
fn=operator new(unsigned long)
0 39685312
fn=operator new[](unsigned long)
0 2
fn=std::__basic_file<char>::__basic_file(pthread_mutex_t*)
0 16
fn=std::__basic_file<char>::close()
0 72
fn=std::__basic_file<char>::fd()
0 3
fn=std::__basic_file<char>::is_open() const
0 96
fn=std::__basic_file<char>::open(char const*, std::_Ios_Openmode, int)
0 125
fn=std::__basic_file<char>::xsputn(char const*, long)
0 27
fn=std::__basic_file<char>::~__basic_file()
0 24
fn=std::__cxx11::messages<char>::messages(unsigned long)
0 21
fn=std::__cxx11::messages<wchar_t>::messages(unsigned long)
0 21
fn=std::__cxx11::moneypunct<char, false>::_M_initialize_moneypunct(__locale_struct*, char const*)
0 114
fn=std::__cxx11::moneypunct<char, true>::_M_initialize_moneypunct(__locale_struct*, char const*)
0 115
fn=std::__cxx11::moneypunct<wchar_t, false>::_M_initialize_moneypunct(__locale_struct*, char const*)
0 109
fn=std::__cxx11::moneypunct<wchar_t, true>::_M_initialize_moneypunct(__locale_struct*, char const*)
0 109
fn=std::__cxx11::numpunct<char>::_M_initialize_numpunct(__locale_struct*)
0 417
fn=std::__cxx11::numpunct<wchar_t>::_M_initialize_numpunct(__locale_struct*)
0 353
fn=std::__detail::_Prime_rehash_policy::_M_need_rehash(unsigned long, unsigned long, unsigned long) const
0 20000
fn=std::__detail::_Prime_rehash_policy::_M_next_bkt(unsigned long) const
0 4600
fn=std::__timepunct<char>::_M_initialize_timepunct(__locale_struct*)
0 132
fn=std::__timepunct<char>::__timepunct(std::__timepunct_cache<char>*, unsigned long)
0 24
fn=std::__timepunct<wchar_t>::_M_initialize_timepunct(__locale_struct*)
0 129
fn=std::__timepunct<wchar_t>::__timepunct(std::__timepunct_cache<wchar_t>*, unsigned long)
0 24
fn=std::basic_filebuf<char, std::char_traits<char> >::_M_allocate_internal_buffer()
0 18
fn=std::basic_filebuf<char, std::char_traits<char> >::_M_convert_to_external(char*, long)
0 38
fn=std::basic_filebuf<char, std::char_traits<char> >::_M_destroy_internal_buffer()
0 24
fn=std::basic_filebuf<char, std::char_traits<char> >::_M_terminate_output()
0 46
fn=std::basic_filebuf<char, std::char_traits<char> >::basic_filebuf()
0 200
fn=std::basic_filebuf<char, std::char_traits<char> >::close()
0 214
fn=std::basic_filebuf<char, std::char_traits<char> >::open(char const*, std::_Ios_Openmode)
0 142
fn=std::basic_filebuf<char, std::char_traits<char> >::overflow(int)
0 106
fn=std::basic_filebuf<char, std::char_traits<char> >::xsputn(char const*, long)
0 39004
fn=std::basic_ios<char, std::char_traits<char> >::_M_cache_locale(std::locale const&)
0 384
fn=std::basic_ios<char, std::char_traits<char> >::clear(std::_Ios_Iostate)
0 9056649
fn=std::basic_ios<char, std::char_traits<char> >::init(std::basic_streambuf<char, std::char_traits<char> >*)
0 288
fn=std::basic_ios<wchar_t, std::char_traits<wchar_t> >::_M_cache_locale(std::locale const&)
0 128
fn=std::basic_ios<wchar_t, std::char_traits<wchar_t> >::init(std::basic_streambuf<wchar_t, std::char_traits<wchar_t> >*)
0 96
fn=std::basic_ostream<char, std::char_traits<char> >& std::__ostream_insert<char, std::char_traits<char> >(std::basic_ostream<char, std::char_traits<char> >&, char const*, long)
0 513
fn=std::basic_ostream<wchar_t, std::char_traits<wchar_t> >::flush()
0 174
fn=std::basic_ostream<wchar_t, std::char_traits<wchar_t> >::sentry::sentry(std::basic_ostream<wchar_t, std::char_traits<wchar_t> >&)
0 97
fn=std::basic_streambuf<char, std::char_traits<char> >::xsputn(char const*, long)
0 42000
fn=std::chrono::_V2::system_clock::now()
0 48
fn=std::codecvt<char, char, __mbstate_t>::codecvt(unsigned long)
0 19
fn=std::codecvt<char, char, __mbstate_t>::do_always_noconv() const
0 3006
fn=std::codecvt<wchar_t, char, __mbstate_t>::codecvt(unsigned long)
0 19
fn=std::ctype<char>::_M_widen_init() const
0 754
fn=std::ctype<char>::ctype(unsigned short const*, bool, unsigned long)
0 121
fn=std::ctype<wchar_t>::_M_convert_to_wmask(unsigned short) const
0 146
fn=std::ctype<wchar_t>::_M_initialize_ctype()
0 2736
fn=std::ctype<wchar_t>::ctype(unsigned long)
0 21
fn=std::error_category::error_category()
0 10
fn=std::error_category::~error_category()
0 4
fn=std::future_category()
0 3
fn=std::ios_base::Init::Init()
0 272
fn=std::ios_base::Init::~Init()
0 25
fn=std::ios_base::_M_call_callbacks(std::ios_base::event)
0 64
fn=std::ios_base::_M_dispose_callbacks()
0 72
fn=std::ios_base::_M_init()
0 448
fn=std::ios_base::ios_base()
0 720
fn=std::ios_base::~ios_base()
0 84
fn=std::istream& std::istream::_M_extract<float>(float&)
0 32320000
fn=std::istream& std::istream::_M_extract<unsigned long>(unsigned long&)
0 25000
fn=std::istream::get()
0 64
fn=std::istream::sentry::sentry(std::istream&, bool)
0 29757474
fn=std::locale::_Impl::_Impl(unsigned long)
0 673
fn=std::locale::_Impl::_M_install_facet(std::locale::id const*, std::locale::facet const*)
0 12192
fn=std::locale::facet::_S_create_c_locale(__locale_struct*&, char const*, __locale_struct*)
0 14
fn=std::locale::facet::_S_get_c_locale()
0 210
fn=std::locale::facet::_S_get_c_name()
0 21
fn=std::locale::id::_M_id() const
0 7116
fn=std::locale::locale()
0 836
fn=std::locale::locale(std::locale::_Impl*)
0 3
fn=std::locale::operator=(std::locale const&)
0 368
fn=std::locale::~locale()
0 288
fn=std::messages<char>::messages(unsigned long)
0 21
fn=std::messages<wchar_t>::messages(unsigned long)
0 21
fn=std::moneypunct<char, false>::_M_initialize_moneypunct(__locale_struct*, char const*)
0 114
fn=std::moneypunct<char, true>::_M_initialize_moneypunct(__locale_struct*, char const*)
0 115
fn=std::moneypunct<wchar_t, false>::_M_initialize_moneypunct(__locale_struct*, char const*)
0 109
fn=std::moneypunct<wchar_t, true>::_M_initialize_moneypunct(__locale_struct*, char const*)
0 109
fn=std::num_put<char, std::ostreambuf_iterator<char, std::char_traits<char> > >::do_put(std::ostreambuf_iterator<char, std::char_traits<char> >, std::ios_base&, char, long) const
0 3000
fn=std::numpunct<char>::_M_initialize_numpunct(__locale_struct*)
0 417
fn=std::numpunct<wchar_t>::_M_initialize_numpunct(__locale_struct*)
0 353
fn=std::ostream& std::ostream::_M_insert<long>(long)
0 58014
fn=std::ostream::flush()
0 338
fn=std::ostream::operator<<(int)
0 11000
fn=std::ostream::put(char)
0 45188
fn=std::ostream::sentry::sentry(std::ostream&)
0 46627
fn=std::ostreambuf_iterator<char, std::char_traits<char> > std::num_put<char, std::ostreambuf_iterator<char, std::char_traits<char> > >::_M_insert_int<long>(std::ostreambuf_iterator<char, std::char_traits<char> >, std::ios_base&, char, long) const
0 92300
fn=std::thread::_M_start_thread(std::unique_ptr<std::thread::_State, std::default_delete<std::thread::_State> >, void (*)())
0 288
fn=std::thread::_State::~_State()
0 36
fn=std::thread::hardware_concurrency()
0 9
fn=std::thread::join()
0 306
fn=std::to_chars(char*, char*, double)
0 15
fn=std::uncaught_exception()
0 18
summary: 7858991301
