desc: I1 cache:         65536 B, 64 B, 16-way associative
desc: D1 cache:         49152 B, 64 B, 12-way associative
desc: LL cache:         18874368 B, 64 B, 18-way associative
cmd: ./build/main
events: Ir I1mr ILmr Dr D1mr DLmr Dw D1mw DLmw Bc Bcm Bi Bim
fl=./csu/../csu/libc-start.c
fn=__libc_start_main@@GLIBC_2.34
128 2 1 1 2 1 0 0 0 0 0 0 0 0
134 3 0 0 1 1 0 0 0 0 1 0 0 0
135 7 0 0 3 1 0 2 0 0 0 0 1 1
138 1 0 0 1 1 0 0 0 0 0 0 0 0
139 2 1 1 0 0 0 0 0 0 1 0 0 0
142 3 0 0 2 0 0 0 0 0 0 0 0 0
143 2 0 0 2 0 0 0 0 0 0 0 0 0
144 26 0 0 7 0 0 1 0 0 5 3 0 0
145 16 1 1 4 2 0 8 0 0 0 0 4 4
242 13 1 1 0 0 0 7 0 0 0 0 0 0
311 3 0 0 0 0 0 0 0 0 1 0 0 0
312 3 0 0 0 0 0 1 0 0 0 0 0 0
337 6 1 1 2 0 0 1 0 0 1 0 0 0
340 2 0 0 0 0 0 0 0 0 1 1 0 0
343 2 0 0 2 0 0 0 0 0 0 0 0 0
350 2 0 0 1 0 0 1 0 0 0 0 0 0
352 2 0 0 0 0 0 0 0 0 1 0 0 0
360 4 0 0 1 0 0 1 0 0 0 0 0 0
fl=./csu/../sysdeps/nptl/libc_start_call_main.h
fn=(below main)
29 9 1 1 1 0 0 5 0 0 0 0 0 0
44 3 1 1 0 0 0 1 0 0 0 0 0 0
46 2 0 0 0 0 0 0 0 0 1 0 0 0
51 2 0 0 1 1 0 1 0 0 0 0 0 0
52 2 0 0 1 1 0 1 0 0 0 0 0 0
55 2 0 0 0 0 0 1 0 0 0 0 0 0
58 6 1 1 5 0 0 1 0 0 0 0 1 1
74 2 1 1 0 0 0 1 0 0 0 0 0 0
fl=./csu/./csu/init-first.c
fn=_init_first
46 6 1 1 0 0 0 2 0 0 0 0 0 0
51 2 0 0 1 0 0 0 0 0 1 0 0 0
55 5 1 1 4 2 1 0 0 0 1 0 0 0
61 1 0 0 0 0 0 1 1 0 0 0 0 0
62 1 0 0 0 0 0 1 0 0 0 0 0 0
63 2 0 0 1 1 0 1 1 1 0 0 0 0
71 2 0 0 0 0 0 0 0 0 0 0 0 0
72 3 0 0 2 0 0 0 0 0 0 0 0 0
fl=./ctype/./ctype/ctype-info.c
fn=__ctype_init
29 37 3 2 0 0 0 0 0 0 0 0 0 0
31 259 3 2 185 134 0 37 26 0 0 0 0 0
33 148 0 0 74 1 0 37 0 0 0 0 0 0
35 148 0 0 74 0 0 37 0 0 0 0 0 0
36 37 0 0 37 0 0 0 0 0 0 0 0 0
fl=./debug/../sysdeps/x86_64/multiarch/ifunc-memmove.h
fn=__memcpy_chk
56 2 0 0 0 0 0 0 0 0 1 0 0 0
57 3 1 1 2 0 0 0 0 0 0 0 0 0
60 3 0 0 1 0 0 0 0 0 0 0 0 0
61 2 1 1 0 0 0 0 0 0 1 1 0 0
74 2 0 0 0 0 0 0 0 0 1 0 0 0
77 2 0 0 0 0 0 0 0 0 1 0 0 0
85 2 0 0 0 0 0 0 0 0 1 1 0 0
93 2 1 1 0 0 0 0 0 0 1 1 0 0
96 5 2 2 1 0 0 0 0 0 0 0 0 0
fn=__memmove_chk
56 2 0 0 0 0 0 0 0 0 1 0 0 0
57 3 0 0 2 0 0 0 0 0 0 0 0 0
60 3 0 0 1 0 0 0 0 0 0 0 0 0
61 2 1 1 0 0 0 0 0 0 1 1 0 0
74 2 0 0 0 0 0 0 0 0 1 0 0 0
77 2 1 1 0 0 0 0 0 0 1 0 0 0
85 2 0 0 0 0 0 0 0 0 1 1 0 0
93 2 0 0 0 0 0 0 0 0 1 1 0 0
96 5 0 0 1 0 0 0 0 0 0 0 0 0
fn=__mempcpy_chk
56 2 0 0 0 0 0 0 0 0 1 0 0 0
57 3 1 1 2 0 0 0 0 0 0 0 0 0
60 3 0 0 1 0 0 0 0 0 0 0 0 0
61 2 1 1 0 0 0 0 0 0 1 1 0 0
74 2 0 0 0 0 0 0 0 0 1 0 0 0
77 2 0 0 0 0 0 0 0 0 1 0 0 0
85 2 0 0 0 0 0 0 0 0 1 1 0 0
93 2 1 1 0 0 0 0 0 0 1 1 0 0
96 5 2 2 1 0 0 0 0 0 0 0 0 0
fl=./debug/../sysdeps/x86_64/multiarch/ifunc-memset.h
fn=__memset_chk
54 5 0 0 2 0 0 0 0 0 1 0 0 0
57 3 0 0 1 0 0 0 0 0 0 0 0 0
58 2 1 1 0 0 0 0 0 0 1 1 0 0
64 2 1 1 0 0 0 0 0 0 0 0 0 0
73 2 0 0 0 0 0 0 0 0 1 0 0 0
75 2 0 0 0 0 0 0 0 0 1 0 0 0
85 2 0 0 0 0 0 0 0 0 1 0 0 0
93 2 0 0 0 0 0 0 0 0 1 0 0 0
96 5 0 0 1 0 0 0 0 0 0 0 0 0
fl=./debug/../sysdeps/x86_64/multiarch/memcpy_chk.c
fn=__memcpy_chk
29 1 1 1 0 0 0 0 0 0 0 0 0 0
fl=./debug/../sysdeps/x86_64/multiarch/memmove_chk.c
fn=__memmove_chk
29 1 0 0 0 0 0 0 0 0 0 0 0 0
fl=./debug/../sysdeps/x86_64/multiarch/mempcpy_chk.c
fn=__mempcpy_chk
29 1 1 1 0 0 0 0 0 0 0 0 0 0
fl=./debug/../sysdeps/x86_64/multiarch/memset_chk.c
fn=__memset_chk
29 1 0 0 0 0 0 0 0 0 0 0 0 0
fl=./dlfcn/./dlfcn/libc_dlerror_result.c
fn=__libc_dlerror_result_free
29 180 2 2 0 0 0 72 0 0 0 0 0 0
30 144 2 2 72 36 1 0 0 0 36 2 0 0
39 108 0 0 108 0 0 0 0 0 0 0 0 0
fl=./elf/../bits/stdlib-bsearch.h
fn=intel_check_word.constprop.0
27 96 0 0 0 0 0 0 0 0 0 0 0 0
28 48 0 0 0 0 0 0 0 0 0 0 0 0
29 744 0 0 0 0 0 0 0 0 372 38 0 0
31 648 0 0 0 0 0 0 0 0 0 0 0 0
32 348 0 0 0 0 0 0 0 0 0 0 0 0
35 264 0 0 0 0 0 0 0 0 0 0 0 0
37 120 1 1 0 0 0 0 0 0 0 0 0 0
fl=./elf/../elf/dl-tls.c
fn=_dl_add_to_slotinfo
1017 36 1 1 0 0 0 20 0 0 0 0 0 0
1023 4 0 0 4 0 0 0 0 0 0 0 0 0
1026 4 0 0 4 2 0 0 0 0 0 0 0 0
1027 4 0 0 0 0 0 0 0 0 0 0 0 0
1031 12 1 1 4 3 0 0 0 0 4 0 0 0
1065 8 0 0 0 0 0 0 0 0 4 3 0 0
1068 8 0 0 0 0 0 4 0 0 0 0 0 0
1069 12 0 0 4 0 0 4 0 0 0 0 0 0
1072 24 1 1 24 0 0 0 0 0 0 0 0 0
fn=_dl_allocate_tls
365 32 0 0 32 0 0 0 0 0 0 0 0 0
369 32 0 0 0 0 0 0 0 0 0 0 0 0
370 32 0 0 0 0 0 0 0 0 0 0 0 0
371 64 0 0 0 0 0 0 0 0 32 3 0 0
374 32 0 0 0 0 0 32 0 0 0 0 0 0
380 96 2 2 32 0 0 32 0 0 0 0 0 0
530 64 0 0 0 0 0 0 0 0 0 0 0 0
531 32 0 0 0 0 0 0 0 0 0 0 0 0
534 64 0 0 32 0 0 32 0 0 0 0 32 1
537 96 0 0 64 0 0 0 0 0 32 0 0 0
549 32 0 0 32 10 0 0 0 0 0 0 0 0
554 896 2 2 160 10 0 0 0 0 160 0 0 0
560 320 4 4 0 0 0 0 0 0 160 21 0 0
563 384 0 0 128 10 0 0 0 0 0 0 0 0
564 256 0 0 0 0 0 0 0 0 128 0 0 0
570 384 2 2 256 0 0 0 0 0 128 2 0 0
571 256 0 0 0 0 0 0 0 0 0 0 0 0
573 672 0 0 160 50 0 128 0 0 0 0 0 0
576 256 0 0 0 0 0 0 0 0 128 1 0 0
577 256 0 0 128 0 0 0 0 0 0 0 0 0
580 256 0 0 0 0 0 0 0 0 128 0 0 0
581 512 2 2 256 30 0 0 0 0 128 9 0 0
583 256 0 0 0 0 0 0 0 0 128 4 0 0
584 256 0 0 128 0 0 0 0 0 0 0 0 0
593 128 0 0 0 0 0 128 0 0 0 0 0 0
603 1664 0 0 384 0 0 640 0 0 0 0 0 0
609 384 0 0 384 0 0 0 0 0 0 0 0 0
615 64 0 0 32 0 0 32 0 0 0 0 32 1
618 32 0 0 0 0 0 32 0 0 0 0 0 0
620 32 0 0 32 0 0 0 0 0 0 0 0 0
626 320 4 4 0 0 0 224 0 0 0 0 0 0
627 64 0 0 0 0 0 0 0 0 32 4 0 0
630 256 0 0 224 0 0 0 0 0 0 0 0 0
fn=_dl_allocate_tls_init
523 55 2 2 0 0 0 40 0 0 0 0 0 0
524 10 0 0 0 0 0 0 0 0 5 2 0 0
528 10 0 0 5 1 0 5 0 0 0 0 0 0
531 5 0 0 0 0 0 0 0 0 0 0 0 0
534 10 2 2 5 3 1 5 0 0 0 0 5 2
537 15 0 0 10 1 0 0 0 0 5 0 0 0
549 5 0 0 5 0 0 0 0 0 0 0 0 0
554 160 2 2 25 2 0 5 0 0 25 1 0 0
560 55 2 2 0 0 0 0 0 0 25 11 0 0
563 60 0 0 20 3 0 0 0 0 0 0 0 0
564 40 0 0 0 0 0 0 0 0 20 0 0 0
570 60 2 2 40 0 0 0 0 0 20 0 0 0
571 40 0 0 0 0 0 0 0 0 0 0 0 0
573 155 0 0 60 14 5 20 1 1 0 0 0 0
576 40 0 0 0 0 0 0 0 0 20 0 0 0
577 40 0 0 20 0 0 0 0 0 0 0 0 0
580 40 2 2 0 0 0 0 0 0 20 1 0 0
581 80 0 0 40 9 3 0 0 0 20 0 0 0
583 40 0 0 0 0 0 0 0 0 20 0 0 0
584 40 0 0 20 0 0 0 0 0 0 0 0 0
593 20 0 0 0 0 0 20 0 0 0 0 0 0
601 40 0 0 20 8 4 0 0 0 20 6 0 0
603 200 0 0 40 0 0 60 0 0 0 0 0 0
609 20 0 0 20 0 0 0 0 0 0 0 0 0
615 10 0 0 5 0 0 5 0 0 0 0 5 2
618 10 0 0 5 0 0 5 0 0 0 0 0 0
621 45 0 0 40 0 0 0 0 0 0 0 0 0
fn=_dl_allocate_tls_storage
365 1 0 0 1 0 0 0 0 0 0 0 0 0
369 1 1 1 0 0 0 0 0 0 0 0 0 0
370 1 0 0 0 0 0 0 0 0 0 0 0 0
371 2 0 0 0 0 0 0 0 0 1 0 0 0
374 1 0 0 0 0 0 1 1 1 0 0 0 0
380 2 0 0 0 0 0 1 0 0 0 0 0 0
417 7 2 2 0 0 0 4 0 0 0 0 0 0
419 1 0 0 1 0 0 0 0 0 0 0 0 0
430 1 0 0 1 0 0 0 0 0 0 0 0 0
431 1 0 0 0 0 0 0 0 0 0 0 0 0
432 2 0 0 0 0 0 0 0 0 1 0 0 0
440 6 0 0 0 0 0 0 0 0 0 0 0 0
441 1 1 1 0 0 0 0 0 0 0 0 0 0
445 305 0 0 0 0 0 297 37 37 296 10 0 0
464 1 0 0 0 0 0 1 1 1 0 0 0 0
470 7 0 0 5 0 0 0 0 0 0 0 0 0
fn=_dl_assign_tls_modid
125 12 1 1 0 0 0 3 0 0 0 0 0 0
128 6 0 0 3 0 0 0 0 0 3 0 0 0
141 3 0 0 3 0 0 0 0 0 0 0 0 0
181 3 0 0 0 0 0 0 0 0 0 0 0 0
183 3 1 1 0 0 0 3 0 0 0 0 0 0
186 3 0 0 0 0 0 3 0 0 0 0 0 0
187 6 0 0 6 0 0 0 0 0 0 0 0 0
fn=_dl_count_modids
192 1 1 1 0 0 0 0 0 0 0 0 0 0
194 2 0 0 1 0 0 0 0 0 1 0 0 0
195 1 0 0 1 0 0 0 0 0 0 0 0 0
210 2 0 0 1 0 0 0 0 0 0 0 0 0
fn=_dl_deallocate_tls
636 252 4 4 0 0 0 140 0 0 0 0 0 0
637 28 0 0 28 26 3 0 0 0 0 0 0 0
640 1120 0 0 532 13 0 0 0 0 532 38 0 0
641 1512 0 0 0 0 0 0 0 0 0 0 0 0
644 56 0 0 28 2 1 0 0 0 28 0 0 0
645 28 2 2 0 0 0 0 0 0 0 0 0 0
647 56 0 0 0 0 0 0 0 0 28 2 0 0
649 168 0 0 168 0 0 0 0 0 0 0 0 0
fn=_dl_determine_tlsoffset
216 9 1 1 0 0 0 6 0 0 0 0 0 0
217 1 0 0 0 0 0 0 0 0 0 0 0 0
218 1 0 0 0 0 0 0 0 0 0 0 0 0
219 1 0 0 0 0 0 0 0 0 0 0 0 0
222 4 0 0 1 0 0 1 0 0 1 0 0 0
225 2 0 0 1 0 0 0 0 0 1 0 0 0
259 1 0 0 0 0 0 0 0 0 0 0 0 0
261 32 1 1 9 0 0 0 0 0 5 2 0 0
263 11 1 1 5 0 0 1 0 0 4 0 0 0
265 12 1 1 4 0 0 0 0 0 0 0 0 0
266 8 0 0 4 0 0 0 0 0 0 0 0 0
268 8 0 0 0 0 0 0 0 0 0 0 0 0
270 20 0 0 4 0 0 0 0 0 4 4 0 0
281 4 0 0 0 0 0 4 0 0 0 0 0 0
286 32 0 0 0 0 0 0 0 0 0 0 0 0
288 8 0 0 0 0 0 0 0 0 4 3 0 0
289 4 0 0 0 0 0 0 0 0 0 0 0 0
294 4 0 0 0 0 0 0 0 0 0 0 0 0
301 1 0 0 0 0 0 1 0 0 0 0 0 0
302 7 2 2 1 0 0 0 0 0 0 0 0 0
304 2 0 0 0 0 0 1 0 0 0 0 0 0
354 1 0 0 0 0 0 1 0 0 0 0 0 0
355 8 0 0 7 0 0 0 0 0 0 0 0 0
fn=_dl_tls_static_surplus_init
83 3 0 0 0 0 0 0 0 0 0 0 0 0
97 8 1 1 0 0 0 4 0 0 0 0 0 0
100 6 0 0 1 0 0 1 0 0 0 0 0 0
101 5 0 0 1 0 0 1 0 0 0 0 0 0
102 3 0 0 0 0 0 0 0 0 0 0 0 0
104 4 1 1 0 0 0 0 0 0 1 0 0 0
107 1 0 0 0 0 0 0 0 0 0 0 0 0
109 1 0 0 0 0 0 1 0 0 0 0 0 0
111 3 0 0 0 0 0 1 0 0 0 0 0 0
112 6 0 0 5 0 0 0 0 0 0 0 0 0
fl=./elf/../include/list.h
fn=__tls_init_tp
43 2 1 1 1 1 0 1 0 0 0 0 0 0
44 2 0 0 0 0 0 1 0 0 0 0 0 0
45 1 0 0 0 0 0 1 0 0 0 0 0 0
47 1 0 0 0 0 0 1 0 0 0 0 0 0
fl=./elf/../include/rtld-malloc.h
fn=__minimal_calloc
56 17 0 0 17 0 0 0 0 0 0 0 17 1
fn=_dl_allocate_tls
44 64 0 0 32 10 0 32 0 0 0 0 32 1
fn=_dl_allocate_tls_storage
44 2 0 0 1 0 0 1 0 0 0 0 1 1
56 1 0 0 1 0 0 1 0 0 0 0 1 1
fn=_dl_check_map_versions
44 18 1 1 6 0 0 6 0 0 0 0 6 1
fn=_dl_deallocate_tls
50 1036 0 0 1036 136 1 532 2 0 0 0 532 2
fn=_dl_find_object_init
56 2 0 0 1 0 0 1 0 0 0 0 1 1
fn=_dl_important_hwcaps
56 4 0 0 2 0 0 2 0 0 0 0 2 2
fn=_dl_init_paths
56 5 0 0 3 0 0 3 0 0 0 0 3 3
fn=_dl_map_object_deps
56 12 0 0 6 0 0 6 0 0 0 0 6 2
fn=_dl_new_object
44 18 0 0 6 0 0 6 0 0 0 0 6 1
56 15 1 1 5 0 0 5 0 0 0 0 5 1
fn=do_lookup_x
44 13 0 0 3 0 0 6 0 0 0 0 3 2
fn=fillin_rpath.isra.0
50 20 1 1 20 0 0 10 0 0 0 0 10 1
51 10 0 0 0 0 0 0 0 0 0 0 0 0
56 8 0 0 4 0 0 4 0 0 0 0 4 1
fn=init_tls
44 2 0 0 1 0 0 1 0 0 0 0 1 1
fl=./elf/../include/scratch_buffer.h
fn=_dl_map_object_deps
77 2 0 0 0 0 0 1 1 1 0 0 0 0
78 1 0 0 0 0 0 1 0 0 0 0 0 0
85 3 1 1 1 0 0 0 0 0 1 1 0 0
131 20 1 1 0 0 0 10 0 0 0 0 0 0
fl=./elf/../misc/sbrk.c
fn=sbrk
37 6 1 1 0 0 0 3 0 0 0 0 0 0
40 1 0 0 1 0 0 0 0 0 0 0 0 0
58 2 0 0 0 0 0 0 0 0 1 0 0 0
62 2 0 0 0 0 0 0 0 0 1 1 0 0
78 5 1 1 4 0 0 0 0 0 0 0 0 0
fl=./elf/../nptl/nptl-stack.h
fn=__libc_early_init
61 8 0 0 2 1 0 0 0 0 0 0 0 0
fl=./elf/../sysdeps/generic/_itoa.h
fn=_dl_check_map_versions
76 39 0 0 13 0 0 26 0 0 0 0 0 0
fl=./elf/../sysdeps/generic/dl-cache.h
fn=_dl_load_cache_lookup
125 4 1 1 4 1 1 0 0 0 0 0 0 0
194 1 0 0 1 0 0 0 0 0 0 0 0 0
195 5 0 0 0 0 0 0 0 0 1 1 0 0
fl=./elf/../sysdeps/generic/dl-call_tls_init_tp.h
fn=init_tls
31 8 0 0 0 0 0 2 0 0 1 0 0 0
33 1 0 0 0 0 0 1 0 0 0 0 0 0
fl=./elf/../sysdeps/generic/dl-debug.h
fn=dl_main
29 4 0 0 2 0 0 0 0 0 1 0 0 0
30 1 0 0 0 0 0 1 0 0 0 0 0 0
fl=./elf/../sysdeps/generic/dl-hash.h
fn=__rtld_malloc_init_real
43 1 0 0 0 0 0 0 0 0 0 0 0 0
44 1 0 0 0 0 0 0 0 0 0 0 0 0
45 19 0 0 6 1 1 0 0 0 6 5 0 0
48 18 0 0 0 0 0 0 0 0 0 0 0 0
62 24 0 0 0 0 0 0 0 0 0 0 0 0
67 1 0 0 0 0 0 0 0 0 0 0 0 0
72 1 0 0 0 0 0 1 0 0 0 0 0 0
fl=./elf/../sysdeps/generic/dl-new-hash.h
fn=_dl_lookup_symbol_x
69 2029 0 0 0 0 0 0 0 0 0 0 0 0
70 4058 0 0 0 0 0 0 0 0 0 0 0 0
74 43341 0 0 43341 1502 1258 0 0 0 0 0 0 0
77 86682 0 0 0 0 0 0 0 0 43341 1042 0 0
80 42324 0 0 42324 492 435 0 0 0 0 0 0 0
81 84648 0 0 0 0 0 0 0 0 42324 1028 0 0
87 1012 2 2 0 0 0 0 0 0 0 0 0 0
88 1012 0 0 0 0 0 0 0 0 0 0 0 0
89 2024 0 0 0 0 0 0 0 0 0 0 0 0
90 1012 0 0 0 0 0 0 0 0 0 0 0 0
99 41312 0 0 0 0 0 0 0 0 0 0 0 0
101 41312 0 0 0 0 0 0 0 0 0 0 0 0
102 82624 0 0 0 0 0 0 0 0 0 0 0 0
104 41312 2 2 0 0 0 0 0 0 0 0 0 0
105 41312 0 0 0 0 0 0 0 0 0 0 0 0
fl=./elf/../sysdeps/generic/dl-protected.h
fn=do_lookup_x
29 8052 0 0 0 0 0 0 0 0 2013 2 0 0
fl=./elf/../sysdeps/generic/ldsodefs.h
fn=_dl_relocate_object
79 62 1 1 30 0 0 0 0 0 0 0 0 0
140 10662 0 0 3554 0 0 0 0 0 0 0 0 0
fn=_dl_start
79 6 1 1 3 0 0 0 0 0 0 0 0 0
fn=do_lookup_x
139 4026 0 0 2013 0 0 0 0 0 0 0 0 0
140 6039 0 0 0 0 0 0 0 0 0 0 0 0
fl=./elf/../sysdeps/nptl/dl-mutex.c
fn=__rtld_mutex_init
30 7 1 1 0 0 0 4 0 0 0 0 0 0
37 1 0 0 1 0 0 0 0 0 0 0 0 0
40 7 0 0 0 0 0 1 0 0 0 0 0 0
44 2 1 1 0 0 0 0 0 0 1 0 0 0
45 9 0 0 3 0 0 1 0 0 1 0 0 0
47 6 0 0 0 0 0 1 0 0 0 0 0 0
51 2 1 1 0 0 0 0 0 0 1 0 0 0
52 7 0 0 3 0 0 1 0 0 1 0 0 0
53 6 0 0 5 0 0 0 0 0 0 0 0 0
fl=./elf/../sysdeps/nptl/dl-tls_init_tp.c
fn=__tls_init_tp
68 5 0 0 0 0 0 2 0 0 0 0 0 0
69 1 0 0 1 0 0 0 0 0 0 0 0 0
72 1 0 0 0 0 0 0 0 0 0 0 0 0
75 4 0 0 0 0 0 1 0 0 0 0 0 0
76 2 0 0 0 0 0 1 0 0 0 0 0 0
77 1 1 1 0 0 0 1 0 0 0 0 0 0
82 2 0 0 1 0 0 1 0 0 0 0 0 0
87 4 0 0 0 0 0 1 0 0 0 0 0 0
90 1 0 0 0 0 0 1 0 0 0 0 0 0
93 3 0 0 0 0 0 0 0 0 0 0 0 0
105 4 1 1 0 0 0 1 0 0 0 0 0 0
121 3 0 0 2 1 0 1 0 0 0 0 0 0
128 2 0 0 1 0 0 1 0 0 0 0 0 0
129 3 0 0 3 0 0 0 0 0 0 0 0 0
fn=__tls_pre_init_tp
53 3 1 1 0 0 0 0 0 0 0 0 0 0
56 10 1 1 0 0 0 3 1 1 0 0 0 0
61 2 0 0 0 0 0 1 0 0 0 0 0 0
62 1 1 1 0 0 0 1 0 0 0 0 0 0
64 1 0 0 1 0 0 0 0 0 0 0 0 0
fn=rtld_mutex_dummy
42 178 0 0 0 0 0 0 0 0 0 0 0 0
44 356 0 0 178 0 0 0 0 0 0 0 0 0
fl=./elf/../sysdeps/nptl/pthread_early_init.h
fn=__libc_early_init
33 6 0 0 0 0 0 1 0 0 1 0 0 0
34 1 0 0 1 0 0 0 0 0 0 0 0 0
38 5 1 1 0 0 0 0 0 0 0 0 0 0
45 2 0 0 2 0 0 0 0 0 0 0 0 0
46 1 1 1 0 0 0 0 0 0 0 0 0 0
48 2 0 0 0 0 0 0 0 0 0 0 0 0
52 5 0 0 0 0 0 1 0 0 0 0 0 0
53 1 0 0 0 0 0 1 1 1 0 0 0 0
54 1 0 0 0 0 0 1 1 1 0 0 0 0
56 1 0 0 0 0 0 1 0 0 0 0 0 0
fl=./elf/../sysdeps/posix/dl-fileid.h
fn=_dl_map_object_from_fd
37 20 0 0 0 0 0 5 1 1 5 0 0 0
40 20 0 0 15 1 1 5 0 0 0 0 0 0
49 60 0 0 30 1 1 0 0 0 30 9 0 0
fl=./elf/../sysdeps/unix/sysv/linux/brk.c
fn=brk
36 1 1 1 0 0 0 0 0 0 0 0 0 0
37 1 0 0 0 0 0 1 1 1 0 0 0 0
38 2 0 0 0 0 0 0 0 0 1 0 0 0
44 1 0 0 0 0 0 0 0 0 0 0 0 0
45 1 0 0 1 0 0 0 0 0 0 0 0 0
fl=./elf/../sysdeps/unix/sysv/linux/brk_call.h
fn=brk
24 2 0 0 0 0 0 0 0 0 0 0 0 0
fl=./elf/../sysdeps/unix/sysv/linux/dl-osinfo.h
fn=dl_main
39 2 0 0 1 0 0 0 0 0 0 0 0 0
52 1 0 0 1 0 0 0 0 0 0 0 0 0
fl=./elf/../sysdeps/unix/sysv/linux/dl-parse_auxv.h
fn=_dl_sysdep_parse_arguments
32 2 0 0 0 0 0 1 0 0 0 0 0 0
33 1 0 0 0 0 0 1 0 0 0 0 0 0
34 1 0 0 0 0 0 1 0 0 0 0 0 0
41 93 1 1 24 0 0 0 0 0 23 6 0 0
42 44 0 0 0 0 0 0 0 0 22 0 0 0
43 44 0 0 22 6 6 22 0 0 0 0 0 0
45 1 0 0 0 0 0 1 0 0 0 0 0 0
46 2 0 0 1 0 0 1 0 0 0 0 0 0
47 2 0 0 1 0 0 1 0 0 0 0 0 0
48 2 0 0 1 0 0 1 0 0 0 0 0 0
49 1 0 0 0 0 0 1 0 0 0 0 0 0
51 2 1 1 1 0 0 1 0 0 0 0 0 0
52 2 0 0 1 0 0 1 1 1 0 0 0 0
53 2 0 0 1 0 0 1 0 0 0 0 0 0
54 2 1 1 1 0 0 1 0 0 0 0 0 0
56 2 0 0 1 0 0 1 0 0 0 0 0 0
fl=./elf/../sysdeps/unix/sysv/linux/dl-sysdep.c
fn=_dl_sysdep_parse_arguments
78 7 1 1 0 0 0 4 1 1 0 0 0 0
79 2 0 0 1 0 0 1 1 1 0 0 0 0
80 2 0 0 0 0 0 1 0 0 0 0 0 0
81 3 0 0 0 0 0 1 1 1 0 0 0 0
82 47 0 0 0 0 0 0 0 0 0 0 0 0
83 97 1 1 48 6 6 0 0 0 48 10 0 0
86 2 1 1 0 0 0 1 1 1 0 0 0 0
90 56 0 0 0 0 0 52 6 6 52 10 0 0
93 5 0 0 3 0 0 1 0 0 0 0 0 0
94 2 0 0 1 0 0 1 0 0 0 0 0 0
95 3 1 1 2 0 0 1 0 0 0 0 0 0
96 6 0 0 5 0 0 0 0 0 0 0 0 0
fn=_dl_sysdep_start
102 6 1 1 0 0 0 2 0 0 0 0 0 0
103 1 0 0 0 0 0 1 0 0 0 0 0 0
106 2 0 0 0 0 0 1 1 1 0 0 0 0
110 2 0 0 1 0 0 1 0 0 0 0 0 0
113 1 0 0 0 0 0 1 0 0 0 0 0 0
115 2 0 0 0 0 0 1 0 0 0 0 0 0
122 3 1 1 1 0 0 0 0 0 1 0 0 0
123 2 0 0 0 0 0 2 0 0 0 0 0 0
125 5 0 0 0 0 0 1 0 0 1 0 0 0
137 3 0 0 1 0 0 0 0 0 1 0 0 0
140 5 1 1 3 0 0 1 0 0 0 0 1 1
143 4 0 0 4 1 0 0 0 0 0 0 0 0
fn=_dl_sysdep_start_cleanup
147 1 1 1 0 0 0 0 0 0 0 0 0 0
148 1 0 0 1 0 0 0 0 0 0 0 0 0
fl=./elf/../sysdeps/unix/sysv/linux/dl-vdso-setup.h
fn=dl_main
30 1 0 0 0 0 0 1 0 0 0 0 0 0
33 1 1 1 0 0 0 1 0 0 0 0 0 0
36 1 0 0 0 0 0 1 0 0 0 0 0 0
39 1 0 0 0 0 0 1 0 0 0 0 0 0
45 1 0 0 0 0 0 1 0 0 0 0 0 0
fl=./elf/../sysdeps/unix/sysv/linux/dl-vdso.h
fn=dl_main
40 2 1 1 1 0 0 0 0 0 0 0 0 0
41 5 0 0 0 0 0 2 0 0 1 0 0 0
55 2 0 0 0 0 0 0 0 0 0 0 0 0
fl=./elf/../sysdeps/unix/sysv/linux/rseq-internal.h
fn=__tls_init_tp
32 3 0 0 1 0 0 0 0 0 1 1 0 0
34 7 1 1 0 0 0 0 0 0 0 0 0 0
37 2 0 0 0 0 0 0 0 0 1 1 0 0
40 1 0 0 0 0 0 1 0 0 0 0 0 0
fl=./elf/../sysdeps/unix/sysv/linux/x86/dl-hwcap2.h
fn=update_active.constprop.0
25 2 0 0 1 0 0 0 0 0 1 1 0 0
fl=./elf/../sysdeps/unix/sysv/linux/x86/dl-minsigstacksize.h
fn=get_common_indices.constprop.0
24 2 2 2 1 0 0 0 0 0 1 0 0 0
27 2 0 0 1 0 0 0 0 0 1 0 0 0
28 2 0 0 1 0 0 0 0 0 1 0 0 0
65 3 0 0 0 0 0 0 0 0 0 0 0 0
72 1 0 0 0 0 0 0 0 0 0 0 0 0
74 1 0 0 0 0 0 1 0 0 0 0 0 0
fl=./elf/../sysdeps/x86/cpu-features.c
fn=get_common_indices.constprop.0
398 3 1 1 0 0 0 2 0 0 0 0 0 0
402 4 0 0 0 0 0 0 0 0 1 0 0 0
405 5 0 0 0 0 0 3 0 0 0 0 0 0
409 1 0 0 0 0 0 1 0 0 0 0 0 0
410 4 0 0 0 0 0 1 0 0 0 0 0 0
411 4 1 1 0 0 0 1 0 0 0 0 0 0
412 4 0 0 0 0 0 1 0 0 0 0 0 0
413 3 0 0 0 0 0 1 0 0 0 0 0 0
414 2 0 0 1 0 0 0 0 0 1 0 0 0
421 2 0 0 1 0 0 0 0 0 1 0 0 0
423 9 0 0 0 0 0 4 1 1 0 0 0 0
428 8 2 2 0 0 0 4 1 1 0 0 0 0
435 2 0 0 1 0 0 0 0 0 1 0 0 0
436 7 0 0 0 0 0 4 1 1 0 0 0 0
442 2 0 0 1 0 0 0 0 0 1 1 0 0
457 3 0 0 3 0 0 0 0 0 0 0 0 0
fn=init_cpu_features.constprop.0
376 3 0 0 0 0 0 0 0 0 0 0 0 0
377 2 0 0 0 0 0 0 0 0 1 0 0 0
378 6 0 0 0 0 0 4 0 0 0 0 0 0
383 2 1 1 0 0 0 0 0 0 1 1 0 0
384 6 1 1 0 0 0 4 0 0 0 0 0 0
389 2 0 0 0 0 0 0 0 0 1 0 0 0
390 7 1 1 0 0 0 4 0 0 0 0 0 0
682 8 1 1 0 0 0 6 0 0 0 0 0 0
685 1 0 0 0 0 0 1 0 0 0 0 0 0
686 1 1 1 0 0 0 1 0 0 0 0 0 0
687 1 0 0 0 0 0 1 0 0 0 0 0 0
690 1 0 0 0 0 0 1 1 1 0 0 0 0
699 3 0 0 0 0 0 1 0 0 0 0 0 0
702 6 1 1 0 0 0 0 0 0 3 1 0 0
703 1 0 0 0 0 0 0 0 0 0 0 0 0
706 2 0 0 0 0 0 1 0 0 0 0 0 0
708 6 2 2 0 0 0 1 0 0 0 0 0 0
713 1 0 0 0 0 0 1 0 0 0 0 0 0
715 3 0 0 1 0 0 0 0 0 1 1 0 0
717 9 2 2 3 1 1 1 0 0 1 0 0 0
721 7 0 0 1 1 1 0 0 0 1 0 1 1
774 3 0 0 2 0 0 0 0 0 1 1 0 0
781 2 1 1 0 0 0 1 0 0 0 0 0 0
799 1 1 1 0 0 0 1 0 0 0 0 0 0
832 2 0 0 0 0 0 0 0 0 1 1 0 0
866 4 1 1 0 0 0 0 0 0 1 1 0 0
869 2 0 0 0 0 0 1 0 0 0 0 0 0
870 1 1 1 0 0 0 0 0 0 0 0 0 0
878 2 1 1 1 0 0 0 0 0 1 0 0 0
885 2 0 0 1 0 0 0 0 0 1 0 0 0
887 2 0 0 0 0 0 1 0 0 0 0 0 0
891 2 0 0 0 0 0 0 0 0 1 0 0 0
897 2 0 0 1 0 0 0 0 0 1 1 0 0
899 1 1 1 0 0 0 0 0 0 0 0 0 0
1001 3 1 1 1 0 0 0 0 0 1 0 0 0
1002 2 0 0 0 0 0 1 0 0 0 0 0 0
1005 2 0 0 0 0 0 0 0 0 1 0 0 0
1006 2 0 0 0 0 0 1 0 0 0 0 0 0
1012 1 0 0 0 0 0 1 0 0 0 0 0 0
1013 1 0 0 0 0 0 1 0 0 0 0 0 0
1014 1 0 0 0 0 0 1 0 0 0 0 0 0
1015 2 1 1 1 0 0 1 0 0 0 0 0 0
1019 4 0 0 0 0 0 1 0 0 0 0 0 0
1022 4 0 0 0 0 0 1 0 0 0 0 0 0
1028 3 0 0 1 0 0 0 0 0 1 1 0 0
1041 2 0 0 0 0 0 0 0 0 0 0 0 0
1042 4 1 1 1 0 0 0 0 0 1 1 0 0
1081 1 0 0 0 0 0 1 0 0 0 0 0 0
1082 2 1 1 1 0 0 0 0 0 1 1 0 0
1086 3 0 0 1 0 0 0 0 0 1 1 0 0
1103 2 1 1 0 0 0 0 0 0 0 0 0 0
1104 2 0 0 0 0 0 0 0 0 1 0 0 0
1106 3 0 0 0 0 0 0 0 0 1 0 0 0
1107 2 0 0 1 0 0 0 0 0 0 0 0 0
1109 3 0 0 0 0 0 0 0 0 1 0 0 0
1110 2 0 0 0 0 0 0 0 0 0 0 0 0
1113 2 0 0 0 0 0 1 0 0 0 0 0 0
1127 4 0 0 0 0 0 1 0 0 0 0 0 0
1129 4 0 0 0 0 0 1 0 0 0 0 0 0
1135 4 0 0 0 0 0 1 0 0 0 0 0 0
1142 8 0 0 7 0 0 0 0 0 0 0 0 0
fn=update_active.constprop.0
72 8 2 2 0 0 0 6 0 0 0 0 0 0
76 1 0 0 1 0 0 0 0 0 0 0 0 0
84 3 1 1 1 0 0 0 0 0 0 0 0 0
85 3 0 0 0 0 0 0 0 0 0 0 0 0
86 1 0 0 1 0 0 0 0 0 0 0 0 0
94 4 0 0 1 0 0 1 0 0 0 0 0 0
95 1 0 0 1 0 0 0 0 0 0 0 0 0
103 4 0 0 1 0 0 1 0 0 0 0 0 0
104 1 0 0 1 0 0 0 0 0 0 0 0 0
109 4 0 0 0 0 0 1 0 0 0 0 0 0
112 4 0 0 1 0 0 1 0 0 0 0 0 0
113 1 0 0 1 0 0 0 0 0 0 0 0 0
116 5 1 1 1 0 0 2 1 1 0 0 0 0
117 2 1 1 1 0 0 1 0 0 0 0 0 0
121 5 0 0 1 0 0 2 0 0 0 0 0 0
122 3 0 0 2 0 0 0 0 0 0 0 0 0
123 3 1 1 2 0 0 0 0 0 0 0 0 0
124 2 0 0 1 0 0 1 0 0 0 0 0 0
128 5 0 0 1 0 0 1 0 0 0 0 0 0
129 5 1 1 2 0 0 1 0 0 0 0 0 0
130 3 0 0 2 1 1 0 0 0 0 0 0 0
132 2 0 0 0 0 0 0 0 0 1 0 0 0
133 4 0 0 0 0 0 1 0 0 0 0 0 0
147 2 0 0 0 0 0 0 0 0 1 1 0 0
151 7 2 2 0 0 0 4 0 0 0 0 0 0
152 4 0 0 0 0 0 1 0 0 0 0 0 0
154 3 0 0 0 0 0 0 0 0 1 1 0 0
158 4 1 1 0 0 0 1 0 0 1 0 0 0
161 1 0 0 0 0 0 0 0 0 0 0 0 0
164 2 0 0 0 0 0 0 0 0 1 1 0 0
166 2 0 0 0 0 0 1 0 0 0 0 0 0
170 1 0 0 0 0 0 0 0 0 0 0 0 0
171 1 1 1 1 1 1 0 0 0 0 0 0 0
178 4 1 1 1 0 0 1 0 0 0 0 0 0
180 5 0 0 1 0 0 1 0 0 0 0 0 0
186 4 0 0 0 0 0 1 0 0 0 0 0 0
188 5 1 1 2 0 0 1 0 0 0 0 0 0
190 4 0 0 0 0 0 2 0 0 0 0 0 0
195 5 0 0 0 0 0 1 0 0 1 1 0 0
244 3 0 0 1 0 0 0 0 0 0 0 0 0
245 3 0 0 1 0 0 0 0 0 1 1 0 0
261 4 1 1 0 0 0 0 0 0 1 0 0 0
277 2 0 0 0 0 0 0 0 0 1 1 0 0
281 2 0 0 0 0 0 1 0 0 0 0 0 0
282 1 1 1 1 0 0 0 0 0 0 0 0 0
285 4 0 0 1 0 0 1 0 0 0 0 0 0
289 2 0 0 0 0 0 0 0 0 1 0 0 0
293 3 1 1 0 0 0 0 0 0 0 0 0 0
294 2 0 0 0 0 0 0 0 0 1 0 0 0
296 1 0 0 0 0 0 0 0 0 0 0 0 0
297 1 0 0 0 0 0 0 0 0 0 0 0 0
300 2 0 0 0 0 0 1 0 0 0 0 0 0
302 1 0 0 0 0 0 1 0 0 0 0 0 0
305 2 0 0 0 0 0 0 0 0 1 1 0 0
356 5 1 1 0 0 0 0 0 0 1 1 0 0
360 3 1 1 1 0 0 0 0 0 1 1 0 0
369 1 0 0 0 0 0 1 0 0 0 0 0 0
370 8 0 0 7 0 0 0 0 0 0 0 0 0
fl=./elf/../sysdeps/x86/dl-cacheinfo.h
fn=get_common_cache_info.constprop.0
571 11 1 1 0 0 0 6 0 0 0 0 0 0
586 1 0 0 1 0 0 0 0 0 0 0 0 0
587 1 0 0 1 0 0 0 0 0 0 0 0 0
588 2 0 0 1 0 0 1 0 0 0 0 0 0
589 1 1 1 1 0 0 0 0 0 0 0 0 0
590 2 0 0 1 0 0 1 0 0 0 0 0 0
596 3 0 0 0 0 0 1 0 0 0 0 0 0
598 7 1 1 3 0 0 2 0 0 0 0 0 0
601 2 0 0 0 0 0 0 0 0 1 0 0 0
613 1 0 0 0 0 0 0 0 0 0 0 0 0
618 3 1 1 1 0 0 0 0 0 1 0 0 0
622 2 0 0 0 0 0 0 0 0 1 1 0 0
627 5 1 1 1 0 0 0 0 0 1 1 0 0
630 24 2 2 0 0 0 5 0 0 1 1 0 0
637 8 0 0 0 0 0 0 0 0 4 0 0 0
640 26 0 0 0 0 0 0 0 0 7 5 0 0
645 2 1 1 0 0 0 0 0 0 1 0 0 0
649 3 0 0 0 0 0 0 0 0 0 0 0 0
650 2 0 0 0 0 0 0 0 0 0 0 0 0
654 2 0 0 0 0 0 0 0 0 1 0 0 0
658 3 0 0 0 0 0 0 0 0 0 0 0 0
661 4 0 0 0 0 0 1 0 0 0 0 0 0
662 1 0 0 0 0 0 0 0 0 0 0 0 0
667 4 0 0 0 0 0 0 0 0 2 1 0 0
673 4 0 0 0 0 0 0 0 0 2 0 0 0
681 6 0 0 0 0 0 0 0 0 0 0 0 0
683 2 0 0 0 0 0 0 0 0 1 0 0 0
685 4 0 0 0 0 0 0 0 0 2 1 0 0
687 12 1 1 0 0 0 0 0 0 1 0 0 0
689 1 0 0 0 0 0 0 0 0 0 0 0 0
690 1 0 0 0 0 0 0 0 0 0 0 0 0
691 9 0 0 1 0 0 0 0 0 2 0 0 0
693 4 1 1 0 0 0 0 0 0 2 1 0 0
696 7 1 1 4 0 0 0 0 0 1 0 0 0
701 1 0 0 0 0 0 0 0 0 0 0 0 0
703 4 1 1 0 0 0 0 0 0 0 0 0 0
704 3 0 0 0 0 0 0 0 0 0 0 0 0
705 1 0 0 0 0 0 0 0 0 0 0 0 0
708 2 0 0 0 0 0 0 0 0 1 1 0 0
711 2 1 1 0 0 0 0 0 0 1 0 0 0
718 1 0 0 0 0 0 0 0 0 0 0 0 0
720 4 0 0 0 0 0 0 0 0 0 0 0 0
721 1 0 0 0 0 0 0 0 0 0 0 0 0
726 2 0 0 0 0 0 0 0 0 0 0 0 0
731 2 0 0 0 0 0 0 0 0 1 0 0 0
732 1 0 0 0 0 0 0 0 0 0 0 0 0
733 2 0 0 0 0 0 0 0 0 1 0 0 0
734 1 0 0 0 0 0 0 0 0 0 0 0 0
759 3 0 0 0 0 0 0 0 0 0 0 0 0
770 5 0 0 1 0 0 0 0 0 2 0 0 0
771 5 0 0 0 0 0 1 0 0 0 0 0 0
775 2 1 1 1 0 0 0 0 0 1 1 0 0
782 1 0 0 0 0 0 1 0 0 0 0 0 0
783 2 0 0 1 0 0 1 0 0 0 0 0 0
784 1 0 0 0 0 0 1 0 0 0 0 0 0
785 7 0 0 7 0 0 0 0 0 0 0 0 0
fn=handle_intel.constprop.0
250 108 0 0 0 0 0 72 0 0 0 0 0 0
255 24 1 1 12 0 0 0 0 0 12 0 0 0
261 12 0 0 0 0 0 12 0 0 0 0 0 0
262 12 0 0 0 0 0 12 0 0 0 0 0 0
267 48 0 0 0 0 0 12 0 0 0 0 0 0
271 24 0 0 0 0 0 0 0 0 12 11 0 0
276 24 1 1 0 0 0 0 0 0 0 0 0 0
279 60 0 0 0 0 0 12 0 0 0 0 0 0
281 24 0 0 0 0 0 0 0 0 12 0 0 0
284 60 1 1 0 0 0 12 0 0 0 0 0 0
286 24 0 0 0 0 0 0 0 0 12 12 0 0
305 96 0 0 84 0 0 0 0 0 0 0 0 0
fn=init_cpu_features.constprop.0
792 1 0 0 0 0 0 1 0 0 0 0 0 0
793 1 0 0 0 0 0 1 0 0 0 0 0 0
795 1 0 0 0 0 0 1 0 0 0 0 0 0
809 2 0 0 0 0 0 0 0 0 1 1 0 0
811 3 1 1 0 0 0 2 0 0 0 0 0 0
812 3 1 1 0 0 0 1 0 0 0 0 0 0
813 3 0 0 0 0 0 2 0 0 0 0 0 0
814 2 0 0 0 0 0 2 0 0 0 0 0 0
817 3 0 0 0 0 0 2 0 0 0 0 0 0
819 3 1 1 0 0 0 2 0 0 0 0 0 0
820 2 0 0 1 0 0 1 0 0 0 0 0 0
822 3 0 0 0 0 0 2 0 0 0 0 0 0
824 3 0 0 0 0 0 2 0 0 0 0 0 0
825 1 0 0 0 0 0 1 0 0 0 0 0 0
827 3 0 0 0 0 0 2 0 0 0 0 0 0
829 3 1 1 0 0 0 2 0 0 0 0 0 0
830 2 0 0 1 0 0 1 0 0 0 0 0 0
832 3 0 0 0 0 0 2 0 0 0 0 0 0
834 3 0 0 0 0 0 1 0 0 0 0 0 0
836 3 1 1 0 0 0 2 0 0 0 0 0 0
838 5 0 0 1 0 0 1 0 0 0 0 0 0
894 2 1 1 1 0 0 1 1 1 0 0 0 0
895 2 0 0 1 0 0 1 0 0 0 0 0 0
896 2 0 0 1 0 0 1 0 0 0 0 0 0
897 2 1 1 1 0 0 1 0 0 0 0 0 0
898 2 0 0 1 0 0 1 0 0 0 0 0 0
899 2 0 0 1 0 0 1 0 0 0 0 0 0
900 1 0 0 0 0 0 1 1 1 0 0 0 0
901 1 0 0 0 0 0 1 0 0 0 0 0 0
902 1 0 0 0 0 0 1 0 0 0 0 0 0
903 1 1 1 0 0 0 1 0 0 0 0 0 0
904 1 0 0 0 0 0 1 0 0 0 0 0 0
905 1 0 0 0 0 0 1 0 0 0 0 0 0
907 1 0 0 1 0 0 0 0 0 0 0 0 0
910 3 0 0 0 0 0 0 0 0 0 0 0 0
924 3 0 0 1 0 0 0 0 0 0 0 0 0
925 7 1 1 5 0 0 2 0 0 0 0 0 0
930 2 0 0 0 0 0 0 0 0 0 0 0 0
931 6 0 0 2 0 0 0 0 0 0 0 0 0
932 2 0 0 0 0 0 0 0 0 0 0 0 0
939 3 0 0 1 0 0 0 0 0 1 0 0 0
959 6 1 1 0 0 0 0 0 0 0 0 0 0
968 2 0 0 0 0 0 0 0 0 0 0 0 0
969 2 0 0 0 0 0 0 0 0 1 1 0 0
974 12 2 2 0 0 0 0 0 0 0 0 0 0
987 5 0 0 2 0 0 1 0 0 0 0 0 0
995 7 1 1 1 0 0 1 0 0 0 0 0 0
997 2 0 0 0 0 0 0 0 0 1 1 0 0
1000 5 0 0 1 0 0 1 0 0 0 0 0 0
1002 2 0 0 0 0 0 0 0 0 1 1 0 0
1005 5 1 1 1 0 0 1 0 0 0 0 0 0
1006 5 0 0 0 0 0 1 0 0 1 0 0 0
1010 6 0 0 1 0 0 2 0 0 0 0 0 0
1011 3 0 0 1 0 0 0 0 0 1 1 0 0
1017 7 0 0 1 0 0 3 0 0 0 0 0 0
1020 11 2 2 2 0 0 5 0 0 0 0 0 0
1021 10 1 1 2 0 0 5 0 0 0 0 0 0
1022 13 2 2 2 0 0 6 0 0 0 0 0 0
1025 10 0 0 1 0 0 5 0 0 0 0 0 0
1027 10 1 1 1 0 0 5 0 0 0 0 0 0
1040 4 0 0 3 0 0 0 0 0 0 0 0 0
1042 2 0 0 1 0 0 1 0 0 0 0 0 0
1043 2 1 1 1 0 0 1 0 0 0 0 0 0
1044 1 0 0 0 0 0 1 0 0 0 0 0 0
1045 1 0 0 0 0 0 1 0 0 0 0 0 0
1046 1 1 1 0 0 0 1 0 0 0 0 0 0
1047 1 0 0 0 0 0 1 0 0 0 0 0 0
fn=intel_check_word.constprop.0
110 648 1 1 324 6 6 0 0 0 324 6 0 0
113 324 0 0 0 0 0 0 0 0 324 41 0 0
119 216 0 0 0 0 0 96 0 0 0 0 0 0
123 48 1 1 0 0 0 0 0 0 24 0 0 0
125 12 0 0 0 0 0 0 0 0 0 0 0 0
129 120 1 1 0 0 0 0 0 0 0 0 0 0
131 144 0 0 0 0 0 0 0 0 72 2 0 0
133 60 0 0 0 0 0 0 0 0 0 0 0 0
135 120 0 0 0 0 0 0 0 0 60 0 0 0
143 120 1 1 0 0 0 0 0 0 60 2 0 0
152 12 0 0 0 0 0 0 0 0 0 0 0 0
155 138 1 1 0 0 0 0 0 0 12 5 0 0
158 99 0 0 0 0 0 0 0 0 33 1 0 0
162 58 0 0 0 0 0 0 0 0 0 0 0 0
164 189 1 1 0 0 0 0 0 0 35 6 0 0
167 120 0 0 0 0 0 0 0 0 20 3 0 0
168 72 0 0 0 0 0 0 0 0 18 4 0 0
169 60 0 0 0 0 0 0 0 0 15 3 0 0
170 48 0 0 0 0 0 0 0 0 12 4 0 0
172 11 1 1 0 0 0 0 0 0 0 0 0 0
174 22 0 0 0 0 0 0 0 0 11 4 0 0
176 12 1 1 0 0 0 0 0 0 0 0 0 0
177 16 0 0 0 0 0 0 0 0 0 0 0 0
178 12 0 0 0 0 0 0 0 0 0 0 0 0
179 20 0 0 0 0 0 0 0 0 0 0 0 0
180 14 1 1 0 0 0 0 0 0 7 3 0 0
181 12 0 0 0 0 0 0 0 0 0 0 0 0
183 8 0 0 0 0 0 0 0 0 4 0 0 0
184 12 0 0 0 0 0 0 0 0 0 0 0 0
187 21 0 0 0 0 0 0 0 0 0 0 0 0
190 2 0 0 0 0 0 0 0 0 0 0 0 0
194 192 0 0 0 0 0 0 0 0 48 6 0 0
202 168 1 1 48 0 0 0 0 0 0 0 0 0
216 48 0 0 0 0 0 0 0 0 0 0 0 0
246 144 0 0 120 0 0 0 0 0 0 0 0 0
fl=./elf/../sysdeps/x86/dl-get-cpu-features.c
fn=__x86_cpu_features
39 3 0 0 1 1 0 0 0 0 1 0 0 0
71 3 1 1 1 0 0 0 0 0 0 0 0 0
fn=_dl_x86_init_cpu_features
37 1 1 1 0 0 0 0 0 0 0 0 0 0
39 3 0 0 1 0 0 0 0 0 1 1 0 0
41 1 0 0 0 0 0 0 0 0 0 0 0 0
fl=./elf/../sysdeps/x86/dl-isa-level.h
fn=_dl_load_cache_lookup
28 24 0 0 8 0 0 8 0 0 0 0 0 0
fl=./elf/../sysdeps/x86/dl-procinfo.h
fn=_dl_load_cache_lookup
39 8 1 1 0 0 0 0 0 0 4 0 0 0
42 28 0 0 0 0 0 8 0 0 4 3 0 0
fl=./elf/../sysdeps/x86/dl-prop.h
fn=_dl_map_object_from_fd
149 20 0 0 10 0 0 0 0 0 10 9 0 0
fn=_dl_process_pt_gnu_property
95 36 1 1 0 0 0 0 0 0 9 0 0 0
102 18 0 0 0 0 0 0 0 0 9 0 0 0
115 18 0 0 0 0 0 0 0 0 9 6 0 0
118 9 0 0 9 2 2 0 0 0 0 0 0 0
252 6 1 1 0 0 0 0 0 0 3 0 0 0
253 3 0 0 0 0 0 3 0 0 0 0 0 0
254 12 0 0 0 0 0 0 0 0 6 0 0 0
255 6 0 0 0 0 0 6 0 0 0 0 0 0
257 36 0 0 9 0 0 9 0 0 0 0 0 0
258 3 0 0 3 0 0 0 0 0 0 0 0 0
260 9 0 0 3 0 0 0 0 0 0 0 0 0
fn=dl_main
36 2 0 0 2 0 0 0 0 0 0 0 0 0
37 24 1 1 0 0 0 0 0 0 8 5 0 0
40 10 0 0 10 0 0 0 0 0 0 0 0 0
49 40 1 1 13 0 0 0 0 0 14 1 0 0
53 33 0 0 7 0 0 0 0 0 6 0 0 0
71 2 0 0 1 0 0 1 0 0 0 0 0 0
149 4 0 0 2 0 0 0 0 0 2 2 0 0
235 4 1 1 4 0 0 0 0 0 0 0 0 0
236 2 0 0 2 0 0 0 0 0 0 0 0 0
fl=./elf/../sysdeps/x86/get-isa-level.h
fn=_dl_hwcaps_subdirs_active
30 4 0 0 0 0 0 0 0 0 1 1 0 0
31 1 0 0 1 0 0 0 0 0 0 0 0 0
32 3 0 0 1 0 0 0 0 0 1 0 0 0
36 3 0 0 0 0 0 0 0 0 1 0 0 0
39 4 1 1 1 0 0 0 0 0 1 0 0 0
40 4 0 0 1 0 0 0 0 0 1 0 0 0
45 4 0 0 0 0 0 0 0 0 1 0 0 0
48 2 0 0 0 0 0 0 0 0 1 0 0 0
51 5 0 0 1 0 0 0 0 0 1 0 0 0
53 4 1 1 0 0 0 0 0 0 1 0 0 0
54 2 0 0 0 0 0 0 0 0 1 0 0 0
55 2 0 0 0 0 0 0 0 0 1 0 0 0
58 4 0 0 0 0 0 0 0 0 1 1 0 0
fn=update_active.constprop.0
28 1 0 0 0 0 0 0 0 0 0 0 0 0
30 4 0 0 0 0 0 0 0 0 0 0 0 0
31 1 0 0 1 0 0 0 0 0 0 0 0 0
32 3 0 0 0 0 0 0 0 0 1 0 0 0
36 3 0 0 0 0 0 0 0 0 1 1 0 0
38 1 0 0 0 0 0 0 0 0 0 0 0 0
39 2 1 1 0 0 0 0 0 0 1 0 0 0
40 4 1 1 1 0 0 0 0 0 1 0 0 0
45 4 0 0 0 0 0 0 0 0 0 0 0 0
47 1 0 0 0 0 0 0 0 0 0 0 0 0
48 2 0 0 0 0 0 0 0 0 1 0 0 0
51 5 1 1 1 0 0 0 0 0 1 0 0 0
53 4 0 0 0 0 0 0 0 0 1 0 0 0
54 2 0 0 0 0 0 0 0 0 0 0 0 0
55 2 0 0 0 0 0 0 0 0 1 0 0 0
57 1 0 0 0 0 0 0 0 0 0 0 0 0
58 4 0 0 0 0 0 0 0 0 1 1 0 0
fl=./elf/../sysdeps/x86_64/dl-cet.c
fn=_dl_cet_check
145 2 0 0 1 0 0 0 0 0 1 0 0 0
157 2 0 0 1 0 0 0 0 0 1 1 0 0
173 1 1 1 0 0 0 0 0 0 0 0 0 0
179 1 0 0 0 0 0 1 0 0 0 0 0 0
275 2 0 0 0 0 0 0 0 0 1 0 0 0
276 1 0 0 0 0 0 1 0 0 0 0 0 0
277 2 0 0 1 0 0 0 0 0 0 0 0 0
282 4 0 0 1 0 0 1 0 0 0 0 0 0
283 3 0 0 0 0 0 1 0 0 0 0 0 0
285 2 0 0 1 0 0 1 0 0 0 0 0 0
293 5 1 1 1 0 0 0 0 0 1 0 0 0
296 1 0 0 0 0 0 1 0 0 0 0 0 0
300 2 0 0 0 0 0 0 0 0 1 0 0 0
301 1 0 0 0 0 0 1 0 0 0 0 0 0
302 2 0 0 0 0 0 0 0 0 0 0 0 0
303 2 1 1 0 0 0 0 0 0 1 0 0 0
304 2 0 0 0 0 0 1 0 0 0 0 0 0
305 2 0 0 0 0 0 0 0 0 0 0 0 0
308 1 0 0 0 0 0 1 0 0 0 0 0 0
310 1 0 0 0 0 0 1 0 0 0 0 0 0
313 2 0 0 0 0 0 0 0 0 1 0 0 0
361 8 1 1 0 0 0 4 0 0 0 0 0 0
363 6 0 0 5 0 0 0 0 0 0 0 0 0
fn=_dl_cet_setup_features
331 1 1 1 0 0 0 0 0 0 0 0 0 0
334 2 0 0 0 0 0 0 0 0 1 0 0 0
350 1 0 0 1 0 0 0 0 0 0 0 0 0
fl=./elf/../sysdeps/x86_64/dl-hwcaps-subdirs.c
fn=_dl_hwcaps_subdirs_active
29 1 1 1 0 0 0 0 0 0 0 0 0 0
38 3 0 0 0 0 0 0 0 0 0 0 0 0
43 1 0 0 0 0 0 0 0 0 0 0 0 0
48 1 0 0 0 0 0 0 0 0 0 0 0 0
52 1 0 0 1 0 0 0 0 0 0 0 0 0
fl=./elf/../sysdeps/x86_64/dl-irel.h
fn=_dl_fixup
32 3 1 1 0 0 0 3 0 0 0 0 3 3
fl=./elf/../sysdeps/x86_64/dl-machine.h
fn=_dl_fixup
234 114 0 0 0 0 0 114 0 0 0 0 0 0
fn=_dl_relocate_object
81 30 0 0 4 0 0 0 0 0 4 2 0 0
87 8 1 1 6 2 0 0 0 0 2 2 0 0
91 6 0 0 2 2 2 0 0 0 2 0 0 0
97 2 0 0 0 0 0 2 0 0 0 0 0 0
108 6 0 0 2 0 0 0 0 0 2 0 0 0
129 4 0 0 2 0 0 0 0 0 2 0 0 0
132 4 0 0 0 0 0 2 0 0 0 0 0 0
134 8 0 0 2 1 0 0 0 0 0 0 0 0
267 7142 2 2 0 0 0 0 0 0 0 0 0 0
274 7142 0 0 0 0 0 0 0 0 3571 3 0 0
278 7142 0 0 0 0 0 0 0 0 3571 4 0 0
287 28947 3 3 10869 6 1 0 0 0 7177 30 0 0
290 7161 1 1 3538 0 0 0 0 0 0 0 0 0
291 136 0 0 0 0 0 0 0 0 68 14 0 0
292 14220 0 0 0 0 0 0 0 0 3555 6 0 0
295 10 1 1 0 0 0 0 0 0 5 0 0 0
296 15 0 0 5 0 0 0 0 0 5 2 0 0
307 10 1 1 0 0 0 10 0 0 0 0 0 0
314 25 1 1 10 0 0 5 0 0 0 0 5 5
317 21426 1 1 3571 4 3 0 0 0 3571 0 3571 596
320 117 0 0 0 0 0 117 0 0 0 0 0 0
323 117 0 0 0 0 0 0 0 0 0 0 0 0
346 8 1 1 0 0 0 0 0 0 4 0 0 0
347 12 0 0 8 3 0 4 3 2 0 0 0 0
352 6 0 0 2 0 0 0 0 0 2 2 0 0
354 4 0 0 4 0 0 0 0 0 0 0 0 0
363 4 0 0 2 0 0 2 1 0 0 0 0 0
393 35 1 1 0 0 0 21 0 0 0 0 0 0
400 51 1 1 17 0 0 0 0 0 17 0 0 0
402 68 0 0 17 0 0 0 0 0 17 0 0 0
406 51 1 1 34 3 3 0 0 0 0 0 0 0
415 34 0 0 17 0 0 17 5 5 0 0 0 0
423 9869 1 1 6339 358 358 3530 1102 451 0 0 0 0
436 7 0 0 0 0 0 4 0 0 1 0 0 0
460 54 1 1 18 0 0 0 0 0 18 0 0 0
464 72 0 0 18 0 0 36 0 0 0 0 0 0
465 72 1 1 36 2 0 0 0 0 0 0 0 0
466 90 0 0 54 0 0 0 0 0 18 0 0 0
467 36 1 1 0 0 0 0 0 0 18 6 0 0
476 136 1 1 136 0 0 0 0 0 0 0 0 0
478 68 0 0 0 0 0 68 0 0 0 0 68 68
479 68 0 0 0 0 0 68 3 1 0 0 0 0
498 3294 0 0 1098 136 136 0 0 0 0 0 0 0
499 1098 0 0 0 0 0 1098 296 291 0 0 0 0
503 2196 0 0 0 0 0 0 0 0 1098 0 0 0
504 2196 0 0 1098 137 137 0 0 0 0 0 0 0
514 2224 0 0 1112 0 0 0 0 0 0 0 0 0
518 2224 0 0 0 0 0 0 0 0 1112 0 0 0
521 3336 0 0 1112 0 0 0 0 0 1112 0 0 0
522 1112 0 0 1112 139 139 0 0 0 0 0 0 0
730 14 0 0 0 0 0 0 0 0 7 3 0 0
734 8 1 1 4 2 0 0 0 0 4 0 0 0
fn=_dl_start
55 1 0 0 0 0 0 0 0 0 0 0 0 0
278 9 0 0 0 0 0 0 0 0 3 0 0 0
287 27 0 0 9 3 3 1 1 1 3 0 0 0
290 6 0 0 3 0 0 0 0 0 0 0 0 0
291 12 0 0 0 0 0 0 0 0 3 0 0 0
317 8 0 0 0 0 0 0 0 0 4 3 0 0
323 2 0 0 0 0 0 2 1 1 0 0 0 0
fn=_dl_sysdep_start
220 1 0 0 0 0 0 1 0 0 0 0 0 0
fl=./elf/../sysdeps/x86_64/dl-runtime.h
fn=_dl_fixup
28 114 0 0 0 0 0 0 0 0 0 0 0 0
fl=./elf/../sysdeps/x86_64/dl-trampoline.h
fn=_dl_runtime_resolve_xsave
71 114 2 2 0 0 0 0 0 0 0 0 0 0
76 114 0 0 0 0 0 114 0 0 0 0 0 0
79 114 0 0 0 0 0 0 0 0 0 0 0 0
81 114 0 0 0 0 0 0 0 0 0 0 0 0
91 114 0 0 114 7 1 0 0 0 0 0 0 0
97 114 0 0 0 0 0 114 7 2 0 0 0 0
98 114 0 0 0 0 0 114 0 0 0 0 0 0
99 114 2 2 0 0 0 114 0 0 0 0 0 0
100 114 0 0 0 0 0 114 0 0 0 0 0 0
101 114 0 0 0 0 0 114 0 0 0 0 0 0
102 114 0 0 0 0 0 114 0 0 0 0 0 0
103 114 0 0 0 0 0 114 0 0 0 0 0 0
107 114 0 0 0 0 0 0 0 0 0 0 0 0
108 114 0 0 0 0 0 0 0 0 0 0 0 0
111 114 0 0 0 0 0 114 6 1 0 0 0 0
112 114 0 0 0 0 0 114 0 0 0 0 0 0
114 114 0 0 0 0 0 114 0 0 0 0 0 0
115 114 0 0 0 0 0 114 0 0 0 0 0 0
116 114 2 2 0 0 0 114 0 0 0 0 0 0
117 114 0 0 0 0 0 114 0 0 0 0 0 0
118 114 0 0 0 0 0 114 0 0 0 0 0 0
119 114 0 0 0 0 0 114 0 0 0 0 0 0
121 114 0 0 114 0 0 3762 57 11 0 0 0 0
128 114 0 0 114 0 0 0 0 0 0 0 0 0
129 114 0 0 114 0 0 0 0 0 0 0 0 0
130 114 0 0 0 0 0 114 5 2 0 0 0 0
131 114 0 0 0 0 0 0 0 0 0 0 0 0
136 114 0 0 0 0 0 0 0 0 0 0 0 0
137 114 0 0 0 0 0 0 0 0 0 0 0 0
138 114 0 0 4104 0 0 0 0 0 0 0 0 0
140 114 2 2 114 0 0 0 0 0 0 0 0 0
141 114 0 0 114 0 0 0 0 0 0 0 0 0
142 114 0 0 114 0 0 0 0 0 0 0 0 0
143 114 0 0 114 0 0 0 0 0 0 0 0 0
144 114 0 0 114 0 0 0 0 0 0 0 0 0
145 114 0 0 114 0 0 0 0 0 0 0 0 0
146 114 0 0 114 0 0 0 0 0 0 0 0 0
148 114 0 0 0 0 0 0 0 0 0 0 0 0
150 114 0 0 114 0 0 0 0 0 0 0 0 0
154 114 0 0 0 0 0 0 0 0 0 0 0 0
156 114 0 0 0 0 0 0 0 0 0 0 114 114
fl=./elf/../sysdeps/x86_64/tls_get_addr.S
fn=__tls_get_addr
29 2 1 1 0 0 0 0 0 0 0 0 0 0
30 2 0 0 2 0 0 0 0 0 0 0 0 0
31 2 0 0 2 1 1 0 0 0 0 0 0 0
33 2 0 0 2 1 1 0 0 0 0 0 0 0
34 2 0 0 0 0 0 0 0 0 2 0 0 0
35 2 0 0 2 1 1 0 0 0 0 0 0 0
38 2 0 0 0 0 0 0 0 0 0 0 0 0
39 2 1 1 2 1 1 0 0 0 0 0 0 0
43 2 0 0 0 0 0 0 0 0 0 0 0 0
44 2 0 0 0 0 0 0 0 0 2 1 0 0
45 2 0 0 2 0 0 0 0 0 0 0 0 0
46 2 0 0 2 0 0 0 0 0 0 0 0 0
fl=./elf/./dl-find_object.h
fn=_dl_find_object_from_map
95 14 1 1 7 3 0 7 2 0 0 0 0 0
96 14 1 1 7 0 0 7 0 0 0 0 0 0
97 7 0 0 0 0 0 7 3 3 0 0 0 0
103 35 0 0 14 6 0 0 0 0 0 0 0 0
104 206 0 0 0 0 0 0 0 0 71 4 0 0
105 142 1 1 71 60 8 0 0 0 71 21 0 0
107 21 0 0 14 2 0 7 0 0 0 0 0 0
112 7 0 0 7 0 0 0 0 0 0 0 0 0
fl=./elf/./dl-hwcaps.h
fn=_dl_important_hwcaps
43 9 1 1 0 0 0 6 0 0 0 0 0 0
45 7 0 0 0 0 0 6 0 0 0 0 0 0
46 1 0 0 0 0 0 0 0 0 0 0 0 0
77 8 0 0 3 0 0 5 0 0 0 0 0 0
78 8 1 1 3 0 0 5 0 0 0 0 0 0
79 7 2 2 0 0 0 2 0 0 0 0 0 0
fl=./elf/./dl-load.h
fn=_dl_map_object_from_fd
91 40 0 0 20 0 0 0 0 0 20 3 0 0
92 16 1 1 8 0 0 0 0 0 4 0 0 0
93 20 1 1 4 0 0 0 0 0 4 0 0 0
94 16 0 0 4 0 0 0 0 0 0 0 0 0
96 16 0 0 0 0 0 4 0 0 0 0 0 0
fl=./elf/./dl-main.h
fn=dl_main
109 5 1 1 4 0 0 1 0 0 0 0 0 0
fl=./elf/./dl-map-segments.h
fn=_dl_map_object_from_fd
28 15 0 0 5 0 0 0 0 0 5 0 0 0
29 45 1 1 15 0 0 10 3 3 0 0 0 0
81 5 0 0 5 0 0 0 0 0 0 0 0 0
101 5 0 0 0 0 0 5 0 0 0 0 0 0
102 15 0 0 5 0 0 0 0 0 5 0 0 0
105 15 0 0 5 0 0 5 0 0 0 0 0 0
106 10 0 0 0 0 0 5 0 0 0 0 0 0
108 10 1 1 5 0 0 0 0 0 5 2 0 0
125 5 1 1 5 0 0 0 0 0 0 0 0 0
135 120 1 1 20 0 0 0 0 0 20 4 0 0
137 60 0 0 30 0 0 0 0 0 15 0 0 0
139 150 0 0 60 0 0 15 0 0 15 2 0 0
149 80 0 0 40 0 0 0 0 0 20 11 0 0
155 10 1 1 5 0 0 0 0 0 0 0 0 0
156 5 0 0 0 0 0 0 0 0 0 0 0 0
157 15 0 0 5 0 0 0 0 0 0 0 0 0
158 10 0 0 0 0 0 0 0 0 0 0 0 0
160 10 0 0 0 0 0 0 0 0 0 0 0 0
165 10 0 0 0 0 0 0 0 0 5 0 0 0
168 15 0 0 5 0 0 0 0 0 5 0 0 0
176 35 0 0 5 0 0 10 0 0 0 0 0 0
182 10 0 0 0 0 0 0 0 0 5 2 0 0
186 16 2 2 2 0 0 2 0 0 0 0 0 0
189 4 0 0 0 0 0 0 0 0 2 2 0 0
194 20 1 1 0 0 0 0 0 0 0 0 0 0
fl=./elf/./dl-sym-post.h
fn=lookup_malloc_symbol
41 8 0 0 0 0 0 0 0 0 4 0 0 0
53 12 0 0 4 0 0 0 0 0 4 0 0 0
fl=./elf/./dl-tunable-types.h
fn=__GI___tunable_set_val
84 5 0 0 0 0 0 0 0 0 0 0 0 0
fl=./elf/./elf/dl-audit.c
fn=_dl_audit_activity_map
29 7 1 1 0 0 0 5 0 0 0 0 0 0
30 1 0 0 1 0 0 0 0 0 0 0 0 0
31 3 0 0 1 0 0 0 0 0 1 1 0 0
37 6 1 1 6 0 0 0 0 0 0 0 0 0
fn=_dl_audit_activity_nsid
41 3 2 2 0 0 0 0 0 0 0 0 0 0
45 12 0 0 3 0 0 0 0 0 0 0 0 0
46 3 0 0 3 1 1 0 0 0 0 0 0 0
47 15 2 2 3 0 0 0 0 0 6 0 0 0
fn=_dl_audit_objclose
97 7 1 1 0 0 0 0 0 0 0 0 0 0
98 28 0 0 14 0 0 0 0 0 7 4 0 0
fn=_dl_audit_objopen
77 5 1 1 0 0 0 0 0 0 0 0 0 0
78 20 0 0 10 0 0 0 0 0 5 0 0 0
fn=_dl_audit_preinit
118 1 1 1 0 0 0 0 0 0 0 0 0 0
119 4 0 0 2 1 0 0 0 0 1 0 0 0
fl=./elf/./elf/dl-cache.c
fn=_dl_cache_libcmp
357 80 1 1 0 0 0 0 0 0 0 0 0 0
358 522 1 1 40 0 0 0 0 0 241 11 0 0
360 699 0 0 0 0 0 0 0 0 233 8 0 0
362 249 1 1 0 0 0 0 0 0 8 0 0 0
368 32 0 0 0 0 0 0 0 0 0 0 0 0
369 24 0 0 0 0 0 0 0 0 0 0 0 0
370 225 0 0 201 0 0 0 0 0 8 2 0 0
372 225 0 0 201 3 3 0 0 0 8 2 0 0
374 16 0 0 0 0 0 0 0 0 8 2 0 0
380 450 0 0 0 0 0 0 0 0 225 0 0 0
382 450 0 0 0 0 0 0 0 0 225 32 0 0
383 96 1 1 32 0 0 0 0 0 0 0 0 0
386 193 0 0 0 0 0 0 0 0 0 0 0 0
387 193 0 0 0 0 0 0 0 0 0 0 0 0
390 64 0 0 48 29 29 0 0 0 0 0 0 0
fn=_dl_load_cache_lookup
191 64 0 0 0 0 0 0 0 0 0 0 0 0
205 4 0 0 4 0 0 0 0 0 0 0 0 0
208 32 2 2 4 0 0 12 0 0 0 0 0 0
210 40 0 0 12 0 0 12 0 0 0 0 0 0
211 8 1 1 0 0 0 0 0 0 0 0 0 0
213 20 0 0 0 0 0 4 0 0 0 0 0 0
220 76 0 0 4 0 0 0 0 0 32 3 0 0
222 200 1 1 8 0 0 12 0 0 0 0 0 0
223 64 0 0 32 27 27 0 0 0 0 0 0 0
227 96 1 1 32 0 0 0 0 0 32 0 0 0
231 96 0 0 32 0 0 32 0 0 0 0 0 0
232 64 0 0 0 0 0 0 0 0 32 2 0 0
240 22 0 0 0 0 0 0 0 0 11 4 0 0
242 14 0 0 7 1 1 0 0 0 0 0 0 0
245 14 0 0 0 0 0 0 0 0 7 0 0 0
247 42 0 0 0 0 0 7 0 0 0 0 0 0
249 7 0 0 0 0 0 0 0 0 0 0 0 0
259 16 0 0 8 0 0 0 0 0 8 6 0 0
263 4 0 0 2 0 0 0 0 0 1 0 0 0
264 6 0 0 2 0 0 1 0 0 1 0 0 0
269 24 1 1 16 0 0 0 0 0 8 2 0 0
270 16 0 0 4 0 0 0 0 0 4 0 0 0
286 28 1 1 0 0 0 0 0 0 4 0 0 0
295 8 0 0 4 0 0 0 0 0 4 0 0 0
298 8 0 0 4 0 0 0 0 0 4 0 0 0
301 4 0 0 0 0 0 0 0 0 0 0 0 0
302 12 1 1 4 0 0 0 0 0 4 3 0 0
330 8 0 0 0 0 0 4 0 0 0 0 0 0
342 16 0 0 4 0 0 0 0 0 4 0 0 0
346 28 0 0 0 0 0 0 0 0 28 13 0 0
347 11 1 1 0 0 0 0 0 0 0 0 0 0
349 17 0 0 0 0 0 0 0 0 0 0 0 0
403 40 1 1 0 0 0 28 1 1 0 0 0 0
405 8 0 0 4 0 0 0 0 0 4 0 0 0
408 12 1 1 4 0 0 0 0 0 4 2 0 0
411 5 1 1 0 0 0 1 0 0 0 0 0 0
419 5 1 1 1 0 0 0 0 0 2 0 0 0
420 8 1 1 3 1 1 0 0 0 2 1 0 0
423 6 1 1 0 0 0 0 0 0 1 0 0 0
424 1 0 0 1 0 0 0 0 0 0 0 0 0
431 1 1 1 0 0 0 1 0 0 0 0 0 0
432 2 0 0 0 0 0 1 0 0 0 0 0 0
477 9 0 0 3 0 0 0 0 0 3 0 0 0
482 12 0 0 4 0 0 0 0 0 4 0 0 0
485 12 0 0 4 0 0 4 0 0 0 0 0 0
500 8 0 0 4 0 0 0 0 0 4 0 0 0
512 12 0 0 4 0 0 4 0 0 0 0 0 0
513 60 1 1 4 0 0 0 0 0 8 2 0 0
514 16 1 1 4 0 0 4 0 0 0 0 0 0
515 4 0 0 0 0 0 4 0 0 0 0 0 0
516 32 0 0 28 0 0 0 0 0 0 0 0 0
fn=_dl_unload_cache
525 3 1 1 0 0 0 1 0 0 0 0 0 0
526 4 0 0 1 1 0 0 0 0 1 1 0 0
528 2 0 0 1 0 0 1 0 0 0 0 0 0
529 1 0 0 0 0 0 1 0 0 0 0 0 0
533 1 0 0 0 0 0 1 0 0 0 0 0 0
535 2 1 1 2 0 0 0 0 0 0 0 0 0
fl=./elf/./elf/dl-call-libc-early-init.c
fn=_dl_call_libc_early_init
27 7 1 1 0 0 0 3 0 0 0 0 0 0
29 2 0 0 0 0 0 0 0 0 1 0 0 0
33 5 0 0 0 0 0 1 0 0 0 0 0 0
37 2 0 0 0 0 0 0 0 0 1 0 0 0
39 4 1 1 3 0 0 0 0 0 1 0 0 0
40 2 0 0 0 0 0 0 0 0 0 0 1 1
41 3 0 0 3 0 0 0 0 0 0 0 0 0
fl=./elf/./elf/dl-call_fini.c
fn=_dl_call_fini
24 56 1 1 0 0 0 28 0 0 0 0 0 0
28 14 0 0 7 0 0 0 0 0 7 2 0 0
32 7 1 1 7 0 0 0 0 0 0 0 0 0
34 7 0 0 7 7 7 0 0 0 0 0 0 0
35 14 0 0 0 0 0 0 0 0 7 2 0 0
38 10 0 0 10 5 5 0 0 0 0 0 0 0
39 15 0 0 10 1 1 0 0 0 0 0 0 0
42 44 0 0 0 0 0 0 0 0 11 1 0 0
43 6 0 0 6 5 5 6 0 0 0 0 6 6
47 7 1 1 7 7 7 0 0 0 0 0 0 0
48 14 0 0 0 0 0 0 0 0 7 3 0 0
49 15 0 0 10 4 4 0 0 0 0 0 5 5
50 37 0 0 30 0 0 0 0 0 0 0 0 0
fl=./elf/./elf/dl-catch.c
fn=_dl_catch_error
254 12 1 1 0 0 0 4 0 0 0 0 0 0
256 2 0 0 0 0 0 1 0 0 0 0 0 0
257 2 0 0 1 0 0 1 0 0 0 0 0 0
258 2 0 0 1 0 0 1 0 0 0 0 0 0
259 2 0 0 1 0 0 1 0 0 0 0 0 0
261 6 1 1 5 0 0 0 0 0 0 0 0 0
fn=_dl_catch_exception
58 42 0 0 14 1 1 0 0 0 14 6 0 0
59 28 1 1 14 0 0 14 0 0 0 0 0 0
69 28 0 0 14 0 0 0 0 0 14 0 0 0
70 70 0 0 14 0 0 28 0 0 0 0 0 0
204 112 1 1 0 0 0 70 2 2 0 0 0 0
207 28 0 0 0 0 0 0 0 0 14 0 0 0
214 14 0 0 0 0 0 0 0 0 0 0 0 0
228 14 1 1 0 0 0 14 0 0 0 0 0 0
229 28 0 0 0 0 0 14 0 0 0 0 0 0
235 84 1 1 0 0 0 14 1 1 14 0 0 0
237 42 0 0 28 0 0 14 0 0 0 0 14 2
239 56 0 0 14 0 0 28 0 0 0 0 0 0
248 42 0 0 42 0 0 0 0 0 0 0 0 0
fn=_dl_receive_error
58 2 1 1 1 0 0 0 0 0 1 0 0 0
59 1 0 0 1 0 0 0 0 0 0 0 0 0
69 2 0 0 1 0 0 0 0 0 1 0 0 0
70 2 0 0 0 0 0 2 0 0 0 0 0 0
186 7 1 1 0 0 0 3 0 0 0 0 0 0
188 1 0 0 1 0 0 0 0 0 0 0 0 0
192 1 0 0 0 0 0 1 0 0 0 0 0 0
194 1 0 0 0 0 0 1 0 0 0 0 1 1
197 1 0 0 0 0 0 1 0 0 0 0 0 0
198 4 0 0 4 0 0 0 0 0 0 0 0 0
fl=./elf/./elf/dl-debug.c
fn=_dl_debug_initialize
56 3 1 1 0 0 0 0 0 0 0 0 0 0
57 1 1 1 0 0 0 0 0 0 0 0 0 0
59 2 0 0 0 0 0 0 0 0 1 0 0 0
61 2 0 0 0 0 0 0 0 0 0 0 0 0
63 3 0 0 1 1 1 0 0 0 1 0 0 0
64 1 0 0 0 0 0 1 0 0 0 0 0 0
85 3 0 0 1 0 0 0 0 0 1 1 0 0
90 3 1 1 1 1 1 1 0 0 0 0 0 0
91 2 0 0 0 0 0 1 0 0 0 0 0 0
92 1 0 0 0 0 0 1 0 0 0 0 0 0
95 3 0 0 2 0 0 0 0 0 1 1 0 0
96 6 1 1 1 0 0 1 0 0 0 0 0 0
99 2 0 0 0 0 0 0 0 0 1 1 0 0
107 2 0 0 1 0 0 0 0 0 0 0 0 0
fn=_dl_debug_state
116 2 1 1 0 0 0 0 0 0 0 0 0 0
117 2 0 0 2 0 0 0 0 0 0 0 0 0
fn=_dl_debug_update
38 6 0 0 0 0 0 0 0 0 0 0 0 0
40 12 0 0 0 0 0 0 0 0 6 6 0 0
41 6 0 0 0 0 0 0 0 0 0 0 0 0
44 12 1 1 6 1 0 0 0 0 6 0 0 0
48 6 0 0 6 0 0 0 0 0 0 0 0 0
fl=./elf/./elf/dl-deps.c
fn=_dl_map_object_deps
128 3 0 0 0 0 0 2 1 1 0 0 0 0
129 5 1 1 0 0 0 2 0 0 0 0 0 0
130 6 0 0 0 0 0 1 0 0 0 0 0 0
132 3 0 0 0 0 0 1 0 0 0 0 0 0
136 8 1 1 2 0 0 2 0 0 0 0 0 0
143 13 1 1 0 0 0 8 2 2 0 0 0 0
144 20 2 2 1 1 1 0 0 0 2 2 0 0
160 9 1 1 0 0 0 0 0 0 2 0 0 0
161 1 0 0 1 0 0 0 0 0 0 0 0 0
164 1 1 1 0 0 0 1 0 0 0 0 0 0
182 1 0 0 1 0 0 0 0 0 0 0 0 0
183 6 0 0 4 0 0 0 0 0 0 0 0 0
184 1 0 0 0 0 0 1 0 0 0 0 0 0
188 15 0 0 7 0 0 1 0 0 0 0 0 0
190 27 1 1 0 0 0 15 0 0 0 0 0 0
193 7 0 0 0 0 0 7 0 0 0 0 0 0
197 21 1 1 7 1 0 0 0 0 7 6 0 0
198 46 1 1 20 0 0 0 0 0 20 2 0 0
201 20 0 0 5 0 0 0 0 0 5 0 0 0
205 10 0 0 5 0 0 0 0 0 0 0 0 0
208 22 0 0 11 1 1 0 0 0 11 4 0 0
210 20 1 1 15 0 0 0 0 0 5 3 0 0
215 5 1 1 0 0 0 5 1 1 0 0 0 0
216 5 0 0 0 0 0 5 0 0 0 0 0 0
217 10 0 0 5 0 0 5 0 0 0 0 0 0
218 10 0 0 5 0 0 5 0 0 0 0 0 0
219 5 0 0 0 0 0 5 0 0 0 0 0 0
221 635 0 0 170 0 0 0 0 0 155 18 0 0
222 300 0 0 0 0 0 0 0 0 150 10 0 0
228 122 1 1 26 0 0 17 0 0 13 10 0 0
230 13 0 0 0 0 0 13 0 0 0 0 0 0
232 52 1 1 0 0 0 13 0 0 0 0 0 0
233 26 0 0 13 0 0 0 0 0 13 0 0 0
242 13 0 0 13 0 0 0 0 0 0 0 0 0
244 26 1 1 13 0 0 0 0 0 13 5 0 0
249 35 1 1 5 0 0 0 0 0 5 5 0 0
252 5 0 0 0 0 0 5 0 0 0 0 0 0
253 5 0 0 0 0 0 5 0 0 0 0 0 0
254 5 0 0 0 0 0 5 0 0 0 0 0 0
255 10 0 0 5 0 0 5 0 0 0 0 0 0
256 5 0 0 0 0 0 5 0 0 0 0 0 0
257 5 0 0 5 0 0 0 0 0 0 0 0 0
259 20 0 0 5 0 0 5 0 0 0 0 0 0
263 39 0 0 13 0 0 0 0 0 13 2 0 0
264 27 0 0 0 0 0 9 0 0 0 0 0 0
266 411 1 1 0 0 0 0 0 0 137 7 0 0
417 14 1 1 0 0 0 0 0 0 7 2 0 0
419 25 0 0 0 0 0 15 0 0 0 0 0 0
422 10 0 0 0 0 0 0 0 0 0 0 0 0
423 20 1 1 10 0 0 0 0 0 5 0 0 0
429 5 0 0 0 0 0 5 0 0 0 0 0 0
430 25 0 0 0 0 0 10 0 0 0 0 0 0
431 25 0 0 0 0 0 5 0 0 0 0 0 0
434 5 0 0 0 0 0 5 0 0 0 0 0 0
435 10 0 0 10 0 0 0 0 0 0 0 0 0
439 21 1 1 7 0 0 0 0 0 7 4 0 0
441 7 0 0 7 0 0 0 0 0 0 0 0 0
442 32 0 0 6 0 0 0 0 0 13 10 0 0
448 5 1 1 1 0 0 0 0 0 1 0 0 0
449 1 0 0 0 0 0 1 0 0 0 0 0 0
452 4 0 0 1 0 0 1 0 0 1 1 0 0
463 5 1 1 1 0 0 2 0 0 0 0 0 0
465 4 0 0 2 0 0 0 0 0 1 0 0 0
470 5 1 1 2 0 0 1 0 0 0 0 0 0
471 1 0 0 0 0 0 1 0 0 0 0 0 0
472 2 0 0 0 0 0 0 0 0 0 0 0 0
474 25 0 0 7 0 0 0 0 0 8 2 0 0
478 7 1 1 7 0 0 0 0 0 0 0 0 0
483 14 0 0 0 0 0 0 0 0 7 6 0 0
485 21 0 0 0 0 0 7 1 1 0 0 0 0
490 7 0 0 7 0 0 0 0 0 0 0 0 0
494 2 1 1 0 0 0 0 0 0 0 0 0 0
495 3 0 0 1 0 0 0 0 0 1 1 0 0
532 2 1 1 0 0 0 0 0 0 1 0 0 0
533 2 0 0 0 0 0 0 0 0 1 1 0 0
547 9 1 1 2 0 0 3 0 0 0 0 0 0
552 9 1 1 1 0 0 2 0 0 0 0 0 0
553 5 1 1 2 0 0 1 0 0 0 0 0 0
557 1 0 0 0 0 0 1 0 0 0 0 0 0
559 2 0 0 1 0 0 1 0 0 0 0 0 0
560 1 0 0 1 0 0 0 0 0 0 0 0 0
561 3 0 0 1 0 0 0 0 0 1 1 0 0
568 3 1 1 1 0 0 0 0 0 1 1 0 0
571 2 0 0 0 0 0 0 0 0 1 0 0 0
574 8 0 0 7 0 0 0 0 0 0 0 0 0
fn=openaux
61 78 0 0 0 0 0 26 0 0 0 0 0 0
64 143 0 0 52 0 0 26 0 0 0 0 0 0
65 13 0 0 13 0 0 0 0 0 0 0 0 0
68 13 1 1 13 0 0 0 0 0 0 0 0 0
69 39 0 0 39 0 0 0 0 0 0 0 0 0
fl=./elf/./elf/dl-environ.c
fn=_dl_next_ld_env_entry
28 3 1 1 0 0 0 0 0 0 0 0 0 0
29 3 0 0 3 0 0 0 0 0 0 0 0 0
32 145 0 0 49 0 0 0 0 0 48 2 0 0
34 94 0 0 47 0 0 0 0 0 47 20 0 0
35 20 0 0 10 0 0 0 0 0 10 5 0 0
37 2 0 0 0 0 0 0 0 0 0 0 0 0
40 4 0 0 0 0 0 2 0 0 0 0 0 0
42 2 0 0 2 0 0 0 0 0 0 0 0 0
45 45 0 0 0 0 0 0 0 0 0 0 0 0
fl=./elf/./elf/dl-find_object.c
fn=_dl_find_object_init
561 5 1 1 0 0 0 3 0 0 0 0 0 0
564 1 0 0 1 1 0 0 0 0 0 0 0 0
566 2 0 0 1 0 0 0 0 0 1 1 0 0
567 3 1 1 0 0 0 1 0 0 0 0 0 0
579 2 1 1 0 0 0 1 0 0 0 0 0 0
580 3 0 0 1 0 0 1 0 0 0 0 0 0
582 2 0 0 0 0 0 0 0 0 1 0 0 0
585 2 0 0 0 0 0 0 0 0 1 0 0 0
590 1 1 1 0 0 0 1 0 0 0 0 0 0
591 1 0 0 0 0 0 1 0 0 0 0 0 0
594 3 0 0 1 0 0 0 0 0 1 1 0 0
596 2 1 1 0 0 0 1 0 0 0 0 0 0
599 6 1 1 3 0 0 1 0 0 0 0 0 0
601 1 0 0 0 0 0 0 0 0 0 0 0 0
604 4 0 0 4 0 0 0 0 0 0 0 0 0
fn=_dlfo_process_initial
474 8 0 0 0 0 0 4 0 0 0 0 0 0
475 2 0 0 2 0 0 0 0 0 0 0 0 0
477 2 0 0 0 0 0 0 0 0 0 0 0 0
478 4 1 1 2 0 0 0 0 0 2 0 0 0
504 24 1 1 4 1 0 0 0 0 4 1 0 0
505 34 0 0 2 0 0 0 0 0 16 4 0 0
506 14 0 0 14 0 0 0 0 0 0 0 0 0
508 52 1 1 12 1 0 0 0 0 26 3 0 0
511 48 0 0 12 1 0 0 0 0 12 4 0 0
513 36 1 1 12 1 1 0 0 0 12 3 0 0
515 12 0 0 0 0 0 6 0 0 0 0 0 0
516 12 0 0 0 0 0 0 0 0 0 0 0 0
517 24 0 0 0 0 0 0 0 0 0 0 0 0
529 2 0 0 0 0 0 2 0 0 0 0 0 0
531 8 0 0 6 0 0 0 0 0 0 0 0 0
fn=_dlfo_sort_mappings
536 1 1 1 0 0 0 0 0 0 0 0 0 0
537 2 0 0 0 0 0 0 0 0 1 0 0 0
540 24 1 1 5 0 0 0 0 0 5 2 0 0
544 10 0 0 5 0 0 0 0 0 0 0 0 0
545 70 1 1 0 0 0 0 0 0 20 9 0 0
546 75 0 0 15 0 0 0 0 0 15 10 0 0
548 5 0 0 0 0 0 0 0 0 0 0 0 0
549 5 0 0 0 0 0 0 0 0 0 0 0 0
553 20 0 0 10 0 0 0 0 0 0 0 0 0
554 25 0 0 10 0 0 10 0 0 0 0 0 0
555 10 0 0 0 0 0 10 0 0 0 0 0 0
557 1 0 0 1 0 0 0 0 0 0 0 0 0
fl=./elf/./elf/dl-fini.c
fn=_dl_fini
26 11 1 1 0 0 0 7 0 0 0 0 0 0
43 1 0 0 0 0 0 0 0 0 0 0 0 0
46 13 1 1 1 1 0 0 0 0 2 1 0 0
49 2 0 0 1 1 1 1 0 0 0 0 1 1
51 1 1 1 1 1 0 0 0 0 0 0 0 0
54 2 0 0 0 0 0 0 0 0 1 0 0 0
56 5 0 0 2 1 0 0 0 0 1 0 0 0
61 1 0 0 0 0 0 1 0 0 0 0 0 0
63 4 0 0 0 0 0 2 0 0 0 0 0 0
68 18 3 3 2 0 0 0 0 0 2 2 0 0
73 25 0 0 8 1 1 0 0 0 8 3 0 0
75 14 0 0 7 7 6 0 0 0 7 0 0 0
77 14 0 0 0 0 0 0 0 0 7 1 0 0
79 14 0 0 0 0 0 7 0 0 0 0 0 0
80 7 0 0 0 0 0 7 7 7 0 0 0 0
81 7 0 0 0 0 0 0 0 0 0 0 0 0
85 7 1 1 7 6 6 0 0 0 0 0 0 0
87 6 0 0 0 0 0 0 0 0 1 0 0 0
88 6 0 0 0 0 0 0 0 0 1 0 0 0
94 6 1 1 0 0 0 2 0 0 0 0 0 0
103 2 0 0 1 0 0 1 0 0 0 0 1 1
108 41 1 1 15 0 0 0 0 0 8 3 0 0
110 7 0 0 7 0 0 0 0 0 0 0 0 0
112 14 0 0 7 0 0 0 0 0 7 3 0 0
114 28 1 1 0 0 0 21 0 0 0 0 0 0
117 14 0 0 0 0 0 7 0 0 0 0 0 0
122 7 0 0 7 0 0 0 0 0 0 0 0 0
126 5 0 0 1 0 0 1 0 0 0 0 0 0
132 6 0 0 2 0 0 1 0 0 2 1 0 0
134 1 0 0 0 0 0 0 0 0 0 0 0 0
138 2 0 0 1 0 0 0 0 0 1 0 0 0
145 8 0 0 7 0 0 0 0 0 0 0 0 0
fl=./elf/./elf/dl-hwcaps.c
fn=_dl_important_hwcaps
52 16 1 1 0 0 0 4 0 0 4 2 0 0
54 2 0 0 0 0 0 0 0 0 0 0 0 0
55 4 0 0 2 0 0 0 0 0 0 0 0 0
56 2 0 0 0 0 0 0 0 0 0 0 0 0
57 2 0 0 0 0 0 0 0 0 0 0 0 0
77 16 2 2 0 0 0 4 0 0 4 2 0 0
80 16 0 0 4 0 0 6 1 1 0 0 0 0
84 2 0 0 0 0 0 2 0 0 0 0 0 0
86 6 0 0 2 0 0 2 0 0 0 0 0 0
87 2 0 0 0 0 0 0 0 0 0 0 0 0
88 2 0 0 0 0 0 0 0 0 0 0 0 0
100 5 0 0 0 0 0 3 1 1 0 0 0 0
102 3 1 1 1 0 0 0 0 0 1 0 0 0
105 1 0 0 0 0 0 1 0 0 0 0 0 0
108 1 0 0 0 0 0 0 0 0 0 0 0 0
112 5 1 1 0 0 0 2 0 0 1 0 0 0
125 12 0 0 0 0 0 3 0 0 3 2 0 0
127 10 0 0 4 0 0 2 1 1 0 0 0 0
128 4 0 0 2 0 0 2 0 0 0 0 0 0
129 4 0 0 0 0 0 2 0 0 0 0 0 0
130 2 0 0 0 0 0 0 0 0 0 0 0 0
133 3 1 1 1 0 0 0 0 0 1 0 0 0
142 13 0 0 7 0 0 1 0 0 2 0 0 0
143 11 0 0 0 0 0 1 0 0 1 1 0 0
145 8 1 1 1 0 0 5 0 0 0 0 0 0
151 5 1 1 2 0 0 0 0 0 0 0 0 0
155 4 1 1 2 0 0 1 0 0 0 0 0 0
156 3 0 0 1 0 0 0 0 0 1 1 0 0
157 3 0 0 0 0 0 0 0 0 1 0 0 0
161 1 0 0 1 0 0 0 0 0 0 0 0 0
162 2 0 0 1 0 0 1 0 0 0 0 0 0
163 2 0 0 0 0 0 2 0 0 0 0 0 0
172 14 2 2 0 0 0 9 2 2 0 0 0 0
174 2 0 0 0 0 0 2 1 1 0 0 0 0
175 3 0 0 0 0 0 0 0 0 0 0 0 0
185 2 1 1 0 0 0 1 0 0 0 0 0 0
186 3 0 0 0 0 0 0 0 0 0 0 0 0
189 3 0 0 1 0 0 1 1 1 0 0 0 0
193 2 0 0 1 0 0 0 0 0 0 0 0 0
194 2 0 0 0 0 0 0 0 0 1 0 0 0
201 1 0 0 0 0 0 0 0 0 0 0 0 0
202 5 0 0 2 0 0 1 0 0 0 0 0 0
208 2 0 0 1 0 0 1 0 0 0 0 0 0
209 1 0 0 0 0 0 1 0 0 0 0 0 0
213 3 1 1 2 0 0 1 0 0 0 0 0 0
216 9 0 0 7 0 0 0 0 0 0 0 0 0
fl=./elf/./elf/dl-hwcaps_split.c
fn=_dl_hwcaps_split
25 5 1 1 0 0 0 3 0 0 0 0 0 0
26 3 0 0 1 0 0 0 0 0 1 1 0 0
27 1 0 0 0 0 0 0 0 0 0 0 0 0
47 4 1 1 4 0 0 0 0 0 0 0 0 0
fn=_dl_hwcaps_split_masked
26 44 1 1 11 0 0 0 0 0 11 9 0 0
30 24 1 1 12 0 0 12 0 0 0 0 0 0
34 78 1 1 18 1 1 0 0 0 18 6 0 0
35 12 0 0 0 0 0 6 0 0 0 0 0 0
36 24 0 0 0 0 0 0 0 0 12 3 0 0
41 36 0 0 0 0 0 9 0 0 0 0 0 0
42 18 0 0 0 0 0 0 0 0 9 2 0 0
43 12 1 1 0 0 0 3 0 0 0 0 0 0
45 6 0 0 0 0 0 0 0 0 0 0 0 0
51 110 1 1 0 0 0 66 1 1 0 0 0 0
55 5 0 0 0 0 0 0 0 0 0 0 0 0
56 18 0 0 9 0 0 9 0 0 0 0 0 0
57 27 0 0 0 0 0 9 0 0 0 0 0 0
58 24 0 0 6 0 0 0 0 0 9 3 0 0
60 6 0 0 0 0 0 0 0 0 0 0 0 0
62 88 1 1 77 0 0 0 0 0 0 0 0 0
67 12 0 0 0 0 0 0 0 0 6 4 0 0
fl=./elf/./elf/dl-init.c
fn=_dl_init
29 16 1 1 8 0 0 0 0 0 8 1 0 0
35 40 1 1 8 0 0 0 0 0 8 0 0 0
37 41 1 1 1 0 0 2 0 0 8 2 0 0
81 13 1 1 0 0 0 6 0 0 0 0 0 0
82 1 0 0 1 1 0 0 0 0 0 0 0 0
83 1 0 0 1 0 0 0 0 0 0 0 0 0
86 3 0 0 1 0 0 0 0 0 1 1 0 0
89 2 0 0 0 0 0 1 0 0 0 0 0 0
94 4 1 1 0 0 0 0 0 0 1 0 0 0
119 1 0 0 1 0 0 0 0 0 0 0 0 0
120 32 0 0 0 0 0 6 0 0 8 6 0 0
121 14 0 0 14 4 0 0 0 0 0 0 0 0
127 8 0 0 7 0 0 0 0 0 0 0 0 0
fn=call_init.part.0
26 84 2 2 0 0 0 42 1 0 0 0 0 0
43 21 0 0 7 0 0 7 0 0 0 0 0 0
46 21 0 0 14 8 0 0 0 0 7 2 0 0
47 2 1 1 0 0 0 0 0 0 1 1 0 0
51 12 0 0 6 0 0 0 0 0 6 0 0 0
59 18 1 1 6 6 0 0 0 0 6 1 0 0
60 24 0 0 8 4 0 4 0 0 0 0 4 4
63 6 0 0 6 5 0 0 0 0 0 0 0 0
64 12 0 0 0 0 0 0 0 0 6 1 0 0
70 15 0 0 10 4 0 0 0 0 0 0 0 0
72 10 0 0 10 0 0 0 0 0 0 0 0 0
73 117 1 1 0 0 0 0 0 0 28 11 0 0
74 92 0 0 23 6 0 23 0 0 0 0 23 23
76 56 0 0 49 1 0 0 0 0 0 0 0 0
fl=./elf/./elf/dl-load.c
fn=_dl_dst_count
238 117 1 1 0 0 0 78 1 1 0 0 0 0
241 26 0 0 0 0 0 13 0 0 0 0 0 0
244 26 0 0 0 0 0 0 0 0 13 1 0 0
245 13 0 0 0 0 0 0 0 0 0 0 0 0
264 117 1 1 91 0 0 0 0 0 0 0 0 0
fn=_dl_init_paths
706 13 2 2 0 0 0 8 0 0 0 0 0 0
720 4 0 0 0 0 0 2 1 1 0 0 0 0
725 1 0 0 0 0 0 1 0 0 0 0 0 0
727 3 1 1 0 0 0 0 0 0 1 0 0 0
734 3 0 0 0 0 0 0 0 0 0 0 0 0
735 2 0 0 1 0 0 0 0 0 0 0 0 0
739 4 0 0 0 0 0 1 1 1 0 0 0 0
741 4 1 1 2 0 0 0 0 0 1 0 0 0
747 1 0 0 0 0 0 1 0 0 0 0 0 0
748 1 0 0 0 0 0 1 0 0 0 0 0 0
756 8 1 1 0 0 0 4 0 0 0 0 0 0
758 8 0 0 0 0 0 4 2 2 0 0 0 0
759 4 0 0 0 0 0 4 0 0 0 0 0 0
761 5 0 0 0 0 0 4 1 1 0 0 0 0
762 7 0 0 3 1 1 4 1 1 0 0 0 0
763 4 0 0 0 0 0 0 0 0 0 0 0 0
766 13 0 0 3 1 1 0 0 0 3 0 0 0
767 10 1 1 1 0 0 1 0 0 4 3 0 0
768 18 0 0 4 0 0 5 0 0 0 0 0 0
770 32 2 2 6 0 0 5 0 0 4 1 0 0
776 1 0 0 0 0 0 1 0 0 0 0 0 0
777 1 0 0 0 0 0 1 0 0 0 0 0 0
782 1 0 0 1 0 0 0 0 0 0 0 0 0
785 3 0 0 0 0 0 0 0 0 0 0 0 0
787 4 1 1 1 0 0 0 0 0 1 0 0 0
789 3 0 0 1 0 0 0 0 0 1 1 0 0
806 1 0 0 0 0 0 1 0 0 0 0 0 0
808 3 1 1 1 0 0 0 0 0 1 1 0 0
822 2 1 1 0 0 0 1 0 0 0 0 0 0
825 5 1 1 2 0 0 0 0 0 2 1 0 0
827 23 4 4 2 0 0 2 0 0 2 2 0 0
831 2 0 0 0 0 0 0 0 0 0 0 0 0
832 976 1 1 244 0 0 0 0 0 244 10 0 0
833 243 0 0 0 0 0 0 0 0 0 0 0 0
834 486 0 0 0 0 0 0 0 0 0 0 0 0
836 1 0 0 0 0 0 1 0 0 0 0 0 0
837 1 0 0 0 0 0 0 0 0 0 0 0 0
838 2 0 0 0 0 0 0 0 0 1 0 0 0
844 6 0 0 1 0 0 1 0 0 0 0 0 0
847 3 0 0 2 0 0 0 0 0 1 0 0 0
853 1 0 0 0 0 0 1 0 0 0 0 0 0
857 8 0 0 7 0 0 0 0 0 0 0 0 0
fn=_dl_map_object
682 40 3 3 12 0 0 0 0 0 12 6 0 0
696 20 1 1 0 0 0 12 0 0 0 0 0 0
1967 168 2 2 0 0 0 126 5 5 0 0 0 0
1969 5 0 0 0 0 0 5 0 0 0 0 0 0
1975 28 0 0 0 0 0 0 0 0 14 0 0 0
1976 56 0 0 14 1 1 0 0 0 14 0 0 0
1979 307 1 1 65 0 0 28 0 0 65 5 0 0
1984 420 1 1 120 0 0 0 0 0 60 0 0 0
1986 300 0 0 0 0 0 60 2 2 60 6 0 0
1990 102 0 0 51 0 0 0 0 0 51 0 0 0
1991 153 0 0 51 0 0 0 0 0 51 13 0 0
1994 140 0 0 84 0 0 0 0 0 28 3 0 0
1995 84 1 1 28 0 0 0 0 0 0 0 0 0
1996 140 0 0 0 0 0 28 0 0 28 7 0 0
2010 20 1 1 5 0 0 0 0 0 5 0 0 0
2011 15 0 0 5 0 0 5 0 0 0 0 0 0
2019 15 0 0 5 0 0 0 0 0 5 0 0 0
2034 5 0 0 0 0 0 5 1 1 0 0 0 0
2036 25 0 0 0 0 0 5 0 0 5 3 0 0
2040 16 2 2 0 0 0 8 0 0 0 0 0 0
2042 8 0 0 4 0 0 0 0 0 4 0 0 0
2049 16 0 0 4 0 0 0 0 0 8 2 0 0
2053 4 1 1 4 0 0 0 0 0 0 0 0 0
2054 4 0 0 0 0 0 4 0 0 0 0 0 0
2058 12 1 1 4 0 0 0 0 0 4 2 0 0
2059 4 0 0 0 0 0 0 0 0 0 0 0 0
2073 20 2 2 16 0 0 0 0 0 4 0 0 0
2074 28 2 2 8 0 0 0 0 0 8 2 0 0
2075 4 0 0 0 0 0 0 0 0 0 0 0 0
2084 8 1 1 0 0 0 0 0 0 4 2 0 0
2099 8 1 1 4 0 0 0 0 0 4 0 0 0
2100 64 1 1 8 0 0 16 0 0 4 2 0 0
2106 12 1 1 0 0 0 0 0 0 4 2 0 0
2107 4 0 0 0 0 0 0 0 0 0 0 0 0
2115 4 1 1 0 0 0 4 0 0 0 0 0 0
2129 8 0 0 4 0 0 0 0 0 4 0 0 0
2131 12 0 0 4 0 0 0 0 0 4 4 0 0
2135 12 1 1 0 0 0 4 0 0 0 0 0 0
2137 8 0 0 0 0 0 0 0 0 4 0 0 0
2141 8 0 0 0 0 0 0 0 0 4 0 0 0
2149 8 0 0 4 0 0 0 0 0 4 0 0 0
2172 36 1 1 0 0 0 8 0 0 0 0 0 0
2176 12 0 0 4 0 0 0 0 0 4 0 0 0
2177 4 0 0 0 0 0 4 0 0 0 0 0 0
2194 8 0 0 4 0 0 0 0 0 4 3 0 0
2200 1 0 0 0 0 0 1 0 0 0 0 0 0
2201 4 0 0 0 0 0 1 0 0 0 0 0 0
2202 2 1 1 0 0 0 0 0 0 1 0 0 0
2203 2 0 0 0 0 0 0 0 0 1 0 0 0
2207 9 1 1 0 0 0 2 0 0 0 0 0 0
2210 3 0 0 1 0 0 0 0 0 1 0 0 0
2222 20 0 0 5 0 0 0 0 0 0 0 0 0
2267 10 0 0 5 0 0 5 0 0 0 0 0 0
2268 88 1 1 19 0 0 25 0 0 0 0 0 0
2270 131 1 1 103 0 0 0 0 0 0 0 0 0
fn=_dl_map_object_from_fd
944 70 2 2 0 0 0 50 2 2 0 0 0 0
959 20 0 0 5 0 0 5 0 0 5 4 0 0
989 95 1 1 30 0 0 0 0 0 25 9 0 0
990 40 1 1 20 0 0 0 0 0 20 0 0 0
1008 10 1 1 5 0 0 0 0 0 5 3 0 0
1036 20 1 1 5 0 0 5 0 0 5 0 0 0
1046 10 0 0 5 0 0 0 0 0 5 0 0 0
1053 40 1 1 25 0 0 5 0 0 0 0 0 0
1054 10 0 0 0 0 0 0 0 0 5 0 0 0
1065 10 0 0 5 0 0 5 5 5 0 0 0 0
1066 15 0 0 5 0 0 5 0 0 0 0 0 0
1067 10 0 0 5 0 0 5 0 0 0 0 0 0
1069 15 0 0 0 0 0 0 0 0 0 0 0 0
1070 20 1 1 10 0 0 0 0 0 5 1 0 0
1071 8 0 0 0 0 0 4 0 0 0 0 0 0
1074 17 2 2 1 0 0 1 0 0 2 2 0 0
1075 6 0 0 1 0 0 1 1 1 1 1 0 0
1086 5 0 0 0 0 0 5 0 0 0 0 0 0
1088 5 0 0 0 0 0 5 0 0 0 0 0 0
1090 110 2 2 10 0 0 5 0 0 10 3 0 0
1091 5 0 0 0 0 0 0 0 0 0 0 0 0
1092 5 0 0 0 0 0 5 0 0 0 0 0 0
1093 5 0 0 0 0 0 5 0 0 0 0 0 0
1094 5 0 0 0 0 0 0 0 0 0 0 0 0
1100 210 0 0 10 0 0 0 0 0 65 0 0 0
1101 507 3 3 60 12 12 0 0 0 252 57 0 0
1107 10 1 1 5 1 1 0 0 0 5 0 0 0
1114 13 0 0 8 0 0 5 0 0 0 0 0 0
1115 15 0 0 5 0 0 5 0 0 0 0 0 0
1116 50 1 1 10 0 0 5 0 0 0 0 0 0
1121 2 0 0 1 0 0 1 0 0 0 0 0 0
1122 1 0 0 0 0 0 0 0 0 0 0 0 0
1127 155 0 0 65 0 0 5 0 0 20 0 0 0
1135 100 1 1 20 0 0 0 0 0 0 0 0 0
1136 130 1 1 0 0 0 20 3 3 0 0 0 0
1137 100 1 1 20 2 2 20 0 0 0 0 0 0
1138 20 0 0 0 0 0 20 0 0 0 0 0 0
1139 40 0 0 20 2 2 20 6 6 0 0 0 0
1141 140 0 0 20 2 2 0 0 0 0 0 0 0
1143 40 0 0 0 0 0 20 0 0 0 0 0 0
1156 40 0 0 0 0 0 0 0 0 20 5 0 0
1157 75 0 0 30 0 0 15 0 0 0 0 0 0
1162 20 0 0 0 0 0 0 0 0 0 0 0 0
1163 205 0 0 40 0 0 40 0 0 0 0 0 0
1176 9 1 1 3 1 1 0 0 0 3 0 0 0
1180 12 0 0 0 0 0 3 3 3 0 0 0 0
1181 3 0 0 3 0 0 0 0 0 0 0 0 0
1185 15 0 0 0 0 0 3 3 3 0 0 0 0
1186 6 1 1 3 0 0 3 0 0 0 0 0 0
1189 3 0 0 0 0 0 3 0 0 0 0 0 0
1194 12 0 0 3 0 0 0 0 0 3 2 0 0
1209 10 1 1 5 0 0 5 0 0 0 0 0 0
1210 5 0 0 0 0 0 0 0 0 0 0 0 0
1213 15 0 0 10 1 1 5 2 2 0 0 0 0
1218 35 1 1 25 0 0 0 0 0 5 0 0 0
1228 95 1 1 0 0 0 0 0 0 20 9 0 0
1229 40 0 0 0 0 0 20 0 0 0 0 0 0
1235 10 0 0 0 0 0 0 0 0 5 0 0 0
1245 20 0 0 10 0 0 0 0 0 10 0 0 0
1252 35 1 1 15 0 0 5 0 0 0 0 0 0
1264 5 1 1 0 0 0 0 0 0 0 0 0 0
1268 20 1 1 10 0 0 0 0 0 5 0 0 0
1269 15 0 0 5 0 0 5 0 0 0 0 0 0
1275 14 1 1 2 0 0 0 0 0 0 0 0 0
1276 10 1 1 0 0 0 0 0 0 5 5 0 0
1278 10 0 0 0 0 0 0 0 0 5 5 0 0
1288 15 0 0 5 0 0 0 0 0 5 0 0 0
1307 15 0 0 5 0 0 5 0 0 0 0 0 0
1309 30 1 1 10 0 0 0 0 0 5 0 0 0
1361 15 0 0 5 2 2 0 0 0 5 2 0 0
1362 6 0 0 3 0 0 3 0 0 0 0 0 0
1368 170 1 1 15 0 0 0 0 0 65 5 0 0
1369 280 1 1 60 50 50 0 0 0 110 37 0 0
1375 80 0 0 0 0 0 5 0 0 0 0 0 0
1380 20 1 1 5 0 0 5 0 0 5 0 0 0
1393 10 1 1 5 0 0 0 0 0 5 0 0 0
1395 20 0 0 10 0 0 5 0 0 0 0 0 0
1397 10 0 0 5 0 0 0 0 0 5 0 0 0
1413 10 0 0 0 0 0 5 0 0 0 0 0 0
1417 10 0 0 5 0 0 0 0 0 5 0 0 0
1418 10 1 1 5 0 0 0 0 0 5 5 0 0
1435 10 0 0 5 0 0 0 0 0 5 2 0 0
1436 1 0 0 0 0 0 1 0 0 0 0 0 0
1439 10 0 0 5 0 0 5 0 0 0 0 0 0
1444 10 0 0 5 0 0 0 0 0 5 0 0 0
1449 10 0 0 5 0 0 0 0 0 5 0 0 0
1461 40 1 1 15 0 0 0 0 0 5 2 0 0
1462 15 1 1 5 0 0 0 0 0 5 1 0 0
1463 36 0 0 12 0 0 4 0 0 8 4 0 0
1464 12 0 0 4 0 0 0 0 0 0 0 0 0
1465 5 0 0 1 0 0 1 0 0 0 0 0 0
1471 10 0 0 5 0 0 0 0 0 5 2 0 0
1472 12 0 0 3 0 0 0 0 0 3 1 0 0
1477 6 0 0 0 0 0 3 0 0 0 0 0 0
1484 15 1 1 5 0 0 5 0 0 0 0 0 0
1487 10 0 0 5 0 0 0 0 0 5 0 0 0
1491 15 0 0 5 0 0 5 0 0 0 0 0 0
1492 15 0 0 5 0 0 0 0 0 5 4 0 0
1510 10 1 1 0 0 0 0 0 0 5 3 0 0
1514 35 1 1 15 0 0 0 0 0 5 0 0 0
1515 20 1 1 5 0 0 5 0 0 0 0 0 0
1519 45 1 1 35 0 0 0 0 0 0 0 0 0
fn=_dl_process_pt_gnu_property
868 18 1 1 0 0 0 0 0 0 0 0 0 0
869 12 0 0 12 0 0 0 0 0 0 0 0 0
870 6 0 0 6 0 0 0 0 0 0 0 0 0
876 12 0 0 6 0 0 0 0 0 6 0 0 0
882 30 0 0 0 0 0 0 0 0 6 0 0 0
885 18 1 1 6 5 5 0 0 0 6 0 0 0
886 12 0 0 6 0 0 0 0 0 6 2 0 0
887 12 0 0 6 0 0 0 0 0 6 0 0 0
890 18 0 0 6 0 0 0 0 0 6 0 0 0
891 18 1 1 0 0 0 0 0 0 6 0 0 0
895 6 0 0 0 0 0 0 0 0 0 0 0 0
896 12 0 0 0 0 0 0 0 0 0 0 0 0
900 18 1 1 9 1 1 0 0 0 0 0 0 0
901 9 0 0 9 0 0 0 0 0 0 0 0 0
904 18 0 0 0 0 0 0 0 0 9 0 0 0
907 9 0 0 0 0 0 0 0 0 0 0 0 0
908 36 0 0 0 0 0 0 0 0 9 0 0 0
918 18 0 0 0 0 0 0 0 0 0 0 0 0
920 24 0 0 0 0 0 0 0 0 6 5 0 0
fn=expand_dynamic_string_token
241 30 0 0 0 0 0 10 0 0 0 0 0 0
244 20 0 0 0 0 0 0 0 0 10 1 0 0
385 100 1 1 0 0 0 60 2 2 0 0 0 0
399 20 0 0 0 0 0 0 0 0 0 0 0 0
410 70 1 1 60 0 0 0 0 0 0 0 0 0
fn=fillin_rpath.isra.0
468 17 2 2 0 0 0 12 2 2 0 0 0 0
472 1 0 0 0 0 0 0 0 0 0 0 0 0
474 66 1 1 22 0 0 11 0 0 11 1 0 0
477 1 0 0 0 0 0 1 0 0 0 0 0 0
478 1 0 0 0 0 0 0 0 0 0 0 0 0
481 20 0 0 10 0 0 0 0 0 10 1 0 0
483 54 0 0 9 0 0 18 0 0 0 0 0 0
487 18 0 0 0 0 0 0 0 0 9 0 0 0
492 27 0 0 0 0 0 9 0 0 0 0 0 0
493 18 0 0 0 0 0 0 0 0 9 3 0 0
500 45 1 1 9 0 0 0 0 0 18 6 0 0
505 18 1 1 0 0 0 9 0 0 0 0 0 0
509 105 0 0 35 0 0 0 0 0 35 8 0 0
510 98 1 1 37 0 0 6 0 0 37 19 0 0
517 27 0 0 0 0 0 0 0 0 9 4 0 0
518 18 0 0 9 0 0 0 0 0 9 3 0 0
521 12 0 0 0 0 0 0 0 0 6 0 0 0
528 16 1 1 4 0 0 4 0 0 4 1 0 0
532 16 0 0 8 0 0 0 0 0 0 0 0 0
534 8 1 1 0 0 0 0 0 0 4 0 0 0
538 4 0 0 0 0 0 4 0 0 0 0 0 0
539 8 0 0 4 0 0 0 0 0 0 0 0 0
540 16 0 0 0 0 0 8 0 0 0 0 0 0
541 4 0 0 0 0 0 4 0 0 0 0 0 0
543 8 0 0 4 0 0 0 0 0 4 2 0 0
544 2 0 0 0 0 0 2 0 0 0 0 0 0
549 16 0 0 4 0 0 0 0 0 0 0 0 0
550 56 1 1 4 0 0 0 0 0 16 4 0 0
551 16 1 1 0 0 0 12 0 0 0 0 0 0
553 8 0 0 4 0 0 4 0 0 0 0 0 0
554 12 1 1 4 0 0 0 0 0 4 4 0 0
555 4 0 0 0 0 0 4 0 0 0 0 0 0
561 8 0 0 4 0 0 4 0 0 0 0 0 0
562 4 0 0 0 0 0 4 0 0 0 0 0 0
565 12 0 0 0 0 0 4 1 1 0 0 0 0
571 1 0 0 0 0 0 1 0 0 0 0 0 0
574 8 0 0 7 0 0 0 0 0 0 0 0 0
fn=open_path
1812 44 2 2 0 0 0 36 1 1 0 0 0 0
1813 8 0 0 4 0 0 4 1 1 0 0 0 0
1816 4 0 0 0 0 0 4 0 0 0 0 0 0
1817 4 0 0 0 0 0 4 0 0 0 0 0 0
1819 8 0 0 0 0 0 0 0 0 4 0 0 0
1822 8 0 0 0 0 0 0 0 0 0 0 0 0
1824 88 2 2 12 1 1 8 0 0 8 4 0 0
1827 32 0 0 32 0 0 0 0 0 0 0 0 0
1831 16 0 0 0 0 0 0 0 0 0 0 0 0
1835 96 0 0 16 0 0 16 0 0 16 0 0 0
1842 96 1 1 48 0 0 32 1 1 0 0 0 0
1843 352 1 1 96 0 0 32 0 0 80 16 0 0
1846 96 0 0 48 0 0 0 0 0 48 15 0 0
1851 297 1 1 162 0 0 54 0 0 0 0 0 0
1854 54 0 0 0 0 0 0 0 0 0 0 0 0
1860 81 0 0 27 0 0 0 0 0 27 0 0 0
1863 216 1 1 81 0 0 27 0 0 0 0 0 0
1865 81 0 0 27 0 0 0 0 0 27 6 0 0
1867 18 0 0 0 0 0 0 0 0 9 2 0 0
1872 18 1 1 0 0 0 0 0 0 9 0 0 0
1873 63 0 0 27 0 0 0 0 0 9 2 0 0
1879 27 1 1 9 0 0 9 0 0 0 0 0 0
1881 62 0 0 9 0 0 13 0 0 9 2 0 0
1882 4 0 0 2 1 1 0 0 0 0 0 0 0
1884 9 0 0 0 0 0 0 0 0 0 0 0 0
1891 111 3 3 24 0 0 19 0 0 0 0 0 0
1893 61 0 0 16 0 0 0 0 0 18 1 0 0
1937 104 1 1 24 0 0 12 2 2 40 3 0 0
1941 16 0 0 16 0 0 0 0 0 0 0 0 0
1943 64 0 0 48 0 0 0 0 0 16 9 0 0
1946 12 0 0 8 0 0 0 0 0 4 0 0 0
1960 36 1 1 28 0 0 0 0 0 0 0 0 0
fn=open_verify.constprop.0
1572 384 1 1 0 0 0 256 1 1 0 0 0 0
1604 96 0 0 32 0 0 0 0 0 32 0 0 0
1609 54 1 1 0 0 0 0 0 0 0 0 0 0
1623 160 0 0 0 0 0 32 0 0 0 0 0 0
1625 64 1 1 0 0 0 0 0 0 32 2 0 0
1633 5 0 0 0 0 0 5 0 0 0 0 0 0
1634 15 0 0 0 0 0 5 1 1 0 0 0 0
1639 30 0 0 0 0 0 5 0 0 0 0 0 0
1641 10 1 1 0 0 0 0 0 0 5 1 0 0
1643 10 0 0 5 0 0 5 0 0 0 0 0 0
1645 10 0 0 0 0 0 0 0 0 5 0 0 0
1651 10 0 0 0 0 0 0 0 0 5 0 0 0
1668 74 4 4 23 0 0 0 0 0 23 10 0 0
1749 10 0 0 5 0 0 0 0 0 5 2 0 0
1754 10 1 1 5 0 0 0 0 0 5 0 0 0
1760 20 0 0 5 0 0 0 0 0 5 2 0 0
1766 10 0 0 5 2 2 0 0 0 5 0 0 0
1772 20 0 0 5 0 0 0 0 0 0 0 0 0
1773 20 1 1 5 0 0 0 0 0 5 1 0 0
1777 16 3 3 1 0 0 0 0 0 2 2 0 0
1778 5 0 0 0 0 0 1 0 0 1 1 0 0
1799 288 0 0 224 0 0 0 0 0 0 0 0 0
fl=./elf/./elf/dl-lookup-direct.c
fn=_dl_lookup_direct
32 15 0 0 9 0 0 0 0 0 3 3 0 0
33 9 1 1 0 0 0 0 0 0 0 0 0 0
35 6 0 0 3 2 1 0 0 0 0 0 0 0
36 6 0 0 3 0 0 0 0 0 3 0 0 0
48 9 0 0 3 0 0 3 0 0 3 0 0 0
51 6 0 0 6 0 0 0 0 0 0 0 0 0
53 21 1 1 6 0 0 6 0 0 3 0 0 0
57 9 0 0 9 1 0 0 0 0 0 0 0 0
58 21 0 0 9 1 0 0 0 0 3 0 0 0
59 15 0 0 6 0 0 3 0 0 3 0 0 0
74 39 2 2 0 0 0 27 0 0 0 0 0 0
76 6 0 0 3 0 0 0 0 0 3 1 0 0
78 21 0 0 9 2 0 0 0 0 0 0 0 0
79 6 0 0 0 0 0 0 0 0 3 1 0 0
81 12 1 1 3 0 0 3 0 0 0 0 0 0
84 25 0 0 5 1 0 0 0 0 5 2 0 0
86 12 0 0 3 0 0 0 0 0 0 0 0 0
93 6 2 2 0 0 0 0 0 0 2 2 0 0
115 3 0 0 0 0 0 0 0 0 0 0 0 0
116 27 0 0 21 0 0 0 0 0 0 0 0 0
fl=./elf/./elf/dl-lookup.c
fn=_dl_lookup_symbol_x
772 26377 4 4 0 0 0 18261 29 3 0 0 0 0
774 4058 0 0 0 0 0 2029 0 0 0 0 0 0
775 8116 0 0 0 0 0 2029 0 0 0 0 0 0
778 2029 0 0 2029 8 1 0 0 0 0 0 0 0
782 8078 0 0 2010 0 0 0 0 0 4039 29 0 0
785 4058 2 2 2029 0 0 0 0 0 2029 0 0 0
787 4058 0 0 4058 11 1 0 0 0 0 0 0 0
791 28486 0 0 16 0 0 6087 0 0 2045 6 0 0
792 34493 4 4 14203 0 0 14203 11 1 2029 6 0 0
797 10145 0 0 4058 0 0 0 0 0 2029 2 0 0
799 96 1 1 16 0 0 0 0 0 32 2 0 0
816 2029 0 0 0 0 0 2029 0 0 0 0 0 0
817 48 1 1 0 0 0 0 0 0 0 0 0 0
820 4058 0 0 2029 0 0 0 0 0 0 0 0 0
821 14075 0 0 2009 0 0 0 0 0 4022 715 0 0
828 2077 1 1 2013 0 0 0 0 0 0 0 0 0
856 8052 2 2 2013 0 0 0 0 0 2013 5 0 0
870 6039 0 0 2013 23 1 0 0 0 2013 9 0 0
871 2 1 1 0 0 0 1 0 0 0 0 0 0
873 4026 0 0 2013 0 0 0 0 0 2013 0 0 0
890 8052 0 0 2013 0 0 0 0 0 0 0 0 0
892 18261 2 2 14203 0 0 0 0 0 0 0 0 0
fn=check_match
70 30330 2 2 4044 197 104 12132 26 6 0 0 0 0
73 16176 2 2 4044 255 191 0 0 0 2027 7 0 0
78 20 0 0 0 0 0 0 0 0 0 0 0 0
86 10085 0 0 0 0 0 0 0 0 2017 0 0 0
89 5324 0 0 430 0 0 215 0 0 2232 97 0 0
93 2017 2 2 2017 17 1 0 0 0 0 0 0 0
94 4034 0 0 0 0 0 0 0 0 2017 6 0 0
96 4028 0 0 0 0 0 0 0 0 2014 2 0 0
115 4028 0 0 4028 157 30 0 0 0 0 0 0 0
116 16112 2 2 6042 46 2 0 0 0 2014 26 0 0
117 10040 4 4 4016 12 0 2008 0 0 2008 12 0 0
118 12 0 0 6 0 0 0 0 0 0 0 0 0
119 12 0 0 0 0 0 0 0 0 6 4 0 0
144 6 0 0 0 0 0 0 0 0 3 0 0 0
146 18 0 0 6 3 1 0 0 0 3 2 0 0
147 12 0 0 0 0 0 0 0 0 0 0 0 0
150 2 0 0 0 0 0 0 0 0 1 0 0 0
151 7 0 0 3 0 0 1 0 0 1 0 0 0
153 3 0 0 1 0 0 1 0 0 0 0 0 0
161 2012 0 0 0 0 0 0 0 0 0 0 0 0
162 16176 0 0 14154 0 0 0 0 0 0 0 0 0
fn=do_lookup_x
170 300 1 1 2 0 0 0 0 0 0 0 0 0
171 307 1 1 76 0 0 2 0 0 0 0 0 0
172 958 1 1 257 46 45 0 0 0 257 75 0 0
174 105 0 0 0 0 0 0 0 0 0 0 0 0
175 315 0 0 0 0 0 0 0 0 105 39 0 0
176 554 3 3 2 0 0 0 0 0 0 0 0 0
179 152 0 0 0 0 0 152 0 0 0 0 0 0
180 152 0 0 0 0 0 152 0 0 0 0 0 0
181 85 0 0 3 0 0 82 11 8 0 0 0 0
182 155 0 0 3 0 0 152 27 27 0 0 0 0
183 70 0 0 0 0 0 0 0 0 0 0 0 0
222 492 1 1 164 0 0 328 0 0 0 0 0 0
224 738 0 0 82 3 0 246 0 0 0 0 82 1
226 164 0 0 82 3 1 0 0 0 0 0 0 0
227 82 0 0 82 0 0 0 0 0 0 0 0 0
228 328 0 0 164 0 0 0 0 0 82 1 0 0
230 2694 1 1 127 0 0 405 0 0 0 0 0 0
231 486 1 1 0 0 0 0 0 0 0 0 0 0
234 338 0 0 169 0 0 0 0 0 169 22 0 0
235 169 1 1 169 67 26 0 0 0 0 0 0 0
254 338 0 0 0 0 0 0 0 0 169 89 0 0
257 88 0 0 0 0 0 0 0 0 0 0 0 0
258 264 0 0 0 0 0 0 0 0 88 42 0 0
259 322 1 1 0 0 0 0 0 0 0 0 0 0
262 1377 2 2 648 0 0 0 0 0 81 16 0 0
269 12 1 1 0 0 0 8 0 0 0 0 0 0
272 4 0 0 0 0 0 0 0 0 2 0 0 0
279 298 1 1 6 0 0 2 0 0 94 2 0 0
280 276 0 0 92 5 2 0 0 0 92 28 0 0
281 350 1 1 210 3 0 0 0 0 0 0 0 0
285 20 1 1 6 0 0 6 0 0 0 0 2 1
286 2 0 0 0 0 0 2 0 0 0 0 0 0
287 2 0 0 0 0 0 0 0 0 0 0 0 0
288 4 1 1 2 0 0 2 0 0 0 0 0 0
289 8 0 0 6 0 0 2 0 0 0 0 0 0
300 3 0 0 2 0 0 0 0 0 0 0 0 0
302 2 1 1 0 0 0 0 0 0 1 0 0 0
305 1 0 0 0 0 0 1 0 0 0 0 0 0
306 1 0 0 0 0 0 1 0 0 0 0 0 0
307 2 0 0 1 0 0 1 0 0 0 0 0 0
310 184 0 0 0 0 0 0 0 0 82 16 0 0
311 492 0 0 164 0 0 0 0 0 0 0 0 0
318 316 0 0 79 0 0 0 0 0 79 9 0 0
329 574 1 1 246 0 0 82 0 0 0 0 0 0
331 164 0 0 164 0 0 82 0 0 0 0 82 1
333 246 0 0 164 0 0 82 0 0 0 0 0 0
334 164 0 0 0 0 0 82 0 0 0 0 0 0
347 28406 4 4 4058 0 0 20290 24 6 0 0 0 0
348 2029 0 0 2029 8 1 0 0 0 0 0 0 0
353 2029 0 0 0 0 0 0 0 0 0 0 0 0
354 2029 0 0 2029 0 0 0 0 0 0 0 0 0
358 13180 2 2 13180 45 1 0 0 0 0 0 0 0
361 13180 0 0 0 0 0 0 0 0 6590 0 0 0
365 17346 0 0 2083 0 0 0 0 0 6644 402 0 0
386 13144 2 2 6572 39 0 0 0 0 6572 22 0 0
390 13144 0 0 6572 7 0 0 0 0 6572 17 0 0
396 19716 0 0 6572 42 5 0 0 0 6572 0 0 0
400 6572 0 0 0 0 0 6572 0 0 0 0 0 0
401 6572 0 0 0 0 0 6572 0 0 0 0 0 0
404 32860 0 0 19716 91 12 0 0 0 6572 6 0 0
405 19716 2 2 13144 7 0 0 0 0 0 0 0 0
408 6572 0 0 6572 0 0 0 0 0 0 0 0 0
409 13144 0 0 0 0 0 0 0 0 6572 0 0 0
411 6572 0 0 6572 767 158 0 0 0 0 0 0 0
412 6087 0 0 0 0 0 2029 0 0 0 0 0 0
413 13144 0 0 13144 0 0 0 0 0 0 0 0 0
415 14203 2 2 2029 0 0 4058 0 0 0 0 0 0
416 26288 0 0 13144 0 0 0 0 0 0 0 0 0
419 46004 0 0 6572 0 0 0 0 0 6572 2308 0 0
422 4274 0 0 4274 1002 206 0 0 0 0 0 0 0
423 6411 2 2 2137 0 0 0 0 0 0 0 0 0
424 4274 0 0 0 0 0 0 0 0 2137 17 0 0
426 4240 0 0 2120 0 0 0 0 0 0 0 0 0
429 26420 2 2 5284 1646 496 0 0 0 5284 2300 0 0
431 6066 0 0 2022 0 0 0 0 0 0 0 0 0
432 51628 4 4 14252 0 0 26972 29 6 0 0 0 0
433 4044 0 0 0 0 0 0 0 0 0 0 0 0
436 6066 0 0 0 0 0 0 0 0 2022 14 0 0
439 9836 0 0 10 0 0 0 0 0 3272 107 0 0
461 16096 2 2 12072 0 0 0 0 0 0 0 0 0
470 865 4 4 757 0 0 0 0 0 108 4 0 0
472 2 0 0 0 0 0 0 0 0 1 1 0 0
476 4026 2 2 0 0 0 0 0 0 2013 0 0 0
483 10788 0 0 2013 0 0 0 0 0 3381 434 0 0
487 3864 3 3 1288 4 0 0 0 0 1288 6 0 0
491 1 1 1 0 0 0 1 0 0 0 0 0 0
499 3862 0 0 1931 0 0 1931 0 0 0 0 0 0
500 1931 0 0 0 0 0 1931 0 0 0 0 0 0
501 2013 0 0 0 0 0 0 0 0 0 0 0 0
518 13731 0 0 0 0 0 0 0 0 4577 16 0 0
521 16 0 0 0 0 0 0 0 0 0 0 0 0
522 16232 1 1 14203 0 0 0 0 0 0 0 0 0
fl=./elf/./elf/dl-minimal-malloc.c
fn=__minimal_calloc
80 85 1 1 0 0 0 0 0 0 0 0 0 0
84 17 0 0 0 0 0 0 0 0 0 0 0 0
87 17 0 0 0 0 0 0 0 0 0 0 0 0
88 51 0 0 0 0 0 0 0 0 17 10 0 0
fn=__minimal_free
97 24 1 1 0 0 0 6 0 0 0 0 0 0
99 42 0 0 18 0 0 0 0 0 12 3 0 0
103 30 0 0 6 0 0 6 0 0 0 0 0 0
104 6 0 0 0 0 0 6 0 0 0 0 0 0
106 12 0 0 12 0 0 0 0 0 0 0 0 0
fn=__minimal_malloc
36 424 2 2 0 0 0 212 0 0 0 0 0 0
37 159 0 0 53 4 1 0 0 0 53 1 0 0
42 3 1 1 0 0 0 1 0 0 0 0 0 0
43 2 1 1 1 0 0 0 0 0 0 0 0 0
44 2 0 0 0 0 0 0 0 0 0 0 0 0
48 211 0 0 52 0 0 53 0 0 0 0 0 0
51 359 0 0 0 0 0 0 0 0 103 6 0 0
56 12 0 0 3 0 0 0 0 0 0 0 0 0
57 12 0 0 0 0 0 0 0 0 3 0 0 0
59 3 1 1 0 0 0 0 0 0 0 0 0 0
60 24 0 0 0 0 0 3 0 0 0 0 0 0
62 6 0 0 0 0 0 0 0 0 3 0 0 0
64 12 0 0 0 0 0 3 0 0 0 0 0 0
65 9 0 0 3 0 0 0 0 0 3 1 0 0
67 8 0 0 0 0 0 3 0 0 0 0 0 0
70 54 1 1 1 0 0 53 0 0 0 0 0 0
71 57 0 0 0 0 0 53 0 0 0 0 0 0
73 318 0 0 265 0 0 0 0 0 0 0 0 0
fl=./elf/./elf/dl-minimal.c
fn=__rtld_malloc_init_real
76 10 1 1 0 0 0 6 0 0 0 0 0 0
86 2 1 1 0 0 0 1 0 0 0 0 0 0
87 1 0 0 0 0 0 1 0 0 0 0 0 0
89 1 0 0 0 0 0 1 0 0 0 0 0 0
91 6 1 1 0 0 0 1 0 0 0 0 0 0
92 5 0 0 0 0 0 1 0 0 0 0 0 0
93 5 0 0 0 0 0 1 0 0 0 0 0 0
94 4 1 1 0 0 0 1 0 0 0 0 0 0
99 1 0 0 0 0 0 1 0 0 0 0 0 0
100 1 0 0 0 0 0 1 0 0 0 0 0 0
101 1 0 0 0 0 0 1 0 0 0 0 0 0
102 1 0 0 0 0 0 1 0 0 0 0 0 0
103 8 0 0 7 0 0 0 0 0 0 0 0 0
fn=__rtld_malloc_init_stubs
42 1 1 1 0 0 0 0 0 0 0 0 0 0
43 2 1 1 0 0 0 1 1 1 0 0 0 0
44 2 0 0 0 0 0 1 0 0 0 0 0 0
45 2 0 0 0 0 0 1 0 0 0 0 0 0
46 2 0 0 0 0 0 1 0 0 0 0 0 0
47 1 0 0 1 0 0 0 0 0 0 0 0 0
fn=lookup_malloc_symbol
61 36 1 1 0 0 0 16 0 0 0 0 0 0
63 4 0 0 0 0 0 4 0 0 0 0 0 0
64 28 0 0 4 0 0 12 0 0 0 0 0 0
68 28 1 1 16 0 0 0 0 0 4 0 0 0
69 28 0 0 12 0 0 0 0 0 4 0 0 0
71 4 0 0 0 0 0 4 0 0 0 0 0 0
72 24 0 0 20 0 0 0 0 0 0 0 0 0
fn=strsep
239 11 1 1 0 0 0 0 0 0 0 0 0 0
242 22 0 0 11 1 1 0 0 0 11 0 0 0
244 11 0 0 11 0 0 0 0 0 0 0 0 0
245 22 0 0 0 0 0 0 0 0 11 1 0 0
247 20 0 0 0 0 0 0 0 0 0 0 0 0
249 734 1 1 244 0 0 0 0 0 244 5 0 0
251 486 0 0 0 0 0 0 0 0 0 0 0 0
254 954 0 0 477 0 0 0 0 0 477 21 0 0
256 1404 0 0 468 0 0 0 0 0 468 4 0 0
260 18 0 0 0 0 0 9 0 0 0 0 0 0
264 234 0 0 0 0 0 0 0 0 0 0 0 0
267 10 0 0 0 0 0 10 0 0 0 0 0 0
271 22 0 0 11 0 0 0 0 0 0 0 0 0
fl=./elf/./elf/dl-misc.c
fn=_dl_higher_prime_number
87 2 0 0 0 0 0 0 0 0 0 0 0 0
124 2 0 0 0 0 0 0 0 0 0 0 0 0
125 2 0 0 0 0 0 0 0 0 0 0 0 0
127 26 1 1 0 0 0 0 0 0 12 10 0 0
129 80 0 0 0 0 0 0 0 0 0 0 0 0
130 30 0 0 10 4 2 0 0 0 10 3 0 0
131 6 0 0 0 0 0 0 0 0 0 0 0 0
133 7 0 0 0 0 0 0 0 0 0 0 0 0
145 2 0 0 2 0 0 0 0 0 0 0 0 0
146 2 0 0 2 0 0 0 0 0 0 0 0 0
fn=_dl_name_match_p
68 931 1 1 0 0 0 399 0 0 0 0 0 0
69 532 0 0 133 0 0 133 1 1 133 0 0 0
70 22 0 0 0 0 0 0 0 0 0 0 0 0
72 133 0 0 133 0 0 0 0 0 0 0 0 0
74 524 0 0 0 0 0 0 0 0 262 41 0 0
75 755 1 1 151 0 0 151 0 0 151 26 0 0
80 129 0 0 129 0 0 0 0 0 0 0 0 0
82 111 0 0 0 0 0 0 0 0 0 0 0 0
83 532 0 0 532 0 0 0 0 0 0 0 0 0
fn=_dl_sysdep_read_whole_file
36 11 1 1 0 0 0 5 0 0 0 0 0 0
39 3 0 0 0 0 0 1 0 0 0 0 0 0
40 2 1 1 0 0 0 0 0 0 1 1 0 0
42 6 0 0 0 0 0 1 0 0 1 0 0 0
44 2 0 0 1 0 0 1 0 0 0 0 0 0
47 2 1 1 0 0 0 0 0 0 1 1 0 0
49 8 0 0 0 0 0 1 0 0 0 0 0 0
60 3 0 0 0 0 0 1 0 0 0 0 0 0
63 8 0 0 6 0 0 0 0 0 0 0 0 0
fl=./elf/./elf/dl-object.c
fn=_dl_add_to_namespace_list
31 54 1 1 0 0 0 24 0 0 0 0 0 0
33 18 0 0 6 0 0 6 0 0 0 0 6 1
35 53 1 1 6 0 0 0 0 0 6 1 0 0
38 80 0 0 20 0 0 0 0 0 20 15 0 0
40 5 0 0 0 0 0 5 0 0 0 0 0 0
42 5 0 0 0 0 0 5 0 0 0 0 0 0
45 2 1 1 0 0 0 1 0 0 0 0 0 0
46 18 0 0 6 0 0 0 0 0 0 0 0 0
47 12 0 0 6 0 0 6 0 0 0 0 0 0
48 12 0 0 0 0 0 6 0 0 0 0 0 0
50 12 0 0 6 0 0 0 0 0 0 0 6 1
51 30 0 0 24 0 0 0 0 0 0 0 0 0
fn=_dl_new_object
59 90 1 1 0 0 0 60 2 2 0 0 0 0
62 12 0 0 0 0 0 0 0 0 6 1 0 0
64 2 1 1 0 0 0 0 0 0 1 1 0 0
66 3 1 1 1 0 0 0 0 0 1 0 0 0
67 2 0 0 0 0 0 0 0 0 1 0 0 0
71 6 0 0 0 0 0 2 0 0 0 0 0 0
77 2 1 1 0 0 0 0 0 0 0 0 0 0
80 10 0 0 5 0 0 0 0 0 0 0 0 0
83 26 1 1 0 0 0 16 2 2 0 0 0 0
87 10 0 0 0 0 0 0 0 0 0 0 0 0
92 5 0 0 0 0 0 0 0 0 0 0 0 0
95 12 0 0 0 0 0 0 0 0 6 0 0 0
98 6 0 0 0 0 0 6 6 6 0 0 0 0
99 6 0 0 0 0 0 6 6 6 0 0 0 0
100 12 0 0 6 0 0 0 0 0 0 0 0 0
103 12 0 0 0 0 0 6 0 0 0 0 0 0
104 42 1 1 18 0 0 18 0 0 0 0 0 0
106 6 1 1 0 0 0 6 0 0 0 0 0 0
119 28 0 0 17 0 0 0 0 0 11 6 0 0
123 5 0 0 0 0 0 0 0 0 0 0 0 0
125 1 0 0 0 0 0 0 0 0 0 0 0 0
127 42 0 0 12 6 6 12 0 0 0 0 0 0
130 12 0 0 6 0 0 0 0 0 6 3 0 0
131 12 1 1 0 0 0 6 6 6 0 0 0 0
132 6 1 1 0 0 0 6 0 0 0 0 0 0
136 6 0 0 0 0 0 6 0 0 0 0 0 0
139 40 0 0 0 0 0 0 0 0 15 10 0 0
141 20 1 1 0 0 0 16 4 4 1 1 0 0
149 12 1 1 0 0 0 6 0 0 0 0 0 0
150 6 0 0 0 0 0 6 6 6 0 0 0 0
153 1 0 0 0 0 0 0 0 0 0 0 0 0
155 36 0 0 6 1 1 0 0 0 6 1 0 0
157 20 0 0 0 0 0 5 5 5 0 0 0 0
160 14 1 1 0 0 0 0 0 0 6 0 0 0
164 20 0 0 5 0 0 0 0 0 5 0 0 0
168 35 1 1 5 0 0 0 0 0 10 3 0 0
176 1 1 1 0 0 0 1 0 0 0 0 0 0
179 12 0 0 0 0 0 6 0 0 0 0 0 0
189 24 0 0 12 0 0 0 0 0 6 1 0 0
191 20 0 0 0 0 0 10 0 0 0 0 0 0
195 15 0 0 0 0 0 0 0 0 5 0 0 0
199 10 0 0 0 0 0 0 0 0 0 0 0 0
200 10 0 0 0 0 0 0 0 0 5 0 0 0
208 5 0 0 0 0 0 0 0 0 0 0 0 0
212 5 1 1 0 0 0 0 0 0 0 0 0 0
245 20 0 0 10 0 0 5 0 0 0 0 0 0
250 168 0 0 0 0 0 0 0 0 0 0 0 0
251 168 0 0 84 0 0 0 0 0 84 24 0 0
255 10 0 0 0 0 0 0 0 0 0 0 0 0
256 5 0 0 0 0 0 5 0 0 0 0 0 0
259 5 0 0 0 0 0 5 0 0 0 0 0 0
263 54 1 1 42 0 0 0 0 0 0 0 0 0
fl=./elf/./elf/dl-open.c
fn=_dl_find_dso_for_object
214 380 4 4 0 0 0 190 0 0 0 0 0 0
218 114 0 0 38 0 0 0 0 0 38 0 0 0
219 114 0 0 38 38 2 0 0 0 38 0 0 0
220 152 0 0 76 38 2 0 0 0 76 0 0 0
221 76 0 0 38 37 2 0 0 0 38 2 0 0
224 76 2 2 38 35 1 0 0 0 38 0 0 0
228 266 2 2 228 0 0 0 0 0 0 0 0 0
fl=./elf/./elf/dl-reloc.c
fn=_dl_relocate_object
170 14556 1 1 3639 1728 1370 0 0 0 3639 31 0 0
171 7108 1 1 0 0 0 0 0 0 3554 3 0 0
174 24241 1 1 3554 6 0 0 0 0 5465 825 0 0
175 19708 2 2 1643 0 0 0 0 0 8211 5 0 0
177 1643 0 0 1643 0 0 0 0 0 0 0 0 0
178 6570 1 1 1643 0 0 1643 0 0 0 0 0 0
182 3822 0 0 0 0 0 0 0 0 1911 0 0 0
183 1911 0 0 0 0 0 1911 0 0 0 0 0 0
184 1911 0 0 0 0 0 1911 0 0 0 0 0 0
186 15294 2 2 7644 0 0 6 0 0 1911 64 0 0
187 9525 1 1 1905 55 0 1905 0 0 0 0 0 0
188 3810 0 0 0 0 0 0 0 0 1905 0 0 0
190 13474 2 2 3822 0 0 5778 1 0 6 0 0 0
193 1911 0 0 1911 0 0 0 0 0 0 0 0 0
194 13377 1 1 5733 0 0 1911 1 0 0 0 0 0
196 1643 1 1 1643 0 0 0 0 0 0 0 0 0
207 88 1 1 0 0 0 64 0 0 0 0 0 0
208 16 0 0 8 0 0 0 0 0 8 1 0 0
220 14 0 0 0 0 0 0 0 0 0 0 0 0
221 21 0 0 0 0 0 7 0 0 0 0 0 0
224 28 1 1 0 0 0 7 0 0 0 0 0 0
226 21 0 0 0 0 0 0 0 0 7 3 0 0
228 7 0 0 7 0 0 0 0 0 0 0 0 0
229 21 0 0 7 1 0 0 0 0 7 5 0 0
251 35 2 2 14 0 0 0 0 0 7 5 0 0
252 14 1 1 7 6 0 0 0 0 7 4 0 0
253 3 0 0 0 0 0 0 0 0 0 0 0 0
255 14 0 0 0 0 0 0 0 0 7 0 0 0
262 21 1 1 7 4 0 0 0 0 7 0 0 0
301 10279 9 9 1220 233 203 51 0 0 3530 432 0 0
304 35 0 0 14 0 0 0 0 0 14 0 0 0
328 7 0 0 7 0 0 0 0 0 0 0 0 0
331 14 0 0 0 0 0 0 0 0 7 0 0 0
348 21 0 0 7 5 0 0 0 0 7 6 0 0
350 64 0 0 56 3 0 0 0 0 0 0 0 0
356 42 1 1 21 0 0 0 0 0 0 0 0 0
359 14 0 0 0 0 0 0 0 0 0 0 0 0
363 14 1 1 0 0 0 0 0 0 7 0 0 0
364 42 0 0 0 0 0 7 0 0 7 4 0 0
fl=./elf/./elf/dl-runtime.c
fn=_dl_fixup
46 1254 4 4 0 0 0 684 0 0 0 0 0 0
48 570 0 0 456 26 2 0 0 0 114 67 0 0
49 342 2 2 228 0 0 0 0 0 0 0 0 0
54 114 0 0 114 8 1 0 0 0 0 0 0 0
55 456 0 0 114 8 1 0 0 0 0 0 0 0
56 798 0 0 114 109 8 114 8 1 0 0 0 0
58 228 0 0 114 11 0 0 0 0 0 0 0 0
63 228 0 0 0 0 0 0 0 0 114 5 0 0
67 228 0 0 114 111 61 0 0 0 114 1 0 0
69 114 0 0 0 0 0 0 0 0 0 0 0 0
71 342 2 2 114 8 1 0 0 0 114 6 0 0
75 342 0 0 228 103 10 0 0 0 0 0 0 0
76 456 0 0 114 7 1 0 0 0 0 0 0 0
77 342 0 0 114 27 5 0 0 0 114 17 0 0
84 114 2 2 0 0 0 0 0 0 0 0 0 0
85 342 0 0 114 1 0 0 0 0 114 16 0 0
87 27 0 0 0 0 0 27 0 0 0 0 0 0
88 27 0 0 0 0 0 0 0 0 0 0 0 0
95 1254 0 0 228 8 1 342 0 0 0 0 0 0
99 570 2 2 342 0 0 0 0 0 114 4 0 0
100 108 1 1 54 0 0 0 0 0 54 3 0 0
109 1140 0 0 456 0 0 114 0 0 228 1 0 0
124 456 2 2 114 0 0 0 0 0 114 9 0 0
125 6 0 0 0 0 0 3 0 0 0 0 0 0
133 342 0 0 114 0 0 0 0 0 114 9 0 0
159 342 0 0 114 3 1 0 0 0 114 0 0 0
163 912 1 1 798 0 0 0 0 0 0 0 0 0
fl=./elf/./elf/dl-setup_hash.c
fn=_dl_setup_hash
25 14 1 1 0 0 0 0 0 0 0 0 0 0
28 21 1 1 7 0 0 0 0 0 7 0 0 0
31 21 0 0 14 0 0 0 0 0 7 0 0 0
32 14 0 0 7 6 6 7 1 1 0 0 0 0
33 7 0 0 7 0 0 0 0 0 0 0 0 0
34 7 0 0 7 0 0 0 0 0 0 0 0 0
36 21 0 0 0 0 0 0 0 0 7 0 0 0
37 7 0 0 0 0 0 7 0 0 0 0 0 0
38 21 1 1 7 0 0 7 0 0 0 0 0 0
40 7 0 0 0 0 0 7 0 0 0 0 0 0
41 14 0 0 0 0 0 0 0 0 0 0 0 0
43 7 0 0 0 0 0 7 0 0 0 0 0 0
45 21 0 0 0 0 0 7 0 0 0 0 0 0
50 7 0 0 7 0 0 0 0 0 0 0 0 0
fl=./elf/./elf/dl-sort-maps.c
fn=_dl_sort_maps
140 70 0 0 14 0 0 14 0 0 14 0 0 0
181 2 0 0 0 0 0 2 0 0 0 0 0 0
182 4 0 0 2 0 0 0 0 0 0 0 0 0
183 52 0 0 0 0 0 0 0 0 16 14 0 0
184 28 2 2 28 0 0 0 0 0 0 0 0 0
211 34 4 4 2 0 0 0 0 0 4 2 0 0
216 4 0 0 0 0 0 2 0 0 0 0 0 0
218 2 0 0 0 0 0 2 0 0 0 0 0 0
219 10 0 0 0 0 0 0 0 0 0 0 0 0
221 44 2 2 0 0 0 0 0 0 12 0 0 0
223 14 0 0 14 0 0 0 0 0 0 0 0 0
226 42 0 0 14 0 0 0 0 0 14 10 0 0
244 8 2 2 2 0 0 0 0 0 2 2 0 0
263 8 2 2 0 0 0 2 0 0 0 0 0 0
276 8 2 2 2 0 0 0 0 0 4 2 0 0
283 2 2 2 0 0 0 0 0 0 0 0 0 0
298 26 1 1 0 0 0 14 0 0 0 0 0 0
306 6 2 2 2 1 1 0 0 0 2 2 0 0
310 18 4 4 14 0 0 0 0 0 0 0 0 0
fn=_dl_sort_maps_init
289 4 2 2 0 0 0 1 0 0 0 0 0 0
290 4 0 0 0 0 0 1 0 0 0 0 0 0
291 1 0 0 0 0 0 1 0 0 0 0 0 0
292 3 0 0 1 0 0 0 0 0 0 0 0 0
293 2 0 0 2 0 0 0 0 0 0 0 0 0
fn=dfs_traversal.part.0
135 126 2 2 0 0 0 70 0 0 0 0 0 0
140 70 0 0 35 0 0 0 0 0 35 6 0 0
143 14 0 0 14 0 0 0 0 0 0 0 0 0
145 42 0 0 14 2 2 0 0 0 14 3 0 0
147 184 0 0 46 6 6 0 0 0 46 18 0 0
156 49 3 3 7 0 0 0 0 0 21 5 0 0
171 42 0 0 14 0 0 14 0 0 0 0 0 0
172 14 0 0 0 0 0 14 0 0 0 0 0 0
173 84 0 0 84 0 0 0 0 0 0 0 0 0
fl=./elf/./elf/dl-tunables.c
fn=__GI___tunable_set_val
72 50 1 1 5 0 0 0 0 0 10 0 0 0
82 5 0 0 5 0 0 0 0 0 0 0 0 0
93 40 1 1 10 0 0 0 0 0 5 0 0 0
94 25 0 0 10 0 0 0 0 0 5 0 0 0
97 10 0 0 0 0 0 0 0 0 5 2 0 0
100 35 0 0 0 0 0 0 0 0 0 0 0 0
104 10 0 0 0 0 0 0 0 0 5 2 0 0
111 10 0 0 0 0 0 0 0 0 5 0 0 0
112 10 0 0 0 0 0 0 0 0 5 2 0 0
115 25 1 1 0 0 0 5 0 0 0 0 0 0
116 5 0 0 0 0 0 5 0 0 0 0 0 0
117 5 0 0 0 0 0 5 0 0 0 0 0 0
118 5 0 0 0 0 0 5 0 0 0 0 0 0
153 30 1 1 0 0 0 10 0 0 0 0 0 0
157 15 0 0 15 0 0 0 0 0 0 0 0 0
fn=__GI___tunables_init
42 240 1 1 48 0 0 0 0 0 96 1 0 0
45 47 0 0 0 0 0 0 0 0 0 0 0 0
48 3941 0 0 563 24 24 0 0 0 1126 64 0 0
52 94 0 0 0 0 0 0 0 0 47 0 0 0
56 188 1 1 0 0 0 0 0 0 0 0 0 0
128 1 0 0 0 0 0 0 0 0 0 0 0 0
261 10 2 2 0 0 0 6 0 0 0 0 0 0
267 4 0 0 1 0 0 0 0 0 1 0 0 0
281 7708 0 0 0 0 0 0 0 0 1927 47 0 0
283 2 0 0 0 0 0 0 0 0 0 0 0 0
287 13959 1 1 3854 41 41 0 0 0 3854 522 0 0
304 8 1 1 7 0 0 0 0 0 0 0 0 0
fn=__tunable_get_val
387 80 1 1 0 0 0 0 0 0 0 0 0 0
390 474 1 1 40 36 31 0 0 0 77 17 0 0
399 52 0 0 37 14 0 15 0 0 0 0 0 0
400 15 0 0 0 0 0 0 0 0 0 0 0 0
409 31 1 1 0 0 0 25 0 0 0 0 0 0
416 240 0 0 40 4 0 0 0 0 40 32 0 0
418 40 0 0 40 0 0 0 0 0 0 0 0 0
fl=./elf/./elf/dl-tunables.h
fn=__GI___tunable_set_val
141 10 0 0 0 0 0 0 0 0 5 3 0 0
142 10 1 1 0 0 0 0 0 0 0 0 0 0
151 5 0 0 0 0 0 0 0 0 0 0 0 0
fn=__GI___tunables_init
160 898 1 1 597 1 1 0 0 0 40 8 0 0
161 2191 0 0 0 0 0 0 0 0 562 48 0 0
fl=./elf/./elf/dl-version.c
fn=_dl_check_all_versions
392 7 1 1 0 0 0 5 0 0 0 0 0 0
394 1 0 0 0 0 0 0 0 0 0 0 0 0
396 26 0 0 7 0 0 0 0 0 8 6 0 0
397 7 0 0 0 0 0 0 0 0 0 0 0 0
398 63 1 1 7 0 0 7 0 0 7 7 0 0
401 7 0 0 6 0 0 0 0 0 0 0 0 0
fn=_dl_check_map_versions
36 224 0 0 26 0 0 0 0 0 73 8 0 0
37 60 0 0 60 0 0 0 0 0 0 0 0 0
38 378 1 1 0 0 0 73 0 0 73 6 0 0
56 252 0 0 189 0 0 0 0 0 63 21 0 0
64 189 0 0 63 0 0 0 0 0 63 0 0 0
70 189 1 1 63 0 0 0 0 0 63 0 0 0
86 63 0 0 63 1 0 0 0 0 0 0 0 0
87 126 0 0 0 0 0 0 0 0 63 0 0 0
89 63 0 0 63 0 0 0 0 0 0 0 0 0
94 2543 0 0 1114 35 35 189 0 0 1114 5 0 0
108 2228 0 0 1114 14 14 0 0 0 1114 66 0 0
110 63 1 1 63 1 1 0 0 0 0 0 0 0
113 504 1 1 189 1 1 126 0 0 63 0 0 0
120 3153 1 1 1051 14 14 0 0 0 1051 0 0 0
124 1051 0 0 0 0 0 0 0 0 0 0 0 0
155 70 0 0 0 0 0 42 0 0 0 0 0 0
156 7 0 0 0 0 0 7 0 0 0 0 0 0
164 12 1 1 0 0 0 7 0 0 0 0 0 0
170 21 0 0 7 0 0 0 0 0 7 0 0 0
172 35 1 1 14 0 0 0 0 0 7 1 0 0
174 7 0 0 7 1 0 0 0 0 0 0 0 0
175 7 0 0 7 0 0 0 0 0 0 0 0 0
177 14 0 0 0 0 0 0 0 0 7 2 0 0
180 15 1 1 10 0 0 0 0 0 0 0 0 0
184 40 0 0 5 5 5 25 0 0 5 0 0 0
198 8 0 0 0 0 0 0 0 0 0 0 0 0
200 39 1 1 26 0 0 0 0 0 0 0 0 0
208 39 0 0 13 0 0 0 0 0 13 0 0 0
213 39 0 0 13 2 2 0 0 0 0 0 0 0
215 50 0 0 0 0 0 0 0 0 0 0 0 0
217 252 1 1 126 17 17 63 0 0 0 0 0 0
218 498 1 1 363 0 0 0 0 0 63 13 0 0
221 126 0 0 63 0 0 63 0 0 0 0 0 0
224 189 0 0 126 0 0 0 0 0 63 7 0 0
225 5 0 0 1 0 0 1 0 0 1 0 0 0
228 28 1 1 14 0 0 13 0 0 0 0 0 0
231 252 0 0 63 0 0 0 0 0 0 0 0 0
234 189 0 0 63 0 0 0 0 0 63 16 0 0
239 50 0 0 0 0 0 0 0 0 0 0 0 0
243 39 0 0 13 0 0 0 0 0 13 5 0 0
248 8 0 0 0 0 0 0 0 0 0 0 0 0
257 30 2 2 15 0 0 0 0 0 7 2 0 0
260 10 0 0 10 0 0 0 0 0 0 0 0 0
263 551 0 0 139 6 6 5 0 0 0 0 0 0
266 412 0 0 134 2 2 5 0 0 134 25 0 0
270 129 0 0 0 0 0 0 0 0 0 0 0 0
274 18 1 1 6 0 0 0 0 0 6 1 0 0
279 6 0 0 0 0 0 6 1 0 0 0 0 0
280 24 1 1 6 0 0 6 0 0 0 0 0 0
281 18 0 0 6 0 0 0 0 0 6 0 0 0
291 6 0 0 0 0 0 6 0 0 0 0 0 0
294 32 0 0 19 2 0 6 0 0 6 0 0 0
296 12 0 0 0 0 0 0 0 0 6 1 0 0
299 20 1 1 10 0 0 0 0 0 0 0 0 0
301 8 0 0 0 0 0 0 0 0 0 0 0 0
303 39 0 0 13 0 0 0 0 0 0 0 0 0
306 189 1 1 63 0 0 0 0 0 0 0 0 0
308 252 0 0 0 0 0 0 0 0 63 20 0 0
310 315 0 0 63 0 0 63 0 0 0 0 0 0
311 126 0 0 0 0 0 63 23 23 0 0 0 0
312 189 0 0 63 0 0 63 2 2 0 0 0 0
313 189 0 0 63 0 0 63 2 2 0 0 0 0
316 189 0 0 63 0 0 0 0 0 63 18 0 0
321 50 0 0 0 0 0 0 0 0 0 0 0 0
324 39 0 0 13 0 0 0 0 0 13 3 0 0
329 8 1 1 0 0 0 0 0 0 0 0 0 0
334 12 0 0 0 0 0 0 0 0 6 1 0 0
337 10 0 0 5 0 0 0 0 0 0 0 0 0
341 129 0 0 129 0 0 0 0 0 0 0 0 0
343 268 0 0 134 0 0 0 0 0 134 12 0 0
347 129 0 0 129 0 0 0 0 0 0 0 0 0
348 645 0 0 129 0 0 129 33 33 0 0 0 0
349 387 0 0 129 0 0 129 0 0 0 0 0 0
350 129 0 0 0 0 0 129 17 17 0 0 0 0
353 402 0 0 134 0 0 0 0 0 134 8 0 0
357 129 0 0 0 0 0 0 0 0 0 0 0 0
365 10 0 0 0 0 0 0 0 0 5 1 0 0
366 10 1 1 5 0 0 0 0 0 5 0 0 0
367 10 0 0 5 0 0 0 0 0 5 3 0 0
368 4 0 0 2 0 0 0 0 0 2 1 0 0
370 4 1 1 3 0 0 0 0 0 1 1 0 0
372 124 0 0 32 0 0 0 0 0 31 1 0 0
373 60 1 1 0 0 0 0 0 0 30 3 0 0
375 2 0 0 1 0 0 0 0 0 0 0 0 0
376 7 0 0 0 0 0 1 0 0 1 1 0 0
387 63 1 1 56 0 0 0 0 0 0 0 0 0
fl=./elf/./elf/do-rel.h
fn=_dl_relocate_object
49 42 1 1 14 3 0 0 0 0 0 0 0 0
50 42 0 0 14 0 0 14 0 0 0 0 0 0
51 7 0 0 7 1 0 0 0 0 0 0 0 0
53 70 0 0 28 1 0 0 0 0 0 0 0 0
72 8 0 0 0 0 0 0 0 0 0 0 0 0
73 9 1 1 0 0 0 7 0 0 0 0 0 0
80 42 0 0 14 0 0 0 0 0 14 12 0 0
83 3352 1 1 0 0 0 2 0 0 1114 2 0 0
85 4448 1 1 1112 418 418 0 0 0 1112 2 0 0
96 12 0 0 2 0 0 0 0 0 0 0 0 0
97 4 0 0 0 0 0 0 0 0 2 1 0 0
114 36 1 1 0 0 0 0 0 0 0 0 0 0
123 3322 0 0 0 0 0 0 0 0 1110 24 0 0
124 2196 0 0 1098 141 139 0 0 0 0 0 0 0
126 36 1 1 12 8 0 0 0 0 12 1 0 0
129 40 0 0 20 5 0 10 1 0 10 1 0 0
131 14586 1 1 3661 1 0 0 0 0 3643 38 0 0
133 18165 0 0 10899 1999 1243 0 0 0 0 0 0 0
134 14532 0 0 3633 0 0 3633 1 0 0 0 0 0
135 10899 0 0 7266 1 0 3633 0 0 0 0 0 0
136 14532 0 0 3633 2 0 0 0 0 0 0 0 0
138 10899 1 1 0 0 0 0 0 0 3633 9 0 0
141 272 0 0 68 0 0 68 0 0 0 0 0 0
142 68 1 1 0 0 0 68 0 0 0 0 0 0
143 68 0 0 0 0 0 0 0 0 0 0 0 0
147 3565 0 0 0 0 0 3565 0 0 0 0 0 0
150 10718 1 1 3565 0 0 0 0 0 3565 17 0 0
151 351 2 2 117 1 0 0 0 0 117 6 0 0
164 24 1 1 12 0 0 0 0 0 6 3 0 0
165 285 0 0 9 0 0 6 0 0 87 29 0 0
166 252 1 1 84 0 0 0 0 0 84 9 0 0
169 204 0 0 136 0 0 0 0 0 0 0 0 0
171 272 0 0 68 0 0 68 0 0 0 0 0 0
172 68 0 0 68 0 0 0 0 0 0 0 0 0
173 136 0 0 68 0 0 0 0 0 0 0 0 0
180 31 1 1 9 0 0 0 0 0 8 6 0 0
182 42 1 1 12 2 2 6 0 0 0 0 0 0
183 12 0 0 12 0 0 0 0 0 0 0 0 0
185 18 0 0 0 0 0 0 0 0 6 0 0 0
193 6 0 0 0 0 0 6 0 0 0 0 0 0
196 18 0 0 6 0 0 0 0 0 6 0 0 0
211 7 1 1 4 0 0 0 0 0 1 1 0 0
fn=_dl_start
49 6 0 0 2 0 0 0 0 0 0 0 0 0
50 4 0 0 2 0 0 0 0 0 0 0 0 0
51 1 0 0 1 0 0 0 0 0 0 0 0 0
53 10 1 1 4 0 0 0 0 0 0 0 0 0
56 4 0 0 0 0 0 0 0 0 2 2 0 0
61 13 1 1 0 0 0 0 0 0 5 3 0 0
63 9 1 1 3 1 1 0 0 0 0 0 0 0
64 6 0 0 0 0 0 0 0 0 0 0 0 0
65 3 0 0 3 0 0 0 0 0 0 0 0 0
fl=./elf/./elf/get-dynamic-info.h
fn=_dl_map_object_from_fd
39 10 0 0 0 0 0 0 0 0 5 0 0 0
43 5 0 0 0 0 0 0 0 0 0 0 0 0
45 567 0 0 143 39 39 0 0 0 143 10 0 0
49 276 0 0 0 0 0 0 0 0 138 41 0 0
51 74 1 1 0 0 0 0 0 0 37 4 0 0
52 37 0 0 0 0 0 0 0 0 0 0 0 0
53 6 0 0 0 0 0 0 0 0 0 0 0 0
54 129 1 1 0 0 0 0 0 0 31 5 0 0
55 109 0 0 0 0 0 0 0 0 0 0 0 0
56 25 1 1 0 0 0 0 0 0 5 2 0 0
59 20 1 1 0 0 0 0 0 0 5 0 0 0
62 20 0 0 0 0 0 0 0 0 5 0 0 0
64 20 0 0 0 0 0 0 0 0 0 0 0 0
68 138 0 0 0 0 0 138 33 33 0 0 0 0
72 20 0 0 5 0 0 0 0 0 10 0 0 0
84 17 1 1 7 0 0 0 0 0 5 2 0 0
85 20 0 0 10 0 0 0 0 0 5 0 0 0
86 20 0 0 10 0 0 0 0 0 5 0 0 0
87 20 0 0 10 0 0 0 0 0 5 0 0 0
88 17 0 0 7 3 3 0 0 0 5 2 0 0
89 19 1 1 9 1 1 0 0 0 5 1 0 0
90 19 0 0 9 1 1 0 0 0 5 1 0 0
91 20 0 0 10 0 0 0 0 0 5 0 0 0
103 40 1 1 10 0 0 5 0 0 10 0 0 0
110 16 0 0 5 0 0 0 0 0 5 4 0 0
115 8 0 0 4 0 0 0 0 0 4 0 0 0
122 8 0 0 4 0 0 0 0 0 4 0 0 0
123 15 1 1 10 0 0 0 0 0 5 0 0 0
129 15 0 0 5 0 0 0 0 0 5 3 0 0
130 6 0 0 4 0 0 0 0 0 2 0 0 0
147 15 0 0 5 0 0 0 0 0 5 3 0 0
152 4 0 0 2 0 0 2 0 0 0 0 0 0
154 4 0 0 0 0 0 0 0 0 2 2 0 0
156 4 0 0 0 0 0 0 0 0 2 2 0 0
158 4 0 0 0 0 0 0 0 0 2 2 0 0
159 4 0 0 0 0 0 2 0 0 0 0 0 0
162 15 1 1 5 0 0 0 0 0 5 2 0 0
164 9 1 1 3 0 0 3 0 0 0 0 0 0
165 6 0 0 0 0 0 0 0 0 3 0 0 0
174 6 0 0 3 0 0 0 0 0 0 0 0 0
175 9 1 1 0 0 0 0 0 0 3 3 0 0
180 6 0 0 0 0 0 0 0 0 3 2 0 0
181 6 0 0 2 0 0 2 0 0 0 0 0 0
184 10 0 0 5 0 0 0 0 0 5 5 0 0
fl=./elf/./elf/libc-dl-profstub.c
fn=_dl_mcount_wrapper_check
36 128 1 1 0 0 0 0 0 0 0 0 0 0
37 384 0 0 256 0 0 0 0 0 128 2 0 0
38 128 0 0 128 0 0 0 0 0 0 0 0 0
fl=./elf/./elf/libc_early_init.c
fn=__libc_early_init
33 9 1 1 1 0 0 3 0 0 0 0 0 0
35 1 1 1 0 0 0 1 0 0 0 0 0 0
38 2 0 0 1 1 0 1 1 1 0 0 0 0
41 2 0 0 0 0 0 2 1 1 0 0 0 0
47 4 0 0 2 0 0 0 0 0 1 0 0 0
49 2 0 0 2 0 0 0 0 0 0 0 0 0
fl=./elf/./elf/rtld.c
fn=_dl_start
85 8 0 0 0 0 0 2 1 1 0 0 0 0
458 2 0 0 0 0 0 1 0 0 0 0 0 0
476 3 0 0 0 0 0 1 0 0 0 0 0 0
477 1 0 0 0 0 0 1 0 0 0 0 0 0
478 2 0 0 1 0 0 1 1 1 0 0 0 0
488 1 0 0 0 0 0 1 0 0 0 0 0 0
494 4 2 1 1 0 0 1 0 0 0 0 0 0
496 2 0 0 1 0 0 0 0 0 1 0 0 0
517 16 2 2 0 0 0 8 2 2 0 0 0 0
543 1 0 0 0 0 0 1 1 1 0 0 0 0
546 2 1 1 0 0 0 1 1 1 0 0 0 0
547 4 0 0 1 1 1 0 0 0 0 0 0 0
563 190 5 5 24 5 5 5 0 0 57 24 0 0
565 1 0 0 1 0 0 0 0 0 0 0 0 0
578 1 1 1 0 0 0 1 0 0 0 0 0 0
585 9 1 1 7 2 0 0 0 0 0 0 0 0
fn=dl_main
85 17 2 2 0 0 0 1 0 0 0 0 0 0
92 12 1 1 0 0 0 0 0 0 0 0 0 0
93 2 0 0 0 0 0 1 1 0 0 0 0 0
101 9 0 0 4 0 0 0 0 0 0 0 0 0
197 2 0 0 0 0 0 1 0 0 0 0 0 0
199 1 0 0 0 0 0 1 0 0 0 0 0 0
224 3 0 0 3 0 0 0 0 0 0 0 0 0
225 5 0 0 3 0 0 0 0 0 1 1 0 0
226 4 1 1 0 0 0 0 0 0 2 1 0 0
296 3 1 1 0 0 0 3 0 0 0 0 0 0
302 1 0 0 0 0 0 1 0 0 0 0 0 0
303 1 0 0 0 0 0 1 0 0 0 0 0 0
837 1 0 0 1 0 0 0 0 0 0 0 0 0
839 1 0 0 0 0 0 1 0 0 0 0 0 0
848 1 1 1 0 0 0 1 0 0 0 0 0 0
850 1 0 0 0 0 0 1 0 0 0 0 0 0
855 1 0 0 0 0 0 1 0 0 0 0 0 0
1115 1 0 0 1 0 0 0 0 0 0 0 0 0
1116 1 1 1 1 0 0 0 0 0 0 0 0 0
1118 1 0 0 0 0 0 1 0 0 0 0 0 0
1122 3 0 0 2 1 1 1 1 1 0 0 0 0
1124 1 0 0 1 0 0 0 0 0 0 0 0 0
1125 1 0 0 1 0 0 0 0 0 0 0 0 0
1140 1 0 0 0 0 0 0 0 0 0 0 0 0
1143 50 5 5 0 0 0 1 0 0 15 12 0 0
1144 127 1 1 24 7 7 0 0 0 31 7 10 6
1148 4 1 1 2 0 0 1 0 0 0 0 0 0
1153 3 0 0 2 0 0 1 0 0 0 0 0 0
1154 9 1 1 2 0 0 1 0 0 0 0 0 0
1163 2 0 0 0 0 0 1 0 0 0 0 0 0
1164 2 0 0 2 1 1 0 0 0 0 0 0 0
1166 1 0 0 0 0 0 1 0 0 0 0 0 0
1173 3 1 1 1 0 0 0 0 0 1 0 0 0
1191 2 0 0 0 0 0 1 0 0 0 0 0 0
1199 8 0 0 4 0 0 0 0 0 0 0 0 0
1200 17 0 0 5 1 1 0 0 0 0 0 0 0
1201 8 0 0 4 0 0 0 0 0 4 3 0 0
1202 1 0 0 0 0 0 1 0 0 0 0 0 0
1204 12 0 0 4 0 0 0 0 0 0 0 0 0
1205 14 0 0 0 0 0 0 0 0 7 3 0 0
1209 8 0 0 4 3 3 0 0 0 0 0 0 0
1210 8 0 0 4 0 0 0 0 0 4 0 0 0
1211 4 0 0 0 0 0 4 0 0 0 0 0 0
1215 12 0 0 0 0 0 0 0 0 0 0 0 0
1221 3 1 1 1 1 1 0 0 0 1 0 0 0
1227 4 0 0 0 0 0 1 1 1 0 0 0 0
1228 1 0 0 1 0 0 0 0 0 0 0 0 0
1233 4 0 0 0 0 0 0 0 0 0 0 0 0
1234 2 0 0 1 0 0 1 0 0 0 0 0 0
1235 1 0 0 0 0 0 1 0 0 0 0 0 0
1238 2 0 0 0 0 0 2 1 1 0 0 0 0
1243 2 1 1 1 0 0 1 0 0 0 0 0 0
1247 3 0 0 2 1 1 1 0 0 0 0 0 0
1253 30 0 0 1 0 0 0 0 0 14 1 0 0
1254 66 0 0 14 0 0 0 0 0 26 15 0 0
1260 18 0 0 0 0 0 1 0 0 0 0 0 0
1266 4 0 0 2 0 0 0 0 0 1 0 0 0
1268 3 1 1 2 0 0 1 0 0 0 0 0 0
1269 3 0 0 2 0 0 0 0 0 1 1 0 0
1271 3 0 0 1 0 0 0 0 0 1 0 0 0
1346 13 2 2 0 0 0 9 1 1 0 0 0 0
1351 1 0 0 0 0 0 0 0 0 0 0 0 0
1352 1 0 0 0 0 0 1 0 0 0 0 0 0
1357 1 0 0 0 0 0 1 1 1 0 0 0 0
1373 3 0 0 2 0 0 1 0 0 0 0 0 0
1374 4 1 1 2 0 0 0 0 0 1 1 0 0
1637 10 1 1 0 0 0 3 0 0 0 0 0 0
1639 2 0 0 0 0 0 0 0 0 1 0 0 0
1640 3 1 1 0 0 0 1 0 0 0 0 0 0
1641 2 0 0 1 0 0 1 0 0 0 0 0 0
1642 3 0 0 2 0 0 1 0 0 0 0 0 0
1646 2 0 0 0 0 0 1 0 0 0 0 0 0
1647 2 0 0 1 0 0 0 0 0 1 0 0 0
1672 3 1 1 1 0 0 0 0 0 1 0 0 0
1673 5 0 0 1 0 0 1 0 0 1 0 0 0
1674 3 0 0 2 0 0 0 0 0 0 0 0 0
1675 3 0 0 3 0 0 0 0 0 0 0 0 0
1678 1 0 0 0 0 0 1 0 0 0 0 0 0
1680 1 1 1 0 0 0 1 1 1 0 0 0 0
1681 1 0 0 0 0 0 1 0 0 0 0 0 0
1683 2 0 0 1 0 0 0 0 0 1 0 0 0
1684 2 0 0 0 0 0 1 0 0 0 0 0 0
1688 2 0 0 1 0 0 0 0 0 1 0 0 0
1690 2 1 1 0 0 0 0 0 0 1 0 0 0
1698 4 0 0 2 0 0 0 0 0 1 1 0 0
1705 2 1 1 1 0 0 1 0 0 0 0 0 0
1708 2 1 1 1 0 0 0 0 0 1 0 0 0
1733 4 1 1 1 0 0 1 0 0 0 0 0 0
1735 1 0 0 0 0 0 1 0 0 0 0 0 0
1740 2 0 0 1 0 0 0 0 0 1 1 0 0
1743 4 1 1 2 0 0 1 0 0 0 0 0 0
1744 4 0 0 1 0 0 1 0 0 0 0 0 0
1745 3 1 1 2 0 0 1 0 0 0 0 0 0
1746 1 0 0 0 0 0 1 0 0 0 0 0 0
1747 1 0 0 1 0 0 0 0 0 0 0 0 0
1748 1 0 0 1 0 0 0 0 0 0 0 0 0
1759 2 0 0 1 1 1 0 0 0 1 0 0 0
1760 2 0 0 1 0 0 0 0 0 1 0 0 0
1762 2 1 1 1 0 0 0 0 0 0 0 0 0
1764 1 0 0 0 0 0 1 0 0 0 0 0 0
1765 3 0 0 1 0 0 1 0 0 0 0 0 0
1770 5 1 1 0 0 0 0 0 0 1 1 0 0
1771 5 0 0 1 1 1 0 0 0 1 1 0 0
1773 3 2 2 2 1 1 1 1 1 0 0 0 0
1779 2 0 0 1 1 1 0 0 0 1 1 0 0
1788 2 1 1 1 0 0 0 0 0 1 0 0 0
1792 1 0 0 0 0 0 0 0 0 0 0 0 0
1793 2 0 0 1 0 0 0 0 0 1 0 0 0
1817 2 1 1 0 0 0 2 0 0 0 0 0 0
1823 1 0 0 0 0 0 1 0 0 0 0 0 0
1824 1 0 0 0 0 0 1 0 0 0 0 0 0
1825 1 0 0 0 0 0 0 0 0 0 0 0 0
1829 3 0 0 1 0 0 1 0 0 0 0 0 0
1834 3 1 1 2 0 0 0 0 0 1 0 0 0
1836 1 0 0 0 0 0 0 0 0 0 0 0 0
1838 2 0 0 1 0 0 0 0 0 1 1 0 0
1842 5 1 1 2 0 0 1 0 0 0 0 0 0
1847 2 0 0 1 0 0 0 0 0 1 0 0 0
1863 6 1 1 0 0 0 1 0 0 1 0 0 0
1939 4 0 0 2 0 0 0 0 0 1 1 0 0
1943 19 2 2 1 0 0 0 0 0 2 1 0 0
1944 1 0 0 0 0 0 0 0 0 0 0 0 0
1947 3 0 0 0 0 0 1 0 0 0 0 0 0
1948 1 1 1 1 0 0 0 0 0 0 0 0 0
1949 2 0 0 0 0 0 0 0 0 1 0 0 0
1950 2 0 0 0 0 0 0 0 0 1 0 0 0
1955 3 0 0 1 0 0 0 0 0 1 1 0 0
1965 9 1 1 2 0 0 1 0 0 0 0 0 0
1971 31 1 1 1 0 0 0 0 0 8 6 0 0
1972 18 0 0 15 0 0 0 0 0 0 0 0 0
1975 3 0 0 2 0 0 1 0 0 0 0 0 0
1976 2 1 1 0 0 0 0 0 0 1 0 0 0
1977 1 0 0 0 0 0 1 0 0 0 0 0 0
1979 26 0 0 1 0 0 0 0 0 6 0 0 0
1980 12 0 0 6 0 0 0 0 0 6 5 0 0
1984 2 1 1 0 0 0 0 0 0 1 0 0 0
1990 1 1 1 0 0 0 1 0 0 0 0 0 0
1992 3 0 0 1 0 0 1 0 0 0 0 0 0
1993 2 0 0 0 0 0 0 0 0 1 0 0 0
1995 2 0 0 0 0 0 1 0 0 0 0 0 0
1997 3 0 0 0 0 0 0 0 0 1 1 0 0
1999 3 1 1 1 0 0 0 0 0 0 0 0 0
2000 1 0 0 1 0 0 0 0 0 0 0 0 0
2001 2 0 0 0 0 0 0 0 0 1 1 0 0
2013 2 0 0 0 0 0 0 0 0 1 0 0 0
2014 2 0 0 1 0 0 1 0 0 0 0 0 0
2015 3 0 0 1 0 0 0 0 0 1 1 0 0
2026 5 0 0 1 0 0 1 0 0 0 0 0 0
2027 4 0 0 0 0 0 1 0 0 0 0 0 0
2028 5 1 1 0 0 0 1 0 0 0 0 0 0
2038 2 0 0 1 0 0 1 0 0 0 0 0 0
2039 2 0 0 1 0 0 0 0 0 1 1 0 0
2040 4 1 1 0 0 0 2 0 0 0 0 0 0
2042 2 0 0 0 0 0 0 0 0 1 0 0 0
2047 3 0 0 1 0 0 0 0 0 1 0 0 0
2246 3 0 0 1 0 0 1 0 0 0 0 0 0
2250 3 0 0 1 0 0 2 0 0 0 0 0 0
2256 2 1 1 1 0 0 1 0 0 0 0 0 0
2259 2 0 0 1 0 0 0 0 0 1 0 0 0
2267 2 0 0 2 0 0 0 0 0 0 0 0 0
2279 3 1 1 1 0 0 0 0 0 0 0 0 0
2282 3 0 0 1 0 0 1 0 0 0 0 0 0
2284 3 0 0 1 0 0 0 0 0 1 1 0 0
2285 6 0 0 1 0 0 1 0 0 0 0 0 0
2292 2 0 0 2 1 0 0 0 0 0 0 0 0
2293 30 0 0 3 1 0 1 0 0 8 3 0 0
2295 14 1 1 14 3 0 0 0 0 0 0 0 0
2300 14 0 0 14 7 0 0 0 0 0 0 0 0
2302 16 0 0 0 0 0 0 0 0 8 3 0 0
2304 1 1 1 0 0 0 1 0 0 0 0 0 0
2305 1 0 0 1 0 0 0 0 0 0 0 0 0
2308 7 0 0 7 0 0 0 0 0 0 0 0 0
2310 14 0 0 0 0 0 0 0 0 7 1 0 0
2311 48 0 0 12 6 0 6 0 0 0 0 0 0
2315 22 1 1 11 5 0 0 0 0 11 3 0 0
2316 12 0 0 0 0 0 4 0 0 0 0 0 0
2325 2 0 0 1 0 0 0 0 0 1 0 0 0
2329 4 0 0 2 0 0 0 0 0 2 1 0 0
2331 1 0 0 1 0 0 0 0 0 0 0 0 0
2338 4 1 1 1 0 0 1 0 0 0 0 0 0
2341 2 0 0 1 0 0 0 0 0 1 1 0 0
2345 3 1 1 2 1 0 0 0 0 1 0 0 0
2347 2 0 0 1 0 0 0 0 0 1 1 0 0
2357 1 1 1 0 0 0 1 0 0 0 0 0 0
2362 3 0 0 1 0 0 1 0 0 0 0 0 0
2365 1 0 0 0 0 0 1 0 0 0 0 0 0
2371 1 0 0 1 0 0 0 0 0 0 0 0 0
2372 5 1 1 2 0 0 1 0 0 0 0 0 0
2380 3 0 0 1 0 0 1 0 0 0 0 0 0
2387 1 0 0 0 0 0 1 0 0 0 0 0 0
2390 3 0 0 0 0 0 1 0 0 0 0 0 0
2394 3 0 0 0 0 0 1 0 0 0 0 0 0
2395 1 0 0 0 0 0 1 1 0 0 0 0 0
2396 1 0 0 0 0 0 1 0 0 0 0 0 0
2397 1 0 0 0 0 0 0 0 0 0 0 0 0
2401 1 0 0 0 0 0 1 0 0 0 0 0 0
2406 8 0 0 7 2 0 0 0 0 0 0 0 0
2538 1 0 0 1 0 0 0 0 0 0 0 0 0
2598 1 0 0 0 0 0 1 0 0 0 0 0 0
2600 2 0 0 0 0 0 0 0 0 0 0 0 0
2602 15 1 1 0 0 0 3 0 0 3 1 0 0
2604 2 0 0 0 0 0 0 0 0 0 0 0 0
2606 107 0 0 21 0 0 0 0 0 40 10 0 0
2607 19 0 0 0 0 0 0 0 0 0 0 0 0
2615 13 1 1 2 2 2 0 0 0 2 0 2 2
2640 2 1 1 1 0 0 0 0 0 1 0 0 0
2650 4 1 1 2 0 0 0 0 0 2 1 0 0
2652 2 0 0 0 0 0 1 0 0 0 0 0 0
2653 1 0 0 0 0 0 0 0 0 0 0 0 0
2687 5 2 2 2 0 0 0 0 0 2 1 0 0
2689 2 0 0 0 0 0 1 0 0 0 0 0 0
2690 2 0 0 0 0 0 1 0 0 0 0 0 0
2691 1 0 0 0 0 0 0 0 0 0 0 0 0
2727 5 0 0 1 0 0 0 0 0 1 0 0 0
2749 3 0 0 1 0 0 0 0 0 1 0 0 0
fn=handle_preload_list
183 3 0 0 1 0 0 0 0 0 1 0 0 0
806 1 0 0 0 0 0 1 0 0 0 0 0 0
810 2 0 0 0 0 0 1 0 0 0 0 0 0
811 2 0 0 1 0 0 1 0 0 0 0 0 0
812 1 0 0 0 0 0 1 0 0 0 0 0 0
814 1 0 0 1 0 0 0 0 0 0 0 0 0
816 6 1 1 0 0 0 1 0 0 0 0 0 0
817 3 0 0 1 0 0 0 0 0 1 0 0 0
825 3 0 0 1 0 0 0 0 0 0 0 0 0
869 13 2 2 1 1 1 8 1 1 0 0 0 0
870 3 0 0 0 0 0 0 0 0 0 0 0 0
874 5 0 0 2 0 0 0 0 0 2 0 0 0
877 4 1 1 0 0 0 1 0 0 0 0 0 0
878 3 0 0 0 0 0 0 0 0 1 1 0 0
880 4 1 1 0 0 0 1 0 0 0 0 0 0
881 2 0 0 0 0 0 1 0 0 0 0 0 0
887 1 0 0 0 0 0 0 0 0 0 0 0 0
889 2 0 0 1 0 0 0 0 0 0 0 0 0
891 2 1 1 1 0 0 0 0 0 1 0 0 0
892 1 0 0 0 0 0 0 0 0 0 0 0 0
895 9 0 0 7 0 0 0 0 0 0 0 0 0
fn=init_tls
734 4 1 1 0 0 0 3 0 0 0 0 0 0
736 2 0 0 1 0 0 1 0 0 0 0 0 0
740 3 0 0 1 1 0 0 0 0 1 0 0 0
746 2 0 0 0 0 0 1 1 1 0 0 0 0
749 1 0 0 0 0 0 1 0 0 0 0 0 0
750 1 0 0 0 0 0 0 0 0 0 0 0 0
751 1 0 0 0 0 0 0 0 0 0 0 0 0
755 1 0 0 0 0 0 0 0 0 0 0 0 0
757 1 0 0 0 0 0 1 0 0 0 0 0 0
761 2 1 1 1 1 1 0 0 0 1 0 0 0
762 2 0 0 0 0 0 0 0 0 0 0 0 0
763 18 0 0 1 0 0 0 0 0 8 6 0 0
764 7 1 1 7 0 0 0 0 0 0 0 0 0
765 14 1 1 7 1 0 0 0 0 7 3 0 0
769 12 0 0 0 0 0 4 1 1 0 0 0 0
771 4 0 0 0 0 0 0 0 0 0 0 0 0
773 3 0 0 1 0 0 0 0 0 1 0 0 0
776 2 0 0 0 0 0 1 0 0 0 0 0 0
779 1 0 0 0 0 0 1 0 0 0 0 0 0
786 2 1 1 0 0 0 1 0 0 0 0 0 0
787 2 0 0 0 0 0 0 0 0 1 0 0 0
793 2 0 0 1 0 0 1 0 0 0 0 0 0
797 1 0 0 0 0 0 1 0 0 0 0 0 0
800 5 0 0 4 0 0 0 0 0 0 0 0 0
fn=map_doit
641 6 1 1 0 0 0 2 1 1 0 0 0 0
643 4 0 0 1 0 0 0 0 0 0 0 0 0
644 6 0 0 2 0 0 2 0 0 0 0 0 0
646 3 0 0 3 0 0 0 0 0 0 0 0 0
fn=version_check_doit
674 6 2 2 0 0 0 2 0 0 0 0 0 0
676 6 0 0 2 0 0 1 0 0 1 1 0 0
680 3 0 0 3 0 0 0 0 0 0 0 0 0
fl=./elf/./get-dynamic-info.h
fn=_dl_start
45 75 0 0 19 5 5 0 0 0 19 2 0 0
49 36 0 0 0 0 0 0 0 0 18 12 0 0
51 10 0 0 0 0 0 0 0 0 5 0 0 0
52 5 1 1 0 0 0 0 0 0 0 0 0 0
54 20 0 0 0 0 0 0 0 0 5 1 0 0
55 16 0 0 0 0 0 0 0 0 0 0 0 0
56 5 0 0 0 0 0 0 0 0 1 1 0 0
59 4 1 1 0 0 0 0 0 0 1 1 0 0
62 4 1 1 0 0 0 0 0 0 1 0 0 0
64 4 0 0 0 0 0 0 0 0 0 0 0 0
68 18 0 0 0 0 0 18 7 7 0 0 0 0
72 3 0 0 0 0 0 0 0 0 1 0 0 0
84 4 0 0 2 0 0 0 0 0 1 0 0 0
85 3 0 0 1 0 0 0 0 0 1 1 0 0
86 4 1 1 2 0 0 0 0 0 1 0 0 0
87 4 0 0 2 0 0 0 0 0 1 0 0 0
88 5 0 0 2 0 0 0 0 0 1 0 0 0
89 3 1 1 1 0 0 0 0 0 1 1 0 0
90 4 0 0 2 0 0 0 0 0 1 0 0 0
91 4 0 0 2 0 0 0 0 0 1 0 0 0
103 10 2 2 2 0 0 1 0 0 2 1 0 0
110 3 0 0 1 1 1 0 0 0 1 1 0 0
123 3 2 2 2 0 0 0 0 0 1 0 0 0
129 3 0 0 1 0 0 0 0 0 1 0 0 0
130 3 0 0 2 0 0 0 0 0 1 0 0 0
133 2 0 0 1 0 0 0 0 0 1 0 0 0
134 3 0 0 1 0 0 0 0 0 1 0 0 0
139 5 1 1 2 0 0 0 0 0 2 0 0 0
142 5 0 0 2 0 0 0 0 0 2 0 0 0
fn=dl_main
39 4 0 0 2 0 0 0 0 0 1 0 0 0
43 1 0 0 0 0 0 0 0 0 0 0 0 0
45 119 0 0 30 8 8 0 0 0 30 2 0 0
49 58 1 1 0 0 0 0 0 0 29 9 0 0
51 12 0 0 0 0 0 0 0 0 6 0 0 0
52 6 0 0 0 0 0 0 0 0 0 0 0 0
54 25 0 0 0 0 0 0 0 0 6 1 0 0
55 21 0 0 0 0 0 0 0 0 0 0 0 0
56 5 1 1 0 0 0 0 0 0 1 0 0 0
59 4 0 0 0 0 0 0 0 0 1 1 0 0
62 4 1 1 0 0 0 0 0 0 1 0 0 0
64 4 0 0 0 0 0 0 0 0 0 0 0 0
68 29 0 0 0 0 0 29 8 8 0 0 0 0
72 7 1 1 4 0 0 0 0 0 2 1 0 0
84 3 0 0 1 0 0 0 0 0 1 1 0 0
85 5 1 1 3 0 0 0 0 0 1 0 0 0
86 5 0 0 3 0 0 0 0 0 1 0 0 0
87 5 0 0 3 0 0 0 0 0 1 0 0 0
88 4 0 0 2 0 0 0 0 0 1 1 0 0
89 5 1 1 3 0 0 0 0 0 1 0 0 0
90 5 0 0 3 0 0 0 0 0 1 0 0 0
91 5 1 1 3 0 0 0 0 0 1 0 0 0
103 9 0 0 3 0 0 1 0 0 2 0 0 0
110 3 0 0 1 0 0 0 0 0 1 1 0 0
115 2 1 1 1 0 0 0 0 0 1 0 0 0
122 3 0 0 2 0 0 0 0 0 1 0 0 0
123 4 1 1 3 0 0 0 0 0 1 0 0 0
129 3 0 0 1 0 0 0 0 0 1 1 0 0
147 4 0 0 2 0 0 0 0 0 1 0 0 0
152 2 1 1 1 0 0 1 1 1 0 0 0 0
154 2 0 0 0 0 0 0 0 0 1 1 0 0
156 2 0 0 0 0 0 0 0 0 1 1 0 0
158 2 0 0 0 0 0 0 0 0 1 0 0 0
159 2 0 0 1 0 0 1 0 0 0 0 0 0
162 4 1 1 2 0 0 0 0 0 1 0 0 0
164 3 0 0 1 0 0 1 0 0 0 0 0 0
165 2 0 0 0 0 0 0 0 0 1 1 0 0
174 2 0 0 1 0 0 0 0 0 0 0 0 0
175 3 1 1 0 0 0 0 0 0 1 1 0 0
180 2 0 0 0 0 0 0 0 0 1 0 0 0
181 3 1 1 2 0 0 1 0 0 0 0 0 0
184 3 0 0 2 0 0 0 0 0 1 1 0 0
fl=./elf/./setup-vdso.h
fn=dl_main
24 2 0 0 1 0 0 0 0 0 1 1 0 0
fl=./iconv/./iconv/gconv_simple.c
fn=__gconv_btwoc_ascii
49 128 1 1 0 0 0 0 0 0 0 0 0 0
51 512 0 0 0 0 0 0 0 0 0 0 0 0
54 128 0 0 128 0 0 0 0 0 0 0 0 0
fl=./io/../sysdeps/unix/sysv/linux/access.c
fn=access
25 1 0 0 0 0 0 0 0 0 0 0 0 0
27 7 0 0 0 0 0 1 0 0 1 1 0 0
31 1 0 0 1 0 0 0 0 0 0 0 0 0
fl=./io/../sysdeps/unix/sysv/linux/close_nocancel.c
fn=__GI___close_nocancel
25 6 1 1 0 0 0 0 0 0 0 0 0 0
26 24 0 0 0 0 0 0 0 0 6 0 0 0
27 6 0 0 6 0 0 0 0 0 0 0 0 0
fn=__close_nocancel
25 12 3 3 0 0 0 0 0 0 0 0 0 0
26 48 3 3 0 0 0 0 0 0 12 1 0 0
27 12 0 0 12 0 0 0 0 0 0 0 0 0
fl=./io/../sysdeps/unix/sysv/linux/fstat64.c
fn=fstat
30 7 2 2 0 0 0 0 0 0 0 0 0 0
39 28 2 2 0 0 0 0 0 0 7 0 0 0
72 7 0 0 7 0 0 0 0 0 0 0 0 0
fl=./io/../sysdeps/unix/sysv/linux/fstatat64.c
fn=fstatat
91 18 0 0 0 0 0 0 0 0 0 0 0 0
146 18 0 0 0 0 0 0 0 0 0 0 0 0
160 14 1 1 0 0 0 7 0 0 0 0 0 0
161 34 0 0 7 0 0 0 0 0 9 5 0 0
162 2 0 0 2 0 0 0 0 0 0 0 0 0
fl=./io/../sysdeps/unix/sysv/linux/open64.c
fn=open
30 96 3 3 8 0 0 40 0 0 0 0 0 0
33 48 1 1 0 0 0 0 0 0 14 2 0 0
36 10 2 2 0 0 0 6 0 0 0 0 0 0
37 2 0 0 2 0 0 0 0 0 0 0 0 0
41 117 2 2 18 0 0 20 0 0 16 2 0 0
43 64 3 3 48 0 0 0 0 0 8 0 0 0
fl=./io/../sysdeps/unix/sysv/linux/open64_nocancel.c
fn=__open_nocancel
28 164 5 5 4 0 0 78 6 6 0 0 0 0
31 259 0 0 0 0 0 0 0 0 74 3 0 0
39 340 1 1 0 0 0 27 0 0 37 6 0 0
41 86 0 0 82 3 0 0 0 0 4 0 0 0
fl=./io/../sysdeps/unix/sysv/linux/pread64_nocancel.c
fn=__pread64_nocancel
25 4 0 0 0 0 0 0 0 0 0 0 0 0
26 8 0 0 0 0 0 0 0 0 2 0 0 0
27 2 0 0 2 0 0 0 0 0 0 0 0 0
fl=./io/../sysdeps/unix/sysv/linux/read.c
fn=read
25 17818 2 2 0 0 0 9316 0 0 0 0 0 0
26 44025 1 1 13160 2 0 6987 1 0 7688 1 0 0
27 6173 0 0 6173 0 0 0 0 0 0 0 0 0
fl=./io/../sysdeps/unix/sysv/linux/read_nocancel.c
fn=__read_nocancel
25 9 3 3 0 0 0 0 0 0 0 0 0 0
26 36 0 0 0 0 0 0 0 0 9 1 0 0
27 9 0 0 9 0 0 0 0 0 0 0 0 0
fl=./io/../sysdeps/unix/sysv/linux/stat64.c
fn=stat
28 18 0 0 0 0 0 0 0 0 0 0 0 0
29 36 0 0 0 0 0 0 0 0 0 0 0 0
fl=./io/../sysdeps/unix/sysv/linux/write.c
fn=write
25 100 5 5 0 0 0 56 1 0 0 0 0 0
26 222 0 0 72 0 0 42 0 0 32 8 0 0
27 30 0 0 30 0 0 0 0 0 0 0 0 0
fl=./libio/../include/printf_buffer.h
fn=__vsnprintf_internal
124 108 0 0 0 0 0 36 36 36 0 0 0 0
127 36 0 0 0 0 0 36 0 0 0 0 0 0
128 36 0 0 0 0 0 36 0 0 0 0 0 0
137 72 0 0 0 0 0 36 0 0 0 0 0 0
fn=vsnprintf
124 24 0 0 0 0 0 8 1 0 0 0 0 0
127 8 0 0 0 0 0 8 0 0 0 0 0 0
128 8 0 0 0 0 0 8 1 0 0 0 0 0
137 16 0 0 0 0 0 8 0 0 0 0 0 0
fl=./libio/../include/sys/sysmacros.h
fn=_IO_file_doallocate
47 6 0 0 0 0 0 0 0 0 0 0 0 0
fl=./libio/./libio/filedoalloc.c
fn=_IO_file_doallocate
78 11 2 2 1 0 0 5 0 0 0 0 0 0
84 9 1 1 3 2 0 1 0 0 2 0 1 1
86 4 0 0 1 0 0 0 0 0 1 1 0 0
89 2 1 1 0 0 0 0 0 0 1 0 0 0
91 2 1 1 1 0 0 0 0 0 0 0 0 0
94 2 0 0 1 0 0 0 0 0 0 0 0 0
97 4 0 0 1 0 0 0 0 0 1 1 0 0
101 3 0 0 0 0 0 1 0 0 0 0 0 0
102 2 0 0 0 0 0 0 0 0 1 0 0 0
104 4 1 1 0 0 0 1 0 0 0 0 0 0
105 1 0 0 0 0 0 0 0 0 0 0 0 0
106 9 0 0 7 0 0 0 0 0 1 1 0 0
fl=./libio/./libio/fileno.c
fn=fileno
32 3846 3 2 0 0 0 0 0 0 0 0 0 0
35 19230 0 0 7692 8 0 0 0 0 7692 2 0 0
42 3846 0 0 3846 0 0 0 0 0 0 0 0 0
fl=./libio/./libio/fileops.c
fn=_IO_do_write@@GLIBC_2.2.5
424 169 3 2 0 0 0 84 0 0 0 0 0 0
426 101 0 0 0 0 0 0 0 0 15 3 0 0
427 113 0 0 99 0 0 0 0 0 0 0 0 0
434 28 3 2 14 0 0 0 0 0 14 0 0 0
441 56 0 0 28 0 0 0 0 0 14 4 0 0
444 14 0 0 14 0 0 0 0 0 0 0 0 0
449 70 0 0 14 2 1 14 0 0 0 0 14 1
450 70 3 2 14 0 0 0 0 0 14 0 0 0
452 42 0 0 14 0 0 28 0 0 0 0 0 0
453 28 0 0 0 0 0 14 0 0 0 0 0 0
454 14 0 0 0 0 0 14 0 0 0 0 0 0
455 28 3 2 14 0 0 0 0 0 14 4 0 0
456 56 0 0 14 0 0 0 0 0 14 3 0 0
fn=_IO_file_close
1165 8 3 2 0 0 0 0 0 0 0 0 0 0
1168 16 0 0 8 0 0 0 0 0 0 0 0 0
fn=_IO_file_close_it@@GLIBC_2.2.5
128 56 3 2 0 0 0 32 0 0 0 0 0 0
130 24 0 0 8 0 0 0 0 0 8 0 0 0
133 16 3 2 0 0 0 0 0 0 8 1 0 0
134 24 0 0 8 0 0 0 0 0 0 0 0 0
137 8 0 0 0 0 0 0 0 0 0 0 0 0
139 16 0 0 0 0 0 8 0 0 0 0 0 0
142 56 3 2 24 4 0 8 0 0 8 6 8 1
145 24 0 0 8 4 0 0 0 0 8 2 0 0
153 40 3 2 0 0 0 8 0 0 0 0 0 0
154 32 0 0 0 0 0 24 0 0 0 0 0 0
157 16 0 0 0 0 0 8 0 0 0 0 0 0
158 8 0 0 0 0 0 8 0 0 0 0 0 0
159 8 0 0 0 0 0 8 0 0 0 0 0 0
160 8 0 0 0 0 0 8 0 0 0 0 0 0
162 16 3 2 0 0 0 0 0 0 0 0 0 0
163 56 0 0 40 0 0 0 0 0 0 0 0 0
fn=_IO_file_finish@@GLIBC_2.2.5
168 48 3 2 0 0 0 24 0 0 0 0 0 0
169 16 0 0 8 0 0 0 0 0 8 5 0 0
175 24 3 2 0 0 0 0 0 0 0 0 0 0
176 24 0 0 24 0 0 0 0 0 0 0 0 0
fn=_IO_file_fopen@@GLIBC_2.2.5
213 96 3 2 8 0 0 56 0 0 0 0 0 0
214 6 2 1 0 0 0 0 0 0 0 0 0 0
222 16 0 0 8 0 0 0 0 0 8 2 0 0
224 60 5 3 8 8 3 0 0 0 10 6 0 0
227 6 0 0 0 0 0 0 0 0 0 0 0 0
228 12 0 0 0 0 0 0 0 0 0 0 0 0
247 96 6 4 8 0 0 0 0 0 32 13 0 0
281 40 3 2 0 0 0 8 0 0 0 0 0 0
284 16 0 0 0 0 0 0 0 0 8 0 0 0
287 32 0 0 0 0 0 8 0 0 0 0 0 0
288 16 0 0 0 0 0 0 0 0 8 5 0 0
357 96 1 1 72 0 0 0 0 0 8 0 0 0
fn=_IO_file_open
182 96 3 2 0 0 0 32 0 0 0 0 0 0
184 16 3 2 8 0 0 0 0 0 8 0 0 0
185 8 0 0 0 0 0 0 0 0 0 0 0 0
188 16 0 0 0 0 0 8 0 0 0 0 0 0
189 16 0 0 0 0 0 0 0 0 8 7 0 0
191 8 0 0 0 0 0 8 0 0 0 0 0 0
192 48 0 0 8 0 0 8 0 0 0 0 0 0
195 24 0 0 0 0 0 0 0 0 8 4 0 0
205 16 3 2 0 0 0 8 0 0 0 0 0 0
206 8 0 0 0 0 0 0 0 0 0 0 0 0
207 48 3 2 40 0 0 0 0 0 0 0 0 0
fn=_IO_file_overflow@@GLIBC_2.2.5
732 600 6 4 0 0 0 300 0 0 0 0 0 0
733 300 0 0 75 0 0 0 0 0 75 2 0 0
740 373 0 0 75 0 0 0 0 0 149 3 0 0
743 2 1 1 0 0 0 0 0 0 1 1 0 0
745 2 1 1 0 0 0 1 0 0 0 0 0 0
746 6 0 0 1 0 0 2 0 0 0 0 0 0
755 3 1 1 1 0 0 0 0 0 1 0 0 0
764 3 0 0 1 0 0 0 0 0 1 1 0 0
765 1 0 0 0 0 0 0 0 0 0 0 0 0
766 1 0 0 0 0 0 1 0 0 0 0 0 0
767 1 0 0 0 0 0 1 0 0 0 0 0 0
768 1 0 0 0 0 0 1 0 0 0 0 0 0
769 3 0 0 1 0 0 2 0 0 0 0 0 0
771 3 0 0 0 0 0 1 0 0 0 0 0 0
772 5 1 1 1 0 0 0 0 0 1 0 0 0
773 2 0 0 0 0 0 1 0 0 0 0 0 0
775 150 1 1 0 0 0 0 0 0 75 2 0 0
776 28 0 0 0 0 0 0 0 0 0 0 0 0
777 88 0 0 74 0 0 0 0 0 0 0 0 0
778 122 0 0 61 0 0 0 0 0 61 0 0 0
781 183 0 0 0 0 0 122 1 1 0 0 0 0
782 183 0 0 61 0 0 0 0 0 61 0 0 0
783 244 0 0 0 0 0 0 0 0 61 2 0 0
784 4 0 0 0 0 0 1 0 0 1 1 0 0
785 3 0 0 2 0 0 0 0 0 0 0 0 0
787 61 0 0 0 0 0 0 0 0 0 0 0 0
788 436 2 1 361 0 0 0 0 0 0 0 0 0
fn=_IO_file_setbuf@@GLIBC_2.2.5
382 6 1 1 0 0 0 2 0 0 0 0 0 0
383 3 0 0 0 0 0 1 0 0 1 0 0 0
386 1 0 0 1 0 0 0 0 0 0 0 0 0
388 3 0 0 0 0 0 3 0 0 0 0 0 0
390 2 0 0 0 0 0 0 0 0 0 0 0 0
391 3 0 0 3 0 0 0 0 0 0 0 0 0
fn=_IO_file_stat
1147 1 1 1 0 0 0 0 0 0 0 0 0 0
1148 2 0 0 1 0 0 0 0 0 0 0 0 0
fn=_IO_file_sync@@GLIBC_2.2.5
793 77 1 1 0 0 0 33 0 0 0 0 0 0
798 44 0 0 22 1 1 0 0 0 11 0 0 0
800 11 1 1 11 0 0 0 0 0 0 0 0 0
801 22 0 0 11 0 0 0 0 0 11 3 0 0
812 22 1 1 0 0 0 11 0 0 0 0 0 0
816 55 0 0 44 0 0 0 0 0 0 0 0 0
fn=_IO_file_write@@GLIBC_2.2.5
1174 112 3 2 0 0 0 70 0 0 0 0 0 0
1175 28 0 0 0 0 0 0 0 0 0 0 0 0
1176 84 0 0 0 0 0 0 0 0 28 6 0 0
1180 42 3 2 14 0 0 0 0 0 0 0 0 0
1181 42 0 0 14 0 0 14 0 0 14 2 0 0
1182 28 0 0 0 0 0 0 0 0 14 0 0 0
1187 14 0 0 0 0 0 0 0 0 0 0 0 0
1188 14 0 0 0 0 0 0 0 0 0 0 0 0
1190 42 0 0 0 0 0 0 0 0 0 0 0 0
1191 42 0 0 14 0 0 0 0 0 14 4 0 0
1194 84 0 0 84 0 0 0 0 0 0 0 0 0
fn=_IO_file_xsputn@@GLIBC_2.2.5
444 26 3 2 0 0 0 0 0 0 0 0 0 0
446 26 0 0 0 0 0 0 0 0 0 0 0 0
1198 126 3 2 0 0 0 84 0 0 0 0 0 0
1200 1 1 1 0 0 0 0 0 0 0 0 0 0
1204 56 3 2 0 0 0 0 0 0 14 0 0 0
1205 14 0 0 0 0 0 0 0 0 0 0 0 0
1211 56 0 0 14 0 0 0 0 0 14 3 0 0
1213 54 2 1 27 2 1 0 0 0 0 0 0 0
1214 26 0 0 0 0 0 0 0 0 13 3 0 0
1217 39 3 2 0 0 0 0 0 0 13 3 0 0
1219 39 0 0 13 1 0 0 0 0 13 2 0 0
1221 13 0 0 0 0 0 0 0 0 0 0 0 0
1228 3 0 0 1 0 0 0 0 0 1 1 0 0
1232 39 0 0 0 0 0 0 0 0 13 2 0 0
1234 26 0 0 0 0 0 0 0 0 0 0 0 0
1236 65 0 0 0 0 0 39 0 0 0 0 0 0
1237 13 0 0 0 0 0 0 0 0 0 0 0 0
1238 39 0 0 13 0 0 0 0 0 0 0 0 0
1240 26 0 0 0 0 0 0 0 0 13 0 0 0
1244 84 2 1 28 0 0 14 0 0 14 0 14 1
1250 28 0 0 28 0 0 0 0 0 0 0 0 0
1251 70 3 2 0 0 0 0 0 0 14 0 0 0
1253 42 0 0 0 0 0 0 0 0 14 0 0 0
1264 28 0 0 0 0 0 0 0 0 14 3 0 0
1265 4 0 0 0 0 0 1 0 0 0 0 0 0
1267 3 0 0 0 0 0 0 0 0 0 0 0 0
1268 126 1 1 98 0 0 0 0 0 0 0 0 0
fn=_IO_new_file_init_internal
106 48 3 2 0 0 0 16 0 0 0 0 0 0
110 8 0 0 0 0 0 8 0 0 0 0 0 0
111 8 0 0 8 0 0 0 0 0 0 0 0 0
113 8 0 0 0 0 0 8 0 0 0 0 0 0
114 8 0 0 0 0 0 8 0 0 0 0 0 0
115 24 0 0 24 0 0 0 0 0 0 0 0 0
fl=./libio/./libio/genops.c
fn=_IO_cleanup
776 6 0 0 0 0 0 3 0 0 0 0 0 0
777 17 2 2 7 0 0 1 0 0 3 1 0 0
780 12 2 2 4 0 0 0 0 0 4 1 0 0
784 3 0 0 0 0 0 3 0 0 0 0 0 0
785 54 1 1 21 0 0 3 0 0 12 2 0 0
792 9 0 0 3 0 0 0 0 0 3 1 0 0
794 6 0 0 2 0 0 0 0 0 2 1 0 0
796 4 1 1 1 0 0 0 0 0 1 1 0 0
798 2 0 0 0 0 0 1 0 0 0 0 0 0
800 3 0 0 2 0 0 1 0 0 0 0 0 0
801 1 0 0 0 0 0 1 0 0 0 0 0 0
805 5 0 0 2 0 0 1 0 0 0 0 1 1
807 3 0 0 1 0 0 0 0 0 1 0 0 0
814 3 1 1 0 0 0 3 0 0 0 0 0 0
816 34 1 1 13 0 0 3 0 0 15 8 0 0
817 3 0 0 0 0 0 3 0 0 0 0 0 0
821 9 1 1 4 0 0 1 0 0 4 2 0 0
822 2 0 0 0 0 0 1 0 0 0 0 0 0
842 12 2 2 1 0 0 7 0 0 0 0 0 0
843 2 0 0 0 0 0 1 0 0 0 0 0 0
855 12 1 1 9 0 0 0 0 0 1 1 0 0
fn=_IO_default_finish
54 16 0 0 8 0 0 0 0 0 8 5 0 0
601 48 3 2 0 0 0 16 0 0 0 0 0 0
603 24 0 0 8 0 0 0 0 0 8 5 0 0
609 24 0 0 8 0 0 0 0 0 8 4 0 0
612 24 3 2 8 0 0 0 0 0 8 5 0 0
624 24 0 0 24 0 0 0 0 0 0 0 0 0
fn=_IO_default_setbuf
330 5 0 0 1 0 0 0 0 0 1 1 0 0
332 1 0 0 0 0 0 1 0 0 0 0 0 0
333 1 0 0 0 0 0 1 0 0 0 0 0 0
337 2 0 0 0 0 0 1 0 0 0 0 0 0
452 10 1 1 0 0 0 5 0 0 0 0 0 0
453 5 1 1 2 0 0 1 0 0 1 0 1 1
455 4 0 0 0 0 0 0 0 0 1 1 0 0
457 3 1 1 1 0 0 1 0 0 0 0 0 0
458 2 1 1 0 0 0 0 0 0 0 0 0 0
462 1 0 0 0 0 0 0 0 0 0 0 0 0
466 4 0 0 0 0 0 3 0 0 0 0 0 0
467 1 0 0 0 0 0 0 0 0 0 0 0 0
468 6 0 0 6 0 0 0 0 0 0 0 0 0
fn=_IO_default_xsputn
371 11 1 1 0 0 0 7 0 0 0 0 0 0
373 2 0 0 0 0 0 0 0 0 0 0 0 0
374 4 0 0 0 0 0 0 0 0 1 1 0 0
375 1 1 1 1 0 0 0 0 0 0 0 0 0
379 248 1 1 124 0 0 0 0 0 62 2 0 0
399 612 1 1 183 1 1 61 0 0 123 3 61 1
401 61 0 0 0 0 0 0 0 0 0 0 0 0
404 8 0 0 7 0 0 0 0 0 0 0 0 0
fn=_IO_doallocbuf
343 8 1 1 0 0 0 4 0 0 0 0 0 0
344 2 0 0 1 0 0 0 0 0 1 1 0 0
346 3 0 0 1 0 0 0 0 0 1 0 0 0
347 5 1 1 2 1 0 1 0 0 1 1 1 1
350 6 1 1 5 0 0 0 0 0 0 0 0 0
fn=_IO_enable_locks
518 2 2 2 0 0 0 0 0 0 0 0 0 0
521 6 0 0 2 2 0 0 0 0 2 2 0 0
523 1 0 0 0 0 0 1 0 0 0 0 0 0
524 9 0 0 0 0 0 0 0 0 4 2 0 0
525 3 0 0 3 3 0 0 0 0 0 0 0 0
526 2 0 0 2 0 0 0 0 0 0 0 0 0
1044 1 0 0 1 1 0 0 0 0 0 0 0 0
1058 3 0 0 3 0 0 0 0 0 0 0 0 0
fn=_IO_flush_all
686 12 1 1 1 0 0 7 0 0 0 0 0 0
687 1 0 0 0 0 0 0 0 0 0 0 0 0
691 6 1 1 0 0 0 3 0 0 0 0 0 0
692 14 1 1 4 0 0 1 0 0 3 0 0 0
695 12 0 0 4 1 0 0 0 0 4 1 0 0
697 3 1 1 0 0 0 3 0 0 0 0 0 0
698 51 1 1 21 2 2 3 0 0 12 3 0 0
700 21 1 1 9 2 2 0 0 0 6 1 0 0
708 36 3 3 18 0 0 3 0 0 15 7 0 0
709 3 0 0 0 0 0 3 0 0 0 0 0 0
713 9 1 1 4 0 0 1 0 0 4 2 0 0
714 2 1 1 0 0 0 1 0 0 0 0 0 0
718 12 0 0 9 0 0 0 0 0 1 0 0 0
fn=_IO_link_in
87 112 3 2 0 0 0 64 0 0 0 0 0 0
88 80 0 0 32 0 0 16 0 0 16 8 0 0
90 16 3 2 0 0 0 8 0 0 0 0 0 0
92 56 0 0 0 0 0 24 0 0 0 0 0 0
93 97 4 3 29 0 0 11 0 0 18 9 0 0
94 8 2 2 0 0 0 8 0 0 0 0 0 0
95 117 6 5 47 0 0 11 0 0 26 12 0 0
97 16 2 2 8 3 1 8 0 0 0 0 0 0
98 8 0 0 0 0 0 8 0 0 0 0 0 0
100 80 2 2 28 0 0 11 0 0 28 3 0 0
101 8 0 0 0 0 0 8 0 0 0 0 0 0
102 73 3 2 23 0 0 11 0 0 23 3 0 0
103 16 1 1 0 0 0 8 0 0 0 0 0 0
106 152 0 0 112 0 0 0 0 0 16 0 0 0
fn=_IO_no_init
563 88 3 2 0 0 0 40 0 0 0 0 0 0
564 8 0 0 0 0 0 8 0 0 0 0 0 0
565 8 3 2 0 0 0 8 3 2 0 0 0 0
566 16 0 0 0 0 0 0 0 0 8 0 0 0
568 8 0 0 0 0 0 8 0 0 0 0 0 0
572 48 0 0 0 0 0 40 0 0 0 0 0 0
579 8 0 0 0 0 0 8 8 2 0 0 0 0
581 8 0 0 0 0 0 8 2 0 0 0 0 0
587 8 3 2 0 0 0 8 0 0 0 0 0 0
588 48 0 0 48 0 0 0 0 0 0 0 0 0
fn=_IO_old_init
531 8 3 2 0 0 0 0 0 0 0 0 0 0
532 16 0 0 0 0 0 8 0 0 0 0 0 0
534 48 3 2 8 3 1 8 0 0 0 0 0 0
539 56 0 0 0 0 0 48 3 2 0 0 0 0
544 8 0 0 0 0 0 8 0 0 0 0 0 0
550 16 0 0 0 0 0 8 0 0 0 0 0 0
555 24 0 0 8 0 0 0 0 0 8 6 0 0
556 16 0 0 0 0 0 16 3 2 0 0 0 0
558 8 0 0 8 0 0 0 0 0 0 0 0 0
fn=_IO_setb
329 99 6 4 0 0 0 45 0 0 0 0 0 0
330 36 0 0 18 0 0 0 0 0 9 6 0 0
332 9 0 0 0 0 0 9 0 0 0 0 0 0
333 9 0 0 0 0 0 9 0 0 0 0 0 0
335 54 0 0 0 0 0 9 0 0 0 0 0 0
338 54 0 0 54 0 0 0 0 0 0 0 0 0
fn=_IO_un_link
53 16 3 2 0 0 0 0 0 0 0 0 0 0
54 32 0 0 16 0 0 0 0 0 16 5 0 0
82 16 0 0 8 0 0 0 0 0 0 0 0 0
fn=_IO_unsave_markers
937 48 3 2 0 0 0 16 0 0 0 0 0 0
939 16 0 0 8 0 0 0 0 0 8 0 0 0
944 24 0 0 8 4 0 0 0 0 8 5 0 0
946 24 3 2 24 0 0 0 0 0 0 0 0 0
fn=__GI__IO_un_link.part.0
52 80 4 2 8 0 0 40 0 0 0 0 0 0
58 48 3 2 0 0 0 24 0 0 0 0 0 0
59 100 4 3 29 4 0 11 0 0 18 3 0 0
60 8 0 0 0 0 0 8 0 0 0 0 0 0
61 139 5 3 47 4 0 11 0 0 26 2 0 0
63 24 1 1 8 4 0 0 0 0 8 4 0 0
65 16 3 2 0 0 0 0 0 0 8 6 0 0
66 24 2 1 8 0 0 8 0 0 0 0 0 0
74 21 0 0 5 0 0 8 0 0 0 0 0 0
76 105 6 5 31 0 0 11 0 0 34 4 0 0
77 8 2 2 0 0 0 8 0 0 0 0 0 0
78 73 2 1 23 0 0 11 0 0 23 2 0 0
79 16 1 1 0 0 0 8 0 0 0 0 0 0
82 72 2 1 56 0 0 0 0 0 8 0 0 0
fl=./libio/./libio/iofclose.c
fn=fclose@@GLIBC_2.2.5
34 64 3 2 0 0 0 32 0 0 0 0 0 0
48 24 0 0 8 0 0 0 0 0 8 4 0 0
49 8 3 2 0 0 0 8 0 0 0 0 0 0
51 129 5 3 50 0 0 11 0 0 26 2 0 0
52 21 1 1 5 0 0 0 0 0 8 0 0 0
53 24 0 0 0 0 0 8 0 0 0 0 0 0
57 32 3 2 16 4 0 8 0 0 0 0 8 1
58 24 0 0 8 0 0 0 0 0 8 0 0 0
71 16 0 0 8 0 0 0 0 0 8 4 0 0
76 56 0 0 40 0 0 0 0 0 0 0 0 0
fl=./libio/./libio/iofflush.c
fn=fflush
32 60 2 2 0 0 0 30 0 0 0 0 0 0
33 20 0 0 0 0 0 0 0 0 10 0 0 0
39 180 2 2 70 4 1 10 0 0 40 15 0 0
40 50 0 0 20 3 1 10 0 0 0 0 10 1
44 50 0 0 40 0 0 0 0 0 0 0 0 0
fl=./libio/./libio/iofopen.c
fn=fopen@@GLIBC_2.2.5
37 16 0 0 8 0 0 0 0 0 8 3 0 0
65 16 0 0 0 0 0 8 0 0 0 0 0 0
67 24 3 2 0 0 0 0 0 0 8 0 0 0
70 16 0 0 0 0 0 8 3 2 0 0 0 0
72 56 0 0 0 0 0 8 0 0 0 0 0 0
73 16 0 0 0 0 0 8 0 0 0 0 0 0
74 16 3 2 0 0 0 8 0 0 0 0 0 0
75 56 0 0 0 0 0 8 0 0 8 0 0 0
85 72 3 2 0 0 0 40 0 0 0 0 0 0
87 56 3 2 48 0 0 0 0 0 0 0 0 0
fl=./libio/./libio/iofwrite.c
fn=fwrite
31 126 3 2 0 0 0 84 0 0 0 0 0 0
32 28 0 0 0 0 0 0 0 0 0 0 0 0
35 84 0 0 0 0 0 0 0 0 14 0 0 0
37 256 6 4 120 11 3 30 0 0 52 2 0 0
38 69 3 2 14 3 1 1 0 0 27 6 0 0
39 98 0 0 42 3 1 28 0 0 0 0 14 1
45 80 0 0 0 0 0 0 0 0 14 3 0 0
46 14 0 0 0 0 0 0 0 0 0 0 0 0
49 126 0 0 98 0 0 0 0 0 0 0 0 0
fl=./libio/./libio/libioP.h
fn=_IO_cleanup
1025 3 0 0 0 0 0 0 0 0 0 0 0 0
1026 2 0 0 0 0 0 0 0 0 1 0 0 0
fn=_IO_default_setbuf
1025 3 0 0 0 0 0 0 0 0 0 0 0 0
1026 2 0 0 0 0 0 0 0 0 1 0 0 0
fn=_IO_default_xsputn
1025 123 0 0 0 0 0 0 0 0 0 0 0 0
1026 122 0 0 0 0 0 0 0 0 61 2 0 0
fn=_IO_do_write@@GLIBC_2.2.5
1025 42 3 2 0 0 0 0 0 0 0 0 0 0
1026 28 0 0 0 0 0 0 0 0 14 0 0 0
fn=_IO_doallocbuf
1025 3 0 0 0 0 0 0 0 0 0 0 0 0
1026 2 0 0 0 0 0 0 0 0 1 0 0 0
fn=_IO_file_close_it@@GLIBC_2.2.5
1025 24 0 0 0 0 0 0 0 0 0 0 0 0
1026 16 0 0 0 0 0 0 0 0 8 0 0 0
fn=_IO_file_doallocate
1025 3 0 0 0 0 0 0 0 0 0 0 0 0
1026 2 0 0 0 0 0 0 0 0 1 0 0 0
fn=_IO_file_xsputn@@GLIBC_2.2.5
1025 42 0 0 0 0 0 0 0 0 0 0 0 0
1026 28 0 0 0 0 0 0 0 0 14 2 0 0
fn=_IO_flush_all
1025 2 0 0 0 0 0 0 0 0 0 0 0 0
fn=fclose@@GLIBC_2.2.5
951 32 3 2 16 10 1 0 0 0 0 0 0 0
952 32 0 0 8 6 0 0 0 0 16 0 0 0
958 16 0 0 0 0 0 8 0 0 0 0 0 0
979 32 0 0 8 0 0 0 0 0 8 0 0 0
980 77 2 2 34 0 0 11 0 0 26 5 0 0
1025 24 0 0 0 0 0 0 0 0 0 0 0 0
1026 16 0 0 0 0 0 0 0 0 8 0 0 0
fn=fflush
979 20 0 0 10 0 0 0 0 0 10 0 0 0
980 100 1 1 50 0 0 10 0 0 40 6 0 0
1025 30 0 0 0 0 0 0 0 0 0 0 0 0
1026 20 0 0 0 0 0 0 0 0 10 2 0 0
fn=fwrite
979 28 0 0 14 0 0 0 0 0 14 3 0 0
980 138 4 3 66 0 0 16 0 0 52 2 0 0
1025 28 0 0 0 0 0 0 0 0 0 0 0 0
1026 28 3 2 0 0 0 0 0 0 14 0 0 0
fl=./libio/./libio/vsnprintf.c
fn=__vsnprintf_internal
63 72 0 0 0 0 0 0 0 0 36 0 0 0
66 36 0 0 0 0 0 36 0 0 0 0 0 0
75 108 0 0 72 0 0 0 0 0 36 0 0 0
76 36 0 0 0 0 0 36 0 0 0 0 0 0
87 72 0 0 0 0 0 36 0 0 0 0 0 0
93 468 4 4 36 0 0 108 36 36 0 0 0 0
96 108 2 2 0 0 0 36 36 36 0 0 0 0
98 216 0 0 180 0 0 0 0 0 36 0 0 0
fn=vsnprintf
63 16 0 0 0 0 0 0 0 0 8 0 0 0
66 8 0 0 0 0 0 8 0 0 0 0 0 0
75 24 0 0 16 0 0 0 0 0 8 0 0 0
76 8 0 0 0 0 0 8 0 0 0 0 0 0
87 16 0 0 0 0 0 8 0 0 0 0 0 0
96 32 2 2 0 0 0 8 0 0 0 0 0 0
102 88 4 4 8 0 0 24 0 0 0 0 0 0
104 48 2 2 40 0 0 0 0 0 8 0 0 0
fl=./libio/./libio/vtables.c
fn=check_stdfiles_vtables
545 1 1 1 0 0 0 0 0 0 0 0 0 0
546 4 0 0 2 2 0 0 0 0 1 1 0 0
547 3 1 1 2 1 0 0 0 0 1 1 0 0
548 3 0 0 2 1 0 0 0 0 1 0 0 0
550 1 0 0 1 0 0 0 0 0 0 0 0 0
fl=./locale/./locale/newlocale.c
fn=newlocale
43 15 2 2 1 0 0 8 0 0 0 0 0 0
55 2 0 0 0 0 0 0 0 0 1 1 0 0
56 1 0 0 0 0 0 1 0 0 0 0 0 0
63 2 1 1 0 0 0 0 0 0 1 0 0 0
66 3 0 0 0 0 0 0 0 0 1 0 0 0
73 4 2 2 2 0 0 0 0 0 2 1 0 0
75 1 0 0 0 0 0 0 0 0 0 0 0 0
277 12 1 1 9 0 0 0 0 0 1 0 0 0
fl=./locale/./locale/uselocale.c
fn=uselocale
30 18 3 2 0 0 0 0 0 0 0 0 0 0
31 54 3 2 36 5 0 0 0 0 0 0 0 0
33 36 0 0 0 0 0 0 0 0 18 2 0 0
36 36 0 0 0 0 0 0 0 0 0 0 0 0
37 18 0 0 0 0 0 18 0 0 0 0 0 0
65 54 0 0 36 5 0 18 0 0 0 0 0 0
66 54 0 0 36 0 0 18 0 0 0 0 0 0
68 54 3 2 36 2 0 18 0 0 0 0 0 0
72 54 0 0 0 0 0 0 0 0 0 0 0 0
73 18 0 0 18 0 0 0 0 0 0 0 0 0
fl=./malloc/../string/bits/string_fortified.h
fn=calloc
59 96 0 0 0 0 0 0 0 0 0 0 0 0
fn=tcache_init.part.0
59 3256 1 1 0 0 0 2997 333 333 2960 69 0 0
fl=./malloc/../sysdeps/unix/sysv/linux/not-cancel.h
fn=ptmalloc_init.part.0
97 6 1 1 0 0 0 0 0 0 0 0 0 0
fl=./malloc/./malloc/arena.c
fn=__malloc_arena_thread_freeres
55 1385 0 0 1385 0 0 0 0 0 0 0 0 0
147 8310 0 0 0 0 0 0 0 0 0 0 0 0
153 5633 0 0 1385 408 103 0 0 0 1416 31 0 0
893 324 2 2 0 0 0 216 0 0 0 0 0 0
899 72 2 2 72 0 0 0 0 0 0 0 0 0
900 36 0 0 0 0 0 36 0 0 0 0 0 0
902 72 0 0 0 0 0 0 0 0 36 1 0 0
904 144 0 0 36 0 0 0 0 0 36 0 0 0
907 108 0 0 36 0 0 0 0 0 36 0 0 0
908 108 2 2 0 0 0 36 0 0 36 0 0 0
910 72 0 0 36 0 0 36 0 0 0 0 0 0
911 36 0 0 0 0 0 36 0 0 0 0 0 0
913 144 0 0 72 0 0 0 0 0 72 2 0 0
915 288 0 0 252 0 0 0 0 0 0 0 0 0
fn=_int_free_maybe_consolidate
55 17415 2 1 3483 0 0 0 0 0 3483 9 0 0
147 3483 0 0 0 0 0 0 0 0 0 0 0 0
545 10449 0 0 0 0 0 0 0 0 3483 6 0 0
572 3483 2 1 0 0 0 0 0 0 0 0 0 0
585 10449 4 2 3483 88 2 0 0 0 0 0 0 0
586 6966 0 0 3483 0 0 0 0 0 3483 6 0 0
fn=_int_malloc
55 7620 2 1 1524 0 0 0 0 0 1524 130 0 0
147 4572 0 0 0 0 0 0 0 0 0 0 0 0
479 1524 0 0 1524 0 0 0 0 0 0 0 0 0
483 4572 0 0 0 0 0 0 0 0 0 0 0 0
484 1524 0 0 0 0 0 0 0 0 0 0 0 0
485 3048 0 0 0 0 0 0 0 0 1524 4 0 0
488 4572 0 0 1524 0 0 0 0 0 1524 0 0 0
490 21336 2 1 6096 0 0 6096 1351 6 1524 0 0 0
495 3048 0 0 0 0 0 1524 0 0 0 0 0 0
498 1524 0 0 0 0 0 1524 0 0 0 0 0 0
499 1524 0 0 0 0 0 0 0 0 0 0 0 0
fn=alloc_new_heap
49 72 1 1 18 0 0 0 0 0 18 6 0 0
55 36 0 0 0 0 0 0 0 0 0 0 0 0
380 162 2 2 0 0 0 108 15 15 0 0 0 0
387 54 0 0 0 0 0 0 0 0 18 0 0 0
389 36 0 0 0 0 0 0 0 0 18 0 0 0
390 18 0 0 0 0 0 0 0 0 0 0 0 0
395 126 0 0 0 0 0 18 0 0 0 0 0 0
402 54 0 0 18 1 0 0 0 0 18 11 0 0
404 84 1 1 0 0 0 8 8 8 0 0 0 0
405 8 0 0 0 0 0 8 0 0 0 0 0 0
406 48 0 0 0 0 0 8 0 0 16 1 0 0
408 3 0 0 0 0 0 1 0 0 0 0 0 0
414 88 1 1 0 0 0 11 9 9 0 0 0 0
415 22 0 0 0 0 0 0 0 0 11 0 0 0
417 11 0 0 0 0 0 0 0 0 0 0 0 0
418 55 0 0 0 0 0 11 0 0 0 0 0 0
420 33 0 0 0 0 0 0 0 0 11 3 0 0
421 15 1 1 3 0 0 6 0 0 0 0 0 0
423 19 1 1 0 0 0 8 0 0 0 0 0 0
424 55 0 0 0 0 0 11 0 0 0 0 0 0
441 108 1 1 0 0 0 18 0 0 18 3 0 0
448 72 0 0 0 0 0 18 0 0 0 0 0 0
453 36 0 0 18 0 0 18 0 0 0 0 0 0
455 18 0 0 0 0 0 18 18 18 0 0 0 0
456 18 0 0 0 0 0 0 0 0 0 0 0 0
458 162 0 0 126 0 0 0 0 0 0 0 0 0
fn=arena_get2.part.0
463 54 1 1 18 9 0 0 0 0 18 0 0 0
470 144 1 1 36 26 0 18 0 0 0 0 0 0
619 36 0 0 0 0 0 0 0 0 18 0 0 0
638 36 0 0 18 0 0 0 0 0 0 0 0 0
640 36 0 0 0 0 0 0 0 0 18 0 0 0
649 54 0 0 0 0 0 18 0 0 0 0 0 0
651 18 1 1 0 0 0 18 0 0 0 0 0 0
653 54 0 0 18 0 0 36 18 18 0 0 0 0
656 18 0 0 0 0 0 0 0 0 0 0 0 0
657 18 0 0 0 0 0 0 0 0 0 0 0 0
658 36 0 0 0 0 0 0 0 0 18 0 0 0
659 36 0 0 0 0 0 0 0 0 0 0 0 0
660 18 0 0 0 0 0 18 0 0 0 0 0 0
661 72 0 0 0 0 0 18 0 0 0 0 0 0
663 18 0 0 0 0 0 0 0 0 0 0 0 0
664 36 1 1 36 2 0 0 0 0 0 0 0 0
665 18 0 0 0 0 0 18 0 0 0 0 0 0
666 18 0 0 0 0 0 18 0 0 0 0 0 0
668 72 0 0 18 0 0 0 0 0 18 0 0 0
671 36 0 0 18 13 0 18 0 0 0 0 0 0
676 18 0 0 0 0 0 18 0 0 0 0 0 0
678 72 1 1 36 0 0 0 0 0 36 17 0 0
680 72 0 0 18 0 0 0 0 0 18 2 0 0
682 72 1 1 36 0 0 0 0 0 36 1 0 0
694 72 0 0 18 0 0 0 0 0 18 0 0 0
818 180 1 1 0 0 0 108 0 0 0 0 0 0
828 54 0 0 18 14 0 0 0 0 18 2 0 0
830 30 0 0 10 10 0 0 0 0 10 2 0 0
832 38 1 1 28 18 1 0 0 0 10 4 0 0
834 2 0 0 0 0 0 2 0 0 0 0 0 0
836 4 0 0 0 0 0 0 0 0 2 0 0 0
837 8 0 0 0 0 0 2 1 0 0 0 0 0
845 2 0 0 2 1 0 0 0 0 0 0 0 0
853 54 1 1 0 0 0 0 0 0 18 6 0 0
855 126 1 1 36 0 0 0 0 0 36 6 0 0
857 36 0 0 0 0 0 0 0 0 0 0 0 0
865 162 1 1 126 1 1 0 0 0 0 0 0 0
fn=calloc
55 72 0 0 72 18 0 0 0 0 0 0 0 0
147 432 2 1 0 0 0 0 0 0 0 0 0 0
153 140 0 0 0 0 0 0 0 0 70 24 0 0
fn=free
55 2147542 0 0 2147542 40805 0 0 0 0 0 0 0 0
147 12885252 0 0 0 0 0 0 0 0 0 0 0 0
153 12567250 0 0 2147542 80698 6062 0 0 0 3473236 6715 0 0
fn=get_free_list
619 36 0 0 0 0 0 0 0 0 18 2 0 0
703 216 2 1 0 0 0 144 17 17 0 0 0 0
704 72 2 1 72 0 0 0 0 0 0 0 0 0
705 18 1 1 0 0 0 0 0 0 0 0 0 0
706 72 0 0 36 0 0 0 0 0 36 5 0 0
708 72 0 0 18 0 0 0 0 0 18 0 0 0
709 18 0 0 18 0 0 0 0 0 0 0 0 0
710 36 0 0 0 0 0 0 0 0 18 0 0 0
712 36 0 0 18 18 18 18 0 0 0 0 0 0
715 36 1 1 18 0 0 0 0 0 18 0 0 0
716 18 0 0 0 0 0 18 0 0 0 0 0 0
720 54 1 1 36 0 0 0 0 0 36 2 0 0
724 18 0 0 0 0 0 0 0 0 0 0 0 0
725 72 1 0 18 18 17 0 0 0 18 2 0 0
726 18 0 0 0 0 0 18 0 0 0 0 0 0
731 252 0 0 180 0 0 0 0 0 0 0 0 0
fn=malloc
55 64076 0 0 64076 35600 0 0 0 0 0 0 0 0
147 384456 0 0 0 0 0 0 0 0 0 0 0 0
153 339100 0 0 64076 0 0 0 0 0 95114 6500 0 0
264 1 1 1 0 0 0 1 0 0 0 0 0 0
fn=ptmalloc_init.part.0
262 8 1 1 1 0 0 4 0 0 0 0 0 0
267 1 0 0 0 0 0 1 0 0 0 0 0 0
292 2 1 1 1 1 0 0 0 0 1 1 0 0
296 3 0 0 1 1 0 1 1 0 0 0 0 0
300 4 0 0 0 0 0 1 0 0 0 0 0 0
301 4 1 1 0 0 0 1 0 0 0 0 0 0
302 4 0 0 0 0 0 1 0 0 0 0 0 0
303 4 0 0 0 0 0 1 0 0 0 0 0 0
304 4 1 1 0 0 0 1 0 0 0 0 0 0
305 4 0 0 0 0 0 1 0 0 0 0 0 0
306 4 0 0 0 0 0 1 0 0 0 0 0 0
308 4 1 1 0 0 0 1 0 0 0 0 0 0
309 4 0 0 0 0 0 1 0 0 0 0 0 0
310 4 0 0 0 0 0 1 0 0 0 0 0 0
313 4 0 0 0 0 0 1 0 0 0 0 0 0
314 4 1 1 0 0 0 1 0 0 0 0 0 0
316 2 0 0 1 1 1 0 0 0 1 0 0 0
326 8 0 0 6 0 0 0 0 0 1 0 0 0
fn=tcache_init.part.0
824 72 2 0 0 0 0 36 18 18 0 0 0 0
825 126 0 0 0 0 0 18 0 0 36 18 0 0
fl=./malloc/./malloc/malloc.c
fn=__malloc_arena_thread_freeres
3213 72 0 0 72 0 0 0 0 0 0 0 0 0
3215 72 0 0 36 0 0 36 0 0 0 0 0 0
3217 72 0 0 0 0 0 0 0 0 36 2 0 0
3221 108 2 2 0 0 0 36 0 0 0 0 0 0
3225 6948 0 0 2304 0 0 36 0 0 2304 54 0 0
3227 11717 0 0 3720 222 195 0 0 0 3720 758 0 0
3230 2832 0 0 0 0 0 0 0 0 1416 12 0 0
3231 1416 2 2 0 0 0 1416 0 0 0 0 0 0
3233 5664 0 0 1416 1268 744 1416 0 0 0 0 0 0
3238 108 0 0 0 0 0 36 0 0 0 0 0 0
3248 4248 0 0 2832 0 0 0 0 0 1416 9 0 0
3371 2832 0 0 2832 0 0 0 0 0 0 0 0 0
3373 1416 0 0 0 0 0 0 0 0 0 0 0 0
3375 4248 2 2 1416 314 153 0 0 0 1416 18 0 0
3392 2832 2 2 1416 0 0 0 0 0 1416 14 0 0
3398 4248 0 0 0 0 0 1416 0 0 0 0 0 0
3401 1416 2 2 0 0 0 1416 0 0 0 0 0 0
fn=_int_free
1792 96563 0 0 96563 30139 0 0 0 0 0 0 0 0
1992 121185 2 1 40395 0 0 0 0 0 40395 0 0 0
3163 6756178 1 1 3378089 0 0 3378089 0 0 0 0 0 0
3165 13512356 0 0 3378089 46881 491 3378089 0 0 0 0 0 0
3166 3378089 0 0 0 0 0 3378089 0 0 0 0 0 0
3167 6756178 0 0 0 0 0 3378089 0 0 0 0 0 0
4495 24322564 1 1 0 0 0 13898608 16 0 0 0 0 0
4499 10423956 1 1 3474652 0 0 0 0 0 0 0 0 0
4505 13898608 0 0 0 0 0 0 0 0 3474652 9582 0 0
4506 6949304 0 0 0 0 0 0 0 0 3474652 20 0 0
4510 17373260 0 0 0 0 0 0 0 0 3474652 12232 0 0
4517 6946400 0 0 0 0 0 0 0 0 0 0 0 0
4518 20845008 1 1 10422504 37935 0 0 0 0 6947852 30218 0 0
4521 3442814 0 0 0 0 0 0 0 0 0 0 0 0
4527 10328442 0 0 6885628 47553 203 0 0 0 3442814 0 0 0
4547 17214070 1 1 6885628 17856 30 0 0 0 3442814 5353 0 0
4550 3378089 0 0 0 0 0 0 0 0 0 0 0 0
4561 193126 0 0 0 0 0 0 0 0 96563 28159 0 0
4572 161580 0 0 40395 6719 252 0 0 0 40395 0 0 0
4574 121185 0 0 40395 2107 269 0 0 0 40395 0 0 0
4593 40395 0 0 0 0 0 0 0 0 0 0 0 0
4595 40395 0 0 0 0 0 40395 36 0 0 0 0 0
4596 40395 0 0 0 0 0 0 0 0 0 0 0 0
4597 121185 0 0 0 0 0 0 0 0 0 0 0 0
4600 121185 0 0 40395 2706 341 0 0 0 0 0 0 0
4602 80790 0 0 40395 1 0 0 0 0 40395 922 0 0
4616 80790 2 1 0 0 0 0 0 0 40395 3 0 0
4619 161580 0 0 0 0 0 40395 0 0 0 0 0 0
4621 161580 0 0 80790 106 0 0 0 0 40395 92 0 0
4622 80790 0 0 0 0 0 0 0 0 40395 2 0 0
4628 161580 0 0 0 0 0 0 0 0 40395 2 0 0
4637 112336 0 0 56168 0 0 0 0 0 56168 0 0 0
4640 112336 0 0 56168 30117 0 0 0 0 0 0 0 0
4643 112336 1 1 0 0 0 0 0 0 56168 4 0 0
4644 224660 1 1 56165 3 0 0 0 0 56165 0 0 0
4646 112336 0 0 0 0 0 56165 20435 19 0 0 0 0
4649 224660 1 1 112330 0 0 0 0 0 112330 27 0 0
4658 20847909 1 1 17373257 1 0 0 0 0 0 0 0 0
fn=_int_free_maybe_consolidate
4770 617848 1 1 56168 123 0 393176 0 0 0 0 0 0
4776 112336 0 0 0 0 0 0 0 0 56168 442 0 0
4778 13968 0 0 3492 0 0 0 0 0 3492 97 0 0
4779 178 1 1 0 0 0 89 19 0 0 0 0 0
4781 10476 0 0 0 0 0 0 0 0 3492 7 0 0
4784 45 2 1 27 2 0 0 0 0 9 6 0 0
4792 3483 0 0 3483 0 0 0 0 0 0 0 0 0
4794 6966 0 0 3483 0 0 0 0 0 3483 0 0 0
4795 6966 0 0 3483 0 0 3483 3283 0 0 0 0 0
4798 617848 1 1 505512 4 0 0 0 0 56168 10 0 0
fn=_int_free_merge_chunk
1992 168504 0 0 56168 0 0 0 0 0 56168 4 0 0
4665 449344 1 1 0 0 0 337008 30524 18 0 0 0 0
4666 56168 0 0 0 0 0 0 0 0 0 0 0 0
4670 337008 0 0 56168 38473 544 0 0 0 56168 0 0 0
4673 113210 1 1 56168 2 0 0 0 0 56605 28 0 0
4675 1311 1 1 437 206 0 0 0 0 0 0 0 0
4678 168504 0 0 56168 30686 1783 0 0 0 56168 0 0 0
4681 112336 0 0 0 0 0 0 0 0 0 0 0 0
4682 112336 0 0 0 0 0 0 0 0 56168 1 0 0
4683 112336 0 0 56168 38347 501 0 0 0 56168 0 0 0
4689 112336 1 1 56168 0 0 0 0 0 56168 29272 0 0
4691 11221 0 0 11221 0 0 0 0 0 0 0 0 0
4692 11221 0 0 0 0 0 0 0 0 0 0 0 0
4693 11221 0 0 0 0 0 0 0 0 0 0 0 0
4694 44884 0 0 11221 8054 173 0 0 0 11221 189 0 0
4696 22442 0 0 0 0 0 11221 0 0 0 0 0 0
4701 168504 0 0 0 0 0 0 0 0 0 0 0 0
4702 393176 0 0 337008 0 0 0 0 0 0 0 0 0
4714 112336 0 0 56168 0 0 0 0 0 56168 5621 0 0
4720 60388 0 0 30194 27236 1959 0 0 0 30194 8416 0 0
4721 30892 0 0 0 0 0 15446 0 0 0 0 0 0
4722 30892 0 0 0 0 0 0 0 0 0 0 0 0
4724 14748 0 0 14748 0 0 0 0 0 0 0 0 0
4732 30194 0 0 0 0 0 0 0 0 0 0 0 0
4733 120776 1 1 30194 0 0 0 0 0 0 0 0 0
4734 60388 0 0 30194 1905 108 0 0 0 30194 7 0 0
4736 30194 0 0 0 0 0 30194 892 1 0 0 0 0
4738 60388 0 0 0 0 0 0 0 0 30194 5439 0 0
4740 44793 1 1 0 0 0 14931 2655 129 0 0 0 0
4743 30194 0 0 0 0 0 30194 0 0 0 0 0 0
4744 30194 0 0 0 0 0 30194 0 0 0 0 0 0
4746 90582 0 0 0 0 0 30194 0 0 0 0 0 0
4747 30194 0 0 0 0 0 30194 0 0 0 0 0 0
4756 25974 0 0 0 0 0 0 0 0 0 0 0 0
4757 77922 0 0 0 0 0 25974 0 0 0 0 0 0
4758 51948 1 1 0 0 0 25974 0 0 0 0 0 0
fn=_int_malloc
1326 190448 0 0 0 0 0 0 0 0 95224 0 0 0
1345 571344 0 0 0 0 0 0 0 0 95224 71 0 0
1794 95165 1 1 95165 0 0 0 0 0 0 0 0 0
1985 22347 0 0 7449 1 0 0 0 0 7449 17 0 0
2008 52 1 1 13 0 0 0 0 0 13 1 0 0
2017 2 1 1 2 0 0 0 0 0 0 0 0 0
2552 9264 2 1 3088 3076 3 3088 121 0 0 0 0 0
2553 1536 2 1 0 0 0 1536 0 0 0 0 0 0
2564 3088 2 1 1544 1536 0 0 0 0 1544 8 0 0
2565 24 0 0 16 0 0 0 0 0 8 0 0 0
2568 32 0 0 8 0 0 0 0 0 8 2 0 0
2576 48 0 0 8 0 0 16 3 0 0 0 0 0
2577 16 0 0 0 0 0 0 0 0 8 1 0 0
2589 6144 0 0 1536 0 0 1536 0 0 0 0 0 0
2590 3072 0 0 0 0 0 1536 0 0 0 0 0 0
2599 18424 2 1 4605 0 0 0 0 0 4606 1 0 0
2605 4605 0 0 3070 0 0 0 0 0 1535 0 0 0
2608 4608 2 1 0 0 0 0 0 0 1536 11 0 0
2615 1524 0 0 1524 0 0 0 0 0 0 0 0 0
2616 9144 2 1 1524 0 0 0 0 0 1524 0 0 0
2619 6096 0 0 3048 0 0 0 0 0 0 0 0 0
2620 6096 0 0 0 0 0 1524 0 0 0 0 0 0
2669 36 2 1 12 0 0 12 0 0 0 0 0 0
2677 24 0 0 12 0 0 0 0 0 12 0 0 0
2678 36 0 0 12 0 0 12 0 0 0 0 0 0
2691 36 2 1 12 0 0 0 0 0 12 0 0 0
2693 12 0 0 12 0 0 0 0 0 0 0 0 0
2699 60 0 0 12 0 0 12 0 0 0 0 0 0
2707 24 0 0 0 0 0 0 0 0 12 3 0 0
2709 48 4 2 0 0 0 24 3 0 0 0 0 0
2710 36 0 0 12 0 0 0 0 0 12 5 0 0
2711 12 0 0 0 0 0 0 0 0 0 0 0 0
2712 12 0 0 0 0 0 0 0 0 0 0 0 0
2715 24 0 0 0 0 0 0 0 0 12 0 0 0
2744 80 2 1 34 1 1 0 0 0 12 2 0 0
2745 1 1 1 0 0 0 1 0 0 0 0 0 0
2746 24 1 0 0 0 0 12 0 0 0 0 0 0
2752 96 0 0 12 0 0 0 0 0 23 0 0 0
2753 66 0 0 11 0 0 11 0 0 0 0 0 0
2755 4 1 1 2 0 0 0 0 0 2 2 0 0
2782 2 0 0 0 0 0 0 0 0 0 0 0 0
2783 1 0 0 0 0 0 0 0 0 0 0 0 0
2795 3 1 1 0 0 0 0 0 0 1 1 0 0
2814 2 0 0 1 0 0 0 0 0 0 0 0 0
2817 2 0 0 0 0 0 0 0 0 0 0 0 0
2818 6 1 1 1 0 0 0 0 0 0 0 0 0
2820 1 0 0 0 0 0 0 0 0 1 0 0 0
2821 6 0 0 0 0 0 4 0 0 0 0 0 0
2833 5 0 0 3 0 0 0 0 0 1 0 0 0
2873 1 0 0 0 0 0 0 0 0 0 0 0 0
2875 1 0 0 0 0 0 1 0 0 0 0 0 0
2876 5 0 0 0 0 0 1 1 1 0 0 0 0
2877 1 0 0 1 0 0 0 0 0 0 0 0 0
2888 3 1 1 1 0 0 0 0 0 1 0 0 0
2921 4608 2 1 3072 1257 74 0 0 0 1536 3 0 0
2922 1536 0 0 0 0 0 1536 0 0 0 0 0 0
2926 1536 0 0 1536 0 0 0 0 0 0 0 0 0
2930 7680 2 1 3072 0 0 0 0 0 1536 4 0 0
2932 1536 0 0 0 0 0 0 0 0 0 0 0 0
2933 1536 0 0 0 0 0 0 0 0 0 0 0 0
2934 1536 0 0 0 0 0 1536 0 0 0 0 0 0
2935 10752 0 0 0 0 0 1536 0 0 0 0 0 0
2936 3072 0 0 0 0 0 1536 1536 1535 0 0 0 0
2938 1536 0 0 0 0 0 0 0 0 0 0 0 0
3159 2002 2 1 0 0 0 1001 43 0 0 0 0 0
3163 3404 2 1 1702 324 0 1702 0 0 0 0 0 0
3165 7780 0 0 2403 305 21 1740 0 0 0 0 0 0
3166 2722 2 1 1020 0 0 1702 0 0 0 0 0 0
3167 4768 2 1 682 0 0 1702 0 0 0 0 0 0
3168 2002 0 0 0 0 0 0 0 0 0 0 0 0
3178 19 0 0 19 0 0 0 0 0 0 0 0 0
3182 38 0 0 0 0 0 0 0 0 19 0 0 0
3186 76 2 1 19 0 0 19 0 0 0 0 0 0
3190 38 0 0 38 0 0 0 0 0 0 0 0 0
3191 38 0 0 0 0 0 19 0 0 0 0 0 0
3199 19 0 0 19 0 0 0 0 0 0 0 0 0
3846 1047464 3 2 95224 6938 2 666568 37287 254 0 0 0 0
3882 1 0 0 0 0 0 0 0 0 0 0 0 0
3887 190448 2 1 0 0 0 0 0 0 95224 18834 0 0
3914 190625 0 0 59 0 0 0 0 0 95224 5868 0 0
3916 156660 0 0 0 0 0 0 0 0 0 0 0 0
3917 214 0 0 0 0 0 0 0 0 0 0 0 0
3919 39283 0 0 39224 6392 169 0 0 0 0 0 0 0
3921 78448 0 0 0 0 0 0 0 0 39224 26 0 0
3923 428 0 0 0 0 0 0 0 0 214 1 0 0
3926 428 2 1 214 0 0 0 0 0 214 22 0 0
3929 3840 2 1 642 13 13 0 0 0 853 18 0 0
3930 117030 2 2 0 0 0 0 0 0 0 0 0 0
3932 428 0 0 214 4 4 0 0 0 0 0 0 0
3933 428 0 0 0 0 0 0 0 0 214 0 0 0
3939 428 0 0 0 0 0 0 0 0 0 0 0 0
3940 1284 2 1 642 12 0 0 0 0 428 2 0 0
3945 1324 0 0 428 0 0 0 0 0 0 0 0 0
3946 4450 2 1 886 0 0 0 0 0 1782 26 0 0
3948 1364 0 0 0 0 0 0 0 0 682 0 0 0
3950 2046 0 0 682 0 0 0 0 0 682 0 0 0
3954 11468 2 1 2046 75 75 0 0 0 2526 362 0 0
3977 112000 1 1 0 0 0 0 0 0 56000 27971 0 0
3979 231912 0 0 0 0 0 0 0 0 0 0 0 0
3980 129214 2 1 0 0 0 0 0 0 0 0 0 0
3982 193821 0 0 64607 29951 2757 0 0 0 64607 758 0 0
3984 720 0 0 720 711 150 0 0 0 0 0 0 0
3985 1440 0 0 720 341 94 0 0 0 720 155 0 0
3987 720 0 0 720 630 90 0 0 0 0 0 0 0
3988 720 0 0 0 0 0 720 0 0 0 0 0 0
3989 720 0 0 0 0 0 720 0 0 0 0 0 0
3991 2160 2 1 0 0 0 0 0 0 720 6 0 0
3992 714 0 0 714 169 32 0 0 0 0 0 0 0
3997 1440 0 0 0 0 0 0 0 0 0 0 0 0
3998 4320 1 1 2160 1 0 0 0 0 1440 4 0 0
4003 6603 0 0 1440 1 0 0 0 0 1001 49 0 0
4004 3348 0 0 0 0 0 0 0 0 1674 640 0 0
4006 2002 0 0 0 0 0 0 0 0 1001 473 0 0
4008 1001 1 1 1001 0 0 0 0 0 0 0 0 0
4009 1001 0 0 1001 836 126 0 0 0 0 0 0 0
4010 2002 0 0 0 0 0 0 0 0 1001 14 0 0
4011 986 0 0 986 256 51 0 0 0 0 0 0 0
4012 1001 0 0 0 0 0 1001 0 0 0 0 0 0
4013 1001 0 0 0 0 0 1001 696 124 0 0 0 0
4020 720 0 0 0 0 0 0 0 0 0 0 0 0
4039 299004 1 1 0 0 0 0 0 0 59784 572 0 0
4040 91209 0 0 30403 2 0 0 0 0 30403 837 0 0
4041 2436 0 0 0 0 0 812 800 114 0 0 0 0
4058 282796 0 0 94253 19 0 0 0 0 0 0 0 0
4059 282870 0 0 0 0 0 94290 30257 202 0 0 0 0
4060 282870 1 1 188580 12 0 0 0 0 94290 37 0 0
4069 42594 0 0 0 0 0 21297 0 0 0 0 0 0
4070 526333 5 3 104033 36635 355 94290 0 0 104052 3350 0 0
4072 23958 0 0 23958 1489 26 0 0 0 0 0 0 0
4073 47916 0 0 23958 6305 191 0 0 0 0 0 0 0
4074 23958 0 0 0 0 0 0 0 0 0 0 0 0
4076 47916 0 0 0 0 0 0 0 0 23958 741 0 0
4077 71874 1 1 23958 6665 341 0 0 0 23958 12 0 0
4079 23958 0 0 23958 7132 327 0 0 0 0 0 0 0
4080 95832 0 0 0 0 0 0 0 0 23958 0 0 0
4082 95832 0 0 23958 0 0 0 0 0 23958 6 0 0
4084 47916 1 1 23958 880 252 0 0 0 23958 3 0 0
4085 47916 0 0 23958 0 0 0 0 0 23958 3 0 0
4087 47916 0 0 0 0 0 0 0 0 23958 0 0 0
4098 95832 0 0 0 0 0 0 0 0 23958 5556 0 0
4099 31326 2 1 15663 0 0 0 0 0 15663 3598 0 0
4100 29004 0 0 0 0 0 0 0 0 14502 388 0 0
4101 14502 0 0 0 0 0 0 0 0 0 0 0 0
4104 14175 0 0 0 0 0 0 0 0 0 0 0 0
4105 14175 2 1 0 0 0 0 0 0 0 0 0 0
4106 14175 0 0 0 0 0 14175 0 0 0 0 0 0
4107 42525 0 0 0 0 0 14175 0 0 0 0 0 0
4108 42525 2 1 0 0 0 14175 4466 223 0 0 0 0
4109 28350 0 0 0 0 0 0 0 0 14175 387 0 0
4111 27342 0 0 0 0 0 13671 5542 21 0 0 0 0
4115 113400 0 0 0 0 0 14175 0 0 0 0 0 0
4117 42525 0 0 0 0 0 14175 983 49 0 0 0 0
4118 14175 0 0 0 0 0 14175 0 0 0 0 0 0
4121 14215 0 0 0 0 0 0 0 0 0 0 0 0
4122 42525 0 0 0 0 0 14175 1864 2 0 0 0 0
4123 14175 0 0 0 0 0 0 0 0 0 0 0 0
4127 9783 1 1 0 0 0 9783 0 0 0 0 0 0
4128 9783 0 0 0 0 0 9783 0 0 0 0 0 0
4132 19566 0 0 0 0 0 0 0 0 9783 47 0 0
4134 80 0 0 0 0 0 40 0 0 0 0 0 0
4135 120 0 0 0 0 0 0 0 0 40 18 0 0
4136 30 0 0 30 0 0 0 0 0 0 0 0 0
4140 80 0 0 0 0 0 0 0 0 40 18 0 0
4141 114 0 0 76 0 0 0 0 0 19 4 0 0
4161 20269 2 1 0 0 0 0 0 0 9743 1254 0 0
4163 8538 0 0 0 0 0 4269 0 0 0 0 0 0
4164 17076 0 0 0 0 0 0 0 0 0 0 0 0
4165 4269 0 0 4269 2195 1004 0 0 0 0 0 0 0
4169 78072 8 5 0 0 0 5474 0 0 12168 1244 0 0
4170 15619 0 0 0 0 0 0 0 0 0 0 0 0
4171 5474 0 0 5474 5351 287 0 0 0 0 0 0 0
4174 10948 0 0 0 0 0 0 0 0 5474 372 0 0
4177 803 0 0 0 0 0 0 0 0 0 0 0 0
4179 3212 0 0 1606 723 7 0 0 0 803 0 0 0
4180 1606 0 0 0 0 0 0 0 0 803 404 0 0
4186 2472 0 0 0 0 0 618 122 3 0 0 0 0
4187 618 0 0 618 365 2 0 0 0 0 0 0 0
4188 1854 0 0 0 0 0 1236 38 0 0 0 0 0
4192 555 1 1 185 158 0 0 0 0 185 6 0 0
4193 1024 0 0 0 0 0 0 0 0 512 17 0 0
4195 327 0 0 327 316 0 0 0 0 0 0 0 0
4196 981 0 0 327 158 0 0 0 0 327 0 0 0
4199 185 0 0 0 0 0 0 0 0 185 12 0 0
4202 320 0 0 160 0 0 0 0 0 0 0 0 0
4205 100 0 0 0 0 0 25 0 0 0 0 0 0
4206 25 0 0 25 0 0 0 0 0 0 0 0 0
4207 50 0 0 25 0 0 0 0 0 25 2 0 0
4209 25 0 0 0 0 0 25 0 0 0 0 0 0
4210 75 0 0 25 0 0 25 0 0 0 0 0 0
4212 185 0 0 185 0 0 0 0 0 0 0 0 0
4213 370 0 0 185 0 0 0 0 0 185 7 0 0
4218 18684 0 0 0 0 0 4671 952 9 0 0 0 0
4221 68201 2 2 19486 208 0 0 0 0 0 0 0 0
4222 9743 0 0 0 0 0 9743 0 0 0 0 0 0
4223 9743 0 0 0 0 0 9743 0 0 0 0 0 0
4224 9743 0 0 0 0 0 9743 1228 322 0 0 0 0
4225 9743 0 0 0 0 0 9743 0 0 0 0 0 0
4230 19486 0 0 19486 0 0 0 0 0 0 0 0 0
4231 19486 0 0 0 0 0 0 0 0 9743 2021 0 0
4240 38972 1 1 19486 0 0 0 0 0 9743 34 0 0
4246 14164 0 0 0 0 0 0 0 0 7082 0 0 0
4248 19 0 0 0 0 0 0 0 0 0 0 0 0
4257 240225 1 1 0 0 0 0 0 0 80075 1320 0 0
4259 121576 0 0 0 0 0 0 0 0 0 0 0 0
4262 91182 0 0 30394 30117 775 0 0 0 30394 320 0 0
4263 80972 1 1 455 336 0 0 0 0 455 17 0 0
4266 13 1 0 13 1 0 0 0 0 0 0 0 0
4267 78 0 0 13 0 0 0 0 0 13 0 0 0
4273 26 1 1 13 0 0 0 0 0 13 2 0 0
4278 39 0 0 0 0 0 13 0 0 0 0 0 0
4279 39 0 0 0 0 0 26 11 0 0 0 0 0
4282 52 0 0 26 0 0 0 0 0 13 5 0 0
4284 5 2 1 5 0 0 0 0 0 0 0 0 0
4285 15 1 1 0 0 0 0 0 0 5 2 0 0
4286 8 0 0 4 0 0 0 0 0 0 0 0 0
4291 8 0 0 0 0 0 0 0 0 0 0 0 0
4295 32 1 1 8 0 0 0 0 0 0 0 0 0
4296 16 0 0 8 0 0 0 0 0 8 0 0 0
4299 8 0 0 0 0 0 8 3 2 0 0 0 0
4300 8 0 0 0 0 0 8 0 0 0 0 0 0
4301 8 0 0 0 0 0 8 0 0 0 0 0 0
4302 16 0 0 0 0 0 0 0 0 8 8 0 0
4307 64 1 1 0 0 0 8 0 0 0 0 0 0
4309 24 0 0 0 0 0 8 4 2 0 0 0 0
4310 8 0 0 0 0 0 8 0 0 0 0 0 0
4313 8 0 0 0 0 0 0 0 0 0 0 0 0
4330 80062 0 0 0 0 0 0 0 0 0 0 0 0
4331 160124 0 0 0 0 0 0 0 0 0 0 0 0
4332 160124 0 0 0 0 0 0 0 0 0 0 0 0
4333 160124 0 0 80062 31137 178 0 0 0 0 0 0 0
4334 480372 0 0 0 0 0 0 0 0 0 0 0 0
4339 326700 1 1 0 0 0 0 0 0 82865 2747 0 0
4343 606246 2 2 0 0 0 0 0 0 216184 4658 0 0
4346 570464 2 1 142616 0 0 0 0 0 142616 1415 0 0
4348 6936 0 0 0 0 0 0 0 0 0 0 0 0
4349 3468 0 0 0 0 0 0 0 0 0 0 0 0
4353 141132 0 0 0 0 0 0 0 0 70566 9008 0 0
4355 61269 0 0 0 0 0 0 0 0 0 0 0 0
4357 122538 0 0 0 0 0 0 0 0 61269 228 0 0
4361 9297 0 0 9297 4066 88 0 0 0 0 0 0 0
4364 18594 0 0 0 0 0 0 0 0 9297 2139 0 0
4366 14015 0 0 0 0 0 2803 0 0 0 0 0 0
4367 2803 0 0 0 0 0 0 0 0 0 0 0 0
4368 2803 0 0 0 0 0 0 0 0 0 0 0 0
4373 25976 0 0 6494 2956 130 0 0 0 0 0 0 0
4376 12988 0 0 0 0 0 0 0 0 6494 2 0 0
4378 19482 2 1 0 0 0 6494 0 0 0 0 0 0
4381 19482 0 0 0 0 0 12988 5331 39 0 0 0 0
4384 25976 0 0 12988 0 0 0 0 0 6494 307 0 0
4386 364 0 0 364 0 0 0 0 0 0 0 0 0
4387 1092 2 1 0 0 0 0 0 0 364 4 0 0
4388 708 0 0 354 0 0 0 0 0 0 0 0 0
4394 6130 0 0 0 0 0 0 0 0 0 0 0 0
4399 24520 0 0 6130 0 0 0 0 0 0 0 0 0
4400 12260 1 1 6130 0 0 0 0 0 6130 4940 0 0
4403 6130 0 0 0 0 0 6130 5893 1909 0 0 0 0
4404 6130 0 0 0 0 0 6130 0 0 0 0 0 0
4405 6130 0 0 0 0 0 6130 0 0 0 0 0 0
4408 12260 0 0 0 0 0 0 0 0 6130 996 0 0
4409 1693 0 0 0 0 0 1693 0 0 0 0 0 0
4410 12260 0 0 0 0 0 0 0 0 6130 993 0 0
4412 8934 0 0 0 0 0 4467 940 364 0 0 0 0
4415 49040 1 1 0 0 0 6130 0 0 0 0 0 0
4417 18390 0 0 0 0 0 6130 1390 488 0 0 0 0
4418 6130 0 0 0 0 0 6130 0 0 0 0 0 0
4421 6494 0 0 0 0 0 0 0 0 0 0 0 0
4443 73568 1 1 73568 0 0 0 0 0 0 0 0 0
4444 147136 0 0 73568 32048 101 0 0 0 0 0 0 0
4446 147136 0 0 73568 20 0 0 0 0 73568 464 0 0
4449 220704 0 0 0 0 0 0 0 0 73568 1581 0 0
4451 72024 0 0 0 0 0 0 0 0 0 0 0 0
4452 144048 0 0 0 0 0 0 0 0 0 0 0 0
4453 72024 0 0 0 0 0 72024 0 0 0 0 0 0
4454 576192 1 1 0 0 0 72024 0 0 0 0 0 0
4456 144048 0 0 0 0 0 72024 61860 25531 0 0 0 0
4459 144074 0 0 0 0 0 0 0 0 0 0 0 0
4460 220743 1 1 0 0 0 73581 39875 83 0 0 0 0
4461 73581 0 0 0 0 0 0 0 0 0 0 0 0
4466 6176 0 0 1544 7 0 1544 0 0 1544 19 0 0
4482 1552 0 0 0 0 0 0 0 0 8 0 0 0
4487 1142688 2 2 857016 15 0 0 0 0 95224 2 0 0
fn=alloc_new_heap
2008 72 1 1 18 0 0 0 0 0 18 0 0 0
fn=alloc_perturb
1985 263268 2 1 87756 6 0 0 0 0 87756 10 0 0
1987 87756 0 0 87756 0 0 0 0 0 0 0 0 0
fn=arena_get2.part.0
1946 6894 0 0 0 0 0 0 0 0 2286 57 0 0
1949 6858 1 1 0 0 0 2286 594 594 0 0 0 0
1953 54 0 0 0 0 0 0 0 0 18 0 0 0
1955 18 0 0 18 0 0 0 0 0 0 0 0 0
1958 18 0 0 0 0 0 18 0 0 0 0 0 0
fn=calloc
3248 180 2 1 72 26 0 36 0 0 36 0 0 0
3699 630 2 1 0 0 0 420 36 36 0 0 0 0
3709 630 2 1 0 0 0 0 0 0 70 0 0 0
3717 140 0 0 70 27 0 0 0 0 70 4 0 0
3720 210 0 0 140 27 0 0 0 0 70 6 0 0
3722 140 2 1 70 1 0 0 0 0 70 1 0 0
3725 560 0 0 210 3 0 0 0 0 140 9 0 0
3732 70 0 0 70 1 0 0 0 0 0 0 0 0
3733 140 0 0 70 19 18 0 0 0 0 0 0 0
3740 210 2 1 0 0 0 0 0 0 70 6 0 0
3743 144 0 0 36 0 0 0 0 0 0 0 0 0
3754 210 0 0 0 0 0 70 2 1 0 0 0 0
3756 664 4 2 106 2 0 0 0 0 210 43 0 0
3759 140 2 1 70 0 0 0 0 0 34 15 0 0
3768 72 0 0 0 0 0 0 0 0 36 1 0 0
3769 244 1 1 140 0 0 0 0 0 140 26 0 0
3784 140 1 0 70 0 0 0 0 0 0 0 0 0
3787 280 0 0 0 0 0 0 0 0 70 0 0 0
3796 210 0 0 70 0 0 0 0 0 70 0 0 0
3799 350 0 0 0 0 0 0 0 0 0 0 0 0
3807 70 2 1 0 0 0 0 0 0 0 0 0 0
3809 140 0 0 0 0 0 0 0 0 70 0 0 0
3811 140 0 0 0 0 0 0 0 0 70 8 0 0
3816 76 0 0 0 0 0 38 0 0 0 0 0 0
3818 38 0 0 0 0 0 38 2 2 0 0 0 0
3819 76 0 0 0 0 0 0 0 0 38 0 0 0
3821 38 0 0 0 0 0 38 4 4 0 0 0 0
3823 76 0 0 0 0 0 0 0 0 38 37 0 0
3837 528 4 2 458 1 1 0 0 0 0 0 0 0
fn=free
3248 144 0 0 72 0 0 36 0 0 36 5 0 0
3359 24313356 2 2 0 0 0 13892976 23 0 0 0 0 0
3363 6947784 0 0 0 0 0 0 0 0 3473892 64 0 0
3371 6946488 0 0 6946488 85206 29 0 0 0 0 0 0 0
3373 3473244 0 0 0 0 0 0 0 0 0 0 0 0
3375 10419732 0 0 3473244 81370 3694 0 0 0 3473244 2155 0 0
3379 24 3 2 8 0 0 0 0 0 8 4 0 0
3381 32 0 0 8 1 0 0 0 0 8 3 0 0
3383 12 0 0 0 0 0 6 0 0 0 0 0 0
3384 12 0 0 0 0 0 6 0 0 0 0 0 0
3385 6 0 0 0 0 0 0 0 0 0 0 0 0
3388 16 0 0 0 0 0 8 0 0 0 0 0 0
3392 10419708 0 0 6946472 37816 0 0 0 0 3473236 505 0 0
3398 10419708 1 1 0 0 0 3473236 7525 2 0 0 0 0
3401 3473244 0 0 0 0 0 3473244 1 0 0 0 0 0
3402 20840112 2 1 17366868 1 0 0 0 0 0 0 0 0
fn=malloc
1326 6946288 0 0 0 0 0 0 0 0 3473144 7 0 0
1345 17365451 1 1 0 0 0 0 0 0 3473144 339 0 0
3178 6756054 0 0 3378027 64418 1502 0 0 0 0 0 0 0
3182 6756054 0 0 0 0 0 0 0 0 3378027 0 0 0
3186 13512108 0 0 3378027 71022 4061 3378027 0 0 0 0 0 0
3190 6756054 0 0 0 0 0 3378027 0 0 0 0 0 0
3191 3378027 0 0 0 0 0 3378027 0 0 0 0 0 0
3248 4 1 1 2 0 0 1 0 0 1 0 0 0
3294 27785152 1 1 0 0 0 13892576 29044 213 0 0 0 0
3301 6946288 0 0 3473144 40148 1 0 0 0 3473144 92 0 0
3311 6945750 0 0 0 0 0 0 0 0 0 0 0 0
3313 13892576 0 0 6946288 79543 467 0 0 0 3473144 133 0 0
3316 6946288 1 1 3473144 39730 0 0 0 0 3473144 75173 0 0
3318 10328247 0 0 3442749 76193 1153 0 0 0 3442749 23826 0 0
3326 190234 1 1 95117 210 0 0 0 0 95117 16 0 0
3328 41272 1 1 0 0 0 10318 2 0 0 0 0 0
3329 51590 1 1 10318 0 0 0 0 0 10318 1 0 0
3334 678392 0 0 254397 90750 913 0 0 0 169598 0 0 0
3336 254397 0 0 0 0 0 84799 10217 20 0 0 0 0
3339 169598 0 0 0 0 0 0 0 0 84799 20 0 0
3347 339196 1 1 169598 0 0 0 0 0 169598 153 0 0
3351 488065 0 0 84799 1 0 0 0 0 169595 5 0 0
3354 20838864 0 0 17365720 6 0 0 0 0 0 0 0 0
fn=malloc_consolidate
4811 8109 4 2 0 0 0 5406 290 29 0 0 0 0
4826 901 0 0 0 0 0 901 0 0 0 0 0 0
4828 1802 0 0 0 0 0 901 542 92 0 0 0 0
4839 901 0 0 0 0 0 0 0 0 0 0 0 0
4841 18020 0 0 18020 845 137 0 0 0 9010 650 0 0
4842 18020 0 0 0 0 0 0 0 0 9010 1348 0 0
4845 78822 1 1 0 0 0 0 0 0 39411 16 0 0
4849 118233 0 0 39411 21325 2840 0 0 0 0 0 0 0
4850 157644 0 0 0 0 0 0 0 0 39411 0 0 0
4855 197055 1 1 39411 2112 1511 0 0 0 0 0 0 0
4858 78822 0 0 0 0 0 0 0 0 0 0 0 0
4859 39411 0 0 0 0 0 0 0 0 0 0 0 0
4860 118233 0 0 39411 4094 1722 0 0 0 0 0 0 0
4862 78822 0 0 0 0 0 0 0 0 39411 3135 0 0
4863 5794 0 0 5794 0 0 0 0 0 0 0 0 0
4864 5794 0 0 0 0 0 0 0 0 0 0 0 0
4865 5794 0 0 0 0 0 0 0 0 0 0 0 0
4866 23176 0 0 5794 1339 528 0 0 0 5794 2 0 0
4868 69528 0 0 28970 0 0 34764 50 15 0 0 0 0
4871 78822 1 1 39411 783 232 0 0 0 39411 96 0 0
4874 78720 2 1 39360 5126 2392 0 0 0 39360 3522 0 0
4875 34581 1 1 0 0 0 0 0 0 0 0 0 0
4876 276648 0 0 103743 0 0 103743 16 6 0 0 0 0
4878 9558 0 0 0 0 0 4779 0 0 0 0 0 0
4880 39360 0 0 39360 0 0 0 0 0 0 0 0 0
4881 78720 0 0 0 0 0 39360 0 0 0 0 0 0
4882 78720 0 0 39360 0 0 39360 344 62 0 0 0 0
4884 78720 0 0 0 0 0 0 0 0 39360 1592 0 0
4885 34490 0 0 0 0 0 17245 429 199 0 0 0 0
4889 118080 0 0 0 0 0 39360 0 0 0 0 0 0
4891 39360 0 0 0 0 0 39360 0 0 0 0 0 0
4892 108522 0 0 0 0 0 73941 0 0 0 0 0 0
4896 51 0 0 0 0 0 0 0 0 0 0 0 0
4897 102 0 0 0 0 0 51 0 0 0 0 0 0
4898 102 0 0 0 0 0 51 0 0 0 0 0 0
4901 116815 0 0 0 0 0 0 0 0 39411 890 0 0
4904 27030 0 0 9010 0 0 0 0 0 9010 943 0 0
4905 7208 0 0 6307 8 0 0 0 0 0 0 0 0
fn=munmap_chunk
3024 16 2 2 0 0 0 8 0 0 0 0 0 0
3025 16 0 0 16 5 1 0 0 0 0 0 0 0
3026 24 0 0 8 0 0 0 0 0 0 0 0 0
3028 16 0 0 0 0 0 0 0 0 8 2 0 0
3030 8 0 0 0 0 0 0 0 0 0 0 0 0
3031 24 0 0 8 0 0 0 0 0 0 0 0 0
3032 8 0 0 0 0 0 0 0 0 0 0 0 0
3038 32 0 0 0 0 0 0 0 0 0 0 0 0
3039 40 2 2 0 0 0 0 0 0 8 6 0 0
3042 8 0 0 16 0 0 0 0 0 8 2 0 0
3043 24 0 0 16 0 0 0 0 0 8 2 0 0
3048 16 0 0 0 0 0 0 0 0 0 0 0 0
3049 8 0 0 8 0 0 0 0 0 0 0 0 0
fn=ptmalloc_init.part.0
1946 385 1 1 0 0 0 0 0 0 127 7 0 0
1949 381 0 0 0 0 0 127 33 32 0 0 0 0
1957 1 0 0 0 0 0 1 0 0 0 0 0 0
1958 1 0 0 0 0 0 1 1 1 0 0 0 0
1960 1 0 0 0 0 0 1 0 0 0 0 0 0
3143 2 0 0 0 0 0 0 0 0 1 1 0 0
fn=sysmalloc_mmap.isra.0
2008 32 0 0 8 0 0 0 0 0 8 0 0 0
2400 48 2 1 0 0 0 32 2 0 0 0 0 0
2413 24 0 0 0 0 0 0 0 0 0 0 0 0
2418 16 0 0 0 0 0 0 0 0 8 3 0 0
2421 80 2 1 0 0 0 8 1 0 0 0 0 0
2424 16 2 1 0 0 0 0 0 0 8 2 0 0
2428 16 0 0 0 0 0 0 0 0 8 0 0 0
2432 32 0 0 0 0 0 8 0 0 0 0 0 0
2448 24 0 0 0 0 0 0 0 0 8 0 0 0
2466 8 0 0 0 0 0 8 7 6 0 0 0 0
2467 24 2 1 0 0 0 8 0 0 0 0 0 0
2471 24 0 0 16 0 0 0 0 0 8 0 0 0
2472 36 0 0 14 0 0 0 0 0 14 2 0 0
2475 24 2 1 16 0 0 0 0 0 8 2 0 0
2476 38 0 0 15 0 0 0 0 0 15 6 0 0
2481 56 0 0 40 0 0 0 0 0 0 0 0 0
fn=tcache_init.part.0
3242 148 2 1 0 0 0 74 17 17 0 0 0 0
3251 152 0 0 75 0 0 0 0 0 38 6 0 0
3252 129 3 2 0 0 0 37 0 0 0 0 0 0
3253 74 0 0 0 0 0 0 0 0 37 3 0 0
3260 36 0 0 0 0 0 0 0 0 18 2 0 0
3261 148 1 1 74 0 0 0 0 0 74 5 0 0
3268 36 0 0 0 0 0 0 0 0 18 2 0 0
3270 74 1 0 37 0 0 37 0 0 0 0 0 0
3274 111 0 0 111 1 1 0 0 0 0 0 0 0
fn=unlink_chunk.isra.0
1608 147098 1 1 0 0 0 73549 0 0 0 0 0 0
1610 367745 0 0 147098 2922 110 0 0 0 73549 2 0 0
1613 147098 0 0 147098 6044 327 0 0 0 0 0 0 0
1614 147098 0 0 73549 0 0 0 0 0 0 0 0 0
1616 294196 1 1 147098 36800 2167 0 0 0 147098 11563 0 0
1619 73549 0 0 0 0 0 73549 0 0 0 0 0 0
1620 73549 0 0 0 0 0 73549 0 0 0 0 0 0
1621 255743 0 0 36215 3740 43 0 0 0 109764 15285 0 0
1623 10626 0 0 5313 185 4 0 0 0 5313 13 0 0
1624 15939 0 0 10626 26 1 0 0 0 5313 154 0 0
1627 10626 0 0 5313 1311 48 0 0 0 5313 1 0 0
1641 5313 0 0 0 0 0 5313 0 0 0 0 0 0
1642 5313 1 1 0 0 0 5313 0 0 0 0 0 0
1645 147098 0 0 147098 0 0 0 0 0 0 0 0 0
fl=./malloc/./malloc/morecore.c
fn=__glibc_morecore
25 39 2 1 0 0 0 13 0 0 0 0 0 0
26 26 0 0 13 0 0 0 0 0 13 0 0 0
29 13 0 0 0 0 0 13 0 0 0 0 0 0
30 26 0 0 0 0 0 0 0 0 13 4 0 0
34 26 0 0 26 0 0 0 0 0 0 0 0 0
fl=./malloc/./malloc/scratch_buffer_set_array_size.c
fn=__libc_scratch_buffer_set_array_size
30 65 1 1 0 0 0 20 0 0 0 0 0 0
34 5 0 0 0 0 0 0 0 0 0 0 0 0
35 10 0 0 0 0 0 0 0 0 5 2 0 0
45 10 0 0 5 0 0 0 0 0 5 2 0 0
46 5 0 0 0 0 0 0 0 0 0 0 0 0
63 30 1 1 25 0 0 0 0 0 0 0 0 0
fl=./malloc/./malloc/thread-freeres.c
fn=__libc_thread_freeres
31 108 2 2 0 0 0 36 0 0 0 0 0 0
33 36 0 0 0 0 0 36 0 0 0 0 0 0
35 36 0 0 0 0 0 36 0 0 0 0 0 0
36 36 0 0 0 0 0 36 0 0 0 0 0 0
37 36 0 0 0 0 0 36 0 0 0 0 0 0
41 36 2 2 0 0 0 0 0 0 0 0 0 0
42 36 0 0 36 0 0 0 0 0 0 0 0 0
fl=./math/../sysdeps/ieee754/dbl-64/e_log.c
fn=__ieee754_log_fma
39 60000 0 0 0 0 0 0 0 0 0 0 0 0
49 30000 2 1 0 0 0 0 0 0 0 0 0 0
61 150000 0 0 0 0 0 0 0 0 30000 1947 0 0
65 5514 0 0 0 0 0 0 0 0 1838 0 0 0
67 1838 0 0 1838 2 1 0 0 0 0 0 0 0
68 1838 0 0 0 0 0 0 0 0 0 0 0 0
69 1838 0 0 0 0 0 0 0 0 0 0 0 0
70 5514 2 1 5514 2 1 0 0 0 0 0 0 0
71 7352 0 0 5514 0 0 0 0 0 0 0 0 0
72 9190 2 1 7352 2 1 0 0 0 0 0 0 0
75 7352 0 0 1838 2 1 0 0 0 0 0 0 0
76 1838 0 0 0 0 0 0 0 0 0 0 0 0
77 3676 0 0 1838 0 0 0 0 0 0 0 0 0
78 3676 2 1 0 0 0 0 0 0 0 0 0 0
79 3676 0 0 0 0 0 0 0 0 0 0 0 0
80 5514 0 0 0 0 0 0 0 0 0 0 0 0
81 1838 0 0 0 0 0 0 0 0 0 0 0 0
82 1838 0 0 0 0 0 0 0 0 0 0 0 0
83 1838 0 0 1838 0 0 0 0 0 0 0 0 0
85 84486 2 1 0 0 0 0 0 0 28162 0 0 0
102 56324 0 0 0 0 0 0 0 0 0 0 0 0
103 56324 2 1 0 0 0 0 0 0 0 0 0 0
104 28162 0 0 0 0 0 0 0 0 0 0 0 0
105 84486 0 0 0 0 0 0 0 0 0 0 0 0
106 140810 0 0 0 0 0 0 0 0 0 0 0 0
114 84486 2 1 56324 2 1 0 0 0 0 0 0 0
119 56324 0 0 0 0 0 0 0 0 0 0 0 0
122 56324 0 0 56324 66 34 0 0 0 0 0 0 0
123 28162 0 0 0 0 0 0 0 0 0 0 0 0
124 84486 0 0 28162 0 0 0 0 0 0 0 0 0
127 28162 0 0 0 0 0 0 0 0 0 0 0 0
130 253458 2 1 140810 0 0 0 0 0 0 0 0 0
131 28162 0 0 28162 0 0 0 0 0 0 0 0 0
fl=./math/../sysdeps/ieee754/dbl-64/math_config.h
fn=__ieee754_log_fma
85 30000 0 0 0 0 0 0 0 0 0 0 0 0
fl=./math/../sysdeps/x86_64/fpu/multiarch/e_asin.c
fn=__acos_finite@GLIBC_2.15
35 1 1 1 0 0 0 0 0 0 0 0 0 0
fn=__asin_finite@GLIBC_2.15
27 2 1 1 1 0 0 0 0 0 0 0 0 0
fl=./math/../sysdeps/x86_64/fpu/multiarch/e_atan2.c
fn=__atan2_finite@GLIBC_2.15
26 2 1 1 1 0 0 0 0 0 0 0 0 0
fl=./math/../sysdeps/x86_64/fpu/multiarch/e_exp.c
fn=__exp_finite@GLIBC_2.15
27 2 2 2 1 0 0 0 0 0 0 0 0 0
fl=./math/../sysdeps/x86_64/fpu/multiarch/e_exp2f.c
fn=exp2f@@GLIBC_2.27
27 2 1 1 1 0 0 0 0 0 0 0 0 0
fl=./math/../sysdeps/x86_64/fpu/multiarch/e_expf.c
fn=expf@@GLIBC_2.27
27 2 1 1 1 0 0 0 0 0 0 0 0 0
fl=./math/../sysdeps/x86_64/fpu/multiarch/e_log.c
fn=__log_finite@GLIBC_2.15
27 2 2 2 1 0 0 0 0 0 0 0 0 0
fl=./math/../sysdeps/x86_64/fpu/multiarch/e_log2.c
fn=log2@@GLIBC_2.29
27 2 1 1 1 0 0 0 0 0 0 0 0 0
fl=./math/../sysdeps/x86_64/fpu/multiarch/e_log2f.c
fn=log2f@@GLIBC_2.27
27 2 1 1 1 0 0 0 0 0 0 0 0 0
fl=./math/../sysdeps/x86_64/fpu/multiarch/e_logf.c
fn=logf@@GLIBC_2.27
27 2 1 1 1 0 0 0 0 0 0 0 0 0
fl=./math/../sysdeps/x86_64/fpu/multiarch/e_pow.c
fn=__pow_finite@GLIBC_2.15
27 2 1 1 1 0 0 0 0 0 0 0 0 0
fl=./math/../sysdeps/x86_64/fpu/multiarch/e_powf.c
fn=powf@@GLIBC_2.27
30 1 1 1 0 0 0 0 0 0 0 0 0 0
fl=./math/../sysdeps/x86_64/fpu/multiarch/ifunc-avx-fma4.h
fn=__atan2_finite@GLIBC_2.15
32 5 0 0 2 0 0 0 0 0 1 0 0 0
33 2 1 1 1 0 0 0 0 0 1 1 0 0
fn=__exp_finite@GLIBC_2.15
32 5 0 0 2 0 0 0 0 0 1 0 0 0
33 2 0 0 1 0 0 0 0 0 1 1 0 0
fn=__log_finite@GLIBC_2.15
32 5 0 0 2 0 0 0 0 0 1 0 0 0
33 2 0 0 1 0 0 0 0 0 1 1 0 0
fn=cos
32 5 1 1 2 0 0 0 0 0 1 0 0 0
33 2 0 0 1 0 0 0 0 0 1 1 0 0
fn=sin
32 5 0 0 2 0 0 0 0 0 1 0 0 0
33 2 0 0 1 0 0 0 0 0 1 1 0 0
fl=./math/../sysdeps/x86_64/fpu/multiarch/ifunc-fma.h
fn=__log1p
29 4 0 0 2 0 0 0 0 0 1 0 0 0
30 3 0 0 1 0 0 0 0 0 0 0 0 0
fn=cosf
29 4 0 0 2 0 0 0 0 0 1 0 0 0
30 3 0 0 1 0 0 0 0 0 0 0 0 0
fn=exp2f@@GLIBC_2.27
29 4 0 0 2 0 0 0 0 0 1 0 0 0
30 3 0 0 1 0 0 0 0 0 0 0 0 0
fn=expf@@GLIBC_2.27
29 4 1 1 2 0 0 0 0 0 1 0 0 0
30 3 0 0 1 0 0 0 0 0 0 0 0 0
fn=expm1
29 4 0 0 2 0 0 0 0 0 1 0 0 0
30 3 1 1 1 0 0 0 0 0 0 0 0 0
fn=log2@@GLIBC_2.29
29 4 0 0 2 0 0 0 0 0 1 0 0 0
30 3 0 0 1 0 0 0 0 0 0 0 0 0
fn=log2f@@GLIBC_2.27
29 4 0 0 2 0 0 0 0 0 1 0 0 0
30 3 1 1 1 0 0 0 0 0 0 0 0 0
fn=logf@@GLIBC_2.27
29 4 0 0 2 0 0 0 0 0 1 0 0 0
30 3 0 0 1 0 0 0 0 0 0 0 0 0
fn=powf@@GLIBC_2.27
29 4 0 0 2 0 0 0 0 0 1 0 0 0
30 4 0 0 2 0 0 0 0 0 0 0 0 0
fn=sincosf
29 4 1 1 2 0 0 0 0 0 1 0 0 0
30 3 0 0 1 0 0 0 0 0 0 0 0 0
fn=sinf
29 4 0 0 2 0 0 0 0 0 1 0 0 0
30 3 0 0 1 0 0 0 0 0 0 0 0 0
fl=./math/../sysdeps/x86_64/fpu/multiarch/ifunc-fma4.h
fn=__acos_finite@GLIBC_2.15
31 4 0 0 2 0 0 0 0 0 1 0 0 0
32 2 1 1 1 0 0 0 0 0 1 1 0 0
35 1 0 0 1 0 0 0 0 0 0 0 0 0
fn=__asin_finite@GLIBC_2.15
31 4 0 0 2 0 0 0 0 0 1 0 0 0
32 2 0 0 1 0 0 0 0 0 1 1 0 0
fn=__pow_finite@GLIBC_2.15
31 4 1 1 2 0 0 0 0 0 1 0 0 0
32 2 0 0 1 0 0 0 0 0 1 1 0 0
fn=sincos
31 4 1 1 2 0 0 0 0 0 1 0 0 0
32 2 0 0 1 0 0 0 0 0 1 1 0 0
fl=./math/../sysdeps/x86_64/fpu/multiarch/s_cosf.c
fn=cosf
26 2 1 1 1 0 0 0 0 0 0 0 0 0
fl=./math/../sysdeps/x86_64/fpu/multiarch/s_expm1.c
fn=expm1
26 2 1 1 1 0 0 0 0 0 0 0 0 0
fl=./math/../sysdeps/x86_64/fpu/multiarch/s_fma.c
fn=fma
49 6 2 2 3 0 0 0 0 0 1 1 0 0
fl=./math/../sysdeps/x86_64/fpu/multiarch/s_log1p.c
fn=__log1p
26 2 1 1 1 0 0 0 0 0 0 0 0 0
fl=./math/../sysdeps/x86_64/fpu/multiarch/s_sin.c
fn=cos
34 2 1 1 1 0 0 0 0 0 0 0 0 0
fn=sin
27 2 1 1 1 0 0 0 0 0 0 0 0 0
fl=./math/../sysdeps/x86_64/fpu/multiarch/s_sincos.c
fn=sincos
26 2 1 1 1 0 0 0 0 0 0 0 0 0
fl=./math/../sysdeps/x86_64/fpu/multiarch/s_sincosf.c
fn=sincosf
26 2 1 1 1 0 0 0 0 0 0 0 0 0
fl=./math/../sysdeps/x86_64/fpu/multiarch/s_sinf.c
fn=sinf
26 2 1 1 1 0 0 0 0 0 0 0 0 0
fl=./math/./w_log_template.c
fn=log@@GLIBC_2.29
31 30000 2 2 0 0 0 0 0 0 0 0 0 0
32 90000 0 0 0 0 0 0 0 0 30000 0 0 0
41 30000 2 2 0 0 0 0 0 0 0 0 0 0
fl=./misc/../sysdeps/unix/syscall-template.S
fn=madvise
117 180 2 2 0 0 0 0 0 0 36 2 0 0
122 36 0 0 36 3 0 0 0 0 0 0 0 0
fn=mprotect
117 7905 4 4 0 0 0 0 0 0 1581 2 0 0
122 1581 0 0 1581 0 0 0 0 0 0 0 0 0
fn=munmap
117 260 4 4 0 0 0 0 0 0 52 4 0 0
122 52 0 0 52 0 0 0 0 0 0 0 0 0
fl=./misc/../sysdeps/unix/sysv/linux/brk.c
fn=brk
36 13 2 2 0 0 0 0 0 0 0 0 0 0
37 26 0 0 13 0 0 13 0 0 0 0 0 0
38 26 0 0 0 0 0 0 0 0 13 2 0 0
44 13 0 0 0 0 0 0 0 0 0 0 0 0
45 13 0 0 13 0 0 0 0 0 0 0 0 0
fl=./misc/../sysdeps/unix/sysv/linux/brk_call.h
fn=brk
24 26 0 0 0 0 0 0 0 0 0 0 0 0
fl=./misc/../sysdeps/unix/sysv/linux/clone-internal.c
fn=__clone_internal
53 72 0 0 72 0 0 0 0 0 0 0 0 0
62 72 2 2 72 0 0 0 0 0 0 0 0 0
64 288 0 0 108 0 0 72 1 1 0 0 0 0
80 108 0 0 36 12 0 0 0 0 36 3 0 0
82 4 0 0 0 0 0 1 0 0 0 0 0 0
83 4 1 1 1 0 0 0 0 0 2 1 0 0
86 1 0 0 0 0 0 1 0 0 0 0 0 0
97 432 4 4 0 0 0 216 1 1 0 0 0 0
99 72 0 0 72 8 0 0 0 0 0 0 0 0
106 36 1 1 0 0 0 36 0 0 0 0 0 0
109 72 0 0 72 11 0 0 0 0 0 0 0 0
110 288 0 0 252 11 0 0 0 0 0 0 0 0
fl=./misc/../sysdeps/unix/sysv/linux/getpagesize.c
fn=getpagesize
27 72 2 2 0 0 0 0 0 0 0 0 0 0
28 288 2 2 144 95 0 0 0 0 72 44 0 0
30 72 0 0 72 0 0 0 0 0 0 0 0 0
fl=./misc/../sysdeps/unix/sysv/linux/getsysstats.c
fn=get_nprocs
215 12 2 2 0 0 0 4 0 0 0 0 0 0
216 8 0 0 0 0 0 4 0 0 0 0 0 0
217 8 0 0 0 0 0 0 0 0 4 0 0 0
222 8 0 0 8 0 0 0 0 0 0 0 0 0
fn=read_sysfs_file
72 24 2 2 0 0 0 4 0 0 0 0 0 0
73 8 0 0 0 0 0 0 0 0 4 0 0 0
76 4 2 2 0 0 0 0 0 0 0 0 0 0
78 16 0 0 0 0 0 4 0 0 0 0 0 0
79 8 0 0 0 0 0 0 0 0 4 4 0 0
102 4 2 2 0 0 0 0 0 0 0 0 0 0
103 8 0 0 0 0 0 0 0 0 4 4 0 0
105 8 2 2 0 0 0 0 0 0 4 1 0 0
139 48 4 4 4 1 0 28 3 2 0 0 0 0
148 12 0 0 0 0 0 8 3 3 0 0 0 0
150 12 0 0 0 0 0 0 0 0 0 0 0 0
151 8 0 0 0 0 0 0 0 0 4 2 0 0
158 20 2 2 0 0 0 4 0 0 0 0 0 0
159 12 0 0 4 0 0 0 0 0 4 2 0 0
166 8 0 0 4 0 0 0 0 0 4 0 0 0
168 4 0 0 0 0 0 0 0 0 0 0 0 0
169 16 0 0 0 0 0 4 0 0 0 0 0 0
170 12 0 0 4 0 0 0 0 0 4 4 0 0
177 12 0 0 0 0 0 0 0 0 4 0 0 0
178 12 0 0 0 0 0 0 0 0 0 0 0 0
180 4 0 0 0 0 0 0 0 0 0 0 0 0
181 20 0 0 4 0 0 0 0 0 8 0 0 0
184 8 0 0 0 0 0 0 0 0 4 2 0 0
190 48 0 0 36 2 1 0 0 0 4 0 0 0
fl=./misc/../sysdeps/unix/sysv/linux/mmap64.c
fn=mmap
47 595 3 3 0 0 0 255 3 1 0 0 0 0
50 170 0 0 0 0 0 0 0 0 85 1 0 0
53 480 3 3 5 0 0 0 0 0 150 25 0 0
58 510 2 2 0 0 0 0 0 0 85 2 0 0
60 340 0 0 340 0 0 0 0 0 0 0 0 0
fl=./misc/../sysdeps/unix/sysv/linux/not-cancel.h
fn=read_sysfs_file
75 8 2 2 4 0 0 4 0 0 0 0 0 0
76 4 0 0 0 0 0 0 0 0 0 0 0 0
fl=./misc/../sysdeps/unix/sysv/linux/setvmaname.c
fn=__set_vma_name
33 698 6 6 0 0 0 396 2 0 0 0 0 0
35 501 0 0 201 70 1 98 36 36 101 14 0 0
40 14 0 0 2 0 0 2 0 0 2 2 0 0
47 2 1 1 0 0 0 2 0 0 0 0 0 0
48 1 0 0 0 0 0 0 0 0 0 0 0 0
49 891 1 1 691 0 0 0 0 0 98 9 0 0
fl=./misc/../sysdeps/unix/sysv/linux/x86_64/clone.S
fn=clone
52 36 2 2 0 0 0 0 0 0 0 0 0 0
54 36 0 0 0 0 0 0 0 0 0 0 0 0
55 36 0 0 0 0 0 0 0 0 0 0 0 0
56 36 0 0 0 0 0 0 0 0 36 2 0 0
59 36 0 0 0 0 0 0 0 0 0 0 0 0
60 36 0 0 0 0 0 0 0 0 36 0 0 0
63 36 0 0 0 0 0 36 36 36 0 0 0 0
65 36 0 0 0 0 0 0 0 0 0 0 0 0
69 36 2 2 0 0 0 36 0 0 0 0 0 0
72 36 0 0 0 0 0 0 0 0 0 0 0 0
73 36 0 0 0 0 0 0 0 0 0 0 0 0
74 36 0 0 0 0 0 0 0 0 0 0 0 0
75 36 0 0 36 0 0 0 0 0 0 0 0 0
76 36 0 0 0 0 0 0 0 0 0 0 0 0
81 36 0 0 0 0 0 0 0 0 0 0 0 0
83 72 0 0 0 0 0 0 0 0 0 0 0 0
84 72 0 0 0 0 0 0 0 0 72 6 0 0
85 72 0 0 0 0 0 0 0 0 72 32 0 0
87 36 0 0 36 11 0 0 0 0 0 0 0 0
95 36 0 0 0 0 0 0 0 0 0 0 0 0
98 36 0 0 36 26 0 0 0 0 0 0 0 0
99 36 0 0 36 0 0 0 0 0 0 0 0 0
100 36 0 0 0 0 0 36 0 0 0 0 36 1
fl=./misc/../sysdeps/unix/sysv/linux/x86_64/clone3.S
fn=clone3
42 1 1 1 0 0 0 0 0 0 0 0 0 0
44 1 0 0 0 0 0 0 0 0 0 0 0 0
45 1 0 0 0 0 0 0 0 0 0 0 0 0
46 1 0 0 0 0 0 0 0 0 1 1 0 0
47 1 0 0 0 0 0 0 0 0 0 0 0 0
48 1 0 0 0 0 0 0 0 0 1 0 0 0
52 1 0 0 0 0 0 0 0 0 0 0 0 0
55 1 0 0 0 0 0 0 0 0 0 0 0 0
60 1 0 0 0 0 0 0 0 0 0 0 0 0
62 1 0 0 0 0 0 0 0 0 0 0 0 0
63 1 0 0 0 0 0 0 0 0 1 1 0 0
86 5 1 1 2 0 0 1 0 0 0 0 0 0
fl=./misc/./misc/init-misc.c
fn=__init_misc
30 5 1 1 0 0 0 3 0 0 0 0 0 0
31 6 0 0 1 0 0 0 0 0 2 1 0 0
33 3 1 1 0 0 0 1 0 0 0 0 0 0
37 5 0 0 1 0 0 1 1 0 0 0 0 0
38 3 0 0 2 0 0 1 0 0 0 0 0 0
40 4 0 0 4 0 0 0 0 0 0 0 0 0
fl=./misc/./misc/sbrk.c
fn=sbrk
37 104 2 2 0 0 0 52 5 0 0 0 0 0
40 26 0 0 26 22 0 0 0 0 0 0 0 0
43 26 2 2 13 11 0 0 0 0 13 3 0 0
58 26 0 0 0 0 0 0 0 0 13 1 0 0
59 4 1 1 0 0 0 1 0 0 1 0 0 0
62 26 0 0 0 0 0 0 0 0 13 2 0 0
63 2 0 0 1 0 0 0 0 0 0 0 0 0
66 48 2 2 0 0 0 0 0 0 24 4 0 0
74 36 1 1 0 0 0 12 3 0 12 2 0 0
78 91 0 0 65 0 0 0 0 0 0 0 0 0
fl=./nptl/../include/list.h
fn=__nptl_deallocate_stack
43 72 0 0 36 0 0 36 0 0 0 0 0 0
44 72 0 0 0 0 0 36 0 0 0 0 0 0
45 36 0 0 0 0 0 36 1 0 0 0 0 0
47 36 2 2 0 0 0 36 0 0 0 0 0 0
55 108 0 0 72 0 0 36 0 0 0 0 0 0
56 36 0 0 0 0 0 36 34 8 0 0 0 0
fn=__nptl_free_stacks
55 84 0 0 56 0 0 28 0 0 0 0 0 0
56 28 0 0 0 0 0 28 0 0 0 0 0 0
fn=__nptl_stack_list_add
43 180 0 0 36 2 1 36 32 32 0 0 0 0
45 36 2 2 0 0 0 36 9 0 0 0 0 0
47 36 0 0 0 0 0 36 0 0 0 0 0 0
fn=__nptl_stack_list_del
55 12 0 0 8 0 0 4 3 3 0 0 0 0
56 4 0 0 0 0 0 4 0 0 0 0 0 0
fl=./nptl/../nptl/descr.h
fn=__pthread_enable_asynccancel
439 4704 1 1 0 0 0 0 0 0 0 0 0 0
fl=./nptl/../string/bits/string_fortified.h
fn=pthread_create@@GLIBC_2.34
59 28 2 2 0 0 0 16 4 4 0 0 0 0
fl=./nptl/../sysdeps/nptl/futex-internal.h
fn=__futex_abstimed_wait_cancelable64
87 8 2 2 0 0 0 8 0 0 0 0 0 0
fn=__lll_lock_wait
87 807 2 2 807 804 252 0 0 0 0 0 0 0
146 6456 0 0 0 0 0 0 0 0 0 0 0 0
147 1614 0 0 0 0 0 0 0 0 807 52 0 0
fn=__pthread_once_slow
209 16 2 1 0 0 0 0 0 0 2 2 0 0
fn=start_thread
146 36 0 0 0 0 0 0 0 0 0 0 0 0
fl=./nptl/../sysdeps/unix/sysv/linux/internal-signals.h
fn=pthread_create@@GLIBC_2.34
81 252 0 0 0 0 0 0 0 0 0 0 0 0
89 216 0 0 0 0 0 0 0 0 0 0 0 0
fn=start_thread
89 180 0 0 0 0 0 0 0 0 0 0 0 0
fl=./nptl/../sysdeps/unix/sysv/linux/internal-sigset.h
fn=pthread_create@@GLIBC_2.34
34 36 0 0 0 0 0 36 0 0 0 0 0 0
102 36 0 0 0 0 0 0 0 0 0 0 0 0
103 36 0 0 0 0 0 0 0 0 0 0 0 0
fn=start_thread
102 108 0 0 36 0 0 36 36 32 0 0 0 0
fl=./nptl/../sysdeps/unix/sysv/linux/rseq-internal.h
fn=start_thread
32 72 0 0 0 0 0 0 0 0 36 16 0 0
40 36 0 0 0 0 0 36 26 1 0 0 0 0
fl=./nptl/../sysdeps/unix/sysv/linux/sigsetops.h
fn=pthread_create@@GLIBC_2.34
54 1 0 0 0 0 0 1 0 0 0 0 0 0
104 2 1 1 1 0 0 0 0 0 0 0 0 0
fl=./nptl/../sysdeps/unix/sysv/linux/x86/elision-conf.c
fn=__lll_elision_init
92 8 1 1 1 0 0 3 0 0 0 0 0 0
96 5 1 1 0 0 0 1 0 0 0 0 0 0
98 4 0 0 0 0 0 1 0 0 0 0 0 0
100 4 0 0 0 0 0 1 0 0 0 0 0 0
102 4 0 0 0 0 0 1 0 0 0 0 0 0
104 4 1 1 0 0 0 1 0 0 0 0 0 0
107 3 0 0 1 1 1 0 0 0 1 0 0 0
108 1 0 0 0 0 0 1 1 1 0 0 0 0
109 6 0 0 5 0 0 0 0 0 1 0 0 0
fl=./nptl/../sysdeps/x86/nptl/tls-setup.h
fn=pthread_create@@GLIBC_2.34
22 72 0 0 36 12 0 36 36 36 0 0 0 0
fl=./nptl/./nptl-stack.h
fn=pthread_create@@GLIBC_2.34
61 360 2 2 108 12 1 36 0 0 0 0 0 0
fl=./nptl/./nptl/alloca_cutoff.c
fn=__libc_alloca_cutoff
27 8 2 2 0 0 0 0 0 0 0 0 0 0
28 72 0 0 8 2 1 0 0 0 8 4 0 0
35 8 0 0 8 0 0 0 0 0 0 0 0 0
fl=./nptl/./nptl/allocatestack.c
fn=name_stack_maps
587 432 2 2 0 0 0 288 38 36 0 0 0 0
589 360 2 2 216 31 1 72 0 0 0 0 0 0
593 144 0 0 72 0 0 0 0 0 0 0 0 0
595 144 0 0 0 0 0 0 0 0 72 35 0 0
596 252 0 0 72 0 0 0 0 0 36 0 0 0
599 36 0 0 36 26 1 0 0 0 0 0 0 0
600 72 0 0 36 0 0 0 0 0 36 12 0 0
601 108 0 0 0 0 0 0 0 0 0 0 0 0
603 360 2 2 0 0 0 72 36 36 0 0 0 0
605 504 0 0 396 0 0 0 0 0 36 0 0 0
fn=pthread_create@@GLIBC_2.34
63 8 0 0 0 0 0 0 0 0 0 0 0 0
66 144 2 2 36 12 1 0 0 0 36 5 0 0
74 144 0 0 36 0 0 0 0 0 36 4 0 0
78 4 0 0 0 0 0 0 0 0 0 0 0 0
79 24 1 1 8 6 5 0 0 0 8 2 0 0
81 8 0 0 0 0 0 0 0 0 4 0 0 0
83 8 1 1 0 0 0 0 0 0 0 0 0 0
96 12 1 1 4 0 0 0 0 0 4 1 0 0
99 128 4 4 64 0 0 0 0 0 64 0 0 0
105 4 1 1 0 0 0 4 4 4 0 0 0 0
108 28 0 0 0 0 0 16 0 0 0 0 0 0
111 12 0 0 0 0 0 4 0 0 0 0 0 0
114 12 1 1 8 0 0 4 0 0 0 0 0 0
117 24 0 0 16 0 0 0 0 0 8 0 0 0
120 8 0 0 4 0 0 4 0 0 0 0 0 0
121 8 0 0 4 0 0 4 0 0 0 0 0 0
124 4 0 0 0 0 0 4 4 4 0 0 0 0
125 4 0 0 0 0 0 4 0 0 0 0 0 0
126 4 0 0 0 0 0 4 0 0 0 0 0 0
129 4 0 0 0 0 0 4 4 4 0 0 0 0
131 4 1 1 0 0 0 4 0 0 0 0 0 0
132 4 0 0 0 0 0 4 0 0 0 0 0 0
136 4 0 0 4 4 4 0 0 0 0 0 0 0
137 252 0 0 76 4 0 8 0 0 76 10 0 0
138 360 1 1 72 18 0 72 0 0 0 0 0 0
139 28 0 0 8 0 0 0 0 0 0 0 0 0
142 12 0 0 0 0 0 4 0 0 0 0 0 0
166 96 0 0 0 0 0 64 0 0 0 0 0 0
170 224 2 2 128 0 0 32 0 0 32 2 0 0
219 144 0 0 0 0 0 36 0 0 0 0 0 0
223 108 0 0 0 0 0 36 0 0 36 0 0 0
228 108 0 0 36 0 0 0 0 0 36 8 0 0
238 72 2 2 36 0 0 0 0 0 36 2 0 0
328 72 0 0 0 0 0 36 0 0 0 0 0 0
329 216 0 0 72 24 1 36 0 0 0 0 0 0
333 108 0 0 0 0 0 36 0 0 36 12 0 0
343 216 0 0 36 0 0 0 0 0 0 0 0 0
347 216 0 0 0 0 0 0 0 0 72 5 0 0
351 72 0 0 0 0 0 0 0 0 36 0 0 0
352 108 0 0 36 0 0 0 0 0 0 0 0 0
353 36 0 0 0 0 0 0 0 0 0 0 0 0
361 8 0 0 8 0 0 0 0 0 0 0 0 0
366 448 2 2 32 0 0 160 0 0 0 0 0 0
369 128 2 2 64 0 0 0 0 0 32 0 0 0
374 128 0 0 32 10 1 0 0 0 32 7 0 0
380 64 0 0 32 0 0 0 0 0 32 0 0 0
385 64 2 2 32 0 0 0 0 0 0 0 0 0
386 32 0 0 0 0 0 0 0 0 0 0 0 0
395 64 0 0 0 0 0 0 0 0 32 0 0 0
407 64 0 0 32 0 0 32 0 0 0 0 0 0
408 64 0 0 0 0 0 64 32 32 0 0 0 0
411 64 0 0 0 0 0 64 0 0 0 0 0 0
416 64 0 0 0 0 0 32 32 32 0 0 0 0
419 32 0 0 0 0 0 32 32 32 0 0 0 0
426 32 2 2 0 0 0 32 32 32 0 0 0 0
429 192 0 0 64 0 0 32 0 0 32 2 0 0
442 128 2 2 32 0 0 0 0 0 32 0 0 0
445 224 0 0 0 0 0 128 0 0 0 0 0 0
447 192 2 2 128 0 0 0 0 0 64 0 0 0
454 160 0 0 64 0 0 0 0 0 64 0 0 0
477 108 1 1 36 0 0 0 0 0 36 2 0 0
506 180 2 2 36 0 0 0 0 0 36 0 0 0
532 36 0 0 0 0 0 36 0 0 0 0 0 0
537 36 0 0 0 0 0 36 0 0 0 0 0 0
542 36 0 0 0 0 0 36 0 0 0 0 0 0
545 36 0 0 0 0 0 36 0 0 0 0 0 0
547 144 2 2 0 0 0 36 0 0 0 0 0 0
558 144 0 0 36 0 0 0 0 0 0 0 0 0
563 72 0 0 36 0 0 0 0 0 0 0 0 0
fn=start_thread
189 72 0 0 0 0 0 36 0 0 0 0 0 0
191 180 0 0 0 0 0 0 0 0 0 0 0 0
192 72 0 0 0 0 0 0 0 0 36 0 0 0
193 72 0 0 0 0 0 0 0 0 36 17 0 0
194 180 4 4 0 0 0 36 0 0 0 0 0 0
fl=./nptl/./nptl/cancellation.c
fn=__pthread_disable_asynccancel
63 2352 1 1 0 0 0 0 0 0 0 0 0 0
66 7056 0 0 2352 0 0 0 0 0 2352 8 0 0
71 7056 0 0 4704 6 0 0 0 0 0 0 0 0
74 4704 0 0 0 0 0 0 0 0 0 0 0 0
76 7056 2 1 2352 0 0 0 0 0 2352 0 0 0
83 7056 0 0 0 0 0 0 0 0 2352 10 0 0
fn=__pthread_enable_asynccancel
31 2352 1 1 0 0 0 0 0 0 0 0 0 0
32 2352 0 0 2352 0 0 0 0 0 0 0 0 0
33 4704 0 0 2352 5 0 0 0 0 0 0 0 0
37 4704 0 0 0 0 0 0 0 0 0 0 0 0
39 4704 0 0 0 0 0 0 0 0 2352 0 0 0
42 9408 0 0 2352 0 0 0 0 0 2352 0 0 0
45 4704 0 0 0 0 0 0 0 0 2352 0 0 0
56 4704 0 0 2352 0 0 0 0 0 0 0 0 0
fl=./nptl/./nptl/cleanup_compat.c
fn=_pthread_cleanup_pop@@GLIBC_2.34
40 38 0 0 0 0 0 0 0 0 0 0 0 0
43 76 0 0 38 0 0 38 3 0 0 0 0 0
47 76 0 0 0 0 0 0 0 0 38 10 0 0
49 38 3 2 38 0 0 0 0 0 0 0 0 0
fn=_pthread_cleanup_push@@GLIBC_2.34
25 38 3 2 0 0 0 0 0 0 0 0 0 0
28 38 0 0 0 0 0 38 0 0 0 0 0 0
29 38 0 0 0 0 0 38 0 0 0 0 0 0
30 76 3 2 38 3 0 38 0 0 0 0 0 0
32 38 0 0 0 0 0 38 0 0 0 0 0 0
33 38 0 0 38 0 0 0 0 0 0 0 0 0
fl=./nptl/./nptl/futex-internal.c
fn=__futex_abstimed_wait_cancelable64
57 72 2 2 16 0 0 12 3 0 4 2 0 0
77 8 0 0 0 0 0 0 0 0 4 2 0 0
80 8 0 0 0 0 0 0 0 0 4 3 0 0
83 12 0 0 0 0 0 0 0 0 0 0 0 0
84 8 2 2 0 0 0 0 0 0 0 0 0 0
103 32 0 0 4 0 0 4 3 0 12 3 0 0
113 4 2 2 0 0 0 0 0 0 0 0 0 0
138 32 2 2 0 0 0 16 0 0 0 0 0 0
141 24 0 0 20 6 0 0 0 0 0 0 0 0
fl=./nptl/./nptl/libc-cleanup.c
fn=__libc_cleanup_pop_restore
54 18 0 0 0 0 0 0 0 0 0 0 0 0
55 18 0 0 18 0 0 0 0 0 0 0 0 0
57 36 0 0 18 0 0 18 0 0 0 0 0 0
59 18 0 0 18 0 0 0 0 0 0 0 0 0
60 54 3 2 18 0 0 0 0 0 18 13 0 0
71 18 0 0 18 0 0 0 0 0 0 0 0 0
fn=__libc_cleanup_push_defer
24 18 3 2 0 0 0 0 0 0 0 0 0 0
25 18 0 0 18 0 0 0 0 0 0 0 0 0
27 36 0 0 18 5 0 18 0 0 0 0 0 0
29 36 0 0 18 3 0 0 0 0 0 0 0 0
32 36 0 0 0 0 0 0 0 0 18 0 0 0
46 54 3 2 0 0 0 18 0 0 0 0 0 0
48 18 0 0 0 0 0 18 0 0 0 0 0 0
49 18 0 0 18 0 0 0 0 0 0 0 0 0
fl=./nptl/./nptl/lowlevellock.c
fn=__lll_lock_wait
41 1614 2 2 0 0 0 0 0 0 0 0 0 0
42 2421 0 0 807 0 0 0 0 0 807 273 0 0
45 4148 0 0 2074 761 1 0 0 0 2074 71 0 0
48 807 0 0 0 0 0 0 0 0 0 0 0 0
fn=__lll_lock_wake
63 1037 1 1 0 0 0 0 0 0 0 0 0 0
64 5185 0 0 0 0 0 0 0 0 0 0 0 0
65 1037 0 0 1037 237 35 0 0 0 0 0 0 0
fl=./nptl/./nptl/nptl-stack.c
fn=__nptl_deallocate_stack
29 36 0 0 0 0 0 36 0 0 0 0 0 0
37 36 2 2 0 0 0 36 0 0 0 0 0 0
44 108 0 0 0 0 0 36 0 0 0 0 0 0
52 36 0 0 0 0 0 36 0 0 0 0 0 0
104 108 0 0 72 0 0 36 0 0 0 0 0 0
105 108 0 0 36 0 0 0 0 0 36 6 0 0
107 56 2 2 0 0 0 28 0 0 0 0 0 0
112 216 2 2 0 0 0 108 0 0 0 0 0 0
113 180 2 2 72 6 1 0 0 0 36 0 0 0
117 36 0 0 0 0 0 0 0 0 0 0 0 0
123 72 0 0 36 0 0 0 0 0 36 0 0 0
129 144 0 0 72 0 0 0 0 0 72 2 0 0
130 144 0 0 144 0 0 0 0 0 0 0 0 0
fn=__nptl_free_stacks
29 28 0 0 0 0 0 28 0 0 0 0 0 0
37 28 0 0 0 0 0 28 0 0 0 0 0 0
58 280 0 0 0 0 0 168 0 0 0 0 0 0
65 168 2 2 84 1 0 0 0 0 28 2 0 0
69 28 0 0 0 0 0 0 0 0 0 0 0 0
70 84 0 0 28 0 0 0 0 0 28 0 0 0
76 84 2 2 56 2 0 28 0 0 0 0 0 0
79 56 0 0 0 0 0 28 0 0 0 0 0 0
83 140 0 0 56 0 0 28 0 0 28 0 0 0
87 56 0 0 28 0 0 0 0 0 28 0 0 0
91 224 0 0 196 0 0 0 0 0 0 0 0 0
fn=__nptl_stack_list_add
43 36 1 1 0 0 0 0 0 0 0 0 0 0
44 144 0 0 36 0 0 36 0 0 0 0 0 0
52 36 0 0 0 0 0 36 0 0 0 0 0 0
53 36 0 0 36 0 0 0 0 0 0 0 0 0
fn=__nptl_stack_list_del
28 4 1 1 0 0 0 0 0 0 0 0 0 0
29 8 0 0 4 0 0 4 0 0 0 0 0 0
37 4 1 1 0 0 0 4 0 0 0 0 0 0
38 4 0 0 4 0 0 0 0 0 0 0 0 0
fl=./nptl/./nptl/nptl_deallocate_tsd.c
fn=__nptl_deallocate_tsd
23 36 2 2 0 0 0 0 0 0 0 0 0 0
28 144 0 0 36 0 0 0 0 0 36 4 0 0
110 36 2 2 36 0 0 0 0 0 0 0 0 0
fl=./nptl/./nptl/nptl_free_tcb.c
fn=__nptl_free_tcb
25 216 2 2 0 0 0 72 0 0 0 0 0 0
27 72 0 0 72 34 7 0 0 0 72 6 0 0
31 108 0 0 36 34 7 0 0 0 36 4 0 0
42 72 0 0 0 0 0 0 0 0 0 0 0 0
44 72 0 0 72 0 0 0 0 0 0 0 0 0
fl=./nptl/./nptl/pthread_attr_copy.c
fn=__pthread_attr_copy
25 468 2 2 36 0 0 216 1 1 0 0 0 0
29 288 2 2 144 12 1 144 1 1 0 0 0 0
32 36 0 0 0 0 0 36 0 0 0 0 0 0
38 108 0 0 36 0 0 0 0 0 36 6 0 0
61 288 2 2 144 0 0 144 0 0 0 0 0 0
62 36 0 0 0 0 0 0 0 0 0 0 0 0
63 396 0 0 288 0 0 0 0 0 36 2 0 0
fl=./nptl/./nptl/pthread_attr_destroy.c
fn=pthread_attr_destroy
26 36 2 2 0 0 0 0 0 0 0 0 0 0
36 108 0 0 36 11 0 0 0 0 36 2 0 0
44 72 2 2 36 0 0 0 0 0 0 0 0 0
fl=./nptl/./nptl/pthread_create.c
fn=create_thread
236 432 2 2 0 0 0 216 0 0 0 0 0 0
240 180 2 2 72 0 0 36 0 0 36 4 0 0
244 72 2 2 36 0 0 0 0 0 36 1 0 0
247 72 0 0 36 0 0 36 0 0 0 0 0 0
248 72 0 0 0 0 0 0 0 0 36 0 0 0
287 396 4 4 0 0 0 360 0 0 0 0 0 0
290 36 0 0 0 0 0 0 0 0 0 0 0 0
297 144 0 0 0 0 0 36 0 0 0 0 0 0
298 72 0 0 0 0 0 0 0 0 36 0 0 0
303 36 0 0 0 0 0 36 11 0 0 0 0 0
309 72 0 0 0 0 0 0 0 0 36 5 0 0
321 72 2 2 36 0 0 0 0 0 36 3 0 0
332 36 0 0 0 0 0 0 0 0 0 0 0 0
333 396 0 0 324 33 0 0 0 0 36 0 0 0
fn=pthread_create@@GLIBC_2.34
81 2 0 0 0 0 0 1 0 0 0 0 0 0
82 1 0 0 0 0 0 1 0 0 0 0 0 0
83 4 2 2 0 0 0 1 0 0 0 0 0 0
90 6 0 0 0 0 0 0 0 0 0 0 0 0
609 144 2 2 36 0 0 0 0 0 36 1 0 0
626 576 4 4 36 0 0 396 11 0 0 0 0 0
632 72 0 0 36 0 0 0 0 0 36 3 0 0
635 1 0 0 0 0 0 1 0 0 0 0 0 0
638 3 0 0 1 1 0 1 0 0 0 0 0 0
644 36 0 0 36 0 0 0 0 0 0 0 0 0
645 144 0 0 36 0 0 0 0 0 36 14 0 0
647 144 0 0 0 0 0 72 1 0 0 0 0 0
648 72 0 0 0 0 0 0 0 0 36 0 0 0
650 72 2 2 0 0 0 36 0 0 0 0 0 0
663 2 0 0 0 0 0 2 0 0 0 0 0 0
674 36 0 0 0 0 0 36 0 0 0 0 0 0
677 36 0 0 0 0 0 36 0 0 0 0 0 0
683 72 0 0 36 0 0 36 0 0 0 0 0 0
684 72 2 2 36 0 0 36 32 32 0 0 0 0
685 36 0 0 0 0 0 36 32 32 0 0 0 0
688 36 0 0 36 0 0 0 0 0 0 0 0 0
689 144 0 0 36 0 0 36 32 32 0 0 0 0
690 108 0 0 36 12 0 0 0 0 0 0 0 0
694 36 0 0 36 12 0 0 0 0 0 0 0 0
695 144 0 0 0 0 0 0 0 0 0 0 0 0
700 144 0 0 0 0 0 36 0 0 0 0 0 0
703 144 2 2 72 12 0 72 0 0 0 0 0 0
708 72 2 2 36 12 0 36 0 0 0 0 0 0
709 72 0 0 36 0 0 36 0 0 0 0 0 0
713 72 0 0 36 0 0 36 0 0 0 0 0 0
718 72 0 0 36 0 0 36 0 0 0 0 0 0
730 72 2 2 0 0 0 0 0 0 0 0 0 0
731 72 2 2 0 0 0 0 0 0 36 26 0 0
751 72 0 0 36 2 0 0 0 0 36 2 0 0
752 6 0 0 2 0 0 2 0 0 0 0 0 0
755 108 0 0 36 0 0 36 0 0 0 0 0 0
757 36 0 0 0 0 0 0 0 0 0 0 0 0
767 36 0 0 72 0 0 0 0 0 36 1 0 0
772 72 2 2 0 0 0 72 0 0 0 0 0 0
780 108 0 0 36 0 0 0 0 0 36 7 0 0
791 72 2 2 36 0 0 36 36 36 0 0 0 0
836 252 0 0 0 0 0 36 0 0 0 0 0 0
843 72 1 1 0 0 0 0 0 0 36 0 0 0
883 72 0 0 36 0 0 0 0 0 36 0 0 0
893 72 0 0 0 0 0 36 0 0 0 0 0 0
897 72 2 2 36 0 0 0 0 0 36 2 0 0
898 72 0 0 0 0 0 36 0 0 0 0 0 0
901 468 2 2 396 22 0 0 0 0 36 0 0 0
fn=start_thread
338 396 4 4 36 26 0 216 36 36 0 0 0 0
345 72 0 0 36 26 1 0 0 0 36 9 0 0
367 144 2 2 72 36 0 36 26 0 0 0 0 0
370 36 0 0 0 0 0 36 0 0 0 0 0 0
373 108 0 0 0 0 0 36 0 0 0 0 0 0
377 36 2 2 36 26 1 0 0 0 0 0 0 0
388 180 0 0 36 0 0 0 0 0 0 0 0 0
405 144 2 2 0 0 0 36 0 0 0 0 0 0
419 72 0 0 0 0 0 36 0 0 0 0 0 0
423 216 0 0 108 0 0 0 0 0 72 0 0 0
426 72 0 0 0 0 0 0 0 0 36 16 0 0
429 72 0 0 0 0 0 36 0 0 0 0 0 0
431 72 2 2 36 0 0 0 0 0 0 0 0 0
433 36 0 0 0 0 0 0 0 0 0 0 0 0
437 72 0 0 36 0 0 0 0 0 36 2 0 0
447 144 2 2 108 26 1 36 0 0 0 0 36 2
448 36 2 2 0 0 0 36 36 32 0 0 0 0
452 36 0 0 0 0 0 36 0 0 0 0 0 0
455 36 0 0 0 0 0 36 0 0 0 0 0 0
458 36 0 0 0 0 0 36 0 0 0 0 0 0
461 108 0 0 72 0 0 0 0 0 36 0 0 0
492 72 0 0 108 36 32 0 0 0 36 7 0 0
494 72 2 2 72 35 0 0 0 0 72 5 0 0
508 216 0 0 0 0 0 0 0 0 0 0 0 0
515 180 2 2 36 0 0 0 0 0 36 0 0 0
516 72 0 0 36 0 0 36 0 0 0 0 0 0
517 144 0 0 72 0 0 0 0 0 72 1 0 0
552 108 0 0 72 0 0 0 0 0 36 0 0 0
553 108 2 2 108 36 32 0 0 0 0 0 0 0
556 108 2 2 72 2 0 0 0 0 36 1 0 0
573 108 0 0 72 2 0 0 0 0 36 0 0 0
578 144 0 0 36 0 0 36 0 0 0 0 0 0
599 180 2 2 0 0 0 0 0 0 0 0 0 0
fl=./nptl/./nptl/pthread_getattr_default_np.c
fn=pthread_getattr_default_np@@GLIBC_2.34
24 216 2 2 0 0 0 72 0 0 0 0 0 0
25 144 0 0 36 12 0 0 0 0 36 0 0 0
26 108 0 0 0 0 0 36 0 0 0 0 0 0
27 144 2 2 72 0 0 0 0 0 72 14 0 0
29 108 0 0 108 0 0 0 0 0 0 0 0 0
fl=./nptl/./nptl/pthread_join.c
fn=pthread_join@@GLIBC_2.34
23 36 2 2 0 0 0 0 0 0 0 0 0 0
24 144 2 2 0 0 0 0 0 0 0 0 0 0
fl=./nptl/./nptl/pthread_join_common.c
fn=__pthread_clockjoin_ex
39 432 2 2 36 0 0 252 0 0 0 0 0 0
43 216 0 0 36 1 0 0 0 0 72 0 0 0
48 180 2 2 36 36 5 0 0 0 36 0 0 0
52 36 0 0 36 0 0 0 0 0 0 0 0 0
55 36 0 0 0 0 0 0 0 0 0 0 0 0
57 72 0 0 0 0 0 0 0 0 36 1 0 0
58 72 0 0 36 4 0 0 0 0 36 5 0 0
74 180 0 0 36 0 0 0 0 0 36 0 0 0
84 72 0 0 0 0 0 0 0 0 36 3 0 0
89 216 4 4 0 0 0 72 0 0 0 0 0 0
94 156 0 0 40 2 0 0 0 0 40 4 0 0
102 20 0 0 0 0 0 4 0 0 0 0 0 0
104 16 0 0 0 0 0 0 0 0 4 0 0 0
111 144 2 2 36 0 0 36 0 0 0 0 0 0
114 36 0 0 36 2 0 0 0 0 0 0 0 0
118 36 2 2 0 0 0 36 0 0 0 0 0 0
121 72 0 0 0 0 0 0 0 0 36 4 0 0
125 108 0 0 0 0 0 36 0 0 0 0 0 0
130 36 0 0 0 0 0 0 0 0 0 0 0 0
133 396 0 0 324 6 0 0 0 0 36 2 0 0
fl=./nptl/./nptl/pthread_mutex_conf.c
fn=__pthread_tunables_init
55 8 1 1 1 0 0 3 0 0 0 0 0 0
56 5 1 1 0 0 0 1 0 0 0 0 0 0
58 4 0 0 0 0 0 1 0 0 0 0 0 0
60 4 0 0 0 0 0 1 0 0 0 0 0 0
62 6 1 1 5 0 0 0 0 0 1 0 0 0
fl=./nptl/./nptl/pthread_mutex_lock.c
fn=pthread_mutex_lock@@GLIBC_2.2.5
44 14543612 2 2 14543612 0 0 0 0 0 0 0 0 0
45 58174448 0 0 14543612 186 0 0 0 0 29087224 19 0 0
48 58177676 3 3 14544419 3619584 13047 1614 711 37 14543612 818 0 0
77 72718060 2 2 0 0 0 29087224 1 0 0 0 0 0
80 43630836 0 0 14543612 14251161 55776 0 0 0 0 0 0 0
82 14543612 0 0 0 0 0 0 0 0 0 0 0 0
84 29087224 2 2 0 0 0 0 0 0 14543612 23 0 0
88 29087224 0 0 0 0 0 0 0 0 14543612 18653 0 0
90 43630611 0 0 14543537 137234 0 0 0 0 14543537 36 0 0
94 43630611 0 0 14543537 90 0 0 0 0 14543537 1 0 0
97 150 3 3 0 0 0 0 0 0 75 0 0 0
108 300 2 2 75 0 0 0 0 0 75 2 0 0
112 75 0 0 75 15 0 0 0 0 0 0 0 0
115 150 0 0 75 0 0 0 0 0 75 9 0 0
124 14543612 0 0 0 0 0 0 0 0 0 0 0 0
130 225 0 0 75 0 0 0 0 0 75 0 0 0
131 150 0 0 0 0 0 75 0 0 0 0 0 0
179 14543612 2 2 14543612 193163 629 0 0 0 0 0 0 0
182 14543612 0 0 0 0 0 14543612 0 0 0 0 0 0
184 14543612 0 0 14543612 0 0 0 0 0 0 0 0 0
187 14543612 0 0 0 0 0 0 0 0 0 0 0 0
190 43630836 0 0 43630836 703 224 0 0 0 0 0 0 0
fl=./nptl/./nptl/pthread_mutex_unlock.c
fn=pthread_mutex_unlock@@GLIBC_2.2.5
39 14543612 0 0 14543612 0 0 0 0 0 0 0 0 0
40 58174448 0 0 14543612 110289 0 0 0 0 29087224 1100 0 0
43 58178596 0 0 29088261 15124 32 2074 212 40 29087224 1133 0 0
51 43630836 0 0 14543612 117881 2 0 0 0 0 0 0 0
52 29087224 2 2 0 0 0 0 0 0 14543612 32277 0 0
57 29087224 0 0 0 0 0 0 0 0 14543612 25 0 0
62 14543612 0 0 0 0 0 14543612 0 0 0 0 0 0
65 14543612 0 0 14543612 16967 0 0 0 0 0 0 0 0
70 14543612 0 0 0 0 0 0 0 0 0 0 0 0
72 14543612 0 0 0 0 0 0 0 0 0 0 0 0
74 150 2 2 0 0 0 0 0 0 75 5 0 0
80 300 2 2 75 0 0 0 0 0 75 0 0 0
84 225 0 0 150 0 0 0 0 0 75 5 0 0
87 150 0 0 75 0 0 0 0 0 75 3 0 0
367 58174448 2 2 0 0 0 14543612 1 0 0 0 0 0
369 29087224 0 0 29087224 0 0 0 0 0 0 0 0 0
fl=./nptl/./nptl/pthread_once.c
fn=__pthread_once_slow
68 22 4 2 2 0 0 10 0 0 0 0 0 0
76 2 0 0 2 0 0 0 0 0 0 0 0 0
80 4 0 0 0 0 0 0 0 0 2 2 0 0
88 4 0 0 2 2 1 0 0 0 0 0 0 0
92 4 0 0 2 0 0 0 0 0 2 0 0 0
101 8 2 1 0 0 0 0 0 0 2 2 0 0
114 26 4 2 0 0 0 14 1 0 0 0 0 0
116 2 0 0 0 0 0 2 0 0 0 0 2 2
118 6 0 0 0 0 0 2 0 0 0 0 0 0
124 2 0 0 0 0 0 2 0 0 0 0 0 0
132 20 0 0 14 0 0 0 0 0 2 0 0 0
fn=pthread_once@@GLIBC_2.34
136 3302914 3 2 0 0 0 0 0 0 0 0 0 0
139 3302914 0 0 3302914 9 3 0 0 0 0 0 0 0
140 6605828 0 0 0 0 0 0 0 0 3302914 4 0 0
143 2 0 0 0 0 0 0 0 0 0 0 0 0
144 6605824 0 0 3302912 0 0 0 0 0 0 0 0 0
fl=./posix/../malloc/dynarray-skeleton.c
fn=__unregister_atfork
243 5 0 0 5 1 1 0 0 0 0 0 0 0
fl=./posix/../sysdeps/unix/sysv/linux/_exit.c
fn=_Exit
27 2 1 1 1 0 0 0 0 0 0 0 0 0
30 4 0 0 0 0 0 0 0 0 0 0 0 0
fl=./posix/./posix/register-atfork.c
fn=__unregister_atfork
71 10 1 1 0 0 0 0 0 0 5 3 0 0
82 30 1 1 0 0 0 10 0 0 0 0 0 0
83 20 0 0 5 1 1 0 0 0 5 3 0 0
109 20 1 1 10 0 0 0 0 0 10 1 0 0
110 15 0 0 15 0 0 0 0 0 0 0 0 0
fl=./resolv/./resolv/res-close.c
fn=__res_thread_freeres
131 252 4 4 0 0 0 144 0 0 0 0 0 0
132 36 0 0 0 0 0 36 0 0 0 0 0 0
134 180 0 0 108 108 67 0 0 0 36 0 0 0
142 216 0 0 180 0 0 0 0 0 0 0 0 0
fl=./resolv/./resolv/resolv_context.c
fn=__resolv_context_freeres
242 324 2 2 0 0 0 216 0 0 0 0 0 0
244 72 0 0 72 0 0 0 0 0 0 0 0 0
245 36 0 0 0 0 0 36 0 0 0 0 0 0
246 72 0 0 0 0 0 0 0 0 36 4 0 0
252 288 4 4 252 0 0 0 0 0 0 0 0 0
fl=./resource/../sysdeps/unix/sysv/linux/getrlimit64.c
fn=getrlimit
38 2 1 1 0 0 0 0 0 0 0 0 0 0
39 7 0 0 0 0 0 0 0 0 1 0 0 0
40 1 0 0 1 0 0 0 0 0 0 0 0 0
fl=./setjmp/../sysdeps/x86_64/bsd-_setjmp.S
fn=_setjmp
28 37 2 2 0 0 0 0 0 0 0 0 0 0
30 37 0 0 0 0 0 0 0 0 0 0 0 0
32 37 0 0 0 0 0 0 0 0 0 0 0 0
fl=./setjmp/../sysdeps/x86_64/setjmp.S
fn=__sigsetjmp
31 51 4 3 0 0 0 0 0 0 0 0 0 0
33 51 0 0 0 0 0 51 1 1 0 0 0 0
42 51 0 0 0 0 0 0 0 0 0 0 0 0
43 102 0 0 51 0 0 0 0 0 0 0 0 0
44 51 0 0 0 0 0 51 0 0 0 0 0 0
48 51 0 0 0 0 0 51 0 0 0 0 0 0
49 51 0 0 0 0 0 51 0 0 0 0 0 0
50 51 0 0 0 0 0 51 36 36 0 0 0 0
51 51 0 0 0 0 0 51 0 0 0 0 0 0
52 51 0 0 0 0 0 0 0 0 0 0 0 0
54 102 2 2 51 0 0 0 0 0 0 0 0 0
56 51 0 0 0 0 0 51 0 0 0 0 0 0
57 51 1 1 51 0 0 0 0 0 0 0 0 0
58 51 0 0 0 0 0 0 0 0 0 0 0 0
60 102 0 0 51 0 0 0 0 0 0 0 0 0
62 51 0 0 0 0 0 51 0 0 0 0 0 0
67 37 0 0 37 27 0 0 0 0 0 0 0 0
68 37 0 0 0 0 0 0 0 0 37 14 0 0
70 14 0 0 0 0 0 0 0 0 0 0 0 0
73 14 0 0 0 0 0 0 0 0 0 0 0 0
74 14 0 0 0 0 0 14 1 1 0 0 0 0
81 14 0 0 0 0 0 0 0 0 0 0 0 0
82 14 0 0 14 0 0 0 0 0 0 0 0 0
85 37 2 2 0 0 0 0 0 0 0 0 0 0
fl=./setjmp/./setjmp/sigjmp.c
fn=__sigjmp_save
28 222 0 0 0 0 0 74 0 0 0 0 0 0
29 37 0 0 0 0 0 37 0 0 0 0 0 0
30 74 0 0 0 0 0 0 0 0 37 0 0 0
34 148 0 0 111 0 0 0 0 0 0 0 0 0
fl=./signal/../string/bits/string_fortified.h
fn=__libc_sigaction
29 16 2 2 8 0 0 8 0 0 0 0 0 0
fl=./signal/../sysdeps/unix/sysv/linux/libc_sigaction.c
fn=__libc_sigaction
43 8 1 1 1 0 0 2 0 0 0 0 0 0
48 2 0 0 0 0 0 0 0 0 1 0 0 0
50 2 0 0 1 0 0 1 0 0 0 0 0 0
53 5 1 1 1 0 0 2 0 0 0 0 0 0
58 11 0 0 0 0 0 0 0 0 1 0 0 0
63 4 0 0 0 0 0 0 0 0 1 1 0 0
71 6 1 1 4 0 0 0 0 0 1 0 0 0
fl=./stdio-common/../include/../locale/localeinfo.h
fn=__printf_fp_l_buffer
331 24 2 2 24 6 3 0 0 0 0 0 0 0
fl=./stdio-common/../include/printf_buffer.h
fn=__printf_buffer
163 144 2 2 0 0 0 0 0 0 72 4 0 0
fn=__printf_fp_buffer_1.isra.0
163 48 2 2 24 0 0 0 0 0 16 6 0 0
fl=./stdio-common/../include/rounding-mode.h
fn=__printf_fp_buffer_1.isra.0
52 26 2 2 0 0 0 0 0 0 8 2 0 0
58 10 0 0 0 0 0 0 0 0 5 0 0 0
fl=./stdio-common/../string/bits/string_fortified.h
fn=__printf_buffer_write
29 240 0 0 0 0 0 80 0 0 0 0 0 0
fn=__printf_fp_buffer_1.isra.0
29 18 2 2 8 0 0 10 0 0 0 0 0 0
fl=./stdio-common/../sysdeps/generic/get-rounding-mode.h
fn=__printf_fp_buffer_1.isra.0
94 8 2 2 0 0 0 8 0 0 0 0 0 0
95 56 2 2 8 0 0 0 0 0 24 8 0 0
fl=./stdio-common/../sysdeps/pthread/allocalim.h
fn=__printf_fp_buffer_1.isra.0
27 16 0 0 0 0 0 8 0 0 0 0 0 0
29 40 0 0 0 0 0 8 0 0 8 0 0 0
fl=./stdio-common/./stdio-common/Xprintf_buffer_done.c
fn=__printf_buffer_done
25 44 2 1 0 0 0 0 0 0 0 0 0 0
26 132 0 0 44 0 0 0 0 0 44 0 0 0
31 88 2 1 88 0 0 0 0 0 0 0 0 0
33 528 0 0 44 0 0 0 0 0 88 3 0 0
40 44 0 0 44 0 0 0 0 0 0 0 0 0
fl=./stdio-common/./stdio-common/Xprintf_buffer_write.c
fn=__printf_buffer_write
27 1056 2 2 0 0 0 660 36 36 0 0 0 0
28 396 0 0 132 0 0 0 0 0 132 27 0 0
31 584 0 0 0 0 0 0 0 0 212 29 0 0
33 400 2 2 160 0 0 0 0 0 80 15 0 0
36 80 0 0 0 0 0 0 0 0 0 0 0 0
37 160 0 0 0 0 0 0 0 0 0 0 0 0
40 240 0 0 80 0 0 80 0 0 0 0 0 0
41 80 0 0 0 0 0 0 0 0 0 0 0 0
44 792 2 2 792 0 0 0 0 0 0 0 0 0
fl=./stdio-common/./stdio-common/_itoa.c
fn=_itoa_word
169 36 2 2 0 0 0 0 0 0 0 0 0 0
172 144 2 2 0 0 0 0 0 0 0 0 0 0
174 72 0 0 0 0 0 0 0 0 36 2 0 0
183 3600 4 4 252 36 1 252 0 0 252 46 0 0
192 72 0 0 36 0 0 0 0 0 0 0 0 0
fl=./stdio-common/./stdio-common/printf-parse.h
fn=__printf_buffer
82 396 2 2 0 0 0 132 1 0 0 0 0 0
fl=./stdio-common/./stdio-common/printf_fp.c
fn=__printf_fp_buffer_1.isra.0
91 267 4 4 82 0 0 21 0 0 82 26 0 0
93 111 0 0 37 0 0 0 0 0 37 7 0 0
95 143 2 2 97 0 0 23 0 0 0 0 0 0
96 115 0 0 0 0 0 46 0 0 0 0 0 0
101 28 0 0 0 0 0 0 0 0 14 0 0 0
105 98 2 2 28 0 0 14 0 0 0 0 0 0
107 56 0 0 42 0 0 14 0 0 0 0 0 0
108 14 0 0 14 0 0 0 0 0 0 0 0 0
110 28 0 0 14 0 0 14 0 0 0 0 0 0
111 70 2 2 28 0 0 0 0 0 28 2 0 0
118 14 0 0 0 0 0 0 0 0 0 0 0 0
122 42 0 0 0 0 0 14 0 0 0 0 0 0
123 28 0 0 0 0 0 0 0 0 14 1 0 0
124 65 2 2 26 0 0 26 0 0 0 0 0 0
127 69 0 0 23 0 0 0 0 0 0 0 0 0
138 144 4 4 8 0 0 104 5 0 0 0 0 0
159 64 2 2 8 0 0 8 0 0 0 0 0 0
177 8 0 0 0 0 0 8 0 0 0 0 0 0
187 8 0 0 0 0 0 8 2 0 0 0 0 0
221 16 0 0 0 0 0 0 0 0 8 2 0 0
222 8 0 0 0 0 0 8 0 0 0 0 0 0
226 24 2 2 8 0 0 0 0 0 8 2 0 0
230 136 6 6 24 4 3 8 1 0 16 2 0 0
234 8 0 0 0 0 0 0 0 0 0 0 0 0
266 40 4 4 8 0 0 0 0 0 0 0 0 0
267 8 0 0 0 0 0 0 0 0 0 0 0 0
268 16 0 0 0 0 0 0 0 0 0 0 0 0
271 136 2 2 8 0 0 8 0 0 16 2 0 0
272 128 2 2 8 0 0 8 0 0 16 8 0 0
273 128 4 4 8 2 0 8 0 0 16 2 0 0
279 8 0 0 0 0 0 8 0 0 0 0 0 0
280 16 0 0 0 0 0 0 0 0 8 5 0 0
283 4 0 0 0 0 0 0 0 0 0 0 0 0
293 4 0 0 0 0 0 0 0 0 0 0 0 0
294 28 2 2 0 0 0 4 0 0 0 0 0 0
297 12 0 0 0 0 0 0 0 0 4 2 0 0
301 16 0 0 0 0 0 0 0 0 0 0 0 0
305 16 0 0 0 0 0 4 2 0 0 0 0 0
306 4 0 0 0 0 0 0 0 0 0 0 0 0
308 24 2 2 0 0 0 0 0 0 0 0 0 0
309 36 2 2 8 0 0 4 0 0 0 0 0 0
310 8 0 0 0 0 0 0 0 0 4 0 0 0
311 30 2 2 14 0 0 8 0 0 0 0 0 0
313 8 2 2 0 0 0 0 0 0 4 0 0 0
318 52 0 0 0 0 0 0 0 0 0 0 0 0
322 308 2 2 100 10 10 0 0 0 52 16 0 0
324 24 2 2 4 0 0 0 0 0 8 6 0 0
327 18 0 0 12 0 0 0 0 0 6 0 0 0
337 8 2 2 8 0 0 0 0 0 0 0 0 0
368 12 0 0 6 0 0 6 0 0 0 0 0 0
369 24 0 0 6 2 2 0 0 0 0 0 0 0
375 12 0 0 4 0 0 2 0 0 0 0 0 0
377 2 0 0 2 0 0 0 0 0 0 0 0 0
380 4 0 0 4 0 0 0 0 0 0 0 0 0
381 4 0 0 0 0 0 0 0 0 2 0 0 0
382 6 1 1 0 0 0 2 0 0 0 0 0 0
385 70 2 2 30 0 0 8 0 0 24 5 0 0
388 16 2 2 4 0 0 4 0 0 0 0 0 0
389 16 0 0 12 0 0 0 0 0 0 0 0 0
390 20 0 0 0 0 0 0 0 0 0 0 0 0
391 16 2 2 0 0 0 0 0 0 0 0 0 0
394 52 0 0 0 0 0 0 0 0 0 0 0 0
396 104 0 0 0 0 0 0 0 0 52 6 0 0
397 8 0 0 4 0 0 4 0 0 0 0 0 0
403 12 0 0 4 0 0 0 0 0 4 1 0 0
407 48 4 4 16 0 0 0 0 0 8 2 0 0
411 16 0 0 4 0 0 0 0 0 0 0 0 0
413 8 0 0 0 0 0 0 0 0 4 3 0 0
439 8 2 2 4 0 0 0 0 0 0 0 0 0
442 32 0 0 0 0 0 0 0 0 8 1 0 0
458 16 2 2 0 0 0 8 0 0 0 0 0 0
460 12 0 0 4 0 0 0 0 0 0 0 0 0
461 24 0 0 12 0 0 4 0 0 0 0 0 0
463 24 2 2 12 0 0 0 0 0 4 4 0 0
477 8 0 0 0 0 0 4 0 0 0 0 0 0
483 8 2 2 0 0 0 0 0 0 4 3 0 0
486 3 0 0 0 0 0 3 0 0 0 0 0 0
496 3 0 0 0 0 0 0 0 0 0 0 0 0
499 9 2 2 0 0 0 3 0 0 0 0 0 0
500 15 0 0 6 0 0 6 0 0 0 0 0 0
501 6 0 0 0 0 0 0 0 0 3 2 0 0
503 3 0 0 0 0 0 3 0 0 0 0 0 0
504 12 2 2 3 0 0 3 0 0 0 0 0 0
506 3 0 0 0 0 0 0 0 0 0 0 0 0
509 36 2 2 0 0 0 0 0 0 0 0 0 0
511 72 0 0 36 0 0 0 0 0 36 6 0 0
518 10 0 0 4 0 0 0 0 0 2 0 0 0
519 4 0 0 2 0 0 0 0 0 0 0 0 0
520 2 2 2 2 0 0 0 0 0 0 0 0 0
522 2 0 0 2 0 0 0 0 0 0 0 0 0
524 10 0 0 0 0 0 2 0 0 0 0 0 0
527 12 2 2 4 0 0 2 0 0 0 0 0 0
531 12 2 2 4 0 0 0 0 0 0 0 0 0
532 4 0 0 0 0 0 0 0 0 0 0 0 0
533 8 0 0 0 0 0 0 0 0 0 0 0 0
535 4 0 0 2 0 0 0 0 0 2 0 0 0
540 8 0 0 2 0 0 0 0 0 2 0 0 0
562 6 0 0 0 0 0 0 0 0 2 2 0 0
570 4 2 2 0 0 0 2 0 0 0 0 0 0
571 8 1 1 2 0 0 0 0 0 0 0 0 0
575 5 0 0 0 0 0 0 0 0 2 1 0 0
576 2 1 1 0 0 0 0 0 0 0 0 0 0
579 6 1 1 2 0 0 0 0 0 2 2 0 0
580 4 0 0 0 0 0 0 0 0 2 1 0 0
587 6 0 0 0 0 0 0 0 0 0 0 0 0
590 8 2 2 0 0 0 0 0 0 2 2 0 0
613 6 2 2 2 0 0 2 0 0 0 0 0 0
616 6 0 0 2 0 0 2 0 0 0 0 0 0
621 36 0 0 0 0 0 0 0 0 0 0 0 0
623 178 0 0 2 0 0 0 0 0 69 7 0 0
625 6 2 2 0 0 0 0 0 0 3 1 0 0
629 10 0 0 6 0 0 2 0 0 0 0 0 0
630 4 0 0 2 0 0 2 0 0 0 0 0 0
631 6 0 0 2 0 0 0 0 0 2 2 0 0
633 4 0 0 2 0 0 0 0 0 0 0 0 0
634 12 1 1 2 0 0 0 0 0 2 2 0 0
636 2 0 0 2 0 0 0 0 0 0 0 0 0
642 2 0 0 0 0 0 2 0 0 0 0 0 0
643 4 1 1 2 0 0 2 0 0 0 0 0 0
644 2 0 0 2 0 0 0 0 0 0 0 0 0
645 8 0 0 4 0 0 0 0 0 2 2 0 0
647 9 1 1 3 0 0 3 0 0 0 0 0 0
655 3 0 0 0 0 0 0 0 0 1 0 0 0
659 3 0 0 0 0 0 1 0 0 0 0 0 0
660 5 0 0 2 0 0 2 0 0 0 0 0 0
661 2 0 0 0 0 0 1 0 0 0 0 0 0
665 24 0 0 16 0 0 8 0 0 0 0 0 0
669 6 0 0 0 0 0 3 0 0 0 0 0 0
674 48 2 2 32 2 2 8 0 0 0 0 0 0
676 16 0 0 0 0 0 0 0 0 8 0 0 0
680 16 0 0 8 0 0 8 0 0 0 0 0 0
686 16 0 0 8 0 0 0 0 0 8 1 0 0
694 8 0 0 8 0 0 0 0 0 0 0 0 0
706 40 0 0 0 0 0 8 0 0 8 0 0 0
707 34 4 4 13 0 0 0 0 0 13 5 0 0
708 6 0 0 0 0 0 0 0 0 3 1 0 0
720 8 0 0 0 0 0 8 0 0 0 0 0 0
721 22 0 0 3 0 0 11 0 0 0 0 0 0
722 25 0 0 5 0 0 5 0 0 0 0 0 0
728 24 0 0 8 0 0 8 0 0 0 0 0 0
731 48 2 2 16 0 0 16 0 0 0 0 0 0
738 24 0 0 8 0 0 0 0 0 8 0 0 0
746 24 2 2 8 0 0 8 0 0 0 0 0 0
759 136 4 4 16 0 0 8 0 0 16 3 0 0
760 16 0 0 0 0 0 8 0 0 0 0 0 0
763 30 0 0 11 0 0 0 0 0 11 8 0 0
766 83 4 4 15 0 0 0 0 0 16 10 0 0
769 33 0 0 0 0 0 22 0 0 0 0 0 0
771 5 0 0 0 0 0 5 0 0 0 0 0 0
773 30 2 2 15 0 0 0 0 0 10 8 0 0
774 25 2 2 10 0 0 0 0 0 10 4 0 0
775 15 0 0 5 0 0 5 0 0 0 0 0 0
781 6 0 0 3 0 0 3 0 0 0 0 0 0
782 3 0 0 3 0 0 0 0 0 0 0 0 0
783 12 2 2 3 0 0 3 0 0 0 0 0 0
787 8 0 0 0 0 0 0 0 0 0 0 0 0
788 40 2 2 8 0 0 16 0 0 0 0 0 0
789 64 0 0 8 0 0 8 0 0 0 0 0 0
790 272 0 0 40 0 0 0 0 0 136 18 0 0
792 40 0 0 0 0 0 0 0 0 0 0 0 0
793 40 0 0 0 0 0 40 0 0 0 0 0 0
794 114 0 0 0 0 0 0 0 0 37 2 0 0
795 74 0 0 0 0 0 37 0 0 0 0 0 0
796 15 1 1 5 0 0 0 0 0 5 3 0 0
798 3 0 0 0 0 0 0 0 0 0 0 0 0
799 9 0 0 3 0 0 0 0 0 3 2 0 0
805 40 2 2 32 0 0 0 0 0 8 1 0 0
806 32 2 2 0 0 0 16 0 0 0 0 0 0
808 56 0 0 8 0 0 0 0 0 8 5 0 0
809 1 0 0 0 0 0 0 0 0 0 0 0 0
810 3 0 0 1 0 0 0 0 0 1 1 0 0
813 2 0 0 1 0 0 0 0 0 1 1 0 0
830 10 0 0 0 0 0 0 0 0 5 0 0 0
834 6 2 2 0 0 0 0 0 0 0 0 0 0
835 61 2 2 13 0 0 0 0 0 13 7 0 0
837 4 0 0 0 0 0 4 0 0 0 0 0 0
838 4 0 0 0 0 0 0 0 0 0 0 0 0
840 24 2 2 8 0 0 0 0 0 5 1 0 0
841 9 0 0 0 0 0 3 0 0 0 0 0 0
842 10 0 0 5 0 0 0 0 0 5 0 0 0
844 10 0 0 0 0 0 5 0 0 0 0 0 0
855 10 0 0 5 0 0 0 0 0 5 1 0 0
924 63 2 2 22 0 0 0 0 0 24 15 0 0
926 4 0 0 0 0 0 0 0 0 0 0 0 0
927 4 0 0 0 0 0 0 0 0 0 0 0 0
931 16 0 0 0 0 0 0 0 0 8 3 0 0
935 24 2 2 8 0 0 0 0 0 8 4 0 0
980 56 2 2 24 0 0 0 0 0 8 1 0 0
983 16 2 2 0 0 0 8 0 0 0 0 0 0
987 40 0 0 8 0 0 0 0 0 16 8 0 0
991 24 0 0 8 0 0 0 0 0 0 0 0 0
994 32 2 2 8 0 0 8 0 0 0 0 0 0
996 64 2 2 16 0 0 0 0 0 16 3 0 0
999 32 2 2 16 0 0 0 0 0 8 0 0 0
1001 24 0 0 0 0 0 0 0 0 8 0 0 0
1003 16 2 2 0 0 0 0 0 0 8 2 0 0
1006 16 0 0 0 0 0 0 0 0 8 0 0 0
1009 24 0 0 8 0 0 0 0 0 8 2 0 0
1022 32 2 2 8 0 0 8 0 0 0 0 0 0
1024 24 0 0 16 0 0 0 0 0 8 4 0 0
1028 24 2 2 8 0 0 0 0 0 8 4 0 0
1030 88 0 0 72 0 0 0 0 0 8 0 0 0
fn=__printf_fp_l_buffer
1099 152 4 4 8 0 0 72 4 0 0 0 0 0
1102 24 0 0 8 0 0 0 0 0 8 4 0 0
1111 8 0 0 0 0 0 8 0 0 0 0 0 0
1112 16 0 0 0 0 0 8 1 0 0 0 0 0
1115 40 2 2 8 0 0 24 0 0 0 0 0 0
1116 40 0 0 16 2 1 0 0 0 8 2 0 0
1117 24 2 2 0 0 0 0 0 0 8 2 0 0
1122 56 2 2 24 0 0 8 0 0 0 0 0 0
1126 8 0 0 0 0 0 0 0 0 0 0 0 0
1147 88 2 2 72 0 0 0 0 0 8 0 0 0
fn=hack_digit
88 95 0 0 0 0 0 57 1 0 0 0 0 0
91 81 1 1 25 0 0 3 0 0 25 13 0 0
93 57 2 2 19 0 0 0 0 0 19 2 0 0
95 48 1 1 43 0 0 0 0 0 0 0 0 0
96 25 0 0 0 0 0 10 0 0 0 0 0 0
101 28 0 0 0 0 0 0 0 0 14 9 0 0
105 98 2 2 28 0 0 14 0 0 0 0 0 0
107 56 2 2 42 0 0 14 0 0 0 0 0 0
108 14 0 0 14 0 0 0 0 0 0 0 0 0
110 28 0 0 14 0 0 14 0 0 0 0 0 0
111 84 0 0 28 0 0 0 0 0 28 4 0 0
118 28 0 0 0 0 0 0 0 0 0 0 0 0
122 56 0 0 14 0 0 14 0 0 0 0 0 0
123 28 0 0 0 0 0 0 0 0 14 3 0 0
124 65 0 0 26 0 0 26 0 0 0 0 0 0
127 5 0 0 0 0 0 0 0 0 0 0 0 0
128 95 0 0 76 0 0 0 0 0 0 0 0 0
fl=./stdio-common/./stdio-common/snprintf.c
fn=snprintf
26 432 6 6 36 0 0 180 72 72 36 14 0 0
30 216 2 2 0 0 0 144 0 0 0 0 0 0
31 108 0 0 0 0 0 36 0 0 0 0 0 0
35 180 0 0 144 0 0 0 0 0 36 0 0 0
fl=./stdio-common/./stdio-common/vfprintf-internal.c
fn=__printf_buffer
263 24 0 0 0 0 0 0 0 0 8 8 0 0
264 24 0 0 0 0 0 0 0 0 0 0 0 0
266 8 2 2 0 0 0 8 0 0 0 0 0 0
600 660 4 3 0 0 0 352 38 36 0 0 0 0
627 220 2 2 132 0 0 88 36 36 0 0 0 0
631 44 0 0 0 0 0 44 0 0 0 0 0 0
634 44 0 0 0 0 0 44 0 0 0 0 0 0
638 176 0 0 88 0 0 88 37 36 0 0 0 0
642 44 0 0 0 0 0 44 1 0 0 0 0 0
653 132 0 0 0 0 0 44 0 0 0 0 0 0
654 88 0 0 0 0 0 0 0 0 0 0 0 0
655 132 0 0 44 0 0 0 0 0 44 2 0 0
659 88 0 0 44 0 0 0 0 0 44 0 0 0
663 352 2 2 132 38 1 44 36 36 132 10 0 0
683 44 0 0 0 0 0 44 0 0 0 0 0 0
684 44 2 2 0 0 0 44 0 0 0 0 0 0
685 44 0 0 0 0 0 44 0 0 0 0 0 0
686 44 0 0 0 0 0 44 0 0 0 0 0 0
687 44 0 0 0 0 0 0 0 0 0 0 0 0
690 88 0 0 0 0 0 0 0 0 0 0 44 4
691 44 0 0 0 0 0 0 0 0 0 0 0 0
692 44 0 0 0 0 0 0 0 0 0 0 0 0
693 44 0 0 0 0 0 0 0 0 0 0 0 0
694 44 0 0 0 0 0 44 0 0 0 0 0 0
695 44 0 0 0 0 0 0 0 0 0 0 0 0
698 44 0 0 0 0 0 44 0 0 0 0 0 0
699 44 0 0 0 0 0 44 36 36 0 0 0 0
705 616 6 6 132 76 4 0 0 0 44 5 0 0
709 8 2 2 0 0 0 0 0 0 0 0 0 0
744 16 0 0 16 0 0 0 0 0 0 0 0 0
784 36 2 2 36 0 0 0 0 0 0 0 0 0
813 8 0 0 0 0 0 0 0 0 0 0 0 0
814 24 0 0 8 0 0 0 0 0 8 2 0 0
818 16 2 2 0 0 0 0 0 0 0 0 0 0
819 32 2 2 8 0 0 0 0 0 8 0 0 0
834 56 0 0 16 0 0 8 0 0 8 0 0 0
837 48 0 0 8 0 0 0 0 0 0 0 0 0
855 112 2 2 24 4 2 0 0 0 8 0 8 1
883 36 2 2 0 0 0 0 0 0 0 0 0 0
891 16 2 2 0 0 0 0 0 0 0 0 0 0
973 148 2 2 8 0 0 44 0 0 8 1 0 0
976 272 4 4 56 0 0 48 1 0 0 0 0 0
996 88 2 2 24 0 0 16 0 0 16 0 0 0
997 16 0 0 0 0 0 8 0 0 0 0 0 0
1001 8 0 0 0 0 0 0 0 0 0 0 0 0
1018 44 0 0 44 0 0 0 0 0 0 0 0 0
1024 44 2 2 0 0 0 0 0 0 0 0 0 0
1028 132 2 2 0 0 0 44 0 0 0 0 0 0
1029 88 0 0 0 0 0 0 0 0 0 0 0 0
1031 88 0 0 44 0 0 0 0 0 44 4 0 0
1044 484 2 2 396 0 0 0 0 0 44 0 0 0
fl=./stdio-common/./stdio-common/vfprintf-process-arg.c
fn=__printf_buffer
66 36 2 2 0 0 0 36 0 0 0 0 0 0
67 36 0 0 0 0 0 0 0 0 0 0 0 0
92 36 0 0 0 0 0 0 0 0 0 0 0 0
93 36 0 0 0 0 0 36 0 0 0 0 0 0
94 36 0 0 0 0 0 36 0 0 0 0 0 0
126 72 2 2 0 0 0 0 0 0 36 2 0 0
128 72 2 2 0 0 0 0 0 0 36 2 0 0
130 72 2 2 0 0 0 0 0 0 36 0 0 0
131 288 0 0 72 0 0 36 0 0 36 0 0 0
136 108 2 2 0 0 0 0 0 0 36 2 0 0
138 72 0 0 0 0 0 0 0 0 0 0 0 0
155 540 2 2 72 0 0 252 0 0 0 0 0 0
161 324 2 2 72 0 0 72 0 0 72 2 0 0
166 216 2 2 144 0 0 36 0 0 0 0 0 0
170 72 2 2 0 0 0 36 0 0 0 0 0 0
186 180 2 2 0 0 0 0 0 0 36 20 0 0
187 324 4 4 108 0 0 0 0 0 0 0 0 0
195 180 0 0 0 0 0 0 0 0 0 0 0 0
197 108 0 0 36 0 0 0 0 0 36 0 0 0
199 144 2 2 36 0 0 0 0 0 0 0 0 0
201 252 2 2 72 0 0 36 0 0 36 0 0 0
206 72 0 0 0 0 0 0 0 0 0 0 0 0
208 144 2 2 72 0 0 0 0 0 36 0 0 0
211 72 0 0 36 0 0 0 0 0 36 5 0 0
224 72 0 0 0 0 0 0 0 0 36 0 0 0
233 72 2 2 0 0 0 0 0 0 36 2 0 0
236 72 0 0 36 0 0 0 0 0 36 2 0 0
240 180 4 4 72 0 0 36 0 0 0 0 0 0
fl=./stdlib/../include/rounding-mode.h
fn=round_and_return
46 15024440 4 2 0 0 0 0 0 0 9014664 3 0 0
52 8018786 2 1 0 0 0 0 0 0 3004888 1005337 0 0
fl=./stdlib/../stdlib/gmp.h
fn=round_and_return
453 1004505 1 1 0 0 0 0 0 0 0 0 0 0
454 1004505 0 0 0 0 0 1004505 0 0 0 0 0 0
fl=./stdlib/../stdlib/strtol.c
fn=__isoc23_strtoul
125 8 2 2 0 0 0 0 0 0 0 0 0 0
126 40 0 0 16 6 0 0 0 0 0 0 0 0
fl=./stdlib/../stdlib/strtol_l.c
fn=____strtoul_l_internal
238 104 0 0 0 0 0 72 0 0 0 0 0 0
252 8 2 2 8 3 1 0 0 0 0 0 0 0
257 8 0 0 0 0 0 0 0 0 0 0 0 0
258 8 0 0 0 0 0 0 0 0 0 0 0 0
264 16 0 0 0 0 0 0 0 0 8 2 0 0
292 8 0 0 0 0 0 0 0 0 0 0 0 0
295 32 0 0 0 0 0 0 0 0 8 0 0 0
304 48 0 0 32 8 0 0 0 0 8 7 0 0
306 16 2 2 0 0 0 0 0 0 8 0 0 0
310 8 0 0 0 0 0 8 0 0 0 0 0 0
311 16 0 0 0 0 0 0 0 0 8 0 0 0
316 16 0 0 0 0 0 0 0 0 8 0 0 0
320 16 2 2 0 0 0 0 0 0 8 4 0 0
322 8 2 2 0 0 0 0 0 0 4 2 0 0
327 16 6 6 4 0 0 0 0 0 8 4 0 0
335 8 0 0 0 0 0 0 0 0 0 0 0 0
342 16 0 0 0 0 0 0 0 0 8 6 0 0
345 32 0 0 0 0 0 0 0 0 8 0 0 0
390 24 0 0 8 4 1 0 0 0 0 0 0 0
391 24 0 0 8 4 1 8 0 0 0 0 0 0
393 8 0 0 0 0 0 0 0 0 0 0 0 0
394 8 0 0 0 0 0 0 0 0 0 0 0 0
395 8 0 0 0 0 0 0 0 0 0 0 0 0
449 24 0 0 12 0 0 0 0 0 0 0 0 0
451 88 2 2 8 4 0 0 0 0 20 1 0 0
453 60 2 2 0 0 0 0 0 0 20 9 0 0
460 16 0 0 0 0 0 0 0 0 8 0 0 0
477 24 0 0 16 4 0 0 0 0 8 8 0 0
478 8 0 0 0 0 0 0 0 0 0 0 0 0
481 36 0 0 0 0 0 0 0 0 12 0 0 0
484 48 2 2 0 0 0 0 0 0 24 15 0 0
489 28 0 0 0 0 0 0 0 0 0 0 0 0
490 36 0 0 0 0 0 0 0 0 0 0 0 0
495 16 0 0 0 0 0 0 0 0 8 0 0 0
500 24 0 0 8 0 0 0 0 0 8 0 0 0
501 8 0 0 0 0 0 8 0 0 0 0 0 0
513 16 0 0 0 0 0 0 0 0 8 0 0 0
524 40 0 0 8 0 0 0 0 0 0 0 0 0
546 72 0 0 56 0 0 0 0 0 0 0 0 0
fl=./stdlib/../string/bits/string_fortified.h
fn=____strtof_l_internal
29 19987291 2 2 5994575 0 0 6001017 0 0 0 0 0 0
fl=./stdlib/../sysdeps/generic/get-rounding-mode.h
fn=round_and_return
94 3004888 2 1 0 0 0 3004888 0 0 0 0 0 0
95 27043992 0 0 3004888 0 0 0 0 0 6009776 2 0 0
fl=./stdlib/../sysdeps/ieee754/dbl-64/dbl2mpn.c
fn=__mpn_extract_double
33 24 2 2 0 0 0 0 0 0 0 0 0 0
35 8 0 0 0 0 0 0 0 0 0 0 0 0
37 24 0 0 0 0 0 8 0 0 0 0 0 0
38 40 0 0 0 0 0 8 0 0 0 0 0 0
47 24 2 2 0 0 0 8 0 0 0 0 0 0
56 24 0 0 0 0 0 0 0 0 8 2 0 0
103 16 0 0 0 0 0 8 0 0 0 0 0 0
107 16 0 0 8 0 0 0 0 0 0 0 0 0
fl=./stdlib/../sysdeps/ieee754/flt-32/mpn2flt.c
fn=__mpn_construct_float
29 3004888 2 1 0 0 0 0 0 0 0 0 0 0
33 3004888 0 0 0 0 0 0 0 0 0 0 0 0
35 18029328 0 0 3004888 0 0 0 0 0 0 0 0 0
40 3004888 0 0 0 0 0 0 0 0 0 0 0 0
41 6009776 0 0 3004888 0 0 0 0 0 0 0 0 0
fl=./stdlib/../sysdeps/x86_64/lshift.S
fn=__mpn_lshift
28 5018107 4 2 0 0 0 0 0 0 0 0 0 0
29 5018107 0 0 0 0 0 0 0 0 0 0 0 0
30 5018107 0 0 0 0 0 0 0 0 0 0 0 0
32 5018107 0 0 0 0 0 0 0 0 0 0 0 0
33 5018107 0 0 0 0 0 0 0 0 0 0 0 0
34 5018107 0 0 0 0 0 0 0 0 5018107 14 0 0
46 5018107 0 0 0 0 0 0 0 0 0 0 0 0
47 5018107 0 0 0 0 0 0 0 0 5018107 2 0 0
48 5018107 0 0 5018107 0 0 0 0 0 0 0 0 0
49 5018107 0 0 0 0 0 0 0 0 0 0 0 0
50 5018107 4 2 0 0 0 0 0 0 0 0 0 0
51 5018107 0 0 0 0 0 0 0 0 0 0 0 0
52 5018107 0 0 0 0 0 0 0 0 5018107 10 0 0
58 5018107 0 0 0 0 0 0 0 0 0 0 0 0
59 5018107 0 0 0 0 0 5018107 0 0 0 0 0 0
60 5018107 0 0 5018107 0 0 0 0 0 0 0 0 0
fl=./stdlib/../sysdeps/x86_64/mul_1.S
fn=__mpn_mul_1
31 1992066 2 2 0 0 0 0 0 0 0 0 0 0
32 1992066 0 0 0 0 0 1992066 0 0 0 0 0 0
35 1992066 0 0 0 0 0 0 0 0 0 0 0 0
36 1992066 0 0 1992066 2 1 0 0 0 0 0 0 0
37 1992066 0 0 0 0 0 0 0 0 0 0 0 0
38 1992066 2 2 0 0 0 0 0 0 0 0 0 0
39 1992066 0 0 0 0 0 0 0 0 0 0 0 0
41 1992066 0 0 0 0 0 0 0 0 0 0 0 0
42 1992066 0 0 0 0 0 0 0 0 0 0 0 0
44 1992066 0 0 0 0 0 0 0 0 0 0 0 0
45 1992066 0 0 0 0 0 0 0 0 1992066 0 0 0
46 1992066 0 0 0 0 0 0 0 0 0 0 0 0
47 1992066 0 0 0 0 0 0 0 0 1992066 7 0 0
48 1992060 0 0 0 0 0 0 0 0 1992060 0 0 0
50 1992060 0 0 0 0 0 0 0 0 0 0 0 0
51 1992060 0 0 0 0 0 0 0 0 1992060 0 0 0
52 1992060 0 0 0 0 0 1992060 0 0 0 0 0 0
53 1992060 0 0 0 0 0 0 0 0 0 0 0 0
79 6 2 2 0 0 0 0 0 0 0 0 0 0
80 6 0 0 0 0 0 0 0 0 0 0 0 0
81 6 0 0 0 0 0 0 0 0 0 0 0 0
82 6 0 0 0 0 0 0 0 0 0 0 0 0
83 6 0 0 0 0 0 0 0 0 0 0 0 0
84 6 2 2 0 0 0 0 0 0 0 0 0 0
85 6 0 0 6 0 0 0 0 0 0 0 0 0
86 6 0 0 0 0 0 0 0 0 0 0 0 0
87 6 0 0 0 0 0 0 0 0 0 0 0 0
113 6 2 2 0 0 0 0 0 0 0 0 0 0
114 6 0 0 0 0 0 0 0 0 0 0 0 0
115 6 0 0 0 0 0 0 0 0 6 0 0 0
117 6 0 0 0 0 0 6 0 0 0 0 0 0
118 6 0 0 0 0 0 0 0 0 0 0 0 0
119 6 0 0 0 0 0 0 0 0 0 0 0 0
120 6 1 1 0 0 0 6 0 0 0 0 0 0
121 6 0 0 0 0 0 0 0 0 0 0 0 0
122 1992066 1 1 0 0 0 0 0 0 0 0 0 0
124 1992066 0 0 1992066 0 0 0 0 0 0 0 0 0
127 1992066 0 0 1992066 0 0 0 0 0 0 0 0 0
fl=./stdlib/../sysdeps/x86_64/rshift.S
fn=__mpn_rshift
28 12 2 2 0 0 0 0 0 0 0 0 0 0
29 12 0 0 0 0 0 0 0 0 0 0 0 0
30 12 0 0 0 0 0 0 0 0 0 0 0 0
31 12 0 0 0 0 0 0 0 0 12 8 0 0
44 12 0 0 0 0 0 0 0 0 0 0 0 0
45 12 2 2 0 0 0 0 0 0 12 8 0 0
61 12 0 0 0 0 0 0 0 0 12 4 0 0
62 12 0 0 12 0 0 0 0 0 0 0 0 0
63 12 0 0 12 0 0 0 0 0 0 0 0 0
64 12 0 0 0 0 0 0 0 0 0 0 0 0
65 12 0 0 0 0 0 0 0 0 0 0 0 0
66 12 0 0 0 0 0 0 0 0 0 0 0 0
67 12 0 0 0 0 0 0 0 0 12 6 0 0
72 12 2 2 0 0 0 0 0 0 0 0 0 0
73 12 0 0 0 0 0 12 0 0 0 0 0 0
74 12 0 0 0 0 0 0 0 0 0 0 0 0
75 12 0 0 0 0 0 12 0 0 0 0 0 0
76 12 0 0 12 0 0 0 0 0 0 0 0 0
fl=./stdlib/./stdlib/cmp.c
fn=__mpn_cmp
31 8 2 2 0 0 0 0 0 0 0 0 0 0
35 16 0 0 0 0 0 0 0 0 8 4 0 0
37 8 2 2 8 0 0 0 0 0 0 0 0 0
38 8 0 0 8 0 0 0 0 0 0 0 0 0
39 16 0 0 0 0 0 0 0 0 8 0 0 0
47 40 0 0 8 0 0 0 0 0 0 0 0 0
fl=./stdlib/./stdlib/cxa_atexit.c
fn=__cxa_atexit
41 24 1 1 0 0 0 0 0 0 12 1 0 0
43 96 0 0 12 1 0 0 0 0 12 0 0 0
44 24 0 0 0 0 0 12 0 0 0 0 0 0
46 24 0 0 0 0 0 0 0 0 12 0 0 0
52 36 0 0 12 0 0 0 0 0 0 0 0 0
53 12 0 0 0 0 0 12 0 0 0 0 0 0
54 12 0 0 0 0 0 12 6 6 0 0 0 0
55 12 1 1 0 0 0 12 0 0 0 0 0 0
56 12 0 0 0 0 0 12 0 0 0 0 0 0
57 48 0 0 24 0 0 0 0 0 24 0 0 0
58 12 0 0 0 0 0 0 0 0 0 0 0 0
67 84 1 1 0 0 0 60 0 0 0 0 0 0
69 72 0 0 72 0 0 0 0 0 0 0 0 0
fn=__new_exitfn
80 60 1 1 0 0 0 36 0 0 0 0 0 0
81 12 0 0 0 0 0 0 0 0 0 0 0 0
86 24 0 0 12 1 1 0 0 0 12 0 0 0
91 76 0 0 13 1 0 0 0 0 13 3 0 0
93 48 1 1 12 1 0 0 0 0 12 5 0 0
94 55 0 0 11 0 0 0 0 0 11 5 0 0
101 1 0 0 0 0 0 1 0 0 0 0 0 0
104 22 0 0 0 0 0 0 0 0 11 0 0 0
122 1 0 0 0 0 0 0 0 0 0 0 0 0
123 1 1 1 0 0 0 1 0 0 0 0 0 0
129 33 0 0 0 0 0 0 0 0 0 0 0 0
130 22 0 0 0 0 0 11 0 0 0 0 0 0
134 1 0 0 0 0 0 0 0 0 0 0 0 0
136 12 1 1 0 0 0 12 0 0 0 0 0 0
137 12 0 0 12 0 0 0 0 0 0 0 0 0
141 60 0 0 48 0 0 0 0 0 0 0 0 0
fl=./stdlib/./stdlib/cxa_finalize.c
fn=__cxa_finalize
30 50 1 1 0 0 0 30 0 0 0 0 0 0
33 35 0 0 5 0 0 0 0 0 10 1 0 0
36 35 2 2 10 0 0 0 0 0 10 4 0 0
40 196 0 0 5 0 0 0 0 0 60 13 0 0
41 132 1 1 66 4 4 0 0 0 66 11 0 0
43 22 0 0 11 0 0 11 0 0 0 0 0 0
45 11 0 0 11 0 0 0 0 0 0 0 0 0
76 11 0 0 0 0 0 11 0 0 0 0 0 0
78 33 0 0 22 0 0 0 0 0 0 0 0 0
81 44 0 0 22 0 0 0 0 0 22 0 0 0
82 33 0 0 0 0 0 11 0 0 0 0 11 11
83 44 0 0 11 0 0 0 0 0 11 4 0 0
87 33 0 0 22 0 0 0 0 0 11 3 0 0
93 35 2 2 10 1 1 0 0 0 10 1 0 0
97 30 0 0 5 1 1 0 0 0 5 1 0 0
105 10 0 0 0 0 0 5 0 0 0 0 0 0
106 20 0 0 10 0 0 0 0 0 10 0 0 0
107 40 0 0 35 0 0 0 0 0 0 0 0 0
fl=./stdlib/./stdlib/cxa_thread_atexit_impl.c
fn=__call_tls_dtors
148 185 1 1 0 0 0 111 0 0 0 0 0 0
149 299 3 3 112 0 0 0 0 0 75 3 0 0
153 114 0 0 76 20 20 0 0 0 0 0 0 0
155 76 0 0 38 37 28 38 0 0 0 0 0 0
156 76 0 0 38 0 0 38 0 0 0 0 38 3
162 76 0 0 114 36 1 0 0 0 38 0 0 0
163 76 3 3 0 0 0 38 0 0 0 0 0 0
165 148 0 0 148 0 0 0 0 0 0 0 0 0
fn=__cxa_thread_atexit_impl
102 342 2 2 0 0 0 190 35 35 0 0 0 0
103 114 0 0 38 0 0 0 0 0 0 0 0 0
106 114 2 2 0 0 0 38 0 0 0 0 0 0
107 76 0 0 0 0 0 0 0 0 38 0 0 0
110 76 0 0 0 0 0 38 0 0 0 0 0 0
111 38 0 0 0 0 0 38 0 0 0 0 0 0
112 114 0 0 76 0 0 38 0 0 0 0 0 0
113 38 0 0 0 0 0 38 0 0 0 0 0 0
117 114 0 0 38 28 0 38 0 0 0 0 0 0
120 76 0 0 0 0 0 0 0 0 38 5 0 0
124 76 2 2 0 0 0 38 0 0 0 0 0 0
128 190 0 0 38 0 0 38 0 0 38 0 0 0
136 38 2 2 76 28 1 0 0 0 38 13 0 0
137 76 0 0 0 0 0 38 0 0 0 0 0 0
139 76 0 0 38 0 0 38 0 0 0 0 0 0
142 266 0 0 228 1 0 0 0 0 0 0 0 0
fl=./stdlib/./stdlib/divrem.c
fn=__mpn_divrem
46 392 2 2 0 0 0 196 1 0 0 0 0 0
47 28 0 0 0 0 0 28 0 0 0 0 0 0
49 56 0 0 0 0 0 0 0 0 28 12 0 0
62 28 2 2 28 0 0 0 0 0 0 0 0 0
63 28 0 0 28 0 0 0 0 0 0 0 0 0
65 56 0 0 0 0 0 0 0 0 28 0 0 0
72 266 0 0 0 0 0 0 0 0 54 6 0 0
73 78 2 2 26 0 0 26 0 0 0 0 0 0
76 56 0 0 0 0 0 0 0 0 28 6 0 0
79 28 0 0 0 0 0 28 0 0 0 0 0 0
81 28 0 0 0 0 0 0 0 0 0 0 0 0
234 252 2 2 224 0 0 0 0 0 0 0 0 0
fl=./stdlib/./stdlib/exit.c
fn=__run_exit_handlers
38 12 1 1 0 0 0 8 0 0 0 0 0 0
40 2 0 0 0 0 0 0 0 0 1 1 0 0
41 2 1 1 0 0 0 1 0 0 0 0 0 0
43 5 1 1 1 1 1 0 0 0 1 1 0 0
54 2 0 0 2 1 1 0 0 0 0 0 0 0
56 2 0 0 0 0 0 0 0 0 1 1 0 0
60 1 0 0 0 0 0 1 1 1 0 0 0 0
64 39 0 0 13 1 1 0 0 0 13 1 0 0
66 24 1 1 0 0 0 12 0 0 0 0 0 0
67 12 0 0 12 0 0 0 0 0 0 0 0 0
69 106 0 0 12 1 1 0 0 0 35 5 0 0
94 2 0 0 0 0 0 0 0 0 0 0 0 0
101 1 0 0 0 0 0 1 0 0 0 0 0 0
102 1 1 1 1 0 0 0 0 0 0 0 0 0
103 1 0 0 1 1 1 0 0 0 0 0 0 0
104 3 0 0 1 0 0 0 0 0 0 0 0 0
107 4 0 0 2 0 0 0 0 0 2 0 0 0
108 3 0 0 0 0 0 1 0 0 0 0 1 1
109 4 1 1 1 0 0 0 0 0 1 1 0 0
113 3 1 1 1 0 0 0 0 0 1 1 0 0
119 3 1 1 2 0 0 1 0 0 0 0 0 0
120 2 0 0 0 0 0 0 0 0 1 0 0 0
126 4 1 1 2 0 0 0 0 0 2 1 0 0
128 2 0 0 1 0 0 0 0 0 1 1 0 0
129 2 0 0 0 0 0 1 0 0 0 0 0 0
131 2 0 0 0 0 0 1 0 0 0 0 0 0
fn=exit
137 3 1 1 0 0 0 1 0 0 0 0 0 0
138 4 0 0 0 0 0 1 0 0 0 0 0 0
fl=./stdlib/./stdlib/getenv.c
fn=getenv
24 9 2 2 0 0 0 6 0 0 0 0 0 0
25 8 0 0 3 1 1 0 0 0 2 1 0 0
28 2 0 0 0 0 0 1 0 0 0 0 0 0
29 191 0 0 48 6 0 0 0 0 48 2 0 0
31 94 1 1 47 20 0 0 0 0 47 17 0 0
32 30 0 0 0 0 0 5 0 0 5 3 0 0
37 9 0 0 7 0 0 0 0 0 0 0 0 0
fl=./stdlib/./stdlib/mul.c
fn=__mpn_mul
48 33864136 4 4 1992008 0 0 13944056 2 0 0 0 0 0
54 3984016 0 0 0 0 0 0 0 0 1992008 2 0 0
66 3984016 0 0 0 0 0 0 0 0 1992008 6 0 0
71 1992008 2 2 1992008 0 0 0 0 0 0 0 0 0
72 3984016 0 0 0 0 0 0 0 0 1992008 665 0 0
81 7968032 0 0 3984016 0 0 3984016 3 0 0 0 0 0
83 1992008 0 0 0 0 0 1992008 0 0 0 0 0 0
84 1992008 0 0 0 0 0 0 0 0 0 0 0 0
88 3984016 1 1 0 0 0 0 0 0 1992008 4 0 0
141 1992008 2 2 0 0 0 1992008 0 0 0 0 0 0
142 21912088 0 0 17928072 0 0 0 0 0 1992008 0 0 0
fl=./stdlib/./stdlib/secure-getenv.c
fn=secure_getenv
28 1 1 1 0 0 0 0 0 0 0 0 0 0
29 5 0 0 2 2 0 0 0 0 1 0 0 0
fl=./stdlib/./stdlib/strtod_l.c
fn=____strtof_l_internal
508 39633600 2 1 0 0 0 26422400 3 0 0 0 0 0
514 7912162 0 0 0 0 0 3302800 0 0 0 0 0 0
553 3302800 0 0 0 0 0 0 0 0 0 0 0 0
561 9908400 0 0 6605600 4 0 3302800 0 0 0 0 0 0
563 6605600 0 0 0 0 0 0 0 0 3302800 0 0 0
587 3302800 2 1 0 0 0 3302800 0 0 0 0 0 0
595 6605600 0 0 3302800 3 0 3302800 0 0 0 0 0 0
596 9908400 0 0 0 0 0 6605600 3 0 0 0 0 0
597 9908400 0 0 3302800 0 0 0 0 0 3302800 0 0 0
601 3302800 0 0 0 0 0 3302800 0 0 0 0 0 0
602 2332232 0 0 0 0 0 2332232 0 0 0 0 0 0
603 4013538 0 0 0 0 0 4013538 0 0 0 0 0 0
607 3302800 0 0 0 0 0 0 0 0 0 0 0 0
610 13211200 0 0 3302800 0 0 0 0 0 0 0 0 0
611 16514000 2 1 9908400 4 0 0 0 0 3302800 0 0 0
614 6605600 0 0 0 0 0 0 0 0 3302800 1006273 0 0
616 970568 1 0 0 0 0 970568 0 0 0 0 0 0
617 2911704 0 0 970568 0 0 0 0 0 0 0 0 0
619 4664464 1 1 0 0 0 0 0 0 2332232 1039431 0 0
632 19816800 1 0 3302800 0 0 0 0 0 3302800 1 0 0
633 6605600 0 0 3302800 0 0 0 0 0 3302800 2 0 0
641 9908400 2 1 0 0 0 0 0 0 3302800 0 0 0
685 297906 1 1 0 0 0 0 0 0 0 0 0 0
689 13519643 2 1 4609362 4 1 0 0 0 5607481 350134 0 0
708 16514000 0 0 3302800 0 0 998119 0 0 3302800 9 0 0
709 6914043 2 1 0 0 0 2304681 0 0 2304681 0 0 0
710 4609362 0 0 2304681 0 0 0 0 0 0 0 0 0
732 11214962 0 0 8910281 0 0 0 0 0 0 0 0 0
733 13828086 1 1 0 0 0 2304681 0 0 2304681 0 0 0
734 18437448 0 0 2304681 0 0 0 0 0 2304681 2 0 0
739 25351491 4 2 4609362 0 0 0 0 0 4609362 6 0 0
740 4609362 0 0 2304681 0 0 0 0 0 2304681 2 0 0
747 9218724 2 1 2304681 0 0 0 0 0 2304681 2 0 0
765 1489554 0 0 595824 12 1 0 0 0 297912 6 0 0
775 16943012 2 1 0 0 0 0 0 0 5061453 525618 0 0
776 6605600 0 0 3302800 0 0 0 0 0 3302800 0 0 0
779 3517306 2 1 0 0 0 0 0 0 0 0 0 0
788 6605600 0 0 0 0 0 0 0 0 3302800 2 0 0
801 3517306 0 0 1758653 0 0 0 0 0 0 0 0 0
804 13211200 0 0 3302800 0 0 0 0 0 6605600 0 0 0
846 6605600 0 0 0 0 0 0 0 0 0 0 0 0
855 26422400 2 1 3302800 0 0 0 0 0 6605600 3302800 0 0
856 6605600 0 0 3302800 0 0 0 0 0 3302800 2 0 0
862 9908400 2 1 6605600 0 0 0 0 0 0 0 0 0
863 3302800 0 0 3302800 0 0 0 0 0 0 0 0 0
864 29721753 2 1 0 0 0 0 0 0 3302800 4 0 0
865 89161812 0 0 0 0 0 0 0 0 23116153 2105985 0 0
868 50310356 2 1 0 0 0 0 0 0 19813353 1313827 0 0
869 26709125 2 1 0 0 0 0 0 0 0 0 0 0
870 6605600 0 0 0 0 0 0 0 0 0 0 0 0
871 19813353 0 0 19813353 0 0 0 0 0 0 0 0 0
874 6605600 0 0 0 0 0 0 0 0 3302800 0 0 0
877 2984892 0 0 0 0 0 0 0 0 0 0 0 0
880 9908400 0 0 9908400 4 1 0 0 0 0 0 0 0
881 6605600 0 0 0 0 0 0 0 0 0 0 0 0
882 16514000 2 1 3302800 0 0 0 0 0 6605600 0 0 0
980 6605600 2 1 0 0 0 0 0 0 0 0 0 0
1013 6605600 0 0 0 0 0 0 0 0 3302800 0 0 0
1015 24055256 0 0 11281405 0 0 0 0 0 11281405 243693 0 0
1017 7978605 0 0 0 0 0 0 0 0 0 0 0 0
1018 1492446 0 0 0 0 0 0 0 0 0 0 0 0
1020 4477338 0 0 0 0 0 0 0 0 1492446 2 0 0
1023 7959580 1 1 0 0 0 0 0 0 2487344 346269 0 0
1042 9908400 3 1 3302800 0 0 0 0 0 3302800 5 0 0
1043 3302800 0 0 0 0 0 3302800 0 0 0 0 0 0
1045 995096 0 0 0 0 0 0 0 0 497548 19 0 0
1048 6009776 0 0 0 0 0 0 0 0 3004888 765084 0 0
1057 4108836 0 0 2739224 0 0 0 0 0 1369612 0 0 0
1059 6848060 1 1 2739224 0 0 0 0 0 1369612 3 0 0
1068 5478448 2 2 2739224 0 0 1369612 0 0 0 0 0 0
1069 5478448 0 0 1369612 0 0 0 0 0 2739224 1 0 0
1072 10118612 0 0 3004888 0 0 0 0 0 1369612 0 0 0
1076 1369612 0 0 0 0 0 0 0 0 0 0 0 0
1077 1369612 0 0 0 0 0 0 0 0 0 0 0 0
1081 3270552 2 1 1635276 0 0 0 0 0 1635276 0 0 0
1175 30048880 2 1 0 0 0 0 0 0 0 0 0 0
1176 3004888 0 0 0 0 0 0 0 0 0 0 0 0
1177 9014664 0 0 0 0 0 3004888 0 0 0 0 0 0
1180 12019552 2 1 0 0 0 0 0 0 3004888 2 0 0
1192 6009776 0 0 0 0 0 0 0 0 3004888 2 0 0
1195 6009776 0 0 0 0 0 0 0 0 3004888 3905 0 0
1198 13973666 4 2 1996238 0 0 6986833 2 0 0 0 0 0
1204 5988714 2 1 3992476 0 0 0 0 0 998119 2 0 0
1224 998119 0 0 998119 0 0 0 0 0 0 0 0 0
1248 2994357 4 2 998119 0 0 0 0 0 0 0 0 0
1249 3992476 0 0 0 0 0 998119 0 0 0 0 0 0
1253 1996238 0 0 0 0 0 0 0 0 998119 0 0 0
1259 1996238 0 0 0 0 0 0 0 0 998119 0 0 0
1291 1996238 0 0 0 0 0 0 0 0 998119 2 0 0
1294 6964286 0 0 0 0 0 0 0 0 0 0 0 0
1296 2984694 0 0 0 0 0 0 0 0 994898 0 0 0
1298 4974490 1 1 0 0 0 0 0 0 0 0 0 0
1306 4974490 1 1 994898 0 0 994898 0 0 0 0 0 0
1310 1989796 0 0 0 0 0 0 0 0 994898 2 0 0
1325 7959184 0 0 994898 0 0 994898 0 0 0 0 0 0
1330 3221 0 0 0 0 0 0 0 0 0 0 0 0
1353 4019980 0 0 0 0 0 2009990 0 0 0 0 0 0
1354 4019980 0 0 2009990 0 0 2009990 0 0 0 0 0 0
1355 2009990 0 0 0 0 0 0 0 0 0 0 0 0
1357 10053171 1 1 3221 0 0 0 0 0 2013211 1 0 0
1366 6442 0 0 0 0 0 0 0 0 3221 0 0 0
1369 9663 0 0 3221 0 0 0 0 0 3221 0 0 0
1370 16105 0 0 3221 0 0 0 0 0 0 0 0 0
1375 6020307 0 0 4013538 0 0 0 0 0 2006769 0 0 0
1378 16054152 1 1 0 0 0 0 0 0 0 0 0 0
1386 4013538 0 0 0 0 0 0 0 0 2006769 2 0 0
1391 4013538 1 1 0 0 0 0 0 0 0 0 0 0
1396 16054152 1 1 0 0 0 6020307 1 0 2006769 1 0 0
1399 6029970 0 0 0 0 0 0 0 0 0 0 0 0
1402 18089910 1 1 0 0 0 2009990 0 0 2009990 1 0 0
1410 10049950 0 0 0 0 0 2009990 0 0 0 0 0 0
1413 2009990 0 0 0 0 0 0 0 0 0 0 0 0
1414 2009990 1 1 0 0 0 0 0 0 0 0 0 0
1417 12056114 1 1 0 0 0 0 0 0 6028057 401028 0 0
1420 4001994 0 0 0 0 0 0 0 0 0 0 0 0
1422 8003988 1 1 0 0 0 0 0 0 4001994 71 0 0
1424 6011984 0 0 4001994 3 0 0 0 0 0 0 0 0
1425 8021974 0 0 4001994 1 0 0 0 0 0 0 0 0
1430 24011964 0 0 3984008 0 0 6011984 0 0 0 0 0 0
1434 3984008 0 0 1992004 0 0 0 0 0 0 0 0 0
1435 3984008 0 0 0 0 0 0 0 0 1992004 0 0 0
1436 3984008 0 0 1992004 0 0 0 0 0 0 0 0 0
1437 5976012 0 0 1992004 0 0 3984008 0 0 0 0 0 0
1440 6028057 1 1 0 0 0 0 0 0 0 0 0 0
1441 6028057 0 0 0 0 0 0 0 0 0 0 0 0
1443 12056114 0 0 0 0 0 0 0 0 6028057 19513 0 0
1445 10049950 0 0 6029970 0 0 0 0 0 2009990 703 0 0
1446 1990682 1 1 0 0 0 0 0 0 0 0 0 0
1449 18089910 1 1 12059940 0 0 4019980 0 0 0 0 0 0
1466 10049950 1 1 2009990 0 0 2009990 0 0 0 0 0 0
1468 8039960 0 0 4019980 0 0 0 0 0 2009990 5 0 0
1472 10049950 2 2 2009990 0 0 2009990 0 0 0 0 0 0
1473 12059940 0 0 4019980 0 0 2009990 0 0 0 0 0 0
1474 4019980 0 0 0 0 0 0 0 0 2009990 2 0 0
1485 4023201 0 0 2009990 0 0 2013211 0 0 0 0 0 0
1487 4019980 0 0 0 0 0 0 0 0 2009990 2 0 0
1494 2009990 1 1 2009990 0 0 0 0 0 0 0 0 0
1495 2009990 0 0 2009990 0 0 0 0 0 0 0 0 0
1496 12059940 0 0 0 0 0 0 0 0 2009990 0 0 0
1500 12069603 0 0 3221 0 0 0 0 0 3221 2 0 0
1538 44216559 3 3 2019653 0 0 4016759 0 0 6026749 3928 0 0
1540 6023528 0 0 0 0 0 0 0 0 0 0 0 0
1542 22103448 1 1 6026749 0 0 2009990 0 0 0 0 0 0
1543 4019980 0 0 0 0 0 0 0 0 0 0 0 0
1544 4019980 1 1 0 0 0 0 0 0 0 0 0 0
1770 36330800 1 0 29725200 0 0 0 0 0 3302800 0 0 0
fn=round_and_return
215 48078208 2 1 3004888 0 0 21034216 0 0 0 0 0 0
218 6009776 0 0 0 0 0 0 0 0 3004888 6 0 0
226 3004888 0 0 0 0 0 0 0 0 0 0 0 0
233 3004888 0 0 3004888 0 0 0 0 0 0 0 0 0
313 6009776 2 1 0 0 0 0 0 0 3004888 0 0 0
316 6009776 2 1 3004888 0 0 3004888 3 0 0 0 0 0
319 10984831 0 0 0 0 0 0 0 0 3004888 115 0 0
320 6009776 0 0 0 0 0 0 0 0 0 0 0 0
328 2009010 0 0 0 0 0 0 0 0 1004505 0 0 0
338 2009010 0 0 0 0 0 0 0 0 1004505 2 0 0
350 7012547 1 1 0 0 0 0 0 0 1999516 2 0 0
352 4019754 0 0 4019754 2 1 0 0 0 0 0 0 0
355 23024238 4 2 6009776 0 0 0 0 0 3004888 0 0 0
356 21034216 0 0 18029328 0 0 0 0 0 0 0 0 0
fn=str_to_mpn.isra.0
365 30081090 2 1 3008109 0 0 21056763 2 0 0 0 0 0
374 6016218 0 0 0 0 0 0 0 0 0 0 0 0
375 3008109 0 0 0 0 0 0 0 0 0 0 0 0
378 3008109 0 0 0 0 0 3008109 0 0 0 0 0 0
379 18048654 2 1 0 0 0 0 0 0 3008109 2 0 0
382 24091634 2 1 0 0 0 0 0 0 12045817 16 0 0
413 48183268 0 0 12045817 0 0 0 0 0 12045817 641328 0 0
416 1280756 0 0 0 0 0 0 0 0 640378 4 0 0
423 640378 0 0 0 0 0 0 0 0 0 0 0 0
426 36777829 0 0 640378 0 0 0 0 0 0 0 0 0
427 24091634 0 0 0 0 0 0 0 0 0 0 0 0
429 24091634 0 0 0 0 0 0 0 0 12045817 2532483 0 0
431 12032436 2 1 6016218 0 0 0 0 0 3008109 9 0 0
438 9024327 0 0 3008109 4 1 0 0 0 0 0 0 0
440 9024327 2 1 3008109 0 0 0 0 0 3008109 2 0 0
442 3008109 0 0 0 0 0 3008109 0 0 0 0 0 0
443 3008109 0 0 0 0 0 3008109 0 0 0 0 0 0
458 27072981 0 0 21056763 0 0 0 0 0 0 0 0 0
fn=strtof_l
1782 6605600 2 1 0 0 0 0 0 0 0 0 0 0
1783 6605600 0 0 0 0 0 0 0 0 0 0 0 0
fl=./string/../include/rtld-malloc.h
fn=strdup
56 28 0 0 14 0 0 14 0 0 0 0 14 1
fl=./string/../string/strcspn.c
fn=strcspn
32 6 1 1 0 0 0 2 1 1 0 0 0 0
33 3 0 0 1 1 1 0 0 0 1 0 0 0
34 2 0 0 1 0 0 0 0 0 1 0 0 0
39 6 0 0 0 0 0 4 2 2 0 0 0 0
40 4 1 1 0 0 0 4 1 1 0 0 0 0
41 4 0 0 0 0 0 4 1 1 0 0 0 0
42 4 0 0 0 0 0 4 0 0 0 0 0 0
44 1 0 0 0 0 0 0 0 0 0 0 0 0
47 9 1 1 3 0 0 3 0 0 0 0 0 0
48 6 0 0 0 0 0 0 0 0 3 2 0 0
51 4 0 0 2 0 0 0 0 0 1 0 0 0
52 4 0 0 2 0 0 0 0 0 1 0 0 0
53 4 1 1 2 0 0 0 0 0 1 0 0 0
54 4 0 0 2 0 0 0 0 0 1 0 0 0
56 3 0 0 0 0 0 0 0 0 0 0 0 0
61 13 0 0 0 0 0 0 0 0 0 0 0 0
62 26 0 0 26 1 1 0 0 0 0 0 0 0
63 26 1 1 26 0 0 0 0 0 0 0 0 0
64 26 0 0 26 0 0 0 0 0 0 0 0 0
65 13 0 0 13 0 0 0 0 0 0 0 0 0
67 78 0 0 13 0 0 0 0 0 13 10 0 0
69 1 0 0 0 0 0 0 0 0 0 0 0 0
70 4 0 0 0 0 0 0 0 0 1 1 0 0
71 3 0 0 3 0 0 0 0 0 0 0 0 0
fl=./string/../string/strstr.c
fn=__GI_strstr
77 96 3 2 8 0 0 56 0 0 0 0 0 0
82 24 3 2 8 8 2 0 0 0 8 0 0 0
84 40 0 0 0 0 0 8 0 0 0 0 0 0
85 16 0 0 0 0 0 0 0 0 8 5 0 0
86 16 3 2 0 0 0 0 0 0 0 0 0 0
161 96 0 0 72 0 0 0 0 0 8 3 0 0
fl=./string/../sysdeps/unix/sysv/linux/tls-internal.c
fn=__glibc_tls_internal_free
24 180 2 2 0 0 0 72 0 0 0 0 0 0
25 36 0 0 36 0 0 0 0 0 0 0 0 0
26 72 0 0 36 36 32 36 0 0 0 0 0 0
27 72 2 1 36 0 0 0 0 0 0 0 0 0
28 72 0 0 72 0 0 0 0 0 0 0 0 0
fl=./string/../sysdeps/x86/cacheinfo.c
fn=__x86_cacheinfo
86 1 1 1 0 0 0 0 0 0 0 0 0 0
fl=./string/../sysdeps/x86/cacheinfo.h
fn=__x86_cacheinfo
59 1 0 0 1 0 0 0 0 0 0 0 0 0
62 3 1 1 1 1 0 0 0 0 1 0 0 0
64 3 0 0 0 0 0 1 0 0 0 0 0 0
65 1 0 0 0 0 0 1 1 1 0 0 0 0
71 3 0 0 1 0 0 0 0 0 1 0 0 0
73 3 1 1 0 0 0 1 0 0 0 0 0 0
74 1 0 0 0 0 0 1 0 0 0 0 0 0
78 2 0 0 1 0 0 1 1 1 0 0 0 0
80 2 0 0 1 0 0 1 0 0 0 0 0 0
81 2 0 0 1 0 0 1 0 0 0 0 0 0
82 2 0 0 1 0 0 1 0 0 0 0 0 0
84 2 1 1 1 1 0 0 0 0 1 1 0 0
86 2 0 0 1 0 0 0 0 0 0 0 0 0
fl=./string/../sysdeps/x86_64/multiarch/../multiarch/memcmp-sse2.S
fn=bcmp
59 7 1 1 0 0 0 0 0 0 0 0 0 0
71 7 0 0 0 0 0 0 0 0 0 0 0 0
72 7 0 0 0 0 0 0 0 0 7 4 0 0
94 1 0 0 0 0 0 0 0 0 0 0 0 0
95 1 0 0 0 0 0 0 0 0 1 1 0 0
140 1 1 1 1 0 0 0 0 0 0 0 0 0
141 1 0 0 1 0 0 0 0 0 0 0 0 0
143 1 0 0 0 0 0 0 0 0 0 0 0 0
144 1 0 0 0 0 0 0 0 0 1 0 0 0
146 1 0 0 1 0 0 0 0 0 0 0 0 0
147 1 0 0 1 0 0 0 0 0 0 0 0 0
149 1 0 0 0 0 0 0 0 0 0 0 0 0
150 1 0 0 0 0 0 0 0 0 1 1 0 0
197 1 0 0 0 0 0 0 0 0 0 0 0 0
198 1 0 0 0 0 0 0 0 0 0 0 0 0
199 1 0 0 0 0 0 0 0 0 0 0 0 0
200 1 0 0 0 0 0 0 0 0 0 0 0 0
201 1 0 0 0 0 0 0 0 0 0 0 0 0
202 1 0 0 1 0 0 0 0 0 0 0 0 0
255 6 1 1 0 0 0 0 0 0 0 0 0 0
257 6 0 0 6 0 0 0 0 0 0 0 0 0
258 6 0 0 6 0 0 0 0 0 0 0 0 0
259 6 0 0 0 0 0 0 0 0 0 0 0 0
260 6 0 0 0 0 0 0 0 0 0 0 0 0
261 6 0 0 0 0 0 0 0 0 0 0 0 0
262 6 0 0 0 0 0 0 0 0 6 0 0 0
269 6 0 0 0 0 0 0 0 0 0 0 0 0
271 6 0 0 0 0 0 0 0 0 6 0 0 0
273 6 1 1 6 0 0 0 0 0 0 0 0 0
274 6 0 0 6 0 0 0 0 0 0 0 0 0
275 6 0 0 0 0 0 0 0 0 0 0 0 0
276 6 0 0 0 0 0 0 0 0 0 0 0 0
277 6 0 0 0 0 0 0 0 0 0 0 0 0
281 6 0 0 0 0 0 0 0 0 6 0 0 0
289 6 0 0 6 0 0 0 0 0 0 0 0 0
fl=./string/../sysdeps/x86_64/multiarch/../multiarch/memset-vec-unaligned-erms.S
fn=memset
132 163 3 2 0 0 0 0 0 0 0 0 0 0
133 815 0 0 0 0 0 0 0 0 0 0 0 0
138 163 0 0 0 0 0 0 0 0 0 0 0 0
139 163 0 0 0 0 0 0 0 0 163 55 0 0
142 120 0 0 0 0 0 0 0 0 0 0 0 0
143 120 0 0 0 0 0 0 0 0 120 46 0 0
145 43 0 0 0 0 0 43 0 0 0 0 0 0
146 43 0 0 0 0 0 43 0 0 0 0 0 0
147 43 1 1 43 0 0 0 0 0 0 0 0 0
244 77 2 1 0 0 0 77 77 77 0 0 0 0
245 77 0 0 0 0 0 77 0 0 0 0 0 0
257 77 0 0 0 0 0 0 0 0 0 0 0 0
260 77 0 0 0 0 0 0 0 0 0 0 0 0
261 77 0 0 0 0 0 0 0 0 77 2 0 0
273 77 0 0 0 0 0 77 38 38 0 0 0 0
274 77 0 0 0 0 0 77 2 2 0 0 0 0
287 77 0 0 0 0 0 0 0 0 0 0 0 0
288 77 0 0 0 0 0 0 0 0 0 0 0 0
290 77 0 0 0 0 0 0 0 0 77 5 0 0
293 40 0 0 0 0 0 0 0 0 0 0 0 0
296 80 0 0 0 0 0 0 0 0 0 0 0 0
299 241 2 1 0 0 0 241 34 34 0 0 0 0
300 241 0 0 0 0 0 241 0 0 0 0 0 0
301 241 0 0 0 0 0 241 200 200 0 0 0 0
302 241 0 0 0 0 0 241 6 6 0 0 0 0
303 241 0 0 0 0 0 0 0 0 0 0 0 0
304 241 0 0 0 0 0 0 0 0 0 0 0 0
305 241 0 0 0 0 0 0 0 0 241 26 0 0
308 77 0 0 0 0 0 77 1 1 0 0 0 0
309 77 0 0 0 0 0 77 0 0 0 0 0 0
310 77 0 0 0 0 0 77 0 0 0 0 0 0
311 77 0 0 0 0 0 77 0 0 0 0 0 0
316 77 0 0 77 0 0 0 0 0 0 0 0 0
350 43 1 1 0 0 0 0 0 0 0 0 0 0
352 43 0 0 0 0 0 0 0 0 0 0 0 0
353 43 0 0 0 0 0 0 0 0 43 10 0 0
392 43 3 2 0 0 0 43 39 39 0 0 0 0
393 43 0 0 0 0 0 43 1 1 0 0 0 0
395 43 0 0 43 0 0 0 0 0 0 0 0 0
fl=./string/../sysdeps/x86_64/multiarch/../multiarch/strchr-sse2.S
fn=index
32 37 1 1 0 0 0 0 0 0 0 0 0 0
33 37 0 0 0 0 0 0 0 0 0 0 0 0
34 37 0 0 0 0 0 0 0 0 0 0 0 0
35 37 0 0 0 0 0 0 0 0 0 0 0 0
36 37 1 1 0 0 0 0 0 0 0 0 0 0
37 37 0 0 0 0 0 0 0 0 0 0 0 0
38 37 0 0 0 0 0 0 0 0 0 0 0 0
39 37 0 0 0 0 0 0 0 0 0 0 0 0
40 37 0 0 0 0 0 0 0 0 37 0 0 0
41 37 0 0 37 3 3 0 0 0 0 0 0 0
42 37 0 0 0 0 0 0 0 0 0 0 0 0
43 37 0 0 0 0 0 0 0 0 0 0 0 0
44 37 0 0 0 0 0 0 0 0 0 0 0 0
45 37 0 0 0 0 0 0 0 0 0 0 0 0
46 37 0 0 0 0 0 0 0 0 0 0 0 0
47 37 0 0 0 0 0 0 0 0 0 0 0 0
48 37 0 0 0 0 0 0 0 0 0 0 0 0
49 37 0 0 0 0 0 0 0 0 37 7 0 0
50 24 0 0 0 0 0 0 0 0 0 0 0 0
54 24 0 0 0 0 0 0 0 0 0 0 0 0
55 24 1 1 0 0 0 0 0 0 0 0 0 0
56 24 0 0 24 0 0 0 0 0 0 0 0 0
57 24 0 0 0 0 0 0 0 0 0 0 0 0
59 24 0 0 24 0 0 0 0 0 0 0 0 0
63 13 0 0 13 1 1 0 0 0 0 0 0 0
64 13 0 0 0 0 0 0 0 0 0 0 0 0
65 13 0 0 0 0 0 0 0 0 0 0 0 0
66 13 0 0 0 0 0 0 0 0 0 0 0 0
67 13 0 0 0 0 0 0 0 0 0 0 0 0
68 13 0 0 0 0 0 0 0 0 0 0 0 0
69 13 0 0 13 1 1 0 0 0 0 0 0 0
70 13 0 0 0 0 0 0 0 0 0 0 0 0
71 13 0 0 0 0 0 0 0 0 0 0 0 0
72 13 0 0 0 0 0 0 0 0 0 0 0 0
73 13 0 0 0 0 0 0 0 0 0 0 0 0
74 13 1 1 0 0 0 0 0 0 0 0 0 0
75 13 0 0 0 0 0 0 0 0 0 0 0 0
76 13 0 0 13 0 0 0 0 0 0 0 0 0
77 13 0 0 0 0 0 0 0 0 0 0 0 0
78 13 0 0 0 0 0 0 0 0 0 0 0 0
79 13 0 0 0 0 0 0 0 0 0 0 0 0
80 13 0 0 0 0 0 0 0 0 0 0 0 0
81 13 0 0 0 0 0 0 0 0 0 0 0 0
82 13 0 0 0 0 0 0 0 0 0 0 0 0
83 13 0 0 0 0 0 0 0 0 0 0 0 0
84 13 0 0 0 0 0 0 0 0 0 0 0 0
85 13 0 0 0 0 0 0 0 0 0 0 0 0
86 13 0 0 0 0 0 0 0 0 13 6 0 0
138 13 1 1 0 0 0 0 0 0 0 0 0 0
142 13 0 0 0 0 0 0 0 0 0 0 0 0
143 13 0 0 0 0 0 0 0 0 0 0 0 0
144 13 0 0 13 0 0 0 0 0 0 0 0 0
145 13 0 0 0 0 0 0 0 0 0 0 0 0
147 13 0 0 13 0 0 0 0 0 0 0 0 0
fl=./string/../sysdeps/x86_64/multiarch/../multiarch/strcmp-sse2.S
fn=strcmp
98 2614 2 2 0 0 0 0 0 0 0 0 0 0
131 2614 0 0 0 0 0 0 0 0 0 0 0 0
132 2614 0 0 0 0 0 0 0 0 0 0 0 0
134 2614 0 0 0 0 0 0 0 0 0 0 0 0
135 2614 0 0 0 0 0 0 0 0 0 0 0 0
156 2614 0 0 0 0 0 0 0 0 0 0 0 0
157 2614 0 0 0 0 0 0 0 0 2481 188 0 0
158 2422 0 0 0 0 0 0 0 0 0 0 0 0
159 2422 0 0 0 0 0 0 0 0 2422 96 0 0
160 2301 0 0 2301 160 72 0 0 0 0 0 0 0
161 2301 2 2 2301 27 13 0 0 0 0 0 0 0
162 2301 0 0 2301 0 0 0 0 0 0 0 0 0
163 2301 0 0 2301 0 0 0 0 0 0 0 0 0
180 2301 0 0 0 0 0 0 0 0 0 0 0 0
181 2301 0 0 0 0 0 0 0 0 0 0 0 0
182 2301 0 0 0 0 0 0 0 0 0 0 0 0
183 2301 0 0 0 0 0 0 0 0 0 0 0 0
184 2301 0 0 0 0 0 0 0 0 0 0 0 0
185 2301 0 0 0 0 0 0 0 0 0 0 0 0
186 2301 0 0 0 0 0 0 0 0 2301 152 0 0
191 82 0 0 0 0 0 0 0 0 0 0 0 0
192 246 0 0 0 0 0 0 0 0 0 0 0 0
201 395 2 2 0 0 0 0 0 0 0 0 0 0
202 395 0 0 0 0 0 0 0 0 0 0 0 0
203 395 0 0 0 0 0 0 0 0 0 0 0 0
204 395 0 0 0 0 0 0 0 0 0 0 0 0
205 395 0 0 0 0 0 0 0 0 0 0 0 0
206 395 0 0 0 0 0 0 0 0 0 0 0 0
207 395 0 0 0 0 0 0 0 0 0 0 0 0
208 395 0 0 0 0 0 0 0 0 395 29 0 0
209 308 0 0 0 0 0 0 0 0 308 119 0 0
210 170 0 0 0 0 0 0 0 0 0 0 0 0
211 170 0 0 0 0 0 0 0 0 0 0 0 0
212 170 0 0 0 0 0 0 0 0 0 0 0 0
214 308 0 0 0 0 0 0 0 0 0 0 0 0
215 308 0 0 0 0 0 0 0 0 0 0 0 0
216 308 0 0 0 0 0 0 0 0 0 0 0 0
217 308 0 0 308 16 3 0 0 0 0 0 0 0
218 308 0 0 0 0 0 0 0 0 0 0 0 0
219 308 0 0 0 0 0 0 0 0 0 0 308 246
229 87 3 2 87 17 3 0 0 0 0 0 0 0
230 87 0 0 0 0 0 0 0 0 0 0 0 0
231 87 0 0 0 0 0 0 0 0 0 0 0 0
233 87 0 0 87 2 1 0 0 0 0 0 0 0
239 87 0 0 0 0 0 0 0 0 0 0 0 0
240 87 0 0 0 0 0 0 0 0 0 0 0 0
241 87 0 0 0 0 0 0 0 0 0 0 0 0
242 87 0 0 0 0 0 0 0 0 0 0 0 0
243 87 0 0 0 0 0 0 0 0 0 0 0 0
248 87 0 0 0 0 0 0 0 0 87 9 0 0
250 78 0 0 0 0 0 0 0 0 0 0 0 0
251 78 0 0 0 0 0 0 0 0 0 0 0 0
252 156 0 0 0 0 0 0 0 0 0 0 0 0
260 79 4 2 79 14 1 0 0 0 0 0 0 0
261 79 0 0 79 3 2 0 0 0 0 0 0 0
264 79 0 0 0 0 0 0 0 0 0 0 0 0
265 79 0 0 0 0 0 0 0 0 0 0 0 0
266 79 0 0 0 0 0 0 0 0 0 0 0 0
267 79 0 0 0 0 0 0 0 0 0 0 0 0
268 79 0 0 0 0 0 0 0 0 0 0 0 0
269 79 0 0 0 0 0 0 0 0 79 5 0 0
275 3 0 0 0 0 0 0 0 0 0 0 0 0
276 3 0 0 3 0 0 0 0 0 0 0 0 0
277 3 0 0 3 0 0 0 0 0 0 0 0 0
280 3 0 0 0 0 0 0 0 0 0 0 0 0
281 3 0 0 0 0 0 0 0 0 0 0 0 0
282 3 0 0 0 0 0 0 0 0 0 0 0 0
283 3 1 1 0 0 0 0 0 0 0 0 0 0
284 3 0 0 0 0 0 0 0 0 0 0 0 0
285 3 0 0 0 0 0 0 0 0 3 3 0 0
290 1 0 0 0 0 0 0 0 0 0 0 0 0
291 1 0 0 0 0 0 0 0 0 0 0 0 0
300 6 0 0 0 0 0 0 0 0 0 0 0 0
301 6 0 0 6 0 0 0 0 0 0 0 0 0
302 6 0 0 6 1 1 0 0 0 0 0 0 0
303 6 0 0 0 0 0 0 0 0 0 0 0 0
304 6 0 0 0 0 0 0 0 0 0 0 0 0
306 6 0 0 0 0 0 0 0 0 0 0 0 0
307 6 0 0 0 0 0 0 0 0 0 0 0 0
308 6 1 1 0 0 0 0 0 0 0 0 0 0
309 6 0 0 0 0 0 0 0 0 0 0 0 0
310 6 0 0 0 0 0 0 0 0 0 0 0 0
311 6 0 0 0 0 0 0 0 0 0 0 0 0
312 6 0 0 0 0 0 0 0 0 6 0 0 0
313 6 0 0 6 0 0 0 0 0 0 0 0 0
316 6 0 0 0 0 0 0 0 0 0 0 0 0
317 6 0 0 0 0 0 0 0 0 0 0 0 0
318 6 0 0 0 0 0 0 0 0 0 0 0 0
324 6 0 0 0 0 0 0 0 0 0 0 0 0
325 6 0 0 0 0 0 0 0 0 0 0 0 0
326 12 0 0 0 0 0 0 0 0 0 0 0 0
330 6 1 1 0 0 0 0 0 0 0 0 0 0
331 6 0 0 0 0 0 0 0 0 6 0 0 0
334 6 0 0 6 0 0 0 0 0 0 0 0 0
335 6 0 0 6 0 0 0 0 0 0 0 0 0
336 6 0 0 0 0 0 0 0 0 0 0 0 0
338 6 0 0 0 0 0 0 0 0 0 0 0 0
339 6 0 0 0 0 0 0 0 0 0 0 0 0
340 6 0 0 0 0 0 0 0 0 0 0 0 0
344 6 0 0 0 0 0 0 0 0 0 0 0 0
345 6 0 0 0 0 0 0 0 0 0 0 0 0
346 6 0 0 0 0 0 0 0 0 0 0 0 0
347 6 0 0 0 0 0 0 0 0 0 0 0 0
348 6 0 0 0 0 0 0 0 0 0 0 0 0
349 6 1 1 0 0 0 0 0 0 6 2 0 0
424 3 1 1 0 0 0 0 0 0 0 0 0 0
425 3 0 0 3 0 0 0 0 0 0 0 0 0
426 3 0 0 3 1 0 0 0 0 0 0 0 0
427 3 0 0 0 0 0 0 0 0 0 0 0 0
428 3 0 0 0 0 0 0 0 0 0 0 0 0
430 3 0 0 0 0 0 0 0 0 0 0 0 0
431 3 0 0 0 0 0 0 0 0 0 0 0 0
432 3 1 1 0 0 0 0 0 0 0 0 0 0
433 3 0 0 0 0 0 0 0 0 0 0 0 0
434 3 0 0 0 0 0 0 0 0 0 0 0 0
435 3 0 0 0 0 0 0 0 0 0 0 0 0
436 3 0 0 0 0 0 0 0 0 3 1 0 0
437 3 0 0 3 0 0 0 0 0 0 0 0 0
440 3 0 0 0 0 0 0 0 0 0 0 0 0
441 3 0 0 0 0 0 0 0 0 0 0 0 0
442 3 0 0 0 0 0 0 0 0 0 0 0 0
448 3 0 0 0 0 0 0 0 0 0 0 0 0
449 3 0 0 0 0 0 0 0 0 0 0 0 0
450 6 0 0 0 0 0 0 0 0 0 0 0 0
454 6 1 1 0 0 0 0 0 0 0 0 0 0
455 6 0 0 0 0 0 0 0 0 6 0 0 0
458 6 0 0 6 0 0 0 0 0 0 0 0 0
459 6 0 0 6 1 0 0 0 0 0 0 0 0
460 6 0 0 0 0 0 0 0 0 0 0 0 0
462 6 0 0 0 0 0 0 0 0 0 0 0 0
463 6 0 0 0 0 0 0 0 0 0 0 0 0
464 6 0 0 0 0 0 0 0 0 0 0 0 0
468 6 0 0 0 0 0 0 0 0 0 0 0 0
469 6 0 0 0 0 0 0 0 0 0 0 0 0
470 6 0 0 0 0 0 0 0 0 0 0 0 0
471 6 0 0 0 0 0 0 0 0 0 0 0 0
472 6 0 0 0 0 0 0 0 0 0 0 0 0
473 6 1 1 0 0 0 0 0 0 6 3 0 0
480 3 0 0 0 0 0 0 0 0 0 0 0 0
481 3 0 0 0 0 0 0 0 0 0 0 0 0
483 3 0 0 0 0 0 0 0 0 0 0 0 0
484 3 0 0 0 0 0 0 0 0 3 0 0 0
486 3 0 0 3 1 1 0 0 0 0 0 0 0
487 3 0 0 3 0 0 0 0 0 0 0 0 0
488 3 0 0 0 0 0 0 0 0 0 0 0 0
490 3 0 0 0 0 0 0 0 0 0 0 0 0
491 3 0 0 0 0 0 0 0 0 0 0 0 0
492 3 0 0 0 0 0 0 0 0 0 0 0 0
496 3 0 0 0 0 0 0 0 0 0 0 0 0
497 3 0 0 0 0 0 0 0 0 0 0 0 0
498 3 0 0 0 0 0 0 0 0 0 0 0 0
499 3 0 0 0 0 0 0 0 0 0 0 0 0
500 3 1 1 0 0 0 0 0 0 0 0 0 0
501 3 0 0 0 0 0 0 0 0 3 1 0 0
508 3 0 0 0 0 0 0 0 0 0 0 0 0
509 3 0 0 0 0 0 0 0 0 0 0 0 0
510 3 0 0 0 0 0 0 0 0 0 0 0 0
542 6 1 1 0 0 0 0 0 0 0 0 0 0
543 6 0 0 6 1 1 0 0 0 0 0 0 0
544 6 0 0 6 0 0 0 0 0 0 0 0 0
545 6 0 0 0 0 0 0 0 0 0 0 0 0
546 6 0 0 0 0 0 0 0 0 0 0 0 0
548 6 0 0 0 0 0 0 0 0 0 0 0 0
549 6 0 0 0 0 0 0 0 0 0 0 0 0
550 6 1 1 0 0 0 0 0 0 0 0 0 0
551 6 0 0 0 0 0 0 0 0 0 0 0 0
552 6 0 0 0 0 0 0 0 0 0 0 0 0
553 6 0 0 0 0 0 0 0 0 0 0 0 0
554 6 0 0 0 0 0 0 0 0 6 2 0 0
555 5 0 0 5 0 0 0 0 0 0 0 0 0
559 5 0 0 0 0 0 0 0 0 0 0 0 0
560 5 0 0 0 0 0 0 0 0 0 0 0 0
561 5 0 0 0 0 0 0 0 0 0 0 0 0
567 5 0 0 0 0 0 0 0 0 0 0 0 0
568 5 0 0 0 0 0 0 0 0 0 0 0 0
569 10 0 0 0 0 0 0 0 0 0 0 0 0
573 6 1 1 0 0 0 0 0 0 0 0 0 0
574 6 0 0 0 0 0 0 0 0 6 0 0 0
577 6 0 0 6 0 0 0 0 0 0 0 0 0
578 6 0 0 6 0 0 0 0 0 0 0 0 0
579 6 0 0 0 0 0 0 0 0 0 0 0 0
581 6 0 0 0 0 0 0 0 0 0 0 0 0
582 6 0 0 0 0 0 0 0 0 0 0 0 0
583 6 0 0 0 0 0 0 0 0 0 0 0 0
587 6 0 0 0 0 0 0 0 0 0 0 0 0
588 6 0 0 0 0 0 0 0 0 0 0 0 0
589 6 0 0 0 0 0 0 0 0 0 0 0 0
590 6 0 0 0 0 0 0 0 0 0 0 0 0
591 6 0 0 0 0 0 0 0 0 0 0 0 0
592 6 1 1 0 0 0 0 0 0 6 2 0 0
599 3 0 0 0 0 0 0 0 0 0 0 0 0
600 3 0 0 0 0 0 0 0 0 0 0 0 0
602 3 0 0 0 0 0 0 0 0 0 0 0 0
603 3 0 0 0 0 0 0 0 0 3 0 0 0
605 3 0 0 3 1 0 0 0 0 0 0 0 0
606 3 0 0 3 2 1 0 0 0 0 0 0 0
607 3 0 0 0 0 0 0 0 0 0 0 0 0
609 3 0 0 0 0 0 0 0 0 0 0 0 0
610 3 0 0 0 0 0 0 0 0 0 0 0 0
611 3 0 0 0 0 0 0 0 0 0 0 0 0
615 3 0 0 0 0 0 0 0 0 0 0 0 0
616 3 0 0 0 0 0 0 0 0 0 0 0 0
617 3 0 0 0 0 0 0 0 0 0 0 0 0
618 3 0 0 0 0 0 0 0 0 0 0 0 0
619 3 1 1 0 0 0 0 0 0 0 0 0 0
620 3 0 0 0 0 0 0 0 0 3 1 0 0
627 1 0 0 0 0 0 0 0 0 0 0 0 0
628 1 0 0 0 0 0 0 0 0 0 0 0 0
629 1 0 0 0 0 0 0 0 0 0 0 0 0
661 7 1 1 0 0 0 0 0 0 0 0 0 0
662 7 0 0 7 1 1 0 0 0 0 0 0 0
663 7 0 0 7 0 0 0 0 0 0 0 0 0
664 7 0 0 0 0 0 0 0 0 0 0 0 0
665 7 0 0 0 0 0 0 0 0 0 0 0 0
667 7 0 0 0 0 0 0 0 0 0 0 0 0
668 7 0 0 0 0 0 0 0 0 0 0 0 0
669 7 1 1 0 0 0 0 0 0 0 0 0 0
670 7 0 0 0 0 0 0 0 0 0 0 0 0
671 7 0 0 0 0 0 0 0 0 0 0 0 0
672 7 0 0 0 0 0 0 0 0 0 0 0 0
673 7 0 0 0 0 0 0 0 0 7 5 0 0
674 1 0 0 1 0 0 0 0 0 0 0 0 0
678 1 0 0 0 0 0 0 0 0 0 0 0 0
679 1 0 0 0 0 0 0 0 0 0 0 0 0
680 1 0 0 0 0 0 0 0 0 0 0 0 0
686 1 0 0 0 0 0 0 0 0 0 0 0 0
687 1 0 0 0 0 0 0 0 0 0 0 0 0
688 2 0 0 0 0 0 0 0 0 0 0 0 0
692 2 1 1 0 0 0 0 0 0 0 0 0 0
693 2 0 0 0 0 0 0 0 0 2 0 0 0
696 2 0 0 2 0 0 0 0 0 0 0 0 0
697 2 0 0 2 0 0 0 0 0 0 0 0 0
698 2 0 0 0 0 0 0 0 0 0 0 0 0
700 2 0 0 0 0 0 0 0 0 0 0 0 0
701 2 0 0 0 0 0 0 0 0 0 0 0 0
702 2 0 0 0 0 0 0 0 0 0 0 0 0
706 2 0 0 0 0 0 0 0 0 0 0 0 0
707 2 0 0 0 0 0 0 0 0 0 0 0 0
708 2 0 0 0 0 0 0 0 0 0 0 0 0
709 2 0 0 0 0 0 0 0 0 0 0 0 0
710 2 0 0 0 0 0 0 0 0 0 0 0 0
711 2 1 1 0 0 0 0 0 0 2 1 0 0
718 2 0 0 0 0 0 0 0 0 0 0 0 0
719 2 0 0 0 0 0 0 0 0 0 0 0 0
721 2 0 0 0 0 0 0 0 0 0 0 0 0
722 2 0 0 0 0 0 0 0 0 2 0 0 0
724 2 0 0 2 0 0 0 0 0 0 0 0 0
725 2 0 0 2 1 1 0 0 0 0 0 0 0
726 2 0 0 0 0 0 0 0 0 0 0 0 0
728 2 0 0 0 0 0 0 0 0 0 0 0 0
729 2 0 0 0 0 0 0 0 0 0 0 0 0
730 2 0 0 0 0 0 0 0 0 0 0 0 0
734 2 0 0 0 0 0 0 0 0 0 0 0 0
735 2 0 0 0 0 0 0 0 0 0 0 0 0
736 2 0 0 0 0 0 0 0 0 0 0 0 0
737 2 0 0 0 0 0 0 0 0 0 0 0 0
738 2 1 1 0 0 0 0 0 0 0 0 0 0
739 2 0 0 0 0 0 0 0 0 2 0 0 0
746 1 0 0 0 0 0 0 0 0 0 0 0 0
747 1 0 0 0 0 0 0 0 0 0 0 0 0
748 1 0 0 0 0 0 0 0 0 0 0 0 0
780 12 1 1 0 0 0 0 0 0 0 0 0 0
781 12 0 0 12 1 0 0 0 0 0 0 0 0
782 12 0 0 12 2 2 0 0 0 0 0 0 0
783 12 0 0 0 0 0 0 0 0 0 0 0 0
784 12 0 0 0 0 0 0 0 0 0 0 0 0
786 12 0 0 0 0 0 0 0 0 0 0 0 0
787 12 0 0 0 0 0 0 0 0 0 0 0 0
788 12 1 1 0 0 0 0 0 0 0 0 0 0
789 12 0 0 0 0 0 0 0 0 0 0 0 0
790 12 0 0 0 0 0 0 0 0 0 0 0 0
791 12 0 0 0 0 0 0 0 0 0 0 0 0
792 12 0 0 0 0 0 0 0 0 12 2 0 0
793 9 0 0 9 0 0 0 0 0 0 0 0 0
797 9 0 0 0 0 0 0 0 0 0 0 0 0
798 9 0 0 0 0 0 0 0 0 0 0 0 0
799 9 0 0 0 0 0 0 0 0 0 0 0 0
805 9 0 0 0 0 0 0 0 0 0 0 0 0
806 9 0 0 0 0 0 0 0 0 0 0 0 0
807 18 0 0 0 0 0 0 0 0 0 0 0 0
811 11 1 1 0 0 0 0 0 0 0 0 0 0
812 11 0 0 0 0 0 0 0 0 11 0 0 0
815 11 0 0 11 1 1 0 0 0 0 0 0 0
816 11 0 0 11 1 0 0 0 0 0 0 0 0
817 11 0 0 0 0 0 0 0 0 0 0 0 0
819 11 0 0 0 0 0 0 0 0 0 0 0 0
820 11 0 0 0 0 0 0 0 0 0 0 0 0
821 11 0 0 0 0 0 0 0 0 0 0 0 0
825 11 0 0 0 0 0 0 0 0 0 0 0 0
826 11 0 0 0 0 0 0 0 0 0 0 0 0
827 11 0 0 0 0 0 0 0 0 0 0 0 0
828 11 0 0 0 0 0 0 0 0 0 0 0 0
829 11 0 0 0 0 0 0 0 0 0 0 0 0
830 11 1 1 0 0 0 0 0 0 11 7 0 0
837 6 0 0 0 0 0 0 0 0 0 0 0 0
838 6 0 0 0 0 0 0 0 0 0 0 0 0
840 6 0 0 0 0 0 0 0 0 0 0 0 0
841 6 0 0 0 0 0 0 0 0 6 0 0 0
843 6 0 0 6 0 0 0 0 0 0 0 0 0
844 6 0 0 6 3 1 0 0 0 0 0 0 0
845 6 0 0 0 0 0 0 0 0 0 0 0 0
847 6 0 0 0 0 0 0 0 0 0 0 0 0
848 6 0 0 0 0 0 0 0 0 0 0 0 0
849 6 0 0 0 0 0 0 0 0 0 0 0 0
853 6 0 0 0 0 0 0 0 0 0 0 0 0
854 6 0 0 0 0 0 0 0 0 0 0 0 0
855 6 0 0 0 0 0 0 0 0 0 0 0 0
856 6 0 0 0 0 0 0 0 0 0 0 0 0
857 6 1 1 0 0 0 0 0 0 0 0 0 0
858 6 0 0 0 0 0 0 0 0 6 3 0 0
865 2 0 0 0 0 0 0 0 0 0 0 0 0
866 2 0 0 0 0 0 0 0 0 0 0 0 0
867 2 0 0 0 0 0 0 0 0 0 0 0 0
899 17 2 1 0 0 0 0 0 0 0 0 0 0
900 17 0 0 17 3 1 0 0 0 0 0 0 0
901 17 0 0 17 5 4 0 0 0 0 0 0 0
902 17 0 0 0 0 0 0 0 0 0 0 0 0
903 17 0 0 0 0 0 0 0 0 0 0 0 0
905 17 0 0 0 0 0 0 0 0 0 0 0 0
906 17 0 0 0 0 0 0 0 0 0 0 0 0
907 17 1 1 0 0 0 0 0 0 0 0 0 0
908 17 0 0 0 0 0 0 0 0 0 0 0 0
909 17 0 0 0 0 0 0 0 0 0 0 0 0
910 17 0 0 0 0 0 0 0 0 0 0 0 0
911 17 0 0 0 0 0 0 0 0 17 2 0 0
912 14 0 0 14 0 0 0 0 0 0 0 0 0
916 14 0 0 0 0 0 0 0 0 0 0 0 0
917 14 0 0 0 0 0 0 0 0 0 0 0 0
918 14 0 0 0 0 0 0 0 0 0 0 0 0
924 14 0 0 0 0 0 0 0 0 0 0 0 0
925 14 0 0 0 0 0 0 0 0 0 0 0 0
926 28 0 0 0 0 0 0 0 0 0 0 0 0
930 17 1 1 0 0 0 0 0 0 0 0 0 0
931 17 0 0 0 0 0 0 0 0 17 0 0 0
934 17 0 0 17 3 3 0 0 0 0 0 0 0
935 17 0 0 17 1 1 0 0 0 0 0 0 0
936 17 0 0 0 0 0 0 0 0 0 0 0 0
938 17 0 0 0 0 0 0 0 0 0 0 0 0
939 17 0 0 0 0 0 0 0 0 0 0 0 0
940 17 0 0 0 0 0 0 0 0 0 0 0 0
944 17 0 0 0 0 0 0 0 0 0 0 0 0
945 17 0 0 0 0 0 0 0 0 0 0 0 0
946 17 0 0 0 0 0 0 0 0 0 0 0 0
947 17 0 0 0 0 0 0 0 0 0 0 0 0
948 17 0 0 0 0 0 0 0 0 0 0 0 0
949 17 2 1 0 0 0 0 0 0 17 5 0 0
956 7 0 0 0 0 0 0 0 0 0 0 0 0
957 7 0 0 0 0 0 0 0 0 0 0 0 0
959 7 0 0 0 0 0 0 0 0 0 0 0 0
960 7 0 0 0 0 0 0 0 0 7 0 0 0
962 7 0 0 7 1 1 0 0 0 0 0 0 0
963 7 0 0 7 1 0 0 0 0 0 0 0 0
964 7 0 0 0 0 0 0 0 0 0 0 0 0
966 7 0 0 0 0 0 0 0 0 0 0 0 0
967 7 0 0 0 0 0 0 0 0 0 0 0 0
968 7 0 0 0 0 0 0 0 0 0 0 0 0
972 7 0 0 0 0 0 0 0 0 0 0 0 0
973 7 0 0 0 0 0 0 0 0 0 0 0 0
974 7 0 0 0 0 0 0 0 0 0 0 0 0
975 7 0 0 0 0 0 0 0 0 0 0 0 0
976 7 1 1 0 0 0 0 0 0 0 0 0 0
977 7 0 0 0 0 0 0 0 0 7 5 0 0
984 3 0 0 0 0 0 0 0 0 0 0 0 0
985 3 0 0 0 0 0 0 0 0 0 0 0 0
986 3 0 0 0 0 0 0 0 0 0 0 0 0
1018 11 1 1 0 0 0 0 0 0 0 0 0 0
1019 11 0 0 11 4 2 0 0 0 0 0 0 0
1020 11 0 0 11 3 3 0 0 0 0 0 0 0
1021 11 0 0 0 0 0 0 0 0 0 0 0 0
1022 11 0 0 0 0 0 0 0 0 0 0 0 0
1024 11 0 0 0 0 0 0 0 0 0 0 0 0
1025 11 0 0 0 0 0 0 0 0 0 0 0 0
1026 11 1 1 0 0 0 0 0 0 0 0 0 0
1027 11 0 0 0 0 0 0 0 0 0 0 0 0
1028 11 0 0 0 0 0 0 0 0 0 0 0 0
1029 11 0 0 0 0 0 0 0 0 0 0 0 0
1030 11 0 0 0 0 0 0 0 0 11 2 0 0
1031 10 0 0 10 0 0 0 0 0 0 0 0 0
1035 10 0 0 0 0 0 0 0 0 0 0 0 0
1036 10 0 0 0 0 0 0 0 0 0 0 0 0
1037 10 0 0 0 0 0 0 0 0 0 0 0 0
1043 10 0 0 0 0 0 0 0 0 0 0 0 0
1044 10 0 0 0 0 0 0 0 0 0 0 0 0
1045 20 0 0 0 0 0 0 0 0 0 0 0 0
1049 13 1 1 0 0 0 0 0 0 0 0 0 0
1050 13 0 0 0 0 0 0 0 0 13 0 0 0
1053 13 0 0 13 3 3 0 0 0 0 0 0 0
1054 13 0 0 13 1 0 0 0 0 0 0 0 0
1055 13 0 0 0 0 0 0 0 0 0 0 0 0
1057 13 0 0 0 0 0 0 0 0 0 0 0 0
1058 13 0 0 0 0 0 0 0 0 0 0 0 0
1059 13 0 0 0 0 0 0 0 0 0 0 0 0
1063 13 0 0 0 0 0 0 0 0 0 0 0 0
1064 13 0 0 0 0 0 0 0 0 0 0 0 0
1065 13 0 0 0 0 0 0 0 0 0 0 0 0
1066 13 0 0 0 0 0 0 0 0 0 0 0 0
1067 13 0 0 0 0 0 0 0 0 0 0 0 0
1068 13 1 1 0 0 0 0 0 0 13 5 0 0
1075 4 0 0 0 0 0 0 0 0 0 0 0 0
1076 4 0 0 0 0 0 0 0 0 0 0 0 0
1078 4 0 0 0 0 0 0 0 0 0 0 0 0
1079 4 0 0 0 0 0 0 0 0 4 0 0 0
1081 4 0 0 4 1 0 0 0 0 0 0 0 0
1082 4 0 0 4 1 1 0 0 0 0 0 0 0
1083 4 0 0 0 0 0 0 0 0 0 0 0 0
1085 4 0 0 0 0 0 0 0 0 0 0 0 0
1086 4 0 0 0 0 0 0 0 0 0 0 0 0
1087 4 0 0 0 0 0 0 0 0 0 0 0 0
1091 4 0 0 0 0 0 0 0 0 0 0 0 0
1092 4 0 0 0 0 0 0 0 0 0 0 0 0
1093 4 0 0 0 0 0 0 0 0 0 0 0 0
1094 4 0 0 0 0 0 0 0 0 0 0 0 0
1095 4 1 1 0 0 0 0 0 0 0 0 0 0
1096 4 0 0 0 0 0 0 0 0 4 3 0 0
1103 3 0 0 0 0 0 0 0 0 0 0 0 0
1104 3 0 0 0 0 0 0 0 0 0 0 0 0
1105 3 0 0 0 0 0 0 0 0 0 0 0 0
1137 15 2 1 0 0 0 0 0 0 0 0 0 0
1138 15 0 0 15 1 0 0 0 0 0 0 0 0
1139 15 0 0 15 2 1 0 0 0 0 0 0 0
1140 15 0 0 0 0 0 0 0 0 0 0 0 0
1141 15 0 0 0 0 0 0 0 0 0 0 0 0
1143 15 0 0 0 0 0 0 0 0 0 0 0 0
1144 15 0 0 0 0 0 0 0 0 0 0 0 0
1145 15 2 1 0 0 0 0 0 0 0 0 0 0
1146 15 0 0 0 0 0 0 0 0 0 0 0 0
1147 15 0 0 0 0 0 0 0 0 0 0 0 0
1148 15 0 0 0 0 0 0 0 0 0 0 0 0
1149 15 0 0 0 0 0 0 0 0 15 7 0 0
1150 7 0 0 7 0 0 0 0 0 0 0 0 0
1154 7 0 0 0 0 0 0 0 0 0 0 0 0
1155 7 0 0 0 0 0 0 0 0 0 0 0 0
1156 7 0 0 0 0 0 0 0 0 0 0 0 0
1162 7 0 0 0 0 0 0 0 0 0 0 0 0
1163 7 0 0 0 0 0 0 0 0 0 0 0 0
1164 14 0 0 0 0 0 0 0 0 0 0 0 0
1168 7 2 1 0 0 0 0 0 0 0 0 0 0
1169 7 0 0 0 0 0 0 0 0 7 1 0 0
1172 7 0 0 7 3 2 0 0 0 0 0 0 0
1173 7 0 0 7 0 0 0 0 0 0 0 0 0
1174 7 0 0 0 0 0 0 0 0 0 0 0 0
1176 7 0 0 0 0 0 0 0 0 0 0 0 0
1177 7 0 0 0 0 0 0 0 0 0 0 0 0
1178 7 0 0 0 0 0 0 0 0 0 0 0 0
1182 7 0 0 0 0 0 0 0 0 0 0 0 0
1183 7 0 0 0 0 0 0 0 0 0 0 0 0
1184 7 0 0 0 0 0 0 0 0 0 0 0 0
1185 7 0 0 0 0 0 0 0 0 0 0 0 0
1186 7 0 0 0 0 0 0 0 0 0 0 0 0
1187 7 2 1 0 0 0 0 0 0 7 6 0 0
1256 29 3 2 0 0 0 0 0 0 0 0 0 0
1257 29 0 0 29 6 2 0 0 0 0 0 0 0
1258 29 0 0 29 6 3 0 0 0 0 0 0 0
1259 29 0 0 0 0 0 0 0 0 0 0 0 0
1260 29 0 0 0 0 0 0 0 0 0 0 0 0
1262 29 0 0 0 0 0 0 0 0 0 0 0 0
1263 29 0 0 0 0 0 0 0 0 0 0 0 0
1264 29 3 2 0 0 0 0 0 0 0 0 0 0
1265 29 0 0 0 0 0 0 0 0 0 0 0 0
1266 29 0 0 0 0 0 0 0 0 0 0 0 0
1267 29 0 0 0 0 0 0 0 0 0 0 0 0
1268 29 0 0 0 0 0 0 0 0 29 6 0 0
1269 19 0 0 19 0 0 0 0 0 0 0 0 0
1273 19 0 0 0 0 0 0 0 0 0 0 0 0
1274 19 0 0 0 0 0 0 0 0 0 0 0 0
1275 19 0 0 0 0 0 0 0 0 0 0 0 0
1281 19 0 0 0 0 0 0 0 0 0 0 0 0
1282 19 0 0 0 0 0 0 0 0 0 0 0 0
1283 38 0 0 0 0 0 0 0 0 0 0 0 0
1287 21 2 2 0 0 0 0 0 0 0 0 0 0
1288 21 0 0 0 0 0 0 0 0 21 0 0 0
1291 21 0 0 21 4 3 0 0 0 0 0 0 0
1292 21 0 0 21 5 3 0 0 0 0 0 0 0
1293 21 0 0 0 0 0 0 0 0 0 0 0 0
1295 21 0 0 0 0 0 0 0 0 0 0 0 0
1296 21 0 0 0 0 0 0 0 0 0 0 0 0
1297 21 0 0 0 0 0 0 0 0 0 0 0 0
1301 21 0 0 0 0 0 0 0 0 0 0 0 0
1302 21 0 0 0 0 0 0 0 0 0 0 0 0
1303 21 0 0 0 0 0 0 0 0 0 0 0 0
1304 21 0 0 0 0 0 0 0 0 0 0 0 0
1305 21 0 0 0 0 0 0 0 0 0 0 0 0
1306 21 2 2 0 0 0 0 0 0 21 10 0 0
1313 6 0 0 0 0 0 0 0 0 0 0 0 0
1314 6 0 0 0 0 0 0 0 0 0 0 0 0
1316 6 0 0 0 0 0 0 0 0 0 0 0 0
1317 6 0 0 0 0 0 0 0 0 6 0 0 0
1319 6 0 0 6 0 0 0 0 0 0 0 0 0
1320 6 0 0 6 2 0 0 0 0 0 0 0 0
1321 6 0 0 0 0 0 0 0 0 0 0 0 0
1323 6 0 0 0 0 0 0 0 0 0 0 0 0
1324 6 0 0 0 0 0 0 0 0 0 0 0 0
1325 6 0 0 0 0 0 0 0 0 0 0 0 0
1329 6 0 0 0 0 0 0 0 0 0 0 0 0
1330 6 0 0 0 0 0 0 0 0 0 0 0 0
1331 6 0 0 0 0 0 0 0 0 0 0 0 0
1332 6 0 0 0 0 0 0 0 0 0 0 0 0
1333 6 1 1 0 0 0 0 0 0 0 0 0 0
1334 6 0 0 0 0 0 0 0 0 6 3 0 0
1341 2 0 0 0 0 0 0 0 0 0 0 0 0
1342 2 0 0 0 0 0 0 0 0 0 0 0 0
1343 2 0 0 0 0 0 0 0 0 0 0 0 0
1375 19 1 1 0 0 0 0 0 0 0 0 0 0
1376 19 0 0 19 5 2 0 0 0 0 0 0 0
1377 19 0 0 19 7 2 0 0 0 0 0 0 0
1378 19 0 0 0 0 0 0 0 0 0 0 0 0
1379 19 0 0 0 0 0 0 0 0 0 0 0 0
1381 19 0 0 0 0 0 0 0 0 0 0 0 0
1382 19 0 0 0 0 0 0 0 0 0 0 0 0
1383 19 1 1 0 0 0 0 0 0 0 0 0 0
1384 19 0 0 0 0 0 0 0 0 0 0 0 0
1385 19 0 0 0 0 0 0 0 0 0 0 0 0
1386 19 0 0 0 0 0 0 0 0 0 0 0 0
1387 19 0 0 0 0 0 0 0 0 19 3 0 0
1388 17 0 0 17 0 0 0 0 0 0 0 0 0
1392 17 0 0 0 0 0 0 0 0 0 0 0 0
1393 17 0 0 0 0 0 0 0 0 0 0 0 0
1394 17 0 0 0 0 0 0 0 0 0 0 0 0
1400 17 0 0 0 0 0 0 0 0 0 0 0 0
1401 17 0 0 0 0 0 0 0 0 0 0 0 0
1402 34 0 0 0 0 0 0 0 0 0 0 0 0
1406 18 1 1 0 0 0 0 0 0 0 0 0 0
1407 18 0 0 0 0 0 0 0 0 18 0 0 0
1410 18 0 0 18 6 3 0 0 0 0 0 0 0
1411 18 0 0 18 8 3 0 0 0 0 0 0 0
1412 18 0 0 0 0 0 0 0 0 0 0 0 0
1414 18 0 0 0 0 0 0 0 0 0 0 0 0
1415 18 0 0 0 0 0 0 0 0 0 0 0 0
1416 18 0 0 0 0 0 0 0 0 0 0 0 0
1420 18 0 0 0 0 0 0 0 0 0 0 0 0
1421 18 0 0 0 0 0 0 0 0 0 0 0 0
1422 18 0 0 0 0 0 0 0 0 0 0 0 0
1423 18 0 0 0 0 0 0 0 0 0 0 0 0
1424 18 0 0 0 0 0 0 0 0 0 0 0 0
1425 18 1 1 0 0 0 0 0 0 18 11 0 0
1432 5 0 0 0 0 0 0 0 0 0 0 0 0
1433 5 0 0 0 0 0 0 0 0 0 0 0 0
1435 5 0 0 0 0 0 0 0 0 0 0 0 0
1436 5 0 0 0 0 0 0 0 0 5 0 0 0
1438 5 0 0 5 0 0 0 0 0 0 0 0 0
1439 5 0 0 5 0 0 0 0 0 0 0 0 0
1440 5 0 0 0 0 0 0 0 0 0 0 0 0
1442 5 0 0 0 0 0 0 0 0 0 0 0 0
1443 5 0 0 0 0 0 0 0 0 0 0 0 0
1444 5 0 0 0 0 0 0 0 0 0 0 0 0
1448 5 0 0 0 0 0 0 0 0 0 0 0 0
1449 5 0 0 0 0 0 0 0 0 0 0 0 0
1450 5 0 0 0 0 0 0 0 0 0 0 0 0
1451 5 0 0 0 0 0 0 0 0 0 0 0 0
1452 5 1 1 0 0 0 0 0 0 0 0 0 0
1453 5 0 0 0 0 0 0 0 0 5 2 0 0
1460 1 0 0 0 0 0 0 0 0 0 0 0 0
1461 1 0 0 0 0 0 0 0 0 0 0 0 0
1462 1 0 0 0 0 0 0 0 0 0 0 0 0
1494 36 1 1 0 0 0 0 0 0 0 0 0 0
1495 36 0 0 36 6 5 0 0 0 0 0 0 0
1496 36 0 0 36 6 3 0 0 0 0 0 0 0
1497 36 0 0 0 0 0 0 0 0 0 0 0 0
1498 36 0 0 0 0 0 0 0 0 0 0 0 0
1500 36 0 0 0 0 0 0 0 0 0 0 0 0
1501 36 0 0 0 0 0 0 0 0 0 0 0 0
1502 36 1 1 0 0 0 0 0 0 0 0 0 0
1503 36 0 0 0 0 0 0 0 0 0 0 0 0
1504 36 0 0 0 0 0 0 0 0 0 0 0 0
1505 36 0 0 0 0 0 0 0 0 0 0 0 0
1506 36 0 0 0 0 0 0 0 0 36 8 0 0
1507 22 0 0 22 0 0 0 0 0 0 0 0 0
1511 22 0 0 0 0 0 0 0 0 0 0 0 0
1512 22 0 0 0 0 0 0 0 0 0 0 0 0
1513 22 0 0 0 0 0 0 0 0 0 0 0 0
1519 22 0 0 0 0 0 0 0 0 0 0 0 0
1520 22 0 0 0 0 0 0 0 0 0 0 0 0
1521 44 0 0 0 0 0 0 0 0 0 0 0 0
1525 25 1 1 0 0 0 0 0 0 0 0 0 0
1526 25 0 0 0 0 0 0 0 0 25 0 0 0
1529 25 0 0 25 8 5 0 0 0 0 0 0 0
1530 25 0 0 25 5 4 0 0 0 0 0 0 0
1531 25 0 0 0 0 0 0 0 0 0 0 0 0
1533 25 0 0 0 0 0 0 0 0 0 0 0 0
1534 25 0 0 0 0 0 0 0 0 0 0 0 0
1535 25 0 0 0 0 0 0 0 0 0 0 0 0
1539 25 0 0 0 0 0 0 0 0 0 0 0 0
1540 25 0 0 0 0 0 0 0 0 0 0 0 0
1541 25 0 0 0 0 0 0 0 0 0 0 0 0
1542 25 0 0 0 0 0 0 0 0 0 0 0 0
1543 25 0 0 0 0 0 0 0 0 0 0 0 0
1544 25 1 1 0 0 0 0 0 0 25 11 0 0
1551 8 0 0 0 0 0 0 0 0 0 0 0 0
1552 8 0 0 0 0 0 0 0 0 0 0 0 0
1554 8 0 0 0 0 0 0 0 0 0 0 0 0
1555 8 0 0 0 0 0 0 0 0 8 0 0 0
1557 8 0 0 8 1 0 0 0 0 0 0 0 0
1558 8 0 0 8 0 0 0 0 0 0 0 0 0
1559 8 0 0 0 0 0 0 0 0 0 0 0 0
1561 8 0 0 0 0 0 0 0 0 0 0 0 0
1562 8 0 0 0 0 0 0 0 0 0 0 0 0
1563 8 0 0 0 0 0 0 0 0 0 0 0 0
1567 8 0 0 0 0 0 0 0 0 0 0 0 0
1568 8 0 0 0 0 0 0 0 0 0 0 0 0
1569 8 0 0 0 0 0 0 0 0 0 0 0 0
1570 8 0 0 0 0 0 0 0 0 0 0 0 0
1571 8 1 1 0 0 0 0 0 0 0 0 0 0
1572 8 0 0 0 0 0 0 0 0 8 2 0 0
1579 3 0 0 0 0 0 0 0 0 0 0 0 0
1580 3 0 0 0 0 0 0 0 0 0 0 0 0
1581 3 0 0 0 0 0 0 0 0 0 0 0 0
1613 50 2 1 0 0 0 0 0 0 0 0 0 0
1614 50 0 0 50 7 4 0 0 0 0 0 0 0
1615 50 0 0 50 5 1 0 0 0 0 0 0 0
1616 50 0 0 0 0 0 0 0 0 0 0 0 0
1617 50 0 0 0 0 0 0 0 0 0 0 0 0
1619 50 0 0 0 0 0 0 0 0 0 0 0 0
1620 50 0 0 0 0 0 0 0 0 0 0 0 0
1621 50 1 1 0 0 0 0 0 0 0 0 0 0
1622 50 0 0 0 0 0 0 0 0 0 0 0 0
1623 50 0 0 0 0 0 0 0 0 0 0 0 0
1624 50 0 0 0 0 0 0 0 0 0 0 0 0
1625 50 0 0 0 0 0 0 0 0 50 15 0 0
1626 19 0 0 19 0 0 0 0 0 0 0 0 0
1630 19 0 0 0 0 0 0 0 0 0 0 0 0
1631 19 0 0 0 0 0 0 0 0 0 0 0 0
1632 19 0 0 0 0 0 0 0 0 0 0 0 0
1638 19 0 0 0 0 0 0 0 0 0 0 0 0
1639 19 0 0 0 0 0 0 0 0 0 0 0 0
1640 38 0 0 0 0 0 0 0 0 0 0 0 0
1644 24 2 1 0 0 0 0 0 0 0 0 0 0
1645 24 0 0 0 0 0 0 0 0 24 0 0 0
1648 24 0 0 24 6 2 0 0 0 0 0 0 0
1649 24 0 0 24 5 2 0 0 0 0 0 0 0
1650 24 0 0 0 0 0 0 0 0 0 0 0 0
1652 24 0 0 0 0 0 0 0 0 0 0 0 0
1653 24 0 0 0 0 0 0 0 0 0 0 0 0
1654 24 0 0 0 0 0 0 0 0 0 0 0 0
1658 24 0 0 0 0 0 0 0 0 0 0 0 0
1659 24 0 0 0 0 0 0 0 0 0 0 0 0
1660 24 0 0 0 0 0 0 0 0 0 0 0 0
1661 24 0 0 0 0 0 0 0 0 0 0 0 0
1662 24 0 0 0 0 0 0 0 0 0 0 0 0
1663 24 1 1 0 0 0 0 0 0 24 11 0 0
1670 10 0 0 0 0 0 0 0 0 0 0 0 0
1671 10 0 0 0 0 0 0 0 0 0 0 0 0
1673 10 0 0 0 0 0 0 0 0 0 0 0 0
1674 10 0 0 0 0 0 0 0 0 10 0 0 0
1676 10 0 0 10 0 0 0 0 0 0 0 0 0
1677 10 0 0 10 2 2 0 0 0 0 0 0 0
1678 10 0 0 0 0 0 0 0 0 0 0 0 0
1680 10 0 0 0 0 0 0 0 0 0 0 0 0
1681 10 0 0 0 0 0 0 0 0 0 0 0 0
1682 10 0 0 0 0 0 0 0 0 0 0 0 0
1686 10 0 0 0 0 0 0 0 0 0 0 0 0
1687 10 0 0 0 0 0 0 0 0 0 0 0 0
1688 10 0 0 0 0 0 0 0 0 0 0 0 0
1689 10 0 0 0 0 0 0 0 0 0 0 0 0
1690 10 1 1 0 0 0 0 0 0 0 0 0 0
1691 10 0 0 0 0 0 0 0 0 10 8 0 0
1698 5 0 0 0 0 0 0 0 0 0 0 0 0
1699 5 0 0 0 0 0 0 0 0 0 0 0 0
1700 5 0 0 0 0 0 0 0 0 0 0 0 0
1732 45 3 1 0 0 0 0 0 0 0 0 0 0
1733 45 0 0 45 4 1 0 0 0 0 0 0 0
1734 45 0 0 45 5 3 0 0 0 0 0 0 0
1735 45 0 0 0 0 0 0 0 0 0 0 0 0
1736 45 0 0 0 0 0 0 0 0 0 0 0 0
1738 45 0 0 0 0 0 0 0 0 0 0 0 0
1739 45 0 0 0 0 0 0 0 0 0 0 0 0
1740 45 2 1 0 0 0 0 0 0 0 0 0 0
1741 45 0 0 0 0 0 0 0 0 0 0 0 0
1742 45 0 0 0 0 0 0 0 0 0 0 0 0
1743 45 0 0 0 0 0 0 0 0 0 0 0 0
1744 45 0 0 0 0 0 0 0 0 45 15 0 0
1745 22 0 0 22 0 0 0 0 0 0 0 0 0
1749 22 0 0 0 0 0 0 0 0 0 0 0 0
1750 22 0 0 0 0 0 0 0 0 0 0 0 0
1751 22 0 0 0 0 0 0 0 0 0 0 0 0
1757 22 0 0 0 0 0 0 0 0 0 0 0 0
1758 22 0 0 0 0 0 0 0 0 0 0 0 0
1759 44 0 0 0 0 0 0 0 0 0 0 0 0
1763 25 2 1 0 0 0 0 0 0 0 0 0 0
1764 25 0 0 0 0 0 0 0 0 25 0 0 0
1767 25 0 0 25 1 1 0 0 0 0 0 0 0
1768 25 0 0 25 6 4 0 0 0 0 0 0 0
1769 25 0 0 0 0 0 0 0 0 0 0 0 0
1771 25 0 0 0 0 0 0 0 0 0 0 0 0
1772 25 0 0 0 0 0 0 0 0 0 0 0 0
1773 25 0 0 0 0 0 0 0 0 0 0 0 0
1777 25 0 0 0 0 0 0 0 0 0 0 0 0
1778 25 0 0 0 0 0 0 0 0 0 0 0 0
1779 25 0 0 0 0 0 0 0 0 0 0 0 0
1780 25 0 0 0 0 0 0 0 0 0 0 0 0
1781 25 0 0 0 0 0 0 0 0 0 0 0 0
1782 25 2 1 0 0 0 0 0 0 25 7 0 0
1789 9 0 0 0 0 0 0 0 0 0 0 0 0
1790 9 0 0 0 0 0 0 0 0 0 0 0 0
1792 9 0 0 0 0 0 0 0 0 0 0 0 0
1793 9 0 0 0 0 0 0 0 0 9 0 0 0
1795 9 0 0 9 0 0 0 0 0 0 0 0 0
1796 9 0 0 9 0 0 0 0 0 0 0 0 0
1797 9 0 0 0 0 0 0 0 0 0 0 0 0
1799 9 0 0 0 0 0 0 0 0 0 0 0 0
1800 9 0 0 0 0 0 0 0 0 0 0 0 0
1801 9 0 0 0 0 0 0 0 0 0 0 0 0
1805 9 0 0 0 0 0 0 0 0 0 0 0 0
1806 9 0 0 0 0 0 0 0 0 0 0 0 0
1807 9 0 0 0 0 0 0 0 0 0 0 0 0
1808 9 0 0 0 0 0 0 0 0 0 0 0 0
1809 9 1 1 0 0 0 0 0 0 0 0 0 0
1810 9 0 0 0 0 0 0 0 0 9 7 0 0
1817 3 0 0 0 0 0 0 0 0 0 0 0 0
1818 3 0 0 0 0 0 0 0 0 0 0 0 0
1819 3 0 0 0 0 0 0 0 0 0 0 0 0
1851 24 1 1 0 0 0 0 0 0 0 0 0 0
1852 24 0 0 24 2 0 0 0 0 0 0 0 0
1853 24 0 0 24 6 2 0 0 0 0 0 0 0
1854 24 0 0 0 0 0 0 0 0 0 0 0 0
1855 24 0 0 0 0 0 0 0 0 0 0 0 0
1857 24 0 0 0 0 0 0 0 0 0 0 0 0
1858 24 0 0 0 0 0 0 0 0 0 0 0 0
1859 24 2 1 0 0 0 0 0 0 0 0 0 0
1860 24 0 0 0 0 0 0 0 0 0 0 0 0
1861 24 0 0 0 0 0 0 0 0 0 0 0 0
1862 24 0 0 0 0 0 0 0 0 0 0 0 0
1863 24 0 0 0 0 0 0 0 0 24 11 0 0
1864 16 0 0 16 0 0 0 0 0 0 0 0 0
1868 16 0 0 0 0 0 0 0 0 0 0 0 0
1869 16 0 0 0 0 0 0 0 0 0 0 0 0
1870 16 0 0 0 0 0 0 0 0 0 0 0 0
1876 16 0 0 0 0 0 0 0 0 0 0 0 0
1877 16 0 0 0 0 0 0 0 0 0 0 0 0
1878 32 0 0 0 0 0 0 0 0 0 0 0 0
1882 17 2 1 0 0 0 0 0 0 0 0 0 0
1883 17 0 0 0 0 0 0 0 0 17 0 0 0
1886 17 0 0 17 5 5 0 0 0 0 0 0 0
1887 17 0 0 17 2 1 0 0 0 0 0 0 0
1888 17 0 0 0 0 0 0 0 0 0 0 0 0
1890 17 0 0 0 0 0 0 0 0 0 0 0 0
1891 17 0 0 0 0 0 0 0 0 0 0 0 0
1892 17 0 0 0 0 0 0 0 0 0 0 0 0
1896 17 0 0 0 0 0 0 0 0 0 0 0 0
1897 17 0 0 0 0 0 0 0 0 0 0 0 0
1898 17 0 0 0 0 0 0 0 0 0 0 0 0
1899 17 0 0 0 0 0 0 0 0 0 0 0 0
1900 17 0 0 0 0 0 0 0 0 0 0 0 0
1901 17 2 1 0 0 0 0 0 0 17 10 0 0
1908 5 0 0 0 0 0 0 0 0 0 0 0 0
1909 5 0 0 0 0 0 0 0 0 0 0 0 0
1911 5 0 0 0 0 0 0 0 0 0 0 0 0
1912 5 0 0 0 0 0 0 0 0 5 0 0 0
1914 5 0 0 5 1 1 0 0 0 0 0 0 0
1915 5 0 0 5 0 0 0 0 0 0 0 0 0
1916 5 0 0 0 0 0 0 0 0 0 0 0 0
1918 5 0 0 0 0 0 0 0 0 0 0 0 0
1919 5 0 0 0 0 0 0 0 0 0 0 0 0
1920 5 0 0 0 0 0 0 0 0 0 0 0 0
1924 5 0 0 0 0 0 0 0 0 0 0 0 0
1925 5 0 0 0 0 0 0 0 0 0 0 0 0
1926 5 0 0 0 0 0 0 0 0 0 0 0 0
1927 5 0 0 0 0 0 0 0 0 0 0 0 0
1928 5 1 1 0 0 0 0 0 0 0 0 0 0
1929 5 0 0 0 0 0 0 0 0 5 3 0 0
1936 1 0 0 0 0 0 0 0 0 0 0 0 0
1937 1 0 0 0 0 0 0 0 0 0 0 0 0
1938 1 0 0 0 0 0 0 0 0 0 0 0 0
1970 28 2 1 0 0 0 0 0 0 0 0 0 0
1971 28 0 0 28 2 1 0 0 0 0 0 0 0
1972 28 0 0 28 6 4 0 0 0 0 0 0 0
1973 28 0 0 0 0 0 0 0 0 0 0 0 0
1974 28 0 0 0 0 0 0 0 0 0 0 0 0
1976 28 0 0 0 0 0 0 0 0 0 0 0 0
1977 28 0 0 0 0 0 0 0 0 0 0 0 0
1978 28 1 1 0 0 0 0 0 0 0 0 0 0
1979 28 0 0 0 0 0 0 0 0 0 0 0 0
1980 28 0 0 0 0 0 0 0 0 0 0 0 0
1981 28 0 0 0 0 0 0 0 0 0 0 0 0
1982 28 0 0 0 0 0 0 0 0 28 8 0 0
1984 10 0 0 10 0 0 0 0 0 0 0 0 0
1988 10 0 0 0 0 0 0 0 0 0 0 0 0
1989 10 0 0 0 0 0 0 0 0 0 0 0 0
1990 10 0 0 0 0 0 0 0 0 0 0 0 0
1996 10 0 0 0 0 0 0 0 0 0 0 0 0
1997 10 0 0 0 0 0 0 0 0 0 0 0 0
1999 20 0 0 0 0 0 0 0 0 0 0 0 0
2003 10 1 1 0 0 0 0 0 0 0 0 0 0
2004 10 0 0 0 0 0 0 0 0 10 0 0 0
2007 10 0 0 10 0 0 0 0 0 0 0 0 0
2008 10 0 0 10 4 3 0 0 0 0 0 0 0
2009 10 0 0 0 0 0 0 0 0 0 0 0 0
2011 10 0 0 0 0 0 0 0 0 0 0 0 0
2012 10 0 0 0 0 0 0 0 0 0 0 0 0
2013 10 0 0 0 0 0 0 0 0 0 0 0 0
2017 10 0 0 0 0 0 0 0 0 0 0 0 0
2018 10 0 0 0 0 0 0 0 0 0 0 0 0
2019 10 0 0 0 0 0 0 0 0 0 0 0 0
2020 10 0 0 0 0 0 0 0 0 0 0 0 0
2021 10 0 0 0 0 0 0 0 0 0 0 0 0
2022 10 1 1 0 0 0 0 0 0 10 7 0 0
2029 3 0 0 0 0 0 0 0 0 0 0 0 0
2030 3 0 0 0 0 0 0 0 0 0 0 0 0
2032 3 0 0 0 0 0 0 0 0 0 0 0 0
2033 3 0 0 0 0 0 0 0 0 3 0 0 0
2035 3 0 0 3 1 1 0 0 0 0 0 0 0
2036 3 0 0 3 0 0 0 0 0 0 0 0 0
2037 3 0 0 0 0 0 0 0 0 0 0 0 0
2039 3 0 0 0 0 0 0 0 0 0 0 0 0
2040 3 0 0 0 0 0 0 0 0 0 0 0 0
2041 3 0 0 0 0 0 0 0 0 0 0 0 0
2045 3 0 0 0 0 0 0 0 0 0 0 0 0
2046 3 0 0 0 0 0 0 0 0 0 0 0 0
2047 3 0 0 0 0 0 0 0 0 0 0 0 0
2048 3 0 0 0 0 0 0 0 0 0 0 0 0
2049 3 1 1 0 0 0 0 0 0 0 0 0 0
2050 3 0 0 0 0 0 0 0 0 3 1 0 0
2093 258 2 1 0 0 0 0 0 0 0 0 0 0
2095 395 1 1 0 0 0 0 0 0 0 0 0 0
2096 395 0 0 0 0 0 0 0 0 0 0 0 0
2097 395 0 0 0 0 0 0 0 0 0 0 0 0
2098 395 0 0 0 0 0 0 0 0 395 70 0 0
2099 340 0 0 0 0 0 0 0 0 0 0 0 0
2104 2614 2 2 0 0 0 0 0 0 0 0 0 0
2110 2614 0 0 2614 0 0 0 0 0 0 0 0 0
2111 2614 0 0 2614 0 0 0 0 0 0 0 0 0
2119 2614 0 0 0 0 0 0 0 0 0 0 0 0
2120 2614 0 0 2614 0 0 0 0 0 0 0 0 0
fn=strncmp
98 1 0 0 0 0 0 0 0 0 0 0 0 0
125 1 0 0 0 0 0 0 0 0 0 0 0 0
126 1 0 0 0 0 0 0 0 0 1 0 0 0
127 1 0 0 0 0 0 0 0 0 0 0 0 0
128 1 0 0 0 0 0 0 0 0 1 0 0 0
129 1 0 0 0 0 0 0 0 0 0 0 0 0
131 1 0 0 0 0 0 0 0 0 0 0 0 0
132 1 0 0 0 0 0 0 0 0 0 0 0 0
134 1 1 1 0 0 0 0 0 0 0 0 0 0
135 1 0 0 0 0 0 0 0 0 0 0 0 0
156 1 0 0 0 0 0 0 0 0 0 0 0 0
157 1 0 0 0 0 0 0 0 0 0 0 0 0
158 1 0 0 0 0 0 0 0 0 0 0 0 0
159 1 0 0 0 0 0 0 0 0 1 0 0 0
160 1 0 0 1 0 0 0 0 0 0 0 0 0
161 1 0 0 1 0 0 0 0 0 0 0 0 0
162 1 0 0 1 0 0 0 0 0 0 0 0 0
163 1 0 0 1 0 0 0 0 0 0 0 0 0
180 1 0 0 0 0 0 0 0 0 0 0 0 0
181 1 0 0 0 0 0 0 0 0 0 0 0 0
182 1 0 0 0 0 0 0 0 0 0 0 0 0
183 1 0 0 0 0 0 0 0 0 0 0 0 0
184 1 0 0 0 0 0 0 0 0 0 0 0 0
185 1 0 0 0 0 0 0 0 0 0 0 0 0
186 1 1 1 0 0 0 0 0 0 1 1 0 0
2104 1 1 1 0 0 0 0 0 0 0 0 0 0
2107 1 0 0 0 0 0 0 0 0 0 0 0 0
2108 1 0 0 0 0 0 0 0 0 1 0 0 0
2110 1 0 0 1 0 0 0 0 0 0 0 0 0
2111 1 0 0 1 0 0 0 0 0 0 0 0 0
2119 1 0 0 0 0 0 0 0 0 0 0 0 0
2120 1 0 0 1 0 0 0 0 0 0 0 0 0
fl=./string/../sysdeps/x86_64/multiarch/../multiarch/strlen-sse2.S
fn=strlen
57 46 1 1 0 0 0 0 0 0 0 0 0 0
101 46 0 0 0 0 0 0 0 0 0 0 0 0
102 46 0 0 0 0 0 0 0 0 0 0 0 0
103 46 0 0 0 0 0 0 0 0 0 0 0 0
104 46 0 0 0 0 0 0 0 0 0 0 0 0
105 46 0 0 0 0 0 0 0 0 0 0 0 0
106 46 0 0 0 0 0 0 0 0 0 0 0 0
107 46 0 0 0 0 0 0 0 0 0 0 0 0
109 46 0 0 0 0 0 0 0 0 0 0 0 0
111 46 0 0 0 0 0 0 0 0 46 1 0 0
142 45 0 0 45 5 5 0 0 0 0 0 0 0
143 45 0 0 0 0 0 0 0 0 0 0 0 0
144 45 0 0 0 0 0 0 0 0 0 0 0 0
145 45 0 0 0 0 0 0 0 0 0 0 0 0
146 45 0 0 0 0 0 0 0 0 45 14 0 0
147 14 0 0 0 0 0 0 0 0 0 0 0 0
149 14 0 0 14 0 0 0 0 0 0 0 0 0
153 31 1 1 0 0 0 0 0 0 0 0 0 0
154 31 0 0 31 0 0 0 0 0 0 0 0 0
155 31 0 0 31 0 0 0 0 0 0 0 0 0
156 31 0 0 31 1 1 0 0 0 0 0 0 0
157 31 0 0 0 0 0 0 0 0 0 0 0 0
158 31 0 0 0 0 0 0 0 0 0 0 0 0
159 31 0 0 0 0 0 0 0 0 0 0 0 0
160 31 0 0 0 0 0 0 0 0 0 0 0 0
161 31 0 0 0 0 0 0 0 0 0 0 0 0
162 31 0 0 0 0 0 0 0 0 0 0 0 0
163 31 0 0 0 0 0 0 0 0 0 0 0 0
164 31 0 0 0 0 0 0 0 0 0 0 0 0
169 246 1 1 30 0 0 0 0 0 31 1 0 0
173 1 0 0 0 0 0 0 0 0 0 0 0 0
174 14 1 1 4 0 0 0 0 0 0 0 0 0
175 8 0 0 1 0 0 0 0 0 1 0 0 0
243 2 1 1 2 1 1 0 0 0 0 0 0 0
244 2 0 0 2 0 0 0 0 0 0 0 0 0
245 2 0 0 2 0 0 0 0 0 0 0 0 0
246 2 0 0 2 0 0 0 0 0 0 0 0 0
247 2 0 0 0 0 0 0 0 0 0 0 0 0
248 2 0 0 0 0 0 0 0 0 0 0 0 0
249 2 0 0 0 0 0 0 0 0 0 0 0 0
250 2 0 0 0 0 0 0 0 0 2 1 0 0
252 1 0 0 0 0 0 0 0 0 0 0 0 0
254 1 0 0 1 1 1 0 0 0 0 0 0 0
255 1 0 0 1 0 0 0 0 0 0 0 0 0
256 1 0 0 1 0 0 0 0 0 0 0 0 0
257 1 0 0 1 0 0 0 0 0 0 0 0 0
258 1 0 0 0 0 0 0 0 0 0 0 0 0
259 1 0 0 0 0 0 0 0 0 0 0 0 0
260 1 1 1 0 0 0 0 0 0 0 0 0 0
261 1 0 0 0 0 0 0 0 0 1 0 0 0
262 1 0 0 0 0 0 0 0 0 0 0 0 0
266 1 0 0 0 0 0 0 0 0 0 0 0 0
268 1 0 0 0 0 0 0 0 0 0 0 0 0
269 14 1 1 4 0 0 0 0 0 0 0 0 0
271 1 0 0 0 0 0 0 0 0 0 0 0 0
272 1 0 0 0 0 0 0 0 0 0 0 0 0
273 1 0 0 0 0 0 0 0 0 0 0 0 0
275 1 0 0 1 0 0 0 0 0 0 0 0 0
fl=./string/../sysdeps/x86_64/multiarch/ifunc-avx2.h
fn=memrchr
38 4 0 0 0 0 0 0 0 0 1 1 0 0
40 3 0 0 2 0 0 0 0 0 0 0 0 0
41 2 0 0 1 0 0 0 0 0 1 1 0 0
42 3 1 1 1 0 0 0 0 0 1 0 0 0
45 2 0 0 0 0 0 0 0 0 0 0 0 0
46 2 0 0 0 0 0 0 0 0 1 1 0 0
49 3 0 0 0 0 0 0 0 0 1 0 0 0
52 6 0 0 0 0 0 0 0 0 0 0 0 0
fn=rindex
38 4 0 0 0 0 0 0 0 0 1 1 0 0
40 3 0 0 2 0 0 0 0 0 0 0 0 0
41 2 1 1 1 0 0 0 0 0 1 0 0 0
42 3 0 0 1 0 0 0 0 0 1 0 0 0
45 2 0 0 0 0 0 0 0 0 0 0 0 0
46 2 0 0 0 0 0 0 0 0 1 1 0 0
49 3 0 0 0 0 0 0 0 0 1 0 0 0
52 6 1 1 0 0 0 0 0 0 0 0 0 0
fn=strchrnul
38 4 0 0 0 0 0 0 0 0 1 1 0 0
40 3 0 0 2 0 0 0 0 0 0 0 0 0
41 2 1 1 1 0 0 0 0 0 1 0 0 0
42 3 0 0 1 0 0 0 0 0 1 0 0 0
45 2 0 0 0 0 0 0 0 0 0 0 0 0
46 2 0 0 0 0 0 0 0 0 1 0 0 0
49 3 0 0 0 0 0 0 0 0 1 0 0 0
52 6 0 0 0 0 0 0 0 0 0 0 0 0
fn=strlen
38 8 0 0 0 0 0 0 0 0 2 2 0 0
40 6 0 0 4 2 0 0 0 0 0 0 0 0
41 4 0 0 2 0 0 0 0 0 2 0 0 0
42 6 1 1 2 1 0 0 0 0 2 0 0 0
45 4 0 0 0 0 0 0 0 0 0 0 0 0
46 4 0 0 0 0 0 0 0 0 2 2 0 0
49 6 0 0 0 0 0 0 0 0 2 0 0 0
52 12 0 0 0 0 0 0 0 0 0 0 0 0
fn=strnlen
38 8 0 0 0 0 0 0 0 0 2 2 0 0
40 6 0 0 4 0 0 0 0 0 0 0 0 0
41 4 1 1 2 0 0 0 0 0 2 0 0 0
42 6 0 0 2 0 0 0 0 0 2 0 0 0
45 4 0 0 0 0 0 0 0 0 0 0 0 0
46 4 0 0 0 0 0 0 0 0 2 2 0 0
49 6 0 0 0 0 0 0 0 0 2 0 0 0
52 12 1 1 0 0 0 0 0 0 0 0 0 0
fl=./string/../sysdeps/x86_64/multiarch/ifunc-evex.h
fn=memchr
37 12 0 0 0 0 0 0 0 0 3 3 0 0
38 9 2 1 6 0 0 0 0 0 0 0 0 0
39 9 0 0 3 0 0 0 0 0 3 0 0 0
42 6 0 0 0 0 0 0 0 0 0 0 0 0
43 6 0 0 0 0 0 0 0 0 3 2 0 0
45 6 0 0 0 0 0 0 0 0 0 0 0 0
51 9 0 0 0 0 0 0 0 0 3 1 0 0
54 12 0 0 0 0 0 0 0 0 0 0 0 0
fl=./string/../sysdeps/x86_64/multiarch/ifunc-memcmp.h
fn=bcmp
34 10 2 1 4 1 0 0 0 0 2 0 0 0
35 4 0 0 2 1 0 0 0 0 2 0 0 0
36 4 0 0 0 0 0 0 0 0 2 0 0 0
37 6 0 0 2 0 0 0 0 0 2 0 0 0
40 4 0 0 0 0 0 0 0 0 0 0 0 0
41 4 0 0 0 0 0 0 0 0 2 2 0 0
44 6 0 0 0 0 0 0 0 0 2 0 0 0
47 8 0 0 0 0 0 0 0 0 0 0 0 0
fl=./string/../sysdeps/x86_64/multiarch/ifunc-memmove.h
fn=memcpy@@GLIBC_2.14
56 6 0 0 0 0 0 0 0 0 3 0 0 0
57 9 0 0 6 0 0 0 0 0 0 0 0 0
60 9 2 1 3 0 0 0 0 0 0 0 0 0
61 6 2 1 0 0 0 0 0 0 3 2 0 0
74 6 0 0 0 0 0 0 0 0 3 0 0 0
77 6 0 0 0 0 0 0 0 0 3 0 0 0
85 6 0 0 0 0 0 0 0 0 3 3 0 0
93 6 0 0 0 0 0 0 0 0 3 3 0 0
96 15 2 1 3 0 0 0 0 0 0 0 0 0
fn=memmove
56 4 0 0 0 0 0 0 0 0 2 0 0 0
57 6 0 0 4 0 0 0 0 0 0 0 0 0
60 6 0 0 2 0 0 0 0 0 0 0 0 0
61 4 1 1 0 0 0 0 0 0 2 2 0 0
74 4 0 0 0 0 0 0 0 0 2 0 0 0
77 4 0 0 0 0 0 0 0 0 2 0 0 0
85 4 0 0 0 0 0 0 0 0 2 2 0 0
93 4 1 1 0 0 0 0 0 0 2 2 0 0
96 10 2 2 2 0 0 0 0 0 0 0 0 0
fn=mempcpy
56 2 0 0 0 0 0 0 0 0 1 0 0 0
57 3 0 0 2 0 0 0 0 0 0 0 0 0
60 3 1 1 1 0 0 0 0 0 0 0 0 0
61 2 1 1 0 0 0 0 0 0 1 1 0 0
74 2 0 0 0 0 0 0 0 0 1 0 0 0
77 2 0 0 0 0 0 0 0 0 1 0 0 0
85 2 0 0 0 0 0 0 0 0 1 1 0 0
93 2 0 0 0 0 0 0 0 0 1 1 0 0
96 5 1 1 1 0 0 0 0 0 0 0 0 0
fl=./string/../sysdeps/x86_64/multiarch/ifunc-memset.h
fn=memset
54 10 0 0 4 0 0 0 0 0 2 0 0 0
57 6 0 0 2 0 0 0 0 0 0 0 0 0
58 4 1 1 0 0 0 0 0 0 2 2 0 0
64 4 1 1 0 0 0 0 0 0 0 0 0 0
73 4 0 0 0 0 0 0 0 0 2 0 0 0
75 4 0 0 0 0 0 0 0 0 2 0 0 0
85 4 0 0 0 0 0 0 0 0 2 0 0 0
93 4 0 0 0 0 0 0 0 0 2 0 0 0
96 10 0 0 2 0 0 0 0 0 0 0 0 0
fl=./string/../sysdeps/x86_64/multiarch/ifunc-sse4_2.h
fn=strcspn
36 5 0 0 2 0 0 0 0 0 0 0 0 0
fn=strpbrk
36 5 1 1 2 1 0 0 0 0 0 0 0 0
fn=strspn
36 5 1 1 2 0 0 0 0 0 0 0 0 0
fl=./string/../sysdeps/x86_64/multiarch/ifunc-strcasecmp.h
fn=strcasecmp
36 4 0 0 0 0 0 0 0 0 1 1 0 0
37 2 0 0 2 0 0 0 0 0 0 0 0 0
38 3 1 1 1 0 0 0 0 0 1 0 0 0
41 2 0 0 0 0 0 0 0 0 0 0 0 0
42 2 0 0 0 0 0 0 0 0 1 1 0 0
45 3 0 0 0 0 0 0 0 0 1 0 0 0
48 5 1 1 0 0 0 0 0 0 1 0 0 0
fn=strcasecmp_l
36 4 0 0 0 0 0 0 0 0 1 1 0 0
37 2 1 1 2 0 0 0 0 0 0 0 0 0
38 3 1 1 1 0 0 0 0 0 1 0 0 0
41 2 0 0 0 0 0 0 0 0 0 0 0 0
42 2 0 0 0 0 0 0 0 0 1 1 0 0
45 3 0 0 0 0 0 0 0 0 1 0 0 0
48 5 0 0 0 0 0 0 0 0 1 0 0 0
fn=strncasecmp
36 4 0 0 0 0 0 0 0 0 1 1 0 0
37 2 0 0 2 0 0 0 0 0 0 0 0 0
38 3 1 1 1 0 0 0 0 0 1 0 0 0
41 2 0 0 0 0 0 0 0 0 0 0 0 0
42 2 0 0 0 0 0 0 0 0 1 1 0 0
45 3 0 0 0 0 0 0 0 0 1 0 0 0
48 5 0 0 0 0 0 0 0 0 1 0 0 0
fn=strncasecmp_l
36 4 0 0 0 0 0 0 0 0 1 1 0 0
37 2 1 1 2 0 0 0 0 0 0 0 0 0
38 3 1 1 1 0 0 0 0 0 1 0 0 0
41 2 0 0 0 0 0 0 0 0 0 0 0 0
42 2 0 0 0 0 0 0 0 0 1 1 0 0
45 3 0 0 0 0 0 0 0 0 1 0 0 0
48 5 0 0 0 0 0 0 0 0 1 0 0 0
fl=./string/../sysdeps/x86_64/multiarch/ifunc-strcpy.h
fn=stpcpy
38 4 0 0 2 0 0 0 0 0 0 0 0 0
39 3 0 0 1 0 0 0 0 0 1 0 0 0
42 2 0 0 0 0 0 0 0 0 0 0 0 0
43 2 0 0 0 0 0 0 0 0 1 1 0 0
46 3 0 0 0 0 0 0 0 0 1 0 0 0
49 3 0 0 0 0 0 0 0 0 1 1 0 0
fn=strcat
38 4 0 0 2 0 0 0 0 0 0 0 0 0
39 3 1 1 1 0 0 0 0 0 1 0 0 0
42 2 0 0 0 0 0 0 0 0 0 0 0 0
43 2 0 0 0 0 0 0 0 0 1 1 0 0
46 3 0 0 0 0 0 0 0 0 1 0 0 0
49 3 0 0 0 0 0 0 0 0 1 1 0 0
fn=strcpy
38 4 0 0 2 0 0 0 0 0 0 0 0 0
39 3 1 1 1 0 0 0 0 0 1 0 0 0
42 2 0 0 0 0 0 0 0 0 0 0 0 0
43 2 0 0 0 0 0 0 0 0 1 1 0 0
46 3 0 0 0 0 0 0 0 0 1 0 0 0
49 3 0 0 0 0 0 0 0 0 1 1 0 0
fl=./string/../sysdeps/x86_64/multiarch/ifunc-strncpy.h
fn=stpncpy
35 5 1 1 2 0 0 0 0 0 1 0 0 0
36 3 0 0 1 0 0 0 0 0 1 0 0 0
39 2 0 0 0 0 0 0 0 0 0 0 0 0
40 2 0 0 0 0 0 0 0 0 1 1 0 0
43 3 0 0 0 0 0 0 0 0 1 0 0 0
46 4 0 0 0 0 0 0 0 0 0 0 0 0
fn=strncpy
35 5 0 0 2 0 0 0 0 0 1 0 0 0
36 3 0 0 1 0 0 0 0 0 1 1 0 0
39 2 0 0 0 0 0 0 0 0 0 0 0 0
40 2 0 0 0 0 0 0 0 0 1 1 0 0
43 3 0 0 0 0 0 0 0 0 1 0 0 0
46 4 0 0 0 0 0 0 0 0 0 0 0 0
fl=./string/../sysdeps/x86_64/multiarch/memchr-avx2.S
fn=__memchr_avx2
61 60 1 1 0 0 0 0 0 0 0 0 0 0
68 60 0 0 0 0 0 0 0 0 0 0 0 0
70 60 0 0 0 0 0 0 0 0 60 4 0 0
73 60 0 0 0 0 0 0 0 0 0 0 0 0
74 60 0 0 0 0 0 0 0 0 0 0 0 0
76 60 0 0 0 0 0 0 0 0 0 0 0 0
77 60 0 0 0 0 0 0 0 0 0 0 0 0
78 60 0 0 0 0 0 0 0 0 0 0 0 0
79 60 0 0 0 0 0 0 0 0 60 0 0 0
82 60 0 0 60 9 8 0 0 0 0 0 0 0
83 60 0 0 0 0 0 0 0 0 0 0 0 0
86 60 0 0 0 0 0 0 0 0 0 0 0 0
87 60 0 0 0 0 0 0 0 0 60 23 0 0
101 60 1 1 0 0 0 0 0 0 0 0 0 0
106 60 0 0 0 0 0 0 0 0 0 0 0 0
113 60 0 0 0 0 0 0 0 0 0 0 0 0
114 60 0 0 0 0 0 0 0 0 60 9 0 0
115 36 0 0 0 0 0 0 0 0 0 0 0 0
116 36 0 0 36 0 0 0 0 0 0 0 0 0
128 24 0 0 0 0 0 0 0 0 0 0 0 0
129 24 0 0 24 0 0 0 0 0 0 0 0 0
fl=./string/../sysdeps/x86_64/multiarch/memchr.c
fn=memchr
29 6 2 1 3 0 0 0 0 0 0 0 0 0
fl=./string/../sysdeps/x86_64/multiarch/memcmp-avx2-movbe.S
fn=__memcmp_avx2_movbe
73 50 2 1 0 0 0 0 0 0 0 0 0 0
80 50 0 0 0 0 0 0 0 0 0 0 0 0
81 50 0 0 0 0 0 0 0 0 50 9 0 0
84 1 0 0 1 0 0 0 0 0 0 0 0 0
85 1 0 0 1 0 0 0 0 0 0 0 0 0
86 1 0 0 0 0 0 0 0 0 0 0 0 0
90 1 0 0 0 0 0 0 0 0 0 0 0 0
91 1 1 1 0 0 0 0 0 0 1 1 0 0
93 1 0 0 0 0 0 0 0 0 0 0 0 0
94 1 0 0 0 0 0 0 0 0 1 0 0 0
97 1 0 0 1 0 0 0 0 0 0 0 0 0
98 1 0 0 1 0 0 0 0 0 0 0 0 0
99 1 0 0 0 0 0 0 0 0 0 0 0 0
102 1 0 0 0 0 0 0 0 0 0 0 0 0
103 1 0 0 0 0 0 0 0 0 1 1 0 0
106 1 0 0 0 0 0 0 0 0 0 0 0 0
107 1 0 0 0 0 0 0 0 0 1 0 0 0
110 1 0 0 1 0 0 0 0 0 0 0 0 0
111 1 0 0 1 0 0 0 0 0 0 0 0 0
112 1 0 0 0 0 0 0 0 0 0 0 0 0
113 1 0 0 0 0 0 0 0 0 0 0 0 0
114 1 1 1 0 0 0 0 0 0 1 0 0 0
115 1 0 0 1 0 0 0 0 0 0 0 0 0
116 1 0 0 1 0 0 0 0 0 0 0 0 0
117 1 0 0 0 0 0 0 0 0 0 0 0 0
118 1 0 0 0 0 0 0 0 0 0 0 0 0
119 1 0 0 0 0 0 0 0 0 1 0 0 0
122 1 0 0 0 0 0 0 0 0 0 0 0 0
123 1 0 0 0 0 0 0 0 0 1 0 0 0
129 1 0 0 1 0 0 0 0 0 0 0 0 0
130 1 0 0 1 0 0 0 0 0 0 0 0 0
131 1 0 0 0 0 0 0 0 0 0 0 0 0
132 1 0 0 0 0 0 0 0 0 0 0 0 0
136 1 1 1 1 0 0 0 0 0 0 0 0 0
137 1 0 0 1 0 0 0 0 0 0 0 0 0
139 1 0 0 1 0 0 0 0 0 0 0 0 0
140 1 0 0 1 0 0 0 0 0 0 0 0 0
141 1 0 0 1 0 0 0 0 0 0 0 0 0
142 1 0 0 1 0 0 0 0 0 0 0 0 0
145 1 0 0 0 0 0 0 0 0 0 0 0 0
146 1 0 0 0 0 0 0 0 0 0 0 0 0
147 1 0 0 0 0 0 0 0 0 0 0 0 0
148 1 0 0 0 0 0 0 0 0 0 0 0 0
149 1 0 0 0 0 0 0 0 0 0 0 0 0
150 1 0 0 0 0 0 0 0 0 1 0 0 0
152 2 0 0 1 0 0 0 0 0 0 0 0 0
156 39 1 1 0 0 0 0 0 0 0 0 0 0
166 39 0 0 39 0 0 0 0 0 0 0 0 0
167 39 0 0 39 0 0 0 0 0 0 0 0 0
168 39 0 0 0 0 0 0 0 0 0 0 0 0
171 78 0 0 39 0 0 0 0 0 0 0 0 0
401 49 1 1 0 0 0 0 0 0 0 0 0 0
402 49 0 0 0 0 0 0 0 0 49 2 0 0
407 49 0 0 0 0 0 0 0 0 0 0 0 0
408 49 0 0 0 0 0 0 0 0 0 0 0 0
409 49 0 0 0 0 0 0 0 0 0 0 0 0
410 49 0 0 0 0 0 0 0 0 0 0 0 0
411 49 0 0 0 0 0 0 0 0 49 0 0 0
414 49 0 0 49 0 0 0 0 0 0 0 0 0
415 49 0 0 49 0 0 0 0 0 0 0 0 0
416 49 0 0 0 0 0 0 0 0 0 0 0 0
417 49 0 0 0 0 0 0 0 0 0 0 0 0
420 49 0 0 0 0 0 0 0 0 0 0 0 0
421 49 0 0 0 0 0 0 0 0 49 13 0 0
422 10 0 0 0 0 0 0 0 0 0 0 0 0
423 20 0 0 10 0 0 0 0 0 0 0 0 0
fl=./string/../sysdeps/x86_64/multiarch/memcmp.c
fn=bcmp
29 8 4 2 2 0 0 0 0 0 0 0 0 0
fl=./string/../sysdeps/x86_64/multiarch/memcmpeq.c
fn=memcpy@@GLIBC_2.14
29 3 2 1 0 0 0 0 0 0 0 0 0 0
fl=./string/../sysdeps/x86_64/multiarch/memmove-vec-unaligned-erms.S
fn=???
251 16015572 0 0 0 0 0 0 0 0 0 0 0 0
fn=__memcpy_avx_unaligned_erms
255 4082074 1 1 0 0 0 0 0 0 0 0 0 0
256 4082074 0 0 0 0 0 0 0 0 0 0 0 0
262 4082087 0 0 0 0 0 0 0 0 0 0 0 0
263 4082087 0 0 0 0 0 0 0 0 4082087 7174 0 0
265 68553 0 0 68553 40992 607 0 0 0 0 0 0 0
266 68553 0 0 0 0 0 0 0 0 0 0 0 0
267 68553 0 0 0 0 0 0 0 0 68553 7146 0 0
270 17327 0 0 17327 4938 1 0 0 0 0 0 0 0
271 17327 0 0 0 0 0 17327 1623 25 0 0 0 0
272 17327 0 0 0 0 0 17327 1740 32 0 0 0 0
275 34654 0 0 17327 0 0 0 0 0 0 0 0 0
305 4013534 0 0 0 0 0 0 0 0 0 0 0 0
306 4013534 0 0 0 0 0 0 0 0 4013534 805 0 0
308 4006768 0 0 0 0 0 0 0 0 0 0 0 0
309 4006768 0 0 0 0 0 0 0 0 4006768 110 0 0
311 2140 0 0 0 0 0 0 0 0 0 0 0 0
315 2140 0 0 0 0 0 0 0 0 2140 154 0 0
316 139 1 1 0 0 0 0 0 0 0 0 0 0
317 139 0 0 0 0 0 0 0 0 139 1 0 0
318 139 0 0 139 0 0 0 0 0 0 0 0 0
319 139 0 0 0 0 0 0 0 0 139 5 0 0
320 124 0 0 124 0 0 0 0 0 0 0 0 0
321 124 0 0 0 0 0 124 3 0 0 0 0 0
323 139 0 0 0 0 0 139 0 0 0 0 0 0
325 139 0 0 139 0 0 0 0 0 0 0 0 0
331 2001 0 0 2001 0 0 0 0 0 0 0 0 0
332 2001 0 0 2001 0 0 0 0 0 0 0 0 0
333 2001 0 0 0 0 0 2001 84 0 0 0 0 0
334 2001 0 0 0 0 0 2001 0 0 0 0 0 0
335 2001 0 0 2001 0 0 0 0 0 0 0 0 0
342 6766 0 0 6766 3206 3 0 0 0 0 0 0 0
343 6766 0 0 6766 778 0 0 0 0 0 0 0 0
344 6766 0 0 0 0 0 6766 3 1 0 0 0 0
345 6766 0 0 0 0 0 6766 678 5 0 0 0 0
347 6766 0 0 6766 0 0 0 0 0 0 0 0 0
364 4004628 2 1 4004628 193 1 0 0 0 0 0 0 0
365 4004628 0 0 4004628 0 0 0 0 0 0 0 0 0
366 4004628 0 0 0 0 0 4004628 1 0 0 0 0 0
367 4004628 0 0 0 0 0 4004628 0 0 0 0 0 0
368 4004628 0 0 4004628 0 0 0 0 0 0 0 0 0
375 21925 0 0 21925 9483 94 0 0 0 0 0 0 0
376 21925 0 0 21925 0 0 0 0 0 0 0 0 0
377 21925 0 0 0 0 0 21925 5962 473 0 0 0 0
378 21925 0 0 0 0 0 21925 7663 805 0 0 0 0
379 21925 0 0 0 0 0 21925 5581 453 0 0 0 0
380 21925 0 0 0 0 0 21925 0 0 0 0 0 0
381 43850 0 0 21925 0 0 0 0 0 0 0 0 0
386 51226 2 1 51226 31730 0 0 0 0 0 0 0 0
387 51226 0 0 0 0 0 0 0 0 51226 6 0 0
392 51224 0 0 0 0 0 0 0 0 0 0 0 0
393 51224 0 0 0 0 0 0 0 0 51224 3210 0 0
395 48158 0 0 48158 15972 275 0 0 0 0 0 0 0
396 48158 0 0 0 0 0 0 0 0 0 0 0 0
397 48158 0 0 0 0 0 0 0 0 48158 16763 0 0
399 26233 0 0 26233 7984 217 0 0 0 0 0 0 0
400 26233 0 0 26233 8903 186 0 0 0 0 0 0 0
401 26233 0 0 26233 12133 204 0 0 0 0 0 0 0
402 26233 0 0 26233 759 22 0 0 0 0 0 0 0
403 26233 0 0 26233 125 2 0 0 0 0 0 0 0
404 26233 0 0 26233 0 0 0 0 0 0 0 0 0
405 26233 0 0 0 0 0 26233 8873 617 0 0 0 0
406 26233 0 0 0 0 0 26233 13180 1349 0 0 0 0
407 26233 0 0 0 0 0 26233 12449 1183 0 0 0 0
408 26233 0 0 0 0 0 26233 9737 888 0 0 0 0
409 26233 0 0 0 0 0 26233 8344 635 0 0 0 0
410 26233 0 0 0 0 0 26233 759 6 0 0 0 0
411 26233 0 0 0 0 0 26233 126 1 0 0 0 0
412 26233 0 0 0 0 0 26233 0 0 0 0 0 0
413 52466 0 0 26233 0 0 0 0 0 0 0 0 0
417 3066 2 1 0 0 0 0 0 0 0 0 0 0
418 3066 0 0 0 0 0 0 0 0 0 0 0 0
422 3066 0 0 0 0 0 0 0 0 0 0 0 0
424 3066 3 2 0 0 0 0 0 0 3066 0 0 0
428 3066 0 0 3066 2742 0 0 0 0 0 0 0 0
429 3066 0 0 0 0 0 0 0 0 3066 0 0 0
440 3066 0 0 0 0 0 0 0 0 0 0 0 0
443 3066 0 0 0 0 0 0 0 0 0 0 0 0
445 3066 0 0 0 0 0 0 0 0 0 0 0 0
447 3066 0 0 0 0 0 0 0 0 0 0 0 0
451 3066 0 0 0 0 0 0 0 0 0 0 0 0
452 3066 0 0 0 0 0 0 0 0 3066 199 0 0
461 2876 0 0 2876 2689 47 0 0 0 0 0 0 0
462 2876 0 0 2876 1338 25 0 0 0 0 0 0 0
464 2876 0 0 0 0 0 0 0 0 0 0 0 0
466 2876 0 0 0 0 0 0 0 0 0 0 0 0
467 2876 3 2 2876 1351 30 0 0 0 0 0 0 0
468 2876 0 0 2876 1338 26 0 0 0 0 0 0 0
471 2876 0 0 0 0 0 0 0 0 0 0 0 0
473 2876 0 0 0 0 0 0 0 0 0 0 0 0
475 2876 0 0 0 0 0 0 0 0 0 0 0 0
477 5752 0 0 0 0 0 0 0 0 0 0 0 0
483 5017 0 0 5017 1253 20 0 0 0 0 0 0 0
484 5017 0 0 5017 1316 28 0 0 0 0 0 0 0
485 5017 0 0 5017 985 19 0 0 0 0 0 0 0
486 5017 0 0 5017 529 12 0 0 0 0 0 0 0
487 5017 0 0 0 0 0 0 0 0 0 0 0 0
488 5017 0 0 0 0 0 5017 3024 192 0 0 0 0
489 5017 0 0 0 0 0 5017 2485 152 0 0 0 0
490 5017 3 2 0 0 0 5017 2527 168 0 0 0 0
491 5017 0 0 0 0 0 5017 2163 155 0 0 0 0
492 5017 0 0 0 0 0 0 0 0 0 0 0 0
493 5017 0 0 0 0 0 0 0 0 0 0 0 0
494 5017 0 0 0 0 0 0 0 0 5017 997 0 0
496 2876 0 0 0 0 0 2876 763 50 0 0 0 0
497 2876 0 0 0 0 0 2876 565 52 0 0 0 0
498 2876 0 0 0 0 0 2876 215 0 0 0 0 0
499 2876 0 0 0 0 0 2876 0 0 0 0 0 0
501 2876 0 0 0 0 0 2876 0 0 0 0 0 0
505 5752 0 0 2876 0 0 0 0 0 0 0 0 0
518 190 0 0 190 87 0 0 0 0 0 0 0 0
519 190 0 0 190 90 0 0 0 0 0 0 0 0
521 190 3 2 0 0 0 0 0 0 0 0 0 0
522 190 0 0 190 87 1 0 0 0 0 0 0 0
523 190 0 0 190 177 1 0 0 0 0 0 0 0
525 190 0 0 0 0 0 0 0 0 0 0 0 0
527 190 0 0 0 0 0 0 0 0 0 0 0 0
529 380 0 0 0 0 0 0 0 0 0 0 0 0
535 340 0 0 340 72 0 0 0 0 0 0 0 0
536 340 0 0 340 87 0 0 0 0 0 0 0 0
537 340 0 0 340 75 0 0 0 0 0 0 0 0
538 340 0 0 340 40 0 0 0 0 0 0 0 0
539 340 0 0 0 0 0 0 0 0 0 0 0 0
540 340 0 0 0 0 0 340 213 12 0 0 0 0
541 340 2 1 0 0 0 340 164 13 0 0 0 0
542 340 0 0 0 0 0 340 175 9 0 0 0 0
543 340 0 0 0 0 0 340 143 13 0 0 0 0
544 340 0 0 0 0 0 0 0 0 0 0 0 0
545 340 0 0 0 0 0 0 0 0 0 0 0 0
546 340 0 0 0 0 0 0 0 0 340 60 0 0
548 190 0 0 0 0 0 190 42 4 0 0 0 0
549 190 0 0 0 0 0 190 38 4 0 0 0 0
550 190 0 0 0 0 0 190 12 0 0 0 0 0
551 190 0 0 0 0 0 190 0 0 0 0 0 0
553 190 0 0 0 0 0 190 0 0 0 0 0 0
554 380 0 0 190 0 0 0 0 0 0 0 0 0
601 2 2 1 0 0 0 0 0 0 0 0 0 0
602 2 0 0 0 0 0 0 0 0 0 0 0 0
606 2 0 0 0 0 0 0 0 0 0 0 0 0
608 2 0 0 0 0 0 0 0 0 2 0 0 0
611 2 0 0 0 0 0 0 0 0 0 0 0 0
615 2 0 0 2 2 0 0 0 0 0 0 0 0
616 2 0 0 0 0 0 0 0 0 2 1 0 0
684 2 2 1 2 0 0 0 0 0 0 0 0 0
685 2 0 0 0 0 0 0 0 0 0 0 0 0
686 2 0 0 0 0 0 0 0 0 2 0 0 0
691 2 0 0 0 0 0 0 0 0 0 0 0 0
692 2 0 0 0 0 0 0 0 0 0 0 0 0
693 2 0 0 0 0 0 0 0 0 2 0 0 0
700 2 2 1 2 2 0 0 0 0 0 0 0 0
706 2 0 0 0 0 0 2 0 0 0 0 0 0
708 2 0 0 0 0 0 2 2 1 0 0 0 0
716 2 0 0 0 0 0 0 0 0 0 0 0 0
717 2 0 0 0 0 0 0 0 0 0 0 0 0
719 2 0 0 0 0 0 0 0 0 0 0 0 0
721 2 0 0 0 0 0 0 0 0 0 0 0 0
723 2 0 0 0 0 0 0 0 0 0 0 0 0
725 2 0 0 0 0 0 0 0 0 0 0 0 0
733 2 0 0 0 0 0 0 0 0 0 0 0 0
734 2 0 0 0 0 0 0 0 0 0 0 0 0
735 2 0 0 0 0 0 0 0 0 0 0 0 0
736 2 0 0 0 0 0 0 0 0 0 0 0 0
741 2 0 0 0 0 0 0 0 0 0 0 0 0
742 2 0 0 0 0 0 0 0 0 0 0 0 0
743 2 0 0 0 0 0 0 0 0 2 0 0 0
746 2 2 1 0 0 0 0 0 0 0 0 0 0
748 4 0 0 0 0 0 0 0 0 0 0 0 0
753 1600 0 0 0 0 0 0 0 0 0 0 0 0
755 102400 0 0 0 0 0 0 0 0 0 0 0 0
756 102400 0 0 0 0 0 0 0 0 0 0 0 0
757 102400 0 0 0 0 0 0 0 0 0 0 0 0
758 102400 2 1 0 0 0 0 0 0 0 0 0 0
760 204800 0 0 204800 102398 0 0 0 0 0 0 0 0
761 204800 0 0 204800 102400 0 0 0 0 0 0 0 0
762 51200 2 1 0 0 0 0 0 0 0 0 0 0
764 204800 0 0 0 0 0 204800 102398 72055 0 0 0 0
765 204800 0 0 0 0 0 204800 102400 72142 0 0 0 0
766 51200 0 0 0 0 0 0 0 0 0 0 0 0
767 51200 0 0 0 0 0 0 0 0 0 0 0 0
768 51200 2 1 0 0 0 0 0 0 51200 1624 0 0
769 1600 0 0 0 0 0 0 0 0 0 0 0 0
770 1600 0 0 0 0 0 0 0 0 0 0 0 0
771 1600 0 0 0 0 0 0 0 0 0 0 0 0
772 1600 0 0 0 0 0 0 0 0 1600 2 0 0
773 2 0 0 0 0 0 0 0 0 0 0 0 0
776 2 0 0 0 0 0 0 0 0 0 0 0 0
777 2 0 0 0 0 0 0 0 0 2 0 0 0
782 196 0 0 0 0 0 0 0 0 0 0 0 0
783 196 2 1 0 0 0 0 0 0 0 0 0 0
784 98 0 0 98 98 0 0 0 0 0 0 0 0
785 98 0 0 98 0 0 0 0 0 0 0 0 0
786 98 0 0 98 98 0 0 0 0 0 0 0 0
787 98 0 0 98 0 0 0 0 0 0 0 0 0
788 98 0 0 0 0 0 0 0 0 0 0 0 0
789 98 0 0 0 0 0 0 0 0 0 0 0 0
790 98 0 0 0 0 0 98 98 98 0 0 0 0
791 98 0 0 0 0 0 98 0 0 0 0 0 0
792 98 0 0 0 0 0 98 98 98 0 0 0 0
793 98 0 0 0 0 0 98 0 0 0 0 0 0
794 98 0 0 0 0 0 0 0 0 0 0 0 0
795 98 0 0 0 0 0 0 0 0 0 0 0 0
796 98 0 0 0 0 0 0 0 0 98 15 0 0
800 2 0 0 2 0 0 0 0 0 0 0 0 0
801 2 2 1 2 2 0 0 0 0 0 0 0 0
802 2 0 0 2 0 0 0 0 0 0 0 0 0
803 2 0 0 2 2 0 0 0 0 0 0 0 0
805 2 0 0 0 0 0 2 0 0 0 0 0 0
806 2 0 0 0 0 0 2 2 2 0 0 0 0
807 2 0 0 0 0 0 2 0 0 0 0 0 0
808 2 0 0 0 0 0 2 2 2 0 0 0 0
809 4 0 0 2 2 0 0 0 0 0 0 0 0
fn=__memcpy_chk_avx_unaligned_erms
249 4003893 0 0 0 0 0 0 0 0 0 0 0 0
250 4003893 0 0 0 0 0 0 0 0 0 0 0 0
251 4003893 0 0 0 0 0 0 0 0 4003893 44 0 0
fn=__mempcpy_avx_unaligned_erms
242 13 3 2 0 0 0 0 0 0 0 0 0 0
243 13 0 0 0 0 0 0 0 0 0 0 0 0
244 13 0 0 0 0 0 0 0 0 0 0 0 0
245 13 0 0 0 0 0 0 0 0 0 0 0 0
fn=memcpy
210 57 2 2 0 0 0 0 0 0 0 0 0 0
211 57 0 0 0 0 0 0 0 0 0 0 0 0
217 286 0 0 0 0 0 0 0 0 0 0 0 0
218 286 0 0 0 0 0 0 0 0 286 103 0 0
220 112 0 0 112 25 1 0 0 0 0 0 0 0
221 112 0 0 0 0 0 0 0 0 0 0 0 0
222 112 0 0 0 0 0 0 0 0 112 38 0 0
224 88 0 0 88 2 0 0 0 0 0 0 0 0
225 88 0 0 0 0 0 88 44 44 0 0 0 0
226 88 0 0 0 0 0 88 5 5 0 0 0 0
228 88 0 0 88 0 0 0 0 0 0 0 0 0
308 174 3 2 0 0 0 0 0 0 0 0 0 0
309 174 0 0 0 0 0 0 0 0 174 21 0 0
311 130 0 0 0 0 0 0 0 0 0 0 0 0
315 130 0 0 0 0 0 0 0 0 130 2 0 0
316 130 0 0 0 0 0 0 0 0 0 0 0 0
317 130 0 0 0 0 0 0 0 0 130 23 0 0
318 1 0 0 1 1 1 0 0 0 0 0 0 0
319 1 0 0 0 0 0 0 0 0 1 1 0 0
323 1 0 0 0 0 0 1 1 1 0 0 0 0
325 130 0 0 130 0 0 0 0 0 0 0 0 0
364 44 1 1 44 3 3 0 0 0 0 0 0 0
365 44 0 0 44 0 0 0 0 0 0 0 0 0
366 44 0 0 0 0 0 44 8 8 0 0 0 0
367 44 0 0 0 0 0 44 0 0 0 0 0 0
368 44 0 0 44 0 0 0 0 0 0 0 0 0
375 16 0 0 16 0 0 0 0 0 0 0 0 0
376 16 0 0 16 0 0 0 0 0 0 0 0 0
377 16 0 0 0 0 0 16 3 3 0 0 0 0
378 16 0 0 0 0 0 16 3 3 0 0 0 0
379 16 0 0 0 0 0 16 5 5 0 0 0 0
380 16 0 0 0 0 0 16 0 0 0 0 0 0
381 16 0 0 16 0 0 0 0 0 0 0 0 0
392 24 1 1 0 0 0 0 0 0 0 0 0 0
393 24 0 0 0 0 0 0 0 0 24 2 0 0
395 22 0 0 22 3 0 0 0 0 0 0 0 0
396 22 2 2 0 0 0 0 0 0 0 0 0 0
397 22 0 0 0 0 0 0 0 0 22 11 0 0
399 6 0 0 6 1 0 0 0 0 0 0 0 0
400 6 0 0 6 1 0 0 0 0 0 0 0 0
401 6 0 0 6 3 0 0 0 0 0 0 0 0
402 6 0 0 6 0 0 0 0 0 0 0 0 0
403 6 0 0 6 0 0 0 0 0 0 0 0 0
404 6 0 0 6 0 0 0 0 0 0 0 0 0
405 6 0 0 0 0 0 6 1 1 0 0 0 0
406 6 0 0 0 0 0 6 1 1 0 0 0 0
407 6 0 0 0 0 0 6 3 3 0 0 0 0
408 6 0 0 0 0 0 6 1 1 0 0 0 0
409 6 0 0 0 0 0 6 2 2 0 0 0 0
410 6 0 0 0 0 0 6 0 0 0 0 0 0
411 6 0 0 0 0 0 6 0 0 0 0 0 0
412 6 0 0 0 0 0 6 0 0 0 0 0 0
413 6 0 0 6 0 0 0 0 0 0 0 0 0
417 2 1 1 0 0 0 0 0 0 0 0 0 0
418 2 0 0 0 0 0 0 0 0 0 0 0 0
422 2 0 0 0 0 0 0 0 0 0 0 0 0
424 2 0 0 0 0 0 0 0 0 2 0 0 0
440 2 0 0 0 0 0 0 0 0 0 0 0 0
443 2 0 0 0 0 0 0 0 0 0 0 0 0
445 2 0 0 0 0 0 0 0 0 0 0 0 0
447 2 0 0 0 0 0 0 0 0 0 0 0 0
451 2 0 0 0 0 0 0 0 0 0 0 0 0
452 2 0 0 0 0 0 0 0 0 2 0 0 0
461 2 0 0 2 1 1 0 0 0 0 0 0 0
462 2 0 0 2 1 1 0 0 0 0 0 0 0
464 2 0 0 0 0 0 0 0 0 0 0 0 0
466 2 0 0 0 0 0 0 0 0 0 0 0 0
467 2 0 0 2 0 0 0 0 0 0 0 0 0
468 2 1 1 2 0 0 0 0 0 0 0 0 0
471 2 0 0 0 0 0 0 0 0 0 0 0 0
473 2 0 0 0 0 0 0 0 0 0 0 0 0
475 2 0 0 0 0 0 0 0 0 0 0 0 0
477 2 0 0 0 0 0 0 0 0 0 0 0 0
483 6 0 0 6 0 0 0 0 0 0 0 0 0
484 6 0 0 6 0 0 0 0 0 0 0 0 0
485 6 0 0 6 0 0 0 0 0 0 0 0 0
486 6 0 0 6 2 2 0 0 0 0 0 0 0
487 6 0 0 0 0 0 0 0 0 0 0 0 0
488 6 0 0 0 0 0 6 1 1 0 0 0 0
489 6 0 0 0 0 0 6 0 0 0 0 0 0
490 6 0 0 0 0 0 6 0 0 0 0 0 0
491 6 0 0 0 0 0 6 3 3 0 0 0 0
492 6 0 0 0 0 0 0 0 0 0 0 0 0
493 6 0 0 0 0 0 0 0 0 0 0 0 0
494 6 0 0 0 0 0 0 0 0 6 4 0 0
496 2 1 1 0 0 0 2 1 1 0 0 0 0
497 2 0 0 0 0 0 2 0 0 0 0 0 0
498 2 0 0 0 0 0 2 0 0 0 0 0 0
499 2 0 0 0 0 0 2 0 0 0 0 0 0
501 2 0 0 0 0 0 2 0 0 0 0 0 0
505 2 0 0 2 0 0 0 0 0 0 0 0 0
fn=mempcpy
197 229 2 1 0 0 0 0 0 0 0 0 0 0
198 229 0 0 0 0 0 0 0 0 0 0 0 0
199 229 0 0 0 0 0 0 0 0 0 0 0 0
200 229 0 0 0 0 0 0 0 0 0 0 0 0
fl=./string/../sysdeps/x86_64/multiarch/memmove.c
fn=memmove
29 2 1 1 0 0 0 0 0 0 0 0 0 0
fl=./string/../sysdeps/x86_64/multiarch/mempcpy.c
fn=mempcpy
33 1 0 0 0 0 0 0 0 0 0 0 0 0
fl=./string/../sysdeps/x86_64/multiarch/memrchr.c
fn=memrchr
29 3 1 1 1 0 0 0 0 0 0 0 0 0
fl=./string/../sysdeps/x86_64/multiarch/memset-vec-unaligned-erms.S
fn=__memset_avx2_unaligned_erms
158 544 1 1 0 0 0 0 0 0 0 0 0 0
159 1088 0 0 0 0 0 0 0 0 0 0 0 0
164 544 0 0 0 0 0 0 0 0 0 0 0 0
165 544 0 0 0 0 0 0 0 0 544 3 0 0
166 544 0 0 0 0 0 0 0 0 0 0 0 0
167 544 0 0 0 0 0 0 0 0 0 0 0 0
168 544 0 0 0 0 0 0 0 0 544 12 0 0
181 400 0 0 0 0 0 400 2 0 0 0 0 0
182 400 0 0 0 0 0 400 0 0 0 0 0 0
184 800 0 0 400 0 0 0 0 0 0 0 0 0
237 544 2 1 544 122 0 0 0 0 0 0 0 0
238 544 0 0 0 0 0 0 0 0 544 8 0 0
244 438 0 0 0 0 0 438 28 27 0 0 0 0
245 438 0 0 0 0 0 438 6 6 0 0 0 0
257 438 0 0 0 0 0 0 0 0 0 0 0 0
260 438 0 0 0 0 0 0 0 0 0 0 0 0
261 438 0 0 0 0 0 0 0 0 438 4 0 0
273 38 0 0 0 0 0 38 28 27 0 0 0 0
274 38 0 0 0 0 0 38 6 6 0 0 0 0
287 38 0 0 0 0 0 0 0 0 0 0 0 0
288 38 0 0 0 0 0 0 0 0 0 0 0 0
290 38 0 0 0 0 0 0 0 0 38 4 0 0
293 38 0 0 0 0 0 0 0 0 0 0 0 0
296 38 0 0 0 0 0 0 0 0 0 0 0 0
299 41 2 1 0 0 0 41 4 4 0 0 0 0
300 41 0 0 0 0 0 41 31 29 0 0 0 0
301 41 0 0 0 0 0 41 6 6 0 0 0 0
302 41 0 0 0 0 0 41 30 28 0 0 0 0
303 41 0 0 0 0 0 0 0 0 0 0 0 0
304 41 0 0 0 0 0 0 0 0 0 0 0 0
305 79 0 0 0 0 0 0 0 0 41 2 0 0
308 38 0 0 0 0 0 38 0 0 0 0 0 0
309 38 0 0 0 0 0 38 6 6 0 0 0 0
310 38 0 0 0 0 0 38 0 0 0 0 0 0
311 38 0 0 0 0 0 38 0 0 0 0 0 0
314 76 0 0 38 0 0 0 0 0 0 0 0 0
325 106 1 1 0 0 0 0 0 0 0 0 0 0
326 106 0 0 0 0 0 0 0 0 0 0 0 0
327 106 0 0 0 0 0 0 0 0 0 0 0 0
328 21216794 0 0 0 0 0 21216688 330871 200991 21216794 133 0 0
329 106 0 0 0 0 0 0 0 0 0 0 0 0
330 212 0 0 106 6 0 0 0 0 0 0 0 0
fl=./string/../sysdeps/x86_64/multiarch/memset.c
fn=memset
29 2 1 1 0 0 0 0 0 0 0 0 0 0
fl=./string/../sysdeps/x86_64/multiarch/stpcpy.c
fn=stpcpy
33 3 1 1 1 0 0 0 0 0 0 0 0 0
fl=./string/../sysdeps/x86_64/multiarch/stpncpy.c
fn=stpncpy
31 3 2 2 1 0 0 0 0 0 0 0 0 0
fl=./string/../sysdeps/x86_64/multiarch/strcasecmp.c
fn=strcasecmp
31 3 0 0 1 0 0 0 0 0 0 0 0 0
fl=./string/../sysdeps/x86_64/multiarch/strcasecmp_l.c
fn=strcasecmp_l
31 3 0 0 1 0 0 0 0 0 0 0 0 0
fl=./string/../sysdeps/x86_64/multiarch/strcat.c
fn=strcat
29 3 1 1 1 0 0 0 0 0 0 0 0 0
fl=./string/../sysdeps/x86_64/multiarch/strchr-avx2.S
fn=__strchr_avx2
53 8 3 2 0 0 0 0 0 0 0 0 0 0
55 8 0 0 0 0 0 0 0 0 0 0 0 0
56 8 0 0 0 0 0 0 0 0 0 0 0 0
57 8 0 0 0 0 0 0 0 0 0 0 0 0
58 8 0 0 0 0 0 0 0 0 0 0 0 0
59 8 0 0 0 0 0 0 0 0 0 0 0 0
62 8 0 0 0 0 0 0 0 0 0 0 0 0
63 8 3 2 0 0 0 0 0 0 8 0 0 0
67 8 0 0 8 6 1 0 0 0 0 0 0 0
68 8 0 0 0 0 0 0 0 0 0 0 0 0
69 8 0 0 0 0 0 0 0 0 0 0 0 0
70 8 0 0 0 0 0 0 0 0 0 0 0 0
71 8 0 0 0 0 0 0 0 0 0 0 0 0
72 8 0 0 0 0 0 0 0 0 0 0 0 0
73 8 0 0 0 0 0 0 0 0 8 0 0 0
74 8 0 0 0 0 0 0 0 0 0 0 0 0
77 8 0 0 8 0 0 0 0 0 0 0 0 0
85 8 0 0 0 0 0 0 0 0 8 2 0 0
93 8 0 0 0 0 0 0 0 0 0 0 0 0
94 16 0 0 8 0 0 0 0 0 0 0 0 0
fn=__strchrnul_avx2
53 88 2 2 0 0 0 0 0 0 0 0 0 0
55 88 0 0 0 0 0 0 0 0 0 0 0 0
56 88 0 0 0 0 0 0 0 0 0 0 0 0
57 88 0 0 0 0 0 0 0 0 0 0 0 0
58 88 0 0 0 0 0 0 0 0 0 0 0 0
59 88 0 0 0 0 0 0 0 0 0 0 0 0
62 88 0 0 0 0 0 0 0 0 0 0 0 0
63 88 2 2 0 0 0 0 0 0 88 4 0 0
67 88 0 0 88 72 2 0 0 0 0 0 0 0
68 88 0 0 0 0 0 0 0 0 0 0 0 0
69 88 0 0 0 0 0 0 0 0 0 0 0 0
70 88 0 0 0 0 0 0 0 0 0 0 0 0
71 88 0 0 0 0 0 0 0 0 0 0 0 0
72 88 0 0 0 0 0 0 0 0 0 0 0 0
73 88 0 0 0 0 0 0 0 0 88 2 0 0
74 88 0 0 0 0 0 0 0 0 0 0 0 0
87 88 0 0 0 0 0 0 0 0 0 0 0 0
89 176 0 0 88 0 0 0 0 0 0 0 0 0
fl=./string/../sysdeps/x86_64/multiarch/strchr.c
fn=index
42 4 0 0 0 0 0 0 0 0 0 0 0 0
43 2 0 0 2 0 0 0 0 0 0 0 0 0
44 3 1 1 1 0 0 0 0 0 1 0 0 0
47 2 0 0 0 0 0 0 0 0 0 0 0 0
48 2 1 1 0 0 0 0 0 0 1 1 0 0
51 3 0 0 0 0 0 0 0 0 1 0 0 0
54 3 0 0 0 0 0 0 0 0 1 0 0 0
65 3 1 1 1 0 0 0 0 0 0 0 0 0
fl=./string/../sysdeps/x86_64/multiarch/strchrnul.c
fn=strchrnul
31 3 0 0 1 0 0 0 0 0 0 0 0 0
fl=./string/../sysdeps/x86_64/multiarch/strcmp-avx2.S
fn=__strncmp_avx2
206 5 1 1 0 0 0 0 0 0 0 0 0 0
230 5 0 0 0 0 0 0 0 0 0 0 0 0
235 5 0 0 0 0 0 0 0 0 5 0 0 0
249 5 0 0 0 0 0 0 0 0 0 0 0 0
274 5 0 0 0 0 0 0 0 0 0 0 0 0
275 5 0 0 0 0 0 0 0 0 0 0 0 0
276 5 0 0 0 0 0 0 0 0 0 0 0 0
278 5 0 0 0 0 0 0 0 0 0 0 0 0
279 5 1 1 0 0 0 0 0 0 5 1 0 0
283 4 0 0 4 0 0 0 0 0 0 0 0 0
287 4 0 0 4 2 0 0 0 0 0 0 0 0
289 4 0 0 0 0 0 0 0 0 0 0 0 0
291 4 0 0 0 0 0 0 0 0 0 0 0 0
294 4 0 0 0 0 0 0 0 0 0 0 0 0
296 4 0 0 0 0 0 0 0 0 0 0 0 0
297 4 0 0 0 0 0 0 0 0 4 2 0 0
308 4 0 0 0 0 0 0 0 0 0 0 0 0
318 4 0 0 4 0 0 0 0 0 0 0 0 0
319 4 0 0 4 0 0 0 0 0 0 0 0 0
322 4 0 0 0 0 0 0 0 0 0 0 0 0
326 8 0 0 4 0 0 0 0 0 0 0 0 0
331 4 0 0 0 0 0 0 0 0 0 0 0 0
332 4 0 0 0 0 0 0 0 0 0 0 0 0
333 4 0 0 0 0 0 0 0 0 4 2 0 0
957 1 1 1 0 0 0 0 0 0 0 0 0 0
958 1 0 0 0 0 0 0 0 0 0 0 0 0
959 1 0 0 0 0 0 0 0 0 0 0 0 0
960 1 0 0 0 0 0 0 0 0 0 0 0 0
962 1 0 0 0 0 0 0 0 0 0 0 0 0
965 1 0 0 0 0 0 0 0 0 0 0 0 0
966 1 0 0 0 0 0 0 0 0 1 1 0 0
993 1 1 1 1 0 0 0 0 0 0 0 0 0
994 1 0 0 1 0 0 0 0 0 0 0 0 0
995 1 0 0 0 0 0 0 0 0 0 0 0 0
996 1 0 0 0 0 0 0 0 0 0 0 0 0
997 1 0 0 0 0 0 0 0 0 0 0 0 0
998 1 0 0 0 0 0 0 0 0 0 0 0 0
1000 1 0 0 0 0 0 0 0 0 1 1 0 0
1047 1 1 1 1 0 0 0 0 0 0 0 0 0
1048 1 0 0 1 0 0 0 0 0 0 0 0 0
1051 1 0 0 0 0 0 0 0 0 0 0 0 0
1052 1 0 0 0 0 0 0 0 0 0 0 0 0
1053 1 0 0 0 0 0 0 0 0 0 0 0 0
1056 2 0 0 1 0 0 0 0 0 0 0 0 0
1063 1 0 0 0 0 0 0 0 0 0 0 0 0
1064 1 0 0 0 0 0 0 0 0 0 0 0 0
1065 1 0 0 0 0 0 0 0 0 0 0 0 0
1066 1 0 0 0 0 0 0 0 0 1 1 0 0
1076 1 1 1 0 0 0 0 0 0 0 0 0 0
1077 1 0 0 0 0 0 0 0 0 1 0 0 0
1080 1 0 0 0 0 0 0 0 0 0 0 0 0
1081 1 0 0 0 0 0 0 0 0 0 0 0 0
1082 1 0 0 0 0 0 0 0 0 0 0 0 0
1083 1 0 0 0 0 0 0 0 0 0 0 0 0
1089 1 1 1 0 0 0 0 0 0 0 0 0 0
1091 1 0 0 0 0 0 0 0 0 0 0 0 0
1094 1 0 0 0 0 0 0 0 0 0 0 0 0
1095 1 0 0 0 0 0 0 0 0 1 1 0 0
fl=./string/../sysdeps/x86_64/multiarch/strcmp.c
fn=strcmp
47 4 1 1 0 0 0 0 0 0 0 0 0 0
48 2 0 0 2 0 0 0 0 0 0 0 0 0
49 3 0 0 1 0 0 0 0 0 1 0 0 0
52 2 0 0 0 0 0 0 0 0 0 0 0 0
53 2 0 0 0 0 0 0 0 0 1 0 0 0
56 3 0 0 0 0 0 0 0 0 1 0 0 0
59 3 0 0 0 0 0 0 0 0 1 0 0 0
79 3 2 2 1 0 0 0 0 0 0 0 0 0
fl=./string/../sysdeps/x86_64/multiarch/strcpy.c
fn=strcpy
29 3 1 1 1 0 0 0 0 0 0 0 0 0
fl=./string/../sysdeps/x86_64/multiarch/strcspn.c
fn=strcspn
29 2 1 1 1 0 0 0 0 0 0 0 0 0
fl=./string/../sysdeps/x86_64/multiarch/strlen-avx2.S
fn=__strlen_avx2
52 3302877 3 2 0 0 0 0 0 0 0 0 0 0
65 3302877 0 0 0 0 0 0 0 0 0 0 0 0
66 3302877 0 0 0 0 0 0 0 0 0 0 0 0
67 3302877 0 0 0 0 0 0 0 0 0 0 0 0
70 3302877 0 0 0 0 0 0 0 0 0 0 0 0
72 3302877 0 0 0 0 0 0 0 0 0 0 0 0
73 3302877 0 0 0 0 0 0 0 0 3302877 5 0 0
76 3302877 0 0 3302877 12 9 0 0 0 0 0 0 0
77 3302877 0 0 0 0 0 0 0 0 0 0 0 0
85 3302877 0 0 0 0 0 0 0 0 0 0 0 0
86 3302877 0 0 0 0 0 0 0 0 3302877 4 0 0
87 3302877 0 0 0 0 0 0 0 0 0 0 0 0
92 6605754 0 0 3302877 0 0 0 0 0 0 0 0 0
fl=./string/../sysdeps/x86_64/multiarch/strlen.c
fn=strlen
29 6 1 1 2 0 0 0 0 0 0 0 0 0
fl=./string/../sysdeps/x86_64/multiarch/strncase.c
fn=strncasecmp
31 3 1 1 1 0 0 0 0 0 0 0 0 0
fl=./string/../sysdeps/x86_64/multiarch/strncase_l.c
fn=strncasecmp_l
31 3 1 1 1 0 0 0 0 0 0 0 0 0
fl=./string/../sysdeps/x86_64/multiarch/strncmp.c
fn=strncmp
43 4 0 0 0 0 0 0 0 0 1 1 0 0
44 2 1 1 2 0 0 0 0 0 0 0 0 0
45 3 1 1 1 0 0 0 0 0 1 0 0 0
48 2 0 0 0 0 0 0 0 0 0 0 0 0
49 2 0 0 0 0 0 0 0 0 1 1 0 0
52 3 0 0 0 0 0 0 0 0 1 0 0 0
55 5 0 0 0 0 0 0 0 0 1 0 0 0
67 3 1 1 1 0 0 0 0 0 0 0 0 0
fl=./string/../sysdeps/x86_64/multiarch/strncpy.c
fn=strncpy
29 3 2 2 1 0 0 0 0 0 0 0 0 0
fl=./string/../sysdeps/x86_64/multiarch/strnlen.c
fn=strnlen
31 6 1 1 2 0 0 0 0 0 0 0 0 0
fl=./string/../sysdeps/x86_64/multiarch/strpbrk.c
fn=strpbrk
29 2 0 0 1 0 0 0 0 0 0 0 0 0
fl=./string/../sysdeps/x86_64/multiarch/strrchr-avx2.S
fn=__strrchr_avx2
53 1 1 1 0 0 0 0 0 0 0 0 0 0
54 1 0 0 0 0 0 0 0 0 0 0 0 0
55 1 0 0 0 0 0 0 0 0 0 0 0 0
57 1 0 0 0 0 0 0 0 0 0 0 0 0
58 1 1 1 0 0 0 0 0 0 0 0 0 0
62 1 0 0 0 0 0 0 0 0 0 0 0 0
63 1 0 0 0 0 0 0 0 0 0 0 0 0
64 1 0 0 0 0 0 0 0 0 1 0 0 0
67 1 0 0 1 1 0 0 0 0 0 0 0 0
69 1 0 0 0 0 0 0 0 0 0 0 0 0
70 1 0 0 0 0 0 0 0 0 0 0 0 0
71 1 0 0 0 0 0 0 0 0 0 0 0 0
72 1 0 0 0 0 0 0 0 0 1 0 0 0
75 1 0 0 0 0 0 0 0 0 0 0 0 0
76 1 0 0 0 0 0 0 0 0 0 0 0 0
78 1 0 0 0 0 0 0 0 0 0 0 0 0
79 1 0 0 0 0 0 0 0 0 0 0 0 0
80 1 0 0 0 0 0 0 0 0 1 0 0 0
81 1 0 0 0 0 0 0 0 0 0 0 0 0
82 1 0 0 0 0 0 0 0 0 0 0 0 0
91 2 0 0 1 0 0 0 0 0 0 0 0 0
fl=./string/../sysdeps/x86_64/multiarch/strrchr.c
fn=rindex
28 3 0 0 1 0 0 0 0 0 0 0 0 0
fl=./string/../sysdeps/x86_64/multiarch/strspn.c
fn=strspn
29 2 1 1 1 0 0 0 0 0 0 0 0 0
fl=./string/./string/strdup.c
fn=strdup
40 84 1 1 0 0 0 42 0 0 0 0 0 0
41 28 0 0 0 0 0 14 0 0 0 0 0 0
44 28 1 1 0 0 0 0 0 0 14 0 0 0
47 56 0 0 0 0 0 0 0 0 0 0 0 0
48 42 0 0 42 0 0 0 0 0 0 0 0 0
fl=./sunrpc/./sunrpc/rpc_thread.c
fn=__rpc_thread_destroy
21 180 2 2 0 0 0 108 0 0 0 0 0 0
22 72 2 2 72 24 1 0 0 0 0 0 0 0
24 72 0 0 0 0 0 0 0 0 36 3 0 0
39 144 2 2 144 0 0 0 0 0 0 0 0 0
fl=./time/../sysdeps/unix/sysv/linux/clock_gettime.c
fn=clock_gettime@@GLIBC_2.17
30 6 2 1 0 0 0 0 0 0 0 0 0 0
38 12 0 0 12 11 1 0 0 0 0 0 0 0
40 12 0 0 0 0 0 0 0 0 6 6 0 0
44 12 0 0 6 0 0 0 0 0 0 0 0 0
68 12 0 0 0 0 0 0 0 0 0 0 0 0
69 12 2 1 0 0 0 0 0 0 6 1 0 0
fl=./wcsmbs/../sysdeps/x86_64/multiarch/ifunc-avx2.h
fn=wcschr
38 8 1 1 0 0 0 0 0 0 2 2 0 0
40 6 0 0 4 0 0 0 0 0 0 0 0 0
41 4 0 0 2 0 0 0 0 0 2 0 0 0
42 6 0 0 2 0 0 0 0 0 2 0 0 0
45 4 0 0 0 0 0 0 0 0 0 0 0 0
46 4 0 0 0 0 0 0 0 0 2 2 0 0
49 6 0 0 0 0 0 0 0 0 2 0 0 0
52 12 1 1 0 0 0 0 0 0 0 0 0 0
fn=wcscmp
38 4 0 0 0 0 0 0 0 0 1 1 0 0
40 3 0 0 2 0 0 0 0 0 0 0 0 0
41 2 1 1 1 0 0 0 0 0 1 0 0 0
42 3 0 0 1 0 0 0 0 0 1 0 0 0
45 2 0 0 0 0 0 0 0 0 0 0 0 0
46 2 0 0 0 0 0 0 0 0 1 1 0 0
49 3 0 0 0 0 0 0 0 0 1 0 0 0
52 6 1 1 0 0 0 0 0 0 0 0 0 0
fl=./wcsmbs/../sysdeps/x86_64/multiarch/ifunc-evex.h
fn=wmemchr
37 8 0 0 0 0 0 0 0 0 2 2 0 0
38 6 1 1 4 0 0 0 0 0 0 0 0 0
39 6 0 0 2 0 0 0 0 0 2 0 0 0
42 4 0 0 0 0 0 0 0 0 0 0 0 0
43 4 1 1 0 0 0 0 0 0 2 2 0 0
45 4 0 0 0 0 0 0 0 0 0 0 0 0
51 6 0 0 0 0 0 0 0 0 2 0 0 0
54 8 0 0 0 0 0 0 0 0 0 0 0 0
fl=./wcsmbs/../sysdeps/x86_64/multiarch/ifunc-memcmp.h
fn=wmemcmp
34 5 1 1 2 0 0 0 0 0 1 0 0 0
35 2 0 0 1 0 0 0 0 0 1 0 0 0
36 2 0 0 0 0 0 0 0 0 1 0 0 0
37 3 0 0 1 0 0 0 0 0 1 0 0 0
40 2 0 0 0 0 0 0 0 0 0 0 0 0
41 2 0 0 0 0 0 0 0 0 1 1 0 0
44 3 0 0 0 0 0 0 0 0 1 0 0 0
47 4 0 0 0 0 0 0 0 0 0 0 0 0
fl=./wcsmbs/../sysdeps/x86_64/multiarch/ifunc-wcs.h
fn=wcpncpy
39 4 1 1 0 0 0 0 0 0 1 1 0 0
40 3 0 0 2 0 0 0 0 0 0 0 0 0
41 3 0 0 1 0 0 0 0 0 1 0 0 0
44 2 0 0 0 0 0 0 0 0 0 0 0 0
45 3 0 0 0 0 0 0 0 0 1 0 0 0
48 4 0 0 0 0 0 0 0 0 0 0 0 0
fn=wcscat
39 4 0 0 0 0 0 0 0 0 1 1 0 0
40 3 0 0 2 0 0 0 0 0 0 0 0 0
41 3 0 0 1 0 0 0 0 0 1 0 0 0
44 2 0 0 0 0 0 0 0 0 0 0 0 0
45 3 0 0 0 0 0 0 0 0 1 1 0 0
48 4 0 0 0 0 0 0 0 0 0 0 0 0
fn=wcsncpy
39 4 0 0 0 0 0 0 0 0 1 1 0 0
40 3 0 0 2 0 0 0 0 0 0 0 0 0
41 3 0 0 1 0 0 0 0 0 1 0 0 0
44 2 0 0 0 0 0 0 0 0 0 0 0 0
45 3 0 0 0 0 0 0 0 0 1 1 0 0
48 4 0 0 0 0 0 0 0 0 0 0 0 0
fl=./wcsmbs/../sysdeps/x86_64/multiarch/ifunc-wcslen.h
fn=wcslen
40 4 0 0 0 0 0 0 0 0 1 1 0 0
41 2 0 0 2 0 0 0 0 0 0 0 0 0
42 3 1 1 1 0 0 0 0 0 1 0 0 0
45 2 0 0 0 0 0 0 0 0 0 0 0 0
46 2 0 0 0 0 0 0 0 0 1 1 0 0
49 3 0 0 0 0 0 0 0 0 1 0 0 0
52 3 0 0 0 0 0 0 0 0 1 0 0 0
fn=wcsnlen
40 4 0 0 0 0 0 0 0 0 1 1 0 0
41 2 1 1 2 0 0 0 0 0 0 0 0 0
42 3 0 0 1 0 0 0 0 0 1 0 0 0
45 2 1 1 0 0 0 0 0 0 0 0 0 0
46 2 0 0 0 0 0 0 0 0 1 1 0 0
49 3 0 0 0 0 0 0 0 0 1 0 0 0
52 3 0 0 0 0 0 0 0 0 1 0 0 0
fl=./wcsmbs/../sysdeps/x86_64/multiarch/ifunc-wmemset.h
fn=wmemset
36 10 0 0 4 0 0 0 0 0 2 0 0 0
37 6 1 1 2 0 0 0 0 0 2 2 0 0
fl=./wcsmbs/../sysdeps/x86_64/multiarch/wcpcpy.c
fn=wcpncpy
31 1 1 1 0 0 0 0 0 0 0 0 0 0
fl=./wcsmbs/../sysdeps/x86_64/multiarch/wcpncpy.c
fn=wcpncpy
31 1 0 0 1 0 0 0 0 0 0 0 0 0
fl=./wcsmbs/../sysdeps/x86_64/multiarch/wcscat.c
fn=wcscat
31 2 1 1 1 0 0 0 0 0 0 0 0 0
fn=wcschr
31 2 1 1 0 0 0 0 0 0 0 0 0 0
fl=./wcsmbs/../sysdeps/x86_64/multiarch/wcschr.c
fn=wcschr
31 4 0 0 2 0 0 0 0 0 0 0 0 0
fl=./wcsmbs/../sysdeps/x86_64/multiarch/wcscmp.c
fn=wcscmp
30 3 1 1 1 0 0 0 0 0 0 0 0 0
fl=./wcsmbs/../sysdeps/x86_64/multiarch/wcscpy.c
fn=wcscpy
42 4 0 0 0 0 0 0 0 0 1 1 0 0
43 2 1 1 2 0 0 0 0 0 0 0 0 0
44 3 0 0 1 0 0 0 0 0 1 0 0 0
46 2 1 1 0 0 0 0 0 0 0 0 0 0
47 3 0 0 0 0 0 0 0 0 1 1 0 0
50 3 0 0 0 0 0 0 0 0 1 0 0 0
60 2 1 1 1 0 0 0 0 0 0 0 0 0
fl=./wcsmbs/../sysdeps/x86_64/multiarch/wcslen.c
fn=wcslen
29 3 2 2 1 0 0 0 0 0 0 0 0 0
fl=./wcsmbs/../sysdeps/x86_64/multiarch/wcsncpy.c
fn=wcsncpy
31 2 1 1 1 0 0 0 0 0 0 0 0 0
fl=./wcsmbs/../sysdeps/x86_64/multiarch/wcsnlen.c
fn=wcsnlen
30 3 1 1 1 0 0 0 0 0 0 0 0 0
fl=./wcsmbs/../sysdeps/x86_64/multiarch/wmemchr.c
fn=wmemchr
31 4 1 1 2 0 0 0 0 0 0 0 0 0
fl=./wcsmbs/../sysdeps/x86_64/multiarch/wmemcmp.c
fn=wmemcmp
29 4 1 1 1 0 0 0 0 0 0 0 0 0
fl=./wcsmbs/../sysdeps/x86_64/multiarch/wmemset.c
fn=wmemset
31 4 1 1 2 0 0 0 0 0 0 0 0 0
fl=./wcsmbs/./wcsmbs/btowc.c
fn=btowc
32 2560 1 1 256 0 0 1280 0 0 0 0 0 0
37 1792 1 1 0 0 0 0 0 0 256 0 0 0
42 512 0 0 0 0 0 0 0 0 256 6 0 0
46 384 0 0 384 1 0 0 0 0 0 0 0 0
47 256 1 1 256 2 0 0 0 0 0 0 0 0
48 256 0 0 128 1 0 0 0 0 128 2 0 0
52 512 0 0 128 0 0 0 0 0 128 0 0 0
55 1152 0 0 384 0 0 128 0 0 128 0 128 1
94 1792 1 1 1408 0 0 0 0 0 128 0 0 0
fl=./wcsmbs/./wcsmbs/wctob.c
fn=wctob
30 1280 1 1 128 0 0 640 0 0 0 0 0 0
39 384 0 0 0 0 0 0 0 0 128 0 0 0
44 256 0 0 0 0 0 0 0 0 128 0 0 0
45 128 0 0 0 0 0 0 0 0 0 0 0 0
79 1152 1 1 896 0 0 0 0 0 128 0 0 0
fl=./wcsmbs/./wcsmbsload.h
fn=btowc
69 128 0 0 128 1 0 0 0 0 0 0 0 0
70 384 0 0 128 1 0 0 0 0 128 0 0 0
fl=./wctype/./wctype/wctype_l.c
fn=wctype_l
26 110 1 1 0 0 0 60 0 0 0 0 0 0
29 20 1 1 0 0 0 10 0 0 0 0 0 0
32 30 0 0 20 1 0 10 0 0 0 0 0 0
33 68 0 0 0 0 0 0 0 0 0 0 0 0
35 174 0 0 0 0 0 58 0 0 0 0 0 0
37 410 1 1 0 0 0 49 0 0 107 12 0 0
40 48 0 0 0 0 0 0 0 0 0 0 0 0
41 96 0 0 48 0 0 0 0 0 48 0 0 0
45 20 0 0 20 1 0 0 0 0 0 0 0 0
46 10 0 0 10 2 0 0 0 0 0 0 0 0
47 80 0 0 70 0 0 0 0 0 0 0 0 0
fl=/home/ray847/projects/DataStructures/PJ/src/FinalSolution.cpp
fn=_GLOBAL__sub_I__ZN13FinalSolution4Sift8SolutionC2Ev
983 2 0 0 1 0 0 0 0 0 0 0 0 0
fl=/home/ray847/projects/DataStructures/PJ/src/Global.h
fn=_GLOBAL__sub_I__ZN12TestSolution4Sift8SolutionC2Ev
95 2 0 0 1 0 0 0 0 0 1 0 0 0
fn=_GLOBAL__sub_I__ZN13FinalSolution4Sift8SolutionC2Ev
95 2 0 0 1 0 0 0 0 0 1 0 0 0
fn=_GLOBAL__sub_I_main
95 3 0 0 1 0 0 1 0 0 1 1 0 0
fl=/home/ray847/projects/DataStructures/PJ/src/Main.cpp
fn=_GLOBAL__sub_I_main
132 2 1 1 1 0 0 0 0 0 0 0 0 0
fn=load_base(global::DataSetInfo const&)
30 24 4 4 2 0 0 14 0 0 0 0 0 0
31 4 0 0 4 0 0 0 0 0 0 0 0 0
32 2 0 0 2 0 0 0 0 0 0 0 0 0
33 4 0 0 2 0 0 2 0 0 0 0 0 0
35 6 0 0 2 0 0 0 0 0 0 0 0 0
36 9840008 2 2 0 0 0 0 0 0 3280002 5 0 0
39 24 0 0 18 2 0 0 0 0 2 1 0 0
fn=load_labels(global::DataSetInfo const&)
54 24 4 4 2 0 0 14 0 0 0 0 0 0
55 4 0 0 4 2 0 0 0 0 0 0 0 0
56 2 0 0 2 1 0 0 0 0 0 0 0 0
62 608 0 0 2 0 0 0 0 0 202 6 0 0
63 6800 0 0 200 0 0 0 0 0 2200 202 0 0
69 24 0 0 18 0 0 0 0 0 2 0 0 0
fn=load_samples(global::DataSetInfo const&)
40 24 4 4 2 0 0 16 0 0 0 0 0 0
41 4 0 0 4 2 0 0 0 0 0 0 0 0
42 2 0 0 2 1 0 0 0 0 0 0 0 0
43 2 0 0 2 0 0 0 0 0 0 0 0 0
45 4 0 0 0 0 0 2 0 0 0 0 0 0
46 606 0 0 0 0 0 0 0 0 202 7 0 0
47 69200 0 0 200 0 0 0 0 0 23000 205 0 0
53 24 2 2 20 2 0 0 0 0 2 0 0 0
fn=main
16 2 1 1 0 0 0 0 0 0 0 0 0 0
17 2 0 0 0 0 0 1 0 0 0 0 0 0
18 2 1 1 0 0 0 1 0 0 0 0 0 0
22 3 1 1 1 1 1 0 0 0 0 0 0 0
fn=run(global::DataSetInfo const&)
79 38 4 4 2 0 0 20 4 1 0 0 0 0
81 4 0 0 4 2 0 0 0 0 0 0 0 0
82 4 2 2 2 2 0 2 0 0 0 0 0 0
83 2 0 0 2 0 0 0 0 0 0 0 0 0
87 10 2 2 0 0 0 4 0 0 0 0 0 0
88 10 0 0 0 0 0 4 0 0 0 0 0 0
89 10 0 0 0 0 0 4 0 0 0 0 0 0
96 20 2 2 2 2 0 10 2 0 0 0 0 0
97 4 2 1 0 0 0 4 0 0 0 0 0 0
99 4 0 0 0 0 0 4 0 0 0 0 0 0
100 1218 0 0 6 6 6 0 0 0 202 3 0 0
103 4 0 0 0 0 0 4 2 0 0 0 0 0
106 802 0 0 200 0 0 0 0 0 200 4 0 0
108 6807 4 4 7 0 0 200 0 0 2000 228 0 0
109 3991 0 0 2000 305 139 0 0 0 0 0 0 0
112 24 2 2 4 0 0 0 0 0 2 0 0 0
116 2 0 0 0 0 0 2 0 0 0 0 0 0
120 2 0 0 0 0 0 2 0 0 0 0 0 0
124 2 0 0 0 0 0 2 0 0 0 0 0 0
128 2 0 0 0 0 0 2 0 0 0 0 0 0
131 4 0 0 2 0 0 2 0 0 0 0 0 0
132 22 0 0 18 3 2 0 0 0 2 0 0 0
fn=save_res(std::vector<std::vector<int, std::allocator<int> >, std::allocator<std::vector<int, std::allocator<int> > > > const&)
70 624 2 2 2 0 0 14 0 0 0 0 0 0
72 608 0 0 2 0 0 0 0 0 202 4 0 0
73 6200 0 0 0 0 0 0 0 0 2000 202 0 0
74 10000 2 2 4000 65 0 2000 0 0 0 0 0 0
78 22 0 0 18 0 0 0 0 0 2 1 0 0
fl=/home/ray847/projects/DataStructures/PJ/src/StackHeap.h
fn=TestSolution::Glove::Solution::Insert_(int, std::vector<std::vector<std::vector<int, std::allocator<int> >, std::allocator<std::vector<int, std::allocator<int> > > >, std::allocator<std::vector<std::vector<int, std::allocator<int> >, std::allocator<std::vector<int, std::allocator<int> > > > > >&, std::vector<std::mutex, std::allocator<std::mutex> >&)
11 56918 0 0 0 0 0 56918 12792 19 0 0 0 0
14 21853536 0 0 5407210 0 0 0 0 0 5519558 7 0 0
16 16392384 0 0 0 0 0 0 0 0 0 0 0 0
17 5519558 0 0 0 0 0 5519558 6 2 0 0 0 0
21 166290 0 0 55430 0 0 0 0 0 55430 0 0 0
22 21174260 1 1 0 0 0 5265850 0 0 0 0 0 0
23 10753420 0 0 0 0 0 5376710 1 0 0 0 0 0
fn=TestSolution::Glove::Solution::SearchFP_(std::vector<float, std::allocator<float> > const&, int, int*)
14 745916 1 1 0 0 0 0 0 0 372958 12302 0 0
16 1001103 1 1 0 0 0 0 0 0 0 0 0 0
17 333901 1 1 0 0 0 333901 5 0 0 0 0 0
22 1854503 1 1 379737 0 0 566216 3628 0 0 0 0 0
23 655746 0 0 0 0 0 327873 29 0 0 0 0 0
31 300 0 0 0 0 0 0 0 0 0 0 0 0
fn=TestSolution::Glove::Solution::SearchLayerFP_(float const*, int, int, int, std::vector<std::vector<std::vector<int, std::allocator<int> >, std::allocator<std::vector<int, std::allocator<int> > > >, std::allocator<std::vector<std::vector<int, std::allocator<int> >, std::allocator<std::vector<int, std::allocator<int> > > > > > const&, std::vector<std::mutex, std::allocator<std::mutex> >&, TestSolution::Glove::Solution::VisitedList&)
14 94500884 1 1 0 0 0 0 0 0 47250442 1119583 0 0
16 135639417 0 0 0 0 0 0 0 0 0 0 0 0
17 45253977 1 1 0 0 0 45253977 661 134 0 0 0 0
22 140897983 2 2 27444012 10 1 41166018 906 5 0 0 0 0
23 58587354 0 0 0 0 0 22432674 2117 189 0 0 0 0
31 20419 0 0 0 0 0 0 0 0 0 0 0 0
35 135189923 0 0 135189923 1277 483 0 0 0 0 0 0 0
fn=TestSolution::Glove::Solution::SelectNeighbors_(StackHeap<std::pair<float, int>, 501, std::less<std::pair<float, int> > >&, std::vector<int, std::allocator<int> >&)
22 49536494 0 0 0 0 0 9903215 0 0 0 0 0 0
23 19847268 0 0 0 0 0 9923634 8 4 0 0 0 0
31 81676 0 0 61257 368 0 20419 0 0 0 0 0 0
fn=TestSolution::Sift::Solution::Insert_(int, std::vector<std::vector<std::vector<int, std::allocator<int> >, std::allocator<std::vector<int, std::allocator<int> > > >, std::allocator<std::vector<std::vector<int, std::allocator<int> >, std::allocator<std::vector<int, std::allocator<int> > > > > >&, std::vector<std::mutex, std::allocator<std::mutex> >&)
11 97 0 0 0 0 0 97 96 0 0 0 0 0
14 18625 1 1 6079 0 0 0 0 0 6273 5 0 0
16 18528 0 0 0 0 0 0 0 0 0 0 0 0
17 6273 0 0 0 0 0 6273 0 0 0 0 0 0
21 291 0 0 97 0 0 0 0 0 97 0 0 0
22 24510 0 0 0 0 0 6079 0 0 0 0 0 0
23 12546 1 1 0 0 0 6273 0 0 0 0 0 0
fn=TestSolution::Sift::Solution::SearchFP_(std::vector<float, std::allocator<float> > const&, int, int*)
14 192355 2 2 38471 0 0 0 0 0 76942 6 0 0
16 230826 0 0 0 0 0 0 0 0 0 0 0 0
17 77142 1 1 0 0 0 77142 6 0 0 0 0 0
22 344476 0 0 55813 0 0 94184 0 0 0 0 0 0
23 157744 0 0 40000 0 0 68872 0 0 0 0 0 0
31 60816 1 1 30208 0 0 30408 0 0 0 0 0 0
35 215944 0 0 0 0 0 7 0 0 0 0 0 0
fn=TestSolution::Sift::Solution::SearchLayerFP_(float const*, int, int, int, std::vector<std::vector<std::vector<int, std::allocator<int> >, std::allocator<std::vector<int, std::allocator<int> > > >, std::allocator<std::vector<std::vector<int, std::allocator<int> >, std::allocator<std::vector<int, std::allocator<int> > > > > > const&, std::vector<std::mutex, std::allocator<std::mutex> >&, TestSolution::Sift::Solution::VisitedList&)
14 29021372 1 1 0 0 0 0 0 0 14510686 1039 0 0
16 43532058 0 0 0 0 0 0 0 0 0 0 0 0
17 14531354 1 1 0 0 0 14531354 93 22 0 0 0 0
22 26271701 0 0 2345816 0 0 4691632 7 0 0 0 0 0
23 16899624 1 1 0 0 0 7276904 50 6 0 0 0 0
31 10334 0 0 0 0 0 0 0 0 0 0 0 0
35 17483005 0 0 17483005 137 37 0 0 0 0 0 0 0
fn=TestSolution::Sift::Solution::SelectNeighbors_(StackHeap<std::pair<float, int>, 501, std::less<std::pair<float, int> > >&, std::vector<int, std::allocator<int> >&)
22 24557969 1 1 0 0 0 4909527 0 0 0 0 0 0
23 9839722 0 0 0 0 0 4919861 2 0 0 0 0 0
31 41336 1 1 31002 2 0 10334 0 0 0 0 0 0
fl=/home/ray847/projects/DataStructures/PJ/src/TestSolution.cpp
fn=TestSolution::Glove::Solution::Build(std::vector<float, std::allocator<float> > const&)
350 15 2 2 2 1 0 7 0 0 0 0 0 0
351 2 0 0 0 0 0 1 1 0 0 0 0 0
352 2 0 0 1 0 0 1 0 0 0 0 0 0
353 5 1 1 0 0 0 1 0 0 0 0 0 0
354 1 0 0 0 0 0 0 0 0 0 0 0 0
357 2 0 0 0 0 0 0 0 0 0 0 0 0
358 80005 1 1 20001 0 0 0 0 0 20001 1 0 0
359 60000 0 0 0 0 0 20000 5000 0 0 0 0 0
360 40000 0 0 0 0 0 0 0 0 0 0 0 0
362 1 0 0 0 0 0 1 0 0 0 0 0 0
364 2 0 0 0 0 0 0 0 0 1 0 0 0
365 1 0 0 0 0 0 1 0 0 0 0 0 0
366 60002 1 1 0 0 0 0 0 0 20000 4 0 0
367 139994 0 0 59996 5001 0 2 0 0 19999 5 0 0
372 60005 0 0 1 1 0 0 0 0 20001 10 0 0
373 120000 0 0 40000 5001 0 0 0 0 0 0 0 0
376 1 0 0 0 0 0 1 1 1 0 0 0 0
378 2 0 0 0 0 0 2 0 0 0 0 0 0
387 3 1 1 0 0 0 2 1 0 0 0 0 0
388 59 0 0 18 0 0 0 0 0 19 4 0 0
391 58 0 0 0 0 0 0 0 0 19 3 0 0
392 36 0 0 0 0 0 18 0 0 0 0 0 0
394 5 0 0 0 0 0 1 0 0 0 0 0 0
395 11 0 0 9 2 2 0 0 0 1 0 0 0
403 80000 0 0 40000 2 0 20000 0 0 0 0 0 0
fn=TestSolution::Glove::Solution::FlattenGraph_(std::vector<std::vector<std::vector<int, std::allocator<int> >, std::allocator<std::vector<int, std::allocator<int> > > >, std::allocator<std::vector<std::vector<int, std::allocator<int> >, std::allocator<std::vector<int, std::allocator<int> > > > > > const&)
547 13 1 1 1 0 0 7 0 0 0 0 0 0
548 7 1 1 2 0 0 1 0 0 0 0 0 0
549 1 0 0 0 0 0 0 0 0 0 0 0 0
550 80009 1 1 5 2 0 0 0 0 20001 8 0 0
551 60003 0 0 20001 5001 0 0 0 0 1 0 0 0
552 121676 0 0 0 0 0 0 0 0 40419 431 0 0
553 61257 0 0 0 0 0 0 0 0 20419 1 0 0
557 1 0 0 0 0 0 0 0 0 0 0 0 0
560 100005 0 0 2 1 0 0 0 0 20001 1 0 0
561 20000 1 1 0 0 0 20000 5001 0 0 0 0 0
562 60000 0 0 40000 0 0 0 0 0 0 0 0 0
563 242933 0 0 60419 0 0 0 0 0 40419 433 0 0
564 40838 1 1 0 0 0 0 0 0 20419 0 0 0
566 122514 0 0 40838 0 0 20419 3750 0 0 0 0 0
567 6462745 1 1 1292549 96460 77938 1272130 79509 1977 1292549 20453 0 0
571 11 0 0 9 2 0 0 0 0 1 0 0 0
fn=TestSolution::Glove::Solution::Insert_(int, std::vector<std::vector<std::vector<int, std::allocator<int> >, std::allocator<std::vector<int, std::allocator<int> > > >, std::allocator<std::vector<std::vector<int, std::allocator<int> >, std::allocator<std::vector<int, std::allocator<int> > > > > >&, std::vector<std::mutex, std::allocator<std::mutex> >&)
408 507076 3 3 40000 7129 77 200000 18 18 0 0 0 0
410 40126 3 3 20018 19811 33 36 18 18 20000 12 0 0
411 60000 0 0 20000 0 0 0 0 0 20000 2 0 0
413 100000 0 0 40000 23 0 0 0 0 0 0 0 0
414 40000 1 1 20000 0 0 20000 0 0 0 0 0 0
415 80000 0 0 40000 19924 0 0 0 0 0 0 0 0
417 40000 0 0 0 0 0 0 0 0 20000 0 0 0
419 398243 2 2 59581 0 0 39982 0 0 59581 18292 0 0
421 362153 0 0 39581 0 0 39581 0 0 82124 48198 0 0
422 82124 0 0 0 0 0 0 0 0 0 0 0 0
423 127094 0 0 63547 0 0 0 0 0 0 0 0 0
425 167076 0 0 0 0 0 0 0 0 83538 2 0 0
427 9168048 1 1 1000108 133083 2690 0 0 0 1083646 94599 0 0
428 82124 0 0 82124 0 0 0 0 0 0 0 0 0
429 2000216 0 0 0 0 0 0 0 0 1000108 74016 0 0
430 68201 0 0 0 0 0 0 0 0 0 0 0 0
431 68201 0 0 0 0 0 0 0 0 0 0 0 0
432 68201 0 0 0 0 0 0 0 0 0 0 0 0
438 142095 0 0 61257 0 0 0 0 0 40419 428 0 0
440 306285 2 2 122514 0 0 81676 0 0 0 0 0 0
442 61257 0 0 0 0 0 40838 20222 365 0 0 0 0
444 81676 0 0 20419 20258 401 20419 0 0 0 0 0 0
448 40838 1 1 20419 0 0 20419 0 0 0 0 0 0
451 2699122 0 0 1993713 678 4 0 0 0 684990 21693 0 0
452 1329142 1 1 1329142 45499 23 0 0 0 0 0 0 0
453 1329142 0 0 664571 0 0 0 0 0 664571 0 0 0
456 2157065 0 0 705409 575 7 40838 0 0 664571 64328 0 0
459 113836 1 1 56918 25241 0 0 0 0 0 0 0 0
461 49404824 0 0 5464128 384653 7694 0 0 0 5521046 57069 0 0
464 170754 0 0 56918 8581 2 0 0 0 56918 1575 0 0
468 5321280 0 0 0 0 0 0 0 0 5321280 17 0 0
475 40838 1 1 20419 20093 29 0 0 0 20419 3 0 0
479 220000 0 0 180000 28559 463 0 0 0 20000 0 0 0
fn=TestSolution::Glove::Solution::Search(std::vector<float, std::allocator<float> > const&, int, int*)
397 100 1 1 0 0 0 0 0 0 0 0 0 0
398 200 0 0 0 0 0 0 0 0 0 0 0 0
fn=TestSolution::Glove::Solution::SearchFP_(std::vector<float, std::allocator<float> > const&, int, int*)
573 2100 2 2 400 196 3 900 1 1 0 0 0 0
574 208 1 1 102 1 1 2 0 0 100 1 0 0
575 300 0 0 100 1 0 0 0 0 100 1 0 0
579 100 1 1 100 0 0 0 0 0 0 0 0 0
581 200 0 0 0 0 0 0 0 0 100 0 0 0
586 500 1 1 100 0 0 0 0 0 0 0 0 0
588 1650 0 0 100 0 0 0 0 0 550 102 0 0
590 1350 1 1 0 0 0 0 0 0 0 0 0 0
591 900 0 0 0 0 0 0 0 0 0 0 0 0
592 1350 0 0 450 349 0 0 0 0 0 0 0 0
593 900 0 0 0 0 0 0 0 0 0 0 0 0
594 5580 1 1 1095 371 0 100 0 0 645 96 0 0
595 900 0 0 0 0 0 0 0 0 0 0 0 0
596 1350 0 0 450 8 0 0 0 0 0 0 0 0
598 21621 0 0 0 0 0 0 0 0 7057 455 0 0
599 39642 1 1 6607 690 37 0 0 0 0 0 0 0
601 13214 0 0 0 0 0 0 0 0 6607 427 0 0
602 388 0 0 0 0 0 0 0 0 0 0 0 0
603 388 0 0 0 0 0 0 0 0 0 0 0 0
604 588 0 0 0 0 0 0 0 0 0 0 0 0
621 282494 0 0 0 0 0 0 0 0 141247 55 0 0
622 282388 1 1 282388 738 0 0 0 0 0 0 0 0
625 481296 0 0 0 0 0 0 0 0 141294 3841 0 0
626 198508 0 0 0 0 0 0 0 0 99254 57 0 0
629 423741 1 1 141247 8 0 0 0 0 0 0 0 0
630 282494 0 0 141247 141001 0 0 0 0 0 0 0 0
631 988729 0 0 423741 142176 79 141247 0 0 0 0 0 0
633 48820319 0 0 9566318 0 0 141247 0 0 9707565 154741 0 0
634 9566318 1 1 9566318 729878 24093 0 0 0 0 0 0 0
635 46136626 0 0 9566318 0 0 0 0 0 9566318 308629 0 0
638 7412004 0 0 1853001 0 0 0 0 0 0 0 0 0
639 7292204 0 0 0 0 0 0 0 0 3646102 116263 0 0
642 372958 0 0 0 0 0 0 0 0 186479 800 0 0
643 186479 1 1 186479 0 0 0 0 0 0 0 0 0
644 186479 0 0 0 0 0 0 0 0 0 0 0 0
651 300 1 1 0 0 0 200 100 0 0 0 0 0
653 60000 1 1 0 0 0 0 0 0 60000 18 0 0
659 2000 0 0 0 0 0 0 0 0 1000 8 0 0
660 2400 0 0 200 0 0 0 0 0 1100 100 0 0
661 4000 0 0 2000 0 0 1000 151 69 0 0 0 0
664 700 0 0 600 100 0 0 0 0 0 0 0 0
fn=TestSolution::Glove::Solution::SearchLayerFP_(float const*, int, int, int, std::vector<std::vector<std::vector<int, std::allocator<int> >, std::allocator<std::vector<int, std::allocator<int> > > >, std::allocator<std::vector<std::vector<int, std::allocator<int> >, std::allocator<std::vector<int, std::allocator<int> > > > > > const&, std::vector<std::mutex, std::allocator<std::mutex> >&, TestSolution::Glove::Solution::VisitedList&)
484 510475 1 1 102095 20197 71 224609 42753 67 0 0 0 0
490 61257 0 0 20419 0 0 0 0 0 0 0 0 0
495 17382482 0 0 0 0 0 0 0 0 8691241 989 0 0
496 17380498 0 0 17380498 205 26 0 0 0 0 0 0 0
498 26169866 0 0 8729103 5415 72 0 0 0 8730095 19800 0 0
500 8691241 0 0 0 0 0 0 0 0 0 0 0 0
501 17402901 0 0 8691241 0 0 0 0 0 8691241 3 0 0
504 2505446978 1 1 504565884 38268685 1226614 0 0 0 504565894 8711852 0 0
506 270379846 0 0 0 0 0 0 0 0 0 0 0 0
507 781429893 1 1 260476631 1391 387 0 0 0 260476631 11860798 0 0
510 47250442 0 0 0 0 0 0 0 0 23625221 1306270 0 0
516 245028 1 1 183771 60645 1188 0 0 0 20419 2 0 0
fn=TestSolution::Glove::Solution::SelectNeighbors_(StackHeap<std::pair<float, int>, 501, std::less<std::pair<float, int> > >&, std::vector<int, std::allocator<int> >&)
520 183771 1 1 0 0 0 142933 0 0 0 0 0 0
522 40838 0 0 0 0 0 0 0 0 20419 11 0 0
524 61257 1 1 0 0 0 40838 0 0 0 0 0 0
526 19928944 0 0 0 0 0 0 0 0 9944053 66884 0 0
532 28408074 1 1 9469358 214 15 0 0 0 9469358 17742 0 0
533 18944088 0 0 0 0 0 0 0 0 9472044 2687 0 0
535 262207723 0 0 0 0 0 0 0 0 45611799 649840 0 0
536 174934907 1 1 37795756 908427 79 0 0 0 44947228 9543191 0 0
545 142933 1 1 122514 20119 18 0 0 0 0 0 0 0
fn=TestSolution::Glove::Solution::Solution()
348 12 4 2 4 0 0 6 2 0 0 0 0 0
fn=TestSolution::Sift::Solution::Build(std::vector<float, std::allocator<float> > const&)
28 15 2 2 2 1 0 7 0 0 0 0 0 0
29 2 0 0 0 0 0 1 1 0 0 0 0 0
30 2 0 0 1 0 0 1 0 0 0 0 0 0
31 2 0 0 0 0 0 1 0 0 0 0 0 0
32 1 0 0 0 0 0 0 0 0 0 0 0 0
35 2 0 0 0 0 0 0 0 0 0 0 0 0
36 40005 0 0 10001 0 0 0 0 0 10001 4 0 0
37 30000 0 0 0 0 0 10000 2500 0 0 0 0 0
38 20000 0 0 0 0 0 0 0 0 0 0 0 0
40 1 0 0 0 0 0 1 0 0 0 0 0 0
42 2 0 0 0 0 0 0 0 0 1 0 0 0
43 1 0 0 0 0 0 1 0 0 0 0 0 0
44 30002 1 1 0 0 0 0 0 0 10000 14 0 0
45 69994 0 0 29996 2501 0 2 0 0 9999 12 0 0
50 30005 0 0 1 1 0 0 0 0 10001 8 0 0
51 60000 0 0 20000 2501 0 0 0 0 0 0 0 0
54 1 0 0 0 0 0 1 1 0 0 0 0 0
56 2 0 0 0 0 0 2 0 0 0 0 0 0
65 3 1 1 0 0 0 2 1 0 0 0 0 0
66 59 0 0 18 0 0 0 0 0 19 4 0 0
69 58 1 1 0 0 0 0 0 0 19 2 0 0
70 36 0 0 0 0 0 18 0 0 0 0 0 0
72 5 0 0 0 0 0 1 0 0 0 0 0 0
73 11 1 1 9 2 1 0 0 0 1 0 0 0
81 40000 0 0 20000 2 0 10000 0 0 0 0 0 0
fn=TestSolution::Sift::Solution::FlattenGraph_(std::vector<std::vector<std::vector<int, std::allocator<int> >, std::allocator<std::vector<int, std::allocator<int> > > >, std::allocator<std::vector<std::vector<int, std::allocator<int> >, std::allocator<std::vector<int, std::allocator<int> > > > > > const&)
225 13 2 2 1 0 0 7 0 0 0 0 0 0
226 7 0 0 2 0 0 1 0 0 0 0 0 0
227 1 0 0 0 0 0 0 0 0 0 0 0 0
228 40009 1 1 5 2 0 0 0 0 10001 9 0 0
229 30003 2 2 10001 2501 0 0 0 0 1 0 0 0
230 61336 1 1 0 0 0 0 0 0 20334 339 0 0
231 31002 0 0 0 0 0 0 0 0 10334 1 0 0
235 1 0 0 0 0 0 0 0 0 0 0 0 0
238 50005 0 0 2 1 0 0 0 0 10001 1 0 0
239 10000 0 0 0 0 0 10000 2501 0 0 0 0 0
240 30000 0 0 20000 0 0 0 0 0 0 0 0 0
241 122338 0 0 30334 0 0 0 0 0 20334 347 0 0
242 20668 0 0 0 0 0 0 0 0 10334 2 0 0
244 62004 1 1 20668 0 0 10334 1876 0 0 0 0 0
245 1111900 1 1 222380 21735 1320 212046 13254 0 222380 10647 0 0
249 11 0 0 9 2 0 0 0 0 1 1 0 0
fn=TestSolution::Sift::Solution::Insert_(int, std::vector<std::vector<std::vector<int, std::allocator<int> >, std::allocator<std::vector<int, std::allocator<int> > > >, std::allocator<std::vector<std::vector<int, std::allocator<int> >, std::allocator<std::vector<int, std::allocator<int> > > > > >&, std::vector<std::mutex, std::allocator<std::mutex> >&)
86 170000 2 2 20000 9834 37 110000 54 54 0 0 0 0
88 21290 2 2 10406 9894 1 521 0 0 10000 2 0 0
89 40000 0 0 20000 0 0 0 0 0 10000 1 0 0
91 70000 1 1 30000 1 1 0 0 0 0 0 0 0
92 10000 0 0 10000 0 0 0 0 0 0 0 0 0
93 40000 0 0 20000 9962 0 0 0 0 0 0 0 0
95 20000 0 0 0 0 0 0 0 0 10000 0 0 0
97 198592 2 2 29666 0 0 29976 1 0 29666 8418 0 0
99 168698 0 0 45724 0 0 39332 0 0 44310 20593 0 0
100 132930 0 0 0 0 0 88620 0 0 0 0 0 0
101 427264 0 0 71464 0 0 91448 0 0 0 0 0 0
102 45724 0 0 0 0 0 0 0 0 0 0 0 0
103 91448 0 0 45724 1 0 0 0 0 45724 0 0 0
105 1507496 0 0 354012 57486 82 0 0 0 399736 46660 0 0
106 2257002 1 1 88620 0 0 354012 0 0 0 0 0 0
107 1062036 0 0 354012 0 0 0 0 0 354012 44596 0 0
108 39755 0 0 0 0 0 39755 0 0 0 0 0 0
109 39755 0 0 0 0 0 0 0 0 0 0 0 0
110 39755 0 0 0 0 0 39755 0 0 0 0 0 0
116 71670 0 0 31002 0 0 0 0 0 20334 342 0 0
118 184676 2 2 62004 0 0 61336 17 0 0 0 0 0
120 31002 0 0 0 0 0 20668 10183 21 0 0 0 0
122 41336 1 1 10334 10176 21 10334 0 0 0 0 0 0
126 20668 0 0 10334 10072 1 10334 0 0 0 0 0 0
129 763403 1 1 530525 40 0 0 0 0 116439 10467 0 0
131 212210 0 0 106105 0 0 0 0 0 106105 0 0 0
134 400987 0 0 126773 0 0 20668 0 0 106105 105 0 0
137 1067 1 1 194 1 0 388 0 0 0 0 0 0
139 19789 1 1 6467 470 0 388 0 0 6273 97 0 0
140 37056 0 0 6176 0 0 6176 0 0 0 0 0 0
142 776 1 1 485 1 0 0 0 0 97 0 0 0
146 6176 0 0 0 0 0 0 0 0 6176 196 0 0
153 20668 1 1 10334 10120 1 0 0 0 10334 2 0 0
157 110000 0 0 90000 9930 39 0 0 0 10000 0 0 0
fn=TestSolution::Sift::Solution::Search(std::vector<float, std::allocator<float> > const&, int, int*)
75 100 1 1 0 0 0 0 0 0 0 0 0 0
76 200 0 0 0 0 0 0 0 0 0 0 0 0
fn=TestSolution::Sift::Solution::SearchFP_(std::vector<float, std::allocator<float> > const&, int, int*)
251 1700 2 2 200 1 0 1000 2 0 0 0 0 0
252 207 2 2 101 1 0 2 1 0 100 0 0 0
253 400 1 1 200 1 0 0 0 0 100 1 0 0
257 200 1 1 200 2 0 0 0 0 0 0 0 0
259 200 0 0 0 0 0 0 0 0 100 0 0 0
264 900 1 1 200 0 0 200 0 0 0 0 0 0
266 1100 0 0 100 0 0 0 0 0 300 100 0 0
268 1046 0 0 0 0 0 0 0 0 523 249 0 0
269 5753 0 0 0 0 0 2615 0 0 0 0 0 0
270 2615 1 1 1046 422 0 0 0 0 0 0 0 0
271 1046 0 0 0 0 0 0 0 0 0 0 0 0
272 6466 0 0 1255 521 0 100 0 0 732 102 0 0
273 1046 0 0 0 0 0 0 0 0 0 0 0 0
274 1569 1 1 523 9 0 0 0 0 0 0 0 0
276 19475 1 1 2615 0 0 0 0 0 5620 533 0 0
277 5097 0 0 5097 655 0 0 0 0 0 0 0 0
278 30582 1 1 0 0 0 5097 0 0 0 0 0 0
279 15291 0 0 5097 0 0 0 0 0 5097 517 0 0
280 467 0 0 0 0 0 467 0 0 0 0 0 0
281 467 0 0 0 0 0 0 0 0 0 0 0 0
282 667 1 1 200 0 0 467 0 0 0 0 0 0
299 60416 0 0 0 0 0 0 0 0 30208 9 0 0
300 60402 0 0 60402 60 0 0 0 0 0 0 0 0
303 81370 1 1 30301 0 0 0 0 0 40578 1675 0 0
304 20568 0 0 10284 0 0 0 0 0 10284 93 0 0
307 90624 0 0 30208 1 0 0 0 0 0 0 0 0
308 60416 0 0 30208 29924 0 0 0 0 0 0 0 0
309 211456 1 1 90624 29853 0 30208 0 0 0 0 0 0
311 3943162 0 0 764466 0 0 30208 0 0 764466 33052 0 0
312 734258 1 1 734258 74030 39 0 0 0 0 0 0 0
313 3922224 0 0 734258 0 0 0 0 0 734258 72029 0 0
316 2260929 0 0 411078 0 0 822156 0 0 0 0 0 0
317 1584612 1 1 802256 0 0 0 0 0 391178 15746 0 0
320 76942 1 1 0 0 0 0 0 0 38471 805 0 0
321 115413 0 0 76942 0 0 38471 0 0 0 0 0 0
322 38471 0 0 0 0 0 0 0 0 0 0 0 0
329 486 1 1 0 0 0 293 100 0 0 0 0 0
331 40000 0 0 0 0 0 0 0 0 20000 6 0 0
337 2000 0 0 0 0 0 0 0 0 1000 5 0 0
338 2600 1 1 400 0 0 0 0 0 1100 102 0 0
339 3000 0 0 1000 0 0 1000 150 0 0 0 0 0
342 700 1 1 600 100 0 0 0 0 0 0 0 0
fn=TestSolution::Sift::Solution::SearchLayerFP_(float const*, int, int, int, std::vector<std::vector<std::vector<int, std::allocator<int> >, std::allocator<std::vector<int, std::allocator<int> > > >, std::allocator<std::vector<std::vector<int, std::allocator<int> >, std::allocator<std::vector<int, std::allocator<int> > > > > > const&, std::vector<std::mutex, std::allocator<std::mutex> >&, TestSolution::Sift::Solution::VisitedList&)
162 268684 2 2 51670 10227 22 124008 20289 36 0 0 0 0
168 72338 1 1 10334 0 0 10334 10226 18 0 0 0 0
173 9843210 0 0 0 0 0 0 0 0 4921605 854 0 0
174 9841508 0 0 9841508 25 2 0 0 0 0 0 0 0
176 14832047 0 0 4939720 64 4 10334 0 0 4940571 10287 0 0
178 4921605 0 0 0 0 0 0 0 0 0 0 0 0
179 9853544 0 0 4921605 0 0 0 0 0 4921605 3 0 0
182 513229766 1 1 202338942 10218624 15062 0 0 0 103630277 5007844 0 0
184 139864040 0 0 34966010 0 0 17483005 4 0 0 0 0 0
185 90169449 0 0 30056483 116 24 0 0 0 30056483 1828195 0 0
188 14510686 0 0 7255343 3 0 0 0 0 7255343 56047 0 0
194 124008 1 1 93006 20438 57 0 0 0 10334 0 0 0
fn=TestSolution::Sift::Solution::SelectNeighbors_(StackHeap<std::pair<float, int>, 501, std::less<std::pair<float, int> > >&, std::vector<int, std::allocator<int> >&)
198 103340 1 1 0 0 0 82672 0 0 0 0 0 0
200 20668 0 0 0 0 0 0 0 0 10334 19 0 0
202 31002 1 1 0 0 0 20668 0 0 0 0 0 0
204 9891392 0 0 0 0 0 10334 0 0 4930195 34 0 0
210 14748311 0 0 4916092 0 0 0 0 0 4916092 30831 0 0
211 9832226 0 0 0 0 0 0 0 0 4916113 22 0 0
213 25212923 0 0 0 0 0 0 0 0 10043005 95976 0 0
214 138489680 0 0 39496832 505497 1 14842658 0 0 9936900 3800565 0 0
223 72338 0 0 62004 10156 1 0 0 0 0 0 0 0
fn=TestSolution::Sift::Solution::Solution()
26 12 2 1 4 2 1 6 4 0 0 0 0 0
fn=_GLOBAL__sub_I__ZN12TestSolution4Sift8SolutionC2Ev
668 2 1 1 1 0 0 0 0 0 0 0 0 0
fn=std::thread::_State_impl<std::thread::_Invoker<std::tuple<TestSolution::Glove::Solution::Build(std::vector<float, std::allocator<float> > const&)::{lambda()#1}> > >::_M_run()
379 18 0 0 0 0 0 0 0 0 0 0 0 0
382 60054 1 0 40036 10928 10 0 0 0 20018 6 0 0
383 60000 0 0 40000 2855 0 20000 0 0 0 0 0 0
fn=std::thread::_State_impl<std::thread::_Invoker<std::tuple<TestSolution::Sift::Solution::Build(std::vector<float, std::allocator<float> > const&)::{lambda()#1}> > >::_M_run()
57 18 0 0 0 0 0 0 0 0 0 0 0 0
60 30054 0 0 20036 742 0 0 0 0 10018 9977 0 0
61 30000 0 0 20000 1829 0 10000 0 0 0 0 0 0
fl=/home/ray847/projects/DataStructures/PJ/src/TestSolution.h
fn=TestSolution::Glove::Solution::Insert_(int, std::vector<std::vector<std::vector<int, std::allocator<int> >, std::allocator<std::vector<int, std::allocator<int> > > >, std::allocator<std::vector<std::vector<int, std::allocator<int> >, std::allocator<std::vector<int, std::allocator<int> > > > > >&, std::vector<std::mutex, std::allocator<std::mutex> >&)
149 7193136 1 1 0 0 0 0 0 0 0 0 0 0
150 343303528 1 1 0 0 0 0 0 0 165117300 6673276 0 0
151 660469200 0 0 330234600 44275370 40537 0 0 0 0 0 0 0
152 1812778900 3 3 0 0 0 0 0 0 0 0 0 0
192 36 1 1 0 0 0 18 18 18 0 0 0 0
194 102095 0 0 40838 340 1 40838 0 0 0 0 0 0
195 40838 0 0 0 0 0 0 0 0 20419 8 0 0
fn=TestSolution::Glove::Solution::SearchFP_(std::vector<float, std::allocator<float> > const&, int, int*)
149 3712909 1 1 0 0 0 0 0 0 0 0 0 0
150 92998614 1 1 0 0 0 0 0 0 46492700 1884901 0 0
151 185970800 0 0 92985400 13001118 56755 0 0 0 0 0 0 0
152 465092175 2 2 0 0 0 0 0 0 0 0 0 0
192 2 1 1 0 0 0 1 1 1 0 0 0 0
195 200 0 0 100 1 1 0 0 0 100 3 0 0
201 38265672 0 0 19132936 4637027 0 0 0 0 9566418 1702782 0 0
202 3706102 0 0 0 0 0 1853101 0 0 0 0 0 0
fn=TestSolution::Glove::Solution::SearchLayerFP_(float const*, int, int, int, std::vector<std::vector<std::vector<int, std::allocator<int> >, std::allocator<std::vector<int, std::allocator<int> > > >, std::allocator<std::vector<std::vector<int, std::allocator<int> >, std::allocator<std::vector<int, std::allocator<int> > > > > > const&, std::vector<std::mutex, std::allocator<std::mutex> >&, TestSolution::Glove::Solution::VisitedList&)
149 675970034 0 0 270379846 155 0 0 0 0 0 0 0 0
150 6760578357 0 0 0 0 0 0 0 0 3380258550 135210745 0 0
151 13521034200 0 0 6760517100 944326672 2838 0 0 0 0 0 0 0
152 33802585500 2 2 0 0 0 0 0 0 0 0 0 0
201 1983559869 0 0 1487664797 184453698 173453 0 0 0 495895072 125376678 0 0
202 270400265 0 0 0 0 0 135210342 0 0 0 0 0 0
fn=TestSolution::Glove::Solution::SelectNeighbors_(StackHeap<std::pair<float, int>, 501, std::less<std::pair<float, int> > >&, std::vector<int, std::allocator<int> >&)
149 134841684 0 0 0 0 0 0 0 0 0 0 0 0
150 2292308628 0 0 44947228 13257 26 0 0 0 1123680700 44947322 0 0
151 4494722800 0 0 2247361400 67916315 33 0 0 0 0 0 0 0
152 11236807000 0 0 0 0 0 0 0 0 0 0 0 0
fn=TestSolution::Glove::Solution::VisitedList::~VisitedList()
189 19 1 1 0 0 0 0 0 0 0 0 0 0
fn=TestSolution::Sift::Distance<128, true, void>::L2Sq(float const*, float const*)
45 56093968 1 1 0 0 0 0 0 0 0 0 0 0
47 56093968 0 0 0 0 0 0 0 0 0 0 0 0
48 1346255232 0 0 0 0 0 0 0 0 448751744 28047137 0 0
60 28046984 0 0 28046984 24 2 0 0 0 0 0 0 0
fn=TestSolution::Sift::Solution::Insert_(int, std::vector<std::vector<std::vector<int, std::allocator<int> >, std::allocator<std::vector<int, std::allocator<int> > > >, std::allocator<std::vector<std::vector<int, std::allocator<int> >, std::allocator<std::vector<int, std::allocator<int> > > > > >&, std::vector<std::mutex, std::allocator<std::mutex> >&)
97 36 1 1 0 0 0 18 18 18 0 0 0 0
99 51670 1 1 20668 300 0 20668 0 0 0 0 0 0
100 20668 0 0 0 0 0 0 0 0 10334 8 0 0
fn=TestSolution::Sift::Solution::SearchFP_(std::vector<float, std::allocator<float> > const&, int, int*)
97 2 1 1 0 0 0 1 0 0 0 0 0 0
100 200 0 0 100 0 0 0 0 0 100 3 0 0
106 2937732 0 0 1468716 269580 0 0 0 0 734358 209873 0 0
107 205639 0 0 0 0 0 205639 0 0 0 0 0 0
fn=TestSolution::Sift::Solution::SearchLayerFP_(float const*, int, int, int, std::vector<std::vector<std::vector<int, std::allocator<int> >, std::allocator<std::vector<int, std::allocator<int> > > >, std::allocator<std::vector<std::vector<int, std::allocator<int> >, std::allocator<std::vector<int, std::allocator<int> > > > > > const&, std::vector<std::mutex, std::allocator<std::mutex> >&, TestSolution::Sift::Solution::VisitedList&)
106 394876024 1 1 296146684 16071385 14323 0 0 0 98719006 18136851 0 0
107 17493339 0 0 0 0 0 17493339 0 0 0 0 0 0
fn=TestSolution::Sift::Solution::VisitedList::~VisitedList()
94 19 1 1 0 0 0 0 0 0 0 0 0 0
fn=run(global::DataSetInfo const&)
239 16 2 2 0 0 0 8 2 0 0 0 0 0
247 4 0 0 0 0 0 0 0 0 2 1 0 0
248 1 0 0 0 0 0 1 0 0 0 0 0 0
249 4 1 1 2 0 0 1 0 0 0 0 0 0
251 1 0 0 0 0 0 1 0 0 0 0 0 0
252 3 0 0 2 0 0 1 0 0 0 0 0 0
266 1000 2 2 300 299 1 100 0 0 200 4 0 0
267 300 0 0 100 99 0 100 0 0 0 0 0 0
fl=/usr/include/c++/13/array
fn=TestSolution::Glove::Solution::Insert_(int, std::vector<std::vector<std::vector<int, std::allocator<int> >, std::allocator<std::vector<int, std::allocator<int> > > >, std::allocator<std::vector<std::vector<int, std::allocator<int> >, std::allocator<std::vector<int, std::allocator<int> > > > > >&, std::vector<std::mutex, std::allocator<std::mutex> >&)
94 5769137 1 1 0 0 0 5521046 153710 4861 5521046 56918 0 0
fn=TestSolution::Glove::Solution::SearchFP_(std::vector<float, std::allocator<float> > const&, int, int*)
94 61300 1 1 0 0 0 60400 1725 74 60100 112 0 0
fn=TestSolution::Glove::Solution::SearchLayerFP_(float const*, int, int, int, std::vector<std::vector<std::vector<int, std::allocator<int> >, std::allocator<std::vector<int, std::allocator<int> > > >, std::allocator<std::vector<std::vector<int, std::allocator<int> >, std::allocator<std::vector<int, std::allocator<int> > > > > > const&, std::vector<std::mutex, std::allocator<std::mutex> >&, TestSolution::Glove::Solution::VisitedList&)
94 30771433 2 2 0 0 0 30648919 3754163 13004 30648919 40884 0 0
fn=TestSolution::Sift::Solution::Insert_(int, std::vector<std::vector<std::vector<int, std::allocator<int> >, std::allocator<std::vector<int, std::allocator<int> > > >, std::allocator<std::vector<std::vector<int, std::allocator<int> >, std::allocator<std::vector<int, std::allocator<int> > > > > >&, std::vector<std::mutex, std::allocator<std::mutex> >&)
94 6790 0 0 0 0 0 6305 768 91 6305 109 0 0
fn=TestSolution::Sift::Solution::SearchFP_(std::vector<float, std::allocator<float> > const&, int, int*)
94 61000 0 0 0 0 0 60100 4235 0 60100 232 0 0
fn=TestSolution::Sift::Solution::SearchLayerFP_(float const*, int, int, int, std::vector<std::vector<std::vector<int, std::allocator<int> >, std::allocator<std::vector<int, std::allocator<int> > > >, std::allocator<std::vector<std::vector<int, std::allocator<int> >, std::allocator<std::vector<int, std::allocator<int> > > > > > const&, std::vector<std::mutex, std::allocator<std::mutex> >&, TestSolution::Sift::Solution::VisitedList&)
94 15573338 0 0 0 0 0 15511334 1880778 3854 15511334 20714 0 0
fl=/usr/include/c++/13/bits/atomic_base.h
fn=std::thread::_State_impl<std::thread::_Invoker<std::tuple<TestSolution::Glove::Solution::Build(std::vector<float, std::allocator<float> > const&)::{lambda()#1}> > >::_M_run()
635 60054 0 0 60054 39752 23 0 0 0 20018 18 0 0
fn=std::thread::_State_impl<std::thread::_Invoker<std::tuple<TestSolution::Sift::Solution::Build(std::vector<float, std::allocator<float> > const&)::{lambda()#1}> > >::_M_run()
635 30054 1 1 30054 19884 0 0 0 0 10018 0 0 0
fl=/usr/include/c++/13/bits/basic_ios.h
fn=load_base(global::DataSetInfo const&)
282 8 0 0 2 0 0 4 0 0 0 0 0 0
461 6 0 0 0 0 0 4 0 0 0 0 0 0
462 20 2 2 0 0 0 10 0 0 0 0 0 0
fn=load_labels(global::DataSetInfo const&)
282 8 0 0 2 0 0 4 0 0 0 0 0 0
461 6 2 2 0 0 0 4 0 0 0 0 0 0
462 20 2 2 0 0 0 10 0 0 0 0 0 0
fn=load_samples(global::DataSetInfo const&)
282 8 0 0 2 0 0 4 0 0 0 0 0 0
461 6 0 0 0 0 0 4 0 0 0 0 0 0
462 20 2 2 0 0 0 10 0 0 0 0 0 0
fn=save_res(std::vector<std::vector<int, std::allocator<int> >, std::allocator<std::vector<int, std::allocator<int> > > > const&)
282 8 0 0 2 0 0 4 0 0 0 0 0 0
461 6 0 0 0 0 0 4 0 0 0 0 0 0
462 20 2 2 0 0 0 10 1 0 0 0 0 0
fn=std::basic_format_context<std::__format::_Sink_iter<char>, char>::iterator std::__format::__formatter_chrono<char>::_M_format<std::chrono::duration<double, std::ratio<1l, 1l> >, std::basic_format_context<std::__format::_Sink_iter<char>, char> >(std::chrono::duration<double, std::ratio<1l, 1l> > const&, std::basic_format_context<std::__format::_Sink_iter<char>, char>&, bool) const
282 48 0 0 16 0 0 32 0 0 0 0 0 0
322 16 0 0 16 0 0 0 0 0 0 0 0 0
461 24 0 0 0 0 0 16 0 0 0 0 0 0
462 88 2 2 0 0 0 48 0 0 0 0 0 0
fl=/usr/include/c++/13/bits/basic_string.h
fn=load_base(global::DataSetInfo const&)
189 4 0 0 0 0 0 2 0 0 0 0 0 0
213 2 0 0 0 0 0 2 0 0 0 0 0 0
218 2 2 2 0 0 0 2 0 0 0 0 0 0
223 4 0 0 4 0 0 0 0 0 0 0 0 0
250 2 0 0 0 0 0 2 0 0 0 0 0 0
264 4 2 2 0 0 0 0 0 0 2 1 0 0
289 4 0 0 2 0 0 0 0 0 0 0 0 0
624 4 0 0 0 0 0 0 0 0 2 2 0 0
fn=load_labels(global::DataSetInfo const&)
189 4 0 0 0 0 0 2 0 0 0 0 0 0
213 2 0 0 0 0 0 2 0 0 0 0 0 0
218 2 2 2 0 0 0 2 0 0 0 0 0 0
223 4 0 0 4 0 0 0 0 0 0 0 0 0
250 2 0 0 0 0 0 2 0 0 0 0 0 0
264 4 0 0 0 0 0 0 0 0 2 0 0 0
289 4 0 0 2 0 0 0 0 0 0 0 0 0
624 4 0 0 0 0 0 0 0 0 2 2 0 0
fn=load_samples(global::DataSetInfo const&)
189 4 0 0 0 0 0 2 0 0 0 0 0 0
213 2 0 0 0 0 0 2 0 0 0 0 0 0
218 2 0 0 0 0 0 2 0 0 0 0 0 0
223 4 0 0 4 0 0 0 0 0 0 0 0 0
250 2 0 0 0 0 0 2 0 0 0 0 0 0
264 4 0 0 0 0 0 0 0 0 2 2 0 0
289 4 2 2 2 0 0 0 0 0 0 0 0 0
624 4 0 0 0 0 0 0 0 0 2 2 0 0
fn=run(global::DataSetInfo const&)
223 12 4 4 12 0 0 0 0 0 0 0 0 0
264 38 0 0 10 0 0 2 0 0 12 2 0 0
289 24 0 0 12 0 0 0 0 0 0 0 0 0
4037 48 2 2 24 0 0 12 0 0 0 0 0 0
fn=std::__cxx11::basic_string<char, std::char_traits<char>, std::allocator<char> >::_M_dispose()
223 8 0 0 8 0 0 0 0 0 0 0 0 0
241 8 0 0 0 0 0 0 0 0 0 0 0 0
264 16 0 0 0 0 0 0 0 0 8 4 0 0
280 8 2 2 0 0 0 0 0 0 0 0 0 0
284 8 0 0 8 0 0 0 0 0 0 0 0 0
fn=std::__cxx11::basic_string<char, std::char_traits<char>, std::allocator<char> >::_M_mutate(unsigned long, unsigned long, char const*, unsigned long)
213 12 0 0 0 0 0 12 0 0 0 0 0 0
223 12 0 0 12 0 0 0 0 0 0 0 0 0
241 12 0 0 0 0 0 0 0 0 0 0 0 0
250 12 0 0 0 0 0 12 0 0 0 0 0 0
264 48 0 0 12 0 0 0 0 0 24 4 0 0
427 24 0 0 0 0 0 0 0 0 12 0 0 0
1079 24 0 0 12 0 0 12 0 0 0 0 0 0
1171 24 3 3 0 0 0 0 0 0 0 0 0 0
fn=std::basic_format_context<std::__format::_Sink_iter<char>, char>::iterator std::__format::__formatter_chrono<char>::_M_format<std::chrono::duration<double, std::ratio<1l, 1l> >, std::basic_format_context<std::__format::_Sink_iter<char>, char> >(std::chrono::duration<double, std::ratio<1l, 1l> > const&, std::basic_format_context<std::__format::_Sink_iter<char>, char>&, bool) const
193 48 2 2 0 0 0 24 2 0 0 0 0 0
213 16 0 0 0 0 0 16 0 0 0 0 0 0
218 56 6 6 0 0 0 56 0 0 0 0 0 0
223 64 2 2 56 0 0 8 0 0 0 0 0 0
264 88 0 0 0 0 0 0 0 0 40 11 0 0
266 16 0 0 0 0 0 0 0 0 0 0 0 0
683 16 4 4 0 0 0 0 0 0 0 0 0 0
804 16 0 0 8 0 0 8 0 0 0 0 0 0
1072 8 0 0 8 0 0 0 0 0 0 0 0 0
4037 40 2 2 32 0 0 8 0 0 0 0 0 0
fn=std::basic_format_context<std::__format::_Sink_iter<char>, char>::iterator std::__format::__formatter_fp<char>::format<double, std::__format::_Sink_iter<char> >(double, std::basic_format_context<std::__format::_Sink_iter<char>, char>&) const
193 10 4 4 0 0 0 6 0 0 0 0 0 0
218 4 0 0 0 0 0 4 0 0 0 0 0 0
223 4 2 2 4 0 0 0 0 0 0 0 0 0
264 10 0 0 2 0 0 0 0 0 4 3 0 0
1171 2 0 0 0 0 0 0 0 0 0 0 0 0
fn=std::vformat[abi:cxx11](std::basic_string_view<char, std::char_traits<char> >, std::basic_format_args<std::basic_format_context<std::__format::_Sink_iter<char>, char> >)
193 36 0 0 0 0 0 24 2 2 0 0 0 0
213 12 0 0 0 0 0 12 0 0 0 0 0 0
218 36 0 0 0 0 0 36 0 0 0 0 0 0
223 24 0 0 24 0 0 0 0 0 0 0 0 0
230 12 0 0 0 0 0 0 0 0 0 0 0 0
250 24 3 3 12 0 0 12 0 0 0 0 0 0
264 48 0 0 0 0 0 0 0 0 24 6 0 0
266 12 0 0 0 0 0 0 0 0 0 0 0 0
399 48 6 6 0 0 0 0 0 0 12 0 0 0
1072 24 0 0 12 0 0 0 0 0 0 0 0 0
1079 12 0 0 0 0 0 0 0 0 0 0 0 0
1171 24 3 3 0 0 0 0 0 0 0 0 0 0
fl=/usr/include/c++/13/bits/basic_string.tcc
fn=load_base(global::DataSetInfo const&)
143 4 2 2 0 0 0 0 0 0 2 1 0 0
227 4 0 0 0 0 0 0 0 0 2 2 0 0
fn=load_labels(global::DataSetInfo const&)
143 4 2 2 0 0 0 0 0 0 2 0 0 0
227 4 0 0 0 0 0 0 0 0 2 1 0 0
fn=load_samples(global::DataSetInfo const&)
143 4 2 2 0 0 0 0 0 0 2 2 0 0
227 4 0 0 0 0 0 0 0 0 2 2 0 0
fn=std::__cxx11::basic_string<char, std::char_traits<char>, std::allocator<char> >::_M_mutate(unsigned long, unsigned long, char const*, unsigned long)
143 24 0 0 0 0 0 0 0 0 12 0 0 0
149 60 0 0 0 0 0 0 0 0 12 2 0 0
151 20 0 0 0 0 0 0 0 0 0 0 0 0
153 20 0 0 0 0 0 0 0 0 10 0 0 0
159 10 0 0 0 0 0 0 0 0 0 0 0 0
325 144 3 3 0 0 0 72 0 0 0 0 0 0
329 36 0 0 0 0 0 12 0 0 0 0 0 0
331 36 3 3 0 0 0 0 0 0 0 0 0 0
334 36 0 0 12 0 0 0 0 0 12 5 0 0
336 48 3 3 0 0 0 0 0 0 12 2 0 0
337 12 0 0 0 0 0 0 0 0 0 0 0 0
338 36 3 3 12 0 0 0 0 0 12 1 0 0
345 96 0 0 84 0 0 0 0 0 0 0 0 0
fn=std::vformat[abi:cxx11](std::basic_string_view<char, std::char_traits<char> >, std::basic_format_args<std::basic_format_context<std::__format::_Sink_iter<char>, char> >)
416 12 0 0 0 0 0 0 0 0 0 0 0 0
418 24 0 0 0 0 0 0 0 0 12 5 0 0
424 48 3 3 0 0 0 12 0 0 0 0 0 0
fl=/usr/include/c++/13/bits/char_traits.h
fn=load_base(global::DataSetInfo const&)
358 2 0 0 0 0 0 2 0 0 0 0 0 0
435 8 0 0 0 0 0 2 0 0 0 0 0 0
fn=load_labels(global::DataSetInfo const&)
358 2 0 0 0 0 0 2 0 0 0 0 0 0
435 8 0 0 0 0 0 2 0 0 0 0 0 0
fn=load_samples(global::DataSetInfo const&)
358 2 0 0 0 0 0 2 0 0 0 0 0 0
435 8 0 0 0 0 0 2 0 0 0 0 0 0
fn=std::__cxx11::basic_string<char, std::char_traits<char>, std::allocator<char> >::_M_mutate(unsigned long, unsigned long, char const*, unsigned long)
435 60 0 0 12 0 0 24 0 0 0 0 0 0
fn=std::__format::_Scanner<char>::_M_scan()
411 228 9 9 0 0 0 60 2 0 0 0 0 0
fn=std::__format::_Sink_iter<char> std::__format::__write<std::__format::_Sink_iter<char>, char>(std::__format::_Sink_iter<char>, std::basic_string_view<char, std::char_traits<char> >)
435 108 0 0 0 0 0 36 0 0 0 0 0 0
fn=std::basic_format_context<std::__format::_Sink_iter<char>, char>::iterator std::__format::__formatter_chrono<char>::_M_format<std::chrono::duration<double, std::ratio<1l, 1l> >, std::basic_format_context<std::__format::_Sink_iter<char>, char> >(std::chrono::duration<double, std::ratio<1l, 1l> > const&, std::basic_format_context<std::__format::_Sink_iter<char>, char>&, bool) const
358 48 2 2 8 0 0 40 0 0 0 0 0 0
435 404 8 8 34 0 0 34 0 0 78 29 0 0
fn=std::basic_format_context<std::__format::_Sink_iter<char>, char>::iterator std::__format::__formatter_fp<char>::format<double, std::__format::_Sink_iter<char> >(double, std::basic_format_context<std::__format::_Sink_iter<char>, char>&) const
358 4 0 0 0 0 0 4 0 0 0 0 0 0
fn=std::vformat[abi:cxx11](std::basic_string_view<char, std::char_traits<char> >, std::basic_format_args<std::basic_format_context<std::__format::_Sink_iter<char>, char> >)
358 36 0 0 12 0 0 24 0 0 0 0 0 0
fl=/usr/include/c++/13/bits/chrono.h
fn=run(global::DataSetInfo const&)
212 20 0 0 6 2 1 0 0 0 0 0 0 0
716 18 2 2 12 0 0 0 0 0 0 0 0 0
760 8 4 4 2 0 0 0 0 0 0 0 0 0
fn=void std::basic_format_arg<std::basic_format_context<std::__format::_Sink_iter<char>, char> >::handle::_S_format<std::chrono::duration<double, std::ratio<1l, 1l> > const>(std::basic_format_parse_context<char>&, std::basic_format_context<std::__format::_Sink_iter<char>, char>&, void const*)
836 32 0 0 0 0 0 0 0 0 16 0 0 0
fl=/usr/include/c++/13/bits/chrono_io.h
fn=std::basic_format_context<std::__format::_Sink_iter<char>, char>::iterator std::__format::__formatter_chrono<char>::_M_format<std::chrono::duration<double, std::ratio<1l, 1l> >, std::basic_format_context<std::__format::_Sink_iter<char>, char> >(std::chrono::duration<double, std::ratio<1l, 1l> > const&, std::basic_format_context<std::__format::_Sink_iter<char>, char>&, bool) const
145 24 0 0 24 2 1 0 0 0 0 0 0 0
146 64 2 2 8 0 0 24 0 0 0 0 0 0
147 8 0 0 8 0 0 0 0 0 0 0 0 0
476 152 4 4 16 2 1 88 1 0 0 0 0 0
481 16 2 2 0 0 0 0 0 0 8 1 0 0
664 96 4 4 72 0 0 0 0 0 8 2 0 0
674 24 2 2 16 0 0 0 0 0 8 0 0 0
675 40 0 0 0 0 0 16 0 0 0 0 0 0
697 40 2 2 0 0 0 16 0 0 0 0 0 0
698 112 2 2 16 2 1 40 0 0 0 0 0 0
721 16 0 0 0 0 0 0 0 0 8 0 0 0
727 56 2 2 24 0 0 8 0 0 0 0 0 0
728 8 0 0 0 0 0 0 0 0 0 0 0 0
fn=std::basic_format_parse_context<char>::iterator std::__format::__formatter_chrono<char>::_M_parse<std::basic_format_parse_context<char> >(std::basic_format_parse_context<char>&, std::__format::_ChronoParts)
240 96 4 4 8 0 0 56 1 0 0 0 0 0
245 32 0 0 0 0 0 24 0 0 0 0 0 0
248 32 2 2 16 0 0 16 0 0 0 0 0 0
252 40 2 2 8 0 0 0 0 0 16 5 0 0
467 96 2 2 72 0 0 0 0 0 8 0 0 0
fn=void std::basic_format_arg<std::basic_format_context<std::__format::_Sink_iter<char>, char> >::handle::_S_format<std::chrono::duration<double, std::ratio<1l, 1l> > const>(std::basic_format_parse_context<char>&, std::basic_format_context<std::__format::_Sink_iter<char>, char>&, void const*)
1599 40 2 2 0 0 0 8 0 0 0 0 0 0
1614 40 0 0 0 0 0 8 0 0 0 0 0 0
fl=/usr/include/c++/13/bits/functional_hash.h
fn=run(global::DataSetInfo const&)
154 2675 0 0 0 0 0 0 0 0 0 0 0 0
fn=std::_Hashtable<int, int, std::allocator<int>, std::__detail::_Identity, std::equal_to<int>, std::hash<int>, std::__detail::_Mod_range_hashing, std::__detail::_Default_ranged_hash, std::__detail::_Prime_rehash_policy, std::__detail::_Hashtable_traits<false, true, true> >::_Hashtable<__gnu_cxx::__normal_iterator<int*, std::vector<int, std::allocator<int> > > >(__gnu_cxx::__normal_iterator<int*, std::vector<int, std::allocator<int> > >, __gnu_cxx::__normal_iterator<int*, std::vector<int, std::allocator<int> > >, unsigned long, std::hash<int> const&, std::equal_to<int> const&, std::allocator<int> const&, std::integral_constant<bool, true>)
154 5775 2 2 1257 0 0 2000 0 0 0 0 0 0
fl=/usr/include/c++/13/bits/hashtable.h
fn=run(global::DataSetInfo const&)
448 606 0 0 200 0 0 2 0 0 200 4 0 0
456 400 2 2 400 0 0 0 0 0 0 0 0 0
568 1800 0 0 1000 0 0 400 0 0 0 0 0 0
1687 9 0 0 0 0 0 0 0 0 0 0 0 0
1692 7964 0 0 0 0 0 1991 0 0 1991 2 0 0
1750 9955 1 1 5973 0 0 0 0 0 1991 14 0 0
1954 2000 2 2 2000 0 0 0 0 0 0 0 0 0
1955 4000 0 0 0 0 0 0 0 0 2000 2 0 0
1958 1998 0 0 1998 0 0 0 0 0 0 0 0 0
1959 669 0 0 669 0 0 0 0 0 0 0 0 0
1964 3378 0 0 676 0 0 0 0 0 1351 12 0 0
1966 675 0 0 0 0 0 0 0 0 0 0 0 0
2525 1000 0 0 200 0 0 200 0 0 0 0 0 0
2526 400 2 2 200 0 0 200 0 0 0 0 0 0
2527 200 0 0 0 0 0 200 0 0 0 0 0 0
2528 200 0 0 0 0 0 200 0 0 0 0 0 0
fn=std::_Hashtable<int, int, std::allocator<int>, std::__detail::_Identity, std::equal_to<int>, std::hash<int>, std::__detail::_Mod_range_hashing, std::__detail::_Default_ranged_hash, std::__detail::_Prime_rehash_policy, std::__detail::_Hashtable_traits<false, true, true> >::_Hashtable<__gnu_cxx::__normal_iterator<int*, std::vector<int, std::allocator<int> > > >(__gnu_cxx::__normal_iterator<int*, std::vector<int, std::allocator<int> > >, __gnu_cxx::__normal_iterator<int*, std::vector<int, std::allocator<int> > >, unsigned long, std::hash<int> const&, std::equal_to<int> const&, std::allocator<int> const&, std::integral_constant<bool, true>)
311 2000 0 0 0 0 0 0 0 0 0 0 0 0
436 400 2 2 0 0 0 0 0 0 200 0 0 0
448 400 0 0 200 0 0 0 0 0 200 2 0 0
456 400 2 2 400 0 0 0 0 0 0 0 0 0
465 400 4 4 400 0 0 0 0 0 0 0 0 0
490 1200 0 0 0 0 0 1000 2 0 0 0 0 0
797 1800 0 0 1800 0 0 0 0 0 0 0 0 0
1195 1000 0 0 0 0 0 400 0 0 0 0 0 0
1196 400 0 0 200 0 0 0 0 0 200 4 0 0
1208 2400 2 2 0 0 0 1400 0 0 0 0 0 0
1215 1600 0 0 1400 0 0 0 0 0 0 0 0 0
1984 3600 0 0 3600 0 0 0 0 0 0 0 0 0
1985 3600 0 0 0 0 0 0 0 0 1800 665 0 0
1988 543 0 0 543 0 0 0 0 0 0 0 0 0
1989 119 0 0 0 0 0 0 0 0 0 0 0 0
1994 3022 0 0 662 0 0 0 0 0 1180 276 0 0
1996 518 0 0 0 0 0 0 0 0 0 0 0 0
2011 9800 0 0 3800 0 0 0 0 0 2000 669 0 0
2015 1086 0 0 543 0 0 543 0 0 0 0 0 0
2016 1086 0 0 543 0 0 543 0 0 0 0 0 0
2023 2914 2 2 1457 0 0 1457 0 0 0 0 0 0
2024 1457 0 0 0 0 0 1457 0 0 0 0 0 0
2026 2914 0 0 0 0 0 0 0 0 1457 2 0 0
2029 1257 0 0 0 0 0 1257 0 0 0 0 0 0
2031 4371 0 0 0 0 0 1457 0 0 0 0 0 0
2174 12000 0 0 6000 0 0 2000 0 0 0 0 0 0
2177 4000 0 0 0 0 0 0 0 0 2000 4 0 0
2187 2000 0 0 2000 0 0 0 0 0 0 0 0 0
2259 4000 2 2 2000 0 0 0 0 0 2000 10 0 0
2260 400 0 0 0 0 0 0 0 0 200 2 0 0
2588 200 0 0 0 0 0 200 0 0 0 0 0 0
2589 200 0 0 0 0 0 0 0 0 0 0 0 0
2590 400 0 0 0 0 0 0 0 0 200 2 0 0
2599 200 0 0 0 0 0 0 0 0 0 0 0 0
2614 200 0 0 0 0 0 200 0 0 0 0 0 0
2615 200 0 0 0 0 0 200 0 0 0 0 0 0
fl=/usr/include/c++/13/bits/hashtable_policy.h
fn=run(global::DataSetInfo const&)
380 2000 0 0 0 0 0 0 0 0 0 0 0 0
381 2000 0 0 2000 0 0 0 0 0 0 0 0 0
528 5350 1 1 0 0 0 0 0 0 0 0 0 0
1310 1350 0 0 675 0 0 675 0 0 0 0 0 0
1734 5334 0 0 0 0 0 0 0 0 2667 784 0 0
2029 4800 0 0 200 0 0 0 0 0 2200 204 0 0
fn=std::_Hashtable<int, int, std::allocator<int>, std::__detail::_Identity, std::equal_to<int>, std::hash<int>, std::__detail::_Mod_range_hashing, std::__detail::_Default_ranged_hash, std::__detail::_Prime_rehash_policy, std::__detail::_Hashtable_traits<false, true, true> >::_Hashtable<__gnu_cxx::__normal_iterator<int*, std::vector<int, std::allocator<int> > > >(__gnu_cxx::__normal_iterator<int*, std::vector<int, std::allocator<int> > >, __gnu_cxx::__normal_iterator<int*, std::vector<int, std::allocator<int> > >, unsigned long, std::hash<int> const&, std::equal_to<int> const&, std::allocator<int> const&, std::integral_constant<bool, true>)
313 2200 0 0 0 0 0 2200 2 0 0 0 0 0
528 12150 0 0 1657 0 0 0 0 0 0 0 0 0
545 400 2 2 0 0 0 400 0 0 0 0 0 0
572 2000 2 2 2000 0 0 0 0 0 0 0 0 0
993 6600 2 2 2200 0 0 0 0 0 2200 209 0 0
1310 518 0 0 518 0 0 0 0 0 0 0 0 0
1319 2000 0 0 2000 157 0 0 0 0 0 0 0 0
1741 1324 0 0 0 0 0 0 0 0 662 5 0 0
2046 800 0 0 0 0 0 200 0 0 0 0 0 0
fl=/usr/include/c++/13/bits/ios_base.h
fn=save_res(std::vector<std::vector<int, std::allocator<int> >, std::allocator<std::vector<int, std::allocator<int> > > > const&)
756 2200 0 0 2200 0 0 0 0 0 0 0 0 0
fn=std::basic_format_context<std::__format::_Sink_iter<char>, char>::iterator std::__format::__formatter_chrono<char>::_M_format<std::chrono::duration<double, std::ratio<1l, 1l> >, std::basic_format_context<std::__format::_Sink_iter<char>, char> >(std::chrono::duration<double, std::ratio<1l, 1l> > const&, std::basic_format_context<std::__format::_Sink_iter<char>, char>&, bool) const
676 16 0 0 8 0 0 8 0 0 0 0 0 0
733 8 0 0 8 0 0 0 0 0 0 0 0 0
744 16 0 0 8 0 0 8 0 0 0 0 0 0
807 24 0 0 0 0 0 8 0 0 0 0 0 0
fl=/usr/include/c++/13/bits/move.h
fn=TestSolution::Glove::Solution::Build(std::vector<float, std::allocator<float> > const&)
198 62 0 0 31 4 0 31 0 0 0 0 0 0
fn=TestSolution::Glove::Solution::SearchFP_(std::vector<float, std::allocator<float> > const&, int, int*)
197 60000 0 0 60000 0 0 0 0 0 0 0 0 0
198 120000 0 0 60000 0 0 60000 0 0 0 0 0 0
199 60000 1 1 0 0 0 60000 0 0 0 0 0 0
fn=TestSolution::Glove::Solution::SelectNeighbors_(StackHeap<std::pair<float, int>, 501, std::less<std::pair<float, int> > >&, std::vector<int, std::allocator<int> >&)
197 9923136 0 0 9923136 212 14 0 0 0 0 0 0 0
198 19846272 0 0 9923136 97 0 9923136 0 0 0 0 0 0
199 9923136 0 0 0 0 0 9923136 0 0 0 0 0 0
fn=TestSolution::Sift::Solution::Build(std::vector<float, std::allocator<float> > const&)
198 62 0 0 31 5 0 31 0 0 0 0 0 0
fn=TestSolution::Sift::Solution::SearchFP_(std::vector<float, std::allocator<float> > const&, int, int*)
197 20000 0 0 20000 0 0 0 0 0 0 0 0 0
198 40000 0 0 20000 0 0 20000 0 0 0 0 0 0
199 20000 0 0 0 0 0 20000 0 0 0 0 0 0
fn=TestSolution::Sift::Solution::SelectNeighbors_(StackHeap<std::pair<float, int>, 501, std::less<std::pair<float, int> > >&, std::vector<int, std::allocator<int> >&)
197 4919432 0 0 4919432 37 0 0 0 0 0 0 0 0
198 9838864 0 0 4919432 0 0 4919432 0 0 0 0 0 0
199 4919432 0 0 0 0 0 4919432 0 0 0 0 0 0
fl=/usr/include/c++/13/bits/new_allocator.h
fn=TestSolution::Glove::Solution::Build(std::vector<float, std::allocator<float> > const&)
126 12 0 0 0 0 0 0 0 0 0 0 0 0
151 38 2 2 0 0 0 14 1 0 0 0 0 0
172 60429 3 3 0 0 0 40427 0 0 0 0 0 0
fn=TestSolution::Glove::Solution::Insert_(int, std::vector<std::vector<std::vector<int, std::allocator<int> >, std::allocator<std::vector<int, std::allocator<int> > > >, std::allocator<std::vector<std::vector<int, std::allocator<int> >, std::allocator<std::vector<int, std::allocator<int> > > > > >&, std::vector<std::mutex, std::allocator<std::mutex> >&)
151 180401 1 1 0 0 0 50205 0 0 0 0 0 0
172 228858 0 0 59554 0 0 109750 0 0 0 0 0 0
fn=TestSolution::Glove::Solution::SearchFP_(std::vector<float, std::allocator<float> > const&, int, int*)
151 400 1 1 0 0 0 100 0 0 0 0 0 0
172 600 0 0 200 0 0 0 0 0 100 0 0 0
fn=TestSolution::Glove::Solution::SelectNeighbors_(StackHeap<std::pair<float, int>, 501, std::less<std::pair<float, int> > >&, std::vector<int, std::allocator<int> >&)
151 122514 1 1 0 0 0 20419 0 0 0 0 0 0
172 102095 0 0 40838 20023 21 0 0 0 20419 0 0 0
fn=TestSolution::Glove::Solution::VisitedList::~VisitedList()
172 38 2 2 0 0 0 0 0 0 0 0 0 0
fn=TestSolution::Sift::Solution::Build(std::vector<float, std::allocator<float> > const&)
126 12 0 0 0 0 0 0 0 0 0 0 0 0
151 38 2 2 0 0 0 14 1 0 0 0 0 0
172 30344 0 0 0 0 0 20342 0 0 0 0 0 0
fn=TestSolution::Sift::Solution::Insert_(int, std::vector<std::vector<std::vector<int, std::allocator<int> >, std::allocator<std::vector<int, std::allocator<int> > > >, std::allocator<std::vector<std::vector<int, std::allocator<int> >, std::allocator<std::vector<int, std::allocator<int> > > > > >&, std::vector<std::mutex, std::allocator<std::mutex> >&)
151 91626 0 0 0 0 0 25490 10213 21 0 0 0 0
172 55784 0 0 15150 0 0 25484 0 0 0 0 0 0
fn=TestSolution::Sift::Solution::SearchFP_(std::vector<float, std::allocator<float> > const&, int, int*)
151 400 0 0 0 0 0 100 0 0 0 0 0 0
172 800 0 0 200 0 0 0 0 0 100 0 0 0
fn=TestSolution::Sift::Solution::SelectNeighbors_(StackHeap<std::pair<float, int>, 501, std::less<std::pair<float, int> > >&, std::vector<int, std::allocator<int> >&)
151 51670 1 1 0 0 0 10334 0 0 0 0 0 0
172 41336 0 0 20668 20317 2 0 0 0 10334 0 0 0
fn=TestSolution::Sift::Solution::VisitedList::~VisitedList()
172 38 0 0 0 0 0 0 0 0 0 0 0 0
fn=load_base(global::DataSetInfo const&)
134 6 2 2 0 0 0 0 0 0 2 0 0 0
151 12 0 0 0 0 0 4 0 0 0 0 0 0
172 2 0 0 0 0 0 2 0 0 0 0 0 0
fn=load_labels(global::DataSetInfo const&)
134 6 2 2 0 0 0 0 0 0 2 0 0 0
151 420 0 0 0 0 0 206 0 0 0 0 0 0
172 8 0 0 0 0 0 4 0 0 0 0 0 0
fn=load_samples(global::DataSetInfo const&)
134 606 4 4 0 0 0 0 0 0 202 0 0 0
151 622 2 2 0 0 0 208 0 0 0 0 0 0
172 8 0 0 2 1 0 4 0 0 0 0 0 0
fn=run(global::DataSetInfo const&)
151 6 0 0 0 0 0 2 0 0 0 0 0 0
172 5040 5 5 0 0 0 2830 0 0 0 0 0 0
fn=std::_Hashtable<int, int, std::allocator<int>, std::__detail::_Identity, std::equal_to<int>, std::hash<int>, std::__detail::_Mod_range_hashing, std::__detail::_Default_ranged_hash, std::__detail::_Prime_rehash_policy, std::__detail::_Hashtable_traits<false, true, true> >::_Hashtable<__gnu_cxx::__normal_iterator<int*, std::vector<int, std::allocator<int> > > >(__gnu_cxx::__normal_iterator<int*, std::vector<int, std::allocator<int> > >, __gnu_cxx::__normal_iterator<int*, std::vector<int, std::allocator<int> > >, unsigned long, std::hash<int> const&, std::equal_to<int> const&, std::allocator<int> const&, std::integral_constant<bool, true>)
134 600 0 0 0 0 0 0 0 0 200 0 0 0
151 6800 0 0 0 0 0 2200 0 0 0 0 0 0
fn=std::__cxx11::basic_string<char, std::char_traits<char>, std::allocator<char> >::_M_mutate(unsigned long, unsigned long, char const*, unsigned long)
134 18 3 3 0 0 0 12 0 0 2 0 0 0
151 24 0 0 0 0 0 12 0 0 0 0 0 0
fn=std::basic_format_context<std::__format::_Sink_iter<char>, char>::iterator std::__format::__formatter_chrono<char>::_M_format<std::chrono::duration<double, std::ratio<1l, 1l> >, std::basic_format_context<std::__format::_Sink_iter<char>, char> >(std::chrono::duration<double, std::ratio<1l, 1l> > const&, std::basic_format_context<std::__format::_Sink_iter<char>, char>&, bool) const
92 16 0 0 16 0 0 0 0 0 0 0 0 0
fn=std::vector<TestSolution::Glove::Solution::Node, std::allocator<TestSolution::Glove::Solution::Node> >::_M_default_append(unsigned long)
151 4 0 0 0 0 0 1 0 0 0 0 0 0
fn=std::vector<TestSolution::Sift::Solution::Node, std::allocator<TestSolution::Sift::Solution::Node> >::_M_default_append(unsigned long)
151 4 1 1 0 0 0 1 0 0 0 0 0 0
fn=std::vector<float, std::allocator<float> >::operator=(std::vector<float, std::allocator<float> > const&) [clone .isra.0]
134 6 2 1 0 0 0 0 0 0 2 0 0 0
151 6 0 0 0 0 0 2 2 0 0 0 0 0
fn=std::vector<int, std::allocator<int> >::_M_default_append(unsigned long)
151 8 2 2 0 0 0 2 0 0 0 0 0 0
fn=std::vector<int, std::allocator<int> >::_M_fill_insert(__gnu_cxx::__normal_iterator<int*, std::vector<int, std::allocator<int> > >, unsigned long, int const&)
151 14 2 2 2 0 0 6 0 0 0 0 0 0
fn=std::vector<int, std::allocator<int> >::operator=(std::vector<int, std::allocator<int> > const&) [clone .isra.0]
134 92244 2 2 0 0 0 0 0 0 30748 2 0 0
151 92244 2 2 0 0 0 30748 0 0 0 0 0 0
172 10 0 0 0 0 0 10 0 0 0 0 0 0
fn=std::vector<std::vector<int, std::allocator<int> >, std::allocator<std::vector<int, std::allocator<int> > > >::_M_default_append(unsigned long)
151 210000 2 2 30000 0 0 60000 0 0 0 0 0 0
fn=std::vector<std::vector<int, std::allocator<int> >, std::allocator<std::vector<int, std::allocator<int> > > >::vector(unsigned long, std::vector<int, std::allocator<int> > const&, std::allocator<std::vector<int, std::allocator<int> > > const&)
134 600 2 2 0 0 0 0 0 0 200 0 0 0
151 610 2 2 0 0 0 204 0 0 0 0 0 0
fn=std::vector<unsigned short, std::allocator<unsigned short> >::_M_fill_insert(__gnu_cxx::__normal_iterator<unsigned short*, std::vector<unsigned short, std::allocator<unsigned short> > >, unsigned long, unsigned short const&)
151 266 0 0 38 0 0 114 0 0 0 0 0 0
fl=/usr/include/c++/13/bits/random.h
fn=TestSolution::Glove::Solution::Build(std::vector<float, std::allocator<float> > const&)
143 623 0 0 0 0 0 0 0 0 0 0 0 0
194 40000 0 0 0 0 0 20000 0 0 0 0 0 0
1909 40000 0 0 0 0 0 0 0 0 0 0 0 0
fn=TestSolution::Sift::Solution::Build(std::vector<float, std::allocator<float> > const&)
143 623 0 0 0 0 0 0 0 0 0 0 0 0
194 20000 0 0 0 0 0 10000 0 0 0 0 0 0
1909 20000 0 0 0 0 0 0 0 0 0 0 0 0
fn=_GLOBAL__sub_I_main
143 623 0 0 0 0 0 0 0 0 0 0 0 0
fl=/usr/include/c++/13/bits/random.tcc
fn=TestSolution::Glove::Solution::Build(std::vector<float, std::allocator<float> > const&)
330 2 1 1 0 0 0 1 1 0 0 0 0 0
333 1873 0 0 0 0 0 0 0 0 623 7 0 0
336 1869 0 0 0 0 0 0 0 0 0 0 0 0
337 623 0 0 0 0 0 0 0 0 0 0 0 0
339 623 0 0 0 0 0 623 78 0 0 0 0 0
342 1 1 1 0 0 0 1 0 0 0 0 0 0
fn=TestSolution::Sift::Solution::Build(std::vector<float, std::allocator<float> > const&)
330 2 1 1 0 0 0 1 1 0 0 0 0 0
333 1873 0 0 0 0 0 0 0 0 623 10 0 0
336 1869 0 0 0 0 0 0 0 0 0 0 0 0
337 623 0 0 0 0 0 0 0 0 0 0 0 0
339 623 0 0 0 0 0 623 78 0 0 0 0 0
342 1 1 1 0 0 0 1 0 0 0 0 0 0
fn=_GLOBAL__sub_I_main
330 2 0 0 0 0 0 1 1 1 0 0 0 0
333 1872 0 0 0 0 0 0 0 0 623 6 0 0
336 1869 1 1 0 0 0 0 0 0 0 0 0 0
337 623 0 0 0 0 0 0 0 0 0 0 0 0
339 623 0 0 0 0 0 623 77 77 0 0 0 0
342 1 0 0 0 0 0 1 1 1 0 0 0 0
fn=double std::generate_canonical<double, 53ul, std::mersenne_twister_engine<unsigned long, 32ul, 624ul, 397ul, 31ul, 2567483615ul, 11ul, 4294967295ul, 7ul, 2636928640ul, 15ul, 4022730752ul, 18ul, 1812433253ul> >(std::mersenne_twister_engine<unsigned long, 32ul, 624ul, 397ul, 31ul, 2567483615ul, 11ul, 4294967295ul, 7ul, 2636928640ul, 15ul, 4022730752ul, 18ul, 1812433253ul>&)
453 30000 0 0 0 0 0 0 0 0 0 0 0 0
458 180000 0 0 30000 0 0 0 0 0 60000 104 0 0
459 294 2 1 0 0 0 196 0 0 0 0 0 0
462 180294 0 0 60196 0 0 60000 0 0 0 0 0 0
463 240000 0 0 0 0 0 0 0 0 0 0 0 0
464 240000 2 1 0 0 0 0 0 0 0 0 0 0
465 240000 0 0 0 0 0 0 0 0 0 0 0 0
466 120000 0 0 0 0 0 0 0 0 0 0 0 0
3349 150000 4 2 0 0 0 60000 0 0 0 0 0 0
3363 30000 0 0 0 0 0 0 0 0 0 0 0 0
3364 60000 0 0 30000 2 1 30000 0 0 0 0 0 0
3365 150000 0 0 0 0 0 0 0 0 60000 7 0 0
3367 360000 0 0 60000 0 0 0 0 0 60000 1 0 0
3368 180000 0 0 120000 2 1 60000 0 0 0 0 0 0
3370 30000 2 1 30000 0 0 0 0 0 0 0 0 0
3371 60000 0 0 30000 0 0 0 0 0 30000 4 0 0
3381 120000 0 0 90000 0 0 0 0 0 0 0 0 0
fn=std::mersenne_twister_engine<unsigned long, 32ul, 624ul, 397ul, 31ul, 2567483615ul, 11ul, 4294967295ul, 7ul, 2636928640ul, 15ul, 4022730752ul, 18ul, 1812433253ul>::_M_gen_rand()
397 588 4 4 98 0 0 0 0 0 0 0 0 0
404 67032 2 2 196 2 1 0 0 0 22246 122 0 0
406 66738 0 0 0 0 0 0 0 0 0 0 0 0
407 66738 0 0 22246 0 0 0 0 0 0 0 0 0
408 44492 0 0 22246 0 0 0 0 0 0 0 0 0
409 111230 0 0 0 0 0 22246 0 0 0 0 0 0
412 38808 0 0 0 0 0 0 0 0 19404 101 0 0
414 58212 0 0 19404 0 0 0 0 0 0 0 0 0
415 58212 0 0 19404 0 0 0 0 0 0 0 0 0
416 194334 2 2 19600 0 0 19404 0 0 0 0 0 0
417 19404 0 0 0 0 0 0 0 0 0 0 0 0
420 294 2 2 98 0 0 0 0 0 0 0 0 0
421 196 0 0 98 0 0 0 0 0 0 0 0 0
422 294 0 0 98 0 0 0 0 0 0 0 0 0
423 490 2 2 0 0 0 98 0 0 0 0 0 0
424 98 0 0 0 0 0 98 0 0 0 0 0 0
425 98 0 0 98 0 0 0 0 0 0 0 0 0
fl=/usr/include/c++/13/bits/std_mutex.h
fn=TestSolution::Glove::Solution::Insert_(int, std::vector<std::vector<std::vector<int, std::allocator<int> >, std::allocator<std::vector<int, std::allocator<int> > > >, std::allocator<std::vector<std::vector<int, std::allocator<int> >, std::allocator<std::vector<int, std::allocator<int> > > > > >&, std::vector<std::mutex, std::allocator<std::mutex> >&)
116 2368703 0 0 831647 13 4 0 0 0 768528 37 0 0
fn=TestSolution::Glove::Solution::SearchLayerFP_(float const*, int, int, int, std::vector<std::vector<std::vector<int, std::allocator<int> >, std::allocator<std::vector<int, std::allocator<int> > > >, std::allocator<std::vector<std::vector<int, std::allocator<int> >, std::allocator<std::vector<int, std::allocator<int> > > > > > const&, std::vector<std::mutex, std::allocator<std::mutex> >&, TestSolution::Glove::Solution::VisitedList&)
116 17382482 0 0 0 0 0 0 0 0 8691241 1041043 0 0
fn=TestSolution::Sift::Solution::Insert_(int, std::vector<std::vector<std::vector<int, std::allocator<int> >, std::allocator<std::vector<int, std::allocator<int> > > >, std::allocator<std::vector<std::vector<int, std::allocator<int> >, std::allocator<std::vector<int, std::allocator<int> > > > > >&, std::vector<std::mutex, std::allocator<std::mutex> >&)
116 324326 0 0 0 0 0 0 0 0 162163 6313 0 0
fn=TestSolution::Sift::Solution::SearchLayerFP_(float const*, int, int, int, std::vector<std::vector<std::vector<int, std::allocator<int> >, std::allocator<std::vector<int, std::allocator<int> > > >, std::allocator<std::vector<std::vector<int, std::allocator<int> >, std::allocator<std::vector<int, std::allocator<int> > > > > > const&, std::vector<std::mutex, std::allocator<std::mutex> >&, TestSolution::Sift::Solution::VisitedList&)
116 9843210 1 1 0 0 0 0 0 0 4921605 0 0 0
fl=/usr/include/c++/13/bits/std_thread.h
fn=TestSolution::Glove::Solution::Build(std::vector<float, std::allocator<float> > const&)
97 55 0 0 0 0 0 55 10 3 0 0 0 0
164 168 0 0 6 0 0 54 0 0 0 0 0 0
172 36 1 1 18 3 1 0 0 0 18 0 0 0
240 43 1 1 18 0 0 19 0 0 0 0 0 0
fn=TestSolution::Sift::Solution::Build(std::vector<float, std::allocator<float> > const&)
97 55 0 0 0 0 0 55 9 4 0 0 0 0
164 162 1 1 6 0 0 54 0 0 0 0 0 0
172 36 0 0 18 3 0 0 0 0 18 0 0 0
240 43 1 1 18 0 0 19 0 0 0 0 0 0
fn=std::thread::_State_impl<std::thread::_Invoker<std::tuple<TestSolution::Glove::Solution::Build(std::vector<float, std::allocator<float> > const&)::{lambda()#1}> > >::_M_run()
244 90 1 1 36 0 0 18 0 0 0 0 0 0
fn=std::thread::_State_impl<std::thread::_Invoker<std::tuple<TestSolution::Glove::Solution::Build(std::vector<float, std::allocator<float> > const&)::{lambda()#1}> > >::~_State_impl()
234 180 1 1 18 0 0 54 0 0 0 0 0 0
fn=std::thread::_State_impl<std::thread::_Invoker<std::tuple<TestSolution::Sift::Solution::Build(std::vector<float, std::allocator<float> > const&)::{lambda()#1}> > >::_M_run()
244 90 1 1 36 0 0 18 0 0 0 0 0 0
fn=std::thread::_State_impl<std::thread::_Invoker<std::tuple<TestSolution::Sift::Solution::Build(std::vector<float, std::allocator<float> > const&)::{lambda()#1}> > >::~_State_impl()
234 180 2 2 18 0 0 54 0 0 0 0 0 0
fl=/usr/include/c++/13/bits/stl_algo.h
fn=TestSolution::Glove::Solution::SearchFP_(std::vector<float, std::allocator<float> > const&, int, int*)
1105 200 0 0 0 0 0 0 0 0 100 0 0 0
1108 120300 0 0 0 0 0 0 0 0 30100 117 0 0
fn=TestSolution::Glove::Solution::SelectNeighbors_(StackHeap<std::pair<float, int>, 501, std::less<std::pair<float, int> > >&, std::vector<int, std::allocator<int> >&)
1105 40838 0 0 0 0 0 0 0 0 20419 0 0 0
1108 19968786 1 1 20419 0 0 0 0 0 4981987 20890 0 0
fn=TestSolution::Sift::Solution::SearchFP_(std::vector<float, std::allocator<float> > const&, int, int*)
1105 200 1 1 0 0 0 0 0 0 100 0 0 0
1108 40300 1 1 0 0 0 0 0 0 10100 214 0 0
fn=TestSolution::Sift::Solution::SelectNeighbors_(StackHeap<std::pair<float, int>, 501, std::less<std::pair<float, int> > >&, std::vector<int, std::allocator<int> >&)
1105 31002 0 0 10334 0 0 0 0 0 10334 1 0 0
1108 9931862 1 1 31002 0 0 0 0 0 2470050 10333 0 0
fl=/usr/include/c++/13/bits/stl_algobase.h
fn=TestSolution::Glove::Solution::Build(std::vector<float, std::allocator<float> > const&)
262 12 0 0 6 0 0 0 0 0 6 1 0 0
fn=TestSolution::Glove::Solution::Insert_(int, std::vector<std::vector<std::vector<int, std::allocator<int> >, std::allocator<std::vector<int, std::allocator<int> > > >, std::allocator<std::vector<std::vector<int, std::allocator<int> >, std::allocator<std::vector<int, std::allocator<int> > > > > >&, std::vector<std::mutex, std::allocator<std::mutex> >&)
238 139973 0 0 39982 0 0 20000 0 0 0 0 0 0
262 59572 2 2 0 0 0 0 0 0 29786 9 0 0
fn=TestSolution::Sift::Solution::Build(std::vector<float, std::allocator<float> > const&)
262 12 0 0 6 0 0 0 0 0 6 1 0 0
fn=TestSolution::Sift::Solution::Insert_(int, std::vector<std::vector<std::vector<int, std::allocator<int> >, std::allocator<std::vector<int, std::allocator<int> > > >, std::allocator<std::vector<std::vector<int, std::allocator<int> >, std::allocator<std::vector<int, std::allocator<int> > > > > >&, std::vector<std::mutex, std::allocator<std::mutex> >&)
238 79968 0 0 39968 0 0 10000 23 0 0 0 0 0
262 45468 1 1 15156 0 0 0 0 0 15156 6 0 0
fn=load_base(global::DataSetInfo const&)
930 4 0 0 0 0 0 0 0 0 2 0 0 0
931 18 2 2 4 0 0 6 0 0 0 0 0 0
1123 4 0 0 0 0 0 0 0 0 2 0 0 0
fn=load_labels(global::DataSetInfo const&)
437 2000 2 2 1000 0 0 1000 59 52 0 0 0 0
931 12 0 0 0 0 0 10 2 1 0 0 0 0
fn=load_samples(global::DataSetInfo const&)
436 400 0 0 0 0 0 0 0 0 200 1 0 0
437 600 0 0 0 0 0 200 0 0 0 0 0 0
930 4 0 0 0 0 0 0 0 0 2 0 0 0
931 8 2 2 2 0 0 2 0 0 0 0 0 0
1123 4 0 0 0 0 0 0 0 0 2 0 0 0
fn=run(global::DataSetInfo const&)
931 8 0 0 0 0 0 6 0 0 0 0 0 0
fn=std::vector<TestSolution::Glove::Solution::Node, std::allocator<TestSolution::Glove::Solution::Node> >::_M_default_append(unsigned long)
262 2 0 0 0 0 0 0 0 0 1 1 0 0
918 59998 0 0 0 0 0 0 0 0 19999 6 0 0
919 39998 0 0 19999 0 0 19999 5000 3124 0 0 0 0
1123 2 0 0 0 0 0 0 0 0 1 0 0 0
1128 2 0 0 0 0 0 0 0 0 0 0 0 0
fn=std::vector<TestSolution::Sift::Solution::Node, std::allocator<TestSolution::Sift::Solution::Node> >::_M_default_append(unsigned long)
262 2 0 0 0 0 0 0 0 0 1 1 0 0
918 29998 1 1 0 0 0 0 0 0 9999 8 0 0
919 19998 0 0 9999 0 0 9999 2500 2500 0 0 0 0
1123 2 0 0 0 0 0 0 0 0 1 1 0 0
1128 2 0 0 0 0 0 0 0 0 0 0 0 0
fn=std::vector<float, std::allocator<float> >::operator=(std::vector<float, std::allocator<float> > const&) [clone .isra.0]
436 4 0 0 0 0 0 0 0 0 2 0 0 0
437 8 0 0 0 0 0 2 0 0 0 0 0 0
fn=std::vector<int, std::allocator<int> >::_M_default_append(unsigned long)
262 4 0 0 0 0 0 0 0 0 2 2 0 0
931 4 0 0 0 0 0 2 0 0 0 0 0 0
1123 4 0 0 2 0 0 0 0 0 2 2 0 0
1128 4 4 4 2 0 0 0 0 0 0 0 0 0
fn=std::vector<int, std::allocator<int> >::_M_fill_insert(__gnu_cxx::__normal_iterator<int*, std::vector<int, std::allocator<int> > >, unsigned long, int const&)
262 4 0 0 0 0 0 0 0 0 2 2 0 0
435 2 0 0 0 0 0 0 0 0 0 0 0 0
436 8 0 0 0 0 0 0 0 0 4 4 0 0
438 4 2 2 0 0 0 0 0 0 4 4 0 0
441 2 0 0 0 0 0 0 0 0 0 0 0 0
930 135004 0 0 0 0 0 0 0 0 45002 11 0 0
931 90000 0 0 0 0 0 90000 5625 5624 0 0 0 0
1117 2 2 2 2 0 0 0 0 0 0 0 0 0
1128 6 0 0 0 0 0 2 0 0 0 0 0 0
fn=std::vector<int, std::allocator<int> >::operator=(std::vector<int, std::allocator<int> > const&) [clone .isra.0]
398 210 2 2 70 0 0 70 0 0 0 0 0 0
435 2 0 0 0 0 0 0 0 0 0 0 0 0
436 61508 1 1 0 0 0 0 0 0 30754 66 0 0
437 122728 0 0 0 0 0 30684 0 0 0 0 0 0
fn=std::vector<std::vector<int, std::allocator<int> >, std::allocator<std::vector<int, std::allocator<int> > > >::_M_default_append(unsigned long)
262 60000 0 0 0 0 0 0 0 0 30000 4 0 0
fn=std::vector<std::vector<int, std::allocator<int> >, std::allocator<std::vector<int, std::allocator<int> > > >::vector(unsigned long, std::vector<int, std::allocator<int> > const&, std::allocator<std::vector<int, std::allocator<int> > > const&)
436 400 0 0 0 0 0 0 0 0 200 0 0 0
437 1400 0 0 0 0 0 200 0 0 0 0 0 0
441 400 0 0 0 0 0 200 0 0 0 0 0 0
fn=std::vector<unsigned short, std::allocator<unsigned short> >::_M_fill_insert(__gnu_cxx::__normal_iterator<unsigned short*, std::vector<unsigned short, std::allocator<unsigned short> > >, unsigned long, unsigned short const&)
262 76 0 0 0 0 0 0 0 0 38 4 0 0
435 38 0 0 0 0 0 0 0 0 0 0 0 0
436 152 0 0 0 0 0 0 0 0 76 4 0 0
438 76 2 2 0 0 0 0 0 0 76 3 0 0
441 38 2 2 0 0 0 0 0 0 0 0 0 0
930 855076 0 0 0 0 0 0 0 0 285038 58 0 0
931 570000 0 0 0 0 0 570000 17318 16351 0 0 0 0
1128 76 0 0 0 0 0 0 0 0 0 0 0 0
fl=/usr/include/c++/13/bits/stl_construct.h
fn=TestSolution::Glove::Solution::Build(std::vector<float, std::allocator<float> > const&)
119 3 0 0 0 0 0 1 0 0 0 0 0 0
162 181314 0 0 0 0 0 0 0 0 60438 435 0 0
fn=TestSolution::Glove::Solution::Insert_(int, std::vector<std::vector<std::vector<int, std::allocator<int> >, std::allocator<std::vector<int, std::allocator<int> > > >, std::allocator<std::vector<std::vector<int, std::allocator<int> >, std::allocator<std::vector<int, std::allocator<int> > > > > >&, std::vector<std::mutex, std::allocator<std::mutex> >&)
97 11887652 0 0 5958719 0 0 5928933 629513 21190 0 0 0 0
fn=TestSolution::Glove::Solution::SearchFP_(std::vector<float, std::allocator<float> > const&, int, int*)
97 120000 0 0 60000 0 0 60000 7400 0 0 0 0 0
fn=TestSolution::Glove::Solution::SelectNeighbors_(StackHeap<std::pair<float, int>, 501, std::less<std::pair<float, int> > >&, std::vector<int, std::allocator<int> >&)
97 21176410 0 0 10588205 141 1 10588205 1260870 111328 0 0 0 0
fn=TestSolution::Sift::Solution::Build(std::vector<float, std::allocator<float> > const&)
119 3 0 0 0 0 0 1 0 0 0 0 0 0
162 91059 2 2 0 0 0 0 0 0 30353 356 0 0
fn=TestSolution::Sift::Solution::Insert_(int, std::vector<std::vector<std::vector<int, std::allocator<int> >, std::allocator<std::vector<int, std::allocator<int> > > >, std::allocator<std::vector<std::vector<int, std::allocator<int> >, std::allocator<std::vector<int, std::allocator<int> > > > > >&, std::vector<std::mutex, std::allocator<std::mutex> >&)
97 224368 0 0 112184 0 0 112184 99569 99 0 0 0 0
fn=TestSolution::Sift::Solution::SearchFP_(std::vector<float, std::allocator<float> > const&, int, int*)
97 40000 0 0 20000 0 0 20000 2400 0 0 0 0 0
fn=TestSolution::Sift::Solution::SelectNeighbors_(StackHeap<std::pair<float, int>, 501, std::less<std::pair<float, int> > >&, std::vector<int, std::allocator<int> >&)
97 10051932 0 0 5025966 5 0 5025966 610002 18359 0 0 0 0
fn=load_base(global::DataSetInfo const&)
119 2 0 0 0 0 0 2 0 0 0 0 0 0
fn=load_labels(global::DataSetInfo const&)
119 2 0 0 0 0 0 2 0 0 0 0 0 0
fn=load_samples(global::DataSetInfo const&)
119 2 0 0 0 0 0 2 0 0 0 0 0 0
fn=run(global::DataSetInfo const&)
119 2 0 0 0 0 0 2 0 0 0 0 0 0
162 1830 2 2 0 0 0 0 0 0 606 18 0 0
fn=std::_Hashtable<int, int, std::allocator<int>, std::__detail::_Identity, std::equal_to<int>, std::hash<int>, std::__detail::_Mod_range_hashing, std::__detail::_Default_ranged_hash, std::__detail::_Prime_rehash_policy, std::__detail::_Hashtable_traits<false, true, true> >::_Hashtable<__gnu_cxx::__normal_iterator<int*, std::vector<int, std::allocator<int> > > >(__gnu_cxx::__normal_iterator<int*, std::vector<int, std::allocator<int> > >, __gnu_cxx::__normal_iterator<int*, std::vector<int, std::allocator<int> > >, unsigned long, std::hash<int> const&, std::equal_to<int> const&, std::allocator<int> const&, std::integral_constant<bool, true>)
97 4000 0 0 2000 0 0 2000 0 0 0 0 0 0
fn=std::vector<TestSolution::Glove::Solution::Node, std::allocator<TestSolution::Glove::Solution::Node> >::_M_default_append(unsigned long)
119 2 1 1 0 0 0 2 0 0 0 0 0 0
fn=std::vector<TestSolution::Sift::Solution::Node, std::allocator<TestSolution::Sift::Solution::Node> >::_M_default_append(unsigned long)
119 2 0 0 0 0 0 2 0 0 0 0 0 0
fn=std::vector<int, std::allocator<int> >::_M_default_append(unsigned long)
119 2 0 0 0 0 0 2 0 0 0 0 0 0
fl=/usr/include/c++/13/bits/stl_function.h
fn=run(global::DataSetInfo const&)
378 5994 0 0 1998 0 0 1998 0 0 0 0 0 0
fn=std::_Hashtable<int, int, std::allocator<int>, std::__detail::_Identity, std::equal_to<int>, std::hash<int>, std::__detail::_Mod_range_hashing, std::__detail::_Default_ranged_hash, std::__detail::_Prime_rehash_policy, std::__detail::_Hashtable_traits<false, true, true> >::_Hashtable<__gnu_cxx::__normal_iterator<int*, std::vector<int, std::allocator<int> > > >(__gnu_cxx::__normal_iterator<int*, std::vector<int, std::allocator<int> > >, __gnu_cxx::__normal_iterator<int*, std::vector<int, std::allocator<int> > >, unsigned long, std::hash<int> const&, std::equal_to<int> const&, std::allocator<int> const&, std::integral_constant<bool, true>)
378 543 0 0 543 0 0 0 0 0 0 0 0 0
fl=/usr/include/c++/13/bits/stl_heap.h
fn=TestSolution::Glove::Solution::Insert_(int, std::vector<std::vector<std::vector<int, std::allocator<int> >, std::allocator<std::vector<int, std::allocator<int> > > >, std::allocator<std::vector<std::vector<int, std::allocator<int> >, std::allocator<std::vector<int, std::allocator<int> > > > > >&, std::vector<std::mutex, std::allocator<std::mutex> >&)
139 27597790 0 0 0 0 0 0 0 0 0 0 0 0
140 23908596 2 2 0 0 0 0 0 0 5942927 139174 0 0
142 423369 0 0 0 0 0 0 0 0 0 0 0 0
144 2540214 1 1 0 0 0 0 0 0 0 0 0 0
146 5385623 0 0 0 0 0 0 0 0 0 0 0 0
215 11039116 0 0 11039116 0 0 0 0 0 0 0 0 0
216 5519558 1 1 0 0 0 0 0 0 0 0 0 0
317 5321280 0 0 0 0 0 0 0 0 0 0 0 0
328 10753420 0 0 0 0 0 0 0 0 5376710 21267 0 0
fn=TestSolution::Glove::Solution::SearchFP_(std::vector<float, std::allocator<float> > const&, int, int*)
139 2359436 0 0 0 0 0 0 0 0 0 0 0 0
140 4009956 1 1 141032 0 0 1 0 0 966683 11628 0 0
142 496729 1 1 0 0 0 0 0 0 0 0 0 0
144 2980374 1 1 0 0 0 0 0 0 0 0 0 0
146 463237 0 0 0 0 0 0 0 0 0 0 0 0
215 667402 1 1 667402 0 0 0 0 0 0 0 0 0
216 333701 0 0 0 0 0 0 0 0 0 0 0 0
229 6014011 1 1 1150742 0 0 282172 0 0 2442483 716538 0 0
231 2301484 1 1 0 0 0 0 0 0 0 0 0 0
232 2301484 0 0 0 0 0 0 0 0 0 0 0 0
233 1150742 0 0 0 0 0 0 0 0 0 0 0 0
234 586528 0 0 0 0 0 0 0 0 0 0 0 0
235 1737270 0 0 0 0 0 0 0 0 0 0 0 0
238 1025558 1 1 0 0 0 0 0 0 206966 75114 0 0
240 9666 1 1 0 0 0 0 0 0 0 0 0 0
241 9666 0 0 0 0 0 0 0 0 0 0 0 0
243 4833 0 0 0 0 0 0 0 0 0 0 0 0
262 282280 0 0 282280 10811 0 0 0 0 0 0 0 0
265 423420 0 0 0 0 0 0 0 0 0 0 0 0
317 60000 0 0 0 0 0 0 0 0 0 0 0 0
328 402588 0 0 0 0 0 0 0 0 201294 61 0 0
332 141140 0 0 0 0 0 0 0 0 0 0 0 0
fn=TestSolution::Glove::Solution::SearchLayerFP_(float const*, int, int, int, std::vector<std::vector<std::vector<int, std::allocator<int> >, std::allocator<std::vector<int, std::allocator<int> > > >, std::allocator<std::vector<std::vector<int, std::allocator<int> >, std::allocator<std::vector<int, std::allocator<int> > > > > > const&, std::vector<std::mutex, std::allocator<std::mutex> >&, TestSolution::Glove::Solution::VisitedList&)
139 268921431 0 0 0 0 0 0 0 0 0 0 0 0
140 487549130 0 0 0 0 0 0 0 0 110306709 3249751 0 0
142 56600512 2 2 0 0 0 0 0 0 0 0 0 0
144 339603072 0 0 0 0 0 0 0 0 0 0 0 0
146 53155804 0 0 0 0 0 0 0 0 0 0 0 0
215 90426278 2 2 90426278 0 0 0 0 0 0 0 0 0
216 45213139 0 0 0 0 0 0 0 0 0 0 0 0
229 371308387 1 1 0 0 0 0 0 0 155242213 44989853 0 0
231 146554050 1 1 0 0 0 0 0 0 0 0 0 0
232 146554050 0 0 0 0 0 0 0 0 0 0 0 0
233 73277025 0 0 0 0 0 0 0 0 0 0 0 0
234 33096283 0 0 0 0 0 0 0 0 0 0 0 0
235 106373308 0 0 0 0 0 0 0 0 0 0 0 0
238 63073862 2 2 0 0 0 0 0 0 12733959 4547629 0 0
240 390446 0 0 0 0 0 0 0 0 0 0 0 0
241 390446 0 0 0 0 0 0 0 0 0 0 0 0
243 195223 0 0 0 0 0 0 0 0 0 0 0 0
262 17378522 0 0 17378522 514645 1207 0 0 0 0 0 0 0
265 26067783 0 0 0 0 0 0 0 0 0 0 0 0
328 44865348 0 0 0 0 0 0 0 0 22432674 18472 0 0
332 8689261 0 0 0 0 0 0 0 0 0 0 0 0
fn=TestSolution::Glove::Solution::SelectNeighbors_(StackHeap<std::pair<float, int>, 501, std::less<std::pair<float, int> > >&, std::vector<int, std::allocator<int> >&)
328 19847268 0 0 0 0 0 0 0 0 9923634 106 0 0
fn=TestSolution::Sift::Solution::Insert_(int, std::vector<std::vector<std::vector<int, std::allocator<int> >, std::allocator<std::vector<int, std::allocator<int> > > >, std::allocator<std::vector<std::vector<int, std::allocator<int> >, std::allocator<std::vector<int, std::allocator<int> > > > > >&, std::vector<std::mutex, std::allocator<std::mutex> >&)
139 31365 0 0 0 0 0 0 0 0 0 0 0 0
140 28508 2 2 0 0 0 0 0 0 7001 224 0 0
142 728 0 0 0 0 0 0 0 0 0 0 0 0
144 3741 0 0 0 0 0 0 0 0 0 0 0 0
146 6069 0 0 0 0 0 0 0 0 0 0 0 0
215 12740 1 1 12546 0 0 0 0 0 0 0 0 0
216 6273 0 0 0 0 0 0 0 0 0 0 0 0
317 6176 0 0 0 0 0 0 0 0 0 0 0 0
328 12546 0 0 0 0 0 0 0 0 6273 68 0 0
fn=TestSolution::Sift::Solution::SearchFP_(std::vector<float, std::allocator<float> > const&, int, int*)
139 534253 2 2 0 0 0 0 0 0 0 0 0 0
140 1026105 3 3 0 0 0 0 0 0 205995 2129 0 0
142 99562 1 1 0 0 0 0 0 0 0 0 0 0
144 597372 0 0 0 0 0 0 0 0 0 0 0 0
146 105043 0 0 0 0 0 0 0 0 0 0 0 0
215 153884 0 0 153884 0 0 0 0 0 0 0 0 0
216 76942 0 0 0 0 0 0 0 0 0 0 0 0
229 1035251 1 1 0 0 0 0 0 0 427005 131112 0 0
231 396902 0 0 0 0 0 0 0 0 0 0 0 0
232 396902 1 1 0 0 0 0 0 0 0 0 0 0
233 198451 0 0 0 0 0 0 0 0 0 0 0 0
234 100685 0 0 0 0 0 0 0 0 0 0 0 0
235 299136 0 0 0 0 0 0 0 0 0 0 0 0
238 226322 0 0 0 0 0 0 0 0 45268 16789 0 0
240 1392 0 0 0 0 0 0 0 0 0 0 0 0
241 1392 0 0 0 0 0 0 0 0 0 0 0 0
243 696 0 0 0 0 0 0 0 0 0 0 0 0
262 60388 1 1 60388 1109 0 0 0 0 0 0 0 0
265 90582 0 0 0 0 0 0 0 0 0 0 0 0
317 40000 1 1 20000 0 0 0 0 0 0 0 0 0
328 100702 0 0 0 0 0 0 0 0 50301 38 0 0
332 30194 0 0 0 0 0 0 0 0 0 0 0 0
fn=TestSolution::Sift::Solution::SearchLayerFP_(float const*, int, int, int, std::vector<std::vector<std::vector<int, std::allocator<int> >, std::allocator<std::vector<int, std::allocator<int> > > >, std::allocator<std::vector<std::vector<int, std::allocator<int> >, std::allocator<std::vector<int, std::allocator<int> > > > > > const&, std::vector<std::mutex, std::allocator<std::mutex> >&, TestSolution::Sift::Solution::VisitedList&)
139 96961227 2 2 0 0 0 0 0 0 0 0 0 0
140 170956453 0 0 0 0 0 0 0 0 37188262 233566 0 0
142 17820975 1 1 0 0 0 0 0 0 0 0 0 0
144 90453573 0 0 0 0 0 0 0 0 0 0 0 0
146 19198895 0 0 0 0 0 0 0 0 0 0 0 0
215 29021372 0 0 29021372 0 0 0 0 0 0 0 0 0
216 14510686 0 0 0 0 0 0 0 0 0 0 0 0
229 187416665 1 1 0 0 0 0 0 0 78938189 23557872 0 0
231 74040958 0 0 0 0 0 0 0 0 0 0 0 0
232 74040958 1 1 0 0 0 0 0 0 0 0 0 0
233 37020479 0 0 0 0 0 0 0 0 0 0 0 0
234 18914666 0 0 0 0 0 0 0 0 0 0 0 0
235 55935145 0 0 0 0 0 0 0 0 0 0 0 0
238 36906236 2 2 0 0 0 0 0 0 7380340 2613056 0 0
240 124792 0 0 0 0 0 0 0 0 0 0 0 0
241 124792 0 0 0 0 0 0 0 0 0 0 0 0
243 62396 0 0 0 0 0 0 0 0 0 0 0 0
262 9839802 1 1 9839802 163105 19 0 0 0 0 0 0 0
265 14759703 0 0 0 0 0 0 0 0 0 0 0 0
328 14553808 0 0 0 0 0 0 0 0 7276904 861 0 0
332 4919901 0 0 0 0 0 0 0 0 0 0 0 0
fn=TestSolution::Sift::Solution::SelectNeighbors_(StackHeap<std::pair<float, int>, 501, std::less<std::pair<float, int> > >&, std::vector<int, std::allocator<int> >&)
328 9839722 0 0 0 0 0 0 0 0 4919861 15 0 0
fn=void std::pop_heap<std::pair<float, int>*, std::less<std::pair<float, int> > >(std::pair<float, int>*, std::pair<float, int>*, std::less<std::pair<float, int> >) [clone .part.0]
139 173658324 0 0 0 0 0 0 0 0 0 0 0 0
140 230658663 2 2 0 0 0 0 0 0 51805722 32844 0 0
142 18150620 0 0 0 0 0 0 0 0 0 0 0 0
144 127054340 0 0 0 0 0 0 0 0 0 0 0 0
146 36313956 0 0 0 0 0 0 0 0 0 0 0 0
229 1277715188 0 0 0 0 0 0 0 0 529627532 159868825 0 0
231 493229650 2 2 0 0 0 0 0 0 0 0 0 0
232 493229650 0 0 0 0 0 0 0 0 0 0 0 0
233 246614825 0 0 0 0 0 0 0 0 0 0 0 0
234 120367725 0 0 0 0 0 0 0 0 0 0 0 0
235 366982550 0 0 0 0 0 0 0 0 0 0 0 0
238 329844693 4 4 0 0 0 0 0 0 62685401 13503580 0 0
240 5382814 0 0 0 0 0 0 0 0 0 0 0 0
241 5382814 0 0 0 0 0 0 0 0 0 0 0 0
243 2691407 0 0 0 0 0 0 0 0 0 0 0 0
262 72865940 2 2 72865940 101717 441 0 0 0 0 0 0 0
265 109298910 0 0 0 0 0 0 0 0 0 0 0 0
317 36432970 0 0 0 0 0 36432970 0 0 0 0 0 0
332 36432970 0 0 0 0 0 0 0 0 0 0 0 0
335 72865940 0 0 72865940 17 3 0 0 0 0 0 0 0
fl=/usr/include/c++/13/bits/stl_iterator.h
fn=TestSolution::Glove::Solution::Build(std::vector<float, std::allocator<float> > const&)
1077 1 1 1 1 0 0 0 0 0 0 0 0 0
fn=TestSolution::Glove::Solution::Insert_(int, std::vector<std::vector<std::vector<int, std::allocator<int> >, std::allocator<std::vector<int, std::allocator<int> > > >, std::allocator<std::vector<std::vector<int, std::allocator<int> >, std::allocator<std::vector<int, std::allocator<int> > > > > >&, std::vector<std::mutex, std::allocator<std::mutex> >&)
1077 248752 0 0 207914 75817 34 40838 0 0 0 0 0 0
fn=TestSolution::Glove::Solution::SearchFP_(std::vector<float, std::allocator<float> > const&, int, int*)
1111 1000 0 0 0 0 0 0 0 0 0 0 0 0
1125 100 0 0 0 0 0 0 0 0 0 0 0 0
fn=TestSolution::Glove::Solution::SearchLayerFP_(float const*, int, int, int, std::vector<std::vector<std::vector<int, std::allocator<int> >, std::allocator<std::vector<int, std::allocator<int> > > >, std::allocator<std::vector<std::vector<int, std::allocator<int> >, std::allocator<std::vector<int, std::allocator<int> > > > > > const&, std::vector<std::mutex, std::allocator<std::mutex> >&, TestSolution::Glove::Solution::VisitedList&)
1077 17382482 0 0 17382482 8584257 414 0 0 0 0 0 0 0
fn=TestSolution::Glove::Solution::SelectNeighbors_(StackHeap<std::pair<float, int>, 501, std::less<std::pair<float, int> > >&, std::vector<int, std::allocator<int> >&)
1077 40838 1 1 20419 0 0 20419 0 0 0 0 0 0
fn=TestSolution::Sift::Solution::Build(std::vector<float, std::allocator<float> > const&)
1077 1 0 0 1 0 0 0 0 0 0 0 0 0
fn=TestSolution::Sift::Solution::Insert_(int, std::vector<std::vector<std::vector<int, std::allocator<int> >, std::allocator<std::vector<int, std::allocator<int> > > >, std::allocator<std::vector<std::vector<int, std::allocator<int> >, std::allocator<std::vector<int, std::allocator<int> > > > > >&, std::vector<std::mutex, std::allocator<std::mutex> >&)
1077 132784 1 1 112116 48125 0 20668 0 0 0 0 0 0
1111 6176 0 0 0 0 0 0 0 0 0 0 0 0
fn=TestSolution::Sift::Solution::SearchFP_(std::vector<float, std::allocator<float> > const&, int, int*)
1111 1000 0 0 0 0 0 0 0 0 0 0 0 0
1125 100 0 0 0 0 0 0 0 0 0 0 0 0
fn=TestSolution::Sift::Solution::SearchLayerFP_(float const*, int, int, int, std::vector<std::vector<std::vector<int, std::allocator<int> >, std::allocator<std::vector<int, std::allocator<int> > > >, std::allocator<std::vector<std::vector<int, std::allocator<int> >, std::allocator<std::vector<int, std::allocator<int> > > > > > const&, std::vector<std::mutex, std::allocator<std::mutex> >&, TestSolution::Sift::Solution::VisitedList&)
1077 9843210 0 0 9843210 4812011 0 0 0 0 0 0 0 0
fn=TestSolution::Sift::Solution::SelectNeighbors_(StackHeap<std::pair<float, int>, 501, std::less<std::pair<float, int> > >&, std::vector<int, std::allocator<int> >&)
1077 20668 1 1 10334 0 0 10334 0 0 0 0 0 0
fn=load_labels(global::DataSetInfo const&)
1077 202 2 2 202 0 0 0 0 0 0 0 0 0
fn=load_samples(global::DataSetInfo const&)
1077 208 0 0 208 72 0 0 0 0 0 0 0 0
fn=run(global::DataSetInfo const&)
1077 200 0 0 200 76 0 0 0 0 0 0 0 0
fn=std::__format::_Sink_iter<char> std::__format::__write<std::__format::_Sink_iter<char>, char>(std::__format::_Sink_iter<char>, std::basic_string_view<char, std::char_traits<char> >)
1143 36 0 0 36 0 0 0 0 0 0 0 0 0
1337 108 0 0 72 0 0 0 0 0 0 0 0 0
fn=std::vector<std::vector<int, std::allocator<int> >, std::allocator<std::vector<int, std::allocator<int> > > >::vector(unsigned long, std::vector<int, std::allocator<int> > const&, std::allocator<std::vector<int, std::allocator<int> > > const&)
1077 600 0 0 600 0 0 0 0 0 0 0 0 0
fn=std::vformat[abi:cxx11](std::basic_string_view<char, std::char_traits<char> >, std::basic_format_args<std::basic_format_context<std::__format::_Sink_iter<char>, char> >)
1077 12 0 0 12 0 0 0 0 0 0 0 0 0
fl=/usr/include/c++/13/bits/stl_pair.h
fn=TestSolution::Glove::Solution::Insert_(int, std::vector<std::vector<std::vector<int, std::allocator<int> >, std::allocator<std::vector<int, std::allocator<int> > > >, std::allocator<std::vector<std::vector<int, std::allocator<int> >, std::allocator<std::vector<int, std::allocator<int> > > > > >&, std::vector<std::mutex, std::allocator<std::mutex> >&)
420 5519558 0 0 0 0 0 5519558 0 0 0 0 0 0
421 5574988 0 0 55430 0 0 5519558 41072 9 0 0 0 0
431 5942927 0 0 0 0 0 5942927 0 0 0 0 0 0
432 6366296 2 2 423369 0 0 5942927 0 0 0 0 0 0
fn=TestSolution::Glove::Solution::SearchFP_(std::vector<float, std::allocator<float> > const&, int, int*)
420 334001 1 1 100 0 0 333901 0 0 0 0 0 0
421 333901 0 0 0 0 0 333901 24279 0 0 0 0 0
431 3000786 0 0 591361 687 0 2268285 0 0 0 0 0 0
432 3920522 2 2 1652237 0 0 2268285 0 0 0 0 0 0
fn=TestSolution::Glove::Solution::SearchLayerFP_(float const*, int, int, int, std::vector<std::vector<std::vector<int, std::allocator<int> >, std::allocator<std::vector<int, std::allocator<int> > > >, std::allocator<std::vector<std::vector<int, std::allocator<int> >, std::allocator<std::vector<int, std::allocator<int> > > > > > const&, std::vector<std::mutex, std::allocator<std::mutex> >&, TestSolution::Glove::Solution::VisitedList&)
420 45253977 0 0 0 0 0 45253977 0 0 0 0 0 0
421 45253977 0 0 0 0 0 45253977 3148851 1983 0 0 0 0
431 234645188 0 0 33291506 18302 134 192664421 2 0 0 0 0 0
432 322736663 3 3 130072242 2 0 192664421 1 0 0 0 0 0
fn=TestSolution::Sift::Solution::Insert_(int, std::vector<std::vector<std::vector<int, std::allocator<int> >, std::allocator<std::vector<int, std::allocator<int> > > >, std::allocator<std::vector<std::vector<int, std::allocator<int> >, std::allocator<std::vector<int, std::allocator<int> > > > > >&, std::vector<std::mutex, std::allocator<std::mutex> >&)
420 6273 1 1 0 0 0 6273 0 0 0 0 0 0
421 6370 1 1 97 0 0 6273 13 0 0 0 0 0
427 627 0 0 0 0 0 0 0 0 0 0 0 0
431 7001 0 0 0 0 0 7001 0 0 0 0 0 0
432 7729 0 0 728 0 0 7001 0 0 0 0 0 0
fn=TestSolution::Sift::Solution::SearchFP_(std::vector<float, std::allocator<float> > const&, int, int*)
420 77242 1 1 100 0 0 77142 0 0 0 0 0 0
421 77142 1 1 0 0 0 77142 4656 0 0 0 0 0
431 567614 0 0 101381 45 0 436039 0 0 0 0 0 0
432 734701 1 1 298662 0 0 436039 0 0 0 0 0 0
fn=TestSolution::Sift::Solution::SearchLayerFP_(float const*, int, int, int, std::vector<std::vector<std::vector<int, std::allocator<int> >, std::allocator<std::vector<int, std::allocator<int> > > >, std::allocator<std::vector<std::vector<int, std::allocator<int> >, std::allocator<std::vector<int, std::allocator<int> > > > > > const&, std::vector<std::mutex, std::allocator<std::mutex> >&, TestSolution::Sift::Solution::VisitedList&)
420 14531354 0 0 0 0 0 14531354 0 0 0 0 0 0
421 14531354 1 1 0 0 0 14531354 1144537 461 0 0 0 0
427 16472277 0 0 0 0 0 0 0 0 0 0 0 0
431 103151301 0 0 18977062 1747 0 79254338 0 0 0 0 0 0
432 134146774 2 2 54892436 1 0 79254338 4 0 0 0 0 0
fn=void std::pop_heap<std::pair<float, int>*, std::less<std::pair<float, int> > >(std::pair<float, int>*, std::pair<float, int>*, std::less<std::pair<float, int> >) [clone .part.0]
431 499814894 0 0 159492102 284616 359 340322792 1 0 0 0 0 0
432 644194654 0 0 303871862 6 1 340322792 10 0 0 0 0 0
fl=/usr/include/c++/13/bits/stl_uninitialized.h
fn=TestSolution::Glove::Solution::Build(std::vector<float, std::allocator<float> > const&)
642 60001 0 0 0 0 0 0 0 0 20000 8 0 0
1103 8 0 0 6 0 0 0 0 0 0 0 0 0
1104 173 1 1 16 0 0 0 0 0 37 16 0 0
fn=TestSolution::Glove::Solution::Insert_(int, std::vector<std::vector<std::vector<int, std::allocator<int> >, std::allocator<std::vector<int, std::allocator<int> > > >, std::allocator<std::vector<std::vector<int, std::allocator<int> >, std::allocator<std::vector<int, std::allocator<int> > > > > >&, std::vector<std::mutex, std::allocator<std::mutex> >&)
1119 59572 0 0 0 0 0 0 0 0 29786 392 0 0
1131 148885 1 1 0 0 0 29777 0 0 0 0 0 0
fn=TestSolution::Sift::Solution::Build(std::vector<float, std::allocator<float> > const&)
642 30001 0 0 0 0 0 0 0 0 10000 10 0 0
1103 8 0 0 6 0 0 0 0 0 0 0 0 0
1104 168 0 0 16 0 0 0 0 0 37 16 0 0
fn=TestSolution::Sift::Solution::Insert_(int, std::vector<std::vector<std::vector<int, std::allocator<int> >, std::allocator<std::vector<int, std::allocator<int> > > >, std::allocator<std::vector<std::vector<int, std::allocator<int> >, std::allocator<std::vector<int, std::allocator<int> > > > > >&, std::vector<std::mutex, std::allocator<std::mutex> >&)
1119 30312 0 0 0 0 0 0 0 0 15156 6 0 0
1131 60600 1 1 15150 0 0 15150 0 0 0 0 0 0
fn=load_base(global::DataSetInfo const&)
667 2 0 0 0 0 0 0 0 0 0 0 0 0
fn=load_labels(global::DataSetInfo const&)
263 2 0 0 0 0 0 0 0 0 0 0 0 0
266 600 0 0 0 0 0 0 0 0 200 8 0 0
fn=load_samples(global::DataSetInfo const&)
263 2 0 0 0 0 0 0 0 0 0 0 0 0
266 600 0 0 0 0 0 0 0 0 200 2 0 0
667 4 0 0 0 0 0 2 0 0 0 0 0 0
fn=std::vector<TestSolution::Glove::Solution::Node, std::allocator<TestSolution::Glove::Solution::Node> >::_M_default_append(unsigned long)
667 1 1 1 0 0 0 0 0 0 0 0 0 0
668 1 0 0 0 0 0 0 0 0 0 0 0 0
1119 2 0 0 0 0 0 0 0 0 1 1 0 0
fn=std::vector<TestSolution::Sift::Solution::Node, std::allocator<TestSolution::Sift::Solution::Node> >::_M_default_append(unsigned long)
667 1 1 1 0 0 0 0 0 0 0 0 0 0
668 1 0 0 0 0 0 0 0 0 0 0 0 0
1119 2 0 0 0 0 0 0 0 0 1 0 0 0
fn=std::vector<int, std::allocator<int> >::_M_default_append(unsigned long)
667 2 0 0 0 0 0 0 0 0 0 0 0 0
668 4 0 0 0 0 0 2 2 0 0 0 0 0
1119 4 0 0 0 0 0 0 0 0 2 0 0 0
fn=std::vector<std::vector<int, std::allocator<int> >, std::allocator<std::vector<int, std::allocator<int> > > >::_M_default_append(unsigned long)
642 182259 0 0 0 0 0 0 0 0 30753 756 0 0
1103 30000 0 0 0 0 0 0 0 0 0 0 0 0
1104 90000 0 0 0 0 0 0 0 0 30000 14 0 0
fn=std::vector<std::vector<int, std::allocator<int> >, std::allocator<std::vector<int, std::allocator<int> > > >::vector(unsigned long, std::vector<int, std::allocator<int> > const&, std::allocator<std::vector<int, std::allocator<int> > > const&)
263 4 0 0 0 0 0 0 0 0 0 0 0 0
266 600 0 0 0 0 0 0 0 0 200 2 0 0
fl=/usr/include/c++/13/bits/stl_vector.h
fn=TestSolution::Glove::Solution::Build(std::vector<float, std::allocator<float> > const&)
100 40007 1 1 0 0 0 40004 7501 7499 0 0 0 0
370 121265 0 0 80843 12545 81 0 0 0 0 0 0 0
381 12 0 0 0 0 0 0 0 0 6 2 0 0
389 80862 0 0 6 0 0 0 0 0 40428 5 0 0
398 2 0 0 0 0 0 2 0 0 0 0 0 0
400 4 0 0 0 0 0 2 0 0 0 0 0 0
735 40002 0 0 40002 5000 117 0 0 0 0 0 0 0
993 120039 1 1 40004 5002 0 12 0 0 0 0 0 0
1015 40002 0 0 0 0 0 0 0 0 20001 8 0 0
1016 80005 2 2 0 0 0 20001 1 0 1 1 0 0
1129 80000 2 2 40000 0 0 0 0 0 0 0 0 0
1717 2 0 0 0 0 0 2 2 0 0 0 0 0
1898 18 0 0 0 0 0 0 0 0 6 0 0 0
1901 10 0 0 0 0 0 5 0 0 0 0 0 0
1902 34 1 1 0 0 0 6 0 0 5 0 0 0
1909 6 1 1 0 0 0 0 0 0 2 1 0 0
1939 20000 1 1 20000 0 0 0 0 0 0 0 0 0
fn=TestSolution::Glove::Solution::FlattenGraph_(std::vector<std::vector<std::vector<int, std::allocator<int> >, std::allocator<std::vector<int, std::allocator<int> > > >, std::allocator<std::vector<std::vector<int, std::allocator<int> >, std::allocator<std::vector<int, std::allocator<int> > > > > > const&)
993 504210 3 3 161680 35442 1097 40003 2 0 0 0 0 0
1015 2 0 0 0 0 0 0 0 0 1 0 0 0
1016 3 1 1 0 0 0 1 1 0 0 0 0 0
1036 2 0 0 0 0 0 0 0 0 1 1 0 0
1037 3 1 1 0 0 0 1 0 0 0 0 0 0
1129 61260 0 0 0 0 0 0 0 0 0 0 0 0
1148 80000 0 0 40000 2 0 0 0 0 0 0 0 0
fn=TestSolution::Glove::Solution::Insert_(int, std::vector<std::vector<std::vector<int, std::allocator<int> >, std::allocator<std::vector<int, std::allocator<int> > > >, std::allocator<std::vector<std::vector<int, std::allocator<int> >, std::allocator<std::vector<int, std::allocator<int> > > > > >&, std::vector<std::mutex, std::allocator<std::mutex> >&)
370 40838 0 0 20419 35 0 0 0 0 0 0 0 0
378 29777 0 0 0 0 0 0 0 0 0 0 0 0
381 89331 0 0 0 0 0 0 0 0 29777 2 0 0
389 61275 0 0 20419 0 0 0 0 0 20428 8 0 0
993 8576080 1 1 2865360 1491082 1335 664571 0 0 0 0 0 0
1036 36 0 0 0 0 0 0 0 0 18 2 0 0
1037 144 1 1 18 0 0 18 0 0 0 0 0 0
1126 20419 0 0 20419 20236 387 0 0 0 0 0 0 0
1129 9334422 4 4 3799521 81991 602 1573099 1130 18 0 0 0 0
1283 17179146 1 1 11250213 295084 16 0 0 0 5928933 31381 0 0
1288 11798294 0 0 0 0 0 5899147 0 0 0 0 0 0
1901 9 1 1 0 0 0 0 0 0 0 0 0 0
1935 110860 0 0 0 0 0 0 0 0 55430 2 0 0
1939 110860 0 0 0 0 0 55430 23794 0 0 0 0 0
fn=TestSolution::Glove::Solution::SearchFP_(std::vector<float, std::allocator<float> > const&, int, int*)
370 100 0 0 0 0 0 0 0 0 0 0 0 0
389 200 1 1 0 0 0 0 0 0 100 0 0 0
993 500 1 1 200 0 0 0 0 0 0 0 0 0
1036 2 0 0 0 0 0 0 0 0 1 1 0 0
1037 10 2 2 2 0 0 2 0 0 0 0 0 0
1129 19133136 0 0 9566618 54 0 0 0 0 0 0 0 0
1261 141347 0 0 141347 0 0 0 0 0 0 0 0 0
1266 100 0 0 100 100 38 0 0 0 0 0 0 0
1283 120000 1 1 0 0 0 0 0 0 60000 105 0 0
1288 120000 0 0 0 0 0 60000 0 0 0 0 0 0
fn=TestSolution::Glove::Solution::SearchLayerFP_(float const*, int, int, int, std::vector<std::vector<std::vector<int, std::allocator<int> >, std::allocator<std::vector<int, std::allocator<int> > > >, std::allocator<std::vector<std::vector<int, std::allocator<int> >, std::allocator<std::vector<int, std::allocator<int> > > > > > const&, std::vector<std::mutex, std::allocator<std::mutex> >&, TestSolution::Glove::Solution::VisitedList&)
993 52167865 1 1 17382482 9560132 35355 20419 0 0 0 0 0 0
1129 556774567 0 0 26114541 100315 426 17382472 1 0 0 0 0 0
1148 52229122 0 0 26073723 744 219 20419 0 0 0 0 0 0
fn=TestSolution::Glove::Solution::SelectNeighbors_(StackHeap<std::pair<float, int>, 501, std::less<std::pair<float, int> > >&, std::vector<int, std::allocator<int> >&)
370 40838 0 0 20419 0 0 0 0 0 0 0 0 0
389 40838 0 0 0 0 0 0 0 0 20419 0 0 0
993 37888176 1 1 18944088 64 14 0 0 0 0 0 0 0
1283 50947312 2 2 20511839 152 9 9923634 3 2 10588205 20244 0 0
1288 21176410 0 0 0 0 0 10588205 0 0 0 0 0 0
fn=TestSolution::Glove::Solution::Solution()
100 16 0 0 0 0 0 14 2 0 0 0 0 0
fn=TestSolution::Glove::Solution::VisitedList::~VisitedList()
370 57 0 0 38 19 0 0 0 0 0 0 0 0
389 38 0 0 0 0 0 0 0 0 19 0 0 0
fn=TestSolution::Sift::Solution::Build(std::vector<float, std::allocator<float> > const&)
100 20007 1 1 0 0 0 20004 3751 3750 0 0 0 0
370 61010 1 1 40673 6309 3 0 0 0 0 0 0 0
381 12 0 0 0 0 0 0 0 0 6 4 0 0
389 40692 1 1 6 0 0 0 0 0 20343 5 0 0
398 2 0 0 0 0 0 2 0 0 0 0 0 0
400 4 0 0 0 0 0 2 0 0 0 0 0 0
735 20002 0 0 20002 2501 4 0 0 0 0 0 0 0
993 60039 2 2 20004 2502 0 12 0 0 0 0 0 0
1015 20002 0 0 0 0 0 0 0 0 10001 8 0 0
1016 40004 2 2 0 0 0 10001 1 0 1 1 0 0
1129 40000 2 2 20000 0 0 0 0 0 0 0 0 0
1717 2 0 0 0 0 0 2 2 0 0 0 0 0
1898 18 0 0 0 0 0 0 0 0 6 0 0 0
1901 10 0 0 0 0 0 5 0 0 0 0 0 0
1902 34 1 1 0 0 0 6 0 0 5 0 0 0
1909 6 1 1 0 0 0 0 0 0 2 1 0 0
1939 10000 1 1 10000 0 0 0 0 0 0 0 0 0
fn=TestSolution::Sift::Solution::FlattenGraph_(std::vector<std::vector<std::vector<int, std::allocator<int> >, std::allocator<std::vector<int, std::allocator<int> > > >, std::allocator<std::vector<std::vector<int, std::allocator<int> >, std::allocator<std::vector<int, std::allocator<int> > > > > > const&)
993 253360 3 3 81340 17835 250 20003 2 0 0 0 0 0
1015 2 0 0 0 0 0 0 0 0 1 1 0 0
1016 3 1 1 0 0 0 1 1 0 0 0 0 0
1036 2 0 0 0 0 0 0 0 0 1 0 0 0
1037 3 1 1 0 0 0 1 0 0 0 0 0 0
1129 31005 0 0 0 0 0 0 0 0 0 0 0 0
1148 40000 0 0 20000 2 0 0 0 0 0 0 0 0
fn=TestSolution::Sift::Solution::Insert_(int, std::vector<std::vector<std::vector<int, std::allocator<int> >, std::allocator<std::vector<int, std::allocator<int> > > >, std::allocator<std::vector<std::vector<int, std::allocator<int> >, std::allocator<std::vector<int, std::allocator<int> > > > > >&, std::vector<std::mutex, std::allocator<std::mutex> >&)
370 20668 0 0 10334 20 0 0 0 0 0 0 0 0
378 15150 0 0 0 0 0 0 0 0 0 0 0 0
381 45450 0 0 0 0 0 0 0 0 15150 2 0 0
389 31014 2 2 10340 0 0 0 0 0 10340 1 0 0
993 1703709 4 4 535868 265111 6 106105 0 0 0 0 0 0
1036 36 0 0 0 0 0 0 0 0 18 1 0 0
1037 108 1 1 18 0 0 18 0 0 0 0 0 0
1126 10334 0 0 10334 10168 22 0 0 0 0 0 0 0
1129 1857401 4 4 831149 20470 367 166439 18 0 0 0 0 0
1283 230544 0 0 118360 26274 0 0 0 0 112184 17203 0 0
1288 194056 0 0 0 0 0 97028 0 0 0 0 0 0
1901 6 1 1 0 0 0 0 0 0 0 0 0 0
1935 291 0 0 97 0 0 0 0 0 97 0 0 0
1939 97 0 0 0 0 0 97 9 0 0 0 0 0
fn=TestSolution::Sift::Solution::SearchFP_(std::vector<float, std::allocator<float> > const&, int, int*)
370 100 0 0 0 0 0 0 0 0 0 0 0 0
389 200 1 1 0 0 0 0 0 0 100 0 0 0
993 500 0 0 200 1 0 0 0 0 0 0 0 0
1036 2 0 0 0 0 0 0 0 0 1 1 0 0
1037 6 2 2 1 0 0 1 0 0 0 0 0 0
1129 1469216 1 1 734558 1 0 100 0 0 0 0 0 0
1261 30308 0 0 30308 0 0 0 0 0 0 0 0 0
1266 100 0 0 100 100 0 0 0 0 0 0 0 0
1283 40000 0 0 0 0 0 0 0 0 20000 0 0 0
1288 40000 0 0 0 0 0 20000 0 0 0 0 0 0
fn=TestSolution::Sift::Solution::SearchLayerFP_(float const*, int, int, int, std::vector<std::vector<std::vector<int, std::allocator<int> >, std::allocator<std::vector<int, std::allocator<int> > > >, std::allocator<std::vector<std::vector<int, std::allocator<int> >, std::allocator<std::vector<int, std::allocator<int> > > > > > const&, std::vector<std::mutex, std::allocator<std::mutex> >&, TestSolution::Sift::Solution::VisitedList&)
993 29550298 0 0 9843210 5297601 425 10334 0 0 0 0 0 0
1129 261418814 1 1 123327010 241 39 14764794 0 0 0 0 0 0
1148 29570966 1 1 14764815 186 26 10334 0 0 0 0 0 0
fn=TestSolution::Sift::Solution::SelectNeighbors_(StackHeap<std::pair<float, int>, 501, std::less<std::pair<float, int> > >&, std::vector<int, std::allocator<int> >&)
370 31002 0 0 20668 0 0 0 0 0 0 0 0 0
389 20668 2 2 10334 0 0 0 0 0 10334 0 0 0
993 29496678 1 1 14748339 8 1 4916113 0 0 0 0 0 0
1283 19997759 1 1 10051932 2 0 0 0 0 5025966 5 0 0
1288 10051932 0 0 0 0 0 5025966 0 0 0 0 0 0
fn=TestSolution::Sift::Solution::Solution()
100 16 2 1 0 0 0 14 2 0 0 0 0 0
fn=TestSolution::Sift::Solution::VisitedList::~VisitedList()
370 57 0 0 38 20 2 0 0 0 0 0 0 0
389 38 0 0 0 0 0 0 0 0 19 0 0 0
fn=load_base(global::DataSetInfo const&)
100 6 0 0 0 0 0 4 0 0 0 0 0 0
381 4 2 2 0 0 0 0 0 0 2 1 0 0
398 2 0 0 0 0 0 2 0 0 0 0 0 0
400 8 0 0 0 0 0 2 0 0 0 0 0 0
1717 2 0 0 0 0 0 2 2 0 0 0 0 0
1909 6 0 0 0 0 0 0 0 0 2 1 0 0
fn=load_labels(global::DataSetInfo const&)
100 610 0 0 0 0 0 406 76 36 0 0 0 0
381 4 0 0 0 0 0 0 0 0 2 0 0 0
398 210 2 2 0 0 0 204 0 0 0 0 0 0
400 408 2 2 0 0 0 204 0 0 0 0 0 0
605 200 0 0 0 0 0 200 0 0 0 0 0 0
1706 2 0 0 0 0 0 2 0 0 0 0 0 0
1717 2 0 0 0 0 0 2 0 0 0 0 0 0
1909 6 2 2 0 0 0 0 0 0 2 1 0 0
fn=load_samples(global::DataSetInfo const&)
100 612 2 2 2 0 0 406 76 37 0 0 0 0
381 410 2 2 202 0 0 0 0 0 204 12 0 0
389 4 2 2 0 0 0 0 0 0 2 0 0 0
398 212 0 0 2 0 0 204 0 0 0 0 0 0
400 412 0 0 0 0 0 208 0 0 0 0 0 0
605 200 0 0 0 0 0 200 0 0 0 0 0 0
993 4 0 0 2 0 0 0 0 0 0 0 0 0
1706 4 0 0 2 0 0 2 1 0 0 0 0 0
1717 4 0 0 2 0 0 2 0 0 0 0 0 0
1909 10 0 0 0 0 0 0 0 0 4 1 0 0
fn=run(global::DataSetInfo const&)
100 4 0 0 0 0 0 2 0 0 0 0 0 0
370 1850 12 12 1234 136 4 0 0 0 0 0 0 0
389 1248 0 0 0 0 0 0 0 0 624 14 0 0
398 2 2 2 0 0 0 2 0 0 0 0 0 0
400 4 0 0 0 0 0 2 0 0 0 0 0 0
735 12 3 3 12 3 2 0 0 0 0 0 0 0
1129 1600 2 2 1400 78 38 0 0 0 0 0 0 0
1261 200 0 0 200 200 38 0 0 0 0 0 0 0
1717 2 0 0 0 0 0 2 0 0 0 0 0 0
fn=save_res(std::vector<std::vector<int, std::allocator<int> >, std::allocator<std::vector<int, std::allocator<int> > > > const&)
993 1202 2 2 402 0 0 0 0 0 0 0 0 0
1148 1800 0 0 1800 0 0 0 0 0 0 0 0 0
fn=std::vector<TestSolution::Glove::Solution::Node, std::allocator<TestSolution::Glove::Solution::Node> >::_M_default_append(unsigned long)
389 2 1 1 0 0 0 0 0 0 1 0 0 0
993 6 0 0 2 0 0 0 0 0 0 0 0 0
1898 2 0 0 0 0 0 0 0 0 1 0 0 0
1901 2 1 1 0 0 0 1 0 0 0 0 0 0
1902 4 1 1 1 0 0 0 0 0 0 0 0 0
fn=std::vector<TestSolution::Sift::Solution::Node, std::allocator<TestSolution::Sift::Solution::Node> >::_M_default_append(unsigned long)
389 2 0 0 0 0 0 0 0 0 1 0 0 0
993 6 1 1 2 0 0 0 0 0 0 0 0 0
1898 2 0 0 0 0 0 0 0 0 1 0 0 0
1901 2 0 0 0 0 0 1 0 0 0 0 0 0
1902 4 1 1 1 0 0 0 0 0 0 0 0 0
fn=std::vector<float, std::allocator<float> >::operator=(std::vector<float, std::allocator<float> > const&) [clone .isra.0]
389 4 0 0 0 0 0 0 0 0 2 2 0 0
993 8 0 0 4 0 0 0 0 0 0 0 0 0
1080 6 2 1 4 0 0 0 0 0 0 0 0 0
fn=std::vector<int, std::allocator<int> >::_M_default_append(unsigned long)
389 4 0 0 0 0 0 0 0 0 2 1 0 0
993 12 2 2 4 2 0 0 0 0 0 0 0 0
1898 4 0 0 0 0 0 0 0 0 2 0 0 0
1901 4 0 0 0 0 0 2 0 0 0 0 0 0
1902 8 2 2 2 0 0 0 0 0 0 0 0 0
fn=std::vector<int, std::allocator<int> >::_M_fill_insert(__gnu_cxx::__normal_iterator<int*, std::vector<int, std::allocator<int> > >, unsigned long, int const&)
389 4 0 0 0 0 0 0 0 0 2 2 0 0
993 6 0 0 0 0 0 0 0 0 0 0 0 0
1898 8 2 2 0 0 0 0 0 0 2 1 0 0
1901 2 0 0 0 0 0 0 0 0 0 0 0 0
1902 6 2 2 0 0 0 0 0 0 0 0 0 0
fn=std::vector<int, std::allocator<int> >::operator=(std::vector<int, std::allocator<int> > const&) [clone .isra.0]
389 61496 0 0 0 0 0 0 0 0 30748 27 0 0
993 123030 0 0 61512 0 0 0 0 0 0 0 0 0
1080 92259 0 0 61506 43582 4 0 0 0 0 0 0 0
fn=std::vector<std::vector<int, std::allocator<int> >, std::allocator<std::vector<int, std::allocator<int> > > >::_M_default_append(unsigned long)
100 91506 2 2 0 0 0 61506 16 8 0 0 0 0
389 60000 2 2 0 0 0 0 0 0 30000 17 0 0
993 210000 4 4 60000 0 0 0 0 0 0 0 0 0
1898 60000 0 0 0 0 0 0 0 0 30000 0 0 0
1901 30000 0 0 0 0 0 0 0 0 0 0 0 0
1902 90000 0 0 0 0 0 0 0 0 0 0 0 0
fn=std::vector<std::vector<int, std::allocator<int> >, std::allocator<std::vector<int, std::allocator<int> > > >::vector(unsigned long, std::vector<int, std::allocator<int> > const&, std::allocator<std::vector<int, std::allocator<int> > > const&)
100 610 4 4 2 0 0 404 0 0 0 0 0 0
381 604 0 0 0 0 0 0 0 0 202 8 0 0
398 608 0 0 2 0 0 202 0 0 0 0 0 0
400 404 0 0 0 0 0 202 0 0 0 0 0 0
569 20 4 4 0 0 0 16 0 0 0 0 0 0
572 16 2 2 14 0 0 0 0 0 0 0 0 0
993 6 0 0 6 0 0 0 0 0 0 0 0 0
1706 4 0 0 2 0 0 2 0 0 0 0 0 0
1909 6 0 0 0 0 0 0 0 0 2 0 0 0
fn=std::vector<unsigned short, std::allocator<unsigned short> >::_M_fill_insert(__gnu_cxx::__normal_iterator<unsigned short*, std::vector<unsigned short, std::allocator<unsigned short> > >, unsigned long, unsigned short const&)
389 76 0 0 0 0 0 0 0 0 38 2 0 0
993 152 0 0 0 0 0 0 0 0 0 0 0 0
1898 152 2 2 0 0 0 0 0 0 38 0 0 0
1901 38 0 0 0 0 0 0 0 0 0 0 0 0
1902 114 2 2 0 0 0 0 0 0 0 0 0 0
fl=/usr/include/c++/13/bits/streambuf_iterator.h
fn=std::basic_format_context<std::__format::_Sink_iter<char>, char>::iterator std::__format::__formatter_chrono<char>::_M_format<std::chrono::duration<double, std::ratio<1l, 1l> >, std::basic_format_context<std::__format::_Sink_iter<char>, char> >(std::chrono::duration<double, std::ratio<1l, 1l> > const&, std::basic_format_context<std::__format::_Sink_iter<char>, char>&, bool) const
285 8 0 0 8 0 0 0 0 0 0 0 0 0
295 16 0 0 0 0 0 0 0 0 8 4 0 0
fl=/usr/include/c++/13/bits/string_view.tcc
fn=std::__format::_Scanner<char>::_M_scan()
84 72 0 0 0 0 0 12 0 0 24 4 0 0
88 72 0 0 24 0 0 0 0 0 24 4 0 0
89 120 3 3 0 0 0 0 0 0 0 0 0 0
fl=/usr/include/c++/13/bits/unique_ptr.h
fn=TestSolution::Glove::Solution::Build(std::vector<float, std::allocator<float> > const&)
176 18 0 0 0 0 0 18 0 0 0 0 0 0
403 54 0 0 18 0 0 0 0 0 18 2 0 0
fn=TestSolution::Sift::Solution::Build(std::vector<float, std::allocator<float> > const&)
176 18 0 0 0 0 0 18 0 0 0 0 0 0
403 54 0 0 18 0 0 0 0 0 18 1 0 0
fl=/usr/include/c++/13/bits/unordered_set.h
fn=run(global::DataSetInfo const&)
173 200 2 2 200 0 0 0 0 0 0 0 0 0
fl=/usr/include/c++/13/bits/vector.tcc
fn=TestSolution::Glove::Solution::Build(std::vector<float, std::allocator<float> > const&)
114 53 1 1 17 0 0 0 0 0 18 6 0 0
119 24 0 0 0 0 0 12 4 0 0 0 0 0
445 6 0 0 6 0 0 0 0 0 0 0 0 0
468 18 1 1 12 0 0 0 0 0 0 0 0 0
483 6 0 0 0 0 0 0 0 0 0 0 0 0
520 10 0 0 0 0 0 0 0 0 0 0 0 0
521 12 1 1 6 0 0 6 0 0 0 0 0 0
522 6 0 0 0 0 0 6 2 0 0 0 0 0
523 18 0 0 6 0 0 6 0 0 0 0 0 0
fn=TestSolution::Glove::Solution::Insert_(int, std::vector<std::vector<std::vector<int, std::allocator<int> >, std::allocator<std::vector<int, std::allocator<int> > > >, std::allocator<std::vector<std::vector<int, std::allocator<int> >, std::allocator<std::vector<int, std::allocator<int> > > > > >&, std::vector<std::mutex, std::allocator<std::mutex> >&)
96 61257 0 0 0 0 0 20419 0 0 0 0 0 0
98 40838 0 0 0 0 0 20419 0 0 0 0 0 0
483 59563 0 0 29777 0 0 0 0 0 0 0 0 0
520 766522 1 1 234234 1 0 259887 89627 6 0 0 0 0
521 29786 0 0 0 0 0 29786 0 0 0 0 0 0
522 29786 0 0 0 0 0 29786 0 0 0 0 0 0
523 119144 2 2 0 0 0 29786 0 0 0 0 0 0
fn=TestSolution::Glove::Solution::SearchFP_(std::vector<float, std::allocator<float> > const&, int, int*)
70 300 0 0 0 0 0 0 0 0 100 4 0 0
72 106 0 0 0 0 0 0 0 0 53 4 0 0
96 400 0 0 0 0 0 100 0 0 0 0 0 0
98 300 0 0 0 0 0 100 0 0 0 0 0 0
523 200 0 0 0 0 0 0 0 0 0 0 0 0
fn=TestSolution::Glove::Solution::SelectNeighbors_(StackHeap<std::pair<float, int>, 501, std::less<std::pair<float, int> > >&, std::vector<int, std::allocator<int> >&)
70 61257 0 0 0 0 0 0 0 0 20419 0 0 0
96 61257 0 0 0 0 0 20419 0 0 0 0 0 0
98 40838 0 0 0 0 0 20419 0 0 0 0 0 0
fn=TestSolution::Sift::Solution::Build(std::vector<float, std::allocator<float> > const&)
114 53 1 1 17 0 0 0 0 0 18 8 0 0
119 24 0 0 0 0 0 12 3 0 0 0 0 0
445 6 0 0 6 0 0 0 0 0 0 0 0 0
468 18 1 1 12 0 0 0 0 0 0 0 0 0
483 6 0 0 0 0 0 0 0 0 0 0 0 0
520 10 0 0 0 0 0 0 0 0 0 0 0 0
521 12 1 1 6 0 0 6 0 0 0 0 0 0
522 6 0 0 0 0 0 6 2 0 0 0 0 0
523 18 0 0 6 0 0 6 0 0 0 0 0 0
fn=TestSolution::Sift::Solution::Insert_(int, std::vector<std::vector<std::vector<int, std::allocator<int> >, std::allocator<std::vector<int, std::allocator<int> > > >, std::allocator<std::vector<std::vector<int, std::allocator<int> >, std::allocator<std::vector<int, std::allocator<int> > > > > >&, std::vector<std::mutex, std::allocator<std::mutex> >&)
96 31002 0 0 0 0 0 10334 0 0 0 0 0 0
98 20668 0 0 0 0 0 10334 0 0 0 0 0 0
483 15156 0 0 0 0 0 0 0 0 0 0 0 0
520 97104 1 1 48552 0 0 0 0 0 0 0 0 0
521 15156 0 0 0 0 0 15156 0 0 0 0 0 0
522 15156 0 0 0 0 0 15156 0 0 0 0 0 0
523 45468 0 0 0 0 0 15156 0 0 0 0 0 0
fn=TestSolution::Sift::Solution::SearchFP_(std::vector<float, std::allocator<float> > const&, int, int*)
70 200 0 0 0 0 0 0 0 0 100 4 0 0
72 14 0 0 7 0 0 0 0 0 7 4 0 0
96 400 1 1 0 0 0 100 0 0 0 0 0 0
98 300 0 0 0 0 0 100 0 0 0 0 0 0
fn=TestSolution::Sift::Solution::SelectNeighbors_(StackHeap<std::pair<float, int>, 501, std::less<std::pair<float, int> > >&, std::vector<int, std::allocator<int> >&)
70 31002 0 0 0 0 0 0 0 0 10334 0 0 0
96 31002 0 0 0 0 0 10334 0 0 0 0 0 0
98 20668 0 0 0 0 0 10334 0 0 0 0 0 0
fn=std::vector<TestSolution::Glove::Solution::Node, std::allocator<TestSolution::Glove::Solution::Node> >::_M_default_append(unsigned long)
634 10 2 2 0 0 0 6 0 0 0 0 0 0
637 2 0 0 0 0 0 0 0 0 1 0 0 0
641 3 0 0 1 1 0 0 0 0 0 0 0 0
643 2 0 0 0 0 0 0 0 0 0 0 0 0
646 2 0 0 0 0 0 0 0 0 1 1 0 0
668 1 0 0 0 0 0 0 0 0 0 0 0 0
705 1 0 0 0 0 0 1 1 0 0 0 0 0
706 4 0 0 1 1 0 1 0 0 0 0 0 0
707 2 0 0 0 0 0 1 1 0 0 0 0 0
710 8 0 0 7 1 0 0 0 0 0 0 0 0
fn=std::vector<TestSolution::Sift::Solution::Node, std::allocator<TestSolution::Sift::Solution::Node> >::_M_default_append(unsigned long)
634 10 2 2 0 0 0 6 0 0 0 0 0 0
637 2 0 0 0 0 0 0 0 0 1 1 0 0
641 3 0 0 1 1 0 0 0 0 0 0 0 0
643 2 0 0 0 0 0 0 0 0 0 0 0 0
646 2 0 0 0 0 0 0 0 0 1 0 0 0
668 1 0 0 0 0 0 0 0 0 0 0 0 0
705 1 0 0 0 0 0 1 1 0 0 0 0 0
706 4 0 0 1 1 0 1 0 0 0 0 0 0
707 2 0 0 0 0 0 1 1 0 0 0 0 0
710 8 0 0 7 1 0 0 0 0 0 0 0 0
fn=std::vector<float, std::allocator<float> >::operator=(std::vector<float, std::allocator<float> > const&) [clone .isra.0]
210 14 0 0 0 0 0 8 0 0 0 0 0 0
213 4 2 1 0 0 0 0 0 0 2 0 0 0
236 4 0 0 0 0 0 0 0 0 2 2 0 0
244 2 0 0 2 2 0 0 0 0 0 0 0 0
245 2 0 0 0 0 0 2 0 0 0 0 0 0
246 4 2 1 0 0 0 2 0 0 0 0 0 0
262 2 0 0 0 0 0 2 0 0 0 0 0 0
265 12 0 0 10 2 0 0 0 0 0 0 0 0
fn=std::vector<int, std::allocator<int> >::_M_default_append(unsigned long)
634 20 2 2 0 0 0 12 0 0 0 0 0 0
637 4 0 0 0 0 0 0 0 0 2 0 0 0
641 6 0 0 2 0 0 0 0 0 0 0 0 0
643 4 0 0 0 0 0 0 0 0 0 0 0 0
646 4 0 0 0 0 0 0 0 0 2 0 0 0
668 2 0 0 0 0 0 0 0 0 0 0 0 0
705 2 0 0 0 0 0 2 2 0 0 0 0 0
706 6 0 0 2 0 0 2 0 0 0 0 0 0
707 4 0 0 0 0 0 2 0 0 0 0 0 0
710 16 0 0 14 2 0 0 0 0 0 0 0 0
fn=std::vector<int, std::allocator<int> >::_M_fill_insert(__gnu_cxx::__normal_iterator<int*, std::vector<int, std::allocator<int> > >, unsigned long, int const&)
529 22 2 2 0 0 0 12 0 0 0 0 0 0
532 4 0 0 0 0 0 0 0 0 2 0 0 0
534 4 0 0 0 0 0 0 0 0 2 2 0 0
535 8 0 0 4 0 0 0 0 0 0 0 0 0
580 2 0 0 2 0 0 0 0 0 0 0 0 0
586 4 0 0 0 0 0 0 0 0 0 0 0 0
592 6 0 0 4 0 0 0 0 0 0 0 0 0
601 4 2 2 0 0 0 0 0 0 0 0 0 0
623 2 0 0 0 0 0 2 2 0 0 0 0 0
624 2 0 0 0 0 0 2 0 0 0 0 0 0
625 6 2 2 2 2 0 2 0 0 0 0 0 0
628 16 0 0 14 2 0 0 0 0 0 0 0 0
fn=std::vector<int, std::allocator<int> >::operator=(std::vector<int, std::allocator<int> > const&) [clone .isra.0]
210 215271 0 0 0 0 0 123012 0 0 0 0 0 0
213 61506 2 2 0 0 0 0 0 0 30753 4 0 0
236 61506 2 2 0 0 0 0 0 0 30753 20342 0 0
244 30768 0 0 30758 0 0 0 0 0 0 0 0 0
245 30748 0 0 0 0 0 30748 0 0 0 0 0 0
246 61496 0 0 0 0 0 30748 0 0 0 0 0 0
248 10 0 0 0 0 0 0 0 0 5 1 0 0
257 3 0 0 2 0 0 0 0 0 0 0 0 0
258 1 0 0 1 0 0 0 0 0 0 0 0 0
262 30763 2 2 5 0 0 30753 0 0 0 0 0 0
265 184518 0 0 153765 0 0 0 0 0 0 0 0 0
fn=std::vector<std::vector<int, std::allocator<int> >, std::allocator<std::vector<int, std::allocator<int> > > >::_M_default_append(unsigned long)
634 270000 2 2 0 0 0 180000 2 0 0 0 0 0
637 60000 0 0 0 0 0 0 0 0 30000 0 0 0
641 150000 2 2 30000 3750 0 0 0 0 0 0 0 0
643 60000 0 0 0 0 0 0 0 0 0 0 0 0
646 60000 0 0 0 0 0 0 0 0 30000 4 0 0
668 30000 0 0 0 0 0 0 0 0 0 0 0 0
705 30000 0 0 0 0 0 30000 0 0 0 0 0 0
706 90000 0 0 0 0 0 30000 0 0 0 0 0 0
707 60000 0 0 0 0 0 30000 0 0 0 0 0 0
710 240000 2 2 210000 0 0 0 0 0 0 0 0 0
fn=std::vector<unsigned short, std::allocator<unsigned short> >::_M_fill_insert(__gnu_cxx::__normal_iterator<unsigned short*, std::vector<unsigned short, std::allocator<unsigned short> > >, unsigned long, unsigned short const&)
529 456 4 4 0 0 0 228 0 0 0 0 0 0
532 76 0 0 0 0 0 0 0 0 38 0 0 0
534 76 0 0 0 0 0 0 0 0 38 0 0 0
535 152 0 0 76 0 0 0 0 0 0 0 0 0
580 38 0 0 38 0 0 0 0 0 0 0 0 0
586 76 0 0 0 0 0 0 0 0 0 0 0 0
592 114 2 2 76 7 0 0 0 0 0 0 0 0
601 76 2 2 0 0 0 0 0 0 0 0 0 0
623 38 0 0 0 0 0 38 10 0 0 0 0 0
624 38 0 0 0 0 0 38 1 0 0 0 0 0
625 114 0 0 38 0 0 38 0 0 0 0 0 0
628 304 2 2 266 11 0 0 0 0 0 0 0 0
fl=/usr/include/c++/13/compare
fn=TestSolution::Glove::Solution::Insert_(int, std::vector<std::vector<std::vector<int, std::allocator<int> >, std::allocator<std::vector<int, std::allocator<int> > > >, std::allocator<std::vector<std::vector<int, std::allocator<int> >, std::allocator<std::vector<int, std::allocator<int> > > > > >&, std::vector<std::mutex, std::allocator<std::mutex> >&)
1223 29044978 0 0 5809001 11 5 0 0 0 17426976 200416 0 0
fn=TestSolution::Glove::Solution::SearchFP_(std::vector<float, std::allocator<float> > const&, int, int*)
1223 9403744 1 1 3261745 390333 0 0 0 0 5181523 332665 0 0
fn=TestSolution::Glove::Solution::SearchLayerFP_(float const*, int, int, int, std::vector<std::vector<std::vector<int, std::allocator<int> >, std::allocator<std::vector<int, std::allocator<int> > > >, std::allocator<std::vector<std::vector<int, std::allocator<int> >, std::allocator<std::vector<int, std::allocator<int> > > > > > const&, std::vector<std::mutex, std::allocator<std::mutex> >&, TestSolution::Glove::Solution::VisitedList&)
1223 841897046 0 0 256312661 27089404 28771 0 0 0 475824096 44458750 0 0
fn=TestSolution::Sift::Solution::Insert_(int, std::vector<std::vector<std::vector<int, std::allocator<int> >, std::allocator<std::vector<int, std::allocator<int> > > >, std::allocator<std::vector<std::vector<int, std::allocator<int> >, std::allocator<std::vector<int, std::allocator<int> > > > > >&, std::vector<std::mutex, std::allocator<std::mutex> >&)
1223 33985 1 1 6797 0 0 0 0 0 20391 626 0 0
fn=TestSolution::Sift::Solution::SearchFP_(std::vector<float, std::allocator<float> > const&, int, int*)
1223 1817433 0 0 601696 22491 0 0 0 0 1010808 84747 0 0
fn=TestSolution::Sift::Solution::SearchLayerFP_(float const*, int, int, int, std::vector<std::vector<std::vector<int, std::allocator<int> >, std::allocator<std::vector<int, std::allocator<int> > > >, std::allocator<std::vector<std::vector<int, std::allocator<int> >, std::allocator<std::vector<int, std::allocator<int> > > > > > const&, std::vector<std::mutex, std::allocator<std::mutex> >&, TestSolution::Sift::Solution::VisitedList&)
1223 333331467 0 0 111107445 4675865 919 0 0 0 185124028 14910166 0 0
fn=void std::pop_heap<std::pair<float, int>*, std::less<std::pair<float, int> > >(std::pair<float, int>*, std::pair<float, int>*, std::less<std::pair<float, int> >) [clone .part.0]
1223 1258992832 2 2 547764847 17560800 23732 0 0 0 656693171 17130791 0 0
fl=/usr/include/c++/13/format
fn=decltype(auto) std::basic_format_arg<std::basic_format_context<std::__format::_Sink_iter<char>, char> >::_M_visit<std::__format::_Formatting_scanner<std::__format::_Sink_iter<char>, char>::_M_format_arg(unsigned long)::{lambda(auto:1&)#1}>(std::__format::_Formatting_scanner<std::__format::_Sink_iter<char>, char>::_M_format_arg(unsigned long)::{lambda(auto:1&)#1}&&, std::__format::_Arg_t)
218 4 0 0 4 0 0 0 0 0 0 0 0 0
219 4 0 0 0 0 0 4 0 0 0 0 0 0
822 2 0 0 2 0 0 0 0 0 0 0 0 0
827 4 0 0 2 0 0 0 0 0 2 2 0 0
829 6 0 0 0 0 0 2 0 0 0 0 0 0
1991 6 0 0 0 0 0 2 0 0 0 0 0 0
2088 6 0 0 0 0 0 2 0 0 0 0 0 0
2093 8 0 0 2 0 0 2 0 0 0 0 0 0
2905 56 0 0 40 0 0 0 0 0 8 0 8 1
3124 132 3 2 12 0 0 60 0 0 0 0 0 0
3127 60 3 2 12 4 2 0 0 0 0 0 12 6
3185 76 4 3 60 0 0 0 0 0 4 0 0 0
3488 2 2 1 2 0 0 0 0 0 0 0 0 0
3490 4 1 1 0 0 0 4 0 0 0 0 0 0
3648 2 0 0 0 0 0 0 0 0 0 0 0 0
3654 16 2 2 8 0 0 0 0 0 0 0 0 0
3657 8 2 2 0 0 0 4 0 0 0 0 0 0
3658 8 4 3 4 0 0 0 0 0 0 0 0 0
3659 8 2 1 8 0 0 0 0 0 0 0 0 0
fn=run(global::DataSetInfo const&)
3394 4 0 0 0 0 0 2 0 0 0 0 0 0
3822 110 8 8 20 0 0 36 3 2 0 0 0 0
fn=std::__format::_Formatting_scanner<std::__format::_Sink_iter<char>, char>::_M_format_arg(unsigned long)
2910 24 3 2 12 0 0 12 0 0 0 0 0 0
3192 60 0 0 12 0 0 12 1 0 0 0 0 0
3280 48 2 2 12 0 0 0 0 0 0 0 0 0
3281 24 0 0 0 0 0 0 0 0 0 0 0 0
3305 72 0 0 12 0 0 0 0 0 12 4 0 0
3308 48 3 2 24 0 0 12 0 0 0 0 0 0
3643 72 2 2 12 0 0 12 0 0 0 0 0 0
3648 36 0 0 0 0 0 36 0 0 0 0 0 0
3663 12 0 0 12 0 0 0 0 0 0 0 0 0
3664 60 0 0 36 0 0 0 0 0 12 0 0 0
fn=std::__format::_Formatting_scanner<std::__format::_Sink_iter<char>, char>::_M_on_chars(char const*)
214 24 0 0 24 0 0 0 0 0 0 0 0 0
3490 24 0 0 0 0 0 24 0 0 0 0 0 0
3636 48 3 3 0 0 0 24 0 0 0 0 0 0
3639 48 0 0 24 0 0 24 0 0 0 0 0 0
3640 48 0 0 48 0 0 0 0 0 0 0 0 0
fn=std::__format::_Scanner<char>::_M_scan()
214 24 0 0 24 0 0 0 0 0 0 0 0 0
215 48 3 3 36 0 0 0 0 0 0 0 0 0
219 48 0 0 12 0 0 36 0 0 0 0 0 0
224 24 3 3 12 0 0 0 0 0 12 0 0 0
226 12 0 0 0 0 0 12 0 0 0 0 0 0
233 48 0 0 12 0 0 12 0 0 0 0 0 0
3518 108 2 2 0 0 0 72 0 0 0 0 0 0
3522 24 0 0 0 0 0 0 0 0 12 0 0 0
3534 60 0 0 0 0 0 0 0 0 24 2 0 0
3537 48 0 0 24 0 0 12 0 0 0 0 12 2
3543 12 0 0 0 0 0 0 0 0 0 0 0 0
3544 60 3 3 12 0 0 0 0 0 24 0 0 0
3546 36 0 0 0 0 0 0 0 0 0 0 0 0
3547 24 0 0 12 0 0 0 0 0 0 0 0 0
3548 48 0 0 24 4 1 12 0 0 0 0 12 1
3549 12 0 0 0 0 0 0 0 0 0 0 0 0
3551 24 3 3 0 0 0 0 0 0 12 0 0 0
3578 96 0 0 84 0 0 0 0 0 0 0 0 0
3591 36 0 0 12 0 0 0 0 0 12 4 0 0
3611 36 3 3 24 0 0 12 0 0 0 0 12 4
3612 48 3 3 12 0 0 0 0 0 24 1 0 0
3614 12 0 0 0 0 0 0 0 0 0 0 0 0
fn=std::__format::_Sink_iter<char> std::__format::__write<std::__format::_Sink_iter<char>, char>(std::__format::_Sink_iter<char>, std::basic_string_view<char, std::char_traits<char> >)
594 252 3 3 0 0 0 144 1 0 0 0 0 0
598 72 0 0 0 0 0 0 0 0 36 14 0 0
605 252 0 0 180 0 0 0 0 0 0 0 0 0
2459 72 3 3 0 0 0 0 0 0 36 14 0 0
fn=std::__format::_Sink_iter<char> std::__format::__write_padded_as_spec<char, std::__format::_Sink_iter<char> >(std::basic_string_view<std::type_identity<char>::type, std::char_traits<std::type_identity<char>::type> >, unsigned long, std::basic_format_context<std::__format::_Sink_iter<char>, char>&, std::__format::_Spec<char> const&, std::__format::_Align)
555 32 0 0 8 0 0 0 0 0 8 0 0 0
557 16 0 0 0 0 0 0 0 0 8 0 0 0
667 104 4 4 0 0 0 40 0 0 0 0 0 0
676 24 0 0 0 0 0 0 0 0 0 0 0 0
685 48 0 0 40 0 0 0 0 0 0 0 0 0
3488 8 0 0 8 0 0 0 0 0 0 0 0 0
fn=std::__format::__formatter_fp<char>::parse(std::basic_format_parse_context<char>&)
214 2 0 0 2 0 0 0 0 0 0 0 0 0
215 2 0 0 2 0 0 0 0 0 0 0 0 0
1325 16 2 2 0 0 0 10 0 0 0 0 0 0
1327 8 2 2 2 0 0 4 0 0 0 0 0 0
1332 8 2 2 4 0 0 4 0 0 0 0 0 0
1336 10 0 0 2 0 0 0 0 0 4 2 0 0
1418 22 2 2 16 0 0 0 0 0 2 0 0 0
fn=std::__format::__formatter_str<char>::parse(std::basic_format_parse_context<char>&)
214 2 0 0 2 0 0 0 0 0 0 0 0 0
215 2 0 0 2 0 0 0 0 0 0 0 0 0
767 22 2 2 2 0 0 12 0 0 0 0 0 0
771 4 2 2 0 0 0 2 0 0 0 0 0 0
774 8 0 0 4 0 0 4 0 0 0 0 0 0
778 10 0 0 2 0 0 0 0 0 4 2 0 0
787 2 2 2 0 0 0 0 0 0 0 0 0 0
815 22 2 2 16 0 0 0 0 0 2 0 0 0
fn=std::basic_format_context<std::__format::_Sink_iter<char>, char>::iterator std::__format::__formatter_fp<char>::format<double, std::__format::_Sink_iter<char> >(double, std::basic_format_context<std::__format::_Sink_iter<char>, char>&) const
555 8 0 0 2 0 0 0 0 0 2 0 0 0
557 8 2 2 4 0 0 0 0 0 2 0 0 0
691 4 0 0 0 0 0 4 0 0 0 0 0 0
725 4 0 0 2 0 0 0 0 0 2 0 0 0
1422 28 4 4 2 0 0 18 0 0 0 0 0 0
1428 2 0 0 0 0 0 2 0 0 0 0 0 0
1429 2 0 0 2 0 0 0 0 0 0 0 0 0
1430 6 2 2 0 0 0 0 0 0 2 0 0 0
1436 2 0 0 0 0 0 0 0 0 0 0 0 0
1437 2 2 2 0 0 0 0 0 0 0 0 0 0
1439 2 0 0 0 0 0 2 0 0 0 0 0 0
1441 20 0 0 2 2 2 0 0 0 2 0 2 1
1491 14 0 0 2 0 0 2 0 0 0 0 0 0
1497 6 0 0 0 0 0 2 0 0 2 0 0 0
1543 4 0 0 0 0 0 0 0 0 0 0 0 0
1545 4 0 0 0 0 0 0 0 0 2 1 0 0
1551 8 2 2 2 0 0 0 0 0 2 1 0 0
1553 10 2 2 2 0 0 0 0 0 2 0 0 0
1555 4 0 0 0 0 0 0 0 0 2 0 0 0
1558 2 0 0 0 0 0 0 0 0 0 0 0 0
1561 4 0 0 0 0 0 0 0 0 0 0 0 0
1565 4 0 0 0 0 0 0 0 0 2 1 0 0
1669 4 0 0 0 0 0 0 0 0 2 2 0 0
1682 8 0 0 0 0 0 2 0 0 0 0 0 0
1705 2 0 0 0 0 0 0 0 0 0 0 0 0
1707 24 2 2 18 0 0 0 0 0 2 0 0 0
fn=std::basic_format_parse_context<char>::iterator std::__format::__formatter_chrono<char>::_M_parse<std::basic_format_parse_context<char> >(std::basic_format_parse_context<char>&, std::__format::_ChronoParts)
214 8 0 0 8 0 0 0 0 0 0 0 0 0
215 8 0 0 8 0 0 0 0 0 0 0 0 0
fn=std::vformat[abi:cxx11](std::basic_string_view<char, std::char_traits<char> >, std::basic_format_args<std::basic_format_context<std::__format::_Sink_iter<char>, char> >)
208 48 6 6 12 4 2 36 1 0 0 0 0 0
691 24 0 0 0 0 0 24 0 0 0 0 0 0
725 24 0 0 12 0 0 0 0 0 12 0 0 0
2417 84 6 6 0 0 0 48 2 0 0 0 0 0
2436 36 3 3 24 0 0 12 0 0 0 0 0 0
2527 60 0 0 0 0 0 12 1 0 0 0 0 0
2538 36 0 0 12 0 0 0 0 0 12 9 0 0
2587 96 3 3 0 0 0 48 1 0 0 0 0 0
3456 36 0 0 0 0 0 36 0 0 0 0 0 0
3627 48 0 0 0 0 0 24 0 0 0 0 0 0
3730 24 0 0 0 0 0 12 1 0 0 0 0 0
3785 144 2 2 12 0 0 72 0 0 0 0 0 0
3789 132 0 0 96 0 0 0 0 0 12 0 0 0
fn=void std::basic_format_arg<std::basic_format_context<std::__format::_Sink_iter<char>, char> >::handle::_S_format<std::chrono::duration<double, std::ratio<1l, 1l> > const>(std::basic_format_parse_context<char>&, std::basic_format_context<std::__format::_Sink_iter<char>, char>&, void const*)
218 16 0 0 8 0 0 0 0 0 0 0 0 0
219 8 0 0 0 0 0 8 0 0 0 0 0 0
361 8 0 0 0 0 0 8 1 0 0 0 0 0
2873 96 4 4 8 0 0 40 0 0 0 0 0 0
2881 72 2 2 56 0 0 0 0 0 8 4 0 0
3490 8 0 0 0 0 0 8 0 0 0 0 0 0
fl=/usr/include/c++/13/fstream
fn=load_base(global::DataSetInfo const&)
256 4 2 2 0 0 0 2 0 0 0 0 0 0
259 8 0 0 0 0 0 4 0 0 0 0 0 0
339 8 0 0 2 0 0 2 0 0 0 0 0 0
571 14 0 0 0 0 0 6 0 0 0 0 0 0
573 6 2 2 2 0 0 2 0 0 0 0 0 0
607 8 0 0 0 0 0 4 0 0 0 0 0 0
706 4 0 0 0 0 0 0 0 0 2 0 0 0
711 4 0 0 0 0 0 2 0 0 0 0 0 0
739 8 0 0 0 0 0 2 0 0 2 0 0 0
740 6 0 0 4 2 0 0 0 0 0 0 0 0
fn=load_labels(global::DataSetInfo const&)
256 4 0 0 2 0 0 2 0 0 0 0 0 0
259 8 2 2 0 0 0 4 0 0 0 0 0 0
339 8 0 0 2 0 0 2 0 0 0 0 0 0
571 18 2 2 0 0 0 8 0 0 0 0 0 0
573 6 0 0 0 0 0 2 0 0 0 0 0 0
607 8 0 0 0 0 0 4 0 0 0 0 0 0
706 4 2 2 0 0 0 0 0 0 2 0 0 0
711 4 0 0 0 0 0 2 0 0 0 0 0 0
739 8 2 2 2 0 0 2 0 0 2 1 0 0
740 6 0 0 4 0 0 0 0 0 0 0 0 0
fn=load_samples(global::DataSetInfo const&)
256 4 0 0 2 0 0 2 0 0 0 0 0 0
259 8 0 0 0 0 0 4 0 0 0 0 0 0
339 8 0 0 2 0 0 2 0 0 0 0 0 0
571 18 0 0 0 0 0 8 0 0 0 0 0 0
573 6 2 2 0 0 0 2 0 0 0 0 0 0
607 8 2 2 0 0 0 4 0 0 0 0 0 0
706 4 0 0 0 0 0 0 0 0 2 0 0 0
711 4 0 0 0 0 0 2 0 0 0 0 0 0
739 8 0 0 2 2 0 2 0 0 2 0 0 0
740 6 0 0 4 0 0 0 0 0 0 0 0 0
fn=save_res(std::vector<std::vector<int, std::allocator<int> >, std::allocator<std::vector<int, std::allocator<int> > > > const&)
256 4 0 0 2 0 0 2 0 0 0 0 0 0
259 4 0 0 0 0 0 2 0 0 0 0 0 0
740 4 0 0 2 0 0 0 0 0 0 0 0 0
799 16 2 2 0 0 0 8 0 0 0 0 0 0
801 6 0 0 0 0 0 2 0 0 0 0 0 0
870 14 2 2 2 0 0 4 0 0 0 0 0 0
930 12 0 0 0 0 0 2 0 0 2 0 0 0
935 6 2 2 2 2 1 2 0 0 0 0 0 0
fl=/usr/include/c++/13/istream
fn=load_base(global::DataSetInfo const&)
106 10 2 2 4 4 0 6 0 0 0 0 0 0
217 9840000 0 0 0 0 0 3280000 0 0 0 0 0 0
697 12 2 2 6 4 0 6 0 0 0 0 0 0
698 10 0 0 2 0 0 2 0 0 0 0 0 0
fn=load_labels(global::DataSetInfo const&)
106 12 2 2 6 0 0 6 0 0 0 0 0 0
193 6000 0 0 0 0 0 2000 0 0 0 0 0 0
697 12 0 0 6 0 0 6 0 0 0 0 0 0
698 10 0 0 4 0 0 2 0 0 0 0 0 0
fn=load_samples(global::DataSetInfo const&)
106 12 0 0 6 4 0 6 0 0 0 0 0 0
217 68400 2 2 0 0 0 22800 0 0 0 0 0 0
697 12 2 2 6 0 0 6 0 0 0 0 0 0
698 10 2 2 4 0 0 2 0 0 0 0 0 0
fl=/usr/include/c++/13/ostream
fn=run(global::DataSetInfo const&)
667 8 2 2 0 0 0 2 0 0 0 0 0 0
fn=save_res(std::vector<std::vector<int, std::allocator<int> >, std::allocator<std::vector<int, std::allocator<int> > > > const&)
95 10 0 0 6 0 0 4 0 0 0 0 0 0
432 16 2 2 6 4 2 6 0 0 0 0 0 0
572 8800 2 2 4400 0 0 2200 0 0 2200 4 0 0
573 6 0 0 0 0 0 2 0 0 0 0 0 0
574 4600 2 2 0 0 0 2200 0 0 0 0 0 0
575 200 0 0 0 0 0 0 0 0 0 0 0 0
fn=std::basic_format_context<std::__format::_Sink_iter<char>, char>::iterator std::__format::__formatter_chrono<char>::_M_format<std::chrono::duration<double, std::ratio<1l, 1l> >, std::basic_format_context<std::__format::_Sink_iter<char>, char> >(std::chrono::duration<double, std::ratio<1l, 1l> > const&, std::basic_format_context<std::__format::_Sink_iter<char>, char>&, bool) const
95 64 0 0 32 0 0 32 0 0 0 0 0 0
223 32 2 2 24 0 0 8 0 0 0 0 0 0
432 64 2 2 24 4 2 24 0 0 0 0 0 0
fl=/usr/include/c++/13/span
fn=std::__format::_Sink_iter<char> std::__format::__write<std::__format::_Sink_iter<char>, char>(std::__format::_Sink_iter<char>, std::basic_string_view<char, std::char_traits<char> >)
425 144 0 0 36 0 0 0 0 0 0 0 0 0
fl=/usr/include/c++/13/sstream
fn=std::basic_format_context<std::__format::_Sink_iter<char>, char>::iterator std::__format::__formatter_chrono<char>::_M_format<std::chrono::duration<double, std::ratio<1l, 1l> >, std::basic_format_context<std::__format::_Sink_iter<char>, char> >(std::chrono::duration<double, std::ratio<1l, 1l> > const&, std::basic_format_context<std::__format::_Sink_iter<char>, char>&, bool) const
134 24 2 2 0 0 0 16 0 0 0 0 0 0
277 16 0 0 16 0 0 0 0 0 0 0 0 0
281 80 0 0 8 0 0 16 0 0 0 0 0 0
442 32 2 2 0 0 0 0 0 0 16 4 0 0
445 64 0 0 0 0 0 0 0 0 16 4 0 0
446 32 2 2 0 0 0 0 0 0 0 0 0 0
805 32 0 0 8 0 0 16 0 0 0 0 0 0
806 40 0 0 0 0 0 16 0 0 0 0 0 0
851 64 4 4 16 0 0 32 0 0 0 0 0 0
fl=/usr/include/c++/13/streambuf
fn=load_base(global::DataSetInfo const&)
205 8 0 0 0 0 0 4 0 0 0 0 0 0
fn=load_labels(global::DataSetInfo const&)
205 8 0 0 0 0 0 4 0 0 0 0 0 0
fn=load_samples(global::DataSetInfo const&)
205 8 2 2 0 0 0 4 0 0 0 0 0 0
fn=save_res(std::vector<std::vector<int, std::allocator<int> >, std::allocator<std::vector<int, std::allocator<int> > > > const&)
205 8 2 2 0 0 0 4 0 0 0 0 0 0
fn=std::basic_format_context<std::__format::_Sink_iter<char>, char>::iterator std::__format::__formatter_chrono<char>::_M_format<std::chrono::duration<double, std::ratio<1l, 1l> >, std::basic_format_context<std::__format::_Sink_iter<char>, char> >(std::chrono::duration<double, std::ratio<1l, 1l> > const&, std::basic_format_context<std::__format::_Sink_iter<char>, char>&, bool) const
205 64 2 2 8 0 0 32 0 0 0 0 0 0
434 16 2 2 8 0 0 0 0 0 8 0 0 0
436 8 0 0 0 0 0 8 0 0 0 0 0 0
471 32 0 0 0 0 0 24 1 0 0 0 0 0
473 32 0 0 0 0 0 16 0 0 0 0 0 0
495 16 2 2 16 0 0 0 0 0 0 0 0 0
539 24 2 2 24 0 0 0 0 0 0 0 0 0
552 16 0 0 8 0 0 0 0 0 0 0 0 0
fl=/usr/include/c++/13/string_view
fn=std::__format::_Formatting_scanner<std::__format::_Sink_iter<char>, char>::_M_on_chars(char const*)
155 24 3 3 24 0 0 0 0 0 0 0 0 0
157 24 0 0 0 0 0 0 0 0 0 0 0 0
fn=std::__format::_Scanner<char>::_M_scan()
157 24 0 0 0 0 0 0 0 0 0 0 0 0
fn=std::basic_format_context<std::__format::_Sink_iter<char>, char>::iterator std::__format::__formatter_chrono<char>::_M_format<std::chrono::duration<double, std::ratio<1l, 1l> >, std::basic_format_context<std::__format::_Sink_iter<char>, char> >(std::chrono::duration<double, std::ratio<1l, 1l> > const&, std::basic_format_context<std::__format::_Sink_iter<char>, char>&, bool) const
188 8 0 0 8 0 0 0 0 0 0 0 0 0
193 16 0 0 8 0 0 0 0 0 0 0 0 0
fn=std::vformat[abi:cxx11](std::basic_string_view<char, std::char_traits<char> >, std::basic_format_args<std::basic_format_context<std::__format::_Sink_iter<char>, char> >)
193 24 0 0 0 0 0 12 0 0 0 0 0 0
fn=void std::basic_format_arg<std::basic_format_context<std::__format::_Sink_iter<char>, char> >::handle::_S_format<std::chrono::duration<double, std::ratio<1l, 1l> > const>(std::basic_format_parse_context<char>&, std::basic_format_context<std::__format::_Sink_iter<char>, char>&, void const*)
133 16 0 0 0 0 0 16 0 0 0 0 0 0
fl=/usr/include/c++/13/tuple
fn=TestSolution::Glove::Solution::Build(std::vector<float, std::allocator<float> > const&)
201 66 2 2 0 0 0 54 1 1 0 0 0 0
fn=TestSolution::Sift::Solution::Build(std::vector<float, std::allocator<float> > const&)
201 66 1 1 0 0 0 54 1 0 0 0 0 0
fl=/usr/include/x86_64-linux-gnu/c++/13/bits/gthr-default.h
fn=TestSolution::Glove::Solution::Insert_(int, std::vector<std::vector<std::vector<int, std::allocator<int> >, std::allocator<std::vector<int, std::allocator<int> > > >, std::allocator<std::vector<std::vector<int, std::allocator<int> >, std::allocator<std::vector<int, std::allocator<int> > > > > >&, std::vector<std::mutex, std::allocator<std::mutex> >&)
749 2389122 1 1 0 0 0 852066 0 0 0 0 0 0
779 1541298 1 1 665985 641 0 769942 663 0 0 0 0 0
fn=TestSolution::Glove::Solution::SearchLayerFP_(float const*, int, int, int, std::vector<std::vector<std::vector<int, std::allocator<int> >, std::allocator<std::vector<int, std::allocator<int> > > >, std::allocator<std::vector<std::vector<int, std::allocator<int> >, std::allocator<std::vector<int, std::allocator<int> > > > > > const&, std::vector<std::mutex, std::allocator<std::mutex> >&, TestSolution::Glove::Solution::VisitedList&)
749 26073723 1 1 0 0 0 8691241 0 0 0 0 0 0
779 17382482 1 1 8691241 0 0 8691241 0 0 0 0 0 0
fn=TestSolution::Sift::Solution::Insert_(int, std::vector<std::vector<std::vector<int, std::allocator<int> >, std::allocator<std::vector<int, std::allocator<int> > > >, std::allocator<std::vector<std::vector<int, std::allocator<int> >, std::allocator<std::vector<int, std::allocator<int> > > > > >&, std::vector<std::mutex, std::allocator<std::mutex> >&)
749 324326 0 0 0 0 0 162163 0 0 0 0 0 0
779 327154 1 1 151829 0 0 163577 0 0 0 0 0 0
fn=TestSolution::Sift::Solution::SearchLayerFP_(float const*, int, int, int, std::vector<std::vector<std::vector<int, std::allocator<int> >, std::allocator<std::vector<int, std::allocator<int> > > >, std::allocator<std::vector<std::vector<int, std::allocator<int> >, std::allocator<std::vector<int, std::allocator<int> > > > > > const&, std::vector<std::mutex, std::allocator<std::mutex> >&, TestSolution::Sift::Solution::VisitedList&)
749 9843210 0 0 0 0 0 4921605 2 0 0 0 0 0
779 9843210 1 1 0 0 0 4921605 2 0 0 0 0 0
fl=/usr/lib/gcc/x86_64-linux-gnu/13/include/avxintrin.h
fn=TestSolution::Sift::Distance<128, true, void>::L2Sq(float const*, float const*)
368 897503488 0 0 897503488 205746177 3318 0 0 0 0 0 0 0
526 28046984 0 0 0 0 0 0 0 0 0 0 0 0
1472 28046984 0 0 0 0 0 0 0 0 0 0 0 0
fl=/usr/lib/gcc/x86_64-linux-gnu/13/include/fmaintrin.h
fn=TestSolution::Sift::Distance<128, true, void>::L2Sq(float const*, float const*)
65 448751744 1 1 0 0 0 0 0 0 0 0 0 0
fl=/usr/lib/gcc/x86_64-linux-gnu/13/include/pmmintrin.h
fn=TestSolution::Sift::Distance<128, true, void>::L2Sq(float const*, float const*)
59 56093968 0 0 0 0 0 0 0 0 0 0 0 0
fl=/usr/lib/gcc/x86_64-linux-gnu/13/include/xmmintrin.h
fn=TestSolution::Glove::Solution::SearchFP_(std::vector<float, std::allocator<float> > const&, int, int*)
56 9001330 0 0 0 0 0 0 0 0 0 0 0 0
fn=TestSolution::Sift::Distance<128, true, void>::L2Sq(float const*, float const*)
192 28046984 0 0 0 0 0 0 0 0 0 0 0 0
975 28046984 0 0 0 0 0 0 0 0 0 0 0 0
fn=TestSolution::Sift::Solution::SearchFP_(std::vector<float, std::allocator<float> > const&, int, int*)
56 613427 0 0 0 0 0 0 0 0 0 0 0 0
fl=???
fn=(below main)
0 12 1 1 2 1 0 3 0 0 0 0 1 1
fn=???
0 691121667 616 548 284608900 625192 134 69216254 31 15 52683204 1272481 96852793 36706411
fn=__cpu_indicator_init
0 367 40 40 48 2 1 14 0 0 101 27 0 0
fn=__cxa_get_globals
0 16 1 1 4 0 0 4 0 0 0 0 0 0
fn=__cxa_thread_atexit
0 228 2 2 76 0 0 76 1 1 0 0 0 0
fn=__gnu_cxx::stdio_sync_filebuf<char, std::char_traits<char> >::sync()
0 15 1 1 5 2 1 0 0 0 0 0 0 0
fn=__gnu_cxx::stdio_sync_filebuf<char, std::char_traits<char> >::xsputn(char const*, long)
0 84 3 2 14 3 1 0 0 0 0 0 0 0
fn=__gnu_cxx::stdio_sync_filebuf<wchar_t, std::char_traits<wchar_t> >::sync()
0 15 1 1 5 2 2 0 0 0 0 0 0 0
fn=operator delete(void*)
0 6946268 0 0 0 0 0 0 0 0 0 0 0 0
fn=operator delete(void*, unsigned long)
0 340652 1 1 0 0 0 0 0 0 0 0 0 0
fn=operator delete[](void*)
0 16 3 3 0 0 0 0 0 0 0 0 0 0
fn=operator new(unsigned long)
0 55570144 2 2 10419402 6 0 10419402 10280 24 3473134 9 0 0
fn=operator new[](unsigned long)
0 16 3 3 0 0 0 0 0 0 0 0 0 0
fn=std::__basic_file<char>::__basic_file(pthread_mutex_t*)
0 32 3 2 8 0 0 16 0 0 0 0 0 0
fn=std::__basic_file<char>::close()
0 264 5 3 64 0 0 64 0 0 32 11 0 0
fn=std::__basic_file<char>::fd()
0 11538 0 0 3846 0 0 0 0 0 0 0 0 0
fn=std::__basic_file<char>::is_open() const
0 216 0 0 108 0 0 0 0 0 0 0 0 0
fn=std::__basic_file<char>::open(char const*, std::_Ios_Openmode, int)
0 256 9 6 40 0 0 72 0 0 24 0 0 0
fn=std::__basic_file<char>::xsgetn(char*, long)
0 103788 3 2 23064 0 0 26908 1 0 3844 0 0 0
fn=std::__basic_file<char>::xsputn(char const*, long)
0 54 4 4 12 0 0 14 0 0 4 2 0 0
fn=std::__basic_file<char>::~__basic_file()
0 48 0 0 16 0 0 16 0 0 0 0 0 0
fn=std::__cxx11::basic_ostringstream<char, std::char_traits<char>, std::allocator<char> >::basic_ostringstream()
0 512 10 10 88 6 3 216 7 0 0 0 0 0
fn=std::__cxx11::basic_stringbuf<char, std::char_traits<char>, std::allocator<char> >::_M_pbump(char*, char*, long)
0 448 4 4 32 0 0 96 0 0 32 11 0 0
fn=std::__cxx11::basic_stringbuf<char, std::char_traits<char>, std::allocator<char> >::_M_sync(char*, unsigned long, unsigned long)
0 576 8 8 112 0 0 96 0 0 64 17 0 0
fn=std::__cxx11::basic_stringbuf<char, std::char_traits<char>, std::allocator<char> >::overflow(int)
0 864 10 10 288 0 0 144 0 0 96 17 0 0
fn=std::__cxx11::messages<char>::messages(unsigned long)
0 21 2 2 5 1 0 9 0 0 0 0 0 0
fn=std::__cxx11::messages<wchar_t>::messages(unsigned long)
0 21 1 1 5 0 0 9 1 1 0 0 0 0
fn=std::__cxx11::moneypunct<char, false>::_M_initialize_moneypunct(__locale_struct*, char const*)
0 114 6 6 38 2 1 31 0 0 13 10 0 0
fn=std::__cxx11::moneypunct<char, true>::_M_initialize_moneypunct(__locale_struct*, char const*)
0 115 5 5 38 0 0 31 0 0 13 8 0 0
fn=std::__cxx11::moneypunct<wchar_t, false>::_M_initialize_moneypunct(__locale_struct*, char const*)
0 109 5 5 30 0 0 31 0 0 14 6 0 0
fn=std::__cxx11::moneypunct<wchar_t, true>::_M_initialize_moneypunct(__locale_struct*, char const*)
0 109 6 6 30 0 0 31 0 0 14 10 0 0
fn=std::__cxx11::numpunct<char>::_M_initialize_numpunct(__locale_struct*)
0 417 5 5 138 5 3 76 0 0 64 18 0 0
fn=std::__cxx11::numpunct<wchar_t>::_M_initialize_numpunct(__locale_struct*)
0 353 5 5 75 1 1 75 3 3 64 15 0 0
fn=std::__detail::_Prime_rehash_policy::_M_need_rehash(unsigned long, unsigned long, unsigned long) const
0 40000 12 12 7200 2 1 2200 0 0 3200 206 0 0
fn=std::__detail::_Prime_rehash_policy::_M_next_bkt(unsigned long) const
0 9200 12 12 1600 2 2 200 0 0 1200 13 0 0
fn=std::__num_base::_S_format_float(std::ios_base const&, char*, char)
0 240 8 8 16 0 0 32 0 0 48 11 0 0
fn=std::__timepunct<char>::_M_initialize_timepunct(__locale_struct*)
0 132 13 13 27 3 0 30 0 0 2 1 0 0
fn=std::__timepunct<char>::__timepunct(std::__timepunct_cache<char>*, unsigned long)
0 24 2 2 5 0 0 10 0 0 0 0 0 0
fn=std::__timepunct<wchar_t>::_M_initialize_timepunct(__locale_struct*)
0 129 13 13 26 2 0 29 0 0 2 2 0 0
fn=std::__timepunct<wchar_t>::__timepunct(std::__timepunct_cache<wchar_t>*, unsigned long)
0 24 2 2 5 1 0 10 1 1 0 0 0 0
fn=std::basic_filebuf<char, std::char_traits<char> >::_M_allocate_internal_buffer()
0 144 6 4 48 0 0 40 0 0 16 3 0 0
fn=std::basic_filebuf<char, std::char_traits<char> >::_M_convert_to_external(char*, long)
0 76 8 7 26 0 0 18 0 0 6 2 2 2
fn=std::basic_filebuf<char, std::char_traits<char> >::_M_destroy_internal_buffer()
0 192 4 3 48 0 0 64 0 0 24 4 0 0
fn=std::basic_filebuf<char, std::char_traits<char> >::_M_terminate_output()
0 272 9 6 114 0 0 60 0 0 28 14 4 3
fn=std::basic_filebuf<char, std::char_traits<char> >::basic_filebuf()
0 400 15 10 72 12 1 232 2 0 0 0 0 0
fn=std::basic_filebuf<char, std::char_traits<char> >::close()
0 578 14 9 128 0 0 188 0 0 36 8 0 0
fn=std::basic_filebuf<char, std::char_traits<char> >::open(char const*, std::_Ios_Openmode)
0 392 12 8 64 0 0 136 0 0 24 5 0 0
fn=std::basic_filebuf<char, std::char_traits<char> >::overflow(int)
0 212 16 16 58 0 0 38 0 0 32 14 0 0
fn=std::basic_filebuf<char, std::char_traits<char> >::underflow()
0 261392 12 6 88412 20 0 53816 1 0 34596 2659 3844 1
fn=std::basic_filebuf<char, std::char_traits<char> >::xsputn(char const*, long)
0 78008 8 8 26002 2 1 12000 0 0 10000 5 2000 2
fn=std::basic_ios<char, std::char_traits<char> >::_M_cache_locale(std::locale const&)
0 2176 3 3 1088 35 6 612 0 0 0 0 0 0
fn=std::basic_ios<char, std::char_traits<char> >::clear(std::_Ios_Iostate)
0 56 6 4 24 0 0 8 0 0 16 0 0 0
fn=std::basic_ios<char, std::char_traits<char> >::imbue(std::locale const&)
0 864 6 6 208 2 1 240 0 0 32 1 16 1
fn=std::basic_ios<char, std::char_traits<char> >::init(std::basic_streambuf<char, std::char_traits<char> >*)
0 1248 5 4 208 0 0 520 0 0 0 0 0 0
fn=std::basic_ios<wchar_t, std::char_traits<wchar_t> >::_M_cache_locale(std::locale const&)
0 128 2 2 64 0 0 36 0 0 0 0 0 0
fn=std::basic_ios<wchar_t, std::char_traits<wchar_t> >::init(std::basic_streambuf<wchar_t, std::char_traits<wchar_t> >*)
0 96 2 2 16 0 0 44 0 0 0 0 0 0
fn=std::basic_ostream<char, std::char_traits<char> >& std::__ostream_insert<char, std::char_traits<char> >(std::basic_ostream<char, std::char_traits<char> >&, char const*, long)
0 1254 18 12 528 8 2 286 0 0 110 39 22 17
fn=std::basic_ostream<wchar_t, std::char_traits<wchar_t> >::flush()
0 174 4 4 83 10 10 26 0 0 23 3 5 2
fn=std::basic_ostream<wchar_t, std::char_traits<wchar_t> >::sentry::sentry(std::basic_ostream<wchar_t, std::char_traits<wchar_t> >&)
0 97 2 2 35 1 1 25 0 0 9 4 0 0
fn=std::basic_streambuf<char, std::char_traits<char> >::imbue(std::locale const&)
0 32 2 2 16 0 0 0 0 0 0 0 0 0
fn=std::basic_streambuf<char, std::char_traits<char> >::xsputn(char const*, long)
0 84996 6 6 20268 3 2 14130 0 0 8136 29 18 4
fn=std::chrono::_V2::system_clock::now()
0 96 4 2 42 0 0 18 0 0 6 0 0 0
fn=std::codecvt<char, char, __mbstate_t>::codecvt(unsigned long)
0 19 2 2 5 1 0 7 1 1 0 0 0 0
fn=std::codecvt<char, char, __mbstate_t>::do_always_noconv() const
0 17544 3 3 5848 0 0 0 0 0 0 0 0 0
fn=std::codecvt<wchar_t, char, __mbstate_t>::codecvt(unsigned long)
0 19 2 2 5 0 0 7 2 2 0 0 0 0
fn=std::ctype<char>::_M_widen_init() const
0 754 11 11 60 4 0 41 4 0 18 11 0 0
fn=std::ctype<char>::ctype(unsigned short const*, bool, unsigned long)
0 121 5 5 9 2 0 80 9 9 65 20 0 0
fn=std::ctype<wchar_t>::_M_convert_to_wmask(unsigned short) const
0 146 6 6 12 0 0 0 0 0 60 14 0 0
fn=std::ctype<wchar_t>::_M_initialize_ctype()
0 2736 5 5 6 0 0 811 20 20 528 17 0 0
fn=std::ctype<wchar_t>::ctype(unsigned long)
0 21 2 2 4 0 0 8 1 1 0 0 0 0
fn=std::error_category::error_category()
0 10 1 1 4 0 0 2 0 0 0 0 0 0
fn=std::error_category::~error_category()
0 4 0 0 2 0 0 0 0 0 0 0 0 0
fn=std::future_category()
0 3 1 1 1 0 0 0 0 0 0 0 0 0
fn=std::ios_base::Init::Init()
0 272 29 29 51 11 1 146 15 3 3 1 0 0
fn=std::ios_base::Init::~Init()
0 25 3 3 12 8 6 7 0 0 3 2 0 0
fn=std::ios_base::_M_call_callbacks(std::ios_base::event)
0 640 5 4 240 0 0 160 0 0 40 13 0 0
fn=std::ios_base::_M_dispose_callbacks()
0 432 3 2 144 0 0 120 0 0 24 8 0 0
fn=std::ios_base::_M_init()
0 1568 6 3 448 8 2 504 0 0 56 0 0 0
fn=std::ios_base::imbue(std::locale const&)
0 416 2 2 96 0 0 128 0 0 0 0 0 0
fn=std::ios_base::ios_base()
0 1920 4 4 32 2 1 768 44 21 256 74 0 0
fn=std::ios_base::~ios_base()
0 504 9 6 96 4 0 120 0 0 24 9 0 0
fn=std::istream& std::istream::_M_extract<float>(float&)
0 171745600 6 3 56147600 10 0 29725200 2 0 13211200 1 3302800 3302800
fn=std::istream& std::istream::_M_extract<unsigned long>(unsigned long&)
0 104000 6 3 34000 2 0 18000 0 0 8000 0 2000 2
fn=std::istream::sentry::sentry(std::istream&, bool)
0 208207967 14 7 85926707 88 17 26439131 1 0 36354113 1642307 440 2
fn=std::istreambuf_iterator<char, std::char_traits<char> > std::num_get<char, std::istreambuf_iterator<char, std::char_traits<char> > >::_M_extract_int<unsigned long>(std::istreambuf_iterator<char, std::char_traits<char> >, std::istreambuf_iterator<char, std::char_traits<char> >, std::ios_base&, std::_Ios_Iostate&, unsigned long&) const
0 615705 43 24 143167 3 0 74363 0 0 115159 2031 0 0
fn=std::locale::_Impl::_Impl(unsigned long)
0 673 56 56 89 34 1 385 49 49 108 29 0 0
fn=std::locale::_Impl::_M_install_facet(std::locale::id const*, std::locale::facet const*)
0 12192 6 6 3584 0 0 288 0 0 3232 53 0 0
fn=std::locale::classic()
0 56 2 2 16 0 0 16 0 0 0 0 0 0
fn=std::locale::facet::_S_create_c_locale(__locale_struct*&, char const*, __locale_struct*)
0 14 1 1 3 0 0 4 0 0 1 0 0 0
fn=std::locale::facet::_S_get_c_locale()
0 49542330 3 2 13211288 4 0 9908466 0 0 3302822 1 0 0
fn=std::locale::facet::_S_get_c_name()
0 21 1 1 7 0 0 0 0 0 0 0 0 0
fn=std::locale::id::_M_id() const
0 19843044 4 4 6614348 32 7 96 0 0 3307150 38 0 0
fn=std::locale::locale()
0 2596 9 6 826 0 0 826 2 1 118 22 0 0
fn=std::locale::locale(std::locale const&)
0 448 2 2 192 2 1 64 4 0 64 11 0 0
fn=std::locale::locale(std::locale::_Impl*)
0 3 1 1 1 0 0 1 1 0 0 0 0 0
fn=std::locale::operator=(std::locale const&)
0 2024 4 2 704 0 0 352 0 0 176 33 0 0
fn=std::locale::~locale()
0 2016 3 2 840 0 0 336 0 0 168 27 0 0
fn=std::messages<char>::messages(unsigned long)
0 21 2 2 5 0 0 9 1 1 0 0 0 0
fn=std::messages<wchar_t>::messages(unsigned long)
0 21 2 2 5 0 0 9 0 0 0 0 0 0
fn=std::moneypunct<char, false>::_M_initialize_moneypunct(__locale_struct*, char const*)
0 114 4 4 38 0 0 31 0 0 13 7 0 0
fn=std::moneypunct<char, true>::_M_initialize_moneypunct(__locale_struct*, char const*)
0 115 6 6 38 0 0 31 0 0 13 6 0 0
fn=std::moneypunct<wchar_t, false>::_M_initialize_moneypunct(__locale_struct*, char const*)
0 109 5 5 30 0 0 31 0 0 14 3 0 0
fn=std::moneypunct<wchar_t, true>::_M_initialize_moneypunct(__locale_struct*, char const*)
0 109 6 6 30 0 0 31 0 0 14 8 0 0
fn=std::num_get<char, std::istreambuf_iterator<char, std::char_traits<char> > >::_M_extract_float(std::istreambuf_iterator<char, std::char_traits<char> >, std::istreambuf_iterator<char, std::char_traits<char> >, std::ios_base&, std::_Ios_Iostate&, std::string&) const
0 1706870208 51 29 496633240 429 111 262688335 3 0 325389937 9015122 3043 1
fn=std::num_get<char, std::istreambuf_iterator<char, std::char_traits<char> > >::do_get(std::istreambuf_iterator<char, std::char_traits<char> >, std::istreambuf_iterator<char, std::char_traits<char> >, std::ios_base&, std::_Ios_Iostate&, float&) const
0 353399600 18 9 114305200 3 0 83862800 0 0 28432400 1292811 0 0
fn=std::num_get<char, std::istreambuf_iterator<char, std::char_traits<char> > >::do_get(std::istreambuf_iterator<char, std::char_traits<char> >, std::istreambuf_iterator<char, std::char_traits<char> >, std::ios_base&, std::_Ios_Iostate&, unsigned long&) const
0 4000 2 1 0 0 0 0 0 0 0 0 0 0
fn=std::num_put<char, std::ostreambuf_iterator<char, std::char_traits<char> > >::do_put(std::ostreambuf_iterator<char, std::char_traits<char> >, std::ios_base&, char, double) const
0 32 2 2 0 0 0 0 0 0 0 0 0 0
fn=std::num_put<char, std::ostreambuf_iterator<char, std::char_traits<char> > >::do_put(std::ostreambuf_iterator<char, std::char_traits<char> >, std::ios_base&, char, long) const
0 6000 2 2 0 0 0 0 0 0 0 0 0 0
fn=std::numpunct<char>::_M_initialize_numpunct(__locale_struct*)
0 417 5 5 138 0 0 76 0 0 64 15 0 0
fn=std::numpunct<wchar_t>::_M_initialize_numpunct(__locale_struct*)
0 353 5 5 75 0 0 75 0 0 64 19 0 0
fn=std::ostream& std::ostream::_M_insert<double>(double)
0 566 13 13 226 7 3 97 0 0 65 9 8 8
fn=std::ostream& std::ostream::_M_insert<long>(long)
0 116028 14 14 46010 0 0 18006 0 0 12004 19 2000 1
fn=std::ostream::flush()
0 174 3 3 83 10 6 26 0 0 23 6 5 2
fn=std::ostream::operator<<(int)
0 22000 2 2 6000 0 0 0 0 0 2000 0 0 0
fn=std::ostream::put(char)
0 90200 8 8 41800 0 0 15400 24 0 8800 6 0 0
fn=std::ostream::sentry::sentry(std::ostream&)
0 93157 9 6 33875 12 4 25405 0 0 8469 16 0 0
fn=std::ostreambuf_iterator<char, std::char_traits<char> > std::num_put<char, std::ostreambuf_iterator<char, std::char_traits<char> > >::_M_insert_float<double>(std::ostreambuf_iterator<char, std::char_traits<char> >, std::ios_base&, char, char, double) const
0 1176 26 26 288 6 3 232 1 0 104 16 8 1
fn=std::ostreambuf_iterator<char, std::char_traits<char> > std::num_put<char, std::ostreambuf_iterator<char, std::char_traits<char> > >::_M_insert_int<long>(std::ostreambuf_iterator<char, std::char_traits<char> >, std::ios_base&, char, long) const
0 184003 14 14 38000 0 0 36000 0 0 18000 24 2000 1
fn=std::string::_Rep::_M_clone(std::allocator<char> const&, unsigned long)
0 85872800 4 2 26422400 0 0 23119600 0 0 6605600 6 0 0
fn=std::string::_Rep::_M_destroy(std::allocator<char> const&)
0 6605600 2 1 0 0 0 0 0 0 0 0 0 0
fn=std::string::_Rep::_S_create(unsigned long, unsigned long, std::allocator<char> const&)
0 85872800 6 3 9908400 0 0 16514000 0 0 9908400 10 0 0
fn=std::string::push_back(char)
0 241797111 8 4 102067380 2 0 59202441 0 0 26312196 24 0 0
fn=std::string::reserve(unsigned long)
0 105689600 6 3 39633600 4 1 19816800 0 0 9908400 2 0 0
fn=std::thread::_M_start_thread(std::unique_ptr<std::thread::_State, std::default_delete<std::thread::_State> >, void (*)())
0 576 2 2 144 0 0 144 11 0 36 2 0 0
fn=std::thread::_State::~_State()
0 72 2 2 36 0 0 0 0 0 0 0 0 0
fn=std::thread::hardware_concurrency()
0 18 2 2 4 0 0 4 0 0 0 0 0 0
fn=std::thread::join()
0 612 4 4 144 5 2 144 3 1 72 0 0 0
fn=std::to_chars(char*, char*, double)
0 6 2 2 0 0 0 0 0 0 0 0 0 0
fn=std::uncaught_exception()
0 18 1 1 6 1 1 4 0 0 0 0 0 0
fn=void std::__convert_to_v<float>(char const*, float&, std::_Ios_Iostate&, __locale_struct* const&)
0 118900800 6 3 42936400 4 1 23119600 206434 0 16514000 27 0 0
summary: 110112051951 5492 4940 18376217819 1635642418 1873949 3025022893 14331591 606520 10738465031 769089746 100176545 40010440
