# callgrind format
version: 1
creator: callgrind-3.22.0
pid: 1137078
cmd:  ./debug/main
part: 1


desc: I1 cache: 65536 B, 64 B, 16-way associative
desc: D1 cache: 49152 B, 64 B, 12-way associative
desc: LL cache: 18874368 B, 64 B, 18-way associative

desc: Timerange: Basic block 0 - 14450661655
desc: Trigger: Program termination

positions: line
events: Ir Dr Dw I1mr D1mr D1mw ILmr DLmr DLmw
summary: 109995299951 40917992322 30375349737 7825 258041118 4050931 5112 101618 339238


ob=(1) /usr/lib/x86_64-linux-gnu/ld-linux-x86-64.so.2
fl=(16) ./elf/../sysdeps/x86/cpu-features.c
fn=(36) init_cpu_features.constprop.0
682 1 0 1 1 0 0 1
+17 1
-17 7 0 5
+3 1 0 1
+1 1 0 1 1 0 0 1
+1 1 0 1
+3 1 0 1 0 0 1 0 0 1
+9 2 0 1
+3 6 0 0 1 0 0 1
1001 3 1 0 1 0 0 1
+1 2 0 1
+3 2
+1 2 0 1
+6 1 0 1
+1 1 0 1
+1 1 0 1
+1 1 0 1 1 0 0 1
fi=(20) ./elf/../sysdeps/x86/dl-cacheinfo.h
792 1 0 1
+1 1 0 1
+2 1 0 1
+14 2
+85 1 1 0 1 0 0 1
+1 1 1
+15 1
-5 1 0 1
+5 1
-10 1 0 1 0 0 1 0 0 1
-6 1 0 1 0 0 1 0 0 1
+2 1 1
+14 1
-15 1 0 1
+2 1 1 0 1 0 0 1
-1 1 0 1
+2 1 1
-1 1 0 1
+2 1 1
-1 1 0 1
+1 1 0 1
+2 1 0 1
+1 1 0 1
+1 1 0 1 1 0 0 1
+1 1 0 1
+35 2
-15 3 1
+8 2
+27 6 0 0 1 0 0 1
+9 2
+19 2 1
+8 6 0 1 1 0 0 1
cfi=(11) ./elf/./elf/dl-tunables.c
cfn=(28) __tunable_get_val
calls=1 387 
* 23 4 1 0 1 0 0 1
* 1 1
+2 2
+3 4 0 1
cfi=(11)
cfn=(28)
calls=1 387 
* 23 4 1 0 1 0 0 1
* 1 1
+2 2
+3 4 0 1 1 0 0 1
cfi=(11)
cfn=(28)
calls=1 387 
* 23 4 1 0 1 0 0 1
* 1 1
+1 5 0 1
+16 2 0 1 1 0 0 1
-12 5 0 2
cfi=(11)
cfn=(28)
calls=1 387 
* 23 4 1 0 1 0 0 1
* 1 1
+1 3 1
+6 3 0 1
+3 1 0 0 1 0 0 1
-3 2 0 1
cfi=(11)
cfn=(28)
calls=1 387 
* 23 4 1 0 1 0 0 1
* 1 1
+3 5 1 1
-3 1 0 1
+3 5 1 4 1 0 0 1
cfi=(11)
cfn=(58) __GI___tunable_set_val
calls=1 153 
* 62 9 6 5 0 0 5
+1 10 2 5 1 0 0 1
cfi=(11)
cfn=(58)
calls=1 153 
* 62 9 6
+1 11 2 5 1 0 0 1
cfi=(11)
cfn=(58)
calls=1 153 
* 62 9 6
+3 10 1 5
cfi=(11)
cfn=(58)
calls=1 153 
* 62 9 6
+2 10 1 5 1 0 0 1
cfi=(11)
cfn=(58)
calls=1 153 
* 62 9 6
+13 1 1
+2 1 1
fe=(16)
-23 1
fi=(20)
+21 1 1
+3 1 1 0 1 0 0 1
fe=(16)
-24 1
fi=(20)
+26 1 0 1
-5 1 1
+2 1 0 1
-2 1
+3 1 0 1
fe=(16)
-24 1
fi=(20)
+25 1 0 1
+3 1 0 1
-1 1 0 1 1 0 0 1
fe=(16)
-27 1 0 1
cfi=(11)
cfn=(28)
calls=1 387 
* 22 3 1 1 1 0 1 1
+3 4 0 1
cfi=(11)
cfn=(28)
calls=1 387 
* 24 4 1 0 1 0 0 1
+6 3 1
+54 1 1 0 1 0 0 1
-1 1 0 1
+1 1
+45 4 0 1
cfi=(11)
cfn=(28)
calls=1 387 
* 22 3 1 0 1 0 0 1
+2 4 0 1
cfi=(11)
cfn=(28)
calls=1 387 
* 22 3 1 0 1 0 0 1
+6 4 0 1
cfi=(11)
cfn=(28)
calls=1 387 
* 24 4 1 0 1 0 0 1
+7 8 7
fi=(20)
974 12 0 0 2 0 0 2
fe=(16)
+68 1 1
-1 2
+1 3 0 0 1 0 0 1
+44 3 1
+27 2 0 1
-10 2 0 0 1 0 0 1
+1 2
+2 3
+1 2 1
+2 3
+1 2
fi=(20)
811 2 0 1 1 0 0 1
cfn=(50) handle_intel.constprop.0
calls=1 255 
* 455 49 19 13 6 0 13 6
+1 1
-1 1 0 1
+1 1 0 1 1 0 0 1
cfn=(50)
calls=1 255 
* 503 49 19
+1 1
-1 1
+1 1 0 1
cfn=(50)
calls=1 255 
* 530 49 19
+4 1
-4 1 0 1
+1 2 0 2
+3 1 0 1
cfn=(50)
calls=1 255 
* 476 49 19
+2 1
-2 1 0 1
+2 1 0 1
cfn=(50)
calls=1 255 
* 468 49 19 1 0 0 1
+3 1
-3 1 0 1 1 0 0 1
+1 2 1 1
+2 1 0 1
cfn=(50)
calls=1 255 
* 446 49 19
+2 1
-2 1 0 1
+2 1 0 1
cfn=(50)
calls=1 255 
* 447 49 19
+3 1
-2 1 0 1
-1 1 0 1
+3 1 0 1
cfn=(50)
calls=1 255 
* 494 49 19
+2 1 0 0 1 0 0 1
-2 1 0 1
+2 1 0 1
cfn=(50)
calls=1 255 
* 495 49 19
+1 1 1
+2 1
-3 1 0 1
+1 1 0 1
+2 1 0 1
cfn=(50)
calls=1 255 
* 521 49 19
+2 1
-2 1 0 1
+2 1 0 1
cfn=(50)
calls=1 255 
* 522 49 19
+2 1 0 0 1 0 0 1
-2 1
+2 1 0 1
cfn=(50)
calls=1 255 
* 523 49 19
+2 4 1
-2 1 0 1
+2 1 0 1
cfn=(56) get_common_cache_info.constprop.0
calls=1 571 
* 223 25 21 14 0 0 14
+93 1 1
-6 3 3 0 1 0 0 1
+6 1
-6 2 1 1
+6 2
-6 2 1 1
+6 2 1
-1 2
fe=(16)
708 6 0 1 2 0 0 2
cfn=(38) get_common_indices.constprop.0
calls=1 398 
* 74 10 23 6 0 3 6 0 3
376 3
+1 2
+1 6 0 4
+5 2 0 0 1 0 0 1
713 1 0 1
cfn=(42) update_active.constprop.0
calls=1 72 
* 222 39 42 21 1 3 21 1 3
+2 1 1
+2 1 1
1015 1 1
715 2
878 2 1 0 1 0 0 1
+7 2 1
+2 2 0 1
+4 2
+6 2 1
+2 1 0 0 1 0 0 1
706 2 0 1
-3 1
384 6 0 4 1 0 0 1
+5 2
+1 7 0 4 1 0 0 1
717 1 1 0 1 0 0 1
fi=(20)
987 1 1
-48 1 1
fe=(16)
717 1
fi=(20)
987 2 0 1
fe=(16)
717 6 1 1 1 1 0 1 1
+4 7 1 0 0 1 0 0 1
+78 1 0 1 1 0 0 1
-25 3 2
+92 2
+3 2 0 1
fi=(20)
+38 1 1
fe=(16)
-37 1 0 0 1 0 0 1
-89 2 0 1 1 0 0 1
+51 2

fn=(38)
398 3 0 2 1 0 0 1
+4 4
+3 3 0 1
+5 2
-5 1 0 1
+5 1
-5 1 0 1
+4 1 0 1
+1 1 0 1
+1 4 0 1 1 0 0 1
+1 4 0 1
+1 3 0 1
+1 2 1
+7 2 1
+2 5
+5 1 0 0 1 0 0 1
-5 1 0 1 0 0 1 0 0 1
+5 1
-5 1 0 1
+5 1
-5 2 0 2
+5 1
+7 1 1
-7 4 0 4 1 0 1 1 0 1
+7 1
+1 3
+6 1 1
-6 4 0 4 0 0 1 0 0 1
+6 1
fi=(17) ./elf/../sysdeps/unix/sysv/linux/x86/dl-minsigstacksize.h
24 2 1 0 2 0 0 2
+3 2 1
+1 2 1
+37 3
+7 1
+2 1 0 1
fe=(16)
457 3 3

fn=(42)
72 8 0 6 2 0 0 2
+4 1 1
+10 1 1
+9 1 1
+9 1 1
-19 1
-1 1
+29 1 1
-4 1
-24 1
+9 1
+9 1
+9 1
-28 2 1 0 1 0 0 1
+25 1
-15 1
-9 1
+9 1 1
+9 1
+9 1
-3 1
+7 1
-13 1 1
+9 1 1
+4 2 1 0 1 0 0 1
-22 1 0 1
+22 2 0 2 0 0 1 0 0 1
-13 1 0 1
+6 1 0 1
+3 1 0 1
+5 1 1
+12 1 1
-8 1
-4 1 0 1 1 0 0 1
+7 1 1
-3 4 1 2
+1 1 1
+2 1 0 1
-2 2 0 1
+1 3 1 1 1 0 0 1
+5 1
+2 1 1 0 0 1 0 0 1
-2 4 1 1
+1 1
+1 1
-1 2 1
+1 1 0 1
-1 1 0 1 1 0 0 1
+3 2
+1 4 0 1
+14 2
356 2
+4 3 1 0 1 0 0 1
fi=(18) ./elf/../sysdeps/unix/sysv/linux/x86/dl-hwcap2.h
25 2 1
fi=(19) ./elf/../sysdeps/x86/get-isa-level.h
+5 1
-2 1
+2 3
fe=(16)
369 1 0 1
+1 8 7
151 2 0 1 1 0 1 1 0 1
+1 2 0 1
-1 5 0 3 1 0 0 1
+1 2
+2 3
+90 1 1
+1 1 1
-1 2
+17 4 0 0 1 0 0 1
+16 2
+5 1 1 0 1 0 0 1
-1 2 0 1
+4 4 1 1
+4 2
+4 3 0 0 1 0 0 1
+1 2
+3 1
-1 1
+9 1
-5 1
+2 1 0 1
-2 1 0 1
+5 1
+51 1 0 0 1 0 0 1
fi=(19)
31 1 1
fe=(16)
356 2
fi=(19)
32 3
+4 3
fe=(16)
158 4 0 1 1 0 0 1
+3 1
+3 2
+14 1 1
+2 1 1
+10 3 0 1
-12 1 0 0 1 0 0 1
+12 1 0 1
-12 1
+2 2
-2 1 0 1
+2 1
+8 1 1
-8 1 0 1
+6 3
+2 1 1
-2 1 0 1
+2 3 0 1 1 0 0 1
+7 5 0 1
fi=(19)
39 2 0 0 1 0 0 1
+1 4 1 0 1 0 0 1
-2 1
+7 4
+2 1
+1 2
+3 5 1 0 1 0 0 1
+2 4
+1 2
+1 2
+3 1
-1 1
+1 3
fe=(16)
171 1 0 1 1 0 1 1 0 1
-5 2 0 1
+4 1

fl=(32) ./string/../sysdeps/x86_64/multiarch/../multiarch/strcmp-sse2.S
fn=(244) strncmp
98 1
+27 1
+1 1
+1 1
+1 1
+1 1
+2 1
+1 1
+2 1 0 0 1 0 0 1
+1 1
+21 1
+1 1
+1 1
+1 1
+1 1 1
+1 1 1
+1 1 1
+1 1 1
+17 1
+1 1
+1 1
+1 1
+1 1
+1 1
+1 1 0 0 1 0 0 1
2104 1 0 0 1 0 0 1
+3 1
+1 1
+2 1 1
+1 1 1
+8 1
+1 1 1

fn=(94) strcmp
98 2663 0 0 4 0 0 1
+33 2663
+1 2663
+2 2663
+1 2663
+21 2663
+1 2663
+1 2431
+1 2431
+1 2333 2333 0 0 174 0 0 81
+1 2333 2333 0 3 32 0 1 12
+1 2333 2333
+1 2333 2333
+17 2333
+1 2333
+1 2333
+1 2333
+1 2333
+1 2333
+1 2333
+5 83
+1 249
+9 83 0 0 1
+1 83
+1 83
+1 83
+1 83
+1 83
+1 83
+1 83
-7 330 0 0 2 0 0 1
+1 330
+1 330
+1 330
+1 330
+1 330
+1 330
+1 330
+1 310
+1 165
+1 165
+1 165
+2 165
+1 165
+1 165
+1 165 165 0 0 7 0 0 1
+1 165
+1 165
-5 145
+1 145
+1 145
+1 145 145 0 0 4 0 0 1
+1 145
+1 145
+10 103 103 0 3 16 0 2 3
+1 103
+1 103
+2 103 103 0 0 3
+6 103
+1 103
+1 103
+1 103
+1 103
+5 103
+2 95
+1 95
+1 190
+8 95 95 0 3 15 0 2 1
+1 95 95 0 0 3 0 0 1
+3 95
+1 95
+1 95
+1 95
+1 95
+1 95
-9 1 1
+1 1 1 0 0 1 0 0 1
+3 1
+1 1
+1 1
+1 1
+1 1
+1 1
+6 1
+1 1 1
+1 1 1
+3 1
+1 1
+1 1
+1 1
+1 1
+1 1
+5 1
+1 1
+9 7 0 0 1 0 0 1
+1 7 7
+1 7 7 0 0 1 0 0 1
+1 7
+1 7
+2 7
+1 7
+1 7 0 0 1 0 0 1
+1 7
+1 7
+1 7
+1 7
+1 7 7
+3 7
+1 7
+1 7
+6 7
+1 7
+1 14
+4 7 0 0 1 0 0 1
+1 7
+3 7 7
+1 7 7
+1 7
+2 7
+1 7
+1 7
+4 7
+1 7
+1 7
+1 7
+1 7
+1 7 0 0 1 0 0 1
+6 1
+1 1
+2 1
+1 1
+2 1 1
+1 1 1
+1 1
+2 1
+1 1
+1 1
+4 1
+1 1
+1 1
+1 1
+1 1 0 0 1 0 0 1
+1 1
+48 2 0 0 1 0 0 1
+1 2 2
+1 2 2 0 0 1 0 0 1
+1 2
+1 2
+2 2
+1 2
+1 2 0 0 1 0 0 1
+1 2
+1 2
+1 2
+1 2
+1 2 2
+3 2
+1 2
+1 2
+6 2
+1 2
+1 4
+4 2 0 0 1 0 0 1
+1 2
+3 2 2 0 0 1 0 0 1
+1 2 2
+1 2
+2 2
+1 2
+1 2
+4 2
+1 2
+1 2
+1 2
+1 2
+1 2 0 0 1 0 0 1
+7 2
+1 2
+2 2
+1 2
+2 2 2
+1 2 2
+1 2
+2 2
+1 2
+1 2
+4 2
+1 2
+1 2
+1 2
+1 2 0 0 1 0 0 1
+1 2
661 3 0 0 1 0 0 1
+1 3 3
+1 3 3 0 0 1
+1 3
+1 3
+2 3
+1 3
+1 3 0 0 1 0 0 1
+1 3
+1 3
+1 3
+1 3
+1 2 2
+4 2
+1 2
+1 2
+6 2
+1 2
+1 4
+4 2 0 0 1 0 0 1
+1 2
+3 2 2 0 0 1 0 0 1
+1 2 2
+1 2
+2 2
+1 2
+1 2
+4 2
+1 2
+1 2
+1 2
+1 2
+1 2 0 0 1 0 0 1
+7 1
+1 1
+2 1
+1 1
+2 1 1
+1 1 1 0 0 1 0 0 1
+1 1
+2 1
+1 1
+1 1
+4 1
+1 1
+1 1
+1 1
+1 1 0 0 1 0 0 1
+1 1
+41 8 0 0 1 0 0 1
+1 8 8 0 0 2 0 0 1
+1 8 8 0 0 1 0 0 1
+1 8
+1 8
+2 8
+1 8
+1 8 0 0 1 0 0 1
+1 8
+1 8
+1 8
+1 8
+1 7 7
+4 7
+1 7
+1 7
+6 7
+1 7
+1 14
+4 7 0 0 1 0 0 1
+1 7
-1 3
+1 3
+3 10 10
+1 10 10 0 0 2 0 0 1
+1 10
+2 10
+1 10
+1 10
+4 10
+1 10
+1 10
+1 10
+1 10
+1 10 0 0 1 0 0 1
+7 3
+1 3
+2 3
+1 3
+2 3 3 0 0 1 0 0 1
+1 3 3
+1 3
+2 3
+1 3
+1 3
+4 3
+1 3
+1 3
+1 3
+1 3 0 0 1 0 0 1
+1 3
+7 3
+1 3
+1 3
+32 18 0 0 2 0 0 1
+1 18 18 0 0 4 0 0 2
+1 18 18 0 0 5 0 0 4
+1 18
+1 18
+2 18
+1 18
+1 18 0 0 2 0 0 1
+1 18
+1 18
+1 18
+1 18
+1 17 17
+4 17
+1 17
+1 17
+6 17
+1 17
+1 34
+4 17 0 0 2 0 0 1
+1 17
-1 4
+1 4
+3 21 21 0 0 4 0 0 3
+1 21 21 0 0 2 0 0 2
+1 21
+2 21
+1 21
+1 21
+4 21
+1 21
+1 21
+1 21
+1 21
+1 21 0 0 2 0 0 1
+7 7
+1 7
+2 7
+1 7
+2 7 7 0 0 2 0 0 2
+1 7 7 0 0 1 0 0 1
+1 7
+2 7
+1 7
+1 7
+4 7
+1 7
+1 7
+1 7
+1 7 0 0 1 0 0 1
+1 7
+7 4
+1 4
+1 4
+32 10 0 0 1 0 0 1
+1 10 10 0 0 2 0 0 2
+1 10 10 0 0 4 0 0 3
+1 10
+1 10
+2 10
+1 10
+1 10 0 0 1 0 0 1
+1 10
+1 10
+1 10
+1 10
+1 8 8
+4 8
+1 8
+1 8
+6 8
+1 8
+1 16
+4 8 0 0 1 0 0 1
+1 8
+3 8 8 0 0 2 0 0 2
+1 8 8 0 0 1 0 0 1
+1 8
+2 8
+1 8
+1 8
+4 8
+1 8
+1 8
+1 8
+1 8
+1 8 0 0 1 0 0 1
+7 1
+1 1
+2 1
+1 1
+2 1 1
+1 1 1 0 0 1
+1 1
+2 1
+1 1
+1 1
+4 1
+1 1
+1 1
+1 1
+1 1 0 0 1 0 0 1
+1 1
+41 19 0 0 2 0 0 1
+1 19 19 0 0 1 0 0 1
+1 19 19 0 0 4 0 0 1
+1 19
+1 19
+2 19
+1 19
+1 19 0 0 2 0 0 1
+1 19
+1 19
+1 19
+1 19
+1 9 9
+4 9
+1 9
+1 9
+6 9
+1 9
+1 18
+4 9 0 0 2 0 0 1
+1 9
-1 4
+1 4
+3 13 13 0 0 2
+1 13 13
+1 13
+2 13
+1 13
+1 13
+4 13
+1 13
+1 13
+1 13
+1 13
+1 13 0 0 2 0 0 1
+7 7
+1 7
+2 7
+1 7
+2 7 7 0 0 1
+1 7 7
+1 7
+2 7
+1 7
+1 7
+4 7
+1 7
+1 7
+1 7
+1 7 0 0 2 0 0 1
+1 7
+7 4
+1 4
+1 4
+32 22 0 0 3 0 0 2
+1 22 22 0 0 5 0 0 2
+1 22 22 0 0 2 0 0 2
+1 22
+1 22
+2 22
+1 22
+1 22 0 0 3 0 0 1
+1 22
+1 22
+1 22
+1 22
+1 9 9
+4 9
+1 9
+1 9
+6 9
+1 9
+1 18
+4 9 0 0 2 0 0 1
+1 9
-1 3
+1 3
+3 12 12
+1 12 12 0 0 5 0 0 4
+1 12
+2 12
+1 12
+1 12
+4 12
+1 12
+1 12
+1 12
+1 12
+1 12 0 0 2 0 0 2
+7 4
+1 4
+2 4
+1 4
+2 4 4 0 0 1 0 0 1
+1 4 4
+1 4
+2 4
+1 4
+1 4
+4 4
+1 4
+1 4
+1 4
+1 4 0 0 1 0 0 1
+1 4
+7 3
+1 3
+1 3
+32 23 0 0 2 0 0 1
+1 23 23 0 0 5 0 0 3
+1 23 23 0 0 2
+1 23
+1 23
+2 23
+1 23
+1 23 0 0 2 0 0 1
+1 23
+1 23
+1 23
+1 23
+1 16 16
+4 16
+1 16
+1 16
+6 16
+1 16
+1 32
+4 16 0 0 2 0 0 1
+1 16
-1 1
+1 1
+3 17 17 0 0 3
+1 17 17 0 0 6 0 0 2
+1 17
+2 17
+1 17
+1 17
+4 17
+1 17
+1 17
+1 17
+1 17
+1 17 0 0 2 0 0 1
+7 2
+1 2
+2 2
+1 2
+2 2 2 0 0 1
+1 2 2 0 0 1
+1 2
+2 2
+1 2
+1 2
+4 2
+1 2
+1 2
+1 2
+1 2
+1 2
+7 1
+1 1
+1 1
+4 1 0 0 1 0 0 1
+1 1
+1 1
+1 1
+7 1
+1 1
+1 1
+16 39 0 0 1 0 0 1
+1 39 39 0 0 6 0 0 5
+1 39 39 0 0 6 0 0 2
+1 39
+1 39
+2 39
+1 39
+1 39 0 0 1 0 0 1
+1 39
+1 39
+1 39
+1 39
+1 23 23
+4 23
+1 23
+1 23
+6 23
+1 23
+1 46
+4 23 0 0 1 0 0 1
+1 23
-1 5
+1 5
+3 28 28 0 0 5 0 0 4
+1 28 28 0 0 6 0 0 5
+1 28
+2 28
+1 28
+1 28
+4 28
+1 28
+1 28
+1 28
+1 28
+1 28 0 0 1 0 0 1
+7 13
+1 13
+2 13
+1 13
+2 13 13 0 0 1 0 0 1
+1 13 13 0 0 2 0 0 2
+1 13
+2 13
+1 13
+1 13
+4 13
+1 13
+1 13
+1 13
+1 13 0 0 1 0 0 1
+1 13
+7 5
+1 5
+1 5
+32 39 0 0 2 0 0 1
+1 39 39 0 0 6 0 0 2
+1 39 39 0 0 4 0 0 3
+1 39
+1 39
+2 39
+1 39
+1 39 0 0 1 0 0 1
+1 39
+1 39
+1 39
+1 39
+1 17 17
+4 17
+1 17
+1 17
+6 17
+1 17
+1 34
+4 17 0 0 2 0 0 1
+1 17
-1 4
+1 4
+3 21 21 0 0 4 0 0 4
+1 21 21 0 0 8 0 0 3
+1 21
+2 21
+1 21
+1 21
+4 21
+1 21
+1 21
+1 21
+1 21
+1 21 0 0 1 0 0 1
+7 11
+1 11
+2 11
+1 11
+2 11 11
+1 11 11 0 0 1 0 0 1
+1 11
+2 11
+1 11
+1 11
+4 11
+1 11
+1 11
+1 11
+1 11 0 0 1 0 0 1
+1 11
+7 4
+1 4
+1 4
+4 1
+1 1
+1 1
+1 1
+7 1
+1 1
+1 1
+16 46 0 0 4 0 0 1
+1 46 46 0 0 5 0 0 1
+1 46 46 0 0 4 0 0 2
+1 46
+1 46
+2 46
+1 46
+1 46 0 0 3 0 0 1
+1 46
+1 46
+1 46
+1 46
+1 29 29
+4 29
+1 29
+1 29
+6 29
+1 29
+1 58
+4 29 0 0 3 0 0 1
+1 29
-1 9
+1 9
+3 38 38 0 0 7 0 0 6
+1 38 38 0 0 10 0 0 7
+1 38
+2 38
+1 38
+1 38
+4 38
+1 38
+1 38
+1 38
+1 38
+1 38 0 0 3 0 0 1
+7 16
+1 16
+2 16
+1 16
+2 16 16
+1 16 16 0 0 1 0 0 1
+1 16
+2 16
+1 16
+1 16
+4 16
+1 16
+1 16
+1 16
+1 16 0 0 2 0 0 1
+1 16
+7 9
+1 9
+1 9
+32 31 0 0 2 0 0 2
+1 31 31 0 0 6 0 0 4
+1 31 31 0 0 4 0 0 3
+1 31
+1 31
+2 31
+1 31
+1 31 0 0 2 0 0 2
+1 31
+1 31
+1 31
+1 31
+1 17 17
+4 17
+1 17
+1 17
+6 17
+1 17
+1 34
+4 17 0 0 2 0 0 1
+1 17
-1 3
+1 3
+3 20 20 0 0 4 0 0 4
+1 20 20 0 0 3 0 0 2
+1 20
+2 20
+1 20
+1 20
+4 20
+1 20
+1 20
+1 20
+1 20
+1 20 0 0 2 0 0 2
+7 7
+1 7
+2 7
+1 7
+2 7 7 0 0 1 0 0 1
+1 7 7 0 0 1 0 0 1
+1 7
+2 7
+1 7
+1 7
+4 7
+1 7
+1 7
+1 7
+1 7 0 0 1 0 0 1
+1 7
+7 3
+1 3
+1 3
+32 43 0 0 2 0 0 1
+1 43 43 0 0 3 0 0 2
+1 43 43 0 0 5 0 0 3
+1 43
+1 43
+2 43
+1 43
+1 43 0 0 2 0 0 1
+1 43
+1 43
+1 43
+1 43
+2 15 15
+4 15
+1 15
+1 15
+6 15
+1 15
+2 30
+4 15 0 0 2 0 0 1
+1 15
-1 3
+1 3
+3 18 18 0 0 5 0 0 5
+1 18 18 0 0 3 0 0 2
+1 18
+2 18
+1 18
+1 18
+4 18
+1 18
+1 18
+1 18
+1 18
+1 18 0 0 2 0 0 1
+7 5
+1 5
+2 5
+1 5
+2 5 5 0 0 1
+1 5 5
+1 5
+2 5
+1 5
+1 5
+4 5
+1 5
+1 5
+1 5
+1 5 0 0 1 0 0 1
+1 5
+7 3
+1 3
+1 3
+34 273 0 0 2
+2 273
+1 273
+1 273
+1 273
-3 140 0 0 1 0 0 1
+1 140
+1 140
+1 140
+1 330
+5 165
+6 165 165
+1 165 165
+8 165
+1 165 165
-16 2498 0 0 2 0 0 2
+6 2498 2498
+1 2498 2498
+8 2498
+1 2498 2498

fl=(14) ./elf/../sysdeps/unix/sysv/linux/brk.c
fn=(30) brk
36 1 0 0 1 0 0 1
fi=(383) ./elf/../sysdeps/unix/sysv/linux/brk_call.h
-12 2
fe=(14)
+13 1 0 1 0 0 1 0 0 1
+1 2
+6 1
+1 1 1

fl=(44) ./string/./string/strdup.c
fn=(138) strdup
40 84 0 42 1 0 0 1
+1 14 0 14
cfi=(22) ./string/../sysdeps/x86_64/multiarch/../multiarch/strlen-sse2.S
cfn=(62) strlen
calls=14 +16 
* 472 67
* 14
fi=(384) ./string/../include/rtld-malloc.h
+15 28 14 14
cfi=(27) ./elf/./elf/dl-minimal-malloc.c
cfn=(78) __minimal_malloc
calls=14 -20 
* 420 98 98
fe=(44)
-12 28 0 0 1 0 0 1
+3 42
+1 42 42
-1 14
cfi=(29) ./string/../sysdeps/x86_64/multiarch/memmove-vec-unaligned-erms.S
cfn=(82) memcpy
calls=14 210 
* 178 48 34 0 0 5 0 0 5

fl=(13) ./elf/./elf/dl-sort-maps.c
fn=(234) dfs_traversal.part.0
135 126 0 70 2 0 0 2
+10 14 14 0 0 2
-2 14 0 14
+2 28
+2 44 11 0 0 5
-7 70 35
+7 140 35 0 0 1
+9 28 0 0 2 0 0 2
+15 42 14 14
+1 14 0 14
+1 84 84
-17 21 7 0 1 0 0 1

fn=(232) _dl_sort_maps
298 24 0 12 1 0 0 1
+8 2 2 0 2 1 0 2
-8 2 0 2
+8 4
+4 16 14 0 4 0 0 4
-99 2 0 0 2 0 0 2
-28 2
-2 2 0 2
+1 4 2
+29 2
-28 8
+1 2 2 0 2 0 0 2
-1 2
+1 2 0 2
-1 4
+1 12 12
-1 12
+1 12 0 12
-1 24
+28 30 0 2 2 0 0 2
+8 6
-3 2
+2 2 0 2
+1 4
-3 2 0 2
+5 44 0 0 2 0 0 2
+2 14 14
-83 70 14 14
cfn=(234)
calls=14 -5 
* 625 200 112 5 8 0 5
+86 42 14
+18 8 2 0 2 0 0 2
+32 8 2 0 2 0 0 2
+7 2 2 0 2 0 0 2
+27 2
-47 6 0 2 2 0 0 2
cfi=(29)
cfn=(82)
calls=2 -53 
* 38 10 8 3 0 0 2
* 2

fn=(26) _dl_sort_maps_init
289 2 0 1 1 0 0 1
+1 2
-1 2 0 0 1 0 0 1
+1 2 0 1
cfi=(11)
cfn=(28)
calls=1 +97 
* 24 4 1 2 1 0 2 1
+2 3 1
-1 1 0 1
+2 2 2

fl=(25) ./elf/./elf/dl-environ.c
fn=(70) _dl_next_ld_env_entry
28 3 0 0 1 0 0 1
+1 3 3
+3 57 51
+13 47
-13 94
+2 98 49
+1 20 10
+5 2
-3 2
+3 2 0 2
+2 2 2

fl=(22)
fn=(62)
57 46 0 0 1 0 0 1
+44 46
+1 46
+1 46
+1 46
+1 46
+1 46
+1 46
+2 46
+2 46
+31 43 43 0 0 5 0 0 5
+1 43
+1 43
+1 43
+1 43
+1 12
+2 12 12
+4 31 0 0 1 0 0 1
+1 31 31
+1 31 31
+1 31 31 0 0 1 0 0 1
+1 31
+1 31
+1 31
+1 31
+1 31
+1 31
+1 31
+1 31
+5 246 30 0 1 0 0 1
+4 3
+1 42 12 0 1 0 0 1
+1 20 1
+15 2
+1 2
+1 4
+51 2 2
+1 2 2
+1 2 2
+1 2 2
+1 2
+1 2
+1 2
+1 2
-7 2 2 0 1 1 0 1 1
+1 2 2
+1 2 2
+1 2 2
+1 2
+1 2
+1 2
+1 2
+2 1
+2 1 1 0 0 1 0 0 1
+1 1 1
+1 1 1
+1 1 1
+1 1
+1 1
+1 1 0 0 1 0 0 1
+1 1
+1 1
+4 3
+2 3
+1 42 12 0 1 0 0 1
+2 3
+1 3
+1 3
+2 3 3

fl=(49) ./string/../string/strcspn.c
fn=(156) strcspn
32 6 0 2 1 0 0 1
+1 3 1 0 0 1 0 0 1
+1 2 1
+5 6 0 4 0 0 2 0 0 2
+1 4 0 4 1 0 1 1 0 1
+1 4 0 4 0 0 1 0 0 1
+1 4 0 4
+2 1
+3 3 1 1 1 0 0 1
+1 2
-1 6 2 2
+1 4
+3 4 2
+1 4 2
+1 4 2 0 1 0 0 1
+1 4 2
+2 3
+6 1 1
-1 1
+1 1 1
+2 2 2
-1 2 2 0 1 0 0 1
+2 1 1
+2 6 1
-5 12 12 0 0 1 0 0 1
-1 12
+1 12 12
+2 24 24
-1 24 24
+2 12 12
+2 72 12
+2 1
+1 3
+1 2 2
-1 1
+1 1 1

fl=(53) ./io/../sysdeps/unix/sysv/linux/open64_nocancel.c
fn=(172) __open_nocancel
28 66 0 33 1 0 0 1
+3 33
-3 66 0 33 0 0 3 0 0 3
+3 198
+8 231
+2 12 12
-2 81 0 27 1 0 0 1
+2 54 54

fl=(376) ./elf/./elf/dl-fini.c
fn=(4966) _dl_fini
26 5 0 3 1 0 0 1
+17 1
-17 6 0 4
+20 13 1 0 1 1 0 1
+3 2 1 1 0 1
cob=(2) /usr/lib/x86_64-linux-gnu/libc.so.6
cfi=(305) ./nptl/./nptl/pthread_mutex_lock.c
cfn=(3214) pthread_mutex_lock@@GLIBC_2.2.5
calls=1 +28 
* 44 11 6 4 1
+2 1 1 0 1 1 0 1
+3 2
+2 5 2 0 0 1
+7 3 0 1
-2 1 0 1
+2 1 0 1
cfi=(48) ./elf/./elf/dl-audit.c
cfn=(570) _dl_audit_activity_nsid
calls=1 -22 
* 11 3 0 2 1 0 2 1
+5 15 1 0 1 0 0 1
+5 1 1
-5 1 0 0 1 0 0 1
+5 3
+2 14 7 0 0 7 0 0 1
+2 14
+2 14 0 7
+1 7 0 7 0 0 7 0 0 3
+1 7
+4 7 0 7 1 0 6 1
-12 21 7 0 0 1
+14 6
+1 4
+6 6 0 2 1 0 0 1
cfi=(13)
cfn=(232)
calls=1 298 
* 556 156 86 18 9 0 17
+9 2 1 1
cob=(2)
cfi=(306) ./nptl/./nptl/pthread_mutex_unlock.c
cfn=(3216) pthread_mutex_unlock@@GLIBC_2.2.5
calls=1 367 
* 37 9 5 1
+5 6 1
+2 1 1
+2 2 1
-2 6 6
+2 12 6
+2 28 0 21 1 0 0 1
cfi=(377) ./elf/./elf/dl-call_fini.c
cfn=(4968) _dl_call_fini
calls=7 -90 
* 7742 2588 1228 102 204 14 67 39 1
+3 14 0 7
cfi=(48)
cfn=(4994) _dl_audit_objclose
calls=7 -20 
* 35 14 0 1 0 0 1
-9 14 14 0 1 0 0 1
+14 7 0 7
-14 21
+18 3 0 1
cfi=(48)
cfn=(570)
calls=1 -85 
* 11 3
* 2 1
+6 4 2 1
+2 1
-2 2
+6 2 1
+7 8 7
-77 2 0 1 1 0 0 1

fl=(23) ./elf/../misc/sbrk.c
fn=(64) sbrk
37 4 0 2 1 0 0 1
+3 1 1
-3 2 0 1
+21 2
+4 2
+16 5 4 0 1 0 0 1

fl=(57) ./misc/../sysdeps/unix/sysv/linux/mmap64.c
fn=(182) mmap
47 26 0 0 1 0 0 1
+3 52
-3 156 0 78
+6 52
+5 156
+2 104 104
-7 55 5 0 1 0 0 1

fl=(66) ./io/../sysdeps/unix/sysv/linux/fstatat64.c
fn=(212) fstatat
146 18
-55 18
+70 20
+1 2 2
-2 14 0 7 1 0 0 1
+1 14 7

fl=(45) ./elf/./elf/dl-debug.c
fn=(196) _dl_debug_update
38 6
+3 6
-1 12
+4 12 6 0 1 1 0 1
+4 6 6

fn=(144) _dl_debug_initialize
56 3 0 0 1 0 0 1
+3 2
+4 1 1 0 0 1 0 0 1
+22 1 1
+10 1 1
-32 2
+1 1 0 1
+21 2
+5 2 1 0 1 1 0 1 1
+1 1
+4 1 1
-4 1 0 1
-1 1 0 1
+2 1 0 1
+3 1
+4 2
+8 2 1
-50 1 0 0 1 0 0 1
+4 2
+35 6 1 1 1 0 0 1

fn=(150) _dl_debug_state
116 2 0 0 1 0 0 1
+1 2 2

fl=(55) ./io/../sysdeps/unix/sysv/linux/fstat64.c
fn=(178) fstat
30 6 0 0 1 0 0 1
+9 24 0 0 1 0 0 1
+33 6 6

fl=(2) ./elf/./elf/rtld.c
fn=(2) _dl_start
517 16 0 8 2 0 3 2 0 3
85 1
547 4 0 1 0 0 1 0 0 1
85 1
543 1 0 1 0 0 1 0 0 1
fi=(6) ./elf/../sysdeps/x86_64/dl-machine.h
55 1
fe=(2)
+30 1
546 1 0 0 1 0 0 1
85 1 0 1 0 0 1 0 0 1
fi=(3) ./elf/./get-dynamic-info.h
-40 1 1 0 0 1 0 0 1
fe=(2)
546 1 0 1 0 0 1 0 0 1
fi=(3)
45 2
+23 18 0 18 0 0 7 0 0 7
-23 72 18 0 0 4 0 0 4
+4 36
+3 5 0 0 1 0 0 1
-1 10
+3 20
+1 16
+1 5
fi=(4) ./elf/../sysdeps/generic/ldsodefs.h
+23 1 1 0 1 0 0 1
fi=(3)
+31 1 1 0 0 1 0 0 1
-38 3
+12 4 1 1
+1 3 1
+1 4 1 1 1 0 0 1
+1 4 1 1
+1 5 1 1
+1 3 1 0 1 0 0 1
+1 4 1 1
+1 4 1 1
+12 7 2
+7 2
-51 4 0 0 1 0 0 1
+64 3 2 0 2 0 0 2
+6 3 1
+1 3 2
+3 2 1
+1 3 1
+5 5 2 0 1 0 0 1
+3 5 2
fe=(2)
563 154 6 11 2 1 4 2 1 4
fi=(4)
79 1 1
fe=(2)
563 1 1
fi=(4)
79 2
fe=(2)
563 27 4 5 3 0 0 3
fi=(6)
287 3 0 1
fi=(5) ./elf/./elf/do-rel.h
49 1 1
fe=(2)
563 1 1
fi=(5)
50 1 1
-1 2
+4 1 1
-3 1
+3 4 1 0 1 0 0 1
+3 2
-7 1 1
fe=(2)
563 1 1
fi=(5)
50 1 1
-1 2
+4 1 1
-3 1
+3 4 1
+3 2
+7 3 3 0 1 1 0 1 1
+2 3 3
-2 6
fi=(6)
278 3
fi=(5)
64 6
fi=(6)
278 6
+9 24 9 0 0 3 0 0 3
+3 6 3
+1 6
+26 8
+6 2 0 2 0 0 1 0 0 1
fi=(5)
61 13 0 0 1 0 0 1
fe=(2)
563 6
fi=(5)
51 1 1
fi=(4)
+28 2 1
fi=(3)
-17 4 0 0 1 0 0 1
+2 4
fe=(2)
565 1 0 1
+13 1 0 1 1 0 0 1
cfi=(7) ./elf/./elf/dl-minimal.c
cfn=(12) __rtld_malloc_init_stubs
calls=1 42 
* 10 1 4 2 0 1 2 0 1
458 2 0 1
85 1
476 2
85 3 0 1
476 1 0 1
cfi=(8) ./elf/./elf/dl-setup_hash.c
cfn=(14) _dl_setup_hash
calls=1 25 
* 27 8 6 3 1 1 3 1 1
+2 1 1
+16 2 1 0 1 0 0 1
-17 1 0 1
+11 1 0 1
-10 1 0 1 0 0 1 0 0 1
+16 1 0 1
cfi=(9) ./elf/../sysdeps/unix/sysv/linux/dl-sysdep.c
cfn=(16) _dl_sysdep_start
calls=1 102 
* 1902961 499234 170853 1046 11903 2302 1046 7431 1620
* 1 0 0 1
+2 2 1
+89 9 7 0 1 2 0 1
fi=(3)
103 3 0 1 2 0 0 2
fe=(2)

fn=(246) init_tls
734 1 0 1 1 0 0 1
+6 1 1 0 0 1
-6 3 0 2
+2 2 1 1
+4 2
+11 1
fi=(28) ./elf/../include/rtld-malloc.h
44 1
fe=(2)
746 1
+4 1
fi=(28)
44 1 1 1
cfi=(27)
cfn=(74) __minimal_calloc
calls=1 +36 
* 41 8 7
fe=(2)
761 1 1 0 1 1 0 1 1
-12 1 0 1
+6 1
-9 1 0 1 0 0 1 0 0 1
+11 1 0 1
+4 1
+2 3 1
-1 2
+3 14 7 0 1 1 0 1
+4 4
+2 4
-2 8 0 4 0 0 1 0 0 1
-5 4 4
-1 8
+10 3 1
+3 2 0 1
cfi=(46) ./elf/../elf/dl-tls.c
cfn=(248) _dl_tls_static_surplus_init
calls=1 97 
* 86 15 10 2 4 0 2 2
+3 1 0 1
cfi=(46)
cfn=(250) _dl_determine_tlsoffset
calls=1 216 
* 181 36 15 6 0 0 6
+7 1 0 1
cfi=(46)
cfn=(252) _dl_allocate_tls_storage
calls=1 417 
* 470 34 326 4 0 39 4 0 39
* 1 0 0 1 0 0 1
+1 2
+6 1 1
fi=(74) ./elf/../sysdeps/generic/dl-call_tls_init_tp.h
31 2
fe=(2)
793 1 0 1
fi=(74)
31 6 0 2
+2 1 0 1
cfi=(24) ./elf/../sysdeps/nptl/dl-tls_init_tp.c
cfn=(256) __tls_init_tp
calls=1 +35 
* 79 14 17 4 3 0 4 1
fe=(2)
800 1
-3 1 0 1
+3 4 4
-36 3 3 0 1 0 0 1
-1 7

fn=(238) version_check_doit
674 2 0 1 1 0 0 1
+2 1
-2 4 0 1 1 0 0 1
+2 3 2 1
cfi=(73) ./elf/./elf/dl-version.c
cfn=(240) _dl_check_all_versions
calls=1 392 
* 28744 8807 1745 55 134 78 55 130 77
* 2
+4 3 3

fn=(66) dl_main
1346 2 0 1 1 0 0 1
197 1
1346 11 0 8 1 0 0 1
199 1 0 1
302 1 0 1
+1 1 0 1
197 1 0 1
+99 3 0 3 1 0 0 1
1357 1 0 1 0 0 1 0 0 1
cfi=(24)
cfn=(68) __tls_pre_init_tp
calls=1 53 
* 17 1 5 3 0 1 3 0 1
2749 1 1
2538 1 1
2749 2
2598 1 0 1
+2 2
+15 1
-13 2 0 1 1 0 0 1
cfi=(25)
cfn=(70)
calls=1 28 
* 47 17 1 1 0 0 1
* 4 0 2
cfi=(25)
cfn=(70)
calls=2 28 
* 283 98 1
* 9
+4 6 2
-2 2
+2 6
+1 2
-1 6 2
+1 17
-1 89 17
+9 12 2 0 1 2 0 1 2
2727 3 1
1373 1 1
+1 2 1 0 1 0 0 1
-1 2 1 1
+1 2 1
2687 3 1 0 1 0 0 1
-47 2 1 0 1 0 0 1
+10 2 1
1637 9 0 2 1 0 0 1
cfi=(26) ./elf/./elf/dl-object.c
cfn=(72) _dl_new_object
calls=1 59 
* 210 31 55 22 4 12 22 4 12
* 1 0 1
+2 2
+1 3 0 1 1 0 0 1
+6 1
-5 2 1 1
+1 3 2 1
+4 1 0 1
cfi=(26)
cfn=(84) _dl_add_to_namespace_list
calls=1 31 
* 42 10 9 3 0 0 3
+1 2 1
1116 1 1 0 1 0 0 1
-1 1 1
1351 1
1143 1
-21 2 2 0 0 1 0 0 1
+21 2
-19 1 0 1
+1 1 0 1
-3 1 0 1 0 0 1 0 0 1
+21 2 0 0 1 0 0 1
+57 1 1
-82 1 0 1
+25 1
-3 1
+4 1
+19 1
+37 4
-56 112 24 0 1 7 0 1 7
+56 4 4 0 0 1 0 0 1
-1 4 4
+1 8
-1 4
+2 8 4
+1 1 0 1
+2 12 4
+1 14
+4 8 4 0 0 3 0 0 3
+1 8 4
+1 4 0 4
+4 12
-72 27 0 0 2 0 0 2
1253 2 1
+1 24
+6 4 0 1
cfi=(30) ./elf/./elf/dl-load.c
cfn=(88) _dl_process_pt_gnu_property
calls=1 868 
* 90 17 4 6 1 0 6 1
-7 28
+1 14 14
+6 14
-6 28
fi=(31) ./elf/../sysdeps/x86/dl-prop.h
235 4 4 0 1 0 0 1
+1 2 2
-87 4 2
fe=(2)
1221 3 1 0 1 1 0 1 1
+7 1 1
-1 2
+6 1
-6 2 0 1 0 0 1 0 0 1
-79 1 1
+85 3
-90 2 0 1 1 0 0 1
+91 1 1
+1 1 0 1
-1 1 0 1
+4 2 0 2 0 0 1 0 0 1
-95 2
+5 1 0 0 1 0 0 1
-5 1
+5 2 1 1
-5 2
+30 1 1
-9 2 2 0 0 1 0 0 1
+2 1 0 1
-3 1 0 1
+10 2 0 0 1 0 0 1
+18 2 0 1
-38 2 2
-10 1
+10 1 0 1
+1 9 2 1 1 0 0 1
-11 2
+1 14
1247 1 1 0 0 1 0 0 1
1143 1 0 0 1 0 0 1
1247 2 1 1
1143 3
1266 4 2
+2 3 2 1 1 0 0 1
+1 3 2
+2 3 1
1672 3 1 0 1 0 0 1
+2 2 1
-1 1 1
+1 1 1
+1 3 3
-2 2 0 1
cfi=(32)
cfn=(94)
calls=1 98 
* 25 7 0 3 1 0 3 1
* 2
+7 1 0 1 1 0 1 1 0 1
+3 1 1
-5 1 0 1
+3 1 0 1
+2 1
+1 2 0 1
+4 2 1
+2 2 0 0 1 0 0 1
fi=(3)
39 4 2
+4 1
+2 1 1 0 0 1 0 0 1
+9 1
+1 1
-10 2
+23 29 0 29 0 0 8 0 0 8
-23 116 29 0 0 8 0 0 8
+4 58 0 0 1 0 0 1
+3 6
-1 12
+3 24
+1 20
fe=(2)
1243 1 1 0 1 0 0 1
1143 1
1243 1 0 1
1143 2
fi=(3)
72 4 2
+43 2 1 0 1 0 0 1
+7 3 2
+1 4 3 0 1 0 0 1
+6 3 1
+18 4 2
+5 2 1 1 1 0 1 1 0 1
+2 2
+2 2
+2 2
+1 2 1 1
+3 4 2 0 1 0 0 1
+2 3 1 1
+1 2
+9 2 1
+6 2
+1 3 2 1 1 0 0 1
+3 3 2
fe=(2)
1698 4 2
+7 2 1 1 1 0 0 1
cfi=(8)
cfn=(14)
calls=1 25 
* 27 8 6 0 1 0 0 1
+3 2 1 0 1 0 0 1
fi=(33) ./elf/./setup-vdso.h
24 2 1
fi=(36) ./elf/./dl-main.h
+85 2 2 0 1 0 0 1
fi=(35) ./elf/../sysdeps/unix/sysv/linux/dl-vdso-setup.h
-64 1 0 1
fi=(36)
+64 3 2 1
cfi=(30)
cfn=(106) _dl_init_paths
calls=1 706 
* 10451 2448 733 86 7 24 86 7 24
fe=(2)
1733 3 1 1 1 0 0 1
cfi=(45)
cfn=(144)
calls=1 56 
* 34 7 5 4 2 0 4 2
+7 1 1
-5 1 0 1
-2 1
+7 1
+4 1 1
+1 1 1
+2 1 0 1
-3 3 0 1
+1 2 1 1 1 0 0 1
+3 1 0 1
+11 1 1 0 0 1 0 0 1
-13 1 0 1
+13 1
+1 2 1
+5 1 1
-3 2 1 0 1 0 0 1
+2 1 0 1
+1 2 0 1
+5 3
+1 5 1 0 0 1 0 0 1
-1 2 0 0 1 0 0 1
224 1 1
+1 1 1
-1 1 1
+1 3 2
+1 2 0 0 1 0 0 1
1788 2 1 0 1 0 0 1
+5 1 1
-1 1
1352 1 0 1
1793 1
+24 1 0 1 1 0 0 1
cfi=(46)
cfn=(146) _dl_count_modids
calls=1 192 
* 6 3 0 1 0 0 1
* 1 0 1
fi=(47) ./elf/../sysdeps/generic/dl-debug.h
29 4 2
+1 1 0 1
fe=(2)
1823 1 0 1
+1 1 0 1
cfi=(45)
cfn=(150)
calls=1 116 
* 2 1 0 1 0 0 1
+1 1
+4 3 1 1
cfi=(48)
cfn=(152) _dl_audit_activity_map
calls=1 29 
* 17 8 5 2 0 0 2
+5 3 2 0 1 0 0 1
+2 1
+2 2 1
+9 2 1
+16 4 0 1
cfi=(63) ./io/../sysdeps/unix/sysv/linux/access.c
cfn=(200) access
calls=1 25 
* 9 1 1
* 2 0 0 1 0 0 1
+76 4 2
+16 3 1
85 1
1965 1
85 2
1965 1
85 1
1965 5 2 0 1 0 0 1
85 1 0 1
1965 2 0 1
cfi=(64) ./elf/./elf/dl-deps.c
cfn=(202) _dl_map_object_deps
calls=1 143 
* 34545 7242 3867 152 177 210 152 176 210
92 1
+9 1 1
1971 1 1
92 2
+9 2 0 1
1971 2 0 0 1 0 0 1
+1 6 2 1
-1 4
+1 12 6 6
-1 24
+4 3 2 1
+1 2 0 0 1 0 0 1
+1 1 0 1
+2 26 1
+1 12 6
+46 1 1
-42 2 0 0 1 0 0 1
+8 3 1 1
+1 2
+2 1
+2 3
+2 1 1
-4 1 0 1
+5 1 1
-1 2 0 0 1 0 0 1
+14 2
+1 2 1 1
+1 3 1
-25 1 0 1 1 0 0 1
+36 2
+2 1
-2 1
+2 2
-2 1 0 1
+1 2
+1 1
-1 2 0 1
+1 1 0 1 1 0 0 1
cfi=(50) ./elf/./elf/dl-catch.c
cfn=(236) _dl_receive_error
calls=1 186 
* 28781 8820 1756 59 134 78 59 130 77
+10 1 1
+1 1 1
-1 1 0 1
+1 1
+3 2
837 1 1
fi=(385) ./elf/../sysdeps/unix/sysv/linux/dl-osinfo.h
39 2 1
fe=(2)
839 1 0 1
fi=(385)
52 1 1
fe=(2)
848 1 0 1 1 0 0 1
+7 1 0 1
-5 1 0 1
2047 3 1
2246 2 1
+4 1 1
-4 1 0 1
+10 1 1 0 1 0 0 1
-6 1 0 1
+6 1 0 1
-6 1 0 1
+9 2 1
+8 2 2
fi=(31)
36 2 2
+1 3 0 0 1 0 0 1
+3 3 3
+13 9 1
-13 6 6
+9 12 6
-9 1 1
+9 28 7 0 1 0 0 1
+4 24 6
-16 21
+34 1 1
fe=(2)
2279 1
fi=(31)
71 1 0 1
cfi=(76) ./elf/../sysdeps/x86_64/dl-cet.c
cfn=(260) _dl_cet_check
calls=1 361 
* 55 11 14 4 1 0 4
fe=(2)
2282 1 1
-3 2 1 0 1 0 0 1
+5 1 1
-2 2 0 1
+2 2
+1 6 1 1
cfi=(77) ./elf/./elf/dl-reloc.c
cfn=(262) _dl_relocate_object
calls=1 207 
* 79429 21297 8162 186 571 224 186 548 222
85 2
2292 1 1 0 0 1
85 2 0 0 1 0 0 1
2292 1 1
+1 17 2 1
+2 14 14 0 1 3 0 1
+5 14 14 0 0 7
+2 14
+6 7 0 7
+2 14
+1 48 12 6 0 6
cfi=(77)
cfn=(262)
calls=6 207 
* 1697768 449517 153822 99 10615 1607 99 6362 935
+4 22 11 0 1 5 0 1
+1 8
-23 4
+23 4 0 4
cfi=(46)
cfn=(438) _dl_add_to_slotinfo
calls=4 1017 
* 112 40 28 3 5 0 3
-23 9 1 0 0 1
92 3 0 0 1 0 0 1
+1 1
2325 1 1
93 1 0 1 0 0 1
2325 1
+4 4 2 0 0 1
+2 1 0 1
+7 4 1 1 1 0 0 1
cfi=(46)
cfn=(528) _dl_allocate_tls_init
calls=1 523 
* 413 88 63 6 12 8 6 0 8
+3 2 1
+4 3 2 0 1 1 0 1
+2 2 1
+33 3 1 1
cfi=(169) ./elf/./elf/dl-call-libc-early-init.c
cfn=(552) _dl_call_libc_early_init
calls=1 27 
* 603 131 56 16 33 5 16 12 5
+7 1 0 1
cfi=(9)
cfn=(568) _dl_sysdep_start_cleanup
calls=1 147 
* 2 1 0 1 0 0 1
+3 3 0 1
cfi=(48)
cfn=(570)
calls=1 41 
* 11 3 0 2 0 0 2
+4 2 0 1
cfi=(45)
cfn=(196)
calls=1 38 
* 7 2 0 0 1
+1 1 0 1 0 0 1
-1 1
+2 1 0 1
cfi=(45)
cfn=(150)
calls=1 116 
* 2 1
+1 1
+4 1 0 1
cfi=(67) ./elf/./elf/dl-cache.c
cfn=(572) _dl_unload_cache
calls=1 525 
* 19 5 4 2 1 0 2
+5 8 7 0 0 2
2304 1 0 1 1 0 0 1
+1 1 1
-3 2
226 2
-2 1 1
+1 1
1773 1 1 0 1 1 0 1 1
+6 1 1 0 0 1 0 0 1
-6 2 1 1 1 0 1 1 0 1
+6 1
fi=(3)
56 5 0 0 1 0 0 1
+3 4
fi=(34) ./elf/../sysdeps/unix/sysv/linux/dl-vdso.h
-19 2 1 0 1 0 0 1
+1 5 0 2
fi=(35)
-11 1 0 1
+3 1 0 1 1 0 0 1
+3 1 0 1
+3 1 0 1
fi=(34)
+16 2
fi=(3)
+17 3 2 0 1 0 0 1
+12 3 1
+1 5 2 1 1 0 0 1
+1 5 2 1
+1 5 2 1
+1 4 2
+1 5 2 1 1 0 0 1
+1 5 2 1
+1 5 2 1 1 0 0 1
+12 2 2
+7 1 1
-7 7 1 1
+7 2
fe=(2)
1743 4 2 1 1 0 0 1
2357 1 0 1 1 0 0 1
cfi=(163) ./elf/./elf/dl-find_object.c
cfn=(530) _dl_find_object_init
calls=1 561 
* 1046 251 78 16 77 5 16 9 3
+5 3 1 1
cfi=(7)
cfn=(538) __rtld_malloc_init_real
calls=1 76 
* 3175 951 359 6 22 0 6 4
+3 1 0 1
cfi=(167) ./elf/../sysdeps/nptl/dl-mutex.c
cfn=(546) __rtld_mutex_init
calls=1 30 
* 503 115 36 10 6 0 10 2
85 1
2371 1 0 1
+1 3 2 0 1 0 0 1
85 3
2372 2 0 1
cfi=(77)
cfn=(262)
calls=1 207 
* 1878 590 207 1 26 3 1
92 3
+9 3 0 1
2687 2 1 0 1 0 0 1
+2 1
+1 1
-1 1 0 1
+1 1 0 1
+1 1
2040 2 0 1 1 0 0 1
cfn=(246)
calls=1 734 
* 961 132 395 21 10 41 21 4 41
* 2 0 1
2650 2 1 0 1 0 0 1
+2 2 0 1
+1 1
fi=(3)
62 4 0 0 1 0 0 1
+2 4
fe=(2)
1943 10 0 0 1 0 0 1
85 1 0 0 1 0 0 1
1842 2 2 0 1 0 0 1
85 3
1842 2 0 1
cfn=(154) handle_preload_list
calls=1 869 
* 3098 729 370 116 37 45 116 37 45
* 1
92 3
+9 3 0 1
1943 6 0 1 1 0 0 1
+1 1
-1 1
+4 3 0 1
+1 1 1 0 1 0 0 1
+1 2
+1 2
-7 2

fn=(164) map_doit
641 2 0 1 1 0 0 1
+2 1
-2 4 0 1
+2 1 1
+1 2 2
-1 2
+1 3 0 1
cfi=(30)
cfn=(166) _dl_map_object
calls=1 1967 
* 2643 559 293 95 34 35 95 34 35
* 1 0 1
+2 3 3

fn=(154)
869 11 0 7 2 0 1 2 0 1
+5 1 1
-5 2 0 2 0 0 1 0 0 1
+5 2
-4 3
+7 3 0 1 1 0 1 1 0 1
cfi=(49)
cfn=(156)
calls=1 32 
* 254 120 21 5 2 4 5 2 4
* 1
+1 3
+9 1
183 1 1
889 2 1
183 2
891 2 1 0 1 0 0 1
-80 1 1
+5 1
-6 1
-4 1 0 1
+10 2
-6 1 0 1
+4 1 1
+2 2 0 0 1 0 0 1
-5 1 0 1
+1 1 0 1
+4 1 0 1
cfi=(50)
cfn=(158) _dl_catch_error
calls=1 254 
* 2754 588 328 104 35 37 104 35 37
+1 3 1
+8 3 1
+67 1
-18 2 1
+21 9 7
-15 4 0 1 1 0 0 1
cfi=(29)
cfn=(82)
calls=1 210 
* 19 5 4 1 0 1 1 0 1
+1 2 0 1

fl=(366) ./elf/./elf/dl-open.c
fn=(4118) _dl_find_dso_for_object
214 2 0 1 1 0 0 1
+4 1 1
-4 8 0 4 1 0 0 1
+4 2
+1 3 1 0 0 1 0 0 1
+1 4 2 0 0 1
+1 2 1
+3 2 1 0 1 0 0 1
+4 7 6 0 1 0 0 1

fl=(26)
fn=(72)
59 90 0 60 1 0 3 1 0 3
+3 12
+18 10 5
+3 5 0 5 0 0 1 0 0 1
cfi=(22)
cfn=(62)
calls=5 -26 
* 149 24
+4 5
-4 5
+4 5
+5 5
-9 15 0 10
fi=(28)
-39 10 5 5
cfi=(27)
cfn=(74)
calls=5 +36 
* 306 57 48 6 0 2 6 0 2
fe=(26)
+39 1 0 1 1 0 0 1
fi=(28)
-39 2 1 1
cfi=(27)
cfn=(74)
calls=1 +36 
* 47 8 8 6 1 1 6 1 1
* 6
fe=(26)
+51 12
+5 6 6
+4 6 6 0 1 0 0 1
-6 6 0 6 0 0 6 0 0 6
+2 6
+4 6 6
-5 6 0 6 0 0 6 0 0 6
+4 6
+1 6
-1 6 0 6
+1 12 0 12
cfi=(29)
cfn=(82)
calls=6 210 
* 77 19 13 2 1 7 2 1 7
* 6 6
+15 6 6
-15 6 0 6
+2 6 0 6 1 0 0 1
+13 12 6
+6 1
+2 7 2 2 0 1 0 0 1
+3 2 1
-3 35 10 10 0 5 0 0 5
+3 10 5
+2 6 0 6 1 0 0 1
+4 6 0 6
+3 16
+2 12 0 8 1 0 1 1 0 1
-2 8
+2 8 0 8 0 0 3 0 0 3
-2 16
+16 12
-5 6 0 6 0 0 6 0 0 6
+5 6
-6 6 0 0 1 0 0 1
+6 6 6 0 0 1 0 0 1
-6 6 0 6
+6 12
+2 10 0 5 0 0 5 0 0 5
+3 10
-3 10
+7 20 5
+4 15
+8 1 0 1 1 0 0 1
+13 1 1
-10 2 0 1
+10 8 6
-10 10 0 5
+10 15 5
+2 5 0 5
cfi=(22)
cfn=(62)
calls=5 57 
* 173 25
+21 5 0 0 1 0 0 1
-21 15 0 5
+17 5
-13 15
+50 15 10 5
cfi=(29)
cfn=(126) mempcpy
calls=5 -48 
* 89 21 16 0 0 5 0 0 5
* 5
+5 10
+1 10 5
-1 158
+1 158 79
+4 10
+1 5 0 5
+3 5 0 5
+4 54 42 0 1 0 0 1
131 12 0 6 1 0 6 1 0 6
-8 5
-4 10 5
+34 1
+7 4 0 0 1 0 0 1
+8 20 5 0 1 0 0 1
fi=(28)
56 10 5 5 1 0 0 1
cfi=(27)
cfn=(78)
calls=5 -20 
* 150 35 35
* 5
fe=(26)
200 10
-1 10
64 2 0 0 1 0 0 1
+2 3 1 0 1 0 0 1
+1 2
+4 6 0 2
+6 2 0 0 1 0 0 1

fn=(84)
31 24 0 12 1 0 0 1
+2 6
-2 12 0 6
+2 6
-2 18 0 6
+2 6 6 6
cfi=(24)
cfn=(86) rtld_mutex_dummy
calls=6 +9 
* 18 6
+2 53 6 0 1 0 0 1
+3 80 20
+2 5 0 5
+2 5 0 5
+4 5
+4 5
-4 10 0 5
+1 10 5 5
+1 10 0 5
+3 25 20
-1 5 5
cfi=(24)
cfn=(86)
calls=5 -8 
* 15 5
-4 1
+4 1
-4 2 0 1
+1 2 1 1
+1 2 0 1
+3 5 4
-1 1 1
cfi=(24)
cfn=(86)
calls=1 -8 
* 3 1
-5 2 0 1 1 0 0 1

fl=(187) ./elf/./elf/dl-runtime.c
fn=(644) _dl_fixup
46 1507 0 822 5 0 0 3
+2 685 548 0 0 34
+1 137 137
+6 137
fi=(386) ./elf/../sysdeps/x86_64/dl-runtime.h
-27 137
fe=(187)
+21 137 137
+5 137 137 0 0 10
+1 137 137 0 0 10
-6 137 0 0 2 0 0 1
+6 274
+1 137 137 0 0 132 0 0 1
+2 137 137 0 0 12 0 0 1
-2 137
+2 137
-2 685 0 137 0 0 9 0 0 1
+7 274
+4 274 137 0 0 132 0 0 76
+4 137 137 0 1 10 0 1
-2 137
+2 274
+4 411 274 0 0 128 0 0 1
+1 548 137 0 0 9
+1 411 137 0 0 36
+8 137 137
-1 137 0 0 3 0 0 1
+1 274
+2 23 0 23
+1 23
+7 230 46 69 0 5
cfi=(78) ./elf/./elf/dl-lookup.c
cfn=(270) _dl_lookup_symbol_x
calls=23 772 
* 16776 4570 1523 79 332 65 42 52 14
* 1140 228 342 0 5
cfi=(78)
cfn=(270)
calls=114 772 
* 82236 22336 7607 30 835 78 1 157 10
* 137
+4 685 411 0 4 0 0 1
+10 1370 548 137 0 1
+15 548 137 0 3 0 0 1
+9 411 137
+26 411 137 0 0 5
fi=(6)
+75 137 0 137
fe=(187)
-71 1096 959 0 1 0 0 1
-63 92 23 23 1
fi=(225) ./elf/../sysdeps/x86_64/dl-irel.h
-68 5 0 5 2 0 0 1
cob=(2)
cfi=(89) ./string/../sysdeps/x86_64/multiarch/memset.c
cfn=(296) memset
calls=1 -3 
* 24 4 0 2 1
cob=(2)
cfi=(98) ./string/../sysdeps/x86_64/multiarch/memcmpeq.c
cfn=(320) memcpy@@GLIBC_2.14
calls=1 -3 
* 22 4 0 4
cob=(2)
cfi=(134) ./string/../sysdeps/x86_64/multiarch/memchr.c
cfn=(418) memchr
calls=1 -3 
* 23 4 0 2
cob=(2)
cfi=(121) ./string/../sysdeps/x86_64/multiarch/memcmp.c
cfn=(374) bcmp
calls=1 -3 
* 24 5 0 3 3
cob=(2)
cfi=(127) ./string/../sysdeps/x86_64/multiarch/strlen.c
cfn=(394) strlen
calls=1 -3 
* 25 5 0 0 1
fe=(187)
+93 10 0 5

fl=(64)
fn=(206) openaux
61 78 0 26
+7 13 13 0 1 0 0 1
-4 39 39
+1 13 13
-1 91 13 13
cfi=(30)
cfn=(166)
calls=13 1967 
* 29239 6106 2998 98 169 193 98 169 193
* 13 0 13
+5 39 39

fn=(202)
143 4 0 1 1 0 0 1
+1 2
-1 1
+1 1
-1 2 0 2
+1 1
-1 1 0 1
+1 1
-1 4 0 3 0 0 1 0 0 1
+1 3 0 0 1 0 0 1
-1 1 0 1
+1 7
-8 1 1 0 1 0 0 1
+8 2
-8 1
-6 1
-2 1 0 1 0 0 1 0 0 1
+16 1
-8 1
-7 1 0 1
+1 1 0 1
+6 1 0 1
+24 4 0 0 1 0 0 1
-28 3 0 1
-2 1
+31 1 1
-33 2 0 1
+2 2
+30 2
-30 1
-1 4 0 1 1 0 0 1
+7 4 1 1
+24 3
+28 3 1 1
-6 1 1
+46 1
fi=(72) ./elf/../include/scratch_buffer.h
77 1
fe=(64)
+87 1 0 1 1 0 0 1
fi=(72)
-87 1 0 1 0 0 1 0 0 1
+1 1 0 1
fe=(64)
184 1 0 1
+44 4 0 4
-31 1 1 0 1 0 0 1
-4 1 0 1
+4 8 6 0 0 1
-4 6 0 6
+4 12
+11 18 9 0 0 1 0 0 1
-18 2
+18 4 2
417 14 0 0 1 0 0 1
+2 5
+3 5
-3 15 0 10 0 0 1 0 0 1
+3 5
-3 5 0 5
fi=(28)
56 5 5 5
cfi=(27)
cfn=(78)
calls=5 -20 
* 150 35 35
fe=(64)
423 15 10 0 1 0 0 1
fi=(28)
56 5
fe=(64)
423 5
+6 5 0 5
+1 25 0 10
cfi=(29)
cfn=(82)
calls=5 210 
* 63 17 12 0 0 1 0 0 1
+1 25 0 5
cfi=(29)
cfn=(82)
calls=5 210 
* 63 17 12 0 0 3 0 0 3
+3 5 0 5
+1 10 5 5
+4 21 7 0 1 0 0 1
188 12 6
442 18 6
-1 7 7
+1 14
183 6 4
+27 20 15 0 1 0 0 1
+7 5 5
+4 5 5
-6 5 0 5 1 0 0 1
+1 5 0 5
+1 5 0 5
+1 10 5 5
+3 15 5
-2 5 0 5
-29 25 0 15 1 0 1 1 0 1
+32 300
+6 52 26 13
cfi=(30)
cfn=(204) _dl_dst_count
calls=13 +10 
* 779 154 91 6 6 1 6 6 1
* 39
+4 26 0 0 1 0 0 1
-2 13 0 13
+2 26 0 13
cfi=(50)
cfn=(160) _dl_catch_exception
calls=13 -28 
* 30383 6418 3349 99 169 197 99 169 197
+1 26 13
+9 13 13
+2 26 13 0 1 0 0 1
+5 25 0 5
+6 5 5
+2 5 0 5
-8 10 0 0 1 0 0 1
+3 5 0 5
+1 5 0 5
+1 5 0 5
+1 5 0 5
+4 5 5
-3 5 0 5
+3 15 0 5
+4 39 13
+1 27 0 9
-43 615 160
+7 26 0 0 1 0 0 1
+38 411 0 0 1 0 0 1
fi=(72)
85 3 1 0 1 0 0 1
fe=(64)
448 5 1 0 1 0 0 1
+1 1 0 1
+3 4 1 1
+11 5 1 2 1 0 0 1
fi=(28)
56 1 1 1
cfi=(27)
cfn=(78)
calls=1 -20 
* 30 7 7
fe=(64)
465 3 2
fi=(28)
56 1
fe=(64)
465 1
+5 2 1 0 1 0 0 1
+1 1 0 1
-1 3 1 1
+4 3
-2 2
+13 6 0 6
+5 6 0 6
-16 18 6
+11 6
-7 6 6
+7 6
-2 12
-5 1 1 0 1 0 0 1
+7 1
-2 2
+2 1
-11 1
+11 1 0 1 0 0 1 0 0 1
+5 1 0 1
-16 3 1
+21 3 1
+37 2 0 0 1 0 0 1
+15 2 0 0 1 0 0 1
-14 2
+20 1 1 0 1 0 0 1
-1 4 0 1
+1 4 1 1
-1 5 1 1 1 0 0 1
cfi=(13)
cfn=(232)
calls=1 298 
* 489 134 86 13 0 0 13
+5 1 0 1
+2 1 1
+1 1 0 1
+1 2 1
-2 1 0 1
+2 1
+7 3 1 0 1 0 0 1
+3 2
+3 8 7
198 46 20 0 1 0 0 1
+3 5
fi=(72)
-70 20 0 10 1 0 0 1
cfi=(71) ./malloc/./malloc/scratch_buffer_set_array_size.c
cfn=(228) __libc_scratch_buffer_set_array_size
calls=5 30 
* 125 30 20 2 0 0 2
fe=(64)
+70 15 5
+4 10 5
547 4 0 3
cfi=(29)
cfn=(82)
calls=1 210 
* 19 5 4 0 0 1 0 0 1
* 3 2
-53 2 0 0 1 0 0 1
144 2 0 1 1 0 1 1 0 1

fl=(11)
fn=(58)
153 15 0 0 1 0 0 1
-81 40 5 0 1 0 0 1
+81 15 0 10
-81 10
+10 5 5
fi=(387) ./elf/./dl-tunable-types.h
+2 5
fe=(11)
+9 40 10 0 1 0 0 1
+1 25 10
fi=(12) ./elf/./elf/dl-tunables.h
+47 10
fe=(11)
-26 25 0 5 1 0 0 1
+1 5 0 5
+1 5 0 5
+1 5 0 5
+39 15 15
fi=(12)
-15 10 0 0 1 0 0 1
fe=(11)
-45 10
+3 5
fi=(12)
+51 5
fe=(11)
-51 5
+4 10
+7 10
+1 10
-12 25

fn=(28)
387 40 0 0 2 0 0 1
+3 80
-3 40
+3 320 40 0 0 36 0 0 31
+9 37 37 0 0 14
-9 74 0 0 1 0 0 1
+19 25 0 25
+7 240 40 0 0 4
+2 40 40
-19 15 0 15
+1 15
+9 6 0 0 1 0 0 1

fn=(22) __GI___tunables_init
261 8 0 5 2 0 0 2
+22 1
-22 1 0 1
128 1
283 1
-22 1
+6 4 1
42 250 50 0 1 0 0 1
+6 49 49 0 0 17 0 0 17
-3 49
+3 4067 539 0 0 9 0 0 9
+4 98
+4 98 0 0 1 0 0 1
fi=(12)
160 49
fe=(11)
56 98
fi=(12)
161 26
-1 127 75 0 0 1 0 0 1
+1 173
-1 98
fe=(11)
281 8036
+6 14553 4018 0 1 41 0 1 41
fi=(12)
160 490 490
+1 980
-1 27 27
+1 108
-1 135 27 0 1 0 0 1
fe=(11)
304 8 7 0 1 0 0 1

fl=(71)
fn=(228)
30 65 0 20 1 0 0 1
+4 5
+1 10
+10 10 5
+18 5 0 0 1 0 0 1
-17 5
+17 25 25

fl=(163)
fn=(534) _dlfo_process_initial
474 2 0 2
+3 2
-3 6 0 2
+1 2 2
+3 4 2 0 1 0 0 1
+26 14 2 0 0 1
+1 6 2
+1 14 14
-1 28
+3 52 12 0 1 1 0 1
+3 48 12 0 0 1
-7 10 2 0 1 0 0 1
+27 2
-2 2 0 2
+2 6 6
-18 36 12 0 1 1 0 1 1
+3 12
-1 12 0 6
cfi=(164) ./elf/./dl-find_object.h
cfn=(532) _dl_find_object_from_map
calls=6 95 
* 373 101 24 0 60 4 0 8 3
+2 24

fn=(536) _dlfo_sort_mappings
536 1 0 0 1 0 0 1
+1 2
+3 4 0 0 1 0 0 1
+4 1
+1 1
-1 1 1
+1 2
-1 4
+1 4
-1 4 4
+1 18
+1 75 15
+3 5
-1 5
-3 45 0 0 1 0 0 1
+8 15 5
+1 10 5
-1 5 5
-13 10 5
+14 15 5 10
+1 10 0 10
-15 10
+17 1 1

fn=(530)
561 2 0 1 1 0 0 1
+3 1 1 0 0 1
-3 3 0 2
+5 2 1
+13 1 0 1 1 0 0 1
cfn=(534)
calls=1 474 
* 129 33 3 4 4 0 4 1
+1 1 1
-1 1
+1 1
fi=(28)
56 1 1 1
cfi=(27)
cfn=(78)
calls=1 -20 
* 30 7 7 0 1
fe=(163)
580 1 0 1
fi=(28)
56 1
fe=(163)
582 2
+3 2
+5 1 0 1 1 0 0 1
+1 1 0 1
cfn=(534)
calls=1 474 
* 526 134 33 0 60 4 0 8 3
+3 3 1
+10 4 4
-37 2 0 1 1 0 0 1
cfi=(164)
cfn=(532)
calls=1 95 
* 73 19 4 3 11 1 3
* 1
+29 2 0 1 1 0 0 1
cfn=(536)
calls=1 -60 
* 248 46 20 3 0 0 3
+3 6 3 1 1 0 0 1
+2 1

fl=(42) ./string/../sysdeps/x86_64/multiarch/../multiarch/memcmp-sse2.S
fn=(122) bcmp
59 7 0 0 1 0 0 1
+12 7
+1 7
+22 1
+1 1
+45 1 1 0 1 0 0 1
+1 1 1
+2 1
+1 1
+2 1 1
+1 1 1
+2 1
+1 1
+47 1
+1 1
+1 1
+1 1
+1 1
+1 1 1
+53 6 0 0 1 0 0 1
+2 6 6
+1 6 6
+1 6
+1 6
+1 6
+1 6
+7 6
+2 6
+2 6 6 0 1 0 0 1
+1 6 6
+1 6
+1 6
+1 6
+4 6
+8 6 6

fl=(46)
fn=(248)
97 2 0 1 1 0 0 1
+3 1
-3 3 0 2
+3 1
-3 1
+3 1
-3 1 0 1
+3 1
-3 1
+3 1 0 1
cfi=(11)
cfn=(28)
calls=1 387 
* 23 4 1 0 2 0 0 1
* 1 1
+1 4 0 1
cfi=(11)
cfn=(28)
calls=1 387 
* 23 4 1 0 2 0 0 1
+1 1
+2 1 0 0 1 0 0 1
-3 1 1
+1 2
+2 3
+3 1
+2 1 0 1
-26 3
+28 3 0 1
+1 6 5

fn=(250)
216 9 0 6 1 0 0 1
+6 4 1 1
+3 2 1
+36 3 1 0 1 0 0 1
+2 1 1
-2 1
-2 1
-40 1
-1 1
-1 1
+46 2 0 1
+23 12
+3 4
-3 20
+2 8
+6 4
-33 8 4
+20 4 0 4
-20 20 4
+2 8 4 0 1 0 0 1
+3 4 4
-1 4 4 0 1 0 0 1
+5 8 4
-5 4
+1 4
-1 4
+3 8
+2 12
+32 2 1 0 1 0 0 1
-1 1 0 1
+53 1 0 1
-52 5 0 0 1 0 0 1
+2 2 0 1
+51 8 7

fn=(224) _dl_assign_tls_modid
125 3 0 0 1 0 0 1
+16 3 3
-13 3 3
-3 9 0 3
+3 3
+55 3 0 3 1 0 0 1
-2 3
+5 3 0 3
+1 6 6

fn=(4066) _dl_deallocate_tls
636 135 0 75 2 0 1 2
+1 15 15 0 0 14 0 0 1
+3 60 15 0 0 7
+1 45
fi=(28)
50 30 30 15 0 1
cob=(2)
cfi=(204) ./malloc/./malloc/malloc.c
cfn=(1744) free
calls=15 3359 
* 60 15
fe=(46)
641 765
fi=(28)
50 510 510 255 0 74
cob=(2)
cfi=(204)
cfn=(1744)
calls=255 3359 
* 1020 255
fe=(46)
640 540 270
+4 30 15 0 0 1
+1 15 0 0 1 0 0 1
fi=(28)
50 15 15 15
cob=(2)
cfi=(204)
cfn=(1744)
calls=15 3359 
* 2075 607 354 1 14 2
fe=(46)
647 30
+2 90 90

fn=(252)
417 7 0 4 2 0 0 2
+2 1 1
+11 1 1
+1 1
fi=(28)
56 1 1 1
cfi=(27)
cfn=(78)
calls=1 -20 
* 86 16 13
fe=(46)
432 2
+8 3
fi=(28)
44 1
fe=(46)
440 2
+5 1
-5 1
+1 1 0 0 1 0 0 1
+4 304 0 297 0 0 37 0 0 37
+19 1 0 1 0 0 1 0 0 1
-99 1 1
+4 1 0 0 1 0 0 1
+1 1
fi=(28)
44 1 1 1
cfi=(27)
cfn=(74)
calls=1 +36 
* 41 8 7
fe=(46)
371 2
+3 1 0 1 0 0 1 0 0 1
+6 2 0 1
+90 7 5

fn=(528)
523 11 0 8 1 0 0 1
+1 2
+4 1 1 0 0 1
+6 1 0 0 1 0 0 1
-6 1 0 1
+6 1 1 1 0 1
cfi=(24)
cfn=(86)
calls=1 42 
* 3 1
+3 3 2 0 0 1
+12 1 1
-18 1
+42 3
-19 12 1 1 1 0 0 1
+9 12 4 0 0 1
+1 8
+6 12 8 0 1 0 0 1
+3 4 4 0 0 3
-2 4
+2 4 4 0 0 1
-2 4
+2 16 4
+4 4 4
-4 4 0 4 0 0 1 0 0 1
+4 4
-1 8
+4 8 0 0 1 0 0 1
+1 16 8 0 0 3
+2 8
+1 8 4
+17 4 4
-8 4 0 4
+8 4
+2 16 4 8
cfi=(29)
cfn=(126)
calls=4 197 
* 52 6 2 0 1 1 0 0 1
* 24 4 4
cfi=(43) ./string/../sysdeps/x86_64/multiarch/../multiarch/memset-vec-unaligned-erms.S
cfn=(130) memset
calls=4 132 
* 94 4 28 0 0 6 0 0 6
-49 4 4
+55 4 4
-55 16
+6 11 0 0 1 0 0 1
+55 2 1 1
cfi=(24)
cfn=(86)
calls=1 42 
* 3 1
+3 2 1 1
+3 9 8

fn=(3206) _dl_allocate_tls
626 190 0 133 10 0 0 2
+1 38
365 19 19
fi=(28)
44 19
fe=(46)
369 19
+1 19
fi=(28)
44 19 19 19 0 9
cob=(2)
cfi=(204)
cfn=(3208) calloc
calls=19 3699 
* 5073 893 646 14 19 104 14 0 96
fe=(46)
371 38
+9 19
-6 19 0 19
+6 38 19 19 1 0 0 1
534 38 19 19
cob=(2)
cfi=(305)
cfn=(3214)
calls=19 77 
* 836 209 114 21 18 0 7 1
+3 57 38
+12 19 19 0 0 9
+24 19 19 0 0 9
-42 19
-1 38
+24 152 19 0 1 9 0 1
+9 228 76 0 0 9
+1 152
+6 228 152 0 1 0 0 1
+3 76 76 0 0 36 0 0 1
-2 76
+6 76 76
-6 76
+2 76
+4 76
-4 228 0 76
+3 152
+4 152
+1 304 152 0 9 27 0 1 1
+2 152
+1 76 76
+19 304 76 152
-19 76
+19 76 0 76
-10 76 0 76
+10 152 0 76
cfi=(29)
cfn=(126)
calls=76 197 
* 988 114 38 2 9 19 2 0 19
* 456 152 76
cfi=(43)
cfn=(130)
calls=76 132 
* 1786 76 532 4 0 114 4 0 114
-49 76 76
+55 228 228
-55 304
+6 190 0 0 18 0 0 2
+55 38 19 19
cob=(2)
cfi=(306)
cfn=(3216)
calls=19 367 
* 703 171 95 4 0 0 4
+3 19 0 19
+2 19 19
+10 152 133

fn=(438)
1017 32 0 16 1 0 0 1
+9 4 4 0 0 2
-9 4 0 4
+6 4 4
+4 4
+4 12 4 0 1 3 0 1
+34 8
+3 8 0 4
+1 12 4 4
+3 24 24 0 1 0 0 1

fn=(146)
192 1 0 0 1 0 0 1
+2 2 1
+1 1 1
+15 2 1

fl=(54) ./io/../sysdeps/unix/sysv/linux/read_nocancel.c
fn=(174) __read_nocancel
25 5 0 0 1 0 0 1
+1 20
+1 5 5

fl=(38) ./elf/../sysdeps/x86_64/dl-hwcaps-subdirs.c
fn=(110) _dl_hwcaps_subdirs_active
29 1 0 0 1 0 0 1
fi=(19)
+2 1 1
fe=(38)
+7 1
fi=(19)
-8 4
fe=(38)
+22 1 1
fi=(19)
-20 3 1
+4 1
fe=(38)
+2 1
fi=(19)
-2 2
+3 4 1 0 1 0 0 1
+1 4 1
+5 1
fe=(38)
-7 1
fi=(19)
+7 3
fe=(38)
-2 1
fi=(19)
+5 2
+3 5 1
+2 4 0 0 1 0 0 1
+1 2
+1 2
+3 1
fe=(38)
-10 1
fi=(19)
+10 3
fe=(38)

fl=(58) ./misc/../sysdeps/unix/sysv/linux/setvmaname.c
fn=(184) __set_vma_name
33 3 0 0 1 0 0 1
+2 11 5
-2 4 0 2
+7 1
-7 2 0 1
+7 1
-7 2 0 1
+7 1
-7 1 0 0 1 0 0 1
+7 1 0 1 0 0 1 0 0 1
cfi=(11)
cfn=(28)
calls=1 387 
* 24 4 1
* 3 1
+7 1 0 1 1 0 0 1
+2 6 5

fl=(140) ./misc/../sysdeps/unix/syscall-template.S
fn=(436) mprotect
117 35 0 0 2 0 0 2
+5 7 7

fn=(574) munmap
117 5
+5 1 1

fl=(186) ./elf/../sysdeps/x86_64/dl-trampoline.h
fn=(642) _dl_runtime_resolve_xsave
71 137 0 0 2 0 0 1
+5 137 0 137
+3 137
+2 137
+10 137 137 0 0 9
+6 137 0 137 0 0 8 0 0 1
+1 137 0 137
+1 137 0 137 4 0 0 2
+1 137 0 137
+1 137 0 137
+1 137 0 137
+1 137 0 137
+4 137
+1 137
+3 137 0 137 0 0 4
+1 137 0 137
+2 137 0 137
+1 137 0 137
+1 137 0 137 3 0 0 2
+1 137 0 137
+1 137 0 137
+1 137 0 137
+2 137 0 4658 0 0 53 0 0 9
+7 137 137
+1 137 137
+1 137 0 137 0 0 7 0 0 1
cfi=(187)
cfn=(644)
calls=137 -84 
* 113120 31883 10830 142 1701 152 53 288 25
+1 137
+5 137
+1 137
+1 137 4932
+2 137 137 0 2 0 0 2
+1 137 137
+1 137 137
+1 137 137
+1 137 137
+1 137 137
+1 137 137
+2 137
+2 137 137
+4 137
+2 137

fl=(39) ./elf/./elf/dl-hwcaps_split.c
fn=(120) _dl_hwcaps_split
25 5 0 3 1 0 0 1
+1 3 1
+21 1 1 0 1 0 0 1
-20 1
+20 3 3

fn=(114) _dl_hwcaps_split_masked
51 110 0 66 1 0 1 1 0 1
-25 44 11 0 1 0 0 1
+36 5
-7 5
+7 35 35
-26 24
+5 27 0 9
cfi=(41) ./string/../sysdeps/x86_64/multiarch/../multiarch/strchr-sse2.S
cfn=(118) index
calls=9 -9 
* 216 27 0 3 0 0 3
* 9
+1 18
+3 6
+11 12 6 6
+1 18 0 6
+1 12
-2 6 3 3
+1 9 0 3
+1 6
-28 24 12 12 1 0 0 1
+4 48 12 0 0 1 0 0 1
+1 12 0 6
-1 30 6 0 1 0 0 1
+24 6 6
+9 12
-5 6 0 0 1 0 0 1
-2 6
+2 42 42
-19 6 0 3 1 0 0 1
cfi=(22)
cfn=(62)
calls=3 +14 
* 51 6
* 6

fl=(164)
fn=(532)
95 14 7 7 1 3 2 1
+1 14 7 7 1 0 0 1
+1 7 0 7 0 0 3 0 0 3
+6 35 14 0 0 6
+1 206
+1 142 71 0 1 60 0 1 8
+2 21 14 7 0 2
+5 7 7

fl=(15) ./elf/../sysdeps/x86/dl-get-cpu-features.c
fn=(550) __x86_cpu_features
71 1 0 0 1 0 0 1
-32 3 1 0 0 1
+32 2 1

fn=(34) _dl_x86_init_cpu_features
37 1 0 0 1 0 0 1
+2 3 1
+2 1
cfi=(16)
cfn=(36)
calls=1 682 
* 7344 808 485 103 19 9 103 19 9

fl=(41)
fn=(118)
32 37 0 0 1 0 0 1
+1 37
+1 37
+1 37
+1 37 0 0 1 0 0 1
+1 37
+1 37
+1 37
+1 37
+1 35 35 0 0 2 0 0 2
+1 35
+1 35
+1 35
+1 35
+1 35
+1 35
+1 35
+1 35
+1 22
+4 22
+1 22 0 0 1 0 0 1
+1 22 22
+1 22
+2 22 22
+4 13 13 0 0 1 0 0 1
+1 13
+1 13
+1 13
+1 13
+1 13
+1 13 13 0 0 1 0 0 1
+1 13
+1 13
+1 13
+1 13
+1 13 0 0 1 0 0 1
+1 13
+1 13 13
+1 13
+1 13
+1 13
+1 13
+1 13
+1 13
+1 13
+1 13
+1 13
+1 17
+5 2 0 0 1 0 0 1
+1 2
+3 2
+1 2 2 0 0 1 0 0 1
+1 2 2
+1 2 2
+1 2
+1 2 2
+1 2
+1 2
+1 2 2
+1 2
+1 2 2
+1 2 2
+1 2 0 0 1 0 0 1
+1 2 2
+1 2
+1 2
+1 2
+1 2
+2 2
+1 2
+2 2 2
+1 2
+1 2
+1 2
+1 2
+1 2
+1 2
+1 2
+2 2
+1 2
+1 2
+1 2
+1 2
+1 2
+1 2
+1 2
+1 2
+1 2
+3 2
+4 2
+1 2
+1 2 2
+1 2
+2 2 2
-9 13 0 0 1 0 0 1
+4 13
+1 13
+1 13 13
+1 13
+2 13 13
+4 2 0 0 1 0 0 1
+1 2
+1 2
+1 2
+1 2 2 0 0 1 0 0 1
+1 2
+1 2
+1 2
+1 2
+1 2
+1 2 2
+1 2
+1 2
+1 2
+1 2
+1 2 0 0 1 0 0 1
+1 2 2
+1 2
+1 2
+1 2
+1 2
+1 2
+1 2
+1 2 2
+1 2
+1 2
+1 2
+1 2
+1 2
+1 2
+1 2
+1 2
+1 2
+1 2
+1 2
+1 2
+1 2
+1 2
+1 2

fl=(168) ./elf/./elf/dl-lookup-direct.c
fn=(548) _dl_lookup_direct
74 30 0 18 1 0 0 1
+2 3 3
-2 6 0 6 1 0 0 1
+4 3 3
-4 3 0 3
+2 3
+2 9
+37 3
-37 9 6 0 0 2
+1 6
+2 12 3 3 1 0 0 1
+3 25 5 0 0 2
+2 6 3
-54 3
+54 3
-54 3 3
+54 3
-54 9 6
+1 9 0 0 1 0 0 1
+2 6 3 0 0 2 0 0 1
+1 6 3
+12 9 3 3
+3 3 3
+2 6 3 3
-2 3 3
+2 9 3 3 1 0 0 1
cfi=(32)
cfn=(94)
calls=3 +45 
* 209 28 0 0 6 0 0 5
* 6
+4 6 6
+1 3 3
-1 3 3 0 0 1
+1 18 6 0 0 1
+1 9 6 3
cfi=(32)
cfn=(94)
calls=3 +39 
* 198 27 0 0 2 0 0 1
* 6
+57 27 21
-23 6 0 0 2 0 0 2

fl=(48)
fn=(198) _dl_audit_objopen
77 5 0 0 1 0 0 1
+1 20 10

fn=(4994)
97 7 0 0 1 0 0 1
+1 28 14

fn=(570)
41 3 0 0 2 0 0 2
+4 12 3
+1 3 3 0 0 1 0 0 1
+1 15 3 0 2 0 0 2

fn=(1370) _dl_audit_preinit
118 1 0 0 1 0 0 1
+1 4 2 0 0 1

fn=(152)
29 2 0 1
+2 1 1
-2 5 0 4 1 0 0 1
+1 1 1
+1 2
+6 6 6 0 1 0 0 1

fl=(63)
fn=(200)
25 1
+2 7 0 1
+4 1 1

fl=(381) ./elf/../sysdeps/x86_64/tls_get_addr.S
fn=(5068) __tls_get_addr
29 2 0 0 1 0 0 1
+1 2 2
+1 2 2 0 0 1
+2 2 2 0 0 1
+1 2
+1 2 2 0 0 1
+3 2
+1 2 2 0 1 1 0 1
+4 2
+1 2
+1 2 2
+1 2 2

fl=(37) ./elf/./elf/dl-hwcaps.c
fn=(108) _dl_important_hwcaps
172 6 0 3 1 0 0 1
+3 1
-3 3 0 2
+3 1
-3 5 0 4 1 0 1 1 0 1
+2 1 0 1 0 0 1 0 0 1
cfi=(38)
cfn=(110)
calls=1 29 
* 49 6 0 3 0 0 3
+1 1
fi=(40) ./elf/./dl-hwcaps.h
43 1 0 1
fe=(37)
174 1 0 1
fi=(40)
45 2 0 1
+32 1 0 1
+1 1 0 1
+1 1
fe=(37)
-27 2 0 1 1 0 0 1
cfi=(39)
cfn=(114)
calls=1 -1 
* 23 8 6 2 0 1 2 0 1
* 2
fi=(40)
-9 1
+2 1 0 1
-2 1 0 1
+34 2 1 1
+1 2 1 1
+1 1 0 0 1 0 0 1
fe=(37)
-24 2 2
-1 2
+1 2
+1 2
+1 2
-5 4 0 2
cfi=(39)
cfn=(114)
calls=2 -1 
* 130 28 19 1 0 0 1
* 2 0 1
cfi=(39)
cfn=(114)
calls=1 -1 
* 125 22 15 6 1 0 6 1
* 6
+48 4 0 2
fi=(28)
-44 2 1 1
cfi=(27)
cfn=(78)
calls=1 -20 
* 30 7 7
fe=(37)
+46 2 1 0 1 0 0 1
-2 1 0 1 0 0 1 0 0 1
+2 1
+3 1 0 1
+3 1
fi=(40)
-65 1 0 1
+2 1 0 1
fe=(37)
+67 1 0 1
fi=(40)
-66 1
fe=(37)
+66 2 0 1 1 0 0 1
cfi=(39)
cfn=(120)
calls=1 -87 
* 13 5 3 2 0 0 2
* 2
fi=(40)
-69 1
+2 1 0 1
-2 1 0 1
+34 2 1 1
+1 2 1 1 1 0 0 1
+1 1
fe=(37)
+48 10 4 2 0 0 1 0 0 1
+1 4 2 2
+1 2
+1 2
-1 2 0 2
-4 4 0 2
cfi=(39)
cfn=(114)
calls=2 -74 
* 130 28 19
* 2 0 1
cfi=(39)
cfn=(114)
calls=1 -74 
* 125 22 15
* 6
+8 3 1 0 1 0 0 1
+9 5 1 1
+3 8 1 5 1 0 0 1
-2 6 0 1
+14 1
+4 1 1
+1 1 1
+1 1 0 1
-20 3
+19 1 0 1
+1 1 0 1
-20 2
+8 2 2 0 1 0 0 1
+4 2 2
-4 3
+4 2 0 1 1 0 0 1
cfi=(42)
cfn=(122)
calls=1 -96 
* 19 5 0 2 0 0 2
+1 3 1
-14 8 6
+47 1 1
-4 2 0 1 1 0 0 1
+4 2 0 1 0 0 1 0 0 1
-3 1
+7 1 1
-7 2
+7 1
fi=(28)
56 1 1 1
cfi=(27)
cfn=(78)
calls=1 -20 
* 30 7 7
* 1
fe=(37)
194 2
+8 1 1
fi=(40)
43 1 0 1 1 0 0 1
fe=(37)
201 1
80 1
fi=(40)
-35 1 0 1
fe=(37)
+35 1
202 1 1
fi=(40)
77 1 0 1
+1 1 0 1
fe=(37)
202 3 0 1
fi=(40)
79 1 0 0 1 0 0 1
fe=(37)
-2 2 0 1 1 0 0 1
cfi=(39)
cfn=(114)
calls=1 -26 
* 23 8 6
* 2
fi=(40)
-34 1
+2 1 0 1
fe=(37)
+35 2
fi=(40)
-37 1 0 1
+34 2 1 1
+1 2 1 1
+1 3 0 2
fe=(37)
+1 4 2
+7 2
-7 8 2 6 0 0 1 0 0 1
cfi=(29)
cfn=(126)
calls=2 197 
* 26 6 4 1 0 0 1
+4 2 0 2
+2 2 2
+2 2
-2 4 0 2
-9 4 0 2
cfi=(39)
cfn=(114)
calls=2 -26 
* 130 28 19
* 2 0 1 1 0 0 1
cfi=(39)
cfn=(114)
calls=1 -26 
* 125 22 15
* 6
213 2 2 0 1 0 0 1
-5 1 0 1
+1 1 0 1
-1 1 1
+5 1 0 1
+3 9 7

fl=(7)
fn=(12)
42 1 0 0 1 0 0 1
+1 2 0 1 1 0 1 1 0 1
+1 2 0 1
+1 2 0 1
+1 2 0 1
+1 1 1

fn=(134) strsep
239 11 0 0 1 0 0 1
+3 22 11 0 0 1 0 0 1
+2 11 11
+1 22
+4 30 10
-2 20
+4 486
+5 1404 468
-2 954 477
+6 18 0 9
+7 9 0 9
+4 18 9
-4 1 0 1
+4 4 2
-22 234 234 0 1 0 0 1
+15 234
-15 470

fn=(542) lookup_malloc_symbol
61 8 0 4 1 0 0 1
+3 4
-3 12 0 8
+3 4
-3 12 0 4
+3 4
-3 4
+2 4 0 4
+1 16 4 12
cfi=(78)
cfn=(270)
calls=4 772 
* 2892 882 305 0 21 0 0 3
+4 28 16 0 1 0 0 1
+1 28 12
+2 4 0 4
fi=(166) ./elf/./dl-sym-post.h
-30 8
+12 12 4
fe=(7)
+19 24 20

fn=(538)
76 2 0 1 1 0 0 1
+10 1
fi=(165) ./elf/../sysdeps/generic/dl-hash.h
-41 1
-1 1
fe=(7)
+32 8 0 5
+11 1 0 1
-1 1 0 1 1 0 0 1
fi=(165)
-43 1
+5 3
+14 4
-17 3 1 0 0 1 0 0 1
+3 15
+14 20
-17 15 5
fe=(7)
+46 2
fi=(165)
-24 1
fe=(7)
+22 1 0 1
+2 2 0 0 1 0 0 1
fi=(165)
-19 1 0 1
fe=(7)
+19 1 0 1
cfn=(542)
calls=1 -30 
* 739 235 87 2 9 0 2 1
+1 3
-1 1
+1 1 0 1
cfn=(542)
calls=1 -31 
* 776 238 87 0 3
+1 3
-1 1
+1 1 0 1
cfn=(542)
calls=1 -32 
* 837 243 87 0 5 0 0 2
+1 3 0 0 1 0 0 1
-1 1
+1 1 0 1
cfn=(542)
calls=1 -33 
* 712 222 80 0 4
+5 1 0 1
+1 1 0 1
+1 1 0 1
+1 1 0 1
+1 8 7

fl=(377)
fn=(4968)
24 56 0 28 1 0 0 1
+4 14 7
+6 7 7 0 0 7 0 0 5
-2 7 0 7 1 0 0 1
+3 14
+3 5 5 0 0 5 0 0 1
+1 5 5 0 0 1
-1 5 5
+1 10 5
+3 20
+1 5 5 5 0 5 0 0 1
cob=(6) /usr/lib/x86_64-linux-gnu/libgcc_s.so.1
cfi=(183) ???
cfn=(5112) 0x0000000000004940
calls=1 -43 
* 42 14 12 3 1 0 2
cob=(3) /usr/lib/x86_64-linux-gnu/libm.so.6
cfi=(184) ???
cfn=(5094) 0x00000000000104a0
calls=1 -43 
* 152 37 17 5 2 0 2
cob=(7) /usr/lib/x86_64-linux-gnu/libstdc++.so.6.0.33
cfi=(185) ???
cfn=(5014) 0x00000000000b7aa0
calls=1 -43 
* 6826 2334 1107 63 158 13 40 25
cob=(5) /usr/libexec/valgrind/vgpreload_core-amd64-linux.so
cfi=(178) ???
cfn=(4996) 0x00000000000010d0
calls=1 -43 
* 152 37 17 5 2 0 4
cob=(8) /home/ray847/projects/DataStructures/PJ/debug/main
cfi=(211) ???
cfn=(4970) 0x0000000000008020
calls=1 -43 
* 152 37 17 12 10 1 8 2 1
* 1 1 1
cob=(6)
cfi=(183)
cfn=(5124) 0x0000000000005ad0
calls=1 -43 
* 152 37 17 5 2 0 2
-1 24
+5 7 7 0 1 7 0 1 5
+1 14
+1 10 10 0 0 4
+1 25 20
-1 5
cob=(4) ???
cfi=(175) ???
cfn=(5140) 0x0000000004be0748
calls=1 -49 
* 4 1 0 1 0 0 1
cob=(4)
cfi=(175)
cfn=(5110) 0x0000000004b5e3a8
calls=1 -49 
* 4 1 0 1 0 0 1
cob=(4)
cfi=(175)
cfn=(5092) 0x0000000004a36ce4
calls=1 -49 
* 4 1 0 1 0 0 1
cob=(4)
cfi=(175)
cfn=(5012) 0x000000000483d294
calls=1 -49 
* 4 1 0 1 0 0 1
cob=(4)
cfi=(175)
cfn=(4992) 0x00000000001d2ab4
calls=1 -49 
* 4 1 0 2 0 0 2
+1 12 10

fl=(73)
fn=(240)
392 7 0 5 1 0 0 1
+4 5
-2 1
+4 42 7 7 1 0 0 1
cfn=(242) _dl_check_map_versions
calls=7 155 
* 28633 8787 1733 53 134 78 53 130 77
-2 7 7
+2 21
-1 7
-1 14
+5 7 6

fn=(242)
155 70 0 42
+15 21 7
+2 35 14 0 1 0 0 1
+2 7 7 0 0 1
+1 7 7
+2 14
+3 10 10
-16 10 0 5
+20 5 5 0 0 5 0 0 5
-4 5 0 0 1 0 0 1
-24 5 0 5
+28 35 0 25
+16 10 10 0 1 0 0 1
36 5
200 5
36 35 10
200 16 16
36 8
200 8
36 56 16
+1 60 60
-1 120
+2 219 0 73 1 0 0 1
cfi=(52) ./elf/./elf/dl-misc.c
cfn=(168) _dl_name_match_p
calls=73 +30 
* 7050 1586 369 3 0 0 3
* 159
208 39 13
+5 13 13 0 0 4 0 0 4
fi=(388) ./elf/../sysdeps/generic/_itoa.h
76 39 13 26
fe=(73)
213 26
+4 26 26 0 1 3 0 1 3
+1 26 26
-1 26 0 13
+4 13 13
-3 13 13
+3 13 0 13
-3 39 26
-1 100 100 0 0 12 0 0 12
+1 100 100
-1 100 0 50
+4 50 50
-3 50 50
+3 50 0 50
-3 270 148 0 1 0 0 1
56 252 189
+8 189 63
+6 189 63 0 1 0 0 1
+16 63 63 0 0 1
+1 126
+2 63 63
+5 441 63 189 0 5 0 0 5
+14 2270 1135 0 0 14 0 0 14
+12 3216 1072 0 1 14 0 1 14
+4 1072
-30 2144 1072 0 0 30 0 0 30
231 252 63
+3 189 63
+5 50
-24 50
110 63 63 0 1 1 0 1 1
+3 315 126 126 1 1 0 1 1
cfi=(32)
cfn=(94)
calls=63 -15 
* 2434 477 0 23 31 0 23 31
* 189 63
224 189 126
+1 3 1 1
cfi=(32)
cfn=(94)
calls=1 98 
* 71 9 0 0 2 0 0 2
* 2
+3 28 13 14 1 0 0 1
+15 39 13
+5 8
-50 8
+59 25 15 0 2 0 0 2
+3 10 10
+3 35 10 5
+3 20 5
+4 5
-7 20 5
+3 15 5
+4 124
-7 496 124 0 0 6 0 0 6
+3 377 124 5 0 2 0 0 2
+8 15 5
+6 12 6 6 1 0 0 1
fi=(28)
44 6
fe=(73)
280 12
fi=(28)
44 6 6 6
cfi=(27)
cfn=(74)
calls=6 +36 
* 301 56 48
fe=(73)
281 12 6
-2 6 0 6 0 0 1
fi=(28)
44 6 0 0 1 0 0 1
fe=(73)
281 6
+13 6 6 0 0 1
-3 6 0 6
+3 24 12 6 0 1
+2 12
+3 20 10 0 1 0 0 1
+4 39 13
+7 63
+1 63
-1 189 63
+1 63 0 63 0 0 23 0 0 23
+1 63 63
-2 63 0 63
+2 126 0 63 0 0 3 0 0 3
+1 189 63 63 0 0 1 0 0 1
+3 189 63
+5 50
-15 50 50
+2 50
-2 50
+2 50
-2 50
+2 100
-2 13 13 0 1 0 0 1
+2 13
-2 13
+2 13
-2 13
+2 26
+16 39 13
+5 8 0 0 1 0 0 1
-28 8
+33 10
+3 10 5
+4 129 129
+6 129 129
+1 129 129
+1 129 129
-1 387
+1 129
-1 129 0 129 0 0 33 0 0 33
+1 129 0 129
+1 129 0 129 0 0 17 0 0 17
+3 387 129
+4 129
-14 268 134
+10 15 5
+12 10
+1 10 5 0 1 0 0 1
+1 10 5
+1 4 2
+19 63 56 0 1 0 0 1
164 2 0 2 1 0 0 1
-8 2 0 2
257 5
+17 3 1 0 1 0 0 1
+60 2
-40 2 1
+76 4 3 0 1 0 0 1
+2 4 2
+4 2
-4 120 30
+1 60 0 0 1 0 0 1
+2 1 1
+1 2
-1 1
+1 1 0 1
cfi=(32)
cfn=(244)
calls=1 98 
* 32 7 0 3 0 0 3
* 2

fl=(78)
fn=(270)
772 12414 0 8276 3 0 10 3 0 2
+3 2069
-3 6207 0 4138
+3 2069
-3 8276 0 6207 3 0 20 3 0 2
fi=(79) ./elf/../sysdeps/generic/dl-new-hash.h
74 2069 2069 0 0 1050 0 0 856
+3 4138
-8 2069
+1 4138
+10 2069 2069 0 0 19 0 0 19
+1 4138
-1 41194 41194 0 0 493 0 0 438
+1 82388
+20 42235
-2 42235
+6 42235
-3 84470
+2 42235 0 0 5 0 0 3
-30 42235 42235 0 0 523 0 0 478
+3 84470
fe=(78)
774 2069
+1 2069
+3 2069 0 2069 0 0 10
-4 2069 0 2069 0 0 1
+1 2069 0 2069
+7 8238 2050
+5 2069 2069
-2 2069 2069
+2 2069 2069 0 0 13
-2 2069 0 0 5 0 0 2
+6 29046 16 6207
+1 28966 14483 14483 3 0 16 2 0 2
cfn=(274) do_lookup_x
calls=2069 347 
* 757857 252993 88608 155 5131 136 100 1455 58
* 6207 0 0 2 0 0 1
+28 2069 2069
-23 6207 4138
+23 2069
-23 4138
+24 12302 2049
+7 2053 2053
-7 2053
+35 8212 2053 0 4 0 0 2
+34 8212 2053
-20 6159 2053 0 0 25 0 0 1
+3 4106 2053
-57 2069 0 2069
+76 18621 14483 0 4 0 0 2
fi=(79)
87 1028 0 0 2 0 0 2
+1 1028
+1 2056
+1 1028
fe=(78)
871 2 0 1 1 0 0 1
-72 96 16 0 1 0 0 1
+18 48 0 0 1 0 0 1
+11 64 0 0 1 0 0 1

fn=(276) check_match
70 30930 4124 12372 2 212 34 2 123 9
+3 12362 4124 0 3 264 0 3 193
+13 2057
-13 2057
+13 2057
-13 2057
+13 6171
+3 5010 448 224
cfi=(32)
cfn=(94)
calls=224 +9 
* 15463 2350 0 60 268 0 27 172
* 448 0 0 1 0 0 1
+4 2057 2057 0 2 15 0 1
+1 4114
+2 4108
+19 4108 4108 0 0 164 0 0 31
+1 16432 6162 0 4 41 0 3
+2 12 6
+1 4
+42 2052
+1 16496 14434
-18 6
+2 6 6 0 0 3 0 0 1
+1 3
-1 6
+1 9
-1 6
+4 2
+1 7 3 1
+2 3 1 1
-75 10
+39 6144 4096 2048 7 14 0 6
cfi=(32)
cfn=(94)
calls=2048 -19 
* 53978 14365 0 18 129 0 6 5
* 4096
-44 20
+5 10

fn=(274)
347 18621 0 14483 7 0 13 5 0 2
+1 2069 2069 0 0 10
-1 8276 4138 4138 0 0 14 0 0 2
+6 2069
-6 2069 0 2069
+65 2069
-58 2069 2069
+11 2069 2069
+50 2069 0 2069
-3 4138 0 2069
+3 4138
-50 2069
+50 8276 2069 2069 5 0 0 3
-19 20295 6765 0 0 47
+8 6765 6765 0 0 57 0 0 1
-4 6765 0 6765
+1 6765 0 6765
+3 27060 13530 0 0 56 0 0 1
+1 13530 13530 0 2 9 0 2
+3 6765 6765
-3 6765
+4 13530
+4 13530 13530
-2 6765 6765 0 0 807 0 0 146
+5 27060 13530
+3 47355 6765
+99 14151
358 13540 13540 0 1 57 0 1
+3 13540
+4 13570 15
+21 13530 6765 0 2 49 0 2
+4 13530 6765 0 0 7
+71 16416 12312 0 3 0 0 2
fi=(4)
139 4104 2052
+1 6156
fe=(78)
476 4104 0 0 1 0 0 1
fi=(4)
139 2 1
+1 3
fe=(78)
476 2
fi=(80) ./elf/../sysdeps/generic/dl-protected.h
29 8212
fe=(78)
483 10956 2053
+16 3942 1971 1971
+1 1971 0 1971
+22 1971
-21 1971
+21 13879 13797
-21 82
+21 574 574
-99 6690 2230 0 1 0 0 1
-1 4460 4460 0 0 1063 0 0 206
+2 4460
+2 2177 2177
+6 8708 2177 4354 1 0 0 1
-6 2177
+6 15239 0 10885 0 0 15 0 0 4
+7 10044
-10 27000 5400 0 3 1732 0 2 499
+2 2062
+1 6186 2062
-1 2062 2062
+1 4124 4124 2062 0 0 2 0 0 1
-1 2062
+1 2062 0 2062
+1 2062
-1 2062 0 2062
+1 2062
-1 14434 6186 6186 2 0 21 2 0 5
cfn=(276)
calls=2062 70 
* 192301 56284 14646 97 1110 34 49 525 9
+4 6186
+3 20 10
+31 1001 876 0 4 0 0 4
+2 2
+50 16
-1 16
+1 112 112 0 1 0 0 1
222 82 82
+2 82
-2 246 82 164
+2 82
-2 82 0 82
+2 82
-2 82 0 82 1 0 0 1
+2 246 0 82
+2 82
-2 246 82 164 0 2
cfi=(24)
cfn=(86)
calls=82 42 
* 246 82
+2 82 82 0 0 2 0 0 1
+2 82 82
-1 82 82
+1 246 82
+2 162 0 0 1 0 0 1
+1 81
-1 567 0 324
+1 81
-1 162
+1 162
-1 162 0 81
+1 162 0 0 1 0 0 1
-1 1640 127
+24 352
+3 95
+1 285
-23 176 176 0 1 56 0 1 23
-1 352 176
487 3978 1326 0 4 4 0 3
+4 1 0 1 1 0 0 1
fi=(28)
44 4 1 2
cfi=(27)
cfn=(74)
calls=1 +36 
* 41 8 7 0 1
* 1
fe=(78)
302 2 0 0 1 0 0 1
-72 1
+70 2 2
+5 1 0 1
+2 1 1
-7 1
+6 1 0 1
+1 1 0 1
170 12 0 0 1 0 0 1
+1 9 0 0 1 0 0 1
311 6 2
-1 2
+1 486 162
-1 162
+19 246 164 82 1 0 0 1
+2 82 82
-2 328 0 82
+2 82 82 82
cfi=(24)
cfn=(86)
calls=82 42 
* 246 82
+2 164 164
+1 82 0 82
-1 82 0 82
+1 82
176 518 0 0 1 0 0 1
-2 84
+1 252
-3 332 166 0 1 2 0 1 2
+7 82 0 82
+1 82 0 82
+1 82 0 82 0 0 13 0 0 11
+1 82 0 82
318 328 82
-56 1377 648 0 2 0 0 2
+7 10 0 8 1 0 0 1
cfi=(52)
cfn=(524) _dl_higher_prime_number
calls=2 87 
* 159 14 0 1 4 0 1 2
fi=(28)
44 2
fe=(78)
269 2
fi=(28)
44 4 2 2
cfi=(27)
cfn=(74)
calls=2 +36 
* 82 16 14 0 1
* 2 0 2
fe=(78)
272 4
171 4 2
279 2 2
171 4 0 2
279 296 4 2 1 0 0 1
+1 276 92 0 0 5 0 0 2
+1 140 70 0 1 0 0 1
170 70
281 140 140 0 0 2
170 70
281 70
170 70
+1 70
-1 70
+1 210 70
+1 440
+2 14
+1 42
-3 168 84 0 0 48 0 0 47
+7 70 0 70
+3 70 0 70 0 0 24 0 0 24
-2 70 0 70
+3 70
+76 322 0 0 1 0 0 1
-83 12 2 0 1 0 0 1
285 10 4 4 1 0 0 1
+2 2
-2 10 2 2
cfi=(27)
cfn=(142) __minimal_free
calls=2 97 
* 10 4
170 2
288 2 2
-2 2 0 2
+3 4 4
-1 2 0 2 1 0 0 1
+1 4 2 2
170 4 2
+1 2 2
-1 2
+1 8 2

fl=(169)
fn=(552)
27 1 0 0 1 0 0 1
+2 2
-2 1 0 1
+6 3
-6 3 0 1
+6 1
-6 2 0 1
+6 1 0 1
cfi=(168)
cfn=(548)
calls=1 +41 
* 225 50 14 0 10 0 0 5
+4 2
+2 3 2 0 1 0 0 1
+2 1 1
-1 1
-1 1 1
+2 2 2
-1 1
cob=(2)
cfi=(170) ./elf/./elf/libc_early_init.c
cfn=(554) __libc_early_init
calls=1 -7 
* 353 75 38 14 23 5 14 7 5

fl=(177) ./elf/./elf/dl-init.c
fn=(586) call_init.part.0
26 84 0 42 2 0 0 2
+17 7 7
+3 7 7 0 0 1
-3 14 0 7
+3 14 7 0 0 7
+5 12 6
+8 18 6 0 1 6 0 1
+1 24 8 4 0 4
cob=(4)
cfi=(175)
cfn=(630) 0x00000000048ef000
calls=1 -60 
* 7 2 0 1 1 0 1
cob=(4)
cfi=(175)
cfn=(620) 0x0000000004ae0000
calls=1 -60 
* 7 2 0 1 1 0 1
cob=(4)
cfi=(175)
cfn=(608) 0x0000000004bbd000
calls=1 -60 
* 7 2 0 1 1 0 1
cob=(4)
cfi=(175)
cfn=(588) 0x000000000483d000
calls=1 -60 
* 7 2 0 1 1 0 1
+3 6 6 0 0 5
+1 12
+6 10 10 0 0 4
+2 10 10
-2 5
+3 48 0 0 1 0 0 1
+1 72 18 18 0 3
cob=(7)
cfi=(185)
cfn=(1302) 0x00000000000b7a10
calls=1 -74 
* 83 17 18
cob=(7)
cfi=(185)
cfn=(1296) 0x00000000000b79b0
calls=1 -74 
* 255 53 58 2 0 2 2 0 2
cob=(7)
cfi=(185)
cfn=(1270) 0x00000000000b78f0
calls=1 -74 
* 50 25 12 3 4 0 3 1
cob=(7)
cfi=(185)
cfn=(1244) 0x00000000000b7830
calls=1 -74 
* 50 25 12 3 7 0 3 1
cob=(7)
cfi=(185)
cfn=(1226) 0x00000000000b77b0
calls=1 -74 
* 34 17 8 2 4 0 2 1
cob=(7)
cfi=(185)
cfn=(1208) 0x00000000000b7730
calls=1 -74 
* 34 17 8 2 2 0 2 1
cob=(7)
cfi=(185)
cfn=(1204) 0x00000000000b76e0
calls=1 -74 
* 173 36 39 1 0 1 1 0 1
cob=(7)
cfi=(185)
cfn=(1202) 0x00000000000b76c0
calls=1 -74 
* 83 17 18 1 0 0 1
cob=(7)
cfi=(185)
cfn=(1200) 0x00000000000b76a0
calls=1 -74 
* 83 17 18 0 0 1 0 0 1
cob=(7)
cfi=(185)
cfn=(1198) 0x00000000000b7530
calls=1 -74 
* 48 11 28 6 4 6 6 4 6
cob=(7)
cfi=(185)
cfn=(1172) 0x00000000000b7400
calls=1 -74 
* 78 7 36 3 1 4 3
cob=(7)
cfi=(185)
cfn=(1116) 0x00000000000b71e0
calls=1 -74 
* 4271 982 640 86 103 48 83 20 45
cob=(7)
cfi=(185)
cfn=(1106) 0x00000000000b71c0
calls=1 -74 
* 758 254 132 3 6 0 3
cob=(7)
cfi=(185)
cfn=(1104) 0x00000000000b71b0
calls=1 -74 
* 3 1 1 0 0 1
cob=(7)
cfi=(185)
cfn=(1090) 0x00000000000b7120
calls=1 -74 
* 948 293 177 4 10 2 4 2 1
cob=(7)
cfi=(185)
cfn=(1084) 0x00000000000b7ae0
calls=1 -74 
* 12 1 0 3 0 0 3
cob=(6)
cfi=(183)
cfn=(614) 0x0000000000005b10
calls=1 -74 
* 12 1 0 3 0 0 3
cob=(2)
cfi=(182) ./libio/./libio/vtables.c
cfn=(606) check_stdfiles_vtables
calls=1 545 
* 12 7 0 2 4 0 2
* 20 5 5 0 3
cob=(7)
cfi=(185)
cfn=(634) 0x00000000000b74f0
calls=1 -74 
* 85756 25734 12189 422 542 161 422 113 122
cob=(3)
cfi=(184)
cfn=(624) 0x00000000000104e0
calls=1 -74 
* 12 1 0 3 0 0 3
cob=(6)
cfi=(183)
cfn=(612) __cpu_indicator_init
calls=1 -74 
* 364 17 45 40 2 0 40 1
cob=(2)
cfi=(179) ./csu/./csu/init-first.c
cfn=(598) _init_first
calls=1 -28 
* 76 19 11 9 5 3 9 1 1
cob=(5)
cfi=(178)
cfn=(592) 0x0000000000001110
calls=1 -74 
* 12 1 0 3 0 0 3
-1 69
+3 56 49 0 0 1
-29 2 0 0 1 0 0 1

fn=(584) _dl_init
81 13 0 6 1 0 0 1
+1 1 1 0 0 1
+1 1 1
+3 3 1
+8 2 0 0 1 0 0 1
+25 1 1
+1 8
+1 14 14 0 0 4
-92 14 7
+6 21 7 0 1 0 0 1
+2 32
+83 12 0 6
cfn=(586)
calls=6 -94 
* 93648 27677 13517 602 726 229 599 145 179
* 12
+7 8 7 0 0 1
-98 2 1 0 1 0 0 1
+60 2 0 1
-54 3 1
+2 7 0 2 1 0 1 1
cfn=(586)
calls=1 -11 
* 77 23 9 8 6 0 8
* 2 1

fl=(30)
fn=(88)
868 6 0 0 1 0 0 1
+8 6 6
-8 12
+8 6
-6 6 6
+12 12
-13 6 6
+13 6
-13 6 6
+13 12
+3 18 6 0 1 5 0 1 5
+1 12 6
+1 12 6
+3 18 6
+1 18 0 0 1 0 0 1
+4 6
+1 12
+22 6
+2 6
-2 12
+2 18
-20 18 9 0 1 1 0 1 1
+1 9 9
+3 18
+3 9
+1 36
fi=(31)
95 36 0 0 1 0 0 1
+7 18
+16 9 9 0 0 2 0 0 2
-3 18
254 12
+1 6 0 6
+2 24 6 6
+3 6
-8 6 0 0 1 0 0 1
+5 3 3
-4 3 0 3
+4 9 0 3
+3 3 3
-2 3 3
fe=(30)

fn=(176) _dl_map_object_from_fd
944 50 0 30 1 0 0 1
+15 5 5
-15 10 0 10 1 0 2 1 0 2
+15 5
-15 10 0 10
+15 10 0 5
+77 20 5 5 1 0 0 1
+10 10 5
+7 35 25 5
cfi=(26)
cfn=(72)
calls=5 59 
* 1926 398 291 9 5 40 9 5 40
* 5 0 0 1 0 0 1
+1 10
+11 5 5
+5 5 5
-4 5 5
-1 5 0 5 0 0 5 0 0 5
+2 5 5
+2 5
-2 5 0 5
+2 10
+1 15 5 0 1 0 0 1
+1 8 0 4
+19 8 4
-2 4 0 4
+2 42 1 0 1 0 0 1
-2 1 0 1
+2 55 0 10 1 0 0 1
+10 5 5
-10 5
+10 15
+27 5 5
-33 5
-3 5
+2 5 0 5
-1 5 0 5
+35 5
+9 5 0 0 1 0 0 1
-50 5 0 5
+41 5 0 5
+9 5
-36 5 5
+63 25 0 20
-62 200 0 0 1 0 0 1
+26 140 60 0 0 2 0 0 2
+8 40 20 0 1 0 0 1
+1 20
-1 20
+1 80
+1 20 20
-1 20 0 20 0 0 4 0 0 4
+1 20
+2 20 20 0 0 1 0 0 1
-2 20
+2 20 0 20 0 0 4 0 0 4
+2 20 20 0 0 1 0 0 1
-4 20
+1 20 0 20
+3 20
-4 20 0 20 1 0 0 1
+4 100
+2 40 0 20 0 0 4 0 0 4
+13 40
+1 75 30 15
+5 15
+1 135 30 15
-28 30
-35 45
+62 5
+1 45 10 5
-28 10
-35 120
+1 307 60 0 2 12 0 2 12
1213 5 5 0 0 1 0 0 1
1100 5
1213 10 5 5 0 0 2 0 0 2
1100 15
1218 35 25 0 1 0 0 1
+10 15
+1 5
-1 5
+1 5 0 5
-1 15 0 0 1 0 0 1
+1 15
-1 15
+1 15 0 15
-1 45
1066 10 0 5
1235 10
+10 20 10
+7 20 10 0 1 0 0 1
fi=(59) ./elf/./dl-map-segments.h
28 5 5
fe=(30)
1252 15 5 5
fi=(59)
28 10
+1 40 15 10 1 0 1 1 0 1
cfi=(57)
cfn=(182)
calls=5 +18 
* 140 25 15
+73 10 5
-1 5 0 5
-72 5
+73 5
+3 10 5
+1 5
+2 5 5 0 1 0 0 1
-3 5 0 5
+1 5 0 5
+2 5
+17 5 0 5 1 0 0 1
-44 5 5
fi=(60) ./elf/./dl-load.h
+10 40 20
fi=(59)
+58 80 40
+6 5 5 0 1 0 0 1
+2 5 5
-2 5
+1 5
+2 10
-1 10
+3 10
+5 10
+3 15 5
+8 30 0 10
cfi=(43)
cfn=(130)
calls=5 -44 
* 763 5 400 0 0 101 0 0 101
* 5 5
+6 10
+12 20 0 0 1 0 0 1
-59 120 20 0 1 0 0 1
+2 60 30
+2 120 60 15
cfi=(57)
cfn=(182)
calls=15 -92 
* 315 60 45
* 30
fe=(30)
1264 5 0 0 1 0 0 1
fi=(56) ./elf/../sysdeps/posix/dl-fileid.h
37 10 0 5 0 0 1 0 0 1
cfi=(55)
cfn=(178)
calls=5 -7 
* 30 5 0 2 0 0 2
* 10
fe=(30)
989 10 5 0 1 0 0 1
fi=(56)
40 15 15
fe=(30)
989 5
fi=(56)
40 5 0 5
fe=(30)
989 80 25
+1 40 20 0 1 0 0 1
fi=(56)
49 60 30 0 0 1 0 0 1
fe=(30)
1519 45 35 0 1 0 0 1
1074 13 0 0 1 0 0 1
+1 2 1
-1 1
+1 1
-1 1 0 1
+1 1 0 1 0 0 1 0 0 1
cfi=(70) ./io/../sysdeps/unix/sysv/linux/pread64_nocancel.c
cfn=(226) __pread64_nocancel
calls=1 25 
* 7 1
* 2
+46 2 1 1
+1 1
-15 10 5 0 1 2 0 1 2
+7 5 5
+2 5 5 0 1 0 0 1
-2 5 0 5
+1 5 5
+1 5
-1 10 0 5
+1 40 5 5
+60 9 3 0 1 0 0 1
+5 3 3 0 0 1 0 0 1
-1 6
+5 3
-5 6 0 3 0 0 3 0 0 3
-66 3 3
+71 12 0 3 0 0 3 0 0 3
+1 3 3 0 1 0 0 1
+3 3 0 3
-3 3 0 3
+8 12 3
+15 10 5 5 1 0 0 1
+1 5
1008 10 5 0 1 0 0 1
1268 20 10 0 1 0 0 1
+1 15 5 5
fi=(61) ./elf/./elf/get-dynamic-info.h
39 10
+6 5 5 0 0 5 0 0 5
-2 5
+11 5 0 0 1 0 0 1
+1 5
-10 10
+8 6
+15 6 0 6 0 0 4 0 0 4
-23 24 6 0 0 1 0 0 1
+23 132 0 132 0 0 29 0 0 29
-23 528 132 0 0 33 0 0 33
+4 276
+3 37
-1 74 0 0 1 0 0 1
+3 124
+1 104
+1 25 0 0 1 0 0 1
+16 20 5
+12 17 5 2 1 0 0 1
+1 20 5 5
+1 20 5 5
+1 20 5 5
+1 17 5 2 0 3 0 0 3
+1 19 5 4 1 1 0 1 1
+1 19 5 4 0 1 0 0 1
+1 20 5 5
+12 5 5
+7 5 5
-7 35 5 5 1 0 0 1
+7 11
+5 8 4
+7 8 4
+1 15 10 0 1 0 0 1
+6 15 5
+1 6 4
+17 15 5
+5 4 2 2
+2 4
+2 4
+2 4
+4 15 5 0 1 0 0 1
+2 9 3 3 1 0 0 1
+1 6
+9 6 3
+6 6
+4 10 5
fe=(30)
1275 10
+1 10 0 0 1 0 0 1
+2 10
+10 15 5
+19 15 5 5
+2 30 10 0 1 0 0 1
+52 15 5 0 0 2 0 0 2
+1 6 3 3
+6 45 10 0 1 0 0 1
+1 100
+6 20 0 5
cfn=(88)
calls=5 868 
* 372 73 14 0 7 0 0 7
-7 125 5
+1 60 60 0 1 50 0 1 50
+6 60
-6 120
fi=(31)
149 20 10
fe=(30)
1380 10 5 5 1 0 0 1
cfi=(62) ./io/../sysdeps/unix/sysv/linux/close_nocancel.c
cfn=(194) __GI___close_nocancel
calls=5 25 
* 30 5 0 1 0 0 1
* 10
+13 10 5 0 1 0 0 1
+2 20 10 5
+2 10 5
+16 10 0 5
cfi=(8)
cfn=(14)
calls=5 25 
* 135 40 30 0 4 0 0 4
+4 10 5
+1 10 5 0 1 0 0 1
+17 10 5
+1 1 0 1
+3 1 1
+5 1 1
-5 1 0 1
+5 1
-5 4 4
+5 4 4
-5 4 0 4
+5 4
+5 10 5
+12 40 15 0 1 0 0 1
+10 10 5
+1 12 3
+5 6 0 3
cfi=(46)
cfn=(224)
calls=3 125 
* 36 12 9 2 0 0 2
+7 15 5 5 1 0 0 1
cfi=(26)
cfn=(84)
calls=5 31 
* 295 70 50
+3 10 5
+4 10 5 5
cfi=(45)
cfn=(196)
calls=5 38 
* 35 10 0 1 0 0 1
* 5
+1 15 5
+22 35 15 0 1 0 0 1
+1 15 5 5 1 0 0 1
cfi=(48)
cfn=(198)
calls=5 77 
* 25 10 0 1 0 0 1
* 5
fi=(60)
92 16 8 0 1 0 0 1
+2 4 4
-1 4 4
+1 4
-1 4
+1 4
-1 4 0 0 1 0 0 1
+1 4
-1 8
+3 16 0 4
fi=(61)
-37 20 0 0 1 0 0 1
+3 20
+2 20
181 6 2 2
-22 4 0 2
fe=(30)
1510 10 0 0 1 0 0 1
1074 2 0 1 1 0 0 1
fi=(59)
186 16 2 2 2 0 0 2
cfi=(57)
cfn=(182)
calls=2 47 
* 42 8 6
+3 4
fe=(30)
1462 15 5 0 1 0 0 1
+2 4 4
-1 20 12
+1 4
-1 4
+1 4
-1 4 0 4
cfi=(32)
cfn=(94)
calls=4 98 
* 120 27 0 2 5 0 2 5
* 8
+2 5 1 1
1275 4 2 0 1 0 0 1

fn=(136) expand_dynamic_string_token
385 90 0 60 1 0 1 1 0 1
241 20
385 10
241 10 0 10
cfi=(41)
cfn=(118)
calls=10 32 
* 456 57 0 2 0 0 2
+3 20
410 10
-11 10
+11 60 60 0 1 0 0 1
-11 10
cfi=(44)
cfn=(138)
calls=10 40 
* 940 189 142 2 0 5 2 0 5

fn=(106)
706 11 0 7 2 0 0 2
+14 1
-14 2 0 1
+14 2 0 1
cfi=(37)
cfn=(108)
calls=1 172 
* 1244 255 222 34 1 7 34 1 7
fi=(28)
56 1
fe=(30)
720 1 0 1 0 0 1 0 0 1
fi=(28)
56 1 1 1
cfi=(27)
cfn=(78)
calls=1 -20 
* 30 7 7
fe=(30)
725 1 0 1
+2 3 0 0 1 0 0 1
+8 2 1
-1 3
+5 3
fi=(28)
56 1 1 1
cfi=(27)
cfn=(78)
calls=1 -20 
* 30 7 7
fe=(30)
739 1 0 1 0 0 1 0 0 1
+2 4 2 0 1 0 0 1
+7 1 0 1
+8 1
+2 1
+12 2
-23 1 0 1
+9 1 0 1 1 0 0 1
+11 1 1
-4 1
-5 1 0 1
+3 2 0 1 0 0 1 0 0 1
+7 2 0 1
+2 2
-11 1 0 1
+11 3 0 1 1 0 0 1
-8 1 0 1
+4 1
+1 3 0 1
+1 16 4 4
cfi=(43)
cfn=(130)
calls=4 132 
* 56 4 8 3 0 1 3 0 1
+2 15 3
-14 3
+10 3
+4 9 3 3 1 0 0 1
-12 3
-2 3 0 3
+2 3 0 3 0 0 2 0 0 2
+4 3 3 0 0 1 0 0 1
-3 3 0 3
+3 3 0 3 0 0 1 0 0 1
+1 3
-2 3 0 3
+5 9 3 0 0 1 0 0 1
+1 6 0 0 1 0 0 1
+3 1 0 1
+15 1
-8 1 0 1
+5 1 1
-6 1 0 1
+9 2
+2 4 1 0 1 0 0 1
+2 3 1
+36 5 2 0 1 0 0 1
+2 2 0 1 1 0 0 1
cfi=(22)
cfn=(62)
calls=1 57 
* 79 21 0 5 2 0 5 2
* 9
-19 1 1 0 1 0 0 1
-2 1 0 1
+2 2
+19 9 1 1 2 0 0 2
cfi=(29)
cfn=(82)
calls=1 210 
* 71 18 17 3 0 0 3
* 1
+5 4 1
-1 2
+2 1
+1 2
-2 4 1 0 1 0 0 1
+1 242
+1 484
-2 968 242
+5 1
fi=(28)
56 1 1 1
cfi=(27)
cfn=(78)
calls=1 -20 
* 30 7 7 0 0 1 0 0 1
fe=(30)
836 1 0 1
fi=(28)
56 1
fe=(30)
838 2
+6 6 1 1
cfn=(132) fillin_rpath.isra.0
calls=1 468 
* 6985 1845 407 24 2 9 24 2 9
+3 3 2
+6 1 0 1
+4 8 7
-35 2 0 1 1 0 0 1
+5 2 0 1 1 0 0 1

fn=(204)
238 26 0 13 1 0 0 1
+3 13
-3 65 0 52 0 0 1 0 0 1
+7 13
-7 26 0 13
+3 13 0 13
cfi=(41)
cfn=(118)
calls=13 32 
* 480 63 0 4 6 0 4 6
+3 26
+20 117 91 0 1 0 0 1

fn=(132)
468 9 0 6 2 0 0 2
+4 1
-4 8 0 6 0 0 1 0 0 1
+6 3 2 1
cfi=(7)
cfn=(134)
calls=1 239 
* 436 135 2 2 1 0 2 1
* 30 20 10
cfi=(7)
cfn=(134)
calls=10 239 
* 3512 1087 17
* 33 0 0 1 0 0 1
+7 20 10
+2 27 9 9
cfn=(136)
calls=9 -98 
* 1461 273 189 6 0 5 6 0 5
* 9
+4 18
+5 18 0 9
cfi=(22)
cfn=(62)
calls=9 57 
* 297 42 0 0 1 0 0 1
* 9
+1 18
+7 45 9 0 1 0 0 1
+9 102 34
+1 86 37 6 1 0 0 1
cfi=(42)
cfn=(122)
calls=6 59 
* 114 30 0 2 0 0 2
* 12
+7 27
+1 18 9
+3 12
fi=(28)
50 20 20 10 1 0 0 1
cfi=(27)
cfn=(142)
calls=10 +47 
* 182 38 30 2 0 0 2
+1 10
fe=(30)
509 1 1
-32 1 0 1
+1 1
+31 2
+19 16 4 4 1 0 0 1
+4 16 8
fi=(28)
56 4 4 4
cfi=(27)
cfn=(78)
calls=4 -20 
* 120 28 28
* 4
fe=(30)
534 8 0 0 1 0 0 1
+5 4 4
+1 8
-1 4
-1 4 0 4
+2 4 0 4
cfi=(29)
cfn=(126)
calls=4 197 
* 52 10 6 0 0 2 0 0 2
+3 4 4
-3 4 0 4
+1 4 0 4
+2 4
+1 2 0 2
+5 2
+1 2 2 0 1 0 0 1
-1 6 2
+1 4
-1 2
+1 2 2
-1 6 2
+1 16
+1 4 0 0 1 0 0 1
-1 4
+1 4 0 4
-1 12
+1 4 0 4
-1 8
+1 4 0 4
+2 8 4 4
+1 12 4 0 1 0 0 1
+1 4 0 4
+6 8 4 4
+1 4 0 4
+3 12 0 4 0 0 1 0 0 1
-60 18 0 9 1 0 0 1
-22 18 0 9
+88 1 0 1
+3 8 7
-24 8

fn=(166)
1967 168 0 126 2 0 5 2 0 5
+8 28
+1 56 14 0 0 1 0 0 1
+3 307 65 28 1 0 0 1
+5 420 120 0 1 0 0 1
+2 180 0 60 0 0 2 0 0 2
cfi=(52)
cfn=(168)
calls=60 68 
* 5977 1408 314 21 1 2 21 1 2
* 120
+4 102 51
+1 153 51
+4 28 28 0 1 0 0 1
-1 140 84
+1 28
+1 28
-1 28
+1 56 0 28
cfi=(32)
cfn=(94)
calls=28 98 
* 863 189 0 2 0 0 2
* 56
2270 131 103 0 1 0 0 1
2011 15 5 5
-1 10 5
+9 5 5 0 1 0 0 1
-50 5 0 5
+50 10
+17 10
-2 5 0 5
+2 5 0 5
cfi=(41)
cfn=(118)
calls=5 32 
* 192 27
* 10
2202 2 0 0 1 0 0 1
-1 3 0 1
cfn=(136)
calls=1 385 
* 175 33 23 0 0 1 0 0 1
+6 1
-7 1 0 1
+1 1
+2 2
+4 7 0 2 1 0 0 1
cfn=(170) open_verify.constprop.0
calls=1 1572 
* 106 22 15 9 1 2 9 1 2
+3 2 1
-3 1
+3 1
+12 4 1
+45 1 1
+1 5 1 0 1 0 0 1
-1 1 0 1
+1 8 2 5
cfn=(176)
calls=1 944 
* 1940 410 216 70 31 28 70 31 28
-1 4 4
+1 20 4
-1 4 0 4
+1 32 8 20
cfn=(176)
calls=4 944 
* 8934 1709 1301 11 107 176 11 107 176
* 15
2040 8 0 4 1 0 0 1
cfi=(22)
cfn=(62)
calls=4 57 
* 114 19 0 1 0 0 1
* 8 0 4 1 0 0 1
+2 8 4
+7 16 4
+51 52 8 16 1 0 0 1
cfn=(208) open_path
calls=4 1812 
* 4748 1165 761 18 0 10 18 0 10
+6 4
-6 4
+6 8 0 0 1 0 0 1
2222 16 4
+46 8 4
682 4 4 0 1 0 0 1
2107 4
682 8 0 0 1 0 0 1
2135 8 0 4 1 0 0 1
cfi=(67)
cfn=(214) _dl_load_cache_lookup
calls=4 403 
* 5737 946 243 27 61 1 27 61 1
* 4
+2 8
+4 8
+31 4
-23 8 4
+23 28 0 8 1 0 0 1
cfn=(170)
calls=4 1572 
* 461 92 62 5 1 1 5 1 1
+4 8 4
-4 4
+4 4
+1 4 0 4
+17 8 4
2074 20 8 0 2 0 0 2
682 4 4
2075 4
682 12
2099 8 4 0 1 0 0 1
+1 8
-47 4 4 0 1 0 0 1
+1 4 0 4
696 20 0 12 1 0 0 1
2058 12 4 0 1 0 0 1
682 4 4 0 1 0 0 1
2059 4
682 8
2073 20 16 0 2 0 0 2
+1 8
+41 4 0 4 1 0 0 1
+14 8 4
+2 12 4
-47 8 0 0 1 0 0 1

fn=(208)
1812 32 0 24 1 0 1 1 0 1
+1 4 4
-1 12 0 12 1 0 1 1 0 1
+1 4 0 4 0 0 1 0 0 1
+6 8
+5 68 8 0 1 0 0 1
+67 8 4 0 1 0 0 1
-74 4 0 4
+7 12 0 8
+57 4
-65 4 0 4
+65 4 0 4
+10 8 0 8 1 0 0 1
-64 8 8
+8 24 4 4
-8 24 24
+8 72 12 12
+7 32 32
-11 16
+12 16
-1 64 16 32 1 0 1 1 0 1
cfi=(29)
cfn=(126)
calls=16 197 
* 208 40 24
+1 160 32 32
+50 36
-2 72 0 18
-48 176 64 0 1 0 0 1
+3 96 48
+5 189 108 27 1 0 0 1
cfi=(29)
cfn=(126)
calls=27 197 
* 351 55 28
* 108 54 27
cfi=(29)
cfn=(126)
calls=27 197 
* 351 81 54
+3 54
+6 81 27
+3 189 81 27 1 0 0 1
cfn=(170)
calls=27 1572 
* 1512 270 324 2 0 3 2 0 3
* 27
+2 81 27
+2 18
+93 36 28 0 1 0 0 1
-88 18 0 0 1 0 0 1
+1 63 27
+6 9 9 0 1 0 0 1
+2 18 9
-2 18 0 9
+2 9 0 9
cfi=(65) ./io/../sysdeps/unix/sysv/linux/stat64.c
cfn=(210) stat
calls=9 28 
* 140 9 7 1 0 0 1
* 9
+3 9
-3 18
+1 4 2
+9 16 2 4
+2 2
-2 7 0 7 1 0 0 1
+2 23 16
+44 104 24 12 1 0 2 1 0 2
+6 32 16 16
-2 16 0 16
+2 32 16
+3 12 8
1822 8
+2 8 0 4 1 0 1 1 0 1

fn=(170)
1572 320 0 192 1 0 1 1 0 1
+32 32 32
-32 64 0 64
+32 64
+19 128 0 32
cfi=(53)
cfn=(172)
calls=32 28 
* 721 64 91 2 0 3 2 0 3
* 32
+2 64 0 0 1 0 0 1
+8 5 0 5
+1 10
+5 5
-5 5 0 5 0 0 2 0 0 2
+5 25 0 5
cfi=(54)
cfn=(174)
calls=5 25 
* 30 5 0 1 0 0 1
+2 10 0 0 1 0 0 1
+2 10 5 5
+2 10
+6 10
+17 65 20 0 2 0 0 2
+81 10 5
+5 10 5 0 1 0 0 1
+6 20 5
+6 10 5 0 0 1 0 0 1
+6 5 5 0 0 1 0 0 1
+1 5 5
-1 15
+1 15 0 0 1 0 0 1
+26 288 224
-22 13 0 0 1 0 0 1
+1 2
-1 1 0 0 1 0 0 1
+1 1 0 1
cfi=(70)
cfn=(226)
calls=1 25 
* 7 1
* 2
1668 9 3 0 2 0 0 2
-59 54 0 0 1 0 0 1
1777 2 0 1 1 0 0 1

fl=(167)
fn=(546)
30 2 0 1 1 0 0 1
+10 3
-10 3 0 2
+10 1
-10 1 0 1
+10 1
-10 1
+7 1 1
+3 2 0 1
cfi=(168)
cfn=(548)
calls=1 +34 
* 233 53 14 7 1 0 7 1
+4 2 0 0 1 0 0 1
+1 8 3
+2 3
-2 1 0 1
+2 3 0 1
cfi=(168)
cfn=(548)
calls=1 +27 
* 223 50 14 0 5 0 0 1
+4 2 0 0 1 0 0 1
+1 7 3 1
+1 6 5

fl=(65)
fn=(210)
28 18
+1 36
cfi=(66)
cfn=(212)
calls=9 146 
* 86 9 7 1 0 0 1

fl=(76)
fn=(580) _dl_cet_setup_features
331 1 0 0 1 0 0 1
+3 2
+16 1 1

fn=(260)
361 8 0 4 1 0 0 1
-76 1 1
-10 2
+2 2 1
-1 1 0 1
+6 1 1
+3 1 0 1
+8 1 0 0 1 0 0 1
-11 1
+1 1
-1 1
+1 1
-1 1 0 1
+1 1 0 1
+10 4 1
+3 1 0 1
+4 2
+2 2
-1 1 0 1
+2 2 0 0 1 0 0 1
+2 2
-1 2 0 1
+4 1 0 1
+2 1 0 1
+3 2
145 2 1 0 0 1
+12 2 1
+16 1 0 0 1 0 0 1
+6 1 0 1
363 6 5

fl=(24)
fn=(86)
42 178
+2 356 178

fn=(68)
53 3 0 0 1 0 0 1
+3 8 0 2 1 0 1 1 0 1
+5 1
-5 1
+5 1 0 1
+1 1 0 1 1 0 0 1
-6 1 0 1
+8 1 1

fn=(256)
68 2 0 1
fi=(389) ./elf/../include/list.h
-24 1
fe=(24)
+24 3 0 1
fi=(389)
-25 1 1 0 0 1
fe=(24)
+26 1 1
+3 1
fi=(389)
-29 1 0 1 1 0 0 1
+1 1 0 1
+1 1 0 1
+2 1 0 1
fe=(24)
+28 4 0 1
+1 2 0 1
+1 1 0 1 1 0 0 1
+5 2 1 1
+5 1
+6 1
-3 1 0 1
+3 1
-6 3 0 1
+6 1
+12 4 0 1 1 0 0 1
cfi=(11)
cfn=(28)
calls=1 387 
* 24 4 1 0 1 0 0 1
fi=(75) ./elf/../sysdeps/unix/sysv/linux/rseq-internal.h
-73 3 1
+8 1 0 1
fe=(24)
+81 3 2 1 0 1
+7 2 1 1
+1 3 3
fi=(75)
-95 7 0 0 1 0 0 1
+3 2
fe=(24)

fl=(51) ./setjmp/../sysdeps/x86_64/setjmp.S
fn=(162) __sigsetjmp
31 14 0 0 1 0 0 1
+2 14 0 14
+9 14
+1 28 14
+1 14 0 14
+4 14 0 14 0 0 1 0 0 1
+1 14 0 14
+1 14 0 14
+1 14 0 14
+1 14
+2 28 14
+2 14 0 14
+1 14 14 0 1 0 0 1
+1 14
+2 28 14
+2 14 0 14
+8 14
+3 14
+1 14 0 14 0 0 1 0 0 1
+7 14
+1 14 14

fl=(29)
fn=(82)
210 44 0 0 2 0 0 1
+1 44
+6 44
+1 44
+2 36 36 0 0 4 0 0 1
+1 36
+1 36
+2 19 19
+1 19 0 19 0 0 3 0 0 3
+1 19 0 19 0 0 2 0 0 2
+2 19 19
+80 8 0 0 1 0 0 1
+1 8
+2 1
+4 1
+1 1
+1 1
+1 1 1 0 0 1 0 0 1
+1 1
+4 1 0 1 0 0 1 0 0 1
+2 1 1
+39 7 7
+1 7 7
+1 7 0 7 0 0 5 0 0 5
+1 7 0 7
+1 7 7
+7 15 15
+1 15 15
+1 15 0 15 0 0 3 0 0 3
+1 15 0 15 0 0 1 0 0 1
+1 15 0 15 0 0 5 0 0 5
+1 15 0 15
+1 15 15
+11 17 0 0 1 0 0 1
+1 17
+2 15 15 0 0 1
+1 15 0 0 2 0 0 2
+1 15
+20 2 0 0 1 0 0 1
+1 2
+4 2
+2 2
+16 2
+3 2
+2 2
+2 2
+4 2
+1 2
+9 2 2 0 0 1 0 0 1
+1 2 2 0 0 1 0 0 1
+2 2
+2 2
+1 2 2
+1 2 2 0 1 0 0 1
+3 2
+2 2
+2 2
+2 2
+6 2 2
+1 2 2
+1 2 2
+1 2 2 0 0 1 0 0 1
+1 2
+1 2 0 2 0 0 1 0 0 1
+1 2 0 2
+1 2 0 2
+1 2 0 2 0 0 1 0 0 1
+1 2
+1 2
+1 2
-11 4 4
+1 4 4
+1 4 4
+1 4 4 0 0 1 0 0 1
+1 4
+1 4 0 4
+1 4 0 4
+1 4 0 4
+1 4 0 4 0 0 2 0 0 2
+1 4
+1 4
+1 4
+2 2 0 2 1 0 1 1 0 1
+1 2 0 2
+1 2 0 2
+1 2 0 2
+2 2 0 2
+4 2 2

fn=(126)
197 161 0 0 1 0 0 1
+1 161
+1 161
+1 161
+17 161
+1 161
+2 49 49 0 0 10
+1 49
+1 49
+2 46 46
+1 46 0 46 0 0 21 0 0 21
+1 46 0 46 0 0 2 0 0 2
+2 46 46
+80 112 0 0 1 0 0 1
+1 112
+2 78
+4 78
+1 78
+1 78
+8 78 78
+39 34 34 0 1 0 0 1
+1 34 34
+1 34 0 34 0 0 1 0 0 1
+1 34 0 34
+1 34 34
+7 3 3
+1 3 3
+1 3 0 3
+1 3 0 3 0 0 2 0 0 2
+1 3 0 3 0 0 1 0 0 1
+1 3 0 3
+1 3 3
+11 3
+1 3
+2 3 3
+1 3
+1 3

fl=(1) ???
fn=(0) 0x000000000001f540
0 2 0 1 1 0 1 1 0 1
cfi=(2)
cfn=(2)
calls=1 517 
0 1903634 499337 170928 1077 11917 2324 1076 7443 1642
0 8 1 1 1
cfi=(76)
cfn=(580)
calls=1 331 
0 4 1 0 1 0 0 1
0 10 2 1 1 0 0 1
cfi=(177)
cfn=(584)
calls=1 81 
0 93883 27742 13541 615 738 230 612 145 179
0 3
cob=(8)
cfi=(211)
cfn=(1306) (below main)
calls=1 0 
0 2983995552 904178538 538559712 4346 2191281 372518 2640 1843 267822

fl=(67)
fn=(572)
525 1 0 0 1 0 0 1
+1 4 1 0 0 1
-1 1 0 1
+3 1 1
-3 1
+3 1 0 1
cfi=(140)
cfn=(574)
calls=1 117 
* 6 1
+7 1 1 0 1 0 0 1
-6 1 0 1
+4 1 0 1
+2 1 1

fn=(222) _dl_cache_libcmp
357 37 0 0 1 0 0 1
+1 37 37
+32 37 37 0 0 26 0 0 26
-33 37
+1 92 0 0 1 0 0 1
+2 234
+2 234
-2 468
+20 450
+2 450
-12 197 197
+2 197 197 0 0 2 0 0 2
+14 197
+1 197
-29 394
+32 27 9
-28 18 0 0 1 0 0 1
+6 9
+2 9 9
-2 9
+1 9
-1 9
+1 9
-1 9
+2 27
+2 9 9
-3 9
+3 27
+2 18
+9 84 28 0 1 0 0 1

fn=(214)
403 40 0 28 1 0 0 1
+2 8 4
+3 12 4 0 1 0 0 1
+69 9 3
+5 4 4
205 4 4
482 8
+3 12 4 4
fi=(69) ./elf/../sysdeps/x86/dl-procinfo.h
39 8 0 0 1 0 0 1
+3 12 0 4
cfi=(32)
cfn=(94)
calls=4 +56 
* 100 28 0 0 1 0 0 1
* 16 0 4 0 0 1 0 0 1
fe=(67)
208 24 0 8 1 0 0 1
cfi=(11)
cfn=(28)
calls=4 387 
* 92 16 4 0 1 0 0 1
* 4 4
+12 4
-10 4 4
-2 4 0 4 1 0 0 1
+12 8
-7 20 0 4
+9 20
+1 4
-32 8
+36 4 4 0 1 0 0 1
-4 4 4 0 0 1 0 0 1
+4 8
-5 120
+1 24
-32 48
+36 24 24
-4 24 24 0 0 21 0 0 21
+4 48
+4 84 28 28
cfn=(222)
calls=28 357 
* 2294 342 0 4 24 0 4 24
+1 56
346 24
+3 11
220 22
347 13 0 0 1 0 0 1
220 34 4
+2 40 8 12 1 0 0 1
+20 14 7 0 0 3 0 0 3
+3 14
+2 28 0 7
cfn=(222)
calls=7 357 
* 884 129 0 0 4 0 0 4
* 14
+2 3
-9 14
-30 12 8
+1 4 0 0 1 0 0 1
fi=(390) ./elf/../sysdeps/x86/dl-isa-level.h
28 8 4 4
fe=(67)
210 8 0 4
fi=(390)
28 4 4
fe=(67)
210 4 0 4
+1 4
-1 12 0 4
+76 12 0 0 1 0 0 1
fi=(390)
28 12 0 4
fe=(67)
342 16 0 4
-83 16 8
+4 8 4
+1 8 4 2
cfn=(222)
calls=2 +93 
* 362 52
* 4
+5 24 16 0 1 0 0 1
+1 16 4 0 0 1 0 0 1
+16 4
fi=(68) ./elf/../sysdeps/generic/dl-cache.h
125 4 4 0 1 0 0 1
fe=(67)
286 12
+9 8 4
+3 8 4
+3 4
+1 12 4 0 1 0 0 1
+28 8 0 4
500 8 4
+12 8 4 4
cfi=(22)
cfn=(62)
calls=4 57 
* 140 20 0 0 4 0 0 4
+1 4
-1 4
+1 48 0 4 1 0 0 1
+1 4
-1 4
+1 4 4 0 1 0 0 1
-1 4
+1 4 0 4
cfi=(29)
cfn=(82)
calls=4 210 
* 60 16 12
* 4
+1 4 0 4
cfi=(44)
cfn=(138)
calls=4 40 
* 396 80 60
+1 32 28
411 4 0 1 1 0 0 1
cfi=(52)
cfn=(216) _dl_sysdep_read_whole_file
calls=1 36 
* 103 15 15 3 0 0 3
* 1
+8 5 1 0 1 0 0 1
+1 8 3 0 1 1 0 1 1
+3 3
+1 1 1
-1 3 0 0 1 0 0 1
fi=(68)
194 1 1
+1 5
fe=(67)
431 1 0 1 1 0 0 1
+1 2 0 1

fl=(77)
fn=(262)
207 88 0 64 1 0 0 1
+1 16 8
+12 7
+4 28 0 7 1 0 0 1
-4 7
+6 21
+3 7 7 0 0 1
-1 7 7
+1 14
+22 35 14 0 2 0 0 2
+4 8
+7 12 4 0 0 3
fi=(6)
81 20 4
+6 8 6 0 1 2 0 1
+4 6 2 0 0 2 0 0 2
+17 2 2
-11 2 0 2
+11 4
+21 4 2
+5 8 2 0 0 1
-2 4 0 2
fi=(4)
-53 2 2
fe=(77)
301 4 2
fi=(4)
79 4
fe=(77)
301 4
fi=(4)
79 5 5 0 1 0 0 1
fe=(77)
301 10 5 0 0 1
fi=(4)
79 10
fe=(77)
301 9890 47 1070 3 12 197 3 6 195
fi=(4)
79 2 2
fe=(77)
301 2 2
fi=(4)
79 4
fe=(77)
301 298 66 44 3 24 0 3 2
-80 14
fi=(6)
393 14 0 14 1 0 0 1
fe=(77)
190 7
+31 7 0 7
-31 7 0 7
fi=(6)
393 21 0 7
fi=(5)
49 7 7
fe=(77)
301 7 7
fi=(5)
50 7 7
+30 7 7
-31 14 0 0 1 0 0 1
+4 7 7
-3 7
+3 7
-3 7 0 7
+3 21 7 0 0 1
+27 14
-31 7 7 0 0 2
fe=(77)
301 7 7
fi=(5)
50 7 7
+30 7 7
-31 14
+4 7 7
-3 7
+3 7
-3 7 0 7
+3 21 7
+27 14
-7 2
-1 2
+11 16 0 2 1 0 0 1
fi=(6)
514 2224 1112
+4 2224
+3 3336 1112
+1 1112 0 1112 0 0 139 0 0 139
fi=(5)
83 3336
+2 4448 1112 0 1 418 0 1 418
+11 12 2
fe=(77)
301 42 14 0 1 0 0 1
fi=(5)
51 7 7 0 0 1
fi=(4)
+28 35 21
fi=(6)
730 14
+4 8 4 0 1 2 0 1
fe=(77)
304 35 14
+24 7 0 7
+3 14
+17 21 7 0 0 5
+2 64 56 0 0 3
-98 14 7 0 1 6 0 1
+3 6
+7 3 3 0 0 1
-9 3
+9 6 0 0 1 0 0 1
fi=(6)
81 6
fi=(5)
+33 36 0 0 1 0 0 1
+9 24
+1 4 4 0 0 4 0 0 2
fi=(6)
498 4 4
fi=(5)
124 4
fi=(6)
498 8
fi=(5)
124 1156 1156 0 0 145 0 0 145
fi=(6)
498 1156 1156 0 0 144 0 0 144
fi=(5)
124 1156
fi=(6)
498 2312
+5 2320
+1 1160 1160 0 0 144 0 0 144
fi=(5)
123 1160
fi=(6)
504 1160
-5 1160 0 1160 0 0 317 0 0 311
fi=(5)
123 2320
+3 36 12 0 1 8 0 1
+3 40 20 10 0 5 1
+2 36 16 0 1 0 0 1
fe=(77)
+59 12
fi=(5)
73 6 0 6
fe=(77)
190 6 0 6
fi=(5)
72 6
fe=(77)
190 54 0 30 1 0 0 1
fi=(5)
-57 12 12 0 0 3 0 0 2
+1 6 6
+1 6 6
-2 6
+2 6 6 0 0 1
+3 6 0 0 1 0 0 1
-5 6
+2 6 0 6
-2 6 6 0 0 6 0 0 4
+1 12
+2 6
-2 6 0 6
+2 18 6 0 0 2
+2 12
-5 7294 7294 0 0 1006 0 0 1005
+1 3647 3647
+1 3647 3647
-2 3647
+2 3647 3647
+3 3647
-5 3647
+2 3647 0 3647
-2 3647 3647 0 0 998 0 0 243
+1 7294
+2 3647
-2 3647 0 3647
+2 10941 3647
+2 7294
+9 3585 0 3585
fi=(6)
267 7170 0 0 1 0 0 1
+7 7170
+4 7170
fe=(77)
170 14340 3585 0 0 1737 0 0 1384
fi=(4)
-30 10704 3568
fe=(77)
+31 7136 0 0 1 0 0 1
+3 7136 3568 0 0 5
+8 3844
-8 17259
+12 3826 3826 0 1 0 0 1
-3 1913 0 1913
+1 1913 0 1913
+2 7670 3844
-3 9 0 9
+1 9 0 9
+2 1958 18
+1 1922
-1 1922
+2 3844
-1 7688 1922 1922 1 56 0 1
+3 11532 3844 5766 0 0 1
cfi=(78)
cfn=(270)
calls=1922 772 
* 1380148 367390 126379 81 6013 50 81 3026 40
+3 1922 1922
+1 3844 1922
-4 1922
+4 9610 3844 1922 1 0 1 1
fi=(6)
+93 14259 3555
+3 3555 3555
-3 10682 3572 0 0 2
+3 3572
-3 3572 3572 0 0 1 0 0 1
+5 7156
+25 21510 3585 0 1 4 0 1 2
423 8445 5630 2815 0 357 837 0 357 359
fi=(5)
150 8445 2815 0 1 0 0 1
fi=(6)
423 1484 742 742 0 0 268 0 0 94
fi=(5)
150 2287 747
-19 14630 3665
+33 24 12 0 1 0 0 1
+1 72 6 6
+1 252 84 0 1 0 0 1
+3 136 68
+4 68 68
-1 68 68
-3 68 68
+2 136 68
+2 68
-2 136 0 68
fe=(77)
-1 272 68 0 1 1 0 1
fi=(6)
287 68 68 0 1 0 0 1
+3 68
-3 68 68
+4 136
476 136 136 0 1 0 0 1
+2 68 0 68
cfi=(15)
cfn=(550)
calls=1 71 
* 6 2 0 1 1 0 1
cob=(3)
cfi=(162) ./math/../sysdeps/x86_64/fpu/multiarch/s_sincos.c
cfn=(518) sincos
calls=1 26 
* 8 4 0 2 0 0 2
cob=(3)
cfi=(146) ./math/../sysdeps/x86_64/fpu/multiarch/s_sin.c
cfn=(514) sin
calls=1 27 
* 9 4 0 1 0 0 1
cob=(3)
cfi=(161) ./math/../sysdeps/x86_64/fpu/multiarch/e_atan2.c
cfn=(510) __atan2_finite@GLIBC_2.15
calls=1 26 
* 9 4 0 2 0 0 2
cob=(3)
cfi=(160) ./math/../sysdeps/x86_64/fpu/multiarch/e_exp2f.c
cfn=(506) exp2f@@GLIBC_2.27
calls=1 27 
* 9 4 0 1 0 0 1
cob=(3)
cfi=(159) ./math/../sysdeps/x86_64/fpu/multiarch/s_expm1.c
cfn=(502) expm1
calls=1 26 
* 9 4 0 2 0 0 2
cob=(3)
cfi=(156) ./math/../sysdeps/x86_64/fpu/multiarch/e_asin.c
cfn=(498) __asin_finite@GLIBC_2.15
calls=1 27 
* 8 4 0 1 0 0 1
cob=(3)
cfi=(158) ./math/../sysdeps/x86_64/fpu/multiarch/s_fma.c
cfn=(496) fma
calls=1 49 
* 6 3 0 2 0 0 2
cob=(3)
cfi=(157) ./math/../sysdeps/x86_64/fpu/multiarch/s_sinf.c
cfn=(492) sinf
calls=1 26 
* 9 4 0 1 0 0 1
cob=(3)
cfi=(156)
cfn=(488) __acos_finite@GLIBC_2.15
calls=1 35 
* 8 4 0 2 0 0 2
cob=(3)
cfi=(155) ./math/../sysdeps/x86_64/fpu/multiarch/e_log.c
cfn=(484) __log_finite@GLIBC_2.15
calls=1 27 
* 9 4 0 2 0 0 2
cob=(3)
cfi=(154) ./math/../sysdeps/x86_64/fpu/multiarch/s_log1p.c
cfn=(480) __log1p
calls=1 26 
* 9 4 0 1 0 0 1
cob=(3)
cfi=(153) ./math/../sysdeps/x86_64/fpu/multiarch/e_log2f.c
cfn=(476) log2f@@GLIBC_2.27
calls=1 27 
* 9 4 0 2 0 0 2
cob=(3)
cfi=(151) ./math/../sysdeps/x86_64/fpu/multiarch/e_pow.c
cfn=(472) __pow_finite@GLIBC_2.15
calls=1 27 
* 8 4 0 2 0 0 2
cob=(3)
cfi=(150) ./math/../sysdeps/x86_64/fpu/multiarch/e_powf.c
cfn=(468) powf@@GLIBC_2.27
calls=1 30 
* 9 4 0 1 0 0 1
cob=(3)
cfi=(149) ./math/../sysdeps/x86_64/fpu/multiarch/s_sincosf.c
cfn=(464) sincosf
calls=1 26 
* 9 4 0 2 0 0 2
cob=(3)
cfi=(148) ./math/../sysdeps/x86_64/fpu/multiarch/e_log2.c
cfn=(460) log2@@GLIBC_2.29
calls=1 27 
* 9 4 0 1 0 0 1
cob=(3)
cfi=(147) ./math/../sysdeps/x86_64/fpu/multiarch/e_logf.c
cfn=(456) logf@@GLIBC_2.27
calls=1 27 
* 9 4 0 1 0 0 1
cob=(3)
cfi=(146)
cfn=(452) cos
calls=1 34 
* 9 4 0 2 0 0 2
cob=(3)
cfi=(145) ./math/../sysdeps/x86_64/fpu/multiarch/e_expf.c
cfn=(448) expf@@GLIBC_2.27
calls=1 27 
* 9 4 0 2 0 0 2
cob=(3)
cfi=(143) ./math/../sysdeps/x86_64/fpu/multiarch/e_exp.c
cfn=(444) __exp_finite@GLIBC_2.15
calls=1 27 
* 9 4 0 2 0 0 2
cob=(3)
cfi=(141) ./math/../sysdeps/x86_64/fpu/multiarch/s_cosf.c
cfn=(440) cosf
calls=1 26 
* 9 4 0 1 0 0 1
cob=(2)
cfi=(139) ./string/../sysdeps/x86_64/multiarch/strncase.c
cfn=(432) strncasecmp
calls=1 31 
* 21 4 0 2 0 0 2
cob=(2)
cfi=(138) ./string/../sysdeps/x86_64/multiarch/mempcpy.c
cfn=(428) mempcpy
calls=1 33 
* 22 4 0 3 0 0 3
cob=(2)
cfi=(137) ./wcsmbs/../sysdeps/x86_64/multiarch/wcpcpy.c
cfn=(424) wcpncpy
calls=1 31 
* 18 4 0 2 0 0 2
cob=(2)
cfi=(136) ./string/../sysdeps/x86_64/multiarch/strspn.c
cfn=(422) strspn
calls=1 29 
* 7 3 0 2 0 0 2
cob=(2)
cfi=(134)
cfn=(418)
calls=1 29 
* 23 4 0 2 0 0 2
cob=(2)
cfi=(133) ./string/../sysdeps/x86_64/multiarch/memmove.c
cfn=(414) memmove
calls=1 29 
* 22 4 0 4 0 0 4
cob=(2)
cfi=(132) ./string/../sysdeps/x86_64/multiarch/stpcpy.c
cfn=(410) stpcpy
calls=1 33 
* 17 4 0 1 0 0 1
cob=(2)
cfi=(131) ./debug/../sysdeps/x86_64/multiarch/memmove_chk.c
cfn=(406) __memmove_chk
calls=1 29 
* 22 4 0 1 0 0 1
cob=(2)
cfi=(129) ./wcsmbs/../sysdeps/x86_64/multiarch/wmemcmp.c
cfn=(402) wmemcmp
calls=1 29 
* 24 5 0 2 0 0 2
cob=(2)
cfi=(128) ./string/../sysdeps/x86_64/multiarch/strncpy.c
cfn=(398) strncpy
calls=1 29 
* 19 4 0 2 0 0 2
cob=(2)
cfi=(127)
cfn=(394)
calls=1 29 
* 25 5 0 2 0 0 2
cob=(2)
cfi=(100) ./wcsmbs/../sysdeps/x86_64/multiarch/wcscat.c
cfn=(390) wcscat
calls=1 31 
* 18 4 0 1 0 0 1
cob=(2)
cfi=(126) ./string/../sysdeps/x86_64/multiarch/strcasecmp_l.c
cfn=(386) strcasecmp_l
calls=1 31 
* 21 4 0 2 0 0 2
cob=(2)
cfi=(125) ./string/../sysdeps/x86_64/multiarch/strcpy.c
cfn=(382) strcpy
calls=1 29 
* 17 4 0 2 0 0 2
cob=(2)
cfi=(123) ./wcsmbs/../sysdeps/x86_64/multiarch/wmemset.c
cfn=(378) wmemset
calls=2 31 
* 20 8 0 2 0 0 2
cob=(2)
cfi=(121)
cfn=(374)
calls=1 29 
* 24 5 0 3 0 0 3
cob=(2)
cfi=(120) ./string/../sysdeps/x86_64/multiarch/strchrnul.c
cfn=(370) strchrnul
calls=1 31 
* 25 5 0 2 0 0 2
cob=(2)
cfi=(119) ./string/../sysdeps/x86_64/multiarch/strncase_l.c
cfn=(366) strncasecmp_l
calls=1 31 
* 21 4 0 3 0 0 3
cob=(2)
cfi=(117) ./string/../sysdeps/x86_64/multiarch/strcat.c
cfn=(362) strcat
calls=1 29 
* 17 4 0 2 0 0 2
cob=(2)
cfi=(116) ./wcsmbs/../sysdeps/x86_64/multiarch/wcscpy.c
cfn=(360) wcscpy
calls=1 60 
* 16 4 0 3 0 0 3
cob=(2)
cfi=(115) ./string/../sysdeps/x86_64/multiarch/strcspn.c
cfn=(358) strcspn
calls=1 29 
* 7 3 0 1 0 0 1
cob=(2)
cfi=(113) ./string/../sysdeps/x86_64/multiarch/strcasecmp.c
cfn=(354) strcasecmp
calls=1 31 
* 21 4 0 3 0 0 3
cob=(2)
cfi=(112) ./string/../sysdeps/x86_64/multiarch/strncmp.c
cfn=(352) strncmp
calls=1 67 
* 21 4 0 3 0 0 3
cob=(2)
cfi=(110) ./wcsmbs/../sysdeps/x86_64/multiarch/wmemchr.c
cfn=(348) wmemchr
calls=2 31 
* 46 8 0 3 0 0 3
cob=(2)
cfi=(108) ./string/../sysdeps/x86_64/multiarch/stpncpy.c
cfn=(344) stpncpy
calls=1 31 
* 19 4 0 2 0 0 2
cob=(2)
cfi=(107) ./wcsmbs/../sysdeps/x86_64/multiarch/wcscmp.c
cfn=(340) wcscmp
calls=1 30 
* 25 5 0 2 0 0 2
cob=(2)
cfi=(106) ./string/../sysdeps/x86_64/multiarch/strrchr.c
cfn=(336) rindex
calls=1 28 
* 25 5 0 1 0 0 1
cob=(2)
cfi=(104) ./debug/../sysdeps/x86_64/multiarch/memset_chk.c
cfn=(332) __memset_chk
calls=1 29 
* 24 4 0 1 0 0 1
cob=(2)
cfi=(103) ./string/../sysdeps/x86_64/multiarch/strchr.c
cfn=(330) index
calls=1 65 
* 19 4 0 2 0 0 2
cob=(2)
cfi=(100)
cfn=(324) wcschr
calls=2 31 
* 50 10 0 3 0 0 3
cob=(2)
cfi=(98)
cfn=(320)
calls=1 29 
* 22 4 0 4 0 0 4
cob=(2)
cfi=(96) ./wcsmbs/../sysdeps/x86_64/multiarch/wcsncpy.c
cfn=(316) wcsncpy
calls=1 31 
* 18 4 0 1 0 0 1
cob=(2)
cfi=(95) ./string/../sysdeps/x86_64/multiarch/memrchr.c
cfn=(312) memrchr
calls=1 29 
* 25 5 0 2 0 0 2
cob=(2)
cfi=(94) ./debug/../sysdeps/x86_64/multiarch/memcpy_chk.c
cfn=(308) __memcpy_chk
calls=1 29 
* 22 4 0 5 0 0 5
cob=(2)
cfi=(92) ./debug/../sysdeps/x86_64/multiarch/mempcpy_chk.c
cfn=(304) __mempcpy_chk
calls=1 29 
* 22 4 0 5 0 0 5
cob=(2)
cfi=(91) ./wcsmbs/../sysdeps/x86_64/multiarch/wcslen.c
cfn=(300) wcslen
calls=1 29 
* 19 4 0 3 0 0 3
cob=(2)
cfi=(89)
cfn=(296)
calls=1 29 
* 24 4 0 2 0 0 2
cob=(2)
cfi=(87) ./wcsmbs/../sysdeps/x86_64/multiarch/wcsnlen.c
cfn=(292) wcsnlen
calls=1 30 
* 19 4 0 3 0 0 3
cob=(2)
cfi=(86) ./string/../sysdeps/x86_64/multiarch/strcmp.c
cfn=(290) strcmp
calls=1 79 
* 19 4 0 3 0 0 3
cob=(2)
cfi=(85) ./string/../sysdeps/x86_64/multiarch/strpbrk.c
cfn=(288) strpbrk
calls=1 29 
* 7 3 0 2 1 0 2
cob=(2)
cfi=(83) ./string/../sysdeps/x86_64/multiarch/strnlen.c
cfn=(284) strnlen
calls=2 31 
* 50 10 0 2 0 0 2
cob=(2)
cfi=(81) ./string/../sysdeps/x86/cacheinfo.c
cfn=(280) __x86_cacheinfo
calls=1 86 
* 28 9 8 4 2 2 4 0 2
fi=(5)
165 68
fi=(6)
479 68 0 68 0 0 3 0 0 1
fi=(5)
165 145 3
-14 444 148 0 2 1 0 2
fi=(6)
460 15 5 0 1 0 0 1
+5 10 10 0 1 2 0 1 1
-1 15 5 5
+1 10
-1 5 0 5
cfi=(29)
cfn=(82)
calls=5 210 
* 139 36 31 0 9 7 0 5 7
+2 25 15
+1 10 0 0 1 0 0 1
-67 51 17 0 1 0 0 1
+2 68 17
+4 17 17
+9 17 17
-9 34 17 0 1 3 0 1 3
+9 17 0 17 0 0 5 0 0 5
fi=(5)
150 34 17
fi=(6)
320 148 0 148
+3 148
+29 6 2
+11 2 2
-9 4 4
+9 2 0 2 0 0 1
fi=(5)
150 4 2
fi=(6)
346 8 0 0 1 0 0 1
+1 12 8 4 0 3 3 0 0 2
fi=(5)
150 8 4
fi=(6)
287 85 17 0 1 0 0 1
fi=(5)
141 68 68
+1 68 0 68 1 0 0 1
-1 204 0 68
+2 68
fi=(6)
287 340 68 0 1 0 0 1
fe=(77)
175 14812 1646 0 2 0 0 2
+3 1646 1646
-1 1646 0 1646
+19 1646 1646 0 1 0 0 1
-18 3292 0 1646
fi=(6)
295 12 0 0 1 0 0 1
+1 18 6
+11 12 0 12 1 0 0 1
+7 6 0 6
cob=(2)
cfi=(133)
cfn=(414)
calls=1 29 
* 22 4
cob=(2)
cfi=(134)
cfn=(418)
calls=1 29 
* 23 4
cob=(2)
cfi=(98)
cfn=(320)
calls=1 29 
* 22 4
cob=(2)
cfi=(89)
cfn=(296)
calls=1 29 
* 24 4
cob=(2)
cfi=(121)
cfn=(374)
calls=1 29 
* 24 5 0 0 1
cob=(2)
cfi=(127)
cfn=(394)
calls=1 29 
* 25 5 0 0 3
* 24 12 0 1 0 0 1
fe=(77)
-13 6 0 4 1 0 0 1
+55 35 21 0 1 0 0 1
+3 7
-3 7
+3 7
+4 14 0 0 1 0 0 1
+1 28 0 7
cfi=(140)
cfn=(436)
calls=7 117 
* 42 7 0 2 0 0 2
* 14
-63 9 0 3 1 0 0 1
fi=(5)
180 7 3 0 1 0 0 1
fe=(77)
+10 2
fi=(5)
73 1 0 1 1 0 0 1
fe=(77)
190 3 0 2
fi=(6)
436 7 0 4
fi=(5)
182 2 2 0 1 0 0 1
+1 2 2
-1 1
+3 1
-3 4 0 1
+3 2
-3 10 10 0 0 2 0 0 2
+1 10 10
-1 5
+3 5
-3 20 0 5
+3 10
+8 6 0 6
fi=(6)
+74 12 0 0 1 0 0 1
+7 12
+4 12
fe=(77)
170 24 6 0 0 2 0 0 2
fi=(4)
-30 18 6
fe=(77)
+31 12
+3 12 6 0 1 1 0 1
+8 12
-8 54
+12 12 12 0 1 0 0 1
-3 6 0 6
+1 6 0 6
+2 36 12 6
+4 24 6 6
-4 6
+4 18 6 12 1 0 0 1
cfi=(78)
cfn=(270)
calls=6 772 
* 3856 1158 382 0 53 0 0 9
+3 6 6
+1 12 6
-4 6
+4 30 12 6
fi=(6)
+93 21 3
+3 3 3 0 1 0 0 1
-3 9 3
+3 3
-3 3 3
+5 6
+25 36 6 0 0 1 0 0 1
423 6 0 6 1 0 2 1 0 2
fi=(5)
196 18 6
-16 24 6
+31 7 4 0 1 0 0 1
fe=(77)
-33 1644 0 0 1 0 0 1
-3 4932

fl=(62)
fn=(194)
25 6 0 0 1 0 0 1
+1 24
+1 6 6

fl=(27)
fn=(74)
80 17 0 0 1 0 0 1
+4 17
-4 68
+7 17
+1 51
fi=(28)
-32 17 17
cfi=(27)
cfn=(78)
calls=17 -20 
* 672 144 139 11 3 3 11 1 3
fe=(27)

fn=(78)
36 424 0 212 2 0 2 2 0 2
+1 159 53 0 0 4 0 0 1
+11 156 52
+3 52
-3 52 0 52
+3 104
-3 2
+3 1
-3 1 0 1
+3 202
+19 53 0 53 1 0 0 1
+1 53 0 53
+2 318 265
-17 12 3
+1 6
+2 3 0 0 1 0 0 1
+1 21 0 3 0 0 1 0 0 1
cfi=(57)
cfn=(182)
calls=3 -13 
* 78 12 9 2 0 0 2
* 3
+2 6
+2 12 0 3
cfi=(58)
cfn=(184)
calls=3 -31 
* 61 15 7 3 0 1 3 0 1
+1 9 3
+2 2
+4 2
-4 4 0 2
-24 1 1 0 1 0 0 1
-1 1
+1 1
+1 2
-2 2 0 1 1 0 0 1
+28 1 1
-3 2 0 1
+4 2

fn=(142)
97 12 0 0 1 0 0 1
+2 42 18
-2 6 0 6
+6 24 6
-6 6
+6 6 0 6
cfi=(43)
cfn=(130)
calls=6 +29 
* 78 6 12 1 0 0 1
+3 6 6
-2 6 0 6
+2 6 6

fl=(43)
fn=(130)
132 95 0 0 2 0 0 2
+1 475
+5 95
+1 95
+3 69
+1 69
+2 26 0 26
+1 26 0 26 0 0 20 0 0 20
+1 26 26 0 1 0 0 1
+97 43 0 43 1 0 43 1 0 43
+1 43 0 43
+12 43
+3 43
+1 43
+12 43 0 43 0 0 21 0 0 21
+1 43 0 43 0 0 2 0 0 2
+13 43
+1 43
+2 43
+3 23
+3 46
+3 23 0 23 1 0 0 1
+1 23 0 23
+1 23 0 23 0 0 1 0 0 1
+1 23 0 23 0 0 21 0 0 21
+1 23
+1 23
+1 23
-6 110 0 110 0 0 34 0 0 34
+1 110 0 110
+1 110 0 110 0 0 51 0 0 51
+1 110 0 110 0 0 25 0 0 25
+1 110
+1 110
+1 110
+3 43 0 43 0 0 1 0 0 1
+1 43 0 43
+1 43 0 43
+1 43 0 43
+5 43 43
+34 26 0 0 1 0 0 1
+2 26
+1 26
+39 26 0 26 2 0 2 2 0 2
+1 26 0 26 0 0 1 0 0 1
+2 26 26

fl=(50)
fn=(160)
204 84 0 42 1 0 2 1 0 2
58 14 14 0 0 1 0 0 1
204 28 0 28 0 0 1 0 0 1
+3 28
+22 14
-1 14 0 14 1 0 0 1
+1 14 0 14
58 28
235 42 0 14 0 0 1 0 0 1
cfi=(51)
cfn=(162)
calls=14 31 
* 336 70 126 2 0 2 2 0 2
* 42 0 0 1 0 0 1
+2 42 28 14
cfi=(64)
cfn=(206)
calls=13 61 
* 29525 6223 3050 99 169 193 99 169 193
cfi=(2)
cfn=(164)
calls=1 641 
* 2662 565 297 96 34 35 96 34 35
69 14 14
+1 14 14
-1 14
+1 14 0 14
239 56 14 28
-25 14
+34 42 42
59 28 14 14 1 0 0 1
+11 42 0 14

fn=(236)
186 2 0 1 1 0 0 1
58 1 1
186 4 0 1
+2 1 1
-2 1 0 1
58 1 0 0 1 0 0 1
+1 1 1
+11 1 0 1
192 1 0 1
+2 1 0 1
cfi=(2)
cfn=(238)
calls=1 674 
* 28759 8812 1748 57 134 78 57 130 77
69 2 1
+1 1 0 1
198 1 1
-1 1 0 1
+1 3 3

fn=(158)
254 6 0 3 1 0 0 1
+2 1
-2 6 0 1
+2 1 0 1
cfn=(160)
calls=1 -52 
* 2728 580 320 102 35 37 102 35 37
+1 2 1 1
+1 1 1
+1 1 1
-1 1 0 1
+1 1 0 1
+2 6 5 0 1 0 0 1

fl=(9)
fn=(568)
147 1 0 0 1 0 0 1
+1 1 1

fn=(16)
102 5 0 2 1 0 1 1 0 1
+4 1
-4 1
+1 1 0 1
+3 1 0 1
cfn=(18) _dl_sysdep_parse_arguments
calls=1 -28 
* 441 116 98 7 12 11 7 12 11
+4 2 1 1
cfi=(11)
cfn=(22)
calls=1 261 
* 29536 5283 6 7 68 0 7 68
+3 1 0 1
cfi=(13)
cfn=(26)
calls=1 289 
* 38 7 4 4 1 0 4 1
+2 2 0 1
cfi=(14)
cfn=(30)
calls=1 -79 
* 8 1 1 1 0 1 1 0 1
fi=(6)
220 1 0 1
cfi=(15)
cfn=(34)
calls=1 37 
* 7349 809 485 104 19 9 104 19 9
fe=(9)
-98 3 1 0 1 0 0 1
+1 1 0 1
cfi=(22)
cfn=(62)
calls=1 -66 
* 17 2 0 1 1 0 1 1
* 1 0 1
+2 2 0 1
cfi=(23)
cfn=(64)
calls=1 -88 
* 16 5 3 2 0 0 2
* 3
+12 3 1
+3 5 3 1 1 0 0 1
cfi=(2)
cfn=(66)
calls=1 1346 
* 1865519 493001 170244 917 11801 2280 917 7330 1598
+3 4 4 0 0 1

fn=(18)
78 1 0 1 1 0 0 1
+2 1
-2 6 0 3 0 0 1 0 0 1
+1 1 1
+1 1 0 1
-1 1 0 1 0 0 1 0 0 1
+2 2
+2 1 1 0 1 0 0 1
-2 1 0 1 0 0 1 0 0 1
+2 2
-1 1
+1 2 1
-1 48
+1 96 48 0 0 6 0 0 6
+7 56 0 52 0 0 6 0 0 6
fi=(10) ./elf/../sysdeps/unix/sysv/linux/dl-parse_auxv.h
-49 1 1
fe=(9)
+45 1
fi=(10)
-54 1
fe=(9)
+54 1 0 1 1 0 1 1 0 1
fi=(10)
-54 1 0 1
+1 1 0 1
+1 1 0 1
+7 3
+1 44
+1 22 22 0 0 6 0 0 6
-2 22 0 0 1 0 0 1
+2 22 0 22
-2 67 23
fe=(9)
+52 3 3
+1 1 1
+1 2 2 0 1 0 0 1
fi=(10)
-49 1 1
+1 1 1
fe=(9)
+46 1
fi=(10)
-45 1 1
+3 1 1
+1 1 1
+1 1 1
+1 1 1
+2 1 1
-5 1 0 1 1 0 0 1
-4 1 0 1
+1 1 0 1
+4 1 0 1 0 0 1 0 0 1
+1 1 0 1
+3 1 0 1
-7 1 0 1
-4 1 0 1
+1 1 0 1
+8 1 0 1 1 0 0 1
fe=(9)
+40 1 0 1
-1 1 0 1
+2 1 0 1
+1 6 5

fl=(52)
fn=(524)
87 2
+38 2
-1 2
+3 2
+2 80
+1 30 10 0 0 4 0 0 2
+3 7
-6 24 0 0 1 0 0 1
+18 2 2
+1 2 2
-15 6

fn=(216)
36 2 0 1 1 0 0 1
+3 1
-3 7 0 3
+3 1
-3 2 0 1
+3 1 0 1
cfi=(53)
cfn=(172)
calls=1 -11 
* 20 2 2
+1 2 0 0 1 0 0 1
+23 8 6
-21 4 0 1
cfi=(55)
cfn=(178)
calls=1 -12 
* 6 1
* 2
+2 2 1 1
+3 2 0 0 1 0 0 1
+13 2 0 1
cfi=(62)
cfn=(194)
calls=1 -35 
* 6 1
* 1
-11 6 0 1
cfi=(57)
cfn=(182)
calls=1 -2 
* 26 4 3
* 2

fn=(168)
68 931 0 399 1 0 1 1 0 1
+1 266 133 133 0 0 1 0 0 1
cfi=(32)
cfn=(94)
calls=133 +29 
* 4311 886 0 12 1 0 12 1
* 266
+3 133 133
+2 266
+6 129 129
-6 258
+1 453 151 151 1 0 0 1
cfi=(32)
cfn=(94)
calls=151 +23 
* 5047 1030 0 10 0 0 10
* 302
+8 22 22
-13 22
+13 177 177
-1 111
+1 333 333

fl=(8)
fn=(14)
25 7 0 0 1 0 0 1
+3 7 7
-3 7
+3 14 0 0 1 0 0 1
+3 21 14
+1 14 7 7 0 6 1 0 6 1
+2 7 7
-1 7 7
+3 21
+1 7 0 7
+1 14 7
+7 7
-5 7 0 7
-2 7 0 7 1 0 0 1
+3 14
+2 7 0 7
+2 14 0 7
+5 7 7

fl=(20)
fn=(52) intel_check_word.constprop.0
123 48 0 0 1 0 0 1
-4 72 0 24
+10 24 0 0 1 0 0 1
-10 96 0 48
+10 48
-10 24 0 24
+10 24
-10 24
+10 24
+2 48
+71 48 24
fi=(21) ./elf/../bits/stdlib-bsearch.h
32 24
fe=(20)
202 120 24 0 1 0 0 1
-71 96
+2 60
+2 120
+8 120 0 0 1 0 0 1
+51 96
+22 48
fi=(21)
28 48
-1 96
+2 216
+2 168
+1 84
fe=(20)
+78 168 84 0 1 2 0 1 2
+3 324
fi=(21)
-78 264
-6 528
+2 480
+1 240
fe=(20)
+78 480 240 0 0 4 0 0 4
+15 12
246 144 120
fi=(21)
37 120 0 0 1 0 0 1
fe=(20)
155 36
+3 36
-6 12
+3 39 0 0 1 0 0 1
+9 18
+23 21
-32 63
+3 63
+4 58
+2 116
+3 84
+1 48
+1 48
+1 30
+2 11 0 0 1 0 0 1
+2 22
+6 14 0 0 1 0 0 1
+3 8
+1 12
-20 15 0 0 1 0 0 1
+12 4
+2 4
+1 4
-2 4
-1 4
+2 8
-2 4 0 0 1 0 0 1
+3 4
-2 12
+2 12
+11 2
-9 12

fn=(50)
255 24 12 0 1 0 0 1
-5 12 0 12
+17 12
-17 96 0 60
+11 12 0 12
+1 12 0 12
+5 36 0 12
+4 24
+34 96 84
-29 12 0 0 1 0 0 1
+3 24
-3 12
+3 36 0 12
cfn=(52)
calls=12 123 
* 4092 408 48 6 6 0 6 6
+2 24
+3 60 0 12 1 0 0 1
cfn=(52)
calls=12 123 
* 1272 84 48 5 0 0 5
+2 24

fn=(56)
571 11 0 6 1 0 0 1
+17 1 1
+1 1 1 0 1 0 0 1
+9 1 1
-12 1 1
+2 1 0 1
+2 1 1
+8 1 0 1
-11 1 1
+3 1 0 1
+11 2
-5 3 0 1
+17 1
+5 3 1 0 1 0 0 1
+4 2
770 5 1
+1 5 0 1
+4 2 1 0 1 0 0 1
+8 1 1
-1 1 0 1
+1 1 0 1
+1 1 0 1
+1 7 7
627 5 1 0 1 0 0 1
+3 6 0 3
-32 5 2 1 1 0 0 1
+75 4
+8 5
+2 2
-2 1
+6 3 0 0 1 0 0 1
+3 1
+1 5 1
-4 4
+21 2
-21 4
+2 1
+2 4
-4 1
+6 4 0 0 1 0 0 1
+3 2
+5 1
+2 2 0 0 1 0 0 1
+1 1
+1 1
-2 2
+1 1
-19 4
+46 2
+1 1
+1 2
+1 1
+25 3
630 3 0 2 1 0 0 1
+10 6
+14 2
+4 1
+3 1
+1 1
-4 2
+3 3 0 1
+6 4
-37 12
+7 6
-7 3 0 0 1 0 0 1
+7 2
+3 20
+5 2 0 0 1 0 0 1
+4 1
+1 1
-1 2
+1 1
+61 2 0 0 1 0 0 1
+7 1
+2 2
-16 1
+22 1
-6 2
+1 1
+5 1
-30 5 4 0 1 0 0 1

fl=(70)
fn=(226)
25 4
+1 8
+1 2 2

ob=(6)
fl=(183)
fn=(5124)
0 9 3 2 1 2
cob=(4)
cfi=(175)
cfn=(5130) 0x0000000004bbd3c0
calls=1 0 
0 134 31 13 1 0 0 1
0 1 0 1
cfn=(5134) 0x0000000000005a60
calls=1 0 
0 5 1 0 2 0 0 1
0 3 2 1 1

fn=(5112)
0 5 0 2 1
cfn=(5114) 0x00000000000048f0
calls=1 0 
0 16 6 4 2 1 0 2
0 2 0 1
cfn=(5114)
calls=1 0 
0 16 6 4
0 3 2 1

fn=(612)
0 364 17 45 40 2 0 40 1

fn=(614)
0 12 1 0 3 0 0 3

fn=(5134)
0 5 1 0 2 0 0 1

fn=(5114)
0 32 12 8 2 1 0 2

ob=(5)
fl=(178)
fn=(5006) 0x0000000000001060
0 5 1 0 2 0 0 2

fn=(4996)
0 9 3 2 1 2 0 1
cob=(4)
cfi=(175)
cfn=(5002) 0x000000000483d030
calls=1 0 
0 134 31 13 1
0 1 0 1
cfn=(5006)
calls=1 0 
0 5 1 0 2 0 0 2
0 3 2 1 1 0 0 1

fn=(592)
0 12 1 0 3 0 0 3

ob=(8)
fl=(263) /usr/include/c++/13/new
fn=(1906) operator new(unsigned long, void*)
175 263067680 98650380 98650380 0 0 10031 0 0 34

fl=(219) /home/ray847/projects/DataStructures/PJ/src/Eigen/src/Core/util/IntegralConstant.h
fn=(1366) Eigen::internal::FixedInt<3>::FixedInt()
56 7 2 2 1 0 0 1

fn=(1350) Eigen::internal::FixedInt<1>::operator()() const
82 7 2 2

fn=(1364) Eigen::internal::FixedInt<2>::FixedInt()
56 7 2 2 1 0 0 1

fn=(1346) Eigen::internal::FixedInt<1>::FixedInt()
56 7 2 2 1 0 0 1

fn=(1362) Eigen::internal::FixedInt<0>::FixedInt()
56 7 2 2 1 0 0 1

fl=(237) /usr/include/c++/13/span
fn=(1492) std::span<char, 18446744073709551615ul>::begin() const
301 384 48 144 2 0 1 1
+1 240 48 48 2 0 1 1
cfi=(236) /usr/include/c++/13/bits/stl_iterator.h
cfn=(1494) __gnu_cxx::__normal_iterator<char*, std::span<char, 18446744073709551615ul> >::__normal_iterator(char* const&)
calls=48 1076 
* 576 240 192
* 288 240

fn=(1592) std::__detail::__extent_storage<18446744073709551615ul>::_M_extent() const
95 216 0 108
+1 216 216

fn=(1594) std::span<char, 18446744073709551615ul>::data() const
294 216 0 108 2 0 0 1
+1 216 216

fn=(1482) std::span<char, 18446744073709551615ul>::span<256ul>(char (&) [256ul])
189 72 0 36 4 0 0 2
+1 72 24 12
cfn=(1484) std::span<char, 18446744073709551615ul>::span<char*>(char*, unsigned long)
calls=12 -31 
* 588 192 192 12 0 0 7
+1 36 24

fn=(1484)
159 294 0 168 2 0 0 1
+2 126 42 42
cfi=(238) /usr/include/c++/13/bits/ptr_traits.h
cfn=(1486) char* std::to_address<char>(char*)
calls=42 +89 
* 714 252 210 6 0 1 3
* 336 126 84 2 0 0 1
cfn=(1490) std::__detail::__extent_storage<18446744073709551615ul>::__extent_storage(unsigned long)
calls=42 -71 
* 462 168 168 2 0 0 2
+7 126 84

fn=(1588) std::span<char, 18446744073709551615ul>::subspan(unsigned long, unsigned long) const
420 198 18 108 4 0 0 2
+3 18 0 18 0 0 1
cfi=(244) /usr/include/x86_64-linux-gnu/c++/13/bits/c++config.h
cfn=(1522) std::__is_constant_evaluated()
calls=18 541 
* 108 36 18
* 72 0 0 2 0 0 1
+1 36 18
+1 54 18 18
cfn=(1590) std::span<char, 18446744073709551615ul>::size() const
calls=18 253 
* 342 126 90 2 0 0 1
* 54 18 18
+6 54 18 18 2 0 0 1
cfn=(1594)
calls=18 294 
* 144 72 36 2 0 0 1
* 126 36 18
cfn=(1484)
calls=18 159 
* 882 288 288 0 0 1
* 36 36
+1 108 90 0 2 0 0 1

fn=(1650) std::span<char, 18446744073709551615ul>::first(unsigned long) const
358 108 12 48 2 0 0 1
+2 12 0 12
cfi=(244)
cfn=(1522)
calls=12 541 
* 72 24 12
* 48
+1 36 12 12
cfn=(1594)
calls=12 -67 
* 96 48 24
* 72 12 12 2 0 0 1
cfn=(1484)
calls=12 159 
* 588 192 192
* 24 24
+1 60 48

fn=(1490)
90 210 0 126 2 0 0 2
+1 126 84 42
+1 126 84

fn=(1654) std::span<char, 18446744073709551615ul>::empty() const
263 30 0 12
+1 18 6 6
cfn=(1590)
calls=6 -11 
* 114 42 30
* 24 12

fn=(1590)
253 270 0 108 2 0 0 1
+1 216 54 54
cfn=(1592)
calls=54 95 
* 432 216 108
* 108 108

fl=(323) /usr/include/c++/13/bits/invoke.h
fn=(3308) void std::__invoke_impl<void, Solution::build(int, std::vector<float, std::allocator<float> > const&)::{lambda(int)#1}, unsigned int>(std::__invoke_other, Solution::build(int, std::vector<float, std::allocator<float> > const&)::{lambda(int)#1}&&, unsigned int&&)
60 126 0 72
+1 54 18 18
cfi=(240) /usr/include/c++/13/bits/move.h
cfn=(3304) Solution::build(int, std::vector<float, std::allocator<float> > const&)::{lambda(int)#1}&& std::forward<Solution::build(int, std::vector<float, std::allocator<float> > const&)::{lambda(int)#1}>(std::remove_reference<Solution::build(int, std::vector<float, std::allocator<float> > const&)::{lambda(int)#1}>::type&)
calls=18 +9 
* 126 54 36
* 72 18 18 9 0 0 1
cfi=(240)
cfn=(3294) unsigned int&& std::forward<unsigned int>(std::remove_reference<unsigned int>::type&)
calls=18 +9 
* 126 54 36
* 72 18 18
cfi=(275) /home/ray847/projects/DataStructures/PJ/src/HNSWMTSolution.h
cfn=(3310) Solution::build(int, std::vector<float, std::allocator<float> > const&)::{lambda(int)#1}::operator()(int) const
calls=18 +94 
* 107009104829 40013231373 29836572188 922 255833387 3674556 407 91679 69196
* 72 54 0 0 18 0 0 12

fn=(3810) void std::__invoke_impl<void, Solution::build(int, std::vector<float, std::allocator<float> > const&)::{lambda()#1}>(std::__invoke_other, Solution::build(int, std::vector<float, std::allocator<float> > const&)::{lambda()#1}&&)
60 5 0 2
+1 3 1 1
cfi=(240)
cfn=(3780) Solution::build(int, std::vector<float, std::allocator<float> > const&)::{lambda()#1}&& std::forward<Solution::build(int, std::vector<float, std::allocator<float> > const&)::{lambda()#1}>(std::remove_reference<Solution::build(int, std::vector<float, std::allocator<float> > const&)::{lambda()#1}>::type&)
calls=1 +9 
* 7 3 2
* 2 0 1
cfi=(275)
cfn=(3812) Solution::build(int, std::vector<float, std::allocator<float> > const&)::{lambda()#1}::operator()() const
calls=1 237 
* 107064 29212 18522 600 2639 874 236 72 39
* 3 2

fn=(3808) std::__invoke_result<Solution::build(int, std::vector<float, std::allocator<float> > const&)::{lambda()#1}>::type std::__invoke<Solution::build(int, std::vector<float, std::allocator<float> > const&)::{lambda()#1}>(Solution::build(int, std::vector<float, std::allocator<float> > const&)::{lambda()#1}&&)
90 5 0 2
+6 3 1 1
cfi=(240)
cfn=(3780)
calls=1 -26 
* 7 3 2
* 2 0 1
cfn=(3810)
calls=1 -36 
* 107084 29218 18528 600 2639 874 236 72 39
+1 1
+1 2 2 0 0 1

fn=(3306) std::__invoke_result<Solution::build(int, std::vector<float, std::allocator<float> > const&)::{lambda(int)#1}, unsigned int>::type std::__invoke<Solution::build(int, std::vector<float, std::allocator<float> > const&)::{lambda(int)#1}, unsigned int>(Solution::build(int, std::vector<float, std::allocator<float> > const&)::{lambda(int)#1}&&, unsigned int&&)
90 126 0 72
+6 54 18 18
cfi=(240)
cfn=(3294)
calls=18 -26 
* 126 54 36
* 72 18 18 2 0 0 1
cfi=(240)
cfn=(3304)
calls=18 -26 
* 126 54 36
* 54 0 18
cfn=(3308)
calls=18 -36 
* 107009105477 40013231589 29836572386 931 255833405 3674556 408 91691 69196
+1 18
+1 54 54

fl=(213) /home/ray847/projects/DataStructures/PJ/src/Main.cpp
fn=(1752) load_base(global::DataSetInfo const&)
31 10 1 5
+1 5 3 2 1 0 0 1
+1 3 2 1
+1 5 2 2 1 0 0 1
fi=(252) /usr/include/c++/13/bits/new_allocator.h
+54 1
fi=(241) /usr/include/c++/13/bits/allocator.h
+75 1
fe=(213)
35 6 0 1
cfi=(239) /usr/include/c++/13/bits/basic_string.h
cfn=(1754) std::__cxx11::basic_string<char, std::char_traits<char>, std::allocator<char> >::basic_string<std::basic_string_view<char, std::char_traits<char> >, void>(std::basic_string_view<char, std::char_traits<char> > const&, std::allocator<char> const&)
calls=1 795 
* 674 216 178 17 0 0 17
* 6 0 1 1 0 0 1
cob=(4)
cfi=(175)
cfn=(1774) 0x000000000010fe30
calls=1 -35 
* 9339 2898 1525 85 90 11 82 22 7
* 3 0 1
cfi=(239)
cfn=(1712) std::__cxx11::basic_string<char, std::char_traits<char>, std::allocator<char> >::~basic_string()
calls=1 803 
* 283 88 68
fi=(241)
184 3 0 1
fi=(252)
-96 1
fi=(241)
+75 1
fe=(213)
36 8 3 1 1 0 0 1
cfi=(259) /usr/include/c++/13/bits/stl_vector.h
cfn=(1866) std::vector<float, std::allocator<float> >::vector(unsigned long, std::allocator<float> const&)
calls=1 556 
* 8960823 5120222 2560177 50 7 80003 49 1 80001
fi=(241)
184 1
fe=(213)
37 5 2 2 0 0 1
cfi=(259)
cfn=(1918) std::vector<float, std::allocator<float> >::begin()
calls=1 873 
* 31 12 8 3 1 0 3
* 4 1 2 1 0 0 1
cfi=(259)
cfn=(1922) std::vector<float, std::allocator<float> >::end()
calls=1 893 
* 32 12 8 1 0 0 1
* 3840002 0 1280001
cfi=(236)
cfn=(1928) __gnu_cxx::__normal_iterator<float*, std::vector<float, std::allocator<float> > >::operator*() const
calls=1280000 1099 
* 10240000 5120000 2560000
* 7680000 1280000 2560000
cob=(4)
cfi=(175)
cfn=(1930) 0x000000000010f840
calls=1280000 -37 
* 2152058540 601507313 310778480 160 389 80029 151 161 1
* 3840000 0 1280000
cfi=(236)
cfn=(2060) __gnu_cxx::__normal_iterator<float*, std::vector<float, std::allocator<float> > >::operator++()
calls=1280000 1109 
* 15360000 7680000 3840000
* 6400005 0 1280001 1 0 0 1
cfi=(236)
cfn=(1924) bool __gnu_cxx::operator==<float*, std::vector<float, std::allocator<float> > >(__gnu_cxx::__normal_iterator<float*, std::vector<float, std::allocator<float> > > const&, __gnu_cxx::__normal_iterator<float*, std::vector<float, std::allocator<float> > > const&)
calls=1280001 1197 
* 43520034 16640013 12800010 2 0 0 2
* 3840003
+1 3 0 1
cob=(4)
cfi=(175)
cfn=(2078) 0x000000000010f850
calls=1 -38 
* 5253 1640 804 67 126 15 63 10
+1 1
+1 3 0 1 1 0 0 1
cob=(4)
cfi=(175)
cfn=(2140) 0x000000000010f8a0
calls=1 -40 
* 3320 1090 557 21 38 0 18 3
-1 1
+1 7 6 0 2 1 0 2

fn=(2168) load_samples(global::DataSetInfo const&)
41 10 1 5
+1 5 3 2 1 1 0 1
+1 3 2 1 0 1
+1 5 2 2
fi=(252)
+44 1
fi=(241)
+75 1
fe=(213)
45 6 0 1 1 0 0 1
cfi=(239)
cfn=(1754)
calls=1 795 
* 674 216 178 0 3 0 0 1
* 6 0 1
cob=(4)
cfi=(175)
cfn=(1774)
calls=1 -45 
* 1408 379 339 2 27 2 2
* 3 0 1 1 0 0 1
cfi=(239)
cfn=(1712)
calls=1 803 
* 283 88 68 0 2
fi=(241)
184 3 0 1
fi=(252)
-96 1
fi=(241)
+75 3 0 1
fi=(252)
-75 1
fi=(241)
+75 1
fe=(213)
46 7 1 1 1 0 0 1
cfi=(259)
cfn=(1866)
calls=1 556 
* 1552 699 408 0 2 8 0 0 8
* 7 2 1
cfi=(259)
cfn=(2172) std::vector<std::vector<float, std::allocator<float> >, std::allocator<std::vector<float, std::allocator<float> > > >::vector(unsigned long, std::vector<float, std::allocator<float> > const&, std::allocator<std::vector<float, std::allocator<float> > > const&)
calls=1 569 
* 92192 26898 22548 82 15 867 68 0 863
* 3 0 1
cfi=(259)
cfn=(2252) std::vector<float, std::allocator<float> >::~vector()
calls=1 733 
* 249 80 58 12 8 0 12
fi=(241)
184 2 0 0 1 0 0 1
fe=(213)
47 5 2 2 0 0 1
cfi=(259)
cfn=(2272) std::vector<std::vector<float, std::allocator<float> >, std::allocator<std::vector<float, std::allocator<float> > > >::begin()
calls=1 873 
* 31 12 8 3 0 0 3
* 4 1 2
cfi=(259)
cfn=(2276) std::vector<std::vector<float, std::allocator<float> >, std::allocator<std::vector<float, std::allocator<float> > > >::end()
calls=1 893 
* 32 12 8 2 0 0 2
* 302 0 101 1 0 0 1
cfi=(236)
cfn=(2282) __gnu_cxx::__normal_iterator<std::vector<float, std::allocator<float> >*, std::vector<std::vector<float, std::allocator<float> >, std::allocator<std::vector<float, std::allocator<float> > > > >::operator*() const
calls=100 1099 
* 800 400 200
* 100 0 100
+1 500 200 200
cfi=(259)
cfn=(1918)
calls=100 873 
* 3100 1200 800 0 26
* 400 100 200 1 0 0 1
cfi=(259)
cfn=(1922)
calls=100 893 
* 3200 1200 800 0 12
* 38600 0 12900
cfi=(236)
cfn=(1928)
calls=12800 1099 
* 102400 51200 25600
* 12800 0 12800
+1 64000 12800 12800
cob=(4)
cfi=(175)
cfn=(1930)
calls=12800 -49 
* 21479663 6012291 3102675 3 187 825
-1 38400 0 12800
cfi=(236)
cfn=(2060)
calls=12800 1109 
* 153600 76800 38400
* 64500 0 12900 1 0 0 1
cfi=(236)
cfn=(1924)
calls=12900 1197 
* 438600 167700 129000
* 38700
-1 300 0 100
cfi=(236)
cfn=(2284) __gnu_cxx::__normal_iterator<std::vector<float, std::allocator<float> >*, std::vector<std::vector<float, std::allocator<float> >, std::allocator<std::vector<float, std::allocator<float> > > > >::operator++()
calls=100 1109 
* 1200 600 300
* 505 0 101 1 0 0 1
cfi=(236)
cfn=(2278) bool __gnu_cxx::operator==<std::vector<float, std::allocator<float> >*, std::vector<std::vector<float, std::allocator<float> >, std::allocator<std::vector<float, std::allocator<float> > > > >(__gnu_cxx::__normal_iterator<std::vector<float, std::allocator<float> >*, std::vector<std::vector<float, std::allocator<float> >, std::allocator<std::vector<float, std::allocator<float> > > > > const&, __gnu_cxx::__normal_iterator<std::vector<float, std::allocator<float> >*, std::vector<std::vector<float, std::allocator<float> >, std::allocator<std::vector<float, std::allocator<float> > > > > const&)
calls=101 1197 
* 3434 1313 1010 1 0 0 1
* 303
+5 3 0 1
cob=(4)
cfi=(175)
cfn=(2078)
calls=1 -52 
* 752 217 152 2 25
+1 1
+1 3 0 1 1 0 0 1
cob=(4)
cfi=(175)
cfn=(2140)
calls=1 -54 
* 188 60 41 0 10
-1 1
+1 7 6 0 1 1 0 1

fn=(1320) _GLOBAL__sub_I_main
136 4 0 2 1 0 0 1
cfn=(1322) __static_initialization_and_destruction_0()
calls=1 * 
* 48043 15595 14974 11 1 77 11 1 77
* 2 2

fn=(1322)
136 3 0 1 1 0 0 1
fi=(214) /home/ray847/projects/DataStructures/PJ/src/Global.h
-41 10 1 2 0 1 0 0 1
cfi=(215) /usr/include/c++/13/bits/random.h
cfn=(1326) std::mersenne_twister_engine<unsigned long, 32ul, 624ul, 397ul, 31ul, 2567483615ul, 11ul, 4294967295ul, 7ul, 2636928640ul, 15ul, 4022730752ul, 18ul, 1812433253ul>::mersenne_twister_engine(unsigned long)
calls=1 545 
* 48027 15592 14971 10 0 77 10 0 77
fe=(213)
+41 3 2

fn=(1382) run(global::DataSetInfo const&)
83 13 1 8 1 0 0 1
+2 5 3 2 1 1 0 1
+1 3 2 1 0 1
+1 3 2 1
+1 5 0 1 1 0 0 1
cob=(4)
cfi=(175)
cfn=(1384) 0x000000000010fbd0
calls=1 -88 
* 7791 2275 1091 69 58 10 69 8 2
+1 14 0 1 1 0 0 1
cfi=(233) /usr/include/c++/13/format
cfn=(1442) std::__cxx11::basic_string<char, std::char_traits<char>, std::allocator<char> > std::format<std::basic_string_view<char, std::char_traits<char> >&>(std::basic_format_string<char, std::type_identity<std::basic_string_view<char, std::char_traits<char> >&>::type>, std::basic_string_view<char, std::char_traits<char> >&)
calls=1 3821 
* 6890 2248 1806 246 5 8 246 2 1
* 5 0 1
cob=(4)
cfi=(175)
cfn=(1716) 0x000000000010fb80
calls=1 -89 
* 400 114 65 6 1 0 6
* 3 0 1
cfi=(239)
cfn=(1712)
calls=1 803 
* 1760 626 340 18 22 0 18 1
+2 5 1 1 1 0 0 1
cfn=(1752)
calls=1 -60 
* 2255758417 637353524 338941838 415 652 160059 395 197 80009
+1 5 1 1 0 1
cfn=(2168)
calls=1 -51 
* 22542860 6354485 3387619 118 320 1703 99 1 871
+1 5 1 1 0 1
cfn=(2286) load_labels(global::DataSetInfo const&)
calls=1 -38 
* 989492 295425 185939 249 272 228 208 22 191
+5 3 0 1 1 0 0 1
cfi=(275)
cfn=(2534) Solution::Solution()
calls=1 -78 
* 1171 344 271 62 1 4 60
* 2 0 1 0 0 1
fi=(252)
-10 1
fi=(241)
+75 3 0 1
fi=(252)
-75 1
fi=(241)
+75 1
fe=(213)
-63 5 0 1 1 0 0 1
cfi=(259)
cfn=(2598) std::vector<int, std::allocator<int> >::vector(unsigned long, std::allocator<int> const&)
calls=1 556 
* 589 203 161 39 0 1 39
* 7 1 1
cfi=(259)
cfn=(2640) std::vector<std::vector<int, std::allocator<int> >, std::allocator<std::vector<int, std::allocator<int> > > >::vector(unsigned long, std::vector<int, std::allocator<int> > const&, std::allocator<std::vector<int, std::allocator<int> > > const&)
calls=1 569 
* 86120 25513 21564 63 2 12 61
* 3 0 1
cfi=(259)
cfn=(2718) std::vector<int, std::allocator<int> >::~vector()
calls=1 733 
* 249 80 58 5 0 0 4
fi=(241)
+84 2
fe=(213)
-83 1 0 1 1 0 0 1
cob=(4)
cfi=(175)
cfn=(2740) 0x000000000010f7f0
calls=1 0 
* 900 313 139 11 19 0 5 5
* 1 0 1 0 0 1
+1 6 1 1
cfi=(275)
cfn=(2750) Solution::build(int, std::vector<float, std::allocator<float> > const&)
calls=1 +22 
* 56424697 20046421 14307311 849 96908 186461 546 96 186192
+1 1 0 1 1
cob=(4)
cfi=(175)
cfn=(2740)
calls=1 0 
* 31 12 3 6 3
* 1 0 1 0 0 1 0 0 1
+1 2 0 1 1 0 1 1 0 1
+1 600 100 100
cfi=(259)
cfn=(4098) std::vector<std::vector<int, std::allocator<int> >, std::allocator<std::vector<int, std::allocator<int> > > >::operator[](unsigned long)
calls=100 1126 
* 1500 500 300 2 100 0 2 1
* 200 0 100
cfi=(259)
cfn=(3606) std::vector<int, std::allocator<int> >::data()
calls=100 1260 
* 2100 800 600 0 99
* 700 100 100
cfi=(259)
cfn=(4100) std::vector<std::vector<float, std::allocator<float> >, std::allocator<std::vector<float, std::allocator<float> > > >::operator[](unsigned long)
calls=100 1126 
* 1500 500 300 0 100 0 0 1
* 600 0 100
cfi=(275)
cfn=(4102) Solution::search(std::vector<float, std::allocator<float> > const&, int*)
calls=100 272 
* 635332336 236163676 178833740 260 2056421 23693 110 892 470
-1 403 202 100 1 0 100 1
+3 1 0 1
cob=(4)
cfi=(175)
cfn=(2740)
calls=1 0 
* 31 12 3
* 1 0 1 0 0 1
+2 1 0 1 1 0 0 1
+1 202 0 101 0 0 1
fi=(252)
-22 100
fi=(241)
+75 100
fe=(213)
-52 500 100 100
cfi=(259)
cfn=(4098)
calls=100 1126 
* 1500 500 300 0 1
* 200 0 100 1 0 0 1
cfi=(259)
cfn=(2884) std::vector<int, std::allocator<int> >::end()
calls=100 893 
* 3200 1200 800 3 37
* 600 100 100
cfi=(259)
cfn=(4098)
calls=100 1126 
* 1500 500 300
* 200 0 100
cfi=(259)
cfn=(4158) std::vector<int, std::allocator<int> >::begin()
calls=100 873 
* 3100 1200 800
* 1200 0 200 1 0 0 1
cfi=(367) /usr/include/c++/13/bits/unordered_set.h
cfn=(4160) std::unordered_set<int, std::hash<int>, std::equal_to<int>, std::allocator<int> >::unordered_set<__gnu_cxx::__normal_iterator<int*, std::vector<int, std::allocator<int> > > >(__gnu_cxx::__normal_iterator<int*, std::vector<int, std::allocator<int> > >, __gnu_cxx::__normal_iterator<int*, std::vector<int, std::allocator<int> > >, unsigned long, std::hash<int> const&, std::equal_to<int> const&, std::allocator<int> const&)
calls=100 +62 
* 1412348 460229 391893 152 126 28 138 2 1
* 100
fi=(241)
+73 100
fe=(213)
-72 200 0 100
+1 5000 1000 1000 1 0 0 1
cfi=(259)
cfn=(4364) std::vector<std::vector<unsigned long, std::allocator<unsigned long> >, std::allocator<std::vector<unsigned long, std::allocator<unsigned long> > > >::operator[](unsigned long)
calls=1000 1126 
* 15000 5000 3000 1 1 0 1
* 5000 1000 1000
cfi=(259)
cfn=(4366) std::vector<unsigned long, std::allocator<unsigned long> >::operator[](unsigned long)
calls=1000 1126 
* 12000 5000 3000 1 38 0 1
* 7000 1000 2000 0 150
cfi=(367)
cfn=(4368) std::unordered_set<int, std::hash<int>, std::equal_to<int>, std::allocator<int> >::count(int const&) const
calls=1000 692 
* 529591 178393 151731 12 0 0 12
* 4992 0 992
-1 3200 1100 1000 1 0 0 1
+3 300 0 100
cfi=(367)
cfn=(4384) std::unordered_set<int, std::hash<int>, std::equal_to<int>, std::allocator<int> >::~unordered_set()
calls=100 -11 
* 338900 105000 84900 10 0 0 8
-5 504 202 100 1 0 0 1
+6 19 2 1 2 0 0 2
+4 5 0 1
cfi=(351) /usr/include/c++/13/bits/chrono.h
cfn=(4124) std::common_type<std::chrono::duration<long, std::ratio<1l, 1000000000l> >, std::chrono::duration<long, std::ratio<1l, 1000000000l> > >::type std::chrono::operator-<std::chrono::_V2::system_clock, std::chrono::duration<long, std::ratio<1l, 1000000000l> >, std::chrono::duration<long, std::ratio<1l, 1000000000l> > >(std::chrono::time_point<std::chrono::_V2::system_clock, std::chrono::duration<long, std::ratio<1l, 1000000000l> > > const&, std::chrono::time_point<std::chrono::_V2::system_clock, std::chrono::duration<long, std::ratio<1l, 1000000000l> > > const&)
calls=1 1141 
* 109 39 32
* 4 0 2
cfi=(351)
cfn=(4430) std::enable_if<std::chrono::__is_duration<std::chrono::duration<double, std::ratio<1l, 1l> > >::value, std::chrono::duration<double, std::ratio<1l, 1l> > >::type std::chrono::duration_cast<std::chrono::duration<double, std::ratio<1l, 1l> >, long, std::ratio<1l, 1000000000l> >(std::chrono::duration<long, std::ratio<1l, 1000000000l> > const&)
calls=1 273 
* 57 20 15 4 1 0 4
* 1 0 1 1 0 0 1
-2 14 2 3 1 0 0 1
cfi=(233)
cfn=(4436) std::__cxx11::basic_string<char, std::char_traits<char>, std::allocator<char> > std::format<std::chrono::duration<double, std::ratio<1l, 1l> > >(std::basic_format_string<char, std::type_identity<std::chrono::duration<double, std::ratio<1l, 1l> > >::type>, std::chrono::duration<double, std::ratio<1l, 1l> >&&)
calls=1 3821 
* 14941 4647 3421 590 107 55 151 5
+3 5 0 1
cob=(4)
cfi=(175)
cfn=(1716)
calls=1 0 
* 453 128 74 32 15 2 1
-3 3 0 1
cfi=(239)
cfn=(1712)
calls=1 803 
* 283 88 68 9
+6 5 0 1 1 0 0 1
cfi=(351)
cfn=(4124)
calls=1 1141 
* 109 39 32
* 4 0 2
cfi=(351)
cfn=(4430)
calls=1 273 
* 57 20 15
* 1 0 1
-2 14 2 3 1 0 0 1
cfi=(233)
cfn=(4436)
calls=1 3821 
* 13405 4132 3134 33
+3 5 0 1 1 0 0 1
cob=(4)
cfi=(175)
cfn=(1716)
calls=1 0 
* 453 128 74
-3 3 0 1
cfi=(239)
cfn=(1712)
calls=1 803 
* 283 88 68 1
+6 5 0 1
cfi=(351)
cfn=(4124)
calls=1 1141 
* 109 39 32
* 4 0 2 1 0 0 1
cfi=(351)
cfn=(4430)
calls=1 273 
* 57 20 15
* 1 0 1
-2 14 2 3 1 0 0 1
cfi=(233)
cfn=(4436)
calls=1 3821 
* 13244 4085 3108 39
+3 5 0 1 1 0 0 1
cob=(4)
cfi=(175)
cfn=(1716)
calls=1 0 
* 453 128 74
-3 3 0 1
cfi=(239)
cfn=(1712)
calls=1 803 
* 283 88 68 4
+6 5 0 1
cfi=(351)
cfn=(4124)
calls=1 1141 
* 109 39 32
* 4 0 2
cfi=(351)
cfn=(4430)
calls=1 273 
* 57 20 15
* 6 0 2 1 0 0 1
cfi=(351)
cfn=(4594) std::chrono::duration<std::enable_if<std::is_convertible<std::enable_if<!std::chrono::__is_duration<int>::value, int>::type const&, std::common_type<double, std::enable_if<!std::chrono::__is_duration<int>::value, int>::type>::type>::value, std::common_type<double, std::enable_if<!std::chrono::__is_duration<int>::value, int>::type>::type>::type, std::ratio<1l, 1l> > std::chrono::operator/<double, std::ratio<1l, 1l>, int>(std::chrono::duration<double, std::ratio<1l, 1l> > const&, int const&)
calls=1 756 
* 54 19 14 2 0 0 2
* 1 0 1
-2 14 2 3 1 0 0 1
cfi=(233)
cfn=(4436)
calls=1 3821 
* 12618 3889 3006 38 1 0 10 1
+3 5 0 1 1 0 0 1
cob=(4)
cfi=(175)
cfn=(1716)
calls=1 0 
* 453 128 74
-3 3 0 1
cfi=(239)
cfn=(1712)
calls=1 803 
* 283 88 68 1
+4 13 0 1 1 0 0 1
cfi=(233)
cfn=(4596) std::__cxx11::basic_string<char, std::char_traits<char>, std::allocator<char> > std::format<double&>(std::basic_format_string<char, std::type_identity<double&>::type>, double&)
calls=1 3821 
* 8151 2500 2040 95 9 1 93 9
* 5 0 1
cob=(4)
cfi=(175)
cfn=(1716)
calls=1 0 
* 453 128 74
* 3 0 1
cfi=(239)
cfn=(1712)
calls=1 803 
* 283 88 68
+1 3 0 1 1 0 0 1
cfn=(4756) save_res(std::vector<std::vector<int, std::allocator<int> >, std::allocator<std::vector<int, std::allocator<int> > > > const&)
calls=1 -61 
* 547315 159421 92507 260 105 36 56 9 1
+1 3 0 1
cfi=(259)
cfn=(4800) std::vector<std::vector<int, std::allocator<int> >, std::allocator<std::vector<int, std::allocator<int> > > >::~vector()
calls=1 733 
* 32052 9807 6877 35 0 0 5
* 3 0 1
cfi=(275)
cfn=(4824) Solution::~Solution()
calls=1 -51 
* 9707931 2937532 2084331 276 35087 0 61 547
* 3 0 1
cfi=(259)
cfn=(4914) std::vector<std::vector<unsigned long, std::allocator<unsigned long> >, std::allocator<std::vector<unsigned long, std::allocator<unsigned long> > > >::~vector()
calls=1 733 
* 31872 9777 6883 33 190 0 8
* 3 0 1 1 0 0 1
cfi=(259)
cfn=(4938) std::vector<std::vector<float, std::allocator<float> >, std::allocator<std::vector<float, std::allocator<float> > > >::~vector()
calls=1 733 
* 42642 13404 9275 20 164 1 4
* 3 0 1
cfi=(259)
cfn=(2252)
calls=1 733 
* 236 73 55 0 2
* 11 9 0 2 2 0 1 1

fn=(2286)
55 10 1 5 1 0 0 1
+1 5 3 2 0 1
+1 5 2 2 0 1
fi=(252)
+31 1
fi=(241)
+75 1
fe=(213)
58 6 0 1 1 0 0 1
cfi=(239)
cfn=(1754)
calls=1 795 
* 674 216 178 1 3 3
* 6 0 1
cob=(4)
cfi=(175)
cfn=(1774)
calls=1 -58 
* 1408 379 339 4 27 3
* 3 0 1 1 0 0 1
cfi=(239)
cfn=(1712)
calls=1 803 
* 283 88 68 1 2
fi=(241)
184 3 0 1
fi=(252)
-96 1
fi=(241)
+75 3 0 1
fi=(252)
-75 1
fi=(241)
+75 1
fe=(213)
61 5 0 1 1 0 0 1
cfi=(259)
cfn=(2290) std::vector<unsigned long, std::allocator<unsigned long> >::vector(unsigned long, std::allocator<unsigned long> const&)
calls=1 556 
* 734 229 172 35 2 2 35 0 2
+1 7 2 1
cfi=(259)
cfn=(2332) std::vector<std::vector<unsigned long, std::allocator<unsigned long> >, std::allocator<std::vector<unsigned long, std::allocator<unsigned long> > > >::vector(unsigned long, std::vector<unsigned long, std::allocator<unsigned long> > const&, std::allocator<std::vector<unsigned long, std::allocator<unsigned long> > > const&)
calls=1 569 
* 87455 25657 21226 57 2 194 56 0 187
-1 3 0 1
cfi=(259)
cfn=(2410) std::vector<unsigned long, std::allocator<unsigned long> >::~vector()
calls=1 733 
* 249 80 58 2 0 0 2
fi=(241)
184 2
fe=(213)
63 5 2 2 1 0 0 1
cfi=(259)
cfn=(2430) std::vector<std::vector<unsigned long, std::allocator<unsigned long> >, std::allocator<std::vector<unsigned long, std::allocator<unsigned long> > > >::begin()
calls=1 873 
* 31 12 8 2 0 0 2
* 4 1 2
cfi=(259)
cfn=(2434) std::vector<std::vector<unsigned long, std::allocator<unsigned long> >, std::allocator<std::vector<unsigned long, std::allocator<unsigned long> > > >::end()
calls=1 893 
* 32 12 8 1 0 0 1
* 302 0 101 1 0 0 1
cfi=(236)
cfn=(2440) __gnu_cxx::__normal_iterator<std::vector<unsigned long, std::allocator<unsigned long> >*, std::vector<std::vector<unsigned long, std::allocator<unsigned long> >, std::allocator<std::vector<unsigned long, std::allocator<unsigned long> > > > >::operator*() const
calls=100 1099 
* 800 400 200
* 100 0 100
+1 300 0 100
cfi=(239)
cfn=(1496) std::__cxx11::basic_string<char, std::char_traits<char>, std::allocator<char> >::basic_string()
calls=100 522 
* 18800 5900 5400 1
+1 500 0 100
cob=(4)
cfi=(175)
cfn=(2442) 0x000000000010f810
calls=100 -65 
* 100803 32165 22634 62 150 22 41 11 1
+1 300 0 100 1 0 0 1
cfi=(274) /usr/include/c++/13/bits/ios_base.h
cfn=(2470) std::operator|(std::_Ios_Openmode, std::_Ios_Openmode)
calls=100 +65 
* 900 400 300 1 0 0 1
* 600 0 100
cob=(4)
cfi=(175)
cfn=(2472) 0x000000000010fe10
calls=100 -66 
* 110705 33938 26452 30 50 1 19 7 1
+1 500 200 200 1 0 0 1
cfi=(259)
cfn=(2496) std::vector<unsigned long, std::allocator<unsigned long> >::begin()
calls=100 873 
* 3100 1200 800 3 1 0 3
* 400 100 200
cfi=(259)
cfn=(2500) std::vector<unsigned long, std::allocator<unsigned long> >::end()
calls=100 893 
* 3200 1200 800 1 0 0 1
* 3200 0 1100
cfi=(236)
cfn=(2506) __gnu_cxx::__normal_iterator<unsigned long*, std::vector<unsigned long, std::allocator<unsigned long> > >::operator*() const
calls=1000 1099 
* 8000 4000 2000
* 1000 0 1000
+1 5000 1000 1000
cob=(4)
cfi=(175)
cfn=(2508) 0x000000000010fd70
calls=1000 -68 
* 521047 150342 71968 28 25 3 27 4
-1 3000 0 1000
cfi=(236)
cfn=(2526) __gnu_cxx::__normal_iterator<unsigned long*, std::vector<unsigned long, std::allocator<unsigned long> > >::operator++()
calls=1000 1109 
* 12000 6000 3000
* 5500 0 1100 1 0 0 1
cfi=(236)
cfn=(2502) bool __gnu_cxx::operator==<unsigned long*, std::vector<unsigned long, std::allocator<unsigned long> > >(__gnu_cxx::__normal_iterator<unsigned long*, std::vector<unsigned long, std::allocator<unsigned long> > > const&, __gnu_cxx::__normal_iterator<unsigned long*, std::vector<unsigned long, std::allocator<unsigned long> > > const&)
calls=1100 1197 
* 37400 14300 11000 1 0 0 1
* 3300
+3 300 0 100
cob=(4)
cfi=(175)
cfn=(2528) 0x000000000010faf0
calls=100 -70 
* 22200 6600 4400 5 1 0 5
* 300 0 100
cfi=(239)
cfn=(1712)
calls=100 803 
* 28300 8800 6800
-7 300 0 100
cfi=(236)
cfn=(2532) __gnu_cxx::__normal_iterator<std::vector<unsigned long, std::allocator<unsigned long> >*, std::vector<std::vector<unsigned long, std::allocator<unsigned long> >, std::allocator<std::vector<unsigned long, std::allocator<unsigned long> > > > >::operator++()
calls=100 1109 
* 1200 600 300
* 505 0 101 2 0 0 2
cfi=(236)
cfn=(2436) bool __gnu_cxx::operator==<std::vector<unsigned long, std::allocator<unsigned long> >*, std::vector<std::vector<unsigned long, std::allocator<unsigned long> >, std::allocator<std::vector<unsigned long, std::allocator<unsigned long> > > > >(__gnu_cxx::__normal_iterator<std::vector<unsigned long, std::allocator<unsigned long> >*, std::vector<std::vector<unsigned long, std::allocator<unsigned long> >, std::allocator<std::vector<unsigned long, std::allocator<unsigned long> > > > > const&, __gnu_cxx::__normal_iterator<std::vector<unsigned long, std::allocator<unsigned long> >*, std::vector<std::vector<unsigned long, std::allocator<unsigned long> >, std::allocator<std::vector<unsigned long, std::allocator<unsigned long> > > > > const&)
calls=101 1197 
* 3434 1313 1010 1 0 0 1
* 303
+8 3 0 1
cob=(4)
cfi=(175)
cfn=(2078)
calls=1 -71 
* 752 217 152 0 6
+1 1
+1 3 0 1
cob=(4)
cfi=(175)
cfn=(2140)
calls=1 -73 
* 188 60 41 0 1
-1 1
+1 7 6 0 2 0 0 2

fn=(1380) main
18 3 0 1
+1 3 0 1 1 0 0 1
cfn=(1382)
calls=1 +64 
* 2983937091 904159631 538542996 4104 2191023 372408 2456 1800 267740
+4 1 0 0 1
+1 2 2

fn=(4756)
74 9 1 4 2 0 0 2
+1 6 0 1
cob=(4)
cfi=(175)
cfn=(4758) 0x000000000010fc30
calls=1 -75 
* 2005 508 431 104 23 6 12 3 1
+1 2 0 1 1 0 0 1
+1 200 0 100
+1 5000 2000 1000
cfi=(259)
cfn=(4766) std::vector<std::vector<int, std::allocator<int> >, std::allocator<std::vector<int, std::allocator<int> > > >::operator[](unsigned long) const
calls=1000 1145 
* 15000 5000 3000
* 5000 1000 1000
cfi=(259)
cfn=(3560) std::vector<int, std::allocator<int> >::operator[](unsigned long) const
calls=1000 1145 
* 12000 5000 3000 2 2
* 5000 1000 1000 0 5
cob=(4)
cfi=(175)
cfn=(2986) 0x000000000010fed0
calls=1000 -78 
* 395938 102213 60049 58 13 23 14
* 3000 0 1000
cob=(4)
cfi=(175)
cfn=(4776) 0x000000000010fca0
calls=1000 -78 
* 86000 36000 18000 9 1 5 3
-1 3200 1100 1000 1 0 0 1
+3 400 0 100
cob=(4)
cfi=(175)
cfn=(4776)
calls=100 -80 
* 8600 3600 1800 0 0 2
-4 400 100 200
cfi=(259)
cfn=(4764) std::vector<std::vector<int, std::allocator<int> >, std::allocator<std::vector<int, std::allocator<int> > > >::size() const
calls=100 992 
* 1400 600 200
* 3 1 1 1 0 0 1
cfi=(259)
cfn=(4764)
calls=1 992 
* 14 6 2 2 0 0 2
* 404 101
+6 3 0 1
cob=(4)
cfi=(175)
cfn=(4780) 0x000000000010fda0
calls=1 -82 
* 3725 1186 617 78 61 0 18 6
* 6 5 0 2 0 0 2

fl=(244)
fn=(1522)
541 2039361 0 679787
+6 679787
+4 1359574 1359574

fl=(211)
fn=(1306)
0 12 2 3 1 1 0 1
cob=(2)
cfi=(212) ./csu/../csu/libc-start.c
cfn=(1308) __libc_start_main@@GLIBC_2.34
calls=1 242 
0 2983995540 904178536 538559709 4345 2191280 372518 2639 1843 267822

fn=(1314) 0x0000000000008060
0 12 1 0 3 0 0 3

fn=(4970)
0 9 3 2 1 3
cob=(4)
cfi=(175)
cfn=(4976) 0x000000000010f7d0
calls=1 0 
0 134 31 13 9 7 1 8 2 1
0 1 0 1
cfn=(4986) 0x0000000000007fb0
calls=1 0 
0 5 1 0 2
0 3 2 1

fn=(4986)
0 5 1 0 2

fn=(3806) std::_Head_base<0ul, Solution::build(int, std::vector<float, std::allocator<float> > const&)::{lambda()#1}, false>::_M_head(std::_Head_base<0ul, Solution::build(int, std::vector<float, std::allocator<float> > const&)::{lambda()#1}, false>&)
0 7 3 2

fl=(215)
fn=(2838) std::uniform_real_distribution<double>::uniform_real_distribution(double, double)
1840 70000 0 40000 2 0 0 2
+1 70000 30000 10000
cfn=(2840) std::uniform_real_distribution<double>::param_type::param_type(double, double)
calls=10000 -45 
* 270000 80000 80000 2 0 0 2
+1 30000 20000

fn=(2846) std::__detail::_Adaptor<std::mersenne_twister_engine<unsigned long, 32ul, 624ul, 397ul, 31ul, 2567483615ul, 11ul, 4294967295ul, 7ul, 2636928640ul, 15ul, 4022730752ul, 18ul, 1812433253ul>, double>::_Adaptor(std::mersenne_twister_engine<unsigned long, 32ul, 624ul, 397ul, 31ul, 2567483615ul, 11ul, 4294967295ul, 7ul, 2636928640ul, 15ul, 4022730752ul, 18ul, 1812433253ul>&)
173 50000 0 30000 1 0 0 1
+1 60000 40000 10000 1 0 0 1

fn=(1334) unsigned long std::__detail::__mod<unsigned long, 624ul, 1ul, 0ul>(unsigned long)
150 62300 0 24920
+7 12460 0 12460
+1 37380 12460 12460 3 0 0 1
cfn=(1336) std::__detail::_Mod<unsigned long, 624ul, 1ul, 0ul, true, true>::__calc(unsigned long)
calls=12460 -19 
* 249200 62300 49840 2 0 0 1
+2 24920 24920

fn=(2864) std::mersenne_twister_engine<unsigned long, 32ul, 624ul, 397ul, 31ul, 2567483615ul, 11ul, 4294967295ul, 7ul, 2636928640ul, 15ul, 4022730752ul, 18ul, 1812433253ul>::min()
570 60000 0 20000
+1 60000 40000

fn=(1330) unsigned long std::__detail::__mod<unsigned long, 4294967296ul, 1ul, 0ul>(unsigned long)
150 62400 0 24960 3 0 0 1
+7 12480 0 12480
+1 37440 12480 12480
cfn=(1332) std::__detail::_Mod<unsigned long, 4294967296ul, 1ul, 0ul, true, true>::__calc(unsigned long)
calls=12480 -19 
* 137280 49920 49920 3 0 0 1
+2 24960 24960

fn=(1332)
139 49920 0 24960 3 0 0 1
+2 24960 12480 12480
+2 24960 0 12480
+1 12480 12480
+1 24960 24960

fn=(2840)
1796 70000 0 40000 1 0 0 1
+1 60000 40000 20000
+2 10000 0 10000
cfi=(244)
cfn=(1522)
calls=10000 541 
* 60000 20000 10000
* 40000 0 0 1 0 0 1
+1 30000 20000

fn=(2842) double std::uniform_real_distribution<double>::operator()<std::mersenne_twister_engine<unsigned long, 32ul, 624ul, 397ul, 31ul, 2567483615ul, 11ul, 4294967295ul, 7ul, 2636928640ul, 15ul, 4022730752ul, 18ul, 1812433253ul> >(std::mersenne_twister_engine<unsigned long, 32ul, 624ul, 397ul, 31ul, 2567483615ul, 11ul, 4294967295ul, 7ul, 2636928640ul, 15ul, 4022730752ul, 18ul, 1812433253ul>&)
1899 60000 0 30000 1 0 0 1
+1 60000 30000 10000
cfn=(2844) double std::uniform_real_distribution<double>::operator()<std::mersenne_twister_engine<unsigned long, 32ul, 624ul, 397ul, 31ul, 2567483615ul, 11ul, 4294967295ul, 7ul, 2636928640ul, 15ul, 4022730752ul, 18ul, 1812433253ul> >(std::mersenne_twister_engine<unsigned long, 32ul, 624ul, 397ul, 31ul, 2567483615ul, 11ul, 4294967295ul, 7ul, 2636928640ul, 15ul, 4022730752ul, 18ul, 1812433253ul>&, std::uniform_real_distribution<double>::param_type const&)
calls=10000 +4 
* 4679599 1618321 982007 31 3965 0 31 3
* 20000 20000

fn=(2844)
1904 110000 10000 60000 1 0 0 1
+4 50000 10000 10000
cfn=(2846)
calls=10000 173 
* 110000 40000 40000 2 0 0 2
+1 30000 0 10000
cfn=(2848) std::__detail::_Adaptor<std::mersenne_twister_engine<unsigned long, 32ul, 624ul, 397ul, 31ul, 2567483615ul, 11ul, 4294967295ul, 7ul, 2636928640ul, 15ul, 4022730752ul, 18ul, 1812433253ul>, double>::operator()()
calls=10000 190 
* 3919599 1338321 752007 25 3965 0 25 3
* 40000 10000 20000 1 0 0 1
cfn=(2866) std::uniform_real_distribution<double>::param_type::b() const
calls=10000 1807 
* 80000 40000 20000
* 40000 10000 10000
cfn=(2868) std::uniform_real_distribution<double>::param_type::a() const
calls=10000 1803 
* 80000 40000 20000 1 0 0 1
* 70000 20000 20000
cfn=(2868)
calls=10000 1803 
* 80000 40000 20000
* 10000 10000
+1 60000 50000 0 1 0 0 1

fn=(2848)
190 50000 0 20000
+4 40000 20000 10000
cfi=(216) /usr/include/c++/13/bits/random.tcc
cfn=(2850) double std::generate_canonical<double, 53ul, std::mersenne_twister_engine<unsigned long, 32ul, 624ul, 397ul, 31ul, 2567483615ul, 11ul, 4294967295ul, 7ul, 2636928640ul, 15ul, 4022730752ul, 18ul, 1812433253ul> >(std::mersenne_twister_engine<unsigned long, 32ul, 624ul, 397ul, 31ul, 2567483615ul, 11ul, 4294967295ul, 7ul, 2636928640ul, 15ul, 4022730752ul, 18ul, 1812433253ul>&)
calls=10000 3349 
* 3809599 1298321 722007 25 3965 0 25 3
+1 20000 20000

fn=(1336)
139 49840 0 24920
+2 24920 12460 12460
+2 137060 12460 12460 2 0 0 1
+1 12460 12460
+1 24920 24920

fn=(2868)
1803 80000 0 40000 1 0 0 1
+1 80000 80000

fn=(1326)
545 120 0 60 3 0 0 1
+1 100 40 20 10 0 0 1
cfi=(216)
cfn=(1328) std::mersenne_twister_engine<unsigned long, 32ul, 624ul, 397ul, 31ul, 2567483615ul, 11ul, 4294967295ul, 7ul, 2636928640ul, 15ul, 4022730752ul, 18ul, 1812433253ul>::seed(unsigned long)
calls=20 326 
* 960260 311760 299340 44 0 1373 8 0 1283
* 60 40

fn=(2866)
1807 40000 0 20000
+1 40000 40000

fl=(278) /usr/include/c++/13/bits/vector.tcc
fn=(3094) std::vector<std::thread, std::allocator<std::thread> >::reserve(unsigned long)
67 6 0 3 2 0 0 2
+3 3 1 1
cfi=(259)
cfn=(3096) std::vector<std::thread, std::allocator<std::thread> >::max_size() const
calls=1 998 
* 58 20 16 4 0 0 4
* 4 1
+2 3 1 1
cfi=(259)
cfn=(3102) std::vector<std::thread, std::allocator<std::thread> >::capacity() const
calls=1 1078 
* 13 6 2 1 0 0 1
* 4 1 0 1 0 0 1
+2 3 1 1
cfi=(259)
cfn=(3104) std::vector<std::thread, std::allocator<std::thread> >::size() const
calls=1 992 
* 13 6 2
* 1 0 1
+5 5 2 1
cfi=(259)
cfn=(3106) std::_Vector_base<std::thread, std::allocator<std::thread> >::_M_allocate(unsigned long)
calls=1 378 
* 273 61 38 5 1 1 5 0 1
* 1 0 1
+2 3 1 1
cfi=(259)
cfn=(3112) std::_Vector_base<std::thread, std::allocator<std::thread> >::_M_get_Tp_allocator()
calls=1 301 
* 7 3 2 1 0 0 1
* 1
-1 7 5 1 1 0 0 1
cfi=(259)
cfn=(3114) std::vector<std::thread, std::allocator<std::thread> >::_S_relocate(std::thread*, std::thread*, std::thread*, std::allocator<std::thread>&)
calls=1 504 
* 88 30 30 5 0 0 5
+13 1 1
+1 2 2
+1 5 2
-2 7 2 1 1 0 0 1
cfi=(259)
cfn=(3122) std::_Vector_base<std::thread, std::allocator<std::thread> >::_M_deallocate(std::thread*, unsigned long)
calls=1 386 
* 12 3 4 2 0 0 2
+3 3 2 1
+1 6 3 1
+1 7 4 1 1 0 0 1
+2 3 2

fn=(3124) std::thread& std::vector<std::thread, std::allocator<std::thread> >::emplace_back<Solution::build(int, std::vector<float, std::allocator<float> > const&)::{lambda(int)#1}&, unsigned int&>(Solution::build(int, std::vector<float, std::allocator<float> > const&)::{lambda(int)#1}&, unsigned int&)
111 162 0 108
+3 108 72
+3 54 18 18 1 0 0 1
cfi=(240)
cfn=(3126) unsigned int& std::forward<unsigned int&>(std::remove_reference<unsigned int&>::type&)
calls=18 -47 
* 126 54 36 1 0 0 1
* 72 18 18
cfi=(240)
cfn=(3128) Solution::build(int, std::vector<float, std::allocator<float> > const&)::{lambda(int)#1}& std::forward<Solution::build(int, std::vector<float, std::allocator<float> > const&)::{lambda(int)#1}&>(std::remove_reference<Solution::build(int, std::vector<float, std::allocator<float> > const&)::{lambda(int)#1}&>::type&)
calls=18 -47 
* 126 54 36
* 126 54 72
fi=(253) /usr/include/c++/13/bits/alloc_traits.h
540 54 18 18
cfi=(240)
cfn=(3126)
calls=18 70 
* 126 54 36
* 72 18 18 1 0 0 1
cfi=(240)
cfn=(3128)
calls=18 70 
* 126 54 36
* 108 18 18
cfi=(250) /usr/include/c++/13/bits/stl_construct.h
cfn=(3132) decltype (::new ((void*)(0)) std::thread((declval<Solution::build(int, std::vector<float, std::allocator<float> > const&)::{lambda(int)#1}&>)(), (declval<unsigned int&>)())) std::construct_at<std::thread, Solution::build(int, std::vector<float, std::allocator<float> > const&)::{lambda(int)#1}&, unsigned int&>(std::thread*, Solution::build(int, std::vector<float, std::allocator<float> > const&)::{lambda(int)#1}&, unsigned int&)
calls=18 94 
* 39700 9973 8474 296 500 521 139 11 438
+2 18
fe=(278)
119 108 54 18 0 16
+6 54 18 18 2 0 0 2
cfi=(259)
cfn=(3238) std::vector<std::thread, std::allocator<std::thread> >::back()
calls=18 1233 
* 1872 648 504 15 0 0 7
+2 90 72 0 0 8

fn=(2978) std::vector<int, std::allocator<int> >::_M_default_append(unsigned long)
634 70000 0 40000
+3 20000 10000 0 1 0 0 1
+2 30000 10000 10000
cfi=(259)
cfn=(2682) std::vector<int, std::allocator<int> >::size() const
calls=10000 992 
* 130000 60000 20000
* 10000 0 10000
+1 20000 20000
+1 50000 20000
-1 10000 0 10000
+3 30000 10000 10000
cfi=(259)
cfn=(2894) std::vector<int, std::allocator<int> >::max_size() const
calls=10000 998 
* 580000 200000 160000
* 50000 20000 10000 1 0 0 1
cfi=(259)
cfn=(2894)
calls=10000 998 
* 580000 200000 160000
* 50000 20000
+3 30000 20000
+12 30000 20000 10000 1 0 0 1
+1 30000 20000 10000
+3 60000 20000 10000 1 0 0 1
cfi=(259)
cfn=(2892) std::vector<int, std::allocator<int> >::_M_check_len(unsigned long, char const*) const
calls=10000 1896 
* 2410000 880000 580000
* 10000 0 10000
+1 50000 20000 10000
cfi=(259)
cfn=(2612) std::_Vector_base<int, std::allocator<int> >::_M_allocate(unsigned long)
calls=10000 378 
* 2676608 601771 380965 18 344 9999 1 0 9998
* 10000 0 10000
+6 30000 10000 10000
cfi=(259)
cfn=(2620) std::_Vector_base<int, std::allocator<int> >::_M_get_Tp_allocator()
calls=10000 301 
* 70000 30000 20000
* 10000
-1 80000 30000 10000 1 0 0 1
cfi=(262) /usr/include/c++/13/bits/stl_uninitialized.h
cfn=(2622) int* std::__uninitialized_default_n_a<int*, unsigned long, int>(int*, unsigned long, std::allocator<int>&)
calls=10000 777 
* 10812880 5707360 3113680 0 0 70742 0 0 70727
+9 30000 10000 10000
cfi=(259)
cfn=(2620)
calls=10000 301 
* 70000 30000 20000
* 10000
-1 50000 30000 10000 1 0 0 1
cfi=(259)
cfn=(2980) std::vector<int, std::allocator<int> >::_S_relocate(int*, int*, int*, std::allocator<int>&)
calls=10000 504 
* 950000 330000 300000 6 0 0 6
+27 10000 10000
+1 40000 30000
-1 40000 10000 10000
cfi=(259)
cfn=(2728) std::_Vector_base<int, std::allocator<int> >::_M_deallocate(int*, unsigned long)
calls=10000 386 
* 120000 30000 40000
+2 30000 20000 10000
+1 80000 40000 10000 1 0 0 1
+1 60000 30000 10000
+3 50000 30000 0 1 0 0 1

fn=(3322) std::vector<unsigned short, std::allocator<unsigned short> >::_M_fill_insert(__gnu_cxx::__normal_iterator<unsigned short*, std::vector<unsigned short, std::allocator<unsigned short> > >, unsigned long, unsigned short const&)
529 247 19 152 6 0 18 2 0 18
+3 38 19
+2 38 38
+1 95 38
-1 38 19 0 3 0 0 1
+46 57 38 19 3 0 18 1 0 18
+1 57 38 19
+1 57 0 19 3 0 0 1
cfi=(236)
cfn=(3324) __gnu_cxx::__normal_iterator<unsigned short*, std::vector<unsigned short, std::allocator<unsigned short> > >::base() const
calls=19 1162 
* 133 57 38 4 0 18 2 0 18
* 38 19 19
+3 114 38 19
cfi=(259)
cfn=(3326) std::vector<unsigned short, std::allocator<unsigned short> >::_M_check_len(unsigned long, char const*) const
calls=19 1896 
* 4579 1672 1102 22 0 55 9 0 54
* 19 0 19
+1 76 38 19 3 0 0 1
+1 95 38 19
cfi=(259)
cfn=(3334) std::_Vector_base<unsigned short, std::allocator<unsigned short> >::_M_allocate(unsigned long)
calls=19 378 
* 30500 3204 6124 114 148 905 33 2 903
* 19 0 19 0 0 1
+1 38 19 19
+6 57 19 19 1 0 0 1
cfi=(259)
cfn=(3354) std::_Vector_base<unsigned short, std::allocator<unsigned short> >::_M_get_Tp_allocator()
calls=19 301 
* 133 57 38 3 0 0 2
* 19
-2 152 76 19
cfi=(262)
cfn=(3356) unsigned short* std::__uninitialized_fill_n_a<unsigned short*, unsigned long, unsigned short, unsigned short>(unsigned short*, unsigned long, unsigned short const&, std::allocator<unsigned short>&)
calls=19 465 
* 1332660 760855 380798 48 1 5927 10 0 5927
+3 19 0 19 2 0 0 1
+4 57 19 19
cfi=(259)
cfn=(3354)
calls=19 301 
* 133 57 38
* 114 57 19
cfi=(262)
cfn=(3370) unsigned short* std::__uninitialized_move_if_noexcept_a<unsigned short*, unsigned short*, std::allocator<unsigned short> >(unsigned short*, unsigned short*, unsigned short*, std::allocator<unsigned short>&)
calls=19 393 
* 7049 2185 2128 64 0 0 22
* 19 0 19
+2 57 19 19 1 0 0 1
+4 57 19 19
cfi=(259)
cfn=(3354)
calls=19 301 
* 133 57 38
* 114 57 19
cfi=(262)
cfn=(3370)
calls=19 393 
* 7049 2185 2128
* 19 0 19
+14 57 19 19 1 0 0 1
cfi=(259)
cfn=(3354)
calls=19 301 
* 133 57 38
* 95 38 57 0 0 18 0 0 18
fi=(253)
948 95 38 19
cfi=(250)
cfn=(3404) void std::_Destroy<unsigned short*>(unsigned short*, unsigned short*)
calls=19 182 
* 570 152 171 2 0 0 2
+1 19
fe=(278)
621 19 19 0 1 0 0 1
+1 76 57 0 0 1
-1 76 19 19
cfi=(259)
cfn=(3410) std::_Vector_base<unsigned short, std::allocator<unsigned short> >::_M_deallocate(unsigned short*, unsigned long)
calls=19 386 
* 228 57 76 3 0 0 1
+2 57 38 19 0 0 1
+1 57 38 19 2 0 0 1
+1 114 57 19
+3 190 114 0 13 2 0 2

fn=(2752) std::vector<float, std::allocator<float> >::operator=(std::vector<float, std::allocator<float> > const&)
210 13 1 8 2 0 2 1
+3 3 1 1
cfi=(240)
cfn=(2754) std::vector<float, std::allocator<float> > const* std::__addressof<std::vector<float, std::allocator<float> > const>(std::vector<float, std::allocator<float> > const&)
calls=1 51 
* 7 3 2 1
* 4 1
fi=(279) /usr/include/c++/13/ext/alloc_traits.h
106 1
fe=(278)
217 2
+18 3 1 1 2 0 0 2
cfi=(259)
cfn=(2214) std::vector<float, std::allocator<float> >::size() const
calls=1 992 
* 13 6 2 1
* 1 0 1 0 0 1
+1 3 1 1
cfi=(259)
cfn=(2758) std::vector<float, std::allocator<float> >::capacity() const
calls=1 1078 
* 13 6 2 1
* 4 1
+2 3 1 1
cfi=(259)
cfn=(2218) std::vector<float, std::allocator<float> >::end() const
calls=1 903 
* 32 12 8 1 0 1
* 4 1 1 1 0 0 1
cfi=(259)
cfn=(2222) std::vector<float, std::allocator<float> >::begin() const
calls=1 883 
* 31 12 8
* 6 2 1
cfi=(259)
cfn=(2760) float* std::vector<float, std::allocator<float> >::_M_allocate_and_copy<__gnu_cxx::__normal_iterator<float const*, std::vector<float, std::allocator<float> > > >(unsigned long, __gnu_cxx::__normal_iterator<float const*, std::vector<float, std::allocator<float> > >, __gnu_cxx::__normal_iterator<float const*, std::vector<float, std::allocator<float> > >)
calls=1 1616 
* 564101 160197 160161 28 80014 80009 11 0 80002
* 1 0 1 0 0 1
+3 3 1 1
cfi=(259)
cfn=(1894) std::_Vector_base<float, std::allocator<float> >::_M_get_Tp_allocator()
calls=1 +60 
* 7 3 2
-1 7 4 3 1 1 1 1
fi=(253)
948 5 2 1
cfi=(250)
cfn=(2254) void std::_Destroy<float*>(float*, float*)
calls=1 182 
* 30 8 9 2
+1 1
fe=(278)
242 1 1
+1 2 2
+1 5 2 0 1 0 0 1
-2 7 2 1
cfi=(259)
cfn=(2262) std::_Vector_base<float, std::allocator<float> >::_M_deallocate(float*, unsigned long)
calls=1 386 
* 12 3 4 1
+3 3 2 1
+1 8 4 1 1 0 0 1
+16 7 4 1 2 0 0 2
+2 1 1
+1 10 8 0 0 2

fn=(2888) std::vector<int, std::allocator<int> >::_M_fill_insert(__gnu_cxx::__normal_iterator<int*, std::vector<int, std::allocator<int> > >, unsigned long, int const&)
529 130000 10000 80000 2 0 0 2
+3 20000 10000
+2 20000 20000 0 0 10000
+1 50000 20000 0 1 0 0 1
-1 20000 10000
+46 30000 20000 10000 1 0 0 1
+1 30000 20000 10000 1 0 0 1
+1 30000 0 10000
cfi=(236)
cfn=(2890) __gnu_cxx::__normal_iterator<int*, std::vector<int, std::allocator<int> > >::base() const
calls=10000 1162 
* 70000 30000 20000 1 0 0 1
* 20000 10000 10000
+3 60000 20000 10000 1 0 0 1
cfi=(259)
cfn=(2892)
calls=10000 1896 
* 2410000 880000 580000 5 0 0 5
* 10000 0 10000
+1 40000 20000 10000
+1 50000 20000 10000
cfi=(259)
cfn=(2612)
calls=10000 378 
* 2700344 620067 380052 2 22 5001 2 0 4997
* 10000 0 10000 1 0 0 1
+1 20000 10000 10000
+6 30000 10000 10000
cfi=(259)
cfn=(2620)
calls=10000 301 
* 70000 30000 20000
* 10000
-2 80000 40000 10000 1 0 0 1
cfi=(262)
cfn=(2896) int* std::__uninitialized_fill_n_a<int*, unsigned long, int, int>(int*, unsigned long, int const&, std::allocator<int>&)
calls=10000 465 
* 1471295 490740 440370 3 0 0 3
+3 10000 0 10000
+4 30000 10000 10000
cfi=(259)
cfn=(2620)
calls=10000 301 
* 70000 30000 20000
* 60000 30000 10000 1 0 0 1
cfi=(262)
cfn=(2902) int* std::__uninitialized_move_if_noexcept_a<int*, int*, std::allocator<int> >(int*, int*, int*, std::allocator<int>&)
calls=10000 393 
* 3710000 1150000 1120000 22 0 2 21
* 10000 0 10000
+2 30000 10000 10000
+4 30000 10000 10000
cfi=(259)
cfn=(2620)
calls=10000 301 
* 70000 30000 20000
* 60000 30000 10000 1 0 0 1
cfi=(262)
cfn=(2902)
calls=10000 393 
* 3710000 1150000 1120000
* 10000 0 10000
+14 30000 10000 10000
cfi=(259)
cfn=(2620)
calls=10000 301 
* 70000 30000 20000
* 50000 20000 30000 1 0 0 1
fi=(253)
948 50000 20000 10000
cfi=(250)
cfn=(2720) void std::_Destroy<int*>(int*, int*)
calls=10000 182 
* 300000 80000 90000
+1 10000
fe=(278)
621 10000 10000
+1 40000 30000
-1 40000 10000 10000 1 0 0 1
cfi=(259)
cfn=(2728)
calls=10000 386 
* 120000 30000 40000
+2 30000 20000 10000
+1 30000 20000 10000
+1 60000 30000 10000 1 0 0 1
+3 100000 60000 0 2 0 0 2

fn=(3444) std::pair<float, int>& std::vector<std::pair<float, int>, std::allocator<std::pair<float, int> > >::emplace_back<std::pair<float, int> >(std::pair<float, int>&&)
111 101213196 0 57836112 1 0 1 1
+3 86754168 57836112 0 0 110 0 0 16
+3 42750957 14250319 14250319 0 0 19 0 0 3
cfi=(240)
cfn=(3446) std::pair<float, int>&& std::forward<std::pair<float, int> >(std::remove_reference<std::pair<float, int> >::type&)
calls=14250319 -47 
* 99752233 42750957 28500638
* 85501914 42750957 42750957 0 2
fi=(253)
540 42750957 14250319 14250319 0 0 1
cfi=(240)
cfn=(3446)
calls=14250319 70 
* 99752233 42750957 28500638
* 71251595 14250319 14250319 0 3 3
cfi=(250)
cfn=(3478) decltype (::new ((void*)(0)) std::pair<float, int>((declval<std::pair<float, int> >)())) std::construct_at<std::pair<float, int>, std::pair<float, int> >(std::pair<float, int>*, std::pair<float, int>&&)
calls=14250319 94 
* 513011484 171003828 171003828 0 16 1232568 0 0 21316
+2 14250319
fe=(278)
119 85501914 42750957 14250319 0 14 0 0 2
+4 626127 208709 208709 2 0 1 1
cfi=(240)
cfn=(3446)
calls=208709 -53 
* 1460963 626127 417418 1 0 0 1
* 834836 208709 208709
cfi=(259)
cfn=(3448) std::vector<std::pair<float, int>, std::allocator<std::pair<float, int> > >::end()
calls=208709 893 
* 6678688 2504508 1669672 4 1 1 4
* 1252254 208709 208709
cfn=(3452) void std::vector<std::pair<float, int>, std::allocator<std::pair<float, int> > >::_M_realloc_insert<std::pair<float, int> >(__gnu_cxx::__normal_iterator<std::pair<float, int>*, std::vector<std::pair<float, int>, std::allocator<std::pair<float, int> > > >, std::pair<float, int>&&)
calls=208709 445 
* 2004845775 663383392 634332523 80 1055565 1791387 39 6017 26846
+2 43377084 14459028 14459028 0 28 1 0 5 1
cfi=(259)
cfn=(3492) std::vector<std::pair<float, int>, std::allocator<std::pair<float, int> > >::back()
calls=14459028 1233 
* 1503738912 520525008 404852784 4 79 63 3 15 8
+2 43377084 43377084 0 0 85 0 0 8

fn=(3452)
445 2295799 208709 1252254 0 0 1
+10 1043545 208709 208709 3 0 0 1
cfi=(259)
cfn=(3454) std::vector<std::pair<float, int>, std::allocator<std::pair<float, int> > >::_M_check_len(unsigned long, char const*) const
calls=208709 1896 
* 50110724 18366392 12105122 23 0 3 12
* 208709 0 208709
+1 626127 417418 208709
+1 626127 417418 208709
+1 626127 208709 208709
cfi=(259)
cfn=(3464) std::vector<std::pair<float, int>, std::allocator<std::pair<float, int> > >::begin()
calls=208709 873 
* 6469979 2504508 1669672 1 0 0 1
* 1252254 0 417418 2 0 0 1
cfi=(236)
cfn=(3466) __gnu_cxx::__normal_iterator<std::pair<float, int>*, std::vector<std::pair<float, int>, std::allocator<std::pair<float, int> > > >::difference_type __gnu_cxx::operator-<std::pair<float, int>*, std::vector<std::pair<float, int>, std::allocator<std::pair<float, int> > > >(__gnu_cxx::__normal_iterator<std::pair<float, int>*, std::vector<std::pair<float, int>, std::allocator<std::pair<float, int> > > > const&, __gnu_cxx::__normal_iterator<std::pair<float, int>*, std::vector<std::pair<float, int>, std::allocator<std::pair<float, int> > > > const&)
calls=208709 1334 
* 7513524 2713217 2087090 2 0 0 2
* 208709 0 208709
+1 1043545 417418 208709
cfi=(259)
cfn=(3470) std::_Vector_base<std::pair<float, int>, std::allocator<std::pair<float, int> > >::_M_allocate(unsigned long)
calls=208709 -81 
* 35888898 8976855 6435730 15 513981 73346 7 4977 609
* 208709 0 208709
+1 417418 208709 208709
+8 626127 208709 208709
cfi=(240)
cfn=(3446)
calls=208709 70 
* 1460963 626127 417418
+1 417418 208709 0 5 0 0 1
-1 1252254 417418 626127
fi=(253)
+72 626127 208709 208709
cfi=(240)
cfn=(3446)
calls=208709 70 
* 1460963 626127 417418
* 1043545 208709 208709 2 0 0 1
cfi=(250)
cfn=(3478)
calls=208709 94 
* 7513524 2504508 2504508 0 0 150110 0 0 2866
+2 208709
fe=(278)
-67 208709 0 208709
+6 626127 208709 208709
cfi=(259)
cfn=(3480) std::_Vector_base<std::pair<float, int>, std::allocator<std::pair<float, int> > >::_M_get_Tp_allocator()
calls=208709 301 
* 1460963 626127 417418
* 208709
-1 626127 0 208709
cfi=(236)
cfn=(3468) __gnu_cxx::__normal_iterator<std::pair<float, int>*, std::vector<std::pair<float, int>, std::allocator<std::pair<float, int> > > >::base() const
calls=208709 1162 
* 1460963 626127 417418
* 1252254 626127 208709
cfi=(259)
cfn=(3482) std::vector<std::pair<float, int>, std::allocator<std::pair<float, int> > >::_S_relocate(std::pair<float, int>*, std::pair<float, int>*, std::pair<float, int>*, std::allocator<std::pair<float, int> >&)
calls=208709 +24 
* 1812719799 599881946 586390567 13 386990 1567886 9 920 23366
* 208709 0 208709 0 0 28 0 0 3
+3 208709 0 208709 2 0 0 1
+3 626127 208709 208709
cfi=(259)
cfn=(3480)
calls=208709 301 
* 1460963 626127 417418
* 208709
-1 626127 0 208709
cfi=(236)
cfn=(3468)
calls=208709 1162 
* 1460963 626127 417418
* 1252254 626127 208709
cfi=(259)
cfn=(3482)
calls=208709 +19 
* 18366392 6261270 6261270
* 208709 0 208709
+34 208709 208709
+1 834836 626127 0 1 28 0 1 3
-1 834836 208709 208709
cfi=(259)
cfn=(3490) std::_Vector_base<std::pair<float, int>, std::allocator<std::pair<float, int> > >::_M_deallocate(std::pair<float, int>*, unsigned long)
calls=208709 386 
* 32660786 9860865 6651823 10 154527 13 1 114 2
+2 626127 417418 208709
+1 626127 417418 208709
+1 1252254 626127 208709 1 0 0 1
+1 1460963 1043545 0 0 39 0 0 3

fn=(3588) std::vector<std::pair<float, int>, std::allocator<std::pair<float, int> > >::reserve(unsigned long)
67 61092 0 30546
+3 30546 10182 10182
cfi=(259)
cfn=(3456) std::vector<std::pair<float, int>, std::allocator<std::pair<float, int> > >::max_size() const
calls=10182 998 
* 590556 203640 162912 1
* 40728 10182 0 3 0 0 1
+2 30546 10182 10182
cfi=(259)
cfn=(3590) std::vector<std::pair<float, int>, std::allocator<std::pair<float, int> > >::capacity() const
calls=10182 1078 
* 132366 61092 20364
* 40728 10182
+2 30546 10182 10182
cfi=(259)
cfn=(3462) std::vector<std::pair<float, int>, std::allocator<std::pair<float, int> > >::size() const
calls=10182 992 
* 132366 61092 20364
* 10182 0 10182
+5 50910 20364 10182 10 0 0 1
cfi=(259)
cfn=(3470)
calls=10182 378 
* 3554885 828513 536745 13 69604 10049 1 827 142
* 10182 0 10182
+2 30546 10182 10182
cfi=(259)
cfn=(3480)
calls=10182 301 
* 71274 30546 20364
* 10182
-1 71274 50910 10182
cfi=(259)
cfn=(3482)
calls=10182 504 
* 896016 305460 305460
+13 10182 10182
+1 20364 20364 0 2 0 0 1
+1 50910 20364
-2 71274 20364 10182
cfi=(259)
cfn=(3490)
calls=10182 386 
* 122184 30546 40728
+3 30546 20364 10182
+1 61092 30546 10182 1 0 0 1
+1 71274 40728 10182
+2 30546 20364

fn=(4134) void std::vector<std::pair<float, int>, std::allocator<std::pair<float, int> > >::_M_realloc_insert<std::pair<float, int> const&>(__gnu_cxx::__normal_iterator<std::pair<float, int>*, std::vector<std::pair<float, int>, std::allocator<std::pair<float, int> > > >, std::pair<float, int> const&)
445 9900 900 5400 1 0 0 1
+10 4500 900 900 1 0 0 1
cfi=(259)
cfn=(3454)
calls=900 1896 
* 216100 79200 52200
* 900 0 900
+1 2700 1800 900
+1 2700 1800 900
+1 2700 900 900
cfi=(259)
cfn=(3464)
calls=900 873 
* 27900 10800 7200
* 5400 0 1800
cfi=(236)
cfn=(3466)
calls=900 1334 
* 32400 11700 9000
* 900 0 900 1 0 0 1
+1 4500 1800 900
cfi=(259)
cfn=(3470)
calls=900 -81 
* 129425 35000 25600 0 2668 101
* 900 0 900
+1 1800 900 900
+8 2700 900 900
cfi=(240)
cfn=(3596) std::pair<float, int> const& std::forward<std::pair<float, int> const&>(std::remove_reference<std::pair<float, int> const&>::type&)
calls=900 70 
* 6300 2700 1800
+1 1800 900
-1 5400 1800 2700 1 0 0 1
fi=(253)
+72 2700 900 900
cfi=(240)
cfn=(3596)
calls=900 70 
* 6300 2700 1800
* 4500 900 900
cfi=(250)
cfn=(3600) decltype (::new ((void*)(0)) std::pair<float, int>((declval<std::pair<float, int> const&>)())) std::construct_at<std::pair<float, int>, std::pair<float, int> const&>(std::pair<float, int>*, std::pair<float, int> const&)
calls=900 94 
* 32400 10800 10800 0 0 600
+2 900
fe=(278)
-67 900 0 900
+6 2700 900 900 1 0 0 1
cfi=(259)
cfn=(3480)
calls=900 301 
* 6300 2700 1800
* 900
-1 2700 0 900
cfi=(236)
cfn=(3468)
calls=900 1162 
* 6300 2700 1800
* 5400 2700 900
cfi=(259)
cfn=(3482)
calls=900 +24 
* 3470700 1149000 1123500 0 0 2601
* 900 0 900
+3 900 0 900
+3 2700 900 900 1 0 0 1
cfi=(259)
cfn=(3480)
calls=900 301 
* 6300 2700 1800
* 900
-1 2700 0 900
cfi=(236)
cfn=(3468)
calls=900 1162 
* 6300 2700 1800
* 5400 2700 900
cfi=(259)
cfn=(3482)
calls=900 +19 
* 79200 27000 27000
* 900 0 900
+34 900 900
+1 3600 2700
-1 3600 900 900 1 0 0 1
cfi=(259)
cfn=(3490)
calls=900 386 
* 121200 37100 26000 0 718
+2 2700 1800 900
+1 2700 1800 900
+1 5400 2700 900
+1 6300 4500

fn=(2772) std::vector<Solution::Node, std::allocator<Solution::Node> >::_M_default_append(unsigned long)
634 7 0 4 2 0 0 2
+3 2 1
+2 3 1 1
cfi=(259)
cfn=(2770) std::vector<Solution::Node, std::allocator<Solution::Node> >::size() const
calls=1 992 
* 13 6 2
* 1 0 1
+1 2 2
+1 5 2 0 1 0 0 1
-1 1 0 1
+3 3 1 1
cfi=(259)
cfn=(2774) std::vector<Solution::Node, std::allocator<Solution::Node> >::max_size() const
calls=1 998 
* 58 20 16 5 0 0 5
* 5 2 1
cfi=(259)
cfn=(2774)
calls=1 998 
* 58 20 16
* 5 2
+3 3 2 0 1 0 0 1
+12 3 2 1 1 0 0 1
+1 3 2 1
+3 6 2 1
cfi=(259)
cfn=(2780) std::vector<Solution::Node, std::allocator<Solution::Node> >::_M_check_len(unsigned long, char const*) const
calls=1 1896 
* 241 88 58 5 0 0 4
* 1 0 1
+1 5 2 1 1 0 0 1
cfi=(259)
cfn=(2784) std::_Vector_base<Solution::Node, std::allocator<Solution::Node> >::_M_allocate(unsigned long)
calls=1 378 
* 396 89 60 6 16 1 6 0 1
* 1 0 1
+6 3 1 1
cfi=(259)
cfn=(2790) std::_Vector_base<Solution::Node, std::allocator<Solution::Node> >::_M_get_Tp_allocator()
calls=1 301 
* 7 3 2
* 1
-1 9 3 1
cfi=(262)
cfn=(2792) Solution::Node* std::__uninitialized_default_n_a<Solution::Node*, unsigned long, Solution::Node>(Solution::Node*, unsigned long, std::allocator<Solution::Node>&)
calls=1 777 
* 2620052 750015 810016 14 2 10000 14 0 10000
+9 3 1 1 1 0 0 1
cfi=(259)
cfn=(2790)
calls=1 301 
* 7 3 2
* 1
-1 5 3 1 0 1
cfi=(259)
cfn=(2826) std::vector<Solution::Node, std::allocator<Solution::Node> >::_S_relocate(Solution::Node*, Solution::Node*, Solution::Node*, std::allocator<Solution::Node>&)
calls=1 504 
* 88 30 30 6 0 0 6
+27 1 1
+1 4 3 0 0 1
-1 4 1 1
cfi=(259)
cfn=(2834) std::_Vector_base<Solution::Node, std::allocator<Solution::Node> >::_M_deallocate(Solution::Node*, unsigned long)
calls=1 386 
* 12 3 4 1 0 0 1
+2 3 2 1 1 0 0 1
+1 9 4 1
+1 7 3 1 1 0 0 1
+3 5 3 0 1 0 0 1

fl=(372) /usr/include/c++/13/ext/aligned_buffer.h
fn=(4274) __gnu_cxx::__aligned_buffer<int>::_M_ptr()
116 10000 0 4000
+1 6000 2000 2000 1 0 0 1
cfn=(4276) __gnu_cxx::__aligned_buffer<int>::_M_addr()
calls=2000 -13 
* 14000 6000 4000 1 0 0 1
* 4000 4000

fn=(4276)
104 8000 0 4000 1 0 0 1
+2 2000 2000
+1 4000 4000

fn=(4342) __gnu_cxx::__aligned_buffer<int>::_M_ptr() const
120 14460 0 5784 1 0 0 1
+1 8676 2892 2892
cfn=(4344) __gnu_cxx::__aligned_buffer<int>::_M_addr() const
calls=2892 -11 
* 20244 8676 5784 1 0 0 1
* 5784 5784

fn=(4344)
110 11568 0 5784 1 0 0 1
+2 2892 2892
+1 5784 5784

fl=(368) /usr/include/c++/13/bits/hashtable.h
fn=(4386) std::_Hashtable<int, int, std::allocator<int>, std::__detail::_Identity, std::equal_to<int>, std::hash<int>, std::__detail::_Mod_range_hashing, std::__detail::_Default_ranged_hash, std::__detail::_Prime_rehash_policy, std::__detail::_Hashtable_traits<false, true, true> >::~_Hashtable()
1595 500 0 200 1 0 0 1
+13 300 100 100
cfn=(4388) std::_Hashtable<int, int, std::allocator<int>, std::__detail::_Identity, std::equal_to<int>, std::hash<int>, std::__detail::_Mod_range_hashing, std::__detail::_Default_ranged_hash, std::__detail::_Prime_rehash_policy, std::__detail::_Hashtable_traits<false, true, true> >::clear()
calls=100 2520 
* 307800 95500 77300 5 0 0 4
+1 300 100 100
cfn=(4312) std::_Hashtable<int, int, std::allocator<int>, std::__detail::_Identity, std::equal_to<int>, std::hash<int>, std::__detail::_Mod_range_hashing, std::__detail::_Default_ranged_hash, std::__detail::_Prime_rehash_policy, std::__detail::_Hashtable_traits<false, true, true> >::_M_deallocate_buckets()
calls=100 455 
* 26200 8100 6200 3 0 0 3
+1 300 100 100
cfi=(369) /usr/include/c++/13/bits/hashtable_policy.h
cfn=(4426) std::__detail::_Hashtable_alloc<std::allocator<std::__detail::_Hash_node<int, false> > >::~_Hashtable_alloc()
calls=100 1912 
* 2100 600 600
* 300 200

fn=(4216) std::pair<std::__detail::_Node_iterator<int, true, false>, bool> std::_Hashtable<int, int, std::allocator<int>, std::__detail::_Identity, std::equal_to<int>, std::hash<int>, std::__detail::_Mod_range_hashing, std::__detail::_Default_ranged_hash, std::__detail::_Prime_rehash_policy, std::__detail::_Hashtable_traits<false, true, true> >::_M_insert_unique_aux<int&, std::__detail::_AllocNode<std::allocator<std::__detail::_Hash_node<int, false> > > >(int&, std::__detail::_AllocNode<std::allocator<std::__detail::_Hash_node<int, false> > > const&)
902 11000 1000 6000 1 0 0 1
+2 3000 1000 1000
cfi=(240)
cfn=(3436) int& std::forward<int&>(std::remove_reference<int&>::type&)
calls=1000 70 
* 7000 3000 2000
* 1000
+1 3000 1000 1000
cfi=(240)
cfn=(3436)
calls=1000 70 
* 7000 3000 2000
* 5000 0 1000 1 0 0 1
cfi=(369)
cfn=(4218) int& std::__detail::_Identity::operator()<int&>(int&) const
calls=1000 89 
* 18000 6000 6000
* 2000 0 1000
cfn=(4220) std::__conditional<std::__and_<std::__is_nothrow_invocable<std::hash<int>&, int const&>, std::__not_<std::__is_nothrow_invocable<std::hash<int>&, int&> > >::value>::type<int, int&> std::_Hashtable<int, int, std::allocator<int>, std::__detail::_Identity, std::equal_to<int>, std::hash<int>, std::__detail::_Mod_range_hashing, std::__detail::_Default_ranged_hash, std::__detail::_Prime_rehash_policy, std::__detail::_Hashtable_traits<false, true, true> >::_S_forward_key<int&>(int&)
calls=1000 -16 
* 17000 6000 5000 1 0 0 1
* 1000
-1 6000 2000 1000
cfn=(4222) std::pair<std::__detail::_Node_iterator<int, true, false>, bool> std::_Hashtable<int, int, std::allocator<int>, std::__detail::_Identity, std::equal_to<int>, std::hash<int>, std::__detail::_Mod_range_hashing, std::__detail::_Default_ranged_hash, std::__detail::_Prime_rehash_policy, std::__detail::_Hashtable_traits<false, true, true> >::_M_insert_unique<int&, int&, std::__detail::_AllocNode<std::allocator<std::__detail::_Hash_node<int, false> > > >(int&, int&, std::__detail::_AllocNode<std::allocator<std::__detail::_Hash_node<int, false> > > const&)
calls=1000 2253 
* 1152548 375629 316993 111 125 27 102 2
+3 6000 5000

fn=(4332) std::__detail::_Hash_node<int, false>* std::_Hashtable<int, int, std::allocator<int>, std::__detail::_Identity, std::equal_to<int>, std::hash<int>, std::__detail::_Mod_range_hashing, std::__detail::_Default_ranged_hash, std::__detail::_Prime_rehash_policy, std::__detail::_Hashtable_traits<false, true, true> >::_M_find_node_tr<int>(unsigned long, int const&, unsigned long) const
823 7200 0 4500 1 0 0 1
+3 5400 3600 900
cfn=(4334) std::__detail::_Hash_node_base* std::_Hashtable<int, int, std::allocator<int>, std::__detail::_Identity, std::equal_to<int>, std::hash<int>, std::__detail::_Mod_range_hashing, std::__detail::_Default_ranged_hash, std::__detail::_Prime_rehash_policy, std::__detail::_Hashtable_traits<false, true, true> >::_M_find_before_node_tr<int>(unsigned long, int const&, unsigned long) const
calls=900 1978 
* 115400 37695 32569 6 0 0 5
* 900 0 900
+1 1800 900
+2 900
+1 1800 1800

fn=(4162) std::_Hashtable<int, int, std::allocator<int>, std::__detail::_Identity, std::equal_to<int>, std::hash<int>, std::__detail::_Mod_range_hashing, std::__detail::_Default_ranged_hash, std::__detail::_Prime_rehash_policy, std::__detail::_Hashtable_traits<false, true, true> >::_Hashtable<__gnu_cxx::__normal_iterator<int*, std::vector<int, std::allocator<int> > > >(__gnu_cxx::__normal_iterator<int*, std::vector<int, std::allocator<int> > >, __gnu_cxx::__normal_iterator<int*, std::vector<int, std::allocator<int> > >, unsigned long, std::hash<int> const&, std::equal_to<int> const&, std::allocator<int> const&)
562 1000 0 700 1 0 0 1
+6 1200 700 200
cfn=(4164) std::_Hashtable<int, int, std::allocator<int>, std::__detail::_Identity, std::equal_to<int>, std::hash<int>, std::__detail::_Mod_range_hashing, std::__detail::_Default_ranged_hash, std::__detail::_Prime_rehash_policy, std::__detail::_Hashtable_traits<false, true, true> >::_Hashtable<__gnu_cxx::__normal_iterator<int*, std::vector<int, std::allocator<int> > > >(__gnu_cxx::__normal_iterator<int*, std::vector<int, std::allocator<int> > >, __gnu_cxx::__normal_iterator<int*, std::vector<int, std::allocator<int> > >, unsigned long, std::hash<int> const&, std::equal_to<int> const&, std::allocator<int> const&, std::integral_constant<bool, true>)
calls=100 1208 
* 1407148 458429 390093 149 126 28 135 2 1
* 100
+1 300 200

fn=(4164)
1208 1100 0 800 1 0 0 1
+6 800 500 100 1 0 0 1
cfn=(4166) std::_Hashtable<int, int, std::allocator<int>, std::__detail::_Identity, std::equal_to<int>, std::hash<int>, std::__detail::_Mod_range_hashing, std::__detail::_Default_ranged_hash, std::__detail::_Prime_rehash_policy, std::__detail::_Hashtable_traits<false, true, true> >::_Hashtable(unsigned long, std::hash<int> const&, std::equal_to<int> const&, std::allocator<int> const&)
calls=100 -25 
* 25200 8100 7600 22 1 1 18 0 1
+1 600 300 100
cfi=(369)
cfn=(4200) void std::__detail::_Insert_base<int, int, std::allocator<int>, std::__detail::_Identity, std::equal_to<int>, std::hash<int>, std::__detail::_Mod_range_hashing, std::__detail::_Default_ranged_hash, std::__detail::_Prime_rehash_policy, std::__detail::_Hashtable_traits<false, true, true> >::insert<__gnu_cxx::__normal_iterator<int*, std::vector<int, std::allocator<int> > > >(__gnu_cxx::__normal_iterator<int*, std::vector<int, std::allocator<int> > >, __gnu_cxx::__normal_iterator<int*, std::vector<int, std::allocator<int> > >)
calls=100 972 
* 1379048 449229 381493 125 125 27 115 2
* 400 300

fn=(4238) std::_Hashtable<int, int, std::allocator<int>, std::__detail::_Identity, std::equal_to<int>, std::hash<int>, std::__detail::_Mod_range_hashing, std::__detail::_Default_ranged_hash, std::__detail::_Prime_rehash_policy, std::__detail::_Hashtable_traits<false, true, true> >::end()
631 800 100 300 1 0 0 1
+1 400 0 100
cfi=(369)
cfn=(4234) std::__detail::_Node_iterator<int, true, false>::_Node_iterator(std::__detail::_Hash_node<int, false>*)
calls=100 436 
* 2500 800 800
* 600 500 0 1 0 0 1

fn=(4166)
1189 1000 0 700 2 0 0 2
+4 600 400 100
cfn=(4168) std::_Hashtable<int, int, std::allocator<int>, std::__detail::_Identity, std::equal_to<int>, std::hash<int>, std::__detail::_Mod_range_hashing, std::__detail::_Default_ranged_hash, std::__detail::_Prime_rehash_policy, std::__detail::_Hashtable_traits<false, true, true> >::_Hashtable(std::hash<int> const&, std::equal_to<int> const&, std::allocator<int> const&)
calls=100 486 
* 21100 6700 6600 15 0 1 11 0 1
+2 600 200 100
cob=(4)
cfi=(175)
cfn=(4196) 0x000000000010faa0
calls=100 0 
* 1000 200 0 3 1 0 3
* 100 0 100
+1 400 300 0 1 0 0 1
+5 400 300 0 1 0 0 1

fn=(4168)
486 1100 100 600 1 0 0 1
+4 600 300 100 1 0 0 1
cfi=(369)
cfn=(4170) std::__detail::_Hashtable_base<int, int, std::__detail::_Identity, std::equal_to<int>, std::hash<int>, std::__detail::_Mod_range_hashing, std::__detail::_Default_ranged_hash, std::__detail::_Hashtable_traits<false, true, true> >::_Hashtable_base(std::hash<int> const&, std::equal_to<int> const&)
calls=100 1703 
* 7200 2200 2200 7 0 0 3
* 400 100 200
fi=(252)
88 100
fi=(241)
+90 100
fe=(368)
490 500 100 100
cfi=(369)
cfn=(4182) std::__detail::_Hashtable_alloc<std::allocator<std::__detail::_Hash_node<int, false> > >::_Hashtable_alloc<std::allocator<std::__detail::_Hash_node<int, false> > >(std::allocator<std::__detail::_Hash_node<int, false> >&&)
calls=100 1945 
* 5200 1600 1700 2 0 0 2
fi=(241)
184 100
fe=(368)
490 300 100 100 1 0 0 1
cfi=(370) /usr/include/c++/13/bits/enable_special_members.h
cfn=(4190) std::_Enable_default_constructor<true, std::__detail::_Hash_node_base>::_Enable_default_constructor(std::_Enable_default_constructor_tag)
calls=100 67 
* 700 200 200
* 1000 400 300
cfi=(369)
cfn=(4192) std::__detail::_Hash_node_base::_Hash_node_base()
calls=100 313 
* 900 300 300 1 0 1 1 0 1
* 800 300 200 1 0 0 1
cfi=(369)
cfn=(4194) std::__detail::_Prime_rehash_policy::_Prime_rehash_policy(float)
calls=100 +54 
* 1300 500 500 1 0 0 1
* 200 100 100
+1 600 400

fn=(4212) std::pair<std::__detail::_Node_iterator<int, true, false>, bool> std::_Hashtable<int, int, std::allocator<int>, std::__detail::_Identity, std::equal_to<int>, std::hash<int>, std::__detail::_Mod_range_hashing, std::__detail::_Default_ranged_hash, std::__detail::_Prime_rehash_policy, std::__detail::_Hashtable_traits<false, true, true> >::_M_insert<int&, std::__detail::_AllocNode<std::allocator<std::__detail::_Hash_node<int, false> > > >(int&, std::__detail::_AllocNode<std::allocator<std::__detail::_Hash_node<int, false> > > const&, std::integral_constant<bool, true>)
911 10000 1000 5000 1 0 0 1
+5 3000 1000 1000
cfi=(240)
cfn=(3436)
calls=1000 70 
* 7000 3000 2000
* 5000 0 1000
cfi=(369)
cfn=(4214) int& std::__detail::_ConvertToValueType<std::__detail::_Identity, int>::operator()<int&>(int&) const
calls=1000 124 
* 18000 6000 6000 1 0 0 1
* 6000 2000 1000 1 0 0 1
cfn=(4216)
calls=1000 -14 
* 1239548 403629 342993 114 125 27 105 2
+2 5000 4000

fn=(4282) std::_Hashtable<int, int, std::allocator<int>, std::__detail::_Identity, std::equal_to<int>, std::hash<int>, std::__detail::_Mod_range_hashing, std::__detail::_Default_ranged_hash, std::__detail::_Prime_rehash_policy, std::__detail::_Hashtable_traits<false, true, true> >::_Scoped_node::_Scoped_node(std::__detail::_Hash_node<int, false>*, std::__detail::_Hashtable_alloc<std::allocator<std::__detail::_Hash_node<int, false> > >*)
300 6000 0 4000 1 0 0 1
+1 9000 6000 2000

fn=(4300) std::_Hashtable<int, int, std::allocator<int>, std::__detail::_Identity, std::equal_to<int>, std::hash<int>, std::__detail::_Mod_range_hashing, std::__detail::_Default_ranged_hash, std::__detail::_Prime_rehash_policy, std::__detail::_Hashtable_traits<false, true, true> >::_M_allocate_buckets(unsigned long)
434 600 0 300 1 0 0 1
+2 500 100
+6 500 200 100
cfi=(369)
cfn=(4302) std::__detail::_Hashtable_alloc<std::allocator<std::__detail::_Hash_node<int, false> > >::_M_allocate_buckets(unsigned long)
calls=100 2039 
* 19451 5038 4422 8 7 3 6
* 100
+1 200 200

fn=(4314) std::_Hashtable<int, int, std::allocator<int>, std::__detail::_Identity, std::equal_to<int>, std::hash<int>, std::__detail::_Mod_range_hashing, std::__detail::_Default_ranged_hash, std::__detail::_Prime_rehash_policy, std::__detail::_Hashtable_traits<false, true, true> >::_M_deallocate_buckets(std::__detail::_Hash_node_base**, unsigned long)
446 1400 0 800 1 0 0 1
+2 1000 400 200 1 0 0 1
cfn=(4316) std::_Hashtable<int, int, std::allocator<int>, std::__detail::_Identity, std::equal_to<int>, std::hash<int>, std::__detail::_Mod_range_hashing, std::__detail::_Default_ranged_hash, std::__detail::_Prime_rehash_policy, std::__detail::_Hashtable_traits<false, true, true> >::_M_uses_single_bucket(std::__detail::_Hash_node_base**) const
calls=200 -32 
* 2800 800 600 1 0 0 1
* 400
+3 600 300 100
cfi=(369)
cfn=(4412) std::__detail::_Hashtable_alloc<std::allocator<std::__detail::_Hash_node<int, false> > >::_M_deallocate_buckets(std::__detail::_Hash_node_base**, unsigned long)
calls=100 2052 
* 20900 6300 5000 3 0 0 3
* 100
-2 100
+3 400 400

fn=(4320) std::_Hashtable<int, int, std::allocator<int>, std::__detail::_Identity, std::equal_to<int>, std::hash<int>, std::__detail::_Mod_range_hashing, std::__detail::_Default_ranged_hash, std::__detail::_Prime_rehash_policy, std::__detail::_Hashtable_traits<false, true, true> >::_M_insert_bucket_begin(unsigned long, std::__detail::_Hash_node<int, false>*)
2007 9000 0 6000
+4 8000 4000 0 1 0 0 1
+4 2430 1620 270
+1 2160 1350 270
+17 270
-10 2920 2190 730 1 0 0 1
+1 2190 1460 730
+2 2920 1460
+3 3780 2520 630
cfi=(369)
cfn=(4336) std::__detail::_Hash_node<int, false>::_M_next() const
calls=630 380 
* 5040 2520 1260 1 0 0 1
* 3150 630 630
cfn=(4338) std::_Hashtable<int, int, std::allocator<int>, std::__detail::_Identity, std::equal_to<int>, std::hash<int>, std::__detail::_Mod_range_hashing, std::__detail::_Default_ranged_hash, std::__detail::_Prime_rehash_policy, std::__detail::_Hashtable_traits<false, true, true> >::_M_bucket_index(std::__detail::_Hash_node_value<int, false> const&) const
calls=630 792 
* 91350 28980 27090 7 0 0 7
* 1890 0 630
+2 5040 2520 630
+2 3780 2520
-2 800 400 100 1 0 0 1
+2 2220 1480 0 1 0 0 1

fn=(4338)
792 7380 0 3690 1 0 0 1
+1 8610 4920 1230
cfi=(369)
cfn=(4340) std::__detail::_Hash_code_base<int, int, std::__detail::_Identity, std::hash<int>, std::__detail::_Mod_range_hashing, std::__detail::_Default_ranged_hash, false>::_M_bucket_index(std::__detail::_Hash_node_value<int, false> const&, unsigned long) const
calls=1230 1335 
* 159900 49200 47970 6 0 0 6
* 2460 2460

fn=(4374) std::_Hashtable<int, int, std::allocator<int>, std::__detail::_Identity, std::equal_to<int>, std::hash<int>, std::__detail::_Mod_range_hashing, std::__detail::_Default_ranged_hash, std::__detail::_Prime_rehash_policy, std::__detail::_Hashtable_traits<false, true, true> >::_M_find_node(unsigned long, int const&, unsigned long) const
812 8000 0 5000 1 0 0 1
+3 6000 4000 1000
cfn=(4376) std::_Hashtable<int, int, std::allocator<int>, std::__detail::_Identity, std::equal_to<int>, std::hash<int>, std::__detail::_Mod_range_hashing, std::__detail::_Default_ranged_hash, std::__detail::_Prime_rehash_policy, std::__detail::_Hashtable_traits<false, true, true> >::_M_find_before_node(unsigned long, int const&, unsigned long) const
calls=1000 1948 
* 285599 94409 81731 5 0 0 5
* 1000 0 1000
+1 2000 1000
+1 2976 1984
+1 8
+1 2000 2000

fn=(4220)
889 5000 0 2000 1 0 0 1
+1 3000 1000 1000
cfi=(240)
cfn=(3436)
calls=1000 70 
* 7000 3000 2000
* 2000 2000

fn=(4232) std::_Hashtable<int, int, std::allocator<int>, std::__detail::_Identity, std::equal_to<int>, std::hash<int>, std::__detail::_Mod_range_hashing, std::__detail::_Default_ranged_hash, std::__detail::_Prime_rehash_policy, std::__detail::_Hashtable_traits<false, true, true> >::_M_begin() const
464 1200 0 600 1 0 0 1
+1 1200 1200

fn=(4284) std::_Hashtable<int, int, std::allocator<int>, std::__detail::_Identity, std::equal_to<int>, std::hash<int>, std::__detail::_Mod_range_hashing, std::__detail::_Default_ranged_hash, std::__detail::_Prime_rehash_policy, std::__detail::_Hashtable_traits<false, true, true> >::_M_insert_unique_node(unsigned long, unsigned long, std::__detail::_Hash_node<int, false>*, unsigned long)
2166 12000 1000 7000 2 0 0 2
+6 4000 1000 1000
cfi=(369)
cfn=(4286) std::__detail::_Prime_rehash_policy::_M_state() const
calls=1000 571 
* 8000 4000 2000
* 3000 0 2000
+2 9000 6000 1000 1 0 0 1
cob=(4)
cfi=(175)
cfn=(4288) 0x000000000010fcf0
calls=1000 0 
* 26893 5678 1331 14 43 21 12 2
* 4000 0 2000
+3 3000 1000
+2 600 300 100
cfn=(4296) std::_Hashtable<int, int, std::allocator<int>, std::__detail::_Identity, std::equal_to<int>, std::hash<int>, std::__detail::_Mod_range_hashing, std::__detail::_Default_ranged_hash, std::__detail::_Prime_rehash_policy, std::__detail::_Hashtable_traits<false, true, true> >::_M_rehash(unsigned long, unsigned long const&)
calls=100 2559 
* 31951 9138 7922 19 7 3 17
+1 500 200 100 1 0 0 1
cfn=(4250) std::_Hashtable<int, int, std::allocator<int>, std::__detail::_Identity, std::equal_to<int>, std::hash<int>, std::__detail::_Mod_range_hashing, std::__detail::_Default_ranged_hash, std::__detail::_Prime_rehash_policy, std::__detail::_Hashtable_traits<false, true, true> >::_M_bucket_index(unsigned long) const
calls=100 796 
* 4800 1700 1400
* 100 0 100
+3 700 300 100
cfi=(369)
cfn=(4318) std::__detail::_Hash_code_base<int, int, std::__detail::_Identity, std::hash<int>, std::__detail::_Mod_range_hashing, std::__detail::_Default_ranged_hash, false>::_M_store_code(std::__detail::_Hash_node_code_cache<false>&, unsigned long) const
calls=100 1353 
* 900 200 400 1 0 0 1
* 6300 2700 900
cfi=(369)
cfn=(4318)
calls=900 1353 
* 8100 1800 3600
+3 6000 3000 1000 1 0 0 1
cfn=(4320)
calls=1000 2007 
* 146940 53650 38970 12 0 0 12
+1 5000 3000 1000
+1 5000 1000 1000
cfi=(369)
cfn=(4234)
calls=1000 436 
* 25000 8000 8000
* 1000 1000
+1 5000 4000 0 1 0 0 1

fn=(4334)
1978 7200 0 4500
+6 6300 3600 900 1 0 0 1
+1 1800 900
+1 1260
+2 810 540 270
+3 1890 1080 270 1 0 0 1
cfi=(369)
cfn=(4352) bool std::__detail::_Hashtable_base<int, int, std::__detail::_Identity, std::equal_to<int>, std::hash<int>, std::__detail::_Mod_range_hashing, std::__detail::_Default_ranged_hash, std::__detail::_Hashtable_traits<false, true, true> >::_M_equals_tr<int>(int const&, unsigned long, std::__detail::_Hash_node_value<int, false> const&) const
calls=270 1738 
* 37800 11880 11340 3 0 0 2
* 427 244 61
cfi=(369)
cfn=(4352)
calls=61 1738 
* 8540 2684 2562
* 662
+3 2113 925 263
cfi=(369)
cfn=(4336)
calls=263 380 
* 2104 1052 526
* 1315 263 263
cfn=(4338)
calls=263 792 
* 38135 12098 11309
* 1789 263
+2 122 61 61
-7 183 61 61
cfi=(369)
cfn=(4336)
calls=61 380 
* 488 244 122
* 61 0 61
+2 61
+4 270
+4 270
+1 1800 1800 0 1 0 0 1

fn=(4376)
1948 8000 0 5000
+6 7000 4000 1000
+1 2000 1000
+1 2
+2 2997 1998 999 1 0 0 1
+3 6993 3996 999
cfi=(369)
cfn=(4378) std::__detail::_Hashtable_base<int, int, std::__detail::_Identity, std::equal_to<int>, std::hash<int>, std::__detail::_Mod_range_hashing, std::__detail::_Default_ranged_hash, std::__detail::_Hashtable_traits<false, true, true> >::_M_equals(int const&, unsigned long, std::__detail::_Hash_node_value<int, false> const&) const
calls=999 1732 
* 140582 43956 41958 3 0 0 3
* 2324 1328 332
cfi=(369)
cfn=(4378)
calls=332 1732 
* 46750 14608 13944
* 2662
+1 1984 992
+2 2367 1015 337 1 0 0 1
cfi=(369)
cfn=(4336)
calls=337 380 
* 2696 1348 674
* 1685 337 337
cfn=(4338)
calls=337 792 
* 48865 15502 14491
* 1698 337
+2 664 332 332
-7 996 332 332
cfi=(369)
cfn=(4336)
calls=332 380 
* 2656 1328 664
* 332 0 332
+2 332
+4 7
+4 7
+1 2000 2000

fn=(4388)
2520 500 0 200 1 0 0 1
+4 300 100 100
cfn=(4232)
calls=100 464 
* 800 400 200
* 500 100 100
cfi=(369)
cfn=(4390) std::__detail::_Hashtable_alloc<std::allocator<std::__detail::_Hash_node<int, false> > >::_M_deallocate_nodes(std::__detail::_Hash_node<int, false>*)
calls=100 2027 
* 302100 93800 76000 4 0 0 3
+2 200 200
-1 600 200 100
cob=(4)
cfi=(175)
cfn=(4310) 0x000000000010fa00
calls=100 0 
* 2100 300 400
+2 200 100 100
+1 200 100 100
+1 300 200

fn=(4222)
2253 14000 1000 9000 1 0 0 1
+6 3000 1000 1000
cfn=(4224) std::_Hashtable<int, int, std::allocator<int>, std::__detail::_Identity, std::equal_to<int>, std::hash<int>, std::__detail::_Mod_range_hashing, std::__detail::_Default_ranged_hash, std::__detail::_Prime_rehash_policy, std::__detail::_Hashtable_traits<false, true, true> >::size() const
calls=1000 647 
* 8000 4000 2000 1 0 0 1
* 2000 0 1000
cfn=(4226) std::_Hashtable<int, int, std::allocator<int>, std::__detail::_Identity, std::equal_to<int>, std::hash<int>, std::__detail::_Mod_range_hashing, std::__detail::_Default_ranged_hash, std::__detail::_Prime_rehash_policy, std::__detail::_Hashtable_traits<false, true, true> >::__small_size_threshold()
calls=1000 424 
* 12000 4000 3000 2 0 0 2
* 4000
+1 300 100 100 1 0 0 1
cfn=(4230) std::_Hashtable<int, int, std::allocator<int>, std::__detail::_Identity, std::equal_to<int>, std::hash<int>, std::__detail::_Mod_range_hashing, std::__detail::_Default_ranged_hash, std::__detail::_Prime_rehash_policy, std::__detail::_Hashtable_traits<false, true, true> >::begin()
calls=100 623 
* 5500 1900 1500 5 0 0 5
* 500 100 200 1 0 0 1
cfn=(4238)
calls=100 631 
* 4300 1400 1200 2 0 0 2
* 600 0 200 1 0 0 1
cfi=(369)
cfn=(4240) std::__detail::operator==(std::__detail::_Node_iterator_base<int, false> const&, std::__detail::_Node_iterator_base<int, false> const&)
calls=100 401 
* 1300 600 300 1 0 0 1
* 300
+4 5000 2000 1000
cfi=(369)
cfn=(4242) unsigned long std::__detail::_Hash_code_base<int, int, std::__detail::_Identity, std::hash<int>, std::__detail::_Mod_range_hashing, std::__detail::_Default_ranged_hash, false>::_M_hash_code_tr<int>(int const&) const
calls=1000 1315 
* 43000 14000 13000 3 74 0 3
* 1000 0 1000
+1 5000 2000 1000 1 0 0 1
cfn=(4250)
calls=1000 796 
* 48000 17000 14000 4 0 0 4
* 1000 0 1000
+2 3000 1000 1000
cfn=(4224)
calls=1000 647 
* 8000 4000 2000
* 2000 0 1000
cfn=(4226)
calls=1000 424 
* 12000 4000 3000
* 4000
+1 5400 3600 900 1 0 0 1
cfn=(4332)
calls=900 823 
* 133400 43995 38869 7 0 0 6
* 2700 900 900
+3 3000 1000 1000 1 0 0 1
cfi=(240)
cfn=(3436)
calls=1000 70 
* 7000 3000 2000
* 4000 1000 1000
cfi=(240)
cfn=(3436)
calls=1000 70 
* 7000 3000 2000
* 6000 1000 1000 1 0 0 1
cfi=(369)
cfn=(4256) std::__detail::_AllocNode<std::allocator<std::__detail::_Hash_node<int, false> > >::__node_type* std::__detail::_NodeBuilder<std::__detail::_Identity>::_S_build<int&, int&, std::__detail::_AllocNode<std::allocator<std::__detail::_Hash_node<int, false> > > >(int&, int&, std::__detail::_AllocNode<std::allocator<std::__detail::_Hash_node<int, false> > > const&)
calls=1000 171 
* 377464 113368 103901 19 1 3 17
* 6000 1000 1000
cfn=(4282)
calls=1000 300 
* 15000 6000 6000 1 0 0 1
+7 7000 4000 1000 1 0 0 1
cfn=(4284)
calls=1000 2166 
* 317784 108666 80923 52 50 24 48 2
* 1000 0 1000
+1 1000 0 1000
+1 7000 0 2000
cfi=(325) /usr/include/c++/13/bits/stl_pair.h
cfn=(4322) std::pair<std::__detail::_Node_iterator<int, true, false>, bool>::pair<std::__detail::_Node_iterator<int, true, false>&, bool>(std::__detail::_Node_iterator<int, true, false>&, bool&&)
calls=1000 315 
* 36000 14000 12000 3 0 0 1
* 2000 2000
+1 3000 0 1000 1 0 0 1
cfn=(4328) std::_Hashtable<int, int, std::allocator<int>, std::__detail::_Identity, std::equal_to<int>, std::hash<int>, std::__detail::_Mod_range_hashing, std::__detail::_Default_ranged_hash, std::__detail::_Prime_rehash_policy, std::__detail::_Hashtable_traits<false, true, true> >::_Scoped_node::~_Scoped_node()
calls=1000 311 
* 12000 4000 2000
* 11000 7000 0 1 0 0 1

fn=(4296)
2559 800 0 500 1 0 0 1
+6 500 200 100
cfn=(4298) std::_Hashtable<int, int, std::allocator<int>, std::__detail::_Identity, std::equal_to<int>, std::hash<int>, std::__detail::_Mod_range_hashing, std::__detail::_Default_ranged_hash, std::__detail::_Prime_rehash_policy, std::__detail::_Hashtable_traits<false, true, true> >::_M_rehash_aux(unsigned long, std::integral_constant<bool, true>)
calls=100 +17 
* 30251 8638 7322 17 7 3 15
+9 400 300 0 1 0 0 1

fn=(4224)
647 12000 0 6000 1 0 0 1
+1 12000 12000

fn=(4226)
424 9000 0 3000
+3 3000 0 3000
cfi=(369)
cfn=(4228) std::__detail::_Hashtable_hash_traits<std::hash<int> >::__small_size_threshold()
calls=3000 297 
* 18000 6000 3000 2 0 0 2
+1 6000 6000

fn=(4312)
455 1000 0 400 1 0 0 1
+1 1600 1000 200 1 0 0 1
cfn=(4314)
calls=200 -10 
* 27700 8200 6700 6 0 0 6
* 600 400

fn=(4316)
416 1000 0 600 1 0 0 1
+1 1800 800

fn=(4328)
311 12000 4000 2000

fn=(4370) std::_Hashtable<int, int, std::allocator<int>, std::__detail::_Identity, std::equal_to<int>, std::hash<int>, std::__detail::_Mod_range_hashing, std::__detail::_Default_ranged_hash, std::__detail::_Prime_rehash_policy, std::__detail::_Hashtable_traits<false, true, true> >::count(int const&) const
1744 9000 1000 4000
+5 5000 2000 1000 1 0 0 1
cfn=(4372) std::_Hashtable<int, int, std::allocator<int>, std::__detail::_Identity, std::equal_to<int>, std::hash<int>, std::__detail::_Mod_range_hashing, std::__detail::_Default_ranged_hash, std::__detail::_Prime_rehash_policy, std::__detail::_Hashtable_traits<false, true, true> >::find(int const&) const
calls=1000 -62 
* 492583 166393 141731 11 0 0 11
* 1000 0 1000
+1 3000 1000
+1 16
+3 992
+12 5000 4000

fn=(4298)
2582 600 0 300
+4 500 200 100
cfn=(4300)
calls=100 434 
* 21351 5538 4822 9 7 3 7
* 100 0 100
+1 300 100 100
cfn=(4232)
calls=100 464 
* 800 400 200
* 100 0 100
+1 200 100 100 1 0 0 1
+1 100 0 100
+1 300 100 0 1 0 0 1
+23 300 100 100
cfn=(4312)
calls=100 455 
* 4700 1500 1100 5 0 0 5
+1 300 200 100
+1 300 200 100
+1 300 200 0 1 0 0 1

fn=(4372)
1687 10000 1000 5000 1 0 0 1
+5 3000 1000 1000
cfn=(4224)
calls=1000 647 
* 8000 4000 2000
* 2000 0 1000
cfn=(4226)
calls=1000 424 
* 12000 4000 3000
* 4000
+8 5000 2000 1000 2 0 0 2
cfi=(369)
cfn=(4350) std::__detail::_Hash_code_base<int, int, std::__detail::_Identity, std::hash<int>, std::__detail::_Mod_range_hashing, std::__detail::_Default_ranged_hash, false>::_M_hash_code(int const&) const
calls=1000 1306 
* 43000 14000 13000
* 1000 0 1000
+1 5000 2000 1000
cfn=(4250)
calls=1000 796 
* 48000 17000 14000
* 1000 0 1000
+1 6000 4000 1000
cfn=(4374)
calls=1000 812 
* 307583 103393 88731 6 0 0 6
* 5000 0 1000 1 0 0 1
cfi=(369)
cfn=(4382) std::__detail::_Node_const_iterator<int, true, false>::_Node_const_iterator(std::__detail::_Hash_node<int, false>*)
calls=1000 483 
* 25000 8000 8000 1 0 0 1
* 1000 1000
+1 6000 5000

fn=(4230)
623 800 100 300 2 0 0 2
+1 300 100 100
cfn=(4232)
calls=100 464 
* 800 400 200 1 0 0 1
* 500 0 100
cfi=(369)
cfn=(4234)
calls=100 436 
* 2500 800 800 2 0 0 2
* 600 500

fn=(4250)
796 12600 0 6300 2 0 0 2
+1 14700 8400 2100
cfi=(369)
cfn=(4252) std::__detail::_Hash_code_base<int, int, std::__detail::_Identity, std::hash<int>, std::__detail::_Mod_range_hashing, std::__detail::_Default_ranged_hash, false>::_M_bucket_index(unsigned long, unsigned long) const
calls=2100 1331 
* 69300 23100 21000 2 0 0 2
* 4200 4200

fl=(280) /usr/include/c++/13/bits/unique_ptr.h
fn=(2934) std::__detail::_MakeUniq<std::mutex>::__single_object std::make_unique<std::mutex>()
1069 60000 0 30000
+1 20000 0 10000
cob=(4)
cfi=(175)
cfn=(1694) 0x000000000010fbe0
calls=10000 0 
* 2100013 430019 210024 0 8 9998 0 0 9996
* 70000 0 40000
cfi=(276) /usr/include/c++/13/bits/std_mutex.h
cfn=(2550) std::mutex::mutex()
calls=10000 104 
* 230000 60000 80000
* 40000 10000 10000 1 0 0 1
cfn=(2936) std::unique_ptr<std::mutex, std::default_delete<std::mutex> >::unique_ptr<std::default_delete<std::mutex>, void>(std::mutex*)
calls=10000 317 
* 1460000 440000 440000 4 0 0 4
* 40000 40000

fn=(2936)
317 60000 0 30000 1 0 0 1
+1 50000 20000 10000 1 0 0 1
cfn=(2938) std::__uniq_ptr_data<std::mutex, std::default_delete<std::mutex>, true, true>::__uniq_ptr_impl(std::mutex*)
calls=10000 -77 
* 1320000 400000 400000 2 0 0 2
+1 30000 20000

fn=(2814) std::__uniq_ptr_impl<std::mutex, std::default_delete<std::mutex> >::__uniq_ptr_impl()
174 80000 10000 30000
cfi=(281) /usr/include/c++/13/tuple
cfn=(2816) std::tuple<std::mutex*, std::default_delete<std::mutex> >::tuple<true, true>()
calls=10000 1317 
* 520000 150000 150000 3 0 0 3
* 30000 20000

fn=(2962) std::__uniq_ptr_impl<std::mutex, std::default_delete<std::mutex> >::_M_deleter()
201 240000 30000 90000 3 0 0 1
cfi=(281)
cfn=(2964) std::tuple_element<1ul, std::tuple<std::mutex*, std::default_delete<std::mutex> > >::type& std::get<1ul, std::mutex*, std::default_delete<std::mutex> >(std::tuple<std::mutex*, std::default_delete<std::mutex> >&)
calls=30000 1803 
* 1110000 360000 330000 1
* 60000 60000

fn=(4898) std::default_delete<std::mutex>::operator()(std::mutex*) const
93 60000 0 30000
+6 60000 10000 10000 1
cob=(4)
cfi=(175)
cfn=(1730) 0x000000000010fc00
calls=10000 -99 
* 1250000 330000 130000 0 10014 0 0 86
+1 30000 20000

fn=(2810) std::unique_ptr<std::mutex, std::default_delete<std::mutex> >::unique_ptr<std::default_delete<std::mutex>, void>()
304 50000 0 20000 2 0 0 2
+1 50000 20000 20000
cfn=(2812) std::__uniq_ptr_data<std::mutex, std::default_delete<std::mutex>, true, true>::__uniq_ptr_impl()
calls=10000 -64 
* 740000 210000 210000 3 0 0 3
+1 30000 20000

fn=(2960) std::__uniq_ptr_impl<std::mutex, std::default_delete<std::mutex> >::reset(std::mutex*)
206 70000 0 40000 1 0 0 1
+2 30000 10000 10000
cfn=(2942) std::__uniq_ptr_impl<std::mutex, std::default_delete<std::mutex> >::_M_ptr()
calls=10000 -11 
* 470000 150000 140000
* 20000 10000 10000
+1 40000 20000 10000
cfn=(2942)
calls=10000 -12 
* 470000 150000 140000
* 10000 0 10000
+1 20000 10000
+2 40000 30000

fn=(3154) std::unique_ptr<std::thread::_State, std::default_delete<std::thread::_State> >::unique_ptr<std::default_delete<std::thread::_State>, void>(std::thread::_State*)
317 114 0 57 1 0 0 1
+1 95 38 19
cfn=(3156) std::__uniq_ptr_data<std::thread::_State, std::default_delete<std::thread::_State>, true, true>::__uniq_ptr_impl(std::thread::_State*)
calls=19 -77 
* 2508 760 760 10 0 0 10
+1 57 38

fn=(3236) std::unique_ptr<std::thread::_State, std::default_delete<std::thread::_State> >::~unique_ptr()
398 114 0 57 1 0 0 1
+4 57 19 19
cfn=(3170) std::__uniq_ptr_impl<std::thread::_State, std::default_delete<std::thread::_State> >::_M_ptr()
calls=19 197 
* 893 285 266 1 0 9
* 19 0 19
+1 76 38
+2 38 19 19 2 0 0 1
+1 76 57

fn=(3636) std::unique_ptr<std::mutex, std::default_delete<std::mutex> >::operator*() const
451 523835 0 209534
+2 104767 0 104767
cfi=(244)
cfn=(1522)
calls=104767 +88 
* 628602 209534 104767
* 419068 0 0 1 0 0 1
+1 314301 104767 104767
cfn=(3638) std::unique_ptr<std::mutex, std::default_delete<std::mutex> >::get() const
calls=104767 +15 
* 6076486 1990573 1781039 11 104239 1 1 103
+1 209534 209534

fn=(2812)
241 80000 10000 30000
cfn=(2814)
calls=10000 -67 
* 630000 180000 180000 3 0 0 3
* 30000 20000

fn=(2952) std::unique_ptr<std::mutex, std::default_delete<std::mutex> >::operator=(std::unique_ptr<std::mutex, std::default_delete<std::mutex> >&&)
414 110000 20000 40000 2 0 0 2
cfn=(2954) std::__uniq_ptr_data<std::mutex, std::default_delete<std::mutex>, true, true>::operator=(std::__uniq_ptr_data<std::mutex, std::default_delete<std::mutex>, true, true>&&)
calls=10000 243 
* 3680000 1190000 1120000 6 0 0 6
* 30000 30000

fn=(2974) std::unique_ptr<std::mutex, std::default_delete<std::mutex> >::~unique_ptr()
398 120000 0 60000 1
+4 60000 20000 20000
cfn=(2942)
calls=20000 197 
* 940000 300000 280000 7
* 20000 0 20000
+1 80000 40000 0 2 10000 0 1 127
+1 30000 10000 10000
cfn=(4894) std::unique_ptr<std::mutex, std::default_delete<std::mutex> >::get_deleter()
calls=10000 +71 
* 570000 180000 170000 4 0 0 1
* 40000 10000 10000
cfi=(240)
cfn=(4896) std::remove_reference<std::mutex*&>::type&& std::move<std::mutex*&>(std::mutex*&)
calls=10000 97 
* 70000 30000 20000
* 40000 10000 10000
cfn=(4898)
calls=10000 93 
* 1400000 360000 170000 1 10014 0 0 86
+1 40000 20000 20000
+1 80000 60000 0 1

fn=(3158) std::__uniq_ptr_impl<std::thread::_State, std::default_delete<std::thread::_State> >::__uniq_ptr_impl(std::thread::_State*)
176 190 19 95 2 0 0 2
cfi=(281)
cfn=(3160) std::tuple<std::thread::_State*, std::default_delete<std::thread::_State> >::tuple<true, true>()
calls=19 1317 
* 988 285 285 5 0 0 5
* 76 38 19
cfn=(3170)
calls=19 +21 
* 893 285 266 2 0 0 2
* 95 57 19

fn=(3170)
197 304 38 114
cfi=(281)
cfn=(3172) std::tuple_element<0ul, std::tuple<std::thread::_State*, std::default_delete<std::thread::_State> > >::type& std::get<0ul, std::thread::_State*, std::default_delete<std::thread::_State> >(std::tuple<std::thread::_State*, std::default_delete<std::thread::_State> >&)
calls=38 1803 
* 1406 456 418 2 0 9 1
* 76 76 0 1 0 0 1

fn=(3640) std::__uniq_ptr_impl<std::mutex, std::default_delete<std::mutex> >::_M_ptr() const
199 838136 104767 314301
cfi=(281)
cfn=(3642) std::tuple_element<0ul, std::tuple<std::mutex*, std::default_delete<std::mutex> > >::type const& std::get<0ul, std::mutex*, std::default_delete<std::mutex> >(std::tuple<std::mutex*, std::default_delete<std::mutex> > const&)
calls=104767 1809 
* 3876379 1257204 1152437 11 0 1 1
* 314301 314301 0 0 104239 0 0 103

fn=(4894)
475 50000 0 20000 1 0 0 1
+1 30000 10000 10000
cfn=(2962)
calls=10000 201 
* 470000 150000 140000 3
* 20000 20000

fn=(2942)
197 560000 70000 210000 1
cfi=(281)
cfn=(2944) std::tuple_element<0ul, std::tuple<std::mutex*, std::default_delete<std::mutex> > >::type& std::get<0ul, std::mutex*, std::default_delete<std::mutex> >(std::tuple<std::mutex*, std::default_delete<std::mutex> >&)
calls=70000 1803 
* 2590000 840000 770000 8 0 0 2
* 140000 140000

fn=(3156)
241 209 38 76 1 0 0 1
cfn=(3158)
calls=19 -65 
* 2242 684 684 9 0 0 9
* 57 38

fn=(2956) std::__uniq_ptr_impl<std::mutex, std::default_delete<std::mutex> >::operator=(std::__uniq_ptr_impl<std::mutex, std::default_delete<std::mutex> >&&)
189 60000 0 30000 1 0 0 1
+2 30000 10000 10000
cfn=(2958) std::__uniq_ptr_impl<std::mutex, std::default_delete<std::mutex> >::release()
calls=10000 +24 
* 1110000 360000 340000 2 0 0 2
* 50000 10000 10000
cfn=(2960)
calls=10000 +15 
* 1170000 380000 360000 1 0 0 1
+1 30000 10000 10000
cfn=(2962)
calls=10000 +9 
* 470000 150000 140000 1 0 0 1
* 20000 0 10000 1 0 0 1
cfi=(240)
cfn=(2972) std::default_delete<std::mutex>&& std::forward<std::default_delete<std::mutex> >(std::remove_reference<std::default_delete<std::mutex> >::type&)
calls=10000 70 
* 70000 30000 20000
* 30000 10000 10000
cfn=(2962)
calls=10000 +9 
* 470000 150000 140000
+1 10000 10000
+1 20000 20000

fn=(2958)
215 50000 0 20000 2 0 0 2
+2 30000 10000 10000
cfn=(2942)
calls=10000 -20 
* 470000 150000 140000
* 20000 10000 10000
+1 30000 10000 10000
cfn=(2942)
calls=10000 -21 
* 470000 150000 140000
* 10000 0 10000
+1 10000 10000
+1 20000 20000

fn=(3638)
469 523835 0 209534
+1 314301 104767 104767
cfn=(3640)
calls=104767 199 
* 5028816 1676272 1466738 11 104239 1 1 103
* 209534 209534

fn=(2938)
241 110000 20000 40000
cfn=(2940) std::__uniq_ptr_impl<std::mutex, std::default_delete<std::mutex> >::__uniq_ptr_impl(std::mutex*)
calls=10000 -65 
* 1180000 360000 360000 2 0 0 2
* 30000 20000

fn=(2940)
176 100000 10000 50000
cfi=(281)
cfn=(2816)
calls=10000 1317 
* 520000 150000 150000
* 40000 20000 10000
cfn=(2942)
calls=10000 +21 
* 470000 150000 140000 2 0 0 2
* 50000 30000 10000

fn=(2954)
243 110000 20000 40000
cfn=(2956)
calls=10000 -54 
* 3540000 1140000 1080000 6 0 0 6
* 30000 30000

fl=(245) /usr/include/c++/13/bits/string_view.tcc
fn=(1562) std::basic_string_view<char, std::char_traits<char> >::find(char, unsigned long) const
80 192 0 96
+3 24 0 24
+1 96 72
+2 96 72 24 2 0 0 1
+1 216 96 24
cfi=(243) /usr/include/c++/13/bits/char_traits.h
cfn=(1564) std::char_traits<char>::find(char const*, unsigned long, char const&)
calls=24 403 
* 1200 288 168 10 4 0 5 2
* 24 0 24
+1 48 24
+1 60 36 12 2 0 0 1
+2 12 12
+1 24 24
-1 12 12
+1 24 24

fl=(281)
fn=(2816)
1317 100000 0 40000 1 0 0 1
+2 60000 20000 20000
cfn=(2818) std::_Tuple_impl<0ul, std::mutex*, std::default_delete<std::mutex> >::_Tuple_impl()
calls=20000 280 
* 820000 240000 240000 2 0 0 2
* 60000 40000

fn=(2820) std::_Tuple_impl<1ul, std::default_delete<std::mutex> >::_Tuple_impl()
503 100000 0 40000
+1 60000 20000 20000
cfn=(2822) std::_Head_base<1ul, std::default_delete<std::mutex>, true>::_Head_base()
calls=20000 81 
* 140000 40000 40000 1 0 0 1
* 60000 40000

fn=(3146) std::_Tuple_impl<0ul, Solution::build(int, std::vector<float, std::allocator<float> > const&)::{lambda(int)#1}, unsigned int>::_Tuple_impl<Solution::build(int, std::vector<float, std::allocator<float> > const&)::{lambda(int)#1}&, unsigned int&, void>(Solution::build(int, std::vector<float, std::allocator<float> > const&)::{lambda(int)#1}&, unsigned int&)
291 144 0 90 10 0 0 2
+2 72 36 18
cfi=(240)
cfn=(3126)
calls=18 70 
* 126 54 36
* 54 0 18
cfn=(3148) std::_Tuple_impl<1ul, unsigned int>::_Tuple_impl<unsigned int&>(unsigned int&)
calls=18 513 
* 846 288 270 1 0 0 1
* 90 36 18
cfi=(240)
cfn=(3128)
calls=18 70 
* 126 54 36
* 54 0 18
cfn=(3152) std::_Head_base<0ul, Solution::build(int, std::vector<float, std::allocator<float> > const&)::{lambda(int)#1}, false>::_Head_base<Solution::build(int, std::vector<float, std::allocator<float> > const&)::{lambda(int)#1}&>(Solution::build(int, std::vector<float, std::allocator<float> > const&)::{lambda(int)#1}&)
calls=18 -93 
* 432 162 144 1 8 0 1
+1 72 54

fn=(3644) std::mutex* const& std::__get_helper<0ul, std::mutex*, std::default_delete<std::mutex> >(std::_Tuple_impl<0ul, std::mutex*, std::default_delete<std::mutex> > const&)
1792 523835 0 209534 8
+1 314301 104767 104767
cfn=(3646) std::_Tuple_impl<0ul, std::mutex*, std::default_delete<std::mutex> >::_M_head(std::_Tuple_impl<0ul, std::mutex*, std::default_delete<std::mutex> > const&)
calls=104767 272 
* 1781039 628602 523835 3 0 1 1
* 209534 209534

fn=(3802) Solution::build(int, std::vector<float, std::allocator<float> > const&)::{lambda()#1}& std::__get_helper<0ul, Solution::build(int, std::vector<float, std::allocator<float> > const&)::{lambda()#1}>(std::_Tuple_impl<0ul, Solution::build(int, std::vector<float, std::allocator<float> > const&)::{lambda()#1}>&)
1787 5 0 2 1 0 0 1
+1 3 1 1
cfn=(3804) std::_Tuple_impl<0ul, Solution::build(int, std::vector<float, std::allocator<float> > const&)::{lambda()#1}>::_M_head(std::_Tuple_impl<0ul, Solution::build(int, std::vector<float, std::allocator<float> > const&)::{lambda()#1}>&)
calls=1 497 
* 17 6 5
* 2 2

fn=(3160)
1317 95 0 38 1 0 0 1
+2 57 19 19
cfn=(3162) std::_Tuple_impl<0ul, std::thread::_State*, std::default_delete<std::thread::_State> >::_Tuple_impl()
calls=19 280 
* 779 228 228 4 0 0 4
* 57 38

fn=(3168) std::_Head_base<0ul, std::thread::_State*, false>::_Head_base()
190 76 0 38
+1 95 57 19

fn=(3296) std::tuple_element<0ul, std::tuple<Solution::build(int, std::vector<float, std::allocator<float> > const&)::{lambda(int)#1}, unsigned int> >::type&& std::get<0ul, Solution::build(int, std::vector<float, std::allocator<float> > const&)::{lambda(int)#1}, unsigned int>(std::tuple<Solution::build(int, std::vector<float, std::allocator<float> > const&)::{lambda(int)#1}, unsigned int>&&)
1815 90 0 36
+3 54 18 18
cfn=(3298) Solution::build(int, std::vector<float, std::allocator<float> > const&)::{lambda(int)#1}& std::__get_helper<0ul, Solution::build(int, std::vector<float, std::allocator<float> > const&)::{lambda(int)#1}, unsigned int>(std::_Tuple_impl<0ul, Solution::build(int, std::vector<float, std::allocator<float> > const&)::{lambda(int)#1}, unsigned int>&)
calls=18 -31 
* 504 162 144 1 0 0 1
* 36 0 18
cfi=(240)
cfn=(3304)
calls=18 70 
* 126 54 36
+1 36 36

fn=(3800) std::tuple_element<0ul, std::tuple<Solution::build(int, std::vector<float, std::allocator<float> > const&)::{lambda()#1}> >::type&& std::get<0ul, Solution::build(int, std::vector<float, std::allocator<float> > const&)::{lambda()#1}>(std::tuple<Solution::build(int, std::vector<float, std::allocator<float> > const&)::{lambda()#1}>&&)
1815 5 0 2
+3 3 1 1
cfn=(3802)
calls=1 -31 
* 27 9 8 1 0 0 1
* 2 0 1
cfi=(240)
cfn=(3780)
calls=1 70 
* 7 3 2
+1 2 2

fn=(2824) std::_Head_base<0ul, std::mutex*, false>::_Head_base()
190 80000 0 40000
+1 100000 60000 20000

fn=(3150) std::_Head_base<1ul, unsigned int, false>::_Head_base<unsigned int&>(unsigned int&)
200 108 0 54
+1 54 18 18
cfi=(240)
cfn=(3126)
calls=18 70 
* 126 54 36
* 108 72 18

fn=(3172)
1803 190 0 76 2 0 0 1
+1 114 38 38 0 0 9
cfn=(3174) std::thread::_State*& std::__get_helper<0ul, std::thread::_State*, std::default_delete<std::thread::_State> >(std::_Tuple_impl<0ul, std::thread::_State*, std::default_delete<std::thread::_State> >&)
calls=38 -17 
* 1026 342 304
* 76 76

fn=(3642)
1809 523835 0 209534
+1 314301 104767 104767
cfn=(3644)
calls=104767 -18 
* 2828709 942903 838136 11 0 1 1
* 209534 209534

fn=(3166) std::_Head_base<1ul, std::default_delete<std::thread::_State>, true>::_Head_base()
81 76 0 38
+1 57 38

fn=(3174)
1787 190 0 76
+1 114 38 38
cfn=(3176) std::_Tuple_impl<0ul, std::thread::_State*, std::default_delete<std::thread::_State> >::_M_head(std::_Tuple_impl<0ul, std::thread::_State*, std::default_delete<std::thread::_State> >&)
calls=38 269 
* 646 228 190
* 76 76

fn=(3288) unsigned int& std::__get_helper<1ul, unsigned int>(std::_Tuple_impl<1ul, unsigned int>&)
1787 90 0 36 9 0 0 1
+1 54 18 18
cfn=(3290) std::_Tuple_impl<1ul, unsigned int>::_M_head(std::_Tuple_impl<1ul, unsigned int>&)
calls=18 497 
* 306 108 90 6 0 0 4
* 36 36 0 9 0 0 1

fn=(3164) std::_Tuple_impl<1ul, std::default_delete<std::thread::_State> >::_Tuple_impl()
503 95 0 38 2 0 0 2
+1 57 19 19
cfn=(3166)
calls=19 81 
* 133 38 38
* 57 38

fn=(3646)
272 838136 104767 314301 2 0 1
cfn=(3648) std::_Head_base<0ul, std::mutex*, false>::_M_head(std::_Head_base<0ul, std::mutex*, false> const&)
calls=104767 -35 
* 733369 314301 209534 1 0 0 1
* 209534 209534

fn=(3790) std::_Head_base<0ul, Solution::build(int, std::vector<float, std::allocator<float> > const&)::{lambda()#1}, false>::_Head_base<Solution::build(int, std::vector<float, std::allocator<float> > const&)::{lambda()#1}>(Solution::build(int, std::vector<float, std::allocator<float> > const&)::{lambda()#1}&&)
200 6 0 3
+1 3 1 1
cfi=(240)
cfn=(3780)
calls=1 70 
* 7 3 2
* 8 5 2

fn=(3804)
497 8 1 3
cfi=(211)
cfn=(3806)
calls=1 0 
* 7 3 2
* 2 2

fn=(3290)
497 144 18 54 3 0 0 2
cfn=(3292) std::_Head_base<1ul, unsigned int, false>::_M_head(std::_Head_base<1ul, unsigned int, false>&)
calls=18 234 
* 126 54 36 3 0 0 2
* 36 36

fn=(3300) std::_Tuple_impl<0ul, Solution::build(int, std::vector<float, std::allocator<float> > const&)::{lambda(int)#1}, unsigned int>::_M_head(std::_Tuple_impl<0ul, Solution::build(int, std::vector<float, std::allocator<float> > const&)::{lambda(int)#1}, unsigned int>&)
269 162 18 54
cfn=(3302) std::_Head_base<0ul, Solution::build(int, std::vector<float, std::allocator<float> > const&)::{lambda(int)#1}, false>::_M_head(std::_Head_base<0ul, Solution::build(int, std::vector<float, std::allocator<float> > const&)::{lambda(int)#1}, false>&)
calls=18 -35 
* 126 54 36
* 36 36

fn=(3648)
237 733369 314301 209534 1 0 0 1

fn=(3786) std::tuple<Solution::build(int, std::vector<float, std::allocator<float> > const&)::{lambda()#1}>::tuple<Solution::build(int, std::vector<float, std::allocator<float> > const&)::{lambda()#1}, true, true>(Solution::build(int, std::vector<float, std::allocator<float> > const&)::{lambda()#1}&&)
889 7 0 4 1 0 0 1
+2 4 2 1
cfi=(240)
cfn=(3780)
calls=1 70 
* 7 3 2
* 3 0 1
cfn=(3788) std::_Tuple_impl<0ul, Solution::build(int, std::vector<float, std::allocator<float> > const&)::{lambda()#1}>::_Tuple_impl<Solution::build(int, std::vector<float, std::allocator<float> > const&)::{lambda()#1}>(Solution::build(int, std::vector<float, std::allocator<float> > const&)::{lambda()#1}&&)
calls=1 513 
* 49 17 16
* 4 3

fn=(2946) std::mutex*& std::__get_helper<0ul, std::mutex*, std::default_delete<std::mutex> >(std::_Tuple_impl<0ul, std::mutex*, std::default_delete<std::mutex> >&)
1787 350000 0 140000 1
+1 210000 70000 70000 1
cfn=(2948) std::_Tuple_impl<0ul, std::mutex*, std::default_delete<std::mutex> >::_M_head(std::_Tuple_impl<0ul, std::mutex*, std::default_delete<std::mutex> >&)
calls=70000 269 
* 1190000 420000 350000 4 0 0 1
* 140000 140000

fn=(2948)
269 560000 70000 210000 3 0 0 1
cfn=(2950) std::_Head_base<0ul, std::mutex*, false>::_M_head(std::_Head_base<0ul, std::mutex*, false>&)
calls=70000 -35 
* 490000 210000 140000 1
* 140000 140000

fn=(2966) std::default_delete<std::mutex>& std::__get_helper<1ul, std::default_delete<std::mutex>>(std::_Tuple_impl<1ul, std::default_delete<std::mutex>>&)
1787 150000 0 60000
+1 90000 30000 30000
cfn=(2968) std::_Tuple_impl<1ul, std::default_delete<std::mutex> >::_M_head(std::_Tuple_impl<1ul, std::default_delete<std::mutex> >&)
calls=30000 497 
* 510000 180000 150000
* 60000 60000

fn=(2968)
497 240000 30000 90000
cfn=(2970) std::_Head_base<1ul, std::default_delete<std::mutex>, true>::_M_head(std::_Head_base<1ul, std::default_delete<std::mutex>, true>&)
calls=30000 125 
* 210000 90000 60000
* 60000 60000

fn=(3176)
269 304 38 114
cfn=(3178) std::_Head_base<0ul, std::thread::_State*, false>::_M_head(std::_Head_base<0ul, std::thread::_State*, false>&)
calls=38 -35 
* 266 114 76
* 76 76

fn=(3178)
234 266 114 76

fn=(3286) std::tuple_element<1ul, std::tuple<Solution::build(int, std::vector<float, std::allocator<float> > const&)::{lambda(int)#1}, unsigned int> >::type&& std::get<1ul, Solution::build(int, std::vector<float, std::allocator<float> > const&)::{lambda(int)#1}, unsigned int>(std::tuple<Solution::build(int, std::vector<float, std::allocator<float> > const&)::{lambda(int)#1}, unsigned int>&&)
1815 90 0 36 2 0 0 1
+3 54 18 18
cfn=(3288)
calls=18 -31 
* 486 162 144 24 0 0 6
* 36 0 18
cfi=(240)
cfn=(3294)
calls=18 70 
* 126 54 36
+1 36 36

fn=(2818)
280 100000 0 40000 1 0 0 1
+1 60000 20000 20000
cfn=(2820)
calls=20000 503 
* 360000 100000 100000 1 0 0 1
* 60000 20000 20000
cfn=(2824)
calls=20000 -91 
* 180000 60000 60000
* 60000 40000

fn=(2950)
234 490000 210000 140000 1

fn=(3144) std::tuple<Solution::build(int, std::vector<float, std::allocator<float> > const&)::{lambda(int)#1}, unsigned int>::tuple<Solution::build(int, std::vector<float, std::allocator<float> > const&)::{lambda(int)#1}&, unsigned int&, true>(Solution::build(int, std::vector<float, std::allocator<float> > const&)::{lambda(int)#1}&, unsigned int&)
1345 162 0 108 9 0 0 1
+2 72 36 18
cfi=(240)
cfn=(3126)
calls=18 70 
* 126 54 36
* 72 18 18
cfi=(240)
cfn=(3128)
calls=18 70 
* 126 54 36
* 72 0 18 1 0 0 1
cfn=(3146)
calls=18 291 
* 2016 684 648 12 8 0 4
* 108 72

fn=(3148)
513 126 0 72
+1 72 36 18 1 0 0 1
cfi=(240)
cfn=(3126)
calls=18 70 
* 126 54 36
* 54 0 18
cfn=(3150)
calls=18 200 
* 396 144 126
+1 72 54

fn=(3162)
280 95 0 38 1 0 0 1
+1 57 19 19
cfn=(3164)
calls=19 503 
* 342 95 95 2 0 0 2
* 57 19 19
cfn=(3168)
calls=19 -91 
* 171 57 57
* 57 38 0 1 0 0 1

fn=(3298)
1787 90 0 36 1 0 0 1
+1 54 18 18
cfn=(3300)
calls=18 269 
* 324 108 90
* 36 36

fn=(3302)
234 126 54 36

fn=(3788)
513 7 0 4
+1 4 2 1
cfi=(240)
cfn=(3780)
calls=1 70 
* 7 3 2
* 3 0 1
cfn=(3790)
calls=1 200 
* 24 9 8
+1 4 3

fn=(2822)
81 80000 0 40000
+1 60000 40000 0 1 0 0 1

fn=(2944)
1803 350000 0 140000 2 0 0 1
+1 210000 70000 70000
cfn=(2946)
calls=70000 -17 
* 1890000 630000 560000 6 0 0 1
* 140000 140000

fn=(2964)
1803 150000 0 60000
+1 90000 30000 30000 1
cfn=(2966)
calls=30000 -17 
* 810000 270000 240000
* 60000 60000

fn=(2970)
125 210000 90000 60000

fn=(3152)
200 108 0 54
+1 54 18 18
cfi=(240)
cfn=(3128)
calls=18 70 
* 126 54 36
* 144 90 36 1 8 0 1

fn=(3292)
234 126 54 36 3 0 0 2

fl=(370)
fn=(4190)
67 700 200 200

fl=(367)
fn=(4160)
173 1000 0 700 1 0 0 1
+5 1200 700 200 1 0 0 1
cfi=(368)
cfn=(4162)
calls=100 562 
* 1409748 459329 390993 150 126 28 136 2 1
* 100
+1 300 200

fn=(4368)
692 6000 0 3000
+1 5000 2000 1000
cfi=(368)
cfn=(4370)
calls=1000 1744 
* 516591 174393 147731 12 0 0 12
* 2000 2000

fn=(4384)
104 800 100 300 1
cfi=(368)
cfn=(4386)
calls=100 1595 
* 337800 104700 84600 9 0 0 8
* 300 200

fl=(259)
fn=(1872) std::_Vector_base<float, std::allocator<float> >::_Vector_base(unsigned long, std::allocator<float> const&)
333 816 0 510
+1 510 204 102
cfn=(1874) std::_Vector_base<float, std::allocator<float> >::_Vector_impl::_Vector_impl(std::allocator<float> const&)
calls=102 146 
* 3570 1224 1326 2 0 38 2 0 37
+1 510 204 102 1 0 0 1
cfn=(1878) std::_Vector_base<float, std::allocator<float> >::_M_create_storage(unsigned long)
calls=102 +61 
* 30304 7420 4637 35 11 103 20 1 102
* 408 306

fn=(1878)
396 612 0 306
+2 510 204 102 1 0 0 1
cfn=(1880) std::_Vector_base<float, std::allocator<float> >::_M_allocate(unsigned long)
calls=102 -20 
* 27550 6196 3923 34 11 103 19 1 102
* 204 102 102
+1 408 306 102
+1 714 408 102
+1 306 204

fn=(2174) std::vector<std::vector<float, std::allocator<float> >, std::allocator<std::vector<float, std::allocator<float> > > >::_S_check_init_len(unsigned long, std::allocator<std::vector<float, std::allocator<float> > > const&)
1907 15 3 7 1 0 0 1
fi=(252)
92 1
fi=(241)
+76 1
fe=(259)
1909 3 0 1
cfn=(2176) std::vector<std::vector<float, std::allocator<float> >, std::allocator<std::vector<float, std::allocator<float> > > >::_S_max_size(std::allocator<std::vector<float, std::allocator<float> > > const&)
calls=1 +7 
* 39 14 10 2 0 0 2
* 2 1
fi=(241)
184 1
fe=(259)
1909 2
+3 1 1 0 1 0 0 1
+1 5 4

fn=(2184) std::_Vector_base<std::vector<float, std::allocator<float> >, std::allocator<std::vector<float, std::allocator<float> > > >::_M_create_storage(unsigned long)
396 6 0 3
+2 5 2 1
cfn=(2186) std::_Vector_base<std::vector<float, std::allocator<float> >, std::allocator<std::vector<float, std::allocator<float> > > >::_M_allocate(unsigned long)
calls=1 -20 
* 263 59 38 6 1 1 6 0 1
* 2 1 1 1 0 0 1
+1 4 3 1
+1 10 4 1
+1 3 2

fn=(2262)
386 728 0 416 3 0 0 1
+3 208 104
+1 1236 618 618 2 0 0 1
fi=(241)
205 103 0 103
cfi=(244)
cfn=(1522)
calls=103 541 
* 618 206 103
* 206
+5 618 309 103 2 0 0 1
cfi=(252)
cfn=(2266) std::__new_allocator<float>::deallocate(float*, unsigned long)
calls=103 -54 
* 24865 7369 4246 5 135 1 2
fi=(253)
517 103
fe=(259)
391 312 208

fn=(2290)
556 8 0 5 1 0 0 1
+1 6 3 1
cfn=(2292) std::vector<unsigned long, std::allocator<unsigned long> >::_S_check_init_len(unsigned long, std::allocator<unsigned long> const&)
calls=1 1907 
* 70 23 18 6 0 0 6
* 6 1 1 1 0 0 1
cfn=(2296) std::_Vector_base<unsigned long, std::allocator<unsigned long> >::_Vector_base(unsigned long, std::allocator<unsigned long> const&)
calls=1 333 
* 360 93 65 11 2 1 11 0 1
+1 5 2 1
cfn=(2310) std::vector<unsigned long, std::allocator<unsigned long> >::_M_default_initialize(unsigned long)
calls=1 1715 
* 275 104 81 15 0 1 15 0 1
* 4 3 0 1 0 0 1

fn=(2302) std::_Vector_base<unsigned long, std::allocator<unsigned long> >::_M_create_storage(unsigned long)
396 606 0 303
+2 505 202 101
cfn=(2304) std::_Vector_base<unsigned long, std::allocator<unsigned long> >::_M_allocate(unsigned long)
calls=101 -20 
* 27876 6262 3838 5 2 106 5 0 101
* 202 101 101
+1 404 303 101 1 0 0 1
+1 707 404 101
+1 303 202

fn=(2332)
569 9 0 6 1 0 0 1
+2 6 3 1 1 0 0 1
cfn=(2334) std::vector<std::vector<unsigned long, std::allocator<unsigned long> >, std::allocator<std::vector<unsigned long, std::allocator<unsigned long> > > >::_S_check_init_len(unsigned long, std::allocator<std::vector<unsigned long, std::allocator<unsigned long> > > const&)
calls=1 1907 
* 70 23 18 6 0 0 6
* 6 1 1
cfn=(2338) std::_Vector_base<std::vector<unsigned long, std::allocator<unsigned long> >, std::allocator<std::vector<unsigned long, std::allocator<unsigned long> > > >::_Vector_base(unsigned long, std::allocator<std::vector<unsigned long, std::allocator<unsigned long> > > const&)
calls=1 333 
* 350 90 65 10 1 3 10 0 1
+1 6 3 1 1 0 0 1
cfn=(2352) std::vector<std::vector<unsigned long, std::allocator<unsigned long> >, std::allocator<std::vector<unsigned long, std::allocator<unsigned long> > > >::_M_fill_initialize(unsigned long, std::vector<unsigned long, std::allocator<unsigned long> > const&)
calls=1 1704 
* 87004 25534 21134 38 1 191 37 0 186
* 4 3

fn=(2540) std::_Vector_base<float, std::allocator<float> >::_Vector_impl::_Vector_impl()
137 9 2 4 2 0 0 1
fi=(252)
-49 1
fi=(241)
+75 1
fe=(259)
-21 3 1 1
cfn=(1876) std::_Vector_base<float, std::allocator<float> >::_Vector_impl_data::_Vector_impl_data()
calls=1 -43 
* 13 5 5
+1 3 2

fn=(2556) std::vector<long long, std::allocator<long long> >::vector(unsigned long, long long const&, std::allocator<long long> const&)
569 909 0 606 3 0 0 2
+2 606 303 101
cfn=(2558) std::vector<long long, std::allocator<long long> >::_S_check_init_len(unsigned long, std::allocator<long long> const&)
calls=101 1907 
* 7070 2323 1818 8 0 0 4
* 606 101 101
cfn=(2562) std::_Vector_base<long long, std::allocator<long long> >::_Vector_base(unsigned long, std::allocator<long long> const&)
calls=101 333 
* 22285 6857 5511 39 2 2 25
+1 606 303 101
cfn=(2578) std::vector<long long, std::allocator<long long> >::_M_fill_initialize(unsigned long, long long const&)
calls=101 1704 
* 29088 12524 8585 28 0 0 18
* 404 303

fn=(2608) std::_Vector_base<int, std::allocator<int> >::_Vector_impl_data::_Vector_impl_data()
99 80404 0 40202 1 0 0 1
+1 120606 60303 60303 1 0 1 1
+1 60303 40202

fn=(2646) std::_Vector_base<std::vector<int, std::allocator<int> >, std::allocator<std::vector<int, std::allocator<int> > > >::_Vector_base(unsigned long, std::allocator<std::vector<int, std::allocator<int> > > const&)
333 8 0 5
+1 5 2 1 1 0 0 1
cfn=(2648) std::_Vector_base<std::vector<int, std::allocator<int> >, std::allocator<std::vector<int, std::allocator<int> > > >::_Vector_impl::_Vector_impl(std::allocator<std::vector<int, std::allocator<int> > > const&)
calls=1 146 
* 35 12 13 3 0 0 2
+1 5 2 1
cfn=(2652) std::_Vector_base<std::vector<int, std::allocator<int> >, std::allocator<std::vector<int, std::allocator<int> > > >::_M_create_storage(unsigned long)
calls=1 +61 
* 484 99 68 7 1 0 7
* 4 3 0 1 0 0 1

fn=(2680) std::_Vector_base<int, std::allocator<int> >::_M_get_Tp_allocator() const
306 240400 0 120200 1 0 0 1
+1 180300 180300

fn=(2758)
1078 4 0 2
+1 2 2
+1 7 4 0 1

fn=(2776) std::_Vector_base<Solution::Node, std::allocator<Solution::Node> >::_M_get_Tp_allocator() const
306 16 0 8 1 0 0 1
+1 12 12

fn=(2806) std::_Vector_base<int, std::allocator<int> >::_Vector_base()
315 160000 20000 60000 1 0 0 1
cfn=(2808) std::_Vector_base<int, std::allocator<int> >::_Vector_impl::_Vector_impl()
calls=20000 137 
* 600000 200000 200000 1 0 0 1
* 60000 40000

fn=(2884)
893 80800 10100 30300 4 0 0 2
+1 60600 10100 10100
cfi=(236)
cfn=(2886) __gnu_cxx::__normal_iterator<int*, std::vector<int, std::allocator<int> > >::__normal_iterator(int* const&)
calls=10100 1076 
* 121200 50500 40400 2 37 0 1
* 60600 50500

fn=(3106)
378 9 1 4
+3 10 5 4 1 0 0 1
fi=(241)
191 1 0 1
cfi=(244)
cfn=(1522)
calls=1 541 
* 6 2 1
* 2
+7 6 2 1 1 0 0 1
cfi=(252)
cfn=(3110) std::__new_allocator<std::thread>::allocate(unsigned long, void const*)
calls=1 -72 
* 231 47 27 3 1 1 3 0 1
* 1
fi=(253)
482 2
fe=(259)
382 5 4

fn=(3314) std::vector<unsigned short, std::allocator<unsigned short> >::resize(unsigned long, unsigned short const&)
1034 152 0 95 2 0 18 2 0 18
+2 57 19 19
cfn=(3316) std::vector<unsigned short, std::allocator<unsigned short> >::size() const
calls=19 -44 
* 247 114 38 0 0 18 0 0 18
* 76 19
+1 57 19 19
cfn=(3316)
calls=19 -45 
* 247 114 38
* 114 38 19
cfn=(3318) std::vector<unsigned short, std::allocator<unsigned short> >::end()
calls=19 893 
* 608 228 152 14 0 0 3
* 133 38 19 1 0 0 1
cfi=(278)
cfn=(3322)
calls=19 529 
* 1385865 771659 393420 299 152 6961 95 2 6956
+3 95 57 0 1 0 0 1

fn=(3326)
1896 209 19 114 1 0 19 1 0 18
+2 57 19 19 2 0 0 1
cfn=(3328) std::vector<unsigned short, std::allocator<unsigned short> >::max_size() const
calls=19 998 
* 1102 380 304 13 0 36 5 0 36
* 76 19 19
cfn=(3316)
calls=19 992 
* 247 114 38
* 133 19
+3 57 19 19 1 0 0 1
cfn=(3316)
calls=19 992 
* 247 114 38
* 76 19 19
cfn=(3316)
calls=19 992 
* 247 114 38
* 114 0 38
cfi=(248) /usr/include/c++/13/bits/stl_algobase.h
cfn=(2782) unsigned long const& std::max<unsigned long>(unsigned long const&, unsigned long const&)
calls=19 257 
* 285 133 57 2
* 57 19 19 3 0 0 1
+1 57 19 19
cfn=(3316)
calls=19 992 
* 247 114 38
* 95 38 19
cfn=(3328)
calls=19 998 
* 1102 380 304
* 57 38
+1 114 95

fn=(3416) std::vector<std::pair<float, int>, std::allocator<std::pair<float, int> > >::vector()
531 164512 20564 61692 3 0 0 2
cfn=(3418) std::_Vector_base<std::pair<float, int>, std::allocator<std::pair<float, int> > >::_Vector_base()
calls=20564 315 
* 843124 267332 267332 1 0 0 1
* 61692 41128

fn=(3456)
998 2147000 0 858800 3 0 0 2
+1 1288200 429400 429400
cfn=(3458) std::_Vector_base<std::pair<float, int>, std::allocator<std::pair<float, int> > >::_M_get_Tp_allocator() const
calls=429400 306 
* 3005800 1288200 858800 1 0 0 1
* 858800 0 429400
cfn=(3460) std::vector<std::pair<float, int>, std::allocator<std::pair<float, int> > >::_S_max_size(std::allocator<std::pair<float, int> > const&)
calls=429400 1916 
* 16746600 6011600 4294000 8 0 1 2
* 858800 858800

fn=(3464)
873 214434856 26804357 80413071 1 1 0 1
+1 134021785 26804357 26804357 0 0 5 0 0 2
cfi=(236)
cfn=(3450) __gnu_cxx::__normal_iterator<std::pair<float, int>*, std::vector<std::pair<float, int>, std::allocator<std::pair<float, int> > > >::__normal_iterator(std::pair<float, int>* const&)
calls=26804357 1076 
* 321652284 134021785 107217428 0 86 0 0 12
* 160826142 134021785 0 0 10 0 0 4

fn=(3480)
301 1840984 0 920492
+1 1380738 1380738

fn=(3492)
1233 115672224 14459028 43377084 1 47 0 1 9
+3 43377084 14459028 14459028 0 0 2 0 0 1
cfn=(3448)
calls=14459028 893 
* 462688896 173508336 115672224 0 12 37 0 0 4
* 72295140 0 28918056 0 0 10
cfi=(236)
cfn=(3494) __gnu_cxx::__normal_iterator<std::pair<float, int>*, std::vector<std::pair<float, int>, std::allocator<std::pair<float, int> > > >::operator-(long) const
calls=14459028 -79 
* 563902092 202426392 144590280 3 10 8 2 4 1
* 57836112 0 28918056 0 0 3 0 0 2
cfi=(236)
cfn=(3496) __gnu_cxx::__normal_iterator<std::pair<float, int>*, std::vector<std::pair<float, int>, std::allocator<std::pair<float, int> > > >::operator*() const
calls=14459028 1099 
* 115672224 57836112 28918056 0 3 3 0 1
+1 72295140 57836112 0 0 7 0 0 1

fn=(4098)
1126 1500 0 900 1 0 0 1
+3 2400 900 0 1 101 0 1 1
+1 600 600

fn=(4100)
1126 500 0 300
+3 800 300 0 0 100 0 0 1
+1 200 200

fn=(4156) std::_Vector_base<long long, std::allocator<long long> >::_Vector_impl::~_Vector_impl()
133 606 101 303 2
fi=(241)
+51 101
fe=(259)
-51 303 202

fn=(4764)
992 404 0 202 1 0 0 1
+1 1010 606 0 1 0 0 1

fn=(4766)
1145 5000 0 3000
+3 8000 3000
+1 2000 2000

fn=(4822) std::_Vector_base<std::vector<int, std::allocator<int> >, std::allocator<std::vector<int, std::allocator<int> > > >::_Vector_impl::~_Vector_impl()
133 6 1 3 1
fi=(241)
+51 1
fe=(259)
-51 3 2

fn=(1894)
301 828 0 414 2 0 0 1
+1 621 621

fn=(2292)
1907 15 3 7 1 0 0 1
fi=(252)
92 1 0 0 1 0 0 1
fi=(241)
+76 1
fe=(259)
1909 3 0 1
cfn=(2294) std::vector<unsigned long, std::allocator<unsigned long> >::_S_max_size(std::allocator<unsigned long> const&)
calls=1 +7 
* 39 14 10 3 0 0 3
* 2 1
fi=(241)
184 1
fe=(259)
1909 2
+3 1 1 0 1 0 0 1
+1 5 4

fn=(2300) std::_Vector_base<unsigned long, std::allocator<unsigned long> >::_Vector_impl_data::_Vector_impl_data()
99 404 0 202 1 0 0 1
+1 606 303 303 0 0 36 0 0 36
+1 303 202 0 1 0 0 1

fn=(2312) std::_Vector_base<unsigned long, std::allocator<unsigned long> >::_M_get_Tp_allocator()
301 808 0 404 1
+1 606 606

fn=(2336) std::vector<std::vector<unsigned long, std::allocator<unsigned long> >, std::allocator<std::vector<unsigned long, std::allocator<unsigned long> > > >::_S_max_size(std::allocator<std::vector<unsigned long, std::allocator<unsigned long> > > const&)
1916 8 1 3 1 0 0 1
+5 4 1 2 1 0 0 1
fi=(253)
576 1
fe=(259)
1923 1 0 1
+1 5 0 1
cfi=(248)
cfn=(1600) unsigned long const& std::min<unsigned long>(unsigned long const&, unsigned long const&)
calls=1 233 
* 14 7 3
* 1 1
+1 5 4 0 1 0 0 1

fn=(2338)
333 8 0 5
+1 5 2 1
cfn=(2340) std::_Vector_base<std::vector<unsigned long, std::allocator<unsigned long> >, std::allocator<std::vector<unsigned long, std::allocator<unsigned long> > > >::_Vector_impl::_Vector_impl(std::allocator<std::vector<unsigned long, std::allocator<unsigned long> > > const&)
calls=1 146 
* 35 12 13 2 0 2 2
+1 5 2 1 1 0 0 1
cfn=(2344) std::_Vector_base<std::vector<unsigned long, std::allocator<unsigned long> >, std::allocator<std::vector<unsigned long, std::allocator<unsigned long> > > >::_M_create_storage(unsigned long)
calls=1 +61 
* 293 71 45 7 1 1 7 0 1
* 4 3

fn=(2344)
396 6 0 3
+2 5 2 1
cfn=(2346) std::_Vector_base<std::vector<unsigned long, std::allocator<unsigned long> >, std::allocator<std::vector<unsigned long, std::allocator<unsigned long> > > >::_M_allocate(unsigned long)
calls=1 -20 
* 263 59 38 6 1 1 6 0 1
* 2 1 1 1 0 0 1
+1 4 3 1
+1 10 4 1
+1 3 2

fn=(2558)
1907 1515 303 707 4 0 0 2
fi=(252)
92 101
fi=(241)
+76 101
fe=(259)
1909 303 0 101
cfn=(2560) std::vector<long long, std::allocator<long long> >::_S_max_size(std::allocator<long long> const&)
calls=101 +7 
* 3939 1414 1010 4 0 0 2
* 202 101
fi=(241)
184 101
fe=(259)
1909 202
+3 101 101
+1 505 404

fn=(2570) std::_Vector_base<long long, std::allocator<long long> >::_M_allocate(unsigned long)
378 909 101 404 2 0 0 1
+3 1010 505 404 2 0 0 1
fi=(241)
191 101 0 101
cfi=(244)
cfn=(1522)
calls=101 541 
* 606 202 101
* 202
+7 606 202 101 4 0 0 2
cfi=(252)
cfn=(2574) std::__new_allocator<long long>::allocate(unsigned long, void const*)
calls=101 -72 
* 9559 2312 1673 21 2 1 16
* 101
fi=(253)
482 202
fe=(259)
382 505 404

fn=(2774)
998 20 0 8 1 0 0 1
+1 12 4 4 1 0 0 1
cfn=(2776)
calls=4 306 
* 28 12 8 1 0 0 1
* 8 0 4
cfn=(2778) std::vector<Solution::Node, std::allocator<Solution::Node> >::_S_max_size(std::allocator<Solution::Node> const&)
calls=4 1916 
* 156 56 40 2 0 0 2
* 8 8

fn=(2780)
1896 11 1 6 1 0 0 1
+2 3 1 1
cfn=(2774)
calls=1 998 
* 58 20 16
* 4 1 1
cfn=(2770)
calls=1 992 
* 13 6 2
* 7 1 0 1 0 0 1
+3 3 1 1
cfn=(2770)
calls=1 992 
* 13 6 2
* 4 1 1 1 0 0 1
cfn=(2770)
calls=1 992 
* 13 6 2
* 6 0 2
cfi=(248)
cfn=(2782)
calls=1 257 
* 15 7 3 2 0 0 1
* 3 1 1
+1 3 1 1
cfn=(2770)
calls=1 992 
* 13 6 2
* 5 2 1
cfn=(2774)
calls=1 998 
* 58 20 16
* 3 2
+1 6 5

fn=(2784)
378 9 1 4 1 0 0 1
+3 10 5 4 1 0 0 1
fi=(241)
191 1 0 1
cfi=(244)
cfn=(1522)
calls=1 541 
* 6 2 1
* 2
+7 6 2 1 1 0 0 1
cfi=(252)
cfn=(2788) std::__new_allocator<Solution::Node>::allocate(unsigned long, void const*)
calls=1 -72 
* 354 75 49 2 16 1 2 0 1
* 1
fi=(253)
482 2 0 0 1 0 0 1
fe=(259)
382 5 4

fn=(2826)
504 8 0 5
+5 6 4 1 1 0 0 1
cfi=(262)
cfn=(2828) Solution::Node* std::__relocate_a<Solution::Node*, Solution::Node*, std::allocator<Solution::Node> >(Solution::Node*, Solution::Node*, Solution::Node*, std::allocator<Solution::Node>&)
calls=1 1141 
* 72 24 24 5 0 0 5
+5 2 2

fn=(2980)
504 80000 0 50000 1 0 0 1
+5 60000 40000 10000
cfi=(262)
cfn=(2982) int* std::__relocate_a<int*, int*, std::allocator<int> >(int*, int*, int*, std::allocator<int>&)
calls=10000 1141 
* 790000 270000 240000 5 0 0 5
+5 20000 20000

fn=(3330) std::_Vector_base<unsigned short, std::allocator<unsigned short> >::_M_get_Tp_allocator() const
306 152 0 76 2 0 18 1 0 18
+1 114 114

fn=(3462)
992 102464916 0 51232458 1 0 6 1 0 1
+1 230546061 153697374 0 1 95 0 1 16

fn=(3578) std::_Vector_base<std::pair<float, int>, std::allocator<std::pair<float, int> > >::~_Vector_base()
367 154230 0 61692
+3 215922 123384
-1 215922 92538 30846
cfn=(3490)
calls=30846 +17 
* 8544652 2568250 1573281 27 336595 0 8 1391
+2 92538 30846 30846
cfn=(3586) std::_Vector_base<std::pair<float, int>, std::allocator<std::pair<float, int> > >::_Vector_impl::~_Vector_impl()
calls=30846 133 
* 308460 92538 92538
* 92538 61692

fn=(4088) std::_Vector_base<std::thread, std::allocator<std::thread> >::~_Vector_base()
367 5 0 2
+3 7 4
-1 7 3 1
cfn=(3122)
calls=1 +17 
* 150 46 32 1 2
+2 3 1 1
cfn=(4096) std::_Vector_base<std::thread, std::allocator<std::thread> >::_Vector_impl::~_Vector_impl()
calls=1 133 
* 10 3 3
* 3 2

fn=(4158)
873 800 100 300
+1 500 100 100
cfi=(236)
cfn=(2886)
calls=100 1076 
* 1200 500 400
* 600 500

fn=(4902) std::_Vector_base<Solution::Node, std::allocator<Solution::Node> >::~_Vector_base()
367 5 0 2 1
+3 7 4 0 0 1
-1 7 3 1 1
cfn=(2834)
calls=1 +17 
* 138 39 29 10 4 0 3
+2 3 1 1
cfn=(4912) std::_Vector_base<Solution::Node, std::allocator<Solution::Node> >::_Vector_impl::~_Vector_impl()
calls=1 133 
* 10 3 3 2
* 3 2

fn=(4950) std::_Vector_base<std::vector<float, std::allocator<float> >, std::allocator<std::vector<float, std::allocator<float> > > >::~_Vector_base()
367 5 0 2 1
+3 8 4 0 1 0 0 1
-1 7 3 1
cfn=(4952) std::_Vector_base<std::vector<float, std::allocator<float> >, std::allocator<std::vector<float, std::allocator<float> > > >::_M_deallocate(std::vector<float, std::allocator<float> >*, unsigned long)
calls=1 +17 
* 275 81 54 4 1 0 3
+2 3 1 1 1
cfn=(4960) std::_Vector_base<std::vector<float, std::allocator<float> >, std::allocator<std::vector<float, std::allocator<float> > > >::_Vector_impl::~_Vector_impl()
calls=1 133 
* 10 3 3 2
* 3 2

fn=(4960)
133 6 1 3 2
fi=(241)
+51 1
fe=(259)
-51 3 2

fn=(2186)
378 9 1 4 1 0 0 1
+3 10 5 4
fi=(241)
191 1 0 1
cfi=(244)
cfn=(1522)
calls=1 541 
* 6 2 1
* 2 0 0 1 0 0 1
+7 6 2 1 1 0 0 1
cfi=(252)
cfn=(2190) std::__new_allocator<std::vector<float, std::allocator<float> > >::allocate(unsigned long, void const*)
calls=1 -72 
* 221 45 27 2 1 1 2 0 1
* 1
fi=(253)
482 2
fe=(259)
382 5 4 0 1 0 0 1

fn=(2346)
378 9 1 4 1 0 0 1
+3 10 5 4 1 0 0 1
fi=(241)
191 1 0 1
cfi=(244)
cfn=(1522)
calls=1 541 
* 6 2 1
* 2
+7 6 2 1 1 0 0 1
cfi=(252)
cfn=(2350) std::__new_allocator<std::vector<unsigned long, std::allocator<unsigned long> > >::allocate(unsigned long, void const*)
calls=1 -72 
* 221 45 27 2 1 1 2 0 1
* 1
fi=(253)
482 2
fe=(259)
382 5 4 0 1 0 0 1

fn=(2372) std::_Vector_base<unsigned long, std::allocator<unsigned long> >::_M_get_Tp_allocator() const
306 400 0 200
+1 300 300

fn=(2378) std::vector<unsigned long, std::allocator<unsigned long> >::end() const
903 800 100 300 1 0 0 1
+1 600 100 100 1 0 0 1
cfi=(236)
cfn=(2380) __gnu_cxx::__normal_iterator<unsigned long const*, std::vector<unsigned long, std::allocator<unsigned long> > >::__normal_iterator(unsigned long const* const&)
calls=100 1076 
* 1200 500 400
* 600 500

fn=(2382) std::vector<unsigned long, std::allocator<unsigned long> >::begin() const
883 800 100 300 1 0 0 1
+1 500 100 100
cfi=(236)
cfn=(2380)
calls=100 1076 
* 1200 500 400
* 600 500

fn=(2538) std::_Vector_base<float, std::allocator<float> >::_Vector_base()
315 8 1 3
cfn=(2540)
calls=1 137 
* 30 10 10 2 0 0 1
* 3 2

fn=(2580) std::_Vector_base<long long, std::allocator<long long> >::_M_get_Tp_allocator()
301 808 0 404 2 0 0 1
+1 606 606

fn=(2606) std::_Vector_base<int, std::allocator<int> >::_Vector_impl::_Vector_impl(std::allocator<int> const&)
146 1414 404 707 1 0 0 1
fi=(252)
-54 101
fi=(241)
+76 101
fe=(259)
-21 303 101 101 1 0 0 1
cfn=(2608)
calls=101 -48 
* 1313 505 505 2 0 1 2
+1 303 202

fn=(2718)
733 100505 0 40202 1
+3 60303 20101 20101
cfn=(2620)
calls=20101 301 
* 140707 60303 40202 1
-1 140707 80404 60303 1 1
fi=(253)
948 100505 40202 20101
cfi=(250)
cfn=(2720)
calls=20101 182 
* 603030 160808 180909 4
+1 20101
fe=(259)
738 60303 20101 20101
cfn=(2726) std::_Vector_base<int, std::allocator<int> >::~_Vector_base()
calls=20101 367 
* 5020081 1525995 953551 14 14998 0 5 316
* 60303 40202

fn=(2736) std::_Vector_base<int, std::allocator<int> >::_Vector_impl::~_Vector_impl()
133 120606 20101 60303 1 0 0 1
fi=(241)
+51 20101
fe=(259)
-51 60303 40202

fn=(2880) std::vector<Solution::Node, std::allocator<Solution::Node> >::operator[](unsigned long)
1126 25527160 0 15316296
+3 25527160 15316296 0 0 10741
+1 10210864 10210864

fn=(2892)
1896 220000 20000 120000 2 0 0 2
+2 60000 20000 20000
cfn=(2894)
calls=20000 998 
* 1160000 400000 320000 1 0 0 1
* 80000 20000 20000
cfn=(2682)
calls=20000 992 
* 260000 120000 40000
* 140000 20000
+3 60000 20000 20000 1 0 0 1
cfn=(2682)
calls=20000 992 
* 260000 120000 40000
* 80000 20000 20000
cfn=(2682)
calls=20000 992 
* 260000 120000 40000
* 120000 0 40000 1 0 0 1
cfi=(248)
cfn=(2782)
calls=20000 257 
* 300000 140000 60000
* 60000 20000 20000
+1 60000 20000 20000
cfn=(2682)
calls=20000 992 
* 260000 120000 40000
* 100000 40000 20000
cfn=(2894)
calls=20000 998 
* 1160000 400000 320000
* 60000 40000
+1 120000 100000

fn=(2976) std::vector<int, std::allocator<int> >::resize(unsigned long)
1013 60000 0 30000
+2 30000 10000 10000
cfn=(2682)
calls=10000 -23 
* 130000 60000 20000
* 40000 10000 0 1 0 0 1
+1 30000 10000 10000
cfn=(2682)
calls=10000 -24 
* 130000 60000 20000
* 60000 20000 10000
cfi=(278)
cfn=(2978)
calls=10000 634 
* 19479488 8529131 5024645 32 344 80741 15 0 80725
+3 40000 20000 0 1 0 0 1

fn=(3104)
992 4 0 2
+1 9 6

fn=(3240) std::vector<std::thread, std::allocator<std::thread> >::end()
893 152 19 57 1 0 0 1
+1 114 19 19
cfi=(236)
cfn=(3242) __gnu_cxx::__normal_iterator<std::thread*, std::vector<std::thread, std::allocator<std::thread> > >::__normal_iterator(std::thread* const&)
calls=19 1076 
* 228 95 76 1 0 0 1
* 114 95 0 1 0 0 1

fn=(3328)
998 190 0 76 6 0 0 2
+1 114 38 38
cfn=(3330)
calls=38 306 
* 266 114 76 2 0 18 1 0 18
* 76 0 38
cfn=(3332) std::vector<unsigned short, std::allocator<unsigned short> >::_S_max_size(std::allocator<unsigned short> const&)
calls=38 1916 
* 1482 532 380 5 0 18 2 0 18
* 76 76

fn=(3354)
301 380 0 190 5 0 0 2
+1 285 285

fn=(3418)
315 164512 20564 61692
cfn=(3420) std::_Vector_base<std::pair<float, int>, std::allocator<std::pair<float, int> > >::_Vector_impl::_Vector_impl()
calls=20564 137 
* 616920 205640 205640 1 0 0 1
* 61692 41128

fn=(3460)
1916 3435200 429400 1288200 2 0 1 2
+5 1717600 429400 858800
fi=(253)
576 429400
fe=(259)
1923 429400 0 429400
+1 2147000 0 429400
cfi=(248)
cfn=(1600)
calls=429400 233 
* 6011600 3005800 1288200 6
* 429400 429400
+1 2147000 1717600

fn=(3566) int* std::vector<int, std::allocator<int> >::_M_data_ptr<int>(int*) const
1990 25226750 0 15136050
+1 15136050 15136050

fn=(3570) std::vector<std::pair<float, int>, std::allocator<std::pair<float, int> > >::~vector()
733 154230 0 61692
+3 92538 30846 30846
cfn=(3480)
calls=30846 301 
* 215922 92538 61692
-1 215922 123384 92538 0 9947 0 0 15
fi=(253)
948 154230 61692 30846 1 0 0 1
cfi=(250)
cfn=(3572) void std::_Destroy<std::pair<float, int>*>(std::pair<float, int>*, std::pair<float, int>*)
calls=30846 182 
* 925380 246768 277614
+1 30846
fe=(259)
738 92538 30846 30846
cfn=(3578)
calls=30846 367 
* 9624262 2969248 1789203 27 336595 0 8 1391
* 92538 61692

fn=(3586)
133 185076 30846 92538
fi=(241)
+51 30846
fe=(259)
-51 92538 61692

fn=(3590)
1078 40728 0 20364
+1 20364 20364
+1 71274 40728

fn=(3606)
1260 575245 0 230098
+1 690294 345147 115049 0 10106 0 0 5
cfn=(3566)
calls=115049 1990 
* 920392 345147 345147
* 230098 230098

fn=(3998) std::vector<unsigned short, std::allocator<unsigned short> >::~vector()
733 95 0 38 4 0 0 2
+3 57 19 19
cfn=(3354)
calls=19 301 
* 133 57 38 2
-1 133 76 57 0 1
fi=(253)
948 95 38 19
cfi=(250)
cfn=(3404)
calls=19 182 
* 570 152 171 3
+1 19
fe=(259)
738 57 19 19
cfn=(4002) std::_Vector_base<unsigned short, std::allocator<unsigned short> >::~_Vector_base()
calls=19 367 
* 5355 1614 1102 6 39 20 0 12 5
* 57 38

fn=(4132) std::vector<long long, std::allocator<long long> >::operator[](unsigned long)
1126 18585 0 11151 1
+3 18585 11151
+1 7434 7434

fn=(4146) std::_Vector_base<long long, std::allocator<long long> >::~_Vector_base()
367 505 0 202 3 0 0 1
+3 707 404
-1 707 303 101
cfn=(4148) std::_Vector_base<long long, std::allocator<long long> >::_M_deallocate(long long*, unsigned long)
calls=101 +17 
* 15150 4646 3232 7 1 0 2
+2 303 101 101 1
cfn=(4156)
calls=101 133 
* 1010 303 303 2
* 303 202

fn=(4936) std::_Vector_base<std::vector<unsigned long, std::allocator<unsigned long> >, std::allocator<std::vector<unsigned long, std::allocator<unsigned long> > > >::_Vector_impl::~_Vector_impl()
133 6 1 3 1
fi=(241)
+51 1
fe=(259)
-51 3 2

fn=(2182) std::_Vector_base<std::vector<float, std::allocator<float> >, std::allocator<std::vector<float, std::allocator<float> > > >::_Vector_impl_data::_Vector_impl_data()
99 4 0 2 1 0 0 1
+1 6 3 3 0 0 1
+1 3 2

fn=(2214)
992 408 0 204 3 0 0 2
+1 918 612 0 0 1

fn=(2260) std::_Vector_base<float, std::allocator<float> >::~_Vector_base()
367 515 0 206 3 0 0 1
+3 721 412 0 0 13
-1 721 309 103
cfn=(2262)
calls=103 +17 
* 28985 8811 5585 11 135 1 5
+2 309 103 103 1
cfn=(2270) std::_Vector_base<float, std::allocator<float> >::_Vector_impl::~_Vector_impl()
calls=103 133 
* 1030 309 309 3 0 0 1
* 309 206

fn=(2270)
133 618 103 309 3 0 0 1
fi=(241)
+51 103
fe=(259)
-51 309 206

fn=(2310)
1715 6 0 3 1 0 0 1
+4 3 1 1 1 0 0 1
cfn=(2312)
calls=1 301 
* 7 3 2
* 1
-1 6 3 1
cfi=(262)
cfn=(2314) unsigned long* std::__uninitialized_default_n_a<unsigned long*, unsigned long, unsigned long>(unsigned long*, unsigned long, std::allocator<unsigned long>&)
calls=1 777 
* 247 94 73 13 0 1 13 0 1
-1 2 1 1
+3 3 2

fn=(2340)
146 14 4 7 1 0 0 1
fi=(252)
-54 1
fi=(241)
+76 1
fe=(259)
-21 3 1 1
cfn=(2342) std::_Vector_base<std::vector<unsigned long, std::allocator<unsigned long> >, std::allocator<std::vector<unsigned long, std::allocator<unsigned long> > > >::_Vector_impl_data::_Vector_impl_data()
calls=1 -48 
* 13 5 5 1 0 2 1
+1 3 2

fn=(2374) std::vector<unsigned long, std::allocator<unsigned long> >::size() const
992 400 0 200
+1 900 600

fn=(2410)
733 505 0 202 1
+3 303 101 101
cfn=(2312)
calls=101 301 
* 707 303 202 1
-1 707 404 303 0 25
fi=(253)
948 505 202 101 1
cfi=(250)
cfn=(2412) void std::_Destroy<unsigned long*>(unsigned long*, unsigned long*)
calls=101 182 
* 3030 808 909 5 0 0 1
+1 101
fe=(259)
738 303 101 101
cfn=(2418) std::_Vector_base<unsigned long, std::allocator<unsigned long> >::~_Vector_base()
calls=101 367 
* 21503 6429 3845 9 163 0 3
* 303 202

fn=(2430)
873 8 1 3 1 0 0 1
+1 5 1 1
cfi=(236)
cfn=(2432) __gnu_cxx::__normal_iterator<std::vector<unsigned long, std::allocator<unsigned long> >*, std::vector<std::vector<unsigned long, std::allocator<unsigned long> >, std::allocator<std::vector<unsigned long, std::allocator<unsigned long> > > > >::__normal_iterator(std::vector<unsigned long, std::allocator<unsigned long> >* const&)
calls=1 1076 
* 12 5 4
* 6 5 0 1 0 0 1

fn=(2434)
893 8 1 3
+1 6 1 1 1 0 0 1
cfi=(236)
cfn=(2432)
calls=1 1076 
* 12 5 4
* 6 5

fn=(2544) std::_Vector_base<Solution::Node, std::allocator<Solution::Node> >::_Vector_base()
315 8 1 3
cfn=(2546) std::_Vector_base<Solution::Node, std::allocator<Solution::Node> >::_Vector_impl::_Vector_impl()
calls=1 137 
* 30 10 10 1 0 1 1
* 3 2

fn=(2548) std::_Vector_base<Solution::Node, std::allocator<Solution::Node> >::_Vector_impl_data::_Vector_impl_data()
99 4 0 2
+1 6 3 3 0 0 1
+1 3 2

fn=(2560)
1916 808 101 303 2 0 0 1
+5 404 101 202
fi=(253)
576 101
fe=(259)
1923 101 0 101 2 0 0 1
+1 505 0 101
cfi=(248)
cfn=(1600)
calls=101 233 
* 1414 707 303
* 101 101
+1 505 404

fn=(2562)
333 808 0 505 2 0 0 1
+1 505 202 101
cfn=(2564) std::_Vector_base<long long, std::allocator<long long> >::_Vector_impl::_Vector_impl(std::allocator<long long> const&)
calls=101 146 
* 3535 1212 1313 6 0 1 3
+1 505 202 101
cfn=(2568) std::_Vector_base<long long, std::allocator<long long> >::_M_create_storage(unsigned long)
calls=101 +61 
* 16528 4938 3491 31 2 1 21
* 404 303

fn=(2598)
556 8 0 5 1 0 0 1
+1 6 3 1 1 0 0 1
cfn=(2600) std::vector<int, std::allocator<int> >::_S_check_init_len(unsigned long, std::allocator<int> const&)
calls=1 1907 
* 70 23 18 6 0 0 6
* 6 1 1
cfn=(2604) std::_Vector_base<int, std::allocator<int> >::_Vector_base(unsigned long, std::allocator<int> const&)
calls=1 333 
* 215 67 54 13 0 1 13
+1 5 2 1
cfn=(2618) std::vector<int, std::allocator<int> >::_M_default_initialize(unsigned long)
calls=1 1715 
* 275 104 81 17 0 0 17
* 4 3 0 1 0 0 1

fn=(2602) std::vector<int, std::allocator<int> >::_S_max_size(std::allocator<int> const&)
1916 480008 60001 180003 1 0 0 1
+5 240004 60001 120002 1 0 0 1
fi=(253)
576 60001
fe=(259)
1923 60001 0 60001
+1 300005 0 60001
cfi=(248)
cfn=(1600)
calls=60001 233 
* 840014 420007 180003
* 60001 60001
+1 300005 240004

fn=(2642) std::vector<std::vector<int, std::allocator<int> >, std::allocator<std::vector<int, std::allocator<int> > > >::_S_check_init_len(unsigned long, std::allocator<std::vector<int, std::allocator<int> > > const&)
1907 15 3 7 2 0 0 2
fi=(252)
92 1
fi=(241)
+76 1
fe=(259)
1909 3 0 1
cfn=(2644) std::vector<std::vector<int, std::allocator<int> >, std::allocator<std::vector<int, std::allocator<int> > > >::_S_max_size(std::allocator<std::vector<int, std::allocator<int> > > const&)
calls=1 +7 
* 39 14 10 2 0 0 1
* 2 1 0 1 0 0 1
fi=(241)
184 1
fe=(259)
1909 2
+3 1 1
+1 5 4 0 1 0 0 1

fn=(2650) std::_Vector_base<std::vector<int, std::allocator<int> >, std::allocator<std::vector<int, std::allocator<int> > > >::_Vector_impl_data::_Vector_impl_data()
99 4 0 2 1
+1 6 3 3 1 0 0 1
+1 3 2

fn=(2760)
1616 9 0 6
+3 5 2 1 1 0 0 1
cfn=(1880)
calls=1 378 
* 463 101 71 8 3 9 0 0 2
* 1 0 1
+4 3 1 1
cfn=(1894)
calls=1 301 
* 7 3 2 1
* 1
-1 5 3 1
cfi=(262)
cfn=(2224) float* std::__uninitialized_copy_a<__gnu_cxx::__normal_iterator<float const*, std::vector<float, std::allocator<float> > >, float*, float>(__gnu_cxx::__normal_iterator<float const*, std::vector<float, std::allocator<float> > >, __gnu_cxx::__normal_iterator<float const*, std::vector<float, std::allocator<float> > >, float*, std::allocator<float>&)
calls=1 366 
* 563602 160083 160078 17 80010 80000 9 0 80000
+2 2 1
+7 3 3 0 1 1 0 1

fn=(2764) std::vector<float, std::allocator<float> >::data()
1260 5 0 2
+1 6 3 1 1 0 0 1
cfn=(2766) float* std::vector<float, std::allocator<float> >::_M_data_ptr<float>(float*) const
calls=1 1990 
* 8 3 3 2 0 0 2
* 2 2

fn=(2808)
137 180000 40000 80000 1 0 0 1
fi=(252)
-49 20000
fi=(241)
+75 20000
fe=(259)
-21 60000 20000 20000
cfn=(2608)
calls=20000 -43 
* 260000 100000 100000
+1 60000 40000

fn=(3334)
378 171 19 76 1 0 0 1
+3 190 95 76
fi=(241)
191 19 0 19
cfi=(244)
cfn=(1522)
calls=19 541 
* 114 38 19
* 38
+7 114 38 19 1 0 0 1
cfi=(252)
cfn=(3338) std::__new_allocator<unsigned short>::allocate(unsigned long, void const*)
calls=19 -72 
* 29702 2938 5915 111 146 905 30 2 903
* 19
fi=(253)
482 38
fe=(259)
382 95 76 0 1 2 0 1

fn=(3458)
306 1717600 0 858800 1 0 0 1
+1 1288200 1288200

fn=(3632) std::vector<int, std::allocator<int> >::operator[](unsigned long)
1126 1098565 0 659139
+3 1098565 659139 0 0 114013 0 0 3
+1 439426 439426

fn=(4800)
733 5 0 2 1
+3 3 1 1 1 0 0 1
cfn=(2662) std::_Vector_base<std::vector<int, std::allocator<int> >, std::allocator<std::vector<int, std::allocator<int> > > >::_M_get_Tp_allocator()
calls=1 301 
* 7 3 2 1
-1 7 4 3
fi=(253)
948 5 2 1
cfi=(250)
cfn=(4802) void std::_Destroy<std::vector<int, std::allocator<int> >*>(std::vector<int, std::allocator<int> >*, std::vector<int, std::allocator<int> >*)
calls=1 182 
* 31734 9710 6809 24 0 0 2
+1 1
fe=(259)
738 3 1 1
cfn=(4812) std::_Vector_base<std::vector<int, std::allocator<int> >, std::allocator<std::vector<int, std::allocator<int> > > >::~_Vector_base()
calls=1 367 
* 284 84 58 8 0 0 2
* 3 2

fn=(4812)
367 5 0 2 1
+3 8 4
-1 7 3 1 1
cfn=(4814) std::_Vector_base<std::vector<int, std::allocator<int> >, std::allocator<std::vector<int, std::allocator<int> > > >::_M_deallocate(std::vector<int, std::allocator<int> >*, unsigned long)
calls=1 +17 
* 248 71 51 5 0 0 2
+2 3 1 1
cfn=(4822)
calls=1 133 
* 10 3 3 1
* 3 2

fn=(4912)
133 6 1 3 2
fi=(241)
+51 1
fe=(259)
-51 3 2

fn=(1866)
556 16 0 10 1 0 0 1
+1 12 6 2
cfn=(1868) std::vector<float, std::allocator<float> >::_S_check_init_len(unsigned long, std::allocator<float> const&)
calls=2 1907 
* 140 46 36 6 0 0 6
* 12 2 2 1 0 0 1
cfn=(1872)
calls=2 333 
* 869 217 155 23 4 2 22 1 2
+1 10 4 2
cfn=(1892) std::vector<float, std::allocator<float> >::_M_default_initialize(unsigned long)
calls=2 1715 
* 8961308 5120640 2560378 19 4 80009 19 0 80007
* 8 6 0 0 1

fn=(1870) std::vector<float, std::allocator<float> >::_S_max_size(std::allocator<float> const&)
1916 16 2 6 2 0 0 2
+5 8 2 4
fi=(253)
576 2
fe=(259)
1923 2 0 2
+1 10 0 2
cfi=(248)
cfn=(1600)
calls=2 233 
* 28 14 6
* 2 2
+1 10 8 0 1 0 0 1

fn=(1880)
378 927 103 412 1 0 1 1
+3 1030 515 412 1 0 0 1
fi=(241)
191 103 0 103 0 0 1
cfi=(244)
cfn=(1522)
calls=103 541 
* 618 206 103
* 206
+7 618 206 103 3 0 0 2
cfi=(252)
cfn=(1884) std::__new_allocator<float>::allocate(unsigned long, void const*)
calls=103 -72 
* 23687 4855 2861 37 14 110 15 1 104
* 103
fi=(253)
482 206
fe=(259)
382 515 412

fn=(1922)
893 808 101 303
+1 606 101 101
cfi=(236)
cfn=(1920) __gnu_cxx::__normal_iterator<float*, std::vector<float, std::allocator<float> > >::__normal_iterator(float* const&)
calls=101 1076 
* 1212 505 404 0 12
* 606 505 0 1 0 0 1

fn=(2180) std::_Vector_base<std::vector<float, std::allocator<float> >, std::allocator<std::vector<float, std::allocator<float> > > >::_Vector_impl::_Vector_impl(std::allocator<std::vector<float, std::allocator<float> > > const&)
146 14 4 7 1 0 0 1
fi=(252)
-54 1
fi=(241)
+76 1
fe=(259)
-21 3 1 1
cfn=(2182)
calls=1 -48 
* 13 5 5 1 0 1 1
+1 3 2

fn=(2192) std::vector<std::vector<float, std::allocator<float> >, std::allocator<std::vector<float, std::allocator<float> > > >::_M_fill_initialize(unsigned long, std::vector<float, std::allocator<float> > const&)
1704 7 0 4
+4 3 1 1
cfn=(2194) std::_Vector_base<std::vector<float, std::allocator<float> >, std::allocator<std::vector<float, std::allocator<float> > > >::_M_get_Tp_allocator()
calls=1 301 
* 7 3 2 1 0 0 1
* 1
-1 6 4 1
cfi=(262)
cfn=(2196) std::vector<float, std::allocator<float> >* std::__uninitialized_fill_n_a<std::vector<float, std::allocator<float> >*, unsigned long, std::vector<float, std::allocator<float> >, std::vector<float, std::allocator<float> > >(std::vector<float, std::allocator<float> >*, unsigned long, std::vector<float, std::allocator<float> > const&, std::allocator<std::vector<float, std::allocator<float> > >&)
calls=1 465 
* 91712 26764 22447 63 12 864 49 0 862
-1 2 1 1 0 1 1
+3 3 2

fn=(2298) std::_Vector_base<unsigned long, std::allocator<unsigned long> >::_Vector_impl::_Vector_impl(std::allocator<unsigned long> const&)
146 1414 404 707
fi=(252)
-54 101
fi=(241)
+76 101
fe=(259)
-21 303 101 101 1 0 0 1
cfn=(2300)
calls=101 -48 
* 1313 505 505 2 0 36 2 0 36
+1 303 202

fn=(2354) std::_Vector_base<std::vector<unsigned long, std::allocator<unsigned long> >, std::allocator<std::vector<unsigned long, std::allocator<unsigned long> > > >::_M_get_Tp_allocator()
301 8 0 4 2 0 0 1
+1 6 6

fn=(2418)
367 505 0 202 1
+3 707 404 0 0 12
-1 707 303 101 1
cfn=(2420) std::_Vector_base<unsigned long, std::allocator<unsigned long> >::_M_deallocate(unsigned long*, unsigned long)
calls=101 +17 
* 17968 5116 3138 6 151 0 3
+2 303 101 101
cfn=(2428) std::_Vector_base<unsigned long, std::allocator<unsigned long> >::_Vector_impl::~_Vector_impl()
calls=101 133 
* 1010 303 303 1
* 303 202

fn=(2578)
1704 707 0 404 2 0 0 1
+4 303 101 101
cfn=(2580)
calls=101 301 
* 707 303 202 1 0 0 1
* 101
-1 606 404 101
cfi=(262)
cfn=(2582) long long* std::__uninitialized_fill_n_a<long long*, unsigned long, long long, long long>(long long*, unsigned long, long long const&, std::allocator<long long>&)
calls=101 465 
* 26159 11413 7676 25 0 0 16
-1 202 101 101
+3 303 202

fn=(2604)
333 808 0 505
+1 505 202 101 1 0 0 1
cfn=(2606)
calls=101 146 
* 3535 1212 1313 4 0 1 4
+1 505 202 101
cfn=(2610) std::_Vector_base<int, std::allocator<int> >::_M_create_storage(unsigned long)
calls=101 +61 
* 29932 7576 5049 9 1 12 9
* 404 303 0 1 0 0 1

fn=(2610)
396 606 0 303
+2 505 202 101
cfn=(2612)
calls=101 -20 
* 27205 6364 4342 8 1 12 8
* 202 101 101
+1 404 303 101 1 0 0 1
+1 707 404 101
+1 303 202

fn=(2612)
378 180909 20101 80404 1 0 0 1
+3 201010 100505 80404 1 0 0 1
fi=(241)
191 20101 0 20101
cfi=(244)
cfn=(1522)
calls=20101 541 
* 120606 40202 20101
* 40202
+7 120606 40202 20101 1 0 0 1
cfi=(252)
cfn=(2616) std::__new_allocator<int>::allocate(unsigned long, void const*)
calls=20101 -72 
* 4559915 946788 544248 25 367 15012 8 0 14995
* 20101
fi=(253)
482 40202
fe=(259)
382 100505 80404

fn=(2620)
301 320808 0 160404 1
+1 240606 240606

fn=(2690) std::vector<int, std::allocator<int> >::begin() const
883 800 100 300
+1 500 100 100
cfi=(236)
cfn=(2688) __gnu_cxx::__normal_iterator<int const*, std::vector<int, std::allocator<int> > >::__normal_iterator(int const* const&)
calls=100 1076 
* 1200 500 400
* 600 500

fn=(2778)
1916 32 4 12 2 0 0 2
+5 16 4 8
fi=(253)
576 4
fe=(259)
1923 4 0 4
+1 20 0 4
cfi=(248)
cfn=(1600)
calls=4 233 
* 56 28 12
* 4 4
+1 20 16

fn=(2894)
998 300000 0 120000 1 0 0 1
+1 180000 60000 60000
cfn=(2680)
calls=60000 306 
* 420000 180000 120000
* 120000 0 60000
cfn=(2602)
calls=60000 1916 
* 2340000 840000 600000
* 120000 120000

fn=(3098) std::_Vector_base<std::thread, std::allocator<std::thread> >::_M_get_Tp_allocator() const
306 4 0 2 2 0 0 2
+1 3 3

fn=(3112)
301 8 0 4 2 0 0 1
+1 6 6 0 1

fn=(3318)
893 152 19 57 6 0 0 2
+1 114 19 19
cfi=(236)
cfn=(3320) __gnu_cxx::__normal_iterator<unsigned short*, std::vector<unsigned short, std::allocator<unsigned short> > >::__normal_iterator(unsigned short* const&)
calls=19 1076 
* 228 95 76 8 0 0 1
* 114 95

fn=(3448)
893 330107080 41263385 123790155 1 16 5 1 2
+1 247580310 41263385 41263385 1 0 3 1
cfi=(236)
cfn=(3450)
calls=41263385 1076 
* 495160620 206316925 165053540 2 32 35 2 3 4
* 247580310 206316925 0 0 20 0 0 1

fn=(3470)
378 1978119 219791 879164 1 0 0 1
+3 2197910 1098955 879164 1 0 0 1
fi=(241)
191 219791 0 219791
cfi=(244)
cfn=(1522)
calls=219791 541 
* 1318746 439582 219791
* 439582
+7 1318746 439582 219791 2 0 0 2
cfi=(252)
cfn=(3474) std::__new_allocator<std::pair<float, int> >::allocate(unsigned long, void const*)
calls=219791 -72 
* 30341986 6763294 4580374 24 586253 83496 4 5804 751
* 219791
fi=(253)
482 439582
fe=(259)
382 1098955 879164

fn=(3522) std::vector<std::pair<float, int>, std::allocator<std::pair<float, int> > >::empty() const
1088 78494376 9811797 29435391 1 11 3 1 4
+1 29435391 9811797 9811797 0 0 10
cfn=(3524) std::vector<std::pair<float, int>, std::allocator<std::pair<float, int> > >::end() const
calls=9811797 903 
* 313977504 117741564 78494376 4 9983 31 4 10 2
* 39247188 9811797 19623594 0 2 8 0 1 1
cfn=(3528) std::vector<std::pair<float, int>, std::allocator<std::pair<float, int> > >::begin() const
calls=9811797 883 
* 304165707 117741564 78494376 1 6 2 1 2 1
* 58870782 0 19623594 0 0 4
cfi=(236)
cfn=(3530) bool __gnu_cxx::operator==<std::pair<float, int> const*, std::vector<std::pair<float, int>, std::allocator<std::pair<float, int> > > >(__gnu_cxx::__normal_iterator<std::pair<float, int> const*, std::vector<std::pair<float, int>, std::allocator<std::pair<float, int> > > > const&, __gnu_cxx::__normal_iterator<std::pair<float, int> const*, std::vector<std::pair<float, int>, std::allocator<std::pair<float, int> > > > const&)
calls=9811797 1197 
* 333601098 127553361 98117970 1 3 4 1
* 49058985 39247188 0 0 7

fn=(3528)
883 297208616 37151077 111453231 1 7 32 1 4 4
+1 185755385 37151077 37151077 0 0 5 0 0 1
cfi=(236)
cfn=(3526) __gnu_cxx::__normal_iterator<std::pair<float, int> const*, std::vector<std::pair<float, int>, std::allocator<std::pair<float, int> > > >::__normal_iterator(std::pair<float, int> const* const&)
calls=37151077 1076 
* 445812924 185755385 148604308 0 38 0 0 4
* 222906462 185755385 0 0 13 0 0 1

fn=(3536) std::vector<std::pair<float, int>, std::allocator<std::pair<float, int> > >::front() const
1221 218714240 27339280 82017840 0 70 4 0 9 1
+3 82017840 27339280 27339280
cfn=(3528)
calls=27339280 883 
* 847517680 328071360 218714240 0 52 35 0 7 4
* 109357120 0 54678560 0 0 3
cfi=(236)
cfn=(3538) __gnu_cxx::__normal_iterator<std::pair<float, int> const*, std::vector<std::pair<float, int>, std::allocator<std::pair<float, int> > > >::operator*() const
calls=27339280 1099 
* 218714240 109357120 54678560 0 0 1 0 0 1
+1 136696400 109357120 0 0 5 0 0 2

fn=(3670) std::vector<std::pair<float, int>, std::allocator<std::pair<float, int> > >::operator[](unsigned long)
1126 51410 0 30846 1 0 0 1
+3 51410 30846
+1 20564 20564

fn=(4926) std::_Vector_base<std::vector<unsigned long, std::allocator<unsigned long> >, std::allocator<std::vector<unsigned long, std::allocator<unsigned long> > > >::~_Vector_base()
367 5 0 2 2 0 0 1
+3 8 4 0 0 1
-1 7 3 1
cfn=(4928) std::_Vector_base<std::vector<unsigned long, std::allocator<unsigned long> >, std::allocator<std::vector<unsigned long, std::allocator<unsigned long> > > >::_M_deallocate(std::vector<unsigned long, std::allocator<unsigned long> >*, unsigned long)
calls=1 +17 
* 248 71 51 4 0 0 2
+2 3 1 1
cfn=(4936)
calls=1 133 
* 10 3 3 1
* 3 2

fn=(4366)
1126 5000 0 3000
+3 5000 3000 0 1 38 0 1
+1 2000 2000

fn=(1876)
99 412 0 206
+1 618 309 309 0 0 38 0 0 37
+1 309 206 0 1 0 0 1

fn=(2178) std::_Vector_base<std::vector<float, std::allocator<float> >, std::allocator<std::vector<float, std::allocator<float> > > >::_Vector_base(unsigned long, std::allocator<std::vector<float, std::allocator<float> > > const&)
333 8 0 5
+1 5 2 1 1 0 0 1
cfn=(2180)
calls=1 146 
* 35 12 13 2 0 1 2
+1 5 2 1
cfn=(2184)
calls=1 +61 
* 293 71 45 7 1 1 7 0 1
* 4 3 0 1 0 0 1

fn=(2222)
883 808 101 303 1 0 0 1
+1 505 101 101
cfi=(236)
cfn=(2220) __gnu_cxx::__normal_iterator<float const*, std::vector<float, std::allocator<float> > >::__normal_iterator(float const* const&)
calls=101 1076 
* 1212 505 404
* 606 505

fn=(2272)
873 8 1 3 2 0 0 2
+1 5 1 1
cfi=(236)
cfn=(2274) __gnu_cxx::__normal_iterator<std::vector<float, std::allocator<float> >*, std::vector<std::vector<float, std::allocator<float> >, std::allocator<std::vector<float, std::allocator<float> > > > >::__normal_iterator(std::vector<float, std::allocator<float> >* const&)
calls=1 1076 
* 12 5 4 1 0 0 1
* 6 5

fn=(2342)
99 4 0 2 1 0 0 1
+1 6 3 3 0 0 2
+1 3 2

fn=(2370) std::vector<unsigned long, std::allocator<unsigned long> >::vector(std::vector<unsigned long, std::allocator<unsigned long> > const&)
601 1200 100 700 1 0 0 1
+2 400 200 100 1 0 0 1
cfn=(2372)
calls=100 306 
* 700 300 200
* 1100 400 600
fi=(252)
92 100
fi=(241)
+76 100
fi=(253)
588 100
fi=(279)
98 100
fe=(259)
603 300 100 100
cfn=(2374)
calls=100 992 
* 1300 600 200
* 600 0 100 1 0 0 1
cfn=(2296)
calls=100 333 
* 36000 9300 6500 0 0 141 0 0 136
fi=(241)
184 100
fe=(259)
608 300 100 100
cfn=(2312)
calls=100 301 
* 700 300 200
* 100
-2 500 300 100
cfn=(2378)
calls=100 903 
* 3200 1200 800 2 0 0 2
* 400 100 100 1 0 0 1
cfn=(2382)
calls=100 883 
* 3100 1200 800 1 0 0 1
* 500 0 100
cfi=(262)
cfn=(2384) unsigned long* std::__uninitialized_copy_a<__gnu_cxx::__normal_iterator<unsigned long const*, std::vector<unsigned long, std::allocator<unsigned long> > >, unsigned long*, unsigned long>(__gnu_cxx::__normal_iterator<unsigned long const*, std::vector<unsigned long, std::allocator<unsigned long> > >, __gnu_cxx::__normal_iterator<unsigned long const*, std::vector<unsigned long, std::allocator<unsigned long> > >, unsigned long*, std::allocator<unsigned long>&)
calls=100 366 
* 27500 8300 8000 18 1 50 17 0 50
-1 200 100 100
+4 1000 700 0 1 0 0 1

fn=(2420)
386 707 0 404 3 0 0 1
+3 202 101
+1 1212 606 606
fi=(241)
205 101 0 101
cfi=(244)
cfn=(1522)
calls=101 541 
* 606 202 101
* 202 0 0 1
+5 606 303 101
cfi=(252)
cfn=(2424) std::__new_allocator<unsigned long>::deallocate(unsigned long*, unsigned long)
calls=101 -54 
* 13928 3702 1825 2 151 0 2
fi=(253)
517 101
fe=(259)
391 303 202

fn=(2500)
893 800 100 300
+1 600 100 100
cfi=(236)
cfn=(2498) __gnu_cxx::__normal_iterator<unsigned long*, std::vector<unsigned long, std::allocator<unsigned long> > >::__normal_iterator(unsigned long* const&)
calls=100 1076 
* 1200 500 400
* 600 500 0 1 0 0 1

fn=(2542) std::vector<Solution::Node, std::allocator<Solution::Node> >::vector()
531 8 1 3 2 0 0 2
cfn=(2544)
calls=1 315 
* 41 13 13 1 0 1 1
* 3 2

fn=(2546)
137 9 2 4
fi=(252)
-49 1
fi=(241)
+75 1
fe=(259)
-21 3 1 1 1 0 0 1
cfn=(2548)
calls=1 -43 
* 13 5 5 0 0 1
+1 3 2

fn=(2564)
146 1414 404 707 4 0 0 2
fi=(252)
-54 101
fi=(241)
+76 101
fe=(259)
-21 303 101 101
cfn=(2566) std::_Vector_base<long long, std::allocator<long long> >::_Vector_impl_data::_Vector_impl_data()
calls=101 -48 
* 1313 505 505 2 0 1 1
+1 303 202

fn=(2600)
1907 15 3 7 2 0 0 2
fi=(252)
92 1
fi=(241)
+76 1
fe=(259)
1909 3 0 1 1 0 0 1
cfn=(2602)
calls=1 +7 
* 39 14 10 2 0 0 2
* 2 1
fi=(241)
184 1
fe=(259)
1909 2
+3 1 1
+1 5 4 0 1 0 0 1

fn=(2618)
1715 6 0 3 1 0 0 1
+4 3 1 1
cfn=(2620)
calls=1 301 
* 7 3 2
* 1
-1 6 3 1
cfi=(262)
cfn=(2622)
calls=1 777 
* 247 94 73 16 0 0 16
-1 2 1 1
+3 3 2

fn=(2652)
396 6 0 3 1 0 0 1
+2 5 2 1
cfn=(2654) std::_Vector_base<std::vector<int, std::allocator<int> >, std::allocator<std::vector<int, std::allocator<int> > > >::_M_allocate(unsigned long)
calls=1 -20 
* 454 87 61 5 1 0 5
* 2 1 1
+1 4 3 1
+1 10 4 1 1 0 0 1
+1 3 2

fn=(2768) std::vector<Solution::Node, std::allocator<Solution::Node> >::resize(unsigned long)
1013 6 0 3
+2 3 1 1
cfn=(2770)
calls=1 -23 
* 13 6 2 0 1
* 4 1
+1 3 1 1 1 0 0 1
cfn=(2770)
calls=1 -24 
* 13 6 2
* 6 2 1
cfi=(278)
cfn=(2772)
calls=1 634 
* 2621043 750323 810229 47 20 10001 46 0 10001
+3 4 2 0 1 1 0 1

fn=(2790)
301 12 0 6 2
+1 9 9

fn=(3096)
998 5 0 2 1 0 0 1
+1 3 1 1
cfn=(3098)
calls=1 306 
* 7 3 2 2 0 0 2
* 2 0 1
cfn=(3100) std::vector<std::thread, std::allocator<std::thread> >::_S_max_size(std::allocator<std::thread> const&)
calls=1 1916 
* 39 14 10 1 0 0 1
* 2 2

fn=(3332)
1916 304 38 114 2 0 0 1
+5 152 38 76 3 0 0 1
fi=(253)
576 38
fe=(259)
1923 38 0 38
+1 190 0 38
cfi=(248)
cfn=(1600)
calls=38 233 
* 532 266 114 0 0 18 0 0 18
* 38 38
+1 190 152

fn=(3442) std::vector<std::pair<float, int>, std::allocator<std::pair<float, int> > >::push_back(std::pair<float, int>&&)
1298 86754168 0 43377084 1 0 0 1
+1 43377084 14459028 14459028 1
cfi=(240)
cfn=(3440) std::remove_reference<std::pair<float, int>&>::type&& std::move<std::pair<float, int>&>(std::pair<float, int>&)
calls=14459028 97 
* 101213196 43377084 28918056 0 0 21 0 0 3
* 72295140 14459028 14459028 0 1
cfi=(278)
cfn=(3444)
calls=14459028 111 
* 4848682693 1688095999 1441951001 92 1055903 3024045 49 6063 48174
* 43377084 28918056

fn=(3482)
504 3435200 0 2147000 2 0 0 1
+5 2576400 1717600 429400
cfi=(262)
cfn=(3484) std::pair<float, int>* std::__relocate_a<std::pair<float, int>*, std::pair<float, int>*, std::allocator<std::pair<float, int> > >(std::pair<float, int>*, std::pair<float, int>*, std::pair<float, int>*, std::allocator<std::pair<float, int> >&)
calls=429400 1141 
* 1828661707 605048276 591531397 11 386962 1570487 8 917 23366
+5 858800 858800 0 0 28 0 0 3

fn=(3594) std::vector<std::pair<float, int>, std::allocator<std::pair<float, int> > >::push_back(std::pair<float, int> const&)
1281 29311362 0 14655681 6 0 0 1
+2 29311362 19540908 0 0 194 0 0 27
+3 34190289 19537308 14652981
fi=(253)
540 14652981 4884327 4884327 5 0 1 1
cfi=(240)
cfn=(3596)
calls=4884327 70 
* 34190289 14652981 9768654 1 0 0 1
* 24421635 4884327 4884327
cfi=(250)
cfn=(3600)
calls=4884327 94 
* 175835772 58611924 58611924 1 129 590460 1 29 10419
+2 4884327
fe=(259)
1288 24421635 14652981 4884327 0 4
+5 4884327
-1 2700 900 900
cfn=(3448)
calls=900 893 
* 28800 10800 7200
* 5400 1800 900
cfi=(278)
cfn=(4134)
calls=900 445 
* 4254225 1413700 1325400 7 3386 3302 7
+1 14655681 9770454 0 3 0 0 1

fn=(3920) std::vector<std::thread, std::allocator<std::thread> >::begin()
873 8 1 3 1 0 0 1
+1 5 1 1
cfi=(236)
cfn=(3242)
calls=1 1076 
* 12 5 4 0 1
* 6 5

fn=(4096)
133 6 1 3
fi=(241)
+51 1
fe=(259)
-51 3 2

fn=(4364)
1126 5000 0 3000 1 0 0 1
+3 8000 3000 0 0 1
+1 2000 2000

fn=(4952)
386 7 0 4 1
+3 2 1
+1 12 6 6 1 0 0 1
fi=(241)
205 1 0 1
cfi=(244)
cfn=(1522)
calls=1 541 
* 6 2 1
* 2
+5 6 3 1 1 0 0 1
cfi=(252)
cfn=(4956) std::__new_allocator<std::vector<float, std::allocator<float> > >::deallocate(std::vector<float, std::allocator<float> >*, unsigned long)
calls=1 -54 
* 235 67 41 1 1 0 1
fi=(253)
517 1
fe=(259)
391 3 2

fn=(1868)
1907 30 6 14 1 0 0 1
fi=(252)
92 2
fi=(241)
+76 2
fe=(259)
1909 6 0 2
cfn=(1870)
calls=2 +7 
* 78 28 20 3 0 0 3
* 4 2
fi=(241)
184 2
fe=(259)
1909 4 0 0 1 0 0 1
+3 2 2
+1 10 8 0 1 0 0 1

fn=(2212) std::_Vector_base<float, std::allocator<float> >::_M_get_Tp_allocator() const
306 400 0 200 1 0 0 1
+1 300 300

fn=(2352)
1704 7 0 4 1 0 0 1
+4 3 1 1
cfn=(2354)
calls=1 301 
* 7 3 2 1 0 0 1
* 1
-1 6 4 1
cfi=(262)
cfn=(2356) std::vector<unsigned long, std::allocator<unsigned long> >* std::__uninitialized_fill_n_a<std::vector<unsigned long, std::allocator<unsigned long> >*, unsigned long, std::vector<unsigned long, std::allocator<unsigned long> >, std::vector<unsigned long, std::allocator<unsigned long> > >(std::vector<unsigned long, std::allocator<unsigned long> >*, unsigned long, std::vector<unsigned long, std::allocator<unsigned long> > const&, std::allocator<std::vector<unsigned long, std::allocator<unsigned long> > >&)
calls=1 465 
* 86975 25523 21125 36 1 191 35 0 186
-1 2 1 1
+3 3 2

fn=(2428)
133 606 101 303 1
fi=(241)
+51 101
fe=(259)
-51 303 202

fn=(2496)
873 800 100 300 1 0 0 1
+1 500 100 100
cfi=(236)
cfn=(2498)
calls=100 1076 
* 1200 500 400 1 1 0 1
* 600 500 0 1 0 0 1

fn=(2568)
396 606 0 303
+2 505 202 101 2 0 0 1
cfn=(2570)
calls=101 -20 
* 13801 3726 2784 29 2 1 20
* 202 101 101
+1 404 303 101
+1 707 404 101
+1 303 202

fn=(2640)
569 9 0 6 1 0 0 1
+2 6 3 1 1 0 0 1
cfn=(2642)
calls=1 1907 
* 70 23 18 6 0 0 5
* 6 1 1
cfn=(2646)
calls=1 333 
* 541 118 88 12 1 0 11
+1 6 3 1
cfn=(2660) std::vector<std::vector<int, std::allocator<int> >, std::allocator<std::vector<int, std::allocator<int> > > >::_M_fill_initialize(unsigned long, std::vector<int, std::allocator<int> > const&)
calls=1 1704 
* 85478 25362 21449 42 1 12 42
* 4 3 0 1 0 0 1

fn=(2660)
1704 7 0 4 1 0 0 1
+4 3 1 1 1 0 0 1
cfn=(2662)
calls=1 301 
* 7 3 2
* 1
-1 6 4 1
cfi=(262)
cfn=(2664) std::vector<int, std::allocator<int> >* std::__uninitialized_fill_n_a<std::vector<int, std::allocator<int> >*, unsigned long, std::vector<int, std::allocator<int> >, std::vector<int, std::allocator<int> > >(std::vector<int, std::allocator<int> >*, unsigned long, std::vector<int, std::allocator<int> > const&, std::allocator<std::vector<int, std::allocator<int> > >&)
calls=1 465 
* 85449 25351 21440 40 1 12 40
-1 2 1 1
+3 3 2

fn=(2662)
301 8 0 4 1
+1 6 6

fn=(2678) std::vector<int, std::allocator<int> >::vector(std::vector<int, std::allocator<int> > const&)
601 1200 100 700 2 0 0 2
+2 400 200 100
cfn=(2680)
calls=100 306 
* 700 300 200 1 0 0 1
* 1100 400 600 1 0 0 1
fi=(252)
92 100
fi=(241)
+76 100
fi=(253)
588 100
fi=(279)
98 100
fe=(259)
603 300 100 100
cfn=(2682)
calls=100 992 
* 1300 600 200 1 0 0 1
* 600 0 100
cfn=(2604)
calls=100 333 
* 35474 9428 7015 2 1 12 2
fi=(241)
184 100
fe=(259)
608 300 100 100
cfn=(2620)
calls=100 301 
* 700 300 200
* 100
-2 500 300 100 1 0 0 1
cfn=(2686) std::vector<int, std::allocator<int> >::end() const
calls=100 903 
* 3200 1200 800 4 0 0 4
* 400 100 100
cfn=(2690)
calls=100 883 
* 3100 1200 800
* 500 0 100
cfi=(262)
cfn=(2692) int* std::__uninitialized_copy_a<__gnu_cxx::__normal_iterator<int const*, std::vector<int, std::allocator<int> > >, int*, int>(__gnu_cxx::__normal_iterator<int const*, std::vector<int, std::allocator<int> > >, __gnu_cxx::__normal_iterator<int const*, std::vector<int, std::allocator<int> > >, int*, std::allocator<int>&)
calls=100 366 
* 26500 8000 7800 16 0 0 16
-1 200 100 100
+4 1000 700 0 2 0 0 2

fn=(2682)
992 699436 0 349718 1 0 0 1
+1 1573731 1049154 0 0 35447 0 0 2

fn=(2726)
367 100505 0 40202 1
+3 140707 80404
-1 140707 60303 20101 1
cfn=(2728)
calls=20101 +17 
* 4316546 1264682 812844 11 14998 0 4 316
+2 60303 20101 20101
cfn=(2736)
calls=20101 133 
* 201010 60303 60303 1 0 0 1
* 60303 40202

fn=(2766)
1990 505 0 303 4 0 0 2
+1 303 303

fn=(2804) std::vector<int, std::allocator<int> >::vector()
531 160000 20000 60000
cfn=(2806)
calls=20000 315 
* 820000 260000 260000 2 0 0 2
* 60000 40000

fn=(2882) std::vector<int, std::allocator<int> >::resize(unsigned long, int const&)
1034 80000 0 50000
+2 30000 10000 10000 1 0 0 1
cfn=(2682)
calls=10000 -44 
* 130000 60000 20000
* 40000 10000
+1 30000 10000 10000
cfn=(2682)
calls=10000 -45 
* 130000 60000 20000
* 60000 20000 10000
cfn=(2884)
calls=10000 893 
* 320000 120000 80000 3 0 0 3
* 70000 20000 10000 1 0 0 1
cfi=(278)
cfn=(2888)
calls=10000 529 
* 16121639 5110807 4240422 48 10022 5003 47 0 4997
+3 50000 30000 0 1 0 0 1

fn=(3422) std::_Vector_base<std::pair<float, int>, std::allocator<std::pair<float, int> > >::_Vector_impl_data::_Vector_impl_data()
99 82256 0 41128
+1 123384 61692 61692
+1 61692 41128

fn=(3490)
386 1754459 0 1002548 2 0 0 1
+3 501274 250637
+1 2637492 1318746 1318746
fi=(241)
205 219791 0 219791
cfi=(244)
cfn=(1522)
calls=219791 541 
* 1318746 439582 219791
* 439582
+5 1318746 659373 219791
cfi=(252)
cfn=(3582) std::__new_allocator<std::pair<float, int> >::deallocate(std::pair<float, int>*, unsigned long)
calls=219791 -54 
* 32287030 9327149 5311165 35 491840 13 8 1505 2
fi=(253)
517 219791
fe=(259)
391 751911 501274

fn=(3524)
903 78494376 9811797 29435391 2 0 2 2
+1 58870782 9811797 9811797
cfi=(236)
cfn=(3526)
calls=9811797 1076 
* 117741564 49058985 39247188 2 9977 29 2 9 2
* 58870782 49058985 0 0 6 0 0 1

fn=(4002)
367 95 0 38 2
+3 133 76
-1 133 57 19
cfn=(3410)
calls=19 +17 
* 4690 1367 969 4 39 20 0 12 5
+2 57 19 19
cfn=(4010) std::_Vector_base<unsigned short, std::allocator<unsigned short> >::_Vector_impl::~_Vector_impl()
calls=19 133 
* 190 57 57
* 57 38

fn=(4122) std::vector<float, std::allocator<float> >::data() const
1265 500 0 200
+1 600 300 100 0 100
cfn=(2766)
calls=100 1990 
* 800 300 300 2
* 200 200

fn=(1874)
146 1428 408 714 1 0 0 1
fi=(252)
-54 102
fi=(241)
+76 102
fe=(259)
-21 306 102 102
cfn=(1876)
calls=102 -48 
* 1326 510 510 1 0 38 1 0 37
+1 306 204

fn=(1892)
1715 12 0 6
+4 6 2 2 1 0 0 1
cfn=(1894)
calls=2 301 
* 14 6 4 1 0 0 1
* 2
-1 12 6 2
cfi=(262)
cfn=(1896) float* std::__uninitialized_default_n_a<float*, unsigned long, float>(float*, unsigned long, std::allocator<float>&)
calls=2 777 
* 8961252 5120620 2560362 17 4 80008 17 0 80007
-1 4 2 2 0 0 1
+3 6 4

fn=(2294)
1916 8 1 3 1 0 0 1
+5 4 1 2 1 0 0 1
fi=(253)
576 1
fe=(259)
1923 1 0 1
+1 5 0 1
cfi=(248)
cfn=(1600)
calls=1 233 
* 14 7 3
* 1 1
+1 5 4 0 1 0 0 1

fn=(2296)
333 808 0 505 1 0 0 1
+1 505 202 101
cfn=(2298)
calls=101 146 
* 3535 1212 1313 3 0 36 3 0 36
+1 505 202 101
cfn=(2302)
calls=101 +61 
* 30603 7474 4545 6 2 106 6 0 101
* 404 303 0 1 0 0 1

fn=(2566)
99 404 0 202
+1 606 303 303 2 0 1 1
+1 303 202

fn=(2644)
1916 8 1 3 1
+5 4 1 2
fi=(253)
576 1 0 0 1 0 0 1
fe=(259)
1923 1 0 1
+1 5 0 1
cfi=(248)
cfn=(1600)
calls=1 233 
* 14 7 3
* 1 1
+1 5 4

fn=(2654)
378 9 1 4
+3 10 5 4 1 0 0 1
fi=(241)
191 1 0 1
cfi=(244)
cfn=(1522)
calls=1 541 
* 6 2 1
* 2
+7 6 2 1 1 0 0 1
cfi=(252)
cfn=(2658) std::__new_allocator<std::vector<int, std::allocator<int> > >::allocate(unsigned long, void const*)
calls=1 -72 
* 412 73 50 2 1 0 2
* 1 0 0 1 0 0 1
fi=(253)
482 2
fe=(259)
382 5 4

fn=(2686)
903 800 100 300 2 0 0 2
+1 600 100 100
cfi=(236)
cfn=(2688)
calls=100 1076 
* 1200 500 400 1 0 0 1
* 600 500 0 1 0 0 1

fn=(3114)
504 8 0 5 1 0 0 1
+5 6 4 1
cfi=(262)
cfn=(3116) std::thread* std::__relocate_a<std::thread*, std::thread*, std::allocator<std::thread> >(std::thread*, std::thread*, std::thread*, std::allocator<std::thread>&)
calls=1 1141 
* 72 24 24 4 0 0 4
+5 2 2

fn=(3122)
386 14 0 8 3 0 0 2
+3 4 2
+1 12 6 6
fi=(241)
205 1 0 1
cfi=(244)
cfn=(1522)
calls=1 541 
* 6 2 1
* 2
+5 6 3 1
cfi=(252)
cfn=(4092) std::__new_allocator<std::thread>::deallocate(std::thread*, unsigned long)
calls=1 -54 
* 110 32 19 0 2
fi=(253)
517 1
fe=(259)
391 6 4

fn=(3316)
992 856 0 428 0 0 18 0 0 18
+1 1926 1284

fn=(3410)
386 266 0 152 5 0 1 1
+3 76 38
+1 228 114 114
fi=(241)
205 19 0 19
cfi=(244)
cfn=(1522)
calls=19 541 
* 114 38 19
* 38
+5 114 57 19
cfi=(252)
cfn=(4006) std::__new_allocator<unsigned short>::deallocate(unsigned short*, unsigned long)
calls=19 -54 
* 3930 1101 722 2 39 19 0 12 5
fi=(253)
517 19
fe=(259)
391 114 76

fn=(3554) std::vector<std::pair<float, int>, std::allocator<std::pair<float, int> > >::pop_back()
1322 60575780 0 24230312 1 0 0 1
+3 60575780 36345468 12115156 0 520 0 0 69
+1 60575780 36345468 24230312
fi=(253)
560 36345468 12115156 12115156 0 0 4
cfi=(250)
cfn=(3556) void std::destroy_at<std::pair<float, int> >(std::pair<float, int>*)
calls=12115156 80 
* 84806092 24230312 24230312
+2 12115156
fe=(259)
1328 36345468 24230312 0 0 2

fn=(3560)
1145 24656505 0 14793903 3 0 0 1
+3 24656505 14793903 0 0 4872332 0 0 1104
+1 9862602 9862602

fn=(4814)
386 7 0 4 1
+3 2 1 0 1 0 0 1
+1 12 6 6
fi=(241)
205 1 0 1
cfi=(244)
cfn=(1522)
calls=1 541 
* 6 2 1
* 2
+5 6 3 1 1
cfi=(252)
cfn=(4818) std::__new_allocator<std::vector<int, std::allocator<int> > >::deallocate(std::vector<int, std::allocator<int> >*, unsigned long)
calls=1 -54 
* 208 57 38 2 0 0 1
fi=(253)
517 1
fe=(259)
391 3 2

fn=(4928)
386 7 0 4 1
+3 2 1
+1 12 6 6 1 0 0 1
fi=(241)
205 1 0 1
cfi=(244)
cfn=(1522)
calls=1 541 
* 6 2 1
* 2
+5 6 3 1 1 0 0 1
cfi=(252)
cfn=(4932) std::__new_allocator<std::vector<unsigned long, std::allocator<unsigned long> > >::deallocate(std::vector<unsigned long, std::allocator<unsigned long> >*, unsigned long)
calls=1 -54 
* 208 57 38 1
fi=(253)
517 1
fe=(259)
391 3 2

fn=(4938)
733 5 0 2 1
+3 3 1 1
cfn=(2194)
calls=1 301 
* 7 3 2 1
-1 7 4 3 1
fi=(253)
948 5 2 1
cfi=(250)
cfn=(4940) void std::_Destroy<std::vector<float, std::allocator<float> >*>(std::vector<float, std::allocator<float> >*, std::vector<float, std::allocator<float> >*)
calls=1 182 
* 42297 13297 9204 8 163 1
+1 1
fe=(259)
738 3 1 1
cfn=(4950)
calls=1 367 
* 311 94 61 9 1 0 4
* 3 2

fn=(1918)
873 808 101 303 1 1 0 1
+1 505 101 101
cfi=(236)
cfn=(1920)
calls=101 1076 
* 1212 505 404 1 26 0 1
* 606 505 0 1 0 0 1

fn=(2172)
569 9 0 6 1 0 0 1
+2 6 3 1 1 0 0 1
cfn=(2174)
calls=1 1907 
* 70 23 18 4 0 0 4
* 6 1 1
cfn=(2178)
calls=1 333 
* 350 90 65 11 1 2 11 0 1
+1 6 3 1
cfn=(2192)
calls=1 1704 
* 91741 26775 22456 64 13 865 50 0 862
* 4 3 0 1 1 0 1

fn=(2176)
1916 8 1 3 1 0 0 1
+5 4 1 2
fi=(253)
576 1
fe=(259)
1923 1 0 1
+1 5 0 1
cfi=(248)
cfn=(1600)
calls=1 233 
* 14 7 3
* 1 1
+1 5 4 0 1 0 0 1

fn=(2194)
301 8 0 4 2 0 0 1
+1 6 6

fn=(2210) std::vector<float, std::allocator<float> >::vector(std::vector<float, std::allocator<float> > const&)
601 1200 100 700 2 0 0 2
+2 400 200 100
cfn=(2212)
calls=100 306 
* 700 300 200 1 0 0 1
* 1100 400 600 1 0 0 1
fi=(252)
92 100
fi=(241)
+76 100
fi=(253)
588 100
fi=(279)
98 100
fe=(259)
603 300 100 100
cfn=(2214)
calls=100 992 
* 1300 600 200 2 0 0 2
* 600 0 100
cfn=(1872)
calls=100 333 
* 35249 9141 6522 15 7 139 1 0 137
fi=(241)
184 100
fe=(259)
608 300 100 100 1 0 0 1
cfn=(1894)
calls=100 301 
* 700 300 200
* 100
-2 500 300 100
cfn=(2218)
calls=100 903 
* 3200 1200 800 3 0 0 3
* 400 100 100
cfn=(2222)
calls=100 883 
* 3100 1200 800 1 0 0 1
* 500 0 100
cfi=(262)
cfn=(2224)
calls=100 366 
* 32988 9700 9300 26 2 725 26 0 725
-1 200 100 100 1 0 0 1
+4 1000 700 0 1 0 0 1

fn=(2218)
903 808 101 303 1 0 1 1
+1 606 101 101 1 0 0 1
cfi=(236)
cfn=(2220)
calls=101 1076 
* 1212 505 404 2 0 0 1
* 606 505

fn=(2252)
733 515 0 206 2 0 0 1
+3 309 103 103
cfn=(1894)
calls=103 301 
* 721 309 206
-1 721 412 309 1 27 0 1
fi=(253)
948 515 206 103
cfi=(250)
cfn=(2254)
calls=103 182 
* 3090 824 927 4 0 0 3
+1 103
fe=(259)
738 309 103 103
cfn=(2260)
calls=103 367 
* 32590 10150 6306 18 148 1 7
* 309 206

fn=(2276)
893 8 1 3 1 0 0 1
+1 6 1 1
cfi=(236)
cfn=(2274)
calls=1 1076 
* 12 5 4
* 6 5 0 1 0 0 1

fn=(2304)
378 909 101 404
+3 1010 505 404 1 0 0 1
fi=(241)
191 101 0 101
cfi=(244)
cfn=(1522)
calls=101 541 
* 606 202 101
* 202
+7 606 202 101 2 0 0 2
cfi=(252)
cfn=(2308) std::__new_allocator<unsigned long>::allocate(unsigned long, void const*)
calls=101 -72 
* 23634 4848 2727 2 2 106 2 0 101
* 101
fi=(253)
482 202
fe=(259)
382 505 404

fn=(2334)
1907 15 3 7 1 0 0 1
fi=(252)
92 1
fi=(241)
+76 1
fe=(259)
1909 3 0 1 1 0 0 1
cfn=(2336)
calls=1 +7 
* 39 14 10 3 0 0 3
* 2 1
fi=(241)
184 1
fe=(259)
1909 2
+3 1 1
+1 5 4 0 1 0 0 1

fn=(2536) std::vector<float, std::allocator<float> >::vector()
531 8 1 3 1 0 0 1
cfn=(2538)
calls=1 315 
* 41 13 13 2 0 0 1
* 3 2

fn=(2648)
146 14 4 7 1 0 0 1
fi=(252)
-54 1
fi=(241)
+76 1
fe=(259)
-21 3 1 1
cfn=(2650)
calls=1 -48 
* 13 5 5 2 0 0 1
+1 3 2

fn=(2728)
386 280707 0 160404 2 0 0 1
+3 80202 40101
+1 241212 120606 120606 2 0 0 1
fi=(241)
205 20101 0 20101
cfi=(244)
cfn=(1522)
calls=20101 541 
* 120606 40202 20101
* 40202
+5 120606 60303 20101 2 0 0 1
cfi=(252)
cfn=(2732) std::__new_allocator<int>::deallocate(int*, unsigned long)
calls=20101 -54 
* 3512506 983268 551531 5 14998 0 1 316
fi=(253)
517 20101
fe=(259)
391 120303 80202

fn=(2770)
992 28 0 14
+1 63 42 0 0 1

fn=(2834)
386 14 0 8 3 0 0 1
+3 4 2
+1 12 6 6 1
fi=(241)
205 1 0 1
cfi=(244)
cfn=(1522)
calls=1 541 
* 6 2 1
* 2
+5 6 3 1
cfi=(252)
cfn=(4906) std::__new_allocator<Solution::Node>::deallocate(Solution::Node*, unsigned long)
calls=1 -54 
* 98 25 16 7 4 0 3
fi=(253)
517 1
fe=(259)
391 6 4

fn=(3100)
1916 8 1 3 1 0 0 1
+5 4 1 2
fi=(253)
576 1
fe=(259)
1923 1 0 1
+1 5 0 1
cfi=(248)
cfn=(1600)
calls=1 233 
* 14 7 3
* 1 1
+1 5 4

fn=(3102)
1078 4 0 2
+1 2 2
+1 7 4 0 1 0 0 1

fn=(3238)
1233 144 18 54 2 0 0 2
+3 54 18 18
cfn=(3240)
calls=18 893 
* 576 216 144 3 0 0 3
* 90 0 36
cfi=(236)
cfn=(3244) __gnu_cxx::__normal_iterator<std::thread*, std::vector<std::thread, std::allocator<std::thread> > >::operator-(long) const
calls=18 -79 
* 702 252 180 1 0 0 1
* 72 0 36
cfi=(236)
cfn=(3246) __gnu_cxx::__normal_iterator<std::thread*, std::vector<std::thread, std::allocator<std::thread> > >::operator*() const
calls=18 1099 
* 144 72 36 9 0 0 1
+1 90 72

fn=(3420)
137 185076 41128 82256
fi=(252)
-49 20564
fi=(241)
+75 20564
fe=(259)
-21 61692 20564 20564 1 0 0 1
cfn=(3422)
calls=20564 -43 
* 267332 102820 102820
+1 61692 41128

fn=(3454)
1896 2305699 209609 1257654 3 0 1 2
+2 628827 209609 209609 0 0 1
cfn=(3456)
calls=209609 998 
* 12157322 4192180 3353744 11 0 1 5
* 838436 209609 209609
cfn=(3462)
calls=209609 992 
* 2724917 1257654 419218 2 0 0 2
* 1467263 209609 0 1 0 0 1
+3 628827 209609 209609
cfn=(3462)
calls=209609 992 
* 2724917 1257654 419218
* 838436 209609 209609 1 0 0 1
cfn=(3462)
calls=209609 992 
* 2724917 1257654 419218
* 1257654 0 419218
cfi=(248)
cfn=(2782)
calls=209609 257 
* 2955190 1467263 628827 4
* 628827 209609 209609
+1 628827 209609 209609
cfn=(3462)
calls=209609 992 
* 2724917 1257654 419218
* 1048045 419218 209609 1 0 0 1
cfn=(3456)
calls=209609 998 
* 12157322 4192180 3353744
* 628827 419218
+1 1257654 1048045

fn=(3518) std::vector<unsigned short, std::allocator<unsigned short> >::operator[](unsigned long)
1126 579086420 0 347451852 1 0 0 1
+3 579086420 347451852 0 1 661 0 0 92
+1 231634568 231634568

fn=(3564) std::vector<int, std::allocator<int> >::data() const
1265 24651505 0 9860602
+1 29581806 14790903 4930301 0 2 4 0 0 2
cfn=(3566)
calls=4930301 1990 
* 39442408 14790903 14790903
* 9860602 9860602 0 1 0 0 1

fn=(4010)
133 114 19 57
fi=(241)
+51 19
fe=(259)
-51 57 38

fn=(4074) std::vector<std::thread, std::allocator<std::thread> >::~vector()
733 5 0 2 1 0 0 1
+3 3 1 1 1 0 0 1
cfn=(3112)
calls=1 301 
* 7 3 2 2
-1 7 4 3
fi=(253)
948 5 2 1
cfi=(250)
cfn=(4076) void std::_Destroy<std::thread*>(std::thread*, std::thread*)
calls=1 182 
* 1728 550 459 6 0 0 2
+1 1
fe=(259)
738 3 1 1
cfn=(4088)
calls=1 367 
* 185 59 39 1 2
* 3 2

fn=(4138) std::vector<long long, std::allocator<long long> >::~vector()
733 505 0 202 1
+3 303 101 101
cfn=(2580)
calls=101 301 
* 707 303 202 1
-1 707 404 303 1
fi=(253)
948 505 202 101
cfi=(250)
cfn=(4140) void std::_Destroy<long long*>(long long*, long long*)
calls=101 182 
* 3030 808 909 6 0 0 2
+1 101
fe=(259)
738 303 101 101
cfn=(4146)
calls=101 367 
* 18685 5959 3939 13 1 0 3
* 303 202

fn=(4148)
386 707 0 404 2
+3 202 101
+1 1212 606 606 2 0 0 1
fi=(241)
205 101 0 101
cfi=(244)
cfn=(1522)
calls=101 541 
* 606 202 101
* 202
+5 606 303 101 1
cfi=(252)
cfn=(4152) std::__new_allocator<long long>::deallocate(long long*, unsigned long)
calls=101 -54 
* 11110 3232 1919 2 1 0 1
fi=(253)
517 101
fe=(259)
391 303 202

fn=(4882) std::vector<Solution::Node, std::allocator<Solution::Node> >::~vector()
733 5 0 2 1
+3 3 1 1
cfn=(2790)
calls=1 301 
* 7 3 2 2
-1 7 4 3
fi=(253)
948 5 2 1
cfi=(250)
cfn=(4884) void std::_Destroy<Solution::Node*>(Solution::Node*, Solution::Node*)
calls=1 182 
* 9678434 2929546 2079721 23 35014 0 4 529
+1 1
fe=(259)
738 3 1 1
cfn=(4902)
calls=1 367 
* 173 52 36 14 5 0 3
* 3 2 0 0 1

fn=(4914)
733 5 0 2 1
+3 3 1 1 1 0 0 1
cfn=(2354)
calls=1 301 
* 7 3 2 1
-1 7 4 3 0 1
fi=(253)
948 5 2 1
cfi=(250)
cfn=(4916) void std::_Destroy<std::vector<unsigned long, std::allocator<unsigned long> >*>(std::vector<unsigned long, std::allocator<unsigned long> >*, std::vector<unsigned long, std::allocator<unsigned long> >*)
calls=1 182 
* 31554 9680 6815 22 188 0 4
+1 1
fe=(259)
738 3 1 1
cfn=(4926)
calls=1 367 
* 284 84 58 7 1 0 3
* 3 2 0 1

fl=(324) /usr/include/c++/13/bits/stl_queue.h
fn=(3414) std::priority_queue<std::pair<float, int>, std::vector<std::pair<float, int>, std::allocator<std::pair<float, int> > >, std::less<std::pair<float, int> > >::priority_queue<std::vector<std::pair<float, int>, std::allocator<std::pair<float, int> > >, void>()
556 51410 0 20564 2 0 0 2
+1 71974 20564 30846 0 0 4
cfi=(259)
cfn=(3416)
calls=10282 -26 
* 534664 164512 164512 4 0 0 3
* 30846 20564

fn=(3438) std::priority_queue<std::pair<float, int>, std::vector<std::pair<float, int>, std::allocator<std::pair<float, int> > >, std::less<std::pair<float, int> > >::push(std::pair<float, int>&&)
746 50606598 0 28918056
+2 28918056 14459028 7229514 1 0 0 1
cfi=(240)
cfn=(3440)
calls=7229514 97 
* 50606598 21688542 14459028 1 0 0 1
* 21688542 0 7229514
cfi=(259)
cfn=(3442)
calls=7229514 1298 
* 2366766120 818333071 697291359 87 586160 1286427 50 3900 13623
+1 21688542 7229514 7229514 0 2
cfi=(259)
cfn=(3448)
calls=7229514 893 
* 231344448 86754168 57836112 0 25 2 0 3
* 28918056 7229514 7229514
cfi=(259)
cfn=(3464)
calls=7229514 873 
* 224114934 86754168 57836112 0 2 2
* 21688542 0 7229514 0 0 3
cfi=(326) /usr/include/c++/13/bits/stl_heap.h
cfn=(3498) void std::push_heap<__gnu_cxx::__normal_iterator<std::pair<float, int>*, std::vector<std::pair<float, int>, std::allocator<std::pair<float, int> > > >, std::less<std::pair<float, int> > >(__gnu_cxx::__normal_iterator<std::pair<float, int>*, std::vector<std::pair<float, int>, std::allocator<std::pair<float, int> > > >, __gnu_cxx::__normal_iterator<std::pair<float, int>*, std::vector<std::pair<float, int>, std::allocator<std::pair<float, int> > > >, std::less<std::pair<float, int> >)
calls=7229514 198 
* 6701012008 2219173702 1753804949 28 344595 345 20 834 43
+1 28918056 21688542 0 0 95 0 0 9

fn=(3592) std::priority_queue<std::pair<float, int>, std::vector<std::pair<float, int>, std::allocator<std::pair<float, int> > >, std::less<std::pair<float, int> > >::empty() const
708 24477545 0 9791018
+1 14686527 4895509 4895509
cfi=(259)
cfn=(3522)
calls=4895509 1088 
* 602147607 215402396 166447306 0 25 22 0 5 2
* 9791018 9791018 0 0 1

fn=(3676) std::priority_queue<std::pair<float, int>, std::vector<std::pair<float, int>, std::allocator<std::pair<float, int> > >, std::less<std::pair<float, int> > >::size() const
714 123838055 0 49535222
+1 74302833 24767611 24767611 0 0 10 0 0 2
cfi=(259)
cfn=(3462)
calls=24767611 992 
* 321978943 148605666 49535222 0 95 6 0 16 1
* 49535222 49535222 0 0 7 0 0 1

fn=(3424) std::priority_queue<std::pair<float, int>, std::vector<std::pair<float, int>, std::allocator<std::pair<float, int> > >, std::greater<void> >::priority_queue<std::vector<std::pair<float, int>, std::allocator<std::pair<float, int> > >, void>()
556 51410 0 20564
+1 71974 20564 30846 1 0 0 1
cfi=(259)
cfn=(3416)
calls=10282 -26 
* 534664 164512 164512
* 30846 20564

fn=(3550) std::priority_queue<std::pair<float, int>, std::vector<std::pair<float, int>, std::allocator<std::pair<float, int> > >, std::greater<void> >::pop()
773 29313852 0 14656926 0 0 1
+3 14656926 4885642 4885642
cfi=(259)
cfn=(3448)
calls=4885642 893 
* 156340544 58627704 39085136 0 3 1
* 19542568 4885642 4885642 1 0 0 1
cfi=(259)
cfn=(3464)
calls=4885642 +97 
* 151454902 58627704 39085136
* 14656926 0 4885642 0 0 1
cfi=(326)
cfn=(3552) void std::pop_heap<__gnu_cxx::__normal_iterator<std::pair<float, int>*, std::vector<std::pair<float, int>, std::allocator<std::pair<float, int> > > >, std::greater<void> >(__gnu_cxx::__normal_iterator<std::pair<float, int>*, std::vector<std::pair<float, int>, std::allocator<std::pair<float, int> > > >, __gnu_cxx::__normal_iterator<std::pair<float, int>*, std::vector<std::pair<float, int>, std::allocator<std::pair<float, int> > > >, std::greater<void>)
calls=4885642 317 
* 20824486719 6971233807 5568500381 26 3837625 2496 14 7020 328
+1 14656926 4885642 4885642 0 1
cfi=(259)
cfn=(3554)
calls=4885642 1322 
* 141683618 53742062 39085136 1 240 3 1 22
+1 19542568 14656926 0 0 241 0 0 29

fn=(3568) std::priority_queue<std::pair<float, int>, std::vector<std::pair<float, int>, std::allocator<std::pair<float, int> > >, std::greater<void> >::~priority_queue()
498 82256 10282 30846 4 0 0 1
cfi=(259)
cfn=(3570)
calls=10282 733 
* 3848626 1200788 772560 13 167987 0 2 916
* 30846 20564

fn=(3602) std::priority_queue<std::pair<float, int>, std::vector<std::pair<float, int>, std::allocator<std::pair<float, int> > >, std::less<std::pair<float, int> > >::pop()
773 43377084 0 21688542 1
+3 21688542 7229514 7229514
cfi=(259)
cfn=(3448)
calls=7229514 893 
* 231344448 86754168 57836112 0 16 2 0 1
* 28918056 7229514 7229514
cfi=(259)
cfn=(3464)
calls=7229514 +97 
* 224114934 86754168 57836112 0 9 1 0 3
* 21688542 0 7229514 1 0 2 1
cfi=(326)
cfn=(3604) void std::pop_heap<__gnu_cxx::__normal_iterator<std::pair<float, int>*, std::vector<std::pair<float, int>, std::allocator<std::pair<float, int> > > >, std::less<std::pair<float, int> > >(__gnu_cxx::__normal_iterator<std::pair<float, int>*, std::vector<std::pair<float, int>, std::allocator<std::pair<float, int> > > >, __gnu_cxx::__normal_iterator<std::pair<float, int>*, std::vector<std::pair<float, int>, std::allocator<std::pair<float, int> > > >, std::less<std::pair<float, int> >)
calls=7229514 317 
* 25865211611 8636845607 6740509151 15 2666743 1921 14 9559 278
+1 21688542 7229514 7229514
cfi=(259)
cfn=(3554)
calls=7229514 1322 
* 209655906 79524654 57836112 0 282 1 0 47
+1 28918056 21688542 0 0 110 0 0 19

fn=(3674) std::priority_queue<std::pair<float, int>, std::vector<std::pair<float, int>, std::allocator<std::pair<float, int> > >, std::less<std::pair<float, int> > >::~priority_queue()
498 82256 10282 30846
cfi=(259)
cfn=(3570)
calls=10282 733 
* 3955761 1237724 784557 3 20559 0 0 67
* 30846 20564

fn=(3510) std::priority_queue<std::pair<float, int>, std::vector<std::pair<float, int>, std::allocator<std::pair<float, int> > >, std::greater<void> >::push(std::pair<float, int>&&)
746 50606598 0 28918056 1 0 4 1 0 1
+2 28918056 14459028 7229514
cfi=(240)
cfn=(3440)
calls=7229514 97 
* 50606598 21688542 14459028 0 0 1
* 21688542 0 7229514
cfi=(259)
cfn=(3442)
calls=7229514 1298 
* 2828933245 970976124 845872838 7 469744 1737639 0 2163 34554
+1 21688542 7229514 7229514
cfi=(259)
cfn=(3448)
calls=7229514 893 
* 231344448 86754168 57836112 0 11 0 0 2
* 28918056 7229514 7229514 1 1 0 1 1
cfi=(259)
cfn=(3464)
calls=7229514 873 
* 224114934 86754168 57836112 0 7 2 0 2 2
* 21688542 0 7229514 0 0 1 0 0 1
cfi=(326)
cfn=(3512) void std::push_heap<__gnu_cxx::__normal_iterator<std::pair<float, int>*, std::vector<std::pair<float, int>, std::allocator<std::pair<float, int> > > >, std::greater<void> >(__gnu_cxx::__normal_iterator<std::pair<float, int>*, std::vector<std::pair<float, int>, std::allocator<std::pair<float, int> > > >, __gnu_cxx::__normal_iterator<std::pair<float, int>*, std::vector<std::pair<float, int>, std::allocator<std::pair<float, int> > > >, std::greater<void>)
calls=7229514 198 
* 6414047591 2132028018 1722959505 16 204806 362 13 853 55
+1 28918056 21688542 0 0 96 0 0 12

fn=(3520) std::priority_queue<std::pair<float, int>, std::vector<std::pair<float, int>, std::allocator<std::pair<float, int> > >, std::greater<void> >::empty() const
708 24479120 0 9791648
+1 14687472 4895824 4895824
cfi=(259)
cfn=(3522)
calls=4895824 1088 
* 602186352 215416256 166458016 7 43 40 7 7 2
* 9791648 9791648 0 0 6

fn=(3534) std::priority_queue<std::pair<float, int>, std::vector<std::pair<float, int>, std::allocator<std::pair<float, int> > >, std::greater<void> >::top() const
723 24475385 0 9790154 2 0 0 1
+3 14685231 4895077 4895077 0 0 2 0 0 1
cfi=(259)
cfn=(3536)
calls=4895077 1221 
* 288809543 107691694 78321232 0 9 3 0 1 1
+1 9790154 9790154 0 0 1

fn=(3548) std::priority_queue<std::pair<float, int>, std::vector<std::pair<float, int>, std::allocator<std::pair<float, int> > >, std::less<std::pair<float, int> > >::top() const
723 112221015 0 44888406 1 0 0 1
+3 67332609 22444203 22444203 0 0 2
cfi=(259)
cfn=(3536)
calls=22444203 1221 
* 1324207977 493772466 359107248 0 118 40 0 17 5
+1 44888406 44888406 0 0 9 0 0 1

fl=(235) /usr/include/c++/13/array
fn=(1460) std::array<std::__format::_Arg_t, 1ul>::rbegin() const
151 36 0 18 4 0 0 2
+1 18 6 6
cfn=(1462) std::array<std::__format::_Arg_t, 1ul>::end() const
calls=6 -11 
* 108 36 30 2 0 0 1
* 30 6 6
cfi=(236)
cfn=(1466) std::reverse_iterator<std::__format::_Arg_t const*>::reverse_iterator(std::__format::_Arg_t const*)
calls=6 +43 
* 66 24 24
* 18 18

fn=(1470) std::array<std::__format::_Arg_t, 1ul>::begin() const
131 60 0 24 2 0 0 2
+1 36 12 12
cfn=(1464) std::array<std::__format::_Arg_t, 1ul>::data() const
calls=12 281 
* 84 36 24
* 24 24

fn=(1462)
141 30 0 12
+1 18 6 6 2 0 0 1
cfn=(1464)
calls=6 281 
* 42 18 12
* 18 12

fn=(1468) std::array<std::__format::_Arg_t, 1ul>::rend() const
161 72 0 36 2 0 0 2
+1 36 12 12
cfn=(1470)
calls=12 -31 
* 204 72 60 2 0 0 2
* 60 12 12
cfi=(236)
cfn=(1466)
calls=12 +33 
* 132 48 48
* 36 36

fn=(1464)
281 72 0 36
+1 54 54

fl=(331) /usr/include/c++/13/bits/stl_function.h
fn=(3724) decltype ((((forward<std::pair<float, int>&>)({parm#1}))>((forward<std::pair<float, int>&>)({parm#2})))) std::greater<void>::operator()<std::pair<float, int>&, std::pair<float, int>&>(std::pair<float, int>&, std::pair<float, int>&) const
527 623524935 56684085 340104510 1 29 271 1 6 40
+4 170052255 56684085 56684085
cfi=(240)
cfn=(3726) std::pair<float, int>& std::forward<std::pair<float, int>&>(std::remove_reference<std::pair<float, int>&>::type&)
calls=56684085 70 
* 396788595 170052255 113368170 0 0 257 0 0 37
* 226736340 56684085 56684085 2 7 0 1
cfi=(240)
cfn=(3726)
calls=56684085 70 
* 396788595 170052255 113368170 0 0 6
* 170052255 0 56684085 0 0 5
cfn=(3728) decltype(auto) std::greater<void>::_S_cmp<std::pair<float, int>&, std::pair<float, int>&>(std::pair<float, int>&, std::pair<float, int>&, std::integral_constant<bool, false>)
calls=56684085 +14 
* 6226842227 2147938856 1530814755 3 3876341 1446 3 7338 170
+2 340104510 283420425 0 0 114 0 0 6

fn=(3728)
545 396788595 0 226736340 1 0 292 1 0 28
+1 170052255 56684085 56684085
cfi=(240)
cfn=(3726)
calls=56684085 70 
* 396788595 170052255 113368170
* 226736340 56684085 56684085 0 8 0 0 1
cfi=(240)
cfn=(3726)
calls=56684085 70 
* 396788595 170052255 113368170
* 170052255 0 56684085 0 0 3
cfi=(325)
cfn=(3690) std::common_comparison_category<decltype (std::__detail::__synth3way((declval<float&>)(), (declval<float&>)())), decltype (std::__detail::__synth3way((declval<int&>)(), (declval<int&>)()))>::type std::operator<=><float, int>(std::pair<float, int> const&, std::pair<float, int> const&)
calls=56684085 819 
* 3676058402 1354361666 737237565 2 3876272 1143 2 7331 142
* 113368170 0 56684085 0 0 3
cfi=(247) /usr/include/c++/13/compare
cfn=(3730) std::operator>(std::partial_ordering, std::__cmp_cat::__unspec)
calls=56684085 103 
* 510156765 170052255 113368170 0 0 5
* 170052255 170052255 0 0 61 0 0 6

fn=(4362) std::equal_to<int>::operator()(int const&, int const&) const
377 9972 0 6648
+1 13296 9972

fn=(3688) std::less<std::pair<float, int> >::operator()(std::pair<float, int> const&, std::pair<float, int> const&) const
407 544953577 0 311402044 0 0 156 0 0 21
+1 389252555 155701022 77850511 0 0 143 0 0 24
cfi=(325)
cfn=(3690)
calls=77850511 819 
* 5074826812 1877484031 1012532548 4 2929090 866 4 9759 109
* 155701022 0 77850511 0 0 10 0 0 3
cfi=(247)
cfn=(3696) std::operator<(std::partial_ordering, std::__cmp_cat::__unspec)
calls=77850511 98 
* 700654599 233551533 155701022 0 0 13 0 0 2
* 155701022 155701022 0 0 26 0 0 6

fl=(250)
fn=(4394) void std::destroy_at<int>(int*)
80 4000 0 2000 1
+9 3000 2000

fn=(2412)
182 606 0 303 1
+10 101 0 101
cfi=(244)
cfn=(1522)
calls=101 541 
* 606 202 101
* 202
+4 505 202 101 1
cfn=(2414) void std::_Destroy_aux<true>::__destroy<unsigned long*>(unsigned long*, unsigned long*)
calls=101 -24 
* 808 202 303 3 0 0 1
+1 202 202

fn=(3406) void std::_Destroy_aux<true>::__destroy<unsigned short*>(unsigned short*, unsigned short*)
172 304 76 114 2 0 0 1

fn=(4280) decltype (::new ((void*)(0)) int((declval<int&>)())) std::construct_at<int, int&>(int*, int&)
94 7000 0 4000 2 0 0 1
+3 4000 1000 1000
cfi=(263)
cfn=(1906)
calls=1000 +78 
* 8000 3000 3000
* 4000 1000 1000
cfi=(240)
cfn=(3436)
calls=1000 -27 
* 7000 3000 2000
* 6000 4000 1000

fn=(4808) void std::destroy_at<std::vector<int, std::allocator<int> > >(std::vector<int, std::allocator<int> >*)
80 500 0 200 1
+8 300 100 100
cfi=(259)
cfn=(2718)
calls=100 733 
* 27898 8500 5700 16 0 0 1
+1 300 200

fn=(1646) std::remove_reference<std::__format::_Seq_sink<std::__cxx11::basic_string<char, std::char_traits<char>, std::allocator<char> > >&>::type&& std::move<std::__format::_Seq_sink<std::__cxx11::basic_string<char, std::char_traits<char>, std::allocator<char> > >&>(std::__format::_Seq_sink<std::__cxx11::basic_string<char, std::char_traits<char>, std::allocator<char> > >&)
97 24 0 12 2 0 0 1
fi=(240)
+1 18 18
fe=(250)

fn=(2254)
182 624 0 312 3 0 0 1
+10 104 0 104
cfi=(244)
cfn=(1522)
calls=104 541 
* 624 208 104
* 208 0 0 2 0 0 1
+4 520 208 104
cfn=(2256) void std::_Destroy_aux<true>::__destroy<float*>(float*, float*)
calls=104 -24 
* 832 208 312 1 0 0 1
+1 208 208

fn=(2256)
172 832 208 312 1 0 0 1

fn=(3404)
182 228 0 114 1
+10 38 0 38 2 0 0 1
cfi=(244)
cfn=(1522)
calls=38 541 
* 228 76 38
* 76
+4 190 76 38
cfn=(3406)
calls=38 -24 
* 304 76 114 2 0 0 1
+1 76 76

fn=(4078) void std::_Destroy_aux<false>::__destroy<std::thread*>(std::thread*, std::thread*)
160 6 0 3
+2 1
+1 54 18 18
cfi=(240)
cfn=(4080) std::thread* std::__addressof<std::thread>(std::thread&)
calls=18 51 
* 126 54 36 2 0 0 1
* 36 0 18
cfn=(4082) void std::_Destroy<std::thread>(std::thread*)
calls=18 -17 
* 1404 432 360 1
-1 75 38 18 1
+2 4 2

fn=(4140)
182 606 0 303 2
+10 101 0 101
cfi=(244)
cfn=(1522)
calls=101 541 
* 606 202 101
* 202
+4 505 202 101 2 0 0 1
cfn=(4142) void std::_Destroy_aux<true>::__destroy<long long*>(long long*, long long*)
calls=101 -24 
* 808 202 303 2 0 0 1
+1 202 202

fn=(4804) void std::_Destroy_aux<false>::__destroy<std::vector<int, std::allocator<int> >*>(std::vector<int, std::allocator<int> >*, std::vector<int, std::allocator<int> >*)
160 6 0 3 2
+2 1
+1 300 100 100
cfi=(240)
cfn=(2672) std::vector<int, std::allocator<int> >* std::__addressof<std::vector<int, std::allocator<int> > >(std::vector<int, std::allocator<int> >&)
calls=100 51 
* 700 300 200 1
* 200 0 100
cfn=(4806) void std::_Destroy<std::vector<int, std::allocator<int> > >(std::vector<int, std::allocator<int> >*)
calls=100 -17 
* 30098 9100 6300 19 0 0 1
-1 403 202 100
+2 4 2

fn=(2800) void std::_Construct<Solution::Node>(Solution::Node*)
109 50000 0 20000 1 0 0 1
+3 10000 0 10000 1 0 0 1
cfi=(244)
cfn=(1522)
calls=10000 541 
* 60000 20000 10000
* 20000
+7 40000 10000 10000
cfi=(263)
cfn=(1906)
calls=10000 +56 
* 80000 30000 30000
* 70000 0 50000 0 0 10000 0 0 10000
cfi=(275)
cfn=(2802) Solution::Node::Node()
calls=10000 -84 
* 2110000 620000 620000 8 0 0 8
+1 20000 20000

fn=(3132)
94 198 0 144 1 0 0 1
+3 72 18 18
cfi=(263)
cfn=(1906)
calls=18 +78 
* 144 54 54
* 90 18 18
cfi=(240)
cfn=(3126)
calls=18 -27 
* 126 54 36
* 72 18 18 1 0 0 1
cfi=(240)
cfn=(3128)
calls=18 -27 
* 126 54 36
* 72 0 18
cfi=(295) /usr/include/c++/13/bits/std_thread.h
cfn=(3134) std::thread::thread<Solution::build(int, std::vector<float, std::allocator<float> > const&)::{lambda(int)#1}&, unsigned int&, void>(Solution::build(int, std::vector<float, std::allocator<float> > const&)::{lambda(int)#1}&, unsigned int&)
calls=18 +57 
* 38638 9649 8132 293 492 521 136 11 438
* 162 108 0 1 8 0 1

fn=(4916)
182 6 0 3 1
+10 1 0 1
cfi=(244)
cfn=(1522)
calls=1 541 
* 6 2 1
* 2
+4 5 2 1 1 0 0 1
cfn=(4918) void std::_Destroy_aux<false>::__destroy<std::vector<unsigned long, std::allocator<unsigned long> >*>(std::vector<unsigned long, std::allocator<unsigned long> >*, std::vector<unsigned long, std::allocator<unsigned long> >*)
calls=1 -36 
* 31532 9674 6809 20 188 0 3
+1 2 2

fn=(4940)
182 6 0 3 1
+10 1 0 1
cfi=(244)
cfn=(1522)
calls=1 541 
* 6 2 1
* 2
+4 5 2 1 1
cfn=(4942) void std::_Destroy_aux<false>::__destroy<std::vector<float, std::allocator<float> >*>(std::vector<float, std::allocator<float> >*, std::vector<float, std::allocator<float> >*)
calls=1 -36 
* 42275 13291 9198 6 163 1
+1 2 2

fn=(3572)
182 185076 0 92538
+10 30846 0 30846
cfi=(244)
cfn=(1522)
calls=30846 541 
* 185076 61692 30846
* 61692
+4 154230 61692 30846
cfn=(3574) void std::_Destroy_aux<true>::__destroy<std::pair<float, int>*>(std::pair<float, int>*, std::pair<float, int>*)
calls=30846 -24 
* 246768 61692 92538
+1 61692 61692

fn=(4446) decltype (::new ((void*)(0)) std::__format::_Arg_value<std::basic_format_context<std::__format::_Sink_iter<char>, char> >::_HandleBase((declval<std::basic_format_arg<std::basic_format_context<std::__format::_Sink_iter<char>, char> >::handle&>)())) std::construct_at<std::__format::_Arg_value<std::basic_format_context<std::__format::_Sink_iter<char>, char> >::_HandleBase, std::basic_format_arg<std::basic_format_context<std::__format::_Sink_iter<char>, char> >::handle&>(std::__format::_Arg_value<std::basic_format_context<std::__format::_Sink_iter<char>, char> >::_HandleBase*, std::basic_format_arg<std::basic_format_context<std::__format::_Sink_iter<char>, char> >::handle&)
94 28 0 16 1
+3 16 4 4
cfi=(263)
cfn=(1906)
calls=4 +78 
* 32 12 12
* 16 4 4
cfi=(240)
cfn=(4448) std::basic_format_arg<std::basic_format_context<std::__format::_Sink_iter<char>, char> >::handle& std::forward<std::basic_format_arg<std::basic_format_context<std::__format::_Sink_iter<char>, char> >::handle&>(std::remove_reference<std::basic_format_arg<std::basic_format_context<std::__format::_Sink_iter<char>, char> >::handle&>::type&)
calls=4 -27 
* 28 12 8
* 32 20 8

fn=(4802)
182 6 0 3 1 0 0 1
+10 1 0 1
cfi=(244)
cfn=(1522)
calls=1 541 
* 6 2 1
* 2
+4 5 2 1 1
cfn=(4804)
calls=1 -36 
* 31712 9704 6803 22 0 0 1
+1 2 2

fn=(4806)
146 500 0 200 2
+3 300 100 100
cfn=(4808)
calls=100 -69 
* 28998 8800 6000 17 0 0 1
+4 300 200

fn=(4920) void std::_Destroy<std::vector<unsigned long, std::allocator<unsigned long> > >(std::vector<unsigned long, std::allocator<unsigned long> >*)
146 500 0 200 2 0 0 1
+3 300 100 100
cfn=(4922) void std::destroy_at<std::vector<unsigned long, std::allocator<unsigned long> > >(std::vector<unsigned long, std::allocator<unsigned long> >*)
calls=100 -69 
* 28818 8770 6006 16 188 0 2
+4 300 200

fn=(4946) void std::destroy_at<std::vector<float, std::allocator<float> > >(std::vector<float, std::allocator<float> >*)
80 500 0 200
+8 300 100 100
cfi=(259)
cfn=(2252)
calls=100 733 
* 38461 12087 8095 2 163 1
+1 300 200

fn=(2322) void std::_Construct<unsigned long>(unsigned long*)
109 5 0 2 1 0 0 1
+3 1 0 1 1 0 0 1
cfi=(244)
cfn=(1522)
calls=1 541 
* 6 2 1
* 2
+7 4 1 1
cfi=(263)
cfn=(1906)
calls=1 +56 
* 8 3 3
* 1 0 1
+1 2 2

fn=(2366) void std::_Construct<std::vector<unsigned long, std::allocator<unsigned long> >, std::vector<unsigned long, std::allocator<unsigned long> > const&>(std::vector<unsigned long, std::allocator<unsigned long> >*, std::vector<unsigned long, std::allocator<unsigned long> > const&)
109 1000 0 700
+3 100 0 100
cfi=(244)
cfn=(1522)
calls=100 541 
* 600 200 100
* 200
+7 400 100 100 1 0 0 1
cfi=(263)
cfn=(1906)
calls=100 +56 
* 800 300 300
* 500 100 100 1 0 0 1
cfi=(240)
cfn=(2368) std::vector<unsigned long, std::allocator<unsigned long> > const& std::forward<std::vector<unsigned long, std::allocator<unsigned long> > const&>(std::remove_reference<std::vector<unsigned long, std::allocator<unsigned long> > const&>::type&)
calls=100 -49 
* 700 300 200 1 0 0 1
* 300 0 100
cfi=(259)
cfn=(2370)
calls=100 601 
* 79600 23300 18800 26 1 191 25 0 186
+1 800 600

fn=(2720)
182 180606 0 90303 1
+10 30101 0 30101
cfi=(244)
cfn=(1522)
calls=30101 541 
* 180606 60202 30101
* 60202
+4 150505 60202 30101 1
cfn=(2722) void std::_Destroy_aux<true>::__destroy<int*>(int*, int*)
calls=30101 -24 
* 240808 60202 90303 2
+1 60202 60202

fn=(2722)
172 240808 60202 90303 2

fn=(3478)
94 195831349 0 111903628 0 0 3
+3 111903628 27975907 27975907
cfi=(263)
cfn=(1906)
calls=27975907 +78 
* 223807256 83927721 83927721 0 0 10029 0 0 34
* 111903628 27975907 27975907 0 2
cfi=(240)
cfn=(3446)
calls=27975907 -27 
* 195831349 83927721 55951814 0 0 6
* 167855442 111903628 27975907 0 386904 2943065 0 908 47509

fn=(3556)
80 102528140 0 51264070
+9 76896105 51264070

fn=(4942)
160 6 0 3 1
+2 1
+1 300 100 100
cfi=(240)
cfn=(2204) std::vector<float, std::allocator<float> >* std::__addressof<std::vector<float, std::allocator<float> > >(std::vector<float, std::allocator<float> >&)
calls=100 51 
* 700 300 200 1
* 200 0 100
cfn=(4944) void std::_Destroy<std::vector<float, std::allocator<float> > >(std::vector<float, std::allocator<float> >*)
calls=100 -17 
* 40661 12687 8695 3 163 1
-1 403 202 100 1
+2 4 2

fn=(2674) void std::_Construct<std::vector<int, std::allocator<int> >, std::vector<int, std::allocator<int> > const&>(std::vector<int, std::allocator<int> >*, std::vector<int, std::allocator<int> > const&)
109 1000 0 700
+3 100 0 100
cfi=(244)
cfn=(1522)
calls=100 541 
* 600 200 100
* 200
+7 400 100 100 1 0 0 1
cfi=(263)
cfn=(1906)
calls=100 +56 
* 800 300 300
* 500 100 100 1 0 0 1
cfi=(240)
cfn=(2676) std::vector<int, std::allocator<int> > const& std::forward<std::vector<int, std::allocator<int> > const&>(std::remove_reference<std::vector<int, std::allocator<int> > const&>::type&)
calls=100 -49 
* 700 300 200 1 0 0 1
* 300 0 100
cfi=(259)
cfn=(2678)
calls=100 601 
* 78074 23128 19115 30 1 12 30
+1 800 600

fn=(3600)
94 34196589 0 19540908
+3 19540908 4885227 4885227
cfi=(263)
cfn=(1906)
calls=4885227 +78 
* 39081816 14655681 14655681 0 0 2
* 19540908 4885227 4885227
cfi=(240)
cfn=(3596)
calls=4885227 -27 
* 34196589 14655681 9770454
* 29311362 19540908 4885227 1 129 591058 1 29 10419

fn=(4076)
182 6 0 3 1 0 0 1
+10 1 0 1
cfi=(244)
cfn=(1522)
calls=1 541 
* 6 2 1
* 2
+4 5 2 1 1
cfn=(4078)
calls=1 -36 
* 1706 544 453 4 0 0 1
+1 2 2

fn=(4142)
172 808 202 303 2 0 0 1

fn=(4884)
182 6 0 3 2 0 0 1
+10 1 0 1
cfi=(244)
cfn=(1522)
calls=1 541 
* 6 2 1
* 2
+4 5 2 1
cfn=(4886) void std::_Destroy_aux<false>::__destroy<Solution::Node*>(Solution::Node*, Solution::Node*)
calls=1 -36 
* 9678412 2929540 2079715 21 35014 0 3 529
+1 2 2

fn=(4886)
160 6 0 3 2 0 0 1
+2 1
+1 30000 10000 10000
cfi=(240)
cfn=(2798) Solution::Node* std::__addressof<Solution::Node>(Solution::Node&)
calls=10000 51 
* 70000 30000 20000 1
* 20000 0 10000
cfn=(4888) void std::_Destroy<Solution::Node>(Solution::Node*)
calls=10000 -17 
* 9518398 2869536 2029712 18 35013 0 2 529
-1 40003 20002 10000
+2 4 2 0 0 1

fn=(4888)
146 50000 0 20000 1
+3 30000 10000 10000
cfn=(4890) void std::destroy_at<Solution::Node>(Solution::Node*)
calls=10000 -69 
* 9408398 2839536 1999712 17 35013 0 2 529
+4 30000 20000

fn=(3574)
172 246768 61692 92538

fn=(4944)
146 500 0 200 1
+3 300 100 100
cfn=(4946)
calls=100 -69 
* 39561 12387 8395 2 163 1
+4 300 200

fn=(2630) void std::_Construct<int>(int*)
109 50005 0 20002 1 0 0 1
+3 10001 0 10001
cfi=(244)
cfn=(1522)
calls=10001 541 
* 60006 20002 10001
* 20002
+7 40004 10001 10001 1 0 0 1
cfi=(263)
cfn=(1906)
calls=10001 +56 
* 80008 30003 30003
* 10001 0 10001 0 0 1 0 0 1
+1 20002 20002

fn=(4084) void std::destroy_at<std::thread>(std::thread*)
80 90 0 36 1
+8 54 18 18
cfi=(295)
cfn=(4068) std::thread::~thread()
calls=18 +82 
* 1008 324 252
+1 54 36

fn=(4918)
160 6 0 3 1
+2 1
+1 300 100 100
cfi=(240)
cfn=(2364) std::vector<unsigned long, std::allocator<unsigned long> >* std::__addressof<std::vector<unsigned long, std::allocator<unsigned long> > >(std::vector<unsigned long, std::allocator<unsigned long> >&)
calls=100 51 
* 700 300 200 1
* 200 0 100
cfn=(4920)
calls=100 -17 
* 29918 9070 6306 18 188 0 3
-1 403 202 100
+2 4 2

fn=(1904) void std::_Construct<float>(float*)
109 10 0 4 1 0 0 1
+3 2 0 2
cfi=(244)
cfn=(1522)
calls=2 541 
* 12 4 2
* 4
+7 8 2 2 1 0 0 1
cfi=(263)
cfn=(1906)
calls=2 +56 
* 16 6 6
* 4 0 2
+1 4 4

fn=(2206) void std::_Construct<std::vector<float, std::allocator<float> >, std::vector<float, std::allocator<float> > const&>(std::vector<float, std::allocator<float> >*, std::vector<float, std::allocator<float> > const&)
109 1000 0 700 1 0 0 1
+3 100 0 100
cfi=(244)
cfn=(1522)
calls=100 541 
* 600 200 100
* 200
+7 400 100 100 1 0 0 1
cfi=(263)
cfn=(1906)
calls=100 +56 
* 800 300 300
* 500 100 100
cfi=(240)
cfn=(2208) std::vector<float, std::allocator<float> > const& std::forward<std::vector<float, std::allocator<float> > const&>(std::remove_reference<std::vector<float, std::allocator<float> > const&>::type&)
calls=100 -49 
* 700 300 200
* 300 0 100
cfi=(259)
cfn=(2210)
calls=100 601 
* 84337 24541 20122 54 9 864 40 0 862
+1 800 600

fn=(2414)
172 808 202 303 3 0 0 1

fn=(4082)
146 90 0 36
+3 54 18 18
cfn=(4084)
calls=18 -69 
* 1206 378 306 1
+4 54 36

fn=(4890)
80 50000 0 20000 1
+8 30000 10000 10000
cfi=(275)
cfn=(4892) Solution::Node::~Node()
calls=10000 -53 
* 9298398 2809536 1969712 16 35013 0 2 529
+1 30000 20000

fn=(4922)
80 500 0 200 1
+8 300 100 100
cfi=(259)
cfn=(2410)
calls=100 733 
* 27718 8470 5706 15 188 0 2
+1 300 200

fl=(330) /usr/include/x86_64-linux-gnu/c++/13/bits/gthr-default.h
fn=(3656) __gthread_active_p()
301 419480 0 209740 9
+1 209740
+1 419480 419480

fn=(3666) __gthread_mutex_unlock(pthread_mutex_t*)
777 419480 0 209740 1
+1 104870 0 104870
cfn=(3656)
calls=104870 301 
* 524350 209740 104870
* 419480
+1 314610 104870 104870
cob=(4)
cfi=(175)
cfn=(3668) 0x000000000010fb00
calls=104870 0 
* 2936415 734100 419490 7 10156 0 2
* 104870
+3 209740 209740

fn=(3654) __gthread_mutex_lock(pthread_mutex_t*)
747 419480 0 209740 1 0 0 1
+1 104870 0 104870
cfn=(3656)
calls=104870 301 
* 524350 209740 104870 9
* 419480
+1 314610 104870 104870
cob=(4)
cfi=(175)
cfn=(3658) 0x000000000010fd90
calls=104870 0 
* 3985137 1048714 524361 10 144864 46 3 197
* 104870
+3 209740 209740 0 0 4 0 0 1

fl=(328) /usr/include/c++/13/bits/predefined_ops.h
fn=(3612) __gnu_cxx::__ops::__iter_less_iter()
51 61692 20564 10282

fn=(3764) __gnu_cxx::__ops::__val_comp_iter(__gnu_cxx::__ops::_Iter_less_iter)
109 29185368 9728456 4864228 0 0 1

fn=(3704) bool __gnu_cxx::__ops::_Iter_less_iter::operator()<__gnu_cxx::__normal_iterator<std::pair<float, int>*, std::vector<std::pair<float, int>, std::allocator<std::pair<float, int> > > >, __gnu_cxx::__normal_iterator<std::pair<float, int>*, std::vector<std::pair<float, int>, std::allocator<std::pair<float, int> > > > >(__gnu_cxx::__normal_iterator<std::pair<float, int>*, std::vector<std::pair<float, int>, std::allocator<std::pair<float, int> > > >, __gnu_cxx::__normal_iterator<std::pair<float, int>*, std::vector<std::pair<float, int>, std::allocator<std::pair<float, int> > > >) const
44 203228360 0 127017725 1 0 6 1 0 1
+1 76210635 0 25403545 2 0 0 1
cfi=(236)
cfn=(3496)
calls=25403545 1099 
* 203228360 101614180 50807090 0 0 24 0 0 4
* 101614180 0 25403545 0 0 1 0 0 1
cfi=(236)
cfn=(3496)
calls=25403545 1099 
* 203228360 101614180 50807090 0 0 2
* 76210635 0 25403545 0 0 4
cfi=(325)
cfn=(3690)
calls=25403545 819 
* 1609137794 581543027 330307330 0 7185 909 0 1691 106
* 50807090 0 25403545 0 0 3
cfi=(247)
cfn=(3696)
calls=25403545 +53 
* 228631905 76210635 50807090 0 0 2
* 76210635 76210635 0 0 27 0 0 2

fn=(3722) bool __gnu_cxx::__ops::_Iter_comp_val<std::greater<void> >::operator()<__gnu_cxx::__normal_iterator<std::pair<float, int>*, std::vector<std::pair<float, int>, std::allocator<std::pair<float, int> > > >, std::pair<float, int> >(__gnu_cxx::__normal_iterator<std::pair<float, int>*, std::vector<std::pair<float, int>, std::allocator<std::pair<float, int> > > >, std::pair<float, int>&)
195 159390944 0 99619340 1 0 4 1
+1 79695472 19923868 19923868
cfi=(236)
cfn=(3496)
calls=19923868 1099 
* 159390944 79695472 39847736 0 0 3
* 119543208 19923868 19923868 2 3 0 1 1
cfi=(331)
cfn=(3724)
calls=19923868 527 
* 2996597146 1028093748 796961920 4 204624 1329 3 827 164
* 59771604 59771604 0 0 23 0 0 3

fn=(3768) bool __gnu_cxx::__ops::_Val_less_iter::operator()<std::pair<float, int>, __gnu_cxx::__normal_iterator<std::pair<float, int>*, std::vector<std::pair<float, int>, std::allocator<std::pair<float, int> > > > >(std::pair<float, int>&, __gnu_cxx::__normal_iterator<std::pair<float, int>*, std::vector<std::pair<float, int>, std::allocator<std::pair<float, int> > > >) const
97 65962582 0 37692904 0 0 11 0 0 2
+1 28269678 0 9423226
cfi=(236)
cfn=(3496)
calls=9423226 1099 
* 75385808 37692904 18846452 0 0 1 0 0 1
* 47116130 9423226 9423226 0 4 3 0 1
cfi=(325)
cfn=(3690)
calls=9423226 819 
* 614592954 227107936 122836258 0 59 71 0 11 9
* 18846452 0 9423226 1
cfi=(247)
cfn=(3696)
calls=9423226 * 
* 84809034 28269678 18846452 0 0 2
* 18846452 18846452 0 0 11

fn=(3686) bool __gnu_cxx::__ops::_Iter_comp_val<std::less<std::pair<float, int> > >::operator()<__gnu_cxx::__normal_iterator<std::pair<float, int>*, std::vector<std::pair<float, int>, std::allocator<std::pair<float, int> > > >, std::pair<float, int> >(__gnu_cxx::__normal_iterator<std::pair<float, int>*, std::vector<std::pair<float, int>, std::allocator<std::pair<float, int> > > >, std::pair<float, int>&)
195 223510592 0 139694120 0 0 6
+1 111755296 27938824 27938824
cfi=(236)
cfn=(3496)
calls=27938824 1099 
* 223510592 111755296 55877648 0 1 4 0 0 1
* 167632944 27938824 27938824 1 5 0 1
cfi=(331)
cfn=(3688)
calls=27938824 407 
* 2516684682 867541236 586732584 4 344445 664 4 825 87
* 83816472 83816472 0 0 19 0 0 3

fn=(3738) bool __gnu_cxx::__ops::_Iter_comp_iter<std::greater<void> >::operator()<__gnu_cxx::__normal_iterator<std::pair<float, int>*, std::vector<std::pair<float, int>, std::allocator<std::pair<float, int> > > >, __gnu_cxx::__normal_iterator<std::pair<float, int>*, std::vector<std::pair<float, int>, std::allocator<std::pair<float, int> > > > >(__gnu_cxx::__normal_iterator<std::pair<float, int>*, std::vector<std::pair<float, int>, std::allocator<std::pair<float, int> > > >, __gnu_cxx::__normal_iterator<std::pair<float, int>*, std::vector<std::pair<float, int>, std::allocator<std::pair<float, int> > > >)
157 330841953 0 220561302 1 0 7 1 0 1
+1 147040868 36760217 36760217
cfi=(236)
cfn=(3496)
calls=36760217 1099 
* 294081736 147040868 73520434 0 0 2
* 147040868 0 36760217 0 0 4
cfi=(236)
cfn=(3496)
calls=36760217 1099 
* 294081736 147040868 73520434 0 0 4
* 147040868 0 36760217 0 0 3
cfi=(331)
cfn=(3724)
calls=36760217 527 
* 5554292566 1913422298 1470745940 2 3671867 656 2 6523 83
* 183801085 147040868 0 0 71 0 0 2

fn=(3736) bool __gnu_cxx::__ops::_Iter_comp_iter<std::less<std::pair<float, int> > >::operator()<__gnu_cxx::__normal_iterator<std::pair<float, int>*, std::vector<std::pair<float, int>, std::allocator<std::pair<float, int> > > >, __gnu_cxx::__normal_iterator<std::pair<float, int>*, std::vector<std::pair<float, int>, std::allocator<std::pair<float, int> > > > >(__gnu_cxx::__normal_iterator<std::pair<float, int>*, std::vector<std::pair<float, int>, std::allocator<std::pair<float, int> > > >, __gnu_cxx::__normal_iterator<std::pair<float, int>*, std::vector<std::pair<float, int>, std::allocator<std::pair<float, int> > > >)
157 449205183 0 299470122 1 0 6 1 0 1
+1 199646748 49911687 49911687 0 0 9 0 0 1
cfi=(236)
cfn=(3496)
calls=49911687 1099 
* 399293496 199646748 99823374 0 2 4
* 199646748 0 49911687 0 0 3
cfi=(236)
cfn=(3496)
calls=49911687 1099 
* 399293496 199646748 99823374 0 4 3 0 1 1
* 199646748 0 49911687 0 0 5 0 0 3
cfi=(331)
cfn=(3688)
calls=49911687 407 
* 4504404905 1554896372 1048604052 0 2584671 524 0 8940 72
* 249558435 199646748 0 0 48 0 0 13

fl=(374) /usr/include/c++/13/bits/streambuf_iterator.h
fn=(4562) std::ostreambuf_iterator<char, std::char_traits<char> >::operator++(int)
309 20 0 12 6 0 0 1
+1 12 12

fn=(4564) std::ostreambuf_iterator<char, std::char_traits<char> >::operator*()
304 16 0 8
+1 12 12

fn=(4550) std::ostreambuf_iterator<char, std::char_traits<char> >::ostreambuf_iterator(std::ostream&)
284 24 0 12 1 0 0 1
+1 36 16 4
cob=(4)
cfi=(175)
cfn=(4552) 0x000000000010f970
calls=4 0 
* 20 12 0 2 1 0 2
* 44 24 8 1 0 0 1

fn=(4566) std::ostreambuf_iterator<char, std::char_traits<char> >::operator=(char)
293 40 4 16 1 0 0 1
+2 20 8
+1 4 0 4
cfi=(243)
cfn=(4568) std::char_traits<char>::eof()
calls=4 466 
* 24 8 4 1 0 0 1
* 28 12 8
cob=(4)
cfi=(175)
cfn=(4570) 0x000000000010f940
calls=4 0 
* 44 16 8 1 0 0 1
* 24 0 8 1 0 0 1
cfi=(243)
cfn=(4574) std::char_traits<char>::eq_int_type(int const&, int const&)
calls=4 461 
* 52 24 12
-1 20
+3 4 4
+1 20 16

fl=(262)
fn=(2226) float* std::uninitialized_copy<__gnu_cxx::__normal_iterator<float const*, std::vector<float, std::allocator<float> > >, float*>(__gnu_cxx::__normal_iterator<float const*, std::vector<float, std::allocator<float> > >, __gnu_cxx::__normal_iterator<float const*, std::vector<float, std::allocator<float> > >, float*)
163 707 0 404 1 0 0 1
+11 101 0 101
+7 101 0 101
+4 606 303 101
cfn=(2228) float* std::__uninitialized_copy<true>::__uninit_copy<__gnu_cxx::__normal_iterator<float const*, std::vector<float, std::allocator<float> > >, float*>(__gnu_cxx::__normal_iterator<float const*, std::vector<float, std::allocator<float> > >, __gnu_cxx::__normal_iterator<float const*, std::vector<float, std::allocator<float> > >, float*)
calls=101 -40 
* 592247 168571 167863 38 80010 80725 32 0 80725
+1 202 202 0 0 1

fn=(2360) std::vector<unsigned long, std::allocator<unsigned long> >* std::__uninitialized_fill_n<false>::__uninit_fill_n<std::vector<unsigned long, std::allocator<unsigned long> >*, unsigned long, std::vector<unsigned long, std::allocator<unsigned long> > >(std::vector<unsigned long, std::allocator<unsigned long> >*, unsigned long, std::vector<unsigned long, std::allocator<unsigned long> > const&)
282 7 0 4 1 0 0 1
+2 6 3 1
cfn=(2362) std::vector<unsigned long, std::allocator<unsigned long> >* std::__do_uninit_fill_n<std::vector<unsigned long, std::allocator<unsigned long> >*, unsigned long, std::vector<unsigned long, std::allocator<unsigned long> > >(std::vector<unsigned long, std::allocator<unsigned long> >*, unsigned long, std::vector<unsigned long, std::allocator<unsigned long> > const&)
calls=1 -23 
* 86918 25506 21106 31 1 191 30 0 186
* 2 2

fn=(2582)
465 808 0 505 2 0 0 1
+4 101 0 101
cfi=(242) /usr/include/c++/13/type_traits
cfn=(1512) std::is_constant_evaluated()
calls=101 3650 
* 606 202 101
* 202
+3 606 303 101 1 0 0 1
cfn=(2584) long long* std::uninitialized_fill_n<long long*, unsigned long, long long>(long long*, unsigned long, long long const&)
calls=101 312 
* 23533 10706 6868 22 0 0 14
* 101
+1 202 202

fn=(2626) int* std::__uninitialized_default_n_1<true>::__uninit_default_n<int*, unsigned long>(int*, unsigned long)
660 60006 0 30003 2 0 0 2
+2 20002 10001
+3 30003 10001 10001
cfi=(240)
cfn=(2628) int* std::__addressof<int>(int&)
calls=10001 51 
* 70007 30003 20002 1 0 0 1
* 10001 0 10001
+1 30003 10001 10001
cfi=(250)
cfn=(2630)
calls=10001 109 
* 290029 80008 90009 2 0 1 2 0 1
+1 10001 0 10001
+1 70007 30003 10001 1 0 0 1
cfi=(248)
cfn=(2632) int* std::fill_n<int*, unsigned long, int>(int*, unsigned long, int const&)
calls=10001 1152 
* 9803026 5407424 2793721 7 0 70741 7 0 70726
* 10001 0 10001
+2 10001 10001
+1 20002 20002

fn=(2666) std::vector<int, std::allocator<int> >* std::uninitialized_fill_n<std::vector<int, std::allocator<int> >*, unsigned long, std::vector<int, std::allocator<int> > >(std::vector<int, std::allocator<int> >*, unsigned long, std::vector<int, std::allocator<int> > const&)
312 7 0 4 2 0 0 2
+7 1 0 1
+8 6 3 1
cfn=(2668) std::vector<int, std::allocator<int> >* std::__uninitialized_fill_n<false>::__uninit_fill_n<std::vector<int, std::allocator<int> >*, unsigned long, std::vector<int, std::allocator<int> > >(std::vector<int, std::allocator<int> >*, unsigned long, std::vector<int, std::allocator<int> > const&)
calls=1 -45 
* 85407 25339 21426 36 1 12 36
+1 2 2

fn=(2670) std::vector<int, std::allocator<int> >* std::__do_uninit_fill_n<std::vector<int, std::allocator<int> >*, unsigned long, std::vector<int, std::allocator<int> > >(std::vector<int, std::allocator<int> >*, unsigned long, std::vector<int, std::allocator<int> > const&)
261 8 0 5
+2 2 1 1
+3 1 0 0 1 0 0 1
+1 300 100 100
cfi=(240)
cfn=(2672)
calls=100 51 
* 700 300 200 1 0 0 1
* 500 100 100
cfi=(250)
cfn=(2674)
calls=100 109 
* 83474 24728 20815 33 1 12 33
-1 402 101 200
+2 2 1
+7 3 3

fn=(2832) Solution::Node* std::__relocate_a_1<Solution::Node*, Solution::Node*, std::allocator<Solution::Node> >(Solution::Node*, Solution::Node*, Solution::Node*, std::allocator<Solution::Node>&)
1091 9 0 6
+12 2 1 1
+1 4 2 0 1 0 0 1
+3 1 1
+1 3 3 0 1 0 0 1

fn=(2896)
465 80000 0 50000 1 0 0 1
+4 10000 0 10000
cfi=(242)
cfn=(1512)
calls=10000 3650 
* 60000 20000 10000
* 20000
+3 60000 30000 10000
cfn=(2898) int* std::uninitialized_fill_n<int*, unsigned long, int>(int*, unsigned long, int const&)
calls=10000 312 
* 1211295 420740 360370 2 0 0 2
* 10000
+1 20000 20000

fn=(3488) std::pair<float, int>* std::__relocate_a_1<std::pair<float, int>*, std::pair<float, int>*, std::allocator<std::pair<float, int> > >(std::pair<float, int>*, std::pair<float, int>*, std::pair<float, int>*, std::allocator<std::pair<float, int> >&)
1091 3864600 0 2576400
+12 858800 429400 429400
+1 429400
+1 40550637 13516879 13516879 0 1
cfi=(240)
cfn=(3680) std::pair<float, int>* std::__addressof<std::pair<float, int> >(std::pair<float, int>&)
calls=13516879 51 
* 94618153 40550637 27033758 2 0 0 1
* 54067516 13516879 13516879 0 3 2
cfi=(240)
cfn=(3680)
calls=13516879 51 
* 94618153 40550637 27033758
* 81101274 13516879 13516879 0 1
cfn=(3682) void std::__relocate_object_a<std::pair<float, int>, std::pair<float, int>, std::allocator<std::pair<float, int> > >(std::pair<float, int>*, std::pair<float, int>*, std::allocator<std::pair<float, int> >&)
calls=13516879 -36 
* 1365204779 446057007 459573886 4 386929 1570458 2 914 23362
-1 68872595 27892558 27033758 1 0 27 1 0 4
+3 429400 429400
+1 1288200 1288200

fn=(1900) float* std::__uninitialized_default_n_1<true>::__uninit_default_n<float*, unsigned long>(float*, unsigned long)
660 12 0 6 1 0 0 1
+2 4 2
+3 6 2 2
cfi=(240)
cfn=(1902) float* std::__addressof<float>(float&)
calls=2 51 
* 14 6 4 2 0 0 2
* 2 0 2
+1 6 2 2
cfi=(250)
cfn=(1904)
calls=2 109 
* 60 16 18 2 0 0 2
+1 2 0 2 1 0 0 1
+1 14 6 2
cfi=(248)
cfn=(1908) float* std::fill_n<float*, unsigned long, float>(float*, unsigned long, float const&)
calls=2 1152 
* 8961048 5120560 2560298 8 2 80007 8 0 80007
* 2 0 2 0 0 1
+2 2 2
+1 4 4

fn=(2358) std::vector<unsigned long, std::allocator<unsigned long> >* std::uninitialized_fill_n<std::vector<unsigned long, std::allocator<unsigned long> >*, unsigned long, std::vector<unsigned long, std::allocator<unsigned long> > >(std::vector<unsigned long, std::allocator<unsigned long> >*, unsigned long, std::vector<unsigned long, std::allocator<unsigned long> > const&)
312 7 0 4 2 0 0 2
+7 1 0 1
+8 6 3 1
cfn=(2360)
calls=1 -45 
* 86933 25511 21111 32 1 191 31 0 186
+1 2 2

fn=(2692)
366 800 0 500
+4 100 0 100
cfi=(242)
cfn=(1512)
calls=100 3650 
* 600 200 100
* 200
+3 600 300 100 1 0 0 1
cfn=(2694) int* std::uninitialized_copy<__gnu_cxx::__normal_iterator<int const*, std::vector<int, std::allocator<int> > >, int*>(__gnu_cxx::__normal_iterator<int const*, std::vector<int, std::allocator<int> > >, __gnu_cxx::__normal_iterator<int const*, std::vector<int, std::allocator<int> > >, int*)
calls=100 163 
* 23900 7300 7000 15 0 0 15
* 100
+1 200 200

fn=(2898)
312 70000 0 40000 1 0 0 1
+7 10000 0 10000
+8 60000 30000 10000
cfn=(2900) int* std::__uninitialized_fill_n<true>::__uninit_fill_n<int*, unsigned long, int>(int*, unsigned long, int const&)
calls=10000 -35 
* 1051295 370740 300370 1 0 0 1
+1 20000 20000

fn=(3358) unsigned short* std::uninitialized_fill_n<unsigned short*, unsigned long, unsigned short>(unsigned short*, unsigned long, unsigned short const&)
312 133 0 76 2 0 0 1
+7 19 0 19
+8 114 57 19
cfn=(3360) unsigned short* std::__uninitialized_fill_n<true>::__uninit_fill_n<unsigned short*, unsigned long, unsigned short>(unsigned short*, unsigned long, unsigned short const&)
calls=19 -35 
* 1331862 760627 380532 43 1 5927 8 0 5927
+1 38 38

fn=(3378) unsigned short* std::__uninitialized_copy_a<std::move_iterator<unsigned short*>, unsigned short*, unsigned short>(std::move_iterator<unsigned short*>, std::move_iterator<unsigned short*>, unsigned short*, std::allocator<unsigned short>&)
366 304 0 190 3 0 0 1
+4 38 0 38
cfi=(242)
cfn=(1512)
calls=38 3650 
* 228 76 38
* 76
+3 228 114 38 3 0 0 1
cfn=(3380) unsigned short* std::uninitialized_copy<std::move_iterator<unsigned short*>, unsigned short*>(std::move_iterator<unsigned short*>, std::move_iterator<unsigned short*>, unsigned short*)
calls=38 163 
* 9006 2774 2774 53 0 0 16
* 38
+1 76 76

fn=(2200) std::vector<float, std::allocator<float> >* std::__uninitialized_fill_n<false>::__uninit_fill_n<std::vector<float, std::allocator<float> >*, unsigned long, std::vector<float, std::allocator<float> > >(std::vector<float, std::allocator<float> >*, unsigned long, std::vector<float, std::allocator<float> > const&)
282 7 0 4 1 0 0 1
+2 6 3 1 1 0 0 1
cfn=(2202) std::vector<float, std::allocator<float> >* std::__do_uninit_fill_n<std::vector<float, std::allocator<float> >*, unsigned long, std::vector<float, std::allocator<float> > >(std::vector<float, std::allocator<float> >*, unsigned long, std::vector<float, std::allocator<float> > const&)
calls=1 -23 
* 91655 26747 22428 57 10 864 43 0 862
* 2 2 0 0 1

fn=(2224)
366 808 0 505 2 0 0 1
+4 101 0 101
cfi=(242)
cfn=(1512)
calls=101 3650 
* 606 202 101
* 202
+3 606 303 101 2 0 0 1
cfn=(2226)
calls=101 163 
* 593964 169076 168570 39 80011 80725 33 0 80725
* 101
+1 202 202 0 0 1

fn=(2386) unsigned long* std::uninitialized_copy<__gnu_cxx::__normal_iterator<unsigned long const*, std::vector<unsigned long, std::allocator<unsigned long> > >, unsigned long*>(__gnu_cxx::__normal_iterator<unsigned long const*, std::vector<unsigned long, std::allocator<unsigned long> > >, __gnu_cxx::__normal_iterator<unsigned long const*, std::vector<unsigned long, std::allocator<unsigned long> > >, unsigned long*)
163 700 0 400 2 0 0 2
+11 100 0 100
+7 100 0 100
+4 600 300 100
cfn=(2388) unsigned long* std::__uninitialized_copy<true>::__uninit_copy<__gnu_cxx::__normal_iterator<unsigned long const*, std::vector<unsigned long, std::allocator<unsigned long> > >, unsigned long*>(__gnu_cxx::__normal_iterator<unsigned long const*, std::vector<unsigned long, std::allocator<unsigned long> > >, __gnu_cxx::__normal_iterator<unsigned long const*, std::vector<unsigned long, std::allocator<unsigned long> > >, unsigned long*)
calls=100 -40 
* 23200 7100 6500 15 1 50 14 0 50
+1 200 200

fn=(2624) int* std::__uninitialized_default_n<int*, unsigned long>(int*, unsigned long)
696 60006 0 30003 1 0 0 1
+3 10001 0 10001
cfi=(242)
cfn=(1512)
calls=10001 3650 
* 60006 20002 10001
* 20002
+8 10001 0 10001 1 0 0 1
+5 50005 20002 10001
cfn=(2626)
calls=10001 -52 
* 10433089 5607444 2993741 13 0 70742 13 0 70727
* 10001
+1 20002 20002

fn=(2664)
465 8 0 5 2 0 0 2
+4 1 0 1
cfi=(242)
cfn=(1512)
calls=1 3650 
* 6 2 1
* 2
+3 6 3 1
cfn=(2666)
calls=1 312 
* 85423 25344 21432 38 1 12 38
* 1
+1 2 2

fn=(2668)
282 7 0 4 1 0 0 1
+2 6 3 1
cfn=(2670)
calls=1 -23 
* 85392 25334 21421 35 1 12 35
* 2 2

fn=(2792)
777 7 0 4
+2 5 2 1
cfn=(2794) Solution::Node* std::__uninitialized_default_n<Solution::Node*, unsigned long>(Solution::Node*, unsigned long)
calls=1 -83 
* 2620038 750011 810011 14 1 10000 14 0 10000
* 2 2 0 0 1

fn=(2912) int* std::uninitialized_copy<std::move_iterator<int*>, int*>(std::move_iterator<int*>, std::move_iterator<int*>, int*)
163 140000 0 80000 1 0 0 1
+11 20000 0 20000
+7 20000 0 20000
+4 120000 60000 20000
cfn=(2914) int* std::__uninitialized_copy<true>::__uninit_copy<std::move_iterator<int*>, int*>(std::move_iterator<int*>, std::move_iterator<int*>, int*)
calls=20000 -40 
* 4400000 1360000 1320000 15 0 2 14
+1 40000 40000

fn=(3360)
292 133 0 76 2 0 0 1
+2 114 57 19 1
cfi=(248)
cfn=(3362) unsigned short* std::fill_n<unsigned short*, unsigned long, unsigned short>(unsigned short*, unsigned long, unsigned short const&)
calls=19 1152 
* 1331577 760532 380437 40 1 5927 7 0 5927
* 38 38

fn=(2318) unsigned long* std::__uninitialized_default_n_1<true>::__uninit_default_n<unsigned long*, unsigned long>(unsigned long*, unsigned long)
660 6 0 3 2 0 0 2
+2 2 1
+3 3 1 1
cfi=(240)
cfn=(2320) unsigned long* std::__addressof<unsigned long>(unsigned long&)
calls=1 51 
* 7 3 2 1 0 0 1
* 1 0 1
+1 3 1 1
cfi=(250)
cfn=(2322)
calls=1 109 
* 29 8 9 2 0 0 2
+1 1 0 1
+1 7 3 1
cfi=(248)
cfn=(2324) unsigned long* std::fill_n<unsigned long*, unsigned long, unsigned long>(unsigned long*, unsigned long, unsigned long const&)
calls=1 1152 
* 146 64 41 5 0 1 5 0 1
* 1 0 1
+2 1 1
+1 2 2

fn=(2356)
465 8 0 5 1 0 0 1
+4 1 0 1
cfi=(242)
cfn=(1512)
calls=1 3650 
* 6 2 1
* 2
+3 6 3 1 1 0 0 1
cfn=(2358)
calls=1 312 
* 86949 25516 21117 34 1 191 33 0 186
* 1
+1 2 2

fn=(2384)
366 800 0 500
+4 100 0 100
cfi=(242)
cfn=(1512)
calls=100 3650 
* 600 200 100
* 200 0 0 1 0 0 1
+3 600 300 100
cfn=(2386)
calls=100 163 
* 24900 7600 7200 17 1 50 16 0 50
* 100
+1 200 200

fn=(2984) std::enable_if<std::__is_bitwise_relocatable<int, void>::value, int*>::type std::__relocate_a_1<int, int>(int*, int*, int*, std::allocator<int>&)
1114 110000 10000 60000 1 0 0 1
+4 40000 20000 10000
+1 20000 10000
+14 40000 20000 0 1 0 0 1
+1 50000 40000 0 1 0 0 1

fn=(3120) std::thread* std::__relocate_a_1<std::thread*, std::thread*, std::allocator<std::thread> >(std::thread*, std::thread*, std::thread*, std::allocator<std::thread>&)
1091 9 0 6 1 0 0 1
+12 2 1 1
+1 4 2 0 1 0 0 1
+3 1 1
+1 3 3

fn=(3484)
1141 4294000 0 3005800 1 0 0 1
+6 1288200 429400 429400
cfi=(248)
cfn=(3486) std::pair<float, int>* std::__niter_base<std::pair<float, int>*>(std::pair<float, int>*)
calls=429400 316 
* 3005800 1288200 858800 2 0 0 2
* 1717600 429400 429400
cfi=(248)
cfn=(3486)
calls=429400 316 
* 3005800 1288200 858800
* 1717600 429400 429400 1 0 0 1
cfi=(248)
cfn=(3486)
calls=429400 316 
* 3005800 1288200 858800
* 2576400 429400 429400
cfn=(3488)
calls=429400 -56 
* 1805903507 597748476 584231597 7 386934 1570487 4 914 23366
+3 2147000 1717600 0 0 28 0 0 3

fn=(2202)
261 8 0 5
+2 2 1 1
+3 1
+1 300 100 100
cfi=(240)
cfn=(2204)
calls=100 51 
* 700 300 200
* 500 100 100
cfi=(250)
cfn=(2206)
calls=100 109 
* 89737 26141 21822 56 9 864 42 0 862
-1 402 101 200 1 0 0 1
+2 2 1
+7 3 3 0 0 1

fn=(2362)
261 8 0 5
+2 2 1 1
+3 1
+1 300 100 100
cfi=(240)
cfn=(2364)
calls=100 51 
* 700 300 200 1 0 0 1
* 500 100 100
cfi=(250)
cfn=(2366)
calls=100 109 
* 85000 24900 20500 29 1 191 28 0 186
-1 402 101 200 1 0 0 1
+2 2 1
+7 3 3

fn=(2388)
145 700 0 400 1 0 0 1
+2 600 300 100
cfi=(248)
cfn=(2390) unsigned long* std::copy<__gnu_cxx::__normal_iterator<unsigned long const*, std::vector<unsigned long, std::allocator<unsigned long> > >, unsigned long*>(__gnu_cxx::__normal_iterator<unsigned long const*, std::vector<unsigned long, std::allocator<unsigned long> > >, __gnu_cxx::__normal_iterator<unsigned long const*, std::vector<unsigned long, std::allocator<unsigned long> > >, unsigned long*)
calls=100 624 
* 21700 6600 6000 14 1 50 13 0 50
* 200 200

fn=(2584)
312 707 0 404 3 0 0 2
+7 101 0 101
+8 606 303 101
cfn=(2586) long long* std::__uninitialized_fill_n<true>::__uninit_fill_n<long long*, unsigned long, long long>(long long*, unsigned long, long long const&)
calls=101 -35 
* 21917 10201 6262 19 0 0 12
+1 202 202

fn=(2622)
777 70007 0 40004 1 0 0 1
+2 50005 20002 10001
cfn=(2624)
calls=10001 -83 
* 10673113 5667450 3063748 15 0 70742 15 0 70727
* 20002 20002

fn=(2694)
163 700 0 400 1 0 0 1
+11 100 0 100
+7 100 0 100 1 0 0 1
+4 600 300 100
cfn=(2696) int* std::__uninitialized_copy<true>::__uninit_copy<__gnu_cxx::__normal_iterator<int const*, std::vector<int, std::allocator<int> > >, int*>(__gnu_cxx::__normal_iterator<int const*, std::vector<int, std::allocator<int> > >, __gnu_cxx::__normal_iterator<int const*, std::vector<int, std::allocator<int> > >, int*)
calls=100 -40 
* 22200 6800 6300 13 0 0 13
+1 200 200

fn=(2900)
292 70000 0 40000 1 0 0 1
+2 60000 30000 10000
cfi=(248)
cfn=(2632)
calls=10000 1152 
* 901295 320740 250370
* 20000 20000

fn=(2914)
145 140000 0 80000 1 0 0 1
+2 120000 60000 20000 1 0 0 1
cfi=(248)
cfn=(2916) int* std::copy<std::move_iterator<int*>, int*>(std::move_iterator<int*>, std::move_iterator<int*>, int*)
calls=20000 624 
* 4100000 1260000 1220000 13 0 2 12
* 40000 40000

fn=(2198) std::vector<float, std::allocator<float> >* std::uninitialized_fill_n<std::vector<float, std::allocator<float> >*, unsigned long, std::vector<float, std::allocator<float> > >(std::vector<float, std::allocator<float> >*, unsigned long, std::vector<float, std::allocator<float> > const&)
312 7 0 4 1 0 0 1
+7 1 0 1
+8 6 3 1 1 0 0 1
cfn=(2200)
calls=1 -45 
* 91670 26752 22433 59 11 864 45 0 862
+1 2 2 0 0 1

fn=(2228)
145 707 0 404 2 0 0 2
+2 606 303 101
cfi=(248)
cfn=(2230) float* std::copy<__gnu_cxx::__normal_iterator<float const*, std::vector<float, std::allocator<float> > >, float*>(__gnu_cxx::__normal_iterator<float const*, std::vector<float, std::allocator<float> > >, __gnu_cxx::__normal_iterator<float const*, std::vector<float, std::allocator<float> > >, float*)
calls=101 624 
* 590732 168066 167358 36 80009 80725 30 0 80725
* 202 202 0 0 1

fn=(2314)
777 7 0 4 2 0 0 2
+2 5 2 1
cfn=(2316) unsigned long* std::__uninitialized_default_n<unsigned long*, unsigned long>(unsigned long*, unsigned long)
calls=1 -83 
* 233 90 68 11 0 1 11 0 1
* 2 2

fn=(2696)
145 700 0 400 2 0 0 2
+2 600 300 100
cfi=(248)
cfn=(2698) int* std::copy<__gnu_cxx::__normal_iterator<int const*, std::vector<int, std::allocator<int> > >, int*>(__gnu_cxx::__normal_iterator<int const*, std::vector<int, std::allocator<int> > >, __gnu_cxx::__normal_iterator<int const*, std::vector<int, std::allocator<int> > >, int*)
calls=100 624 
* 20700 6300 5800 11 0 0 11
* 200 200

fn=(2828)
1141 10 0 7 1 0 0 1
+6 3 1 1
cfi=(248)
cfn=(2830) Solution::Node* std::__niter_base<Solution::Node*>(Solution::Node*)
calls=1 316 
* 7 3 2 1 0 0 1
* 4 1 1
cfi=(248)
cfn=(2830)
calls=1 316 
* 7 3 2
* 4 1 1 1 0 0 1
cfi=(248)
cfn=(2830)
calls=1 316 
* 7 3 2
* 6 1 1
cfn=(2832)
calls=1 -56 
* 19 7 7 2 0 0 2
+3 5 4

fn=(2902)
393 180000 0 120000 1 0 0 1
+6 60000 20000 20000
cfi=(236)
cfn=(2904) std::move_iterator<int*> std::__make_move_if_noexcept_iterator<int, std::move_iterator<int*> >(int*)
calls=20000 1832 
* 820000 280000 220000 3 0 0 3
* 80000 20000 20000
cfi=(236)
cfn=(2904)
calls=20000 1832 
* 820000 280000 220000
* 140000 40000 20000
cfn=(2910) int* std::__uninitialized_copy_a<std::move_iterator<int*>, int*, int>(std::move_iterator<int*>, std::move_iterator<int*>, int*, std::allocator<int>&)
calls=20000 -33 
* 5260000 1600000 1620000 18 0 2 17
+2 60000 60000

fn=(3370)
393 342 0 228
+6 114 38 38
cfi=(236)
cfn=(3372) std::move_iterator<unsigned short*> std::__make_move_if_noexcept_iterator<unsigned short, std::move_iterator<unsigned short*> >(unsigned short*)
calls=38 1832 
* 1558 532 418 4 0 0 3
* 152 38 38
cfi=(236)
cfn=(3372)
calls=38 1832 
* 1558 532 418
* 266 76 38 1 0 0 1
cfn=(3378)
calls=38 -33 
* 9994 3040 3078 59 0 0 18
+2 114 114

fn=(1896)
777 14 0 8 1 0 0 1
+2 10 4 2
cfn=(1898) float* std::__uninitialized_default_n<float*, unsigned long>(float*, unsigned long)
calls=2 -83 
* 8961224 5120612 2560352 16 3 80008 16 0 80007
* 4 4 0 0 1

fn=(2316)
696 6 0 3
+3 1 0 1
cfi=(242)
cfn=(1512)
calls=1 3650 
* 6 2 1
* 2 0 0 1 0 0 1
+8 1 0 1
+5 5 2 1
cfn=(2318)
calls=1 -52 
* 209 84 61 10 0 1 10 0 1
* 1
+1 2 2

fn=(2586)
292 707 0 404 3 0 0 2
+2 606 303 101
cfi=(248)
cfn=(2588) long long* std::fill_n<long long*, unsigned long, long long>(long long*, unsigned long, long long const&)
calls=101 1152 
* 20402 9696 5757 16 0 0 10
* 202 202

fn=(3682)
1069 94618153 0 54067516 3 0 9 1
+8 40550637 13516879 13516879 0 0 9
cfi=(240)
cfn=(3440)
calls=13516879 97 
* 94618153 40550637 27033758 0 0 2
* 67584395 27033758 40550637 0 3 3
fi=(253)
540 40550637 13516879 13516879 0 0 1
cfi=(240)
cfn=(3446)
calls=13516879 70 
* 94618153 40550637 27033758 0 0 1
* 67584395 13516879 13516879 1 3 2 1
cfi=(250)
cfn=(3478)
calls=13516879 94 
* 486607644 162202548 162202548 0 386890 1570425 0 908 23361
+2 13516879
fe=(262)
1078 40550637 13516879 13516879 0 12 1 0 1
cfi=(240)
cfn=(3680)
calls=13516879 51 
* 94618153 40550637 27033758 0 0 3
* 40550637 13516879 27033758 0 5 0 0 2
fi=(253)
560 40550637 13516879 13516879 0 0 2 0 0 1
cfi=(250)
cfn=(3556)
calls=13516879 80 
* 94618153 27033758 27033758
+2 13516879
fe=(262)
1079 40550637 27033758 0 0 16 0 0 3

fn=(2794)
696 6 0 3
+3 1 0 1 1 0 0 1
cfi=(242)
cfn=(1512)
calls=1 3650 
* 6 2 1
* 2
+8 1 0 1
+5 5 2 1
cfn=(2796) Solution::Node* std::__uninitialized_default_n_1<false>::__uninit_default_n<Solution::Node*, unsigned long>(Solution::Node*, unsigned long)
calls=1 -75 
* 2620014 750005 810004 13 0 10000 13 0 10000
* 1
+1 2 2 0 0 1

fn=(2910)
366 160000 0 100000 1 0 0 1
+4 20000 0 20000
cfi=(242)
cfn=(1512)
calls=20000 3650 
* 120000 40000 20000
* 40000
+3 120000 60000 20000 1 0 0 1
cfn=(2912)
calls=20000 163 
* 4740000 1460000 1460000 16 0 2 15
* 20000
+1 40000 40000

fn=(2982)
1141 100000 0 70000 1 0 0 1
+6 30000 10000 10000
cfi=(248)
cfn=(2704) int* std::__niter_base<int*>(int*)
calls=10000 316 
* 70000 30000 20000
* 40000 10000 10000
cfi=(248)
cfn=(2704)
calls=10000 316 
* 70000 30000 20000
* 40000 10000 10000
cfi=(248)
cfn=(2704)
calls=10000 316 
* 70000 30000 20000
* 60000 10000 10000 1 0 0 1
cfn=(2984)
calls=10000 -33 
* 260000 100000 70000 3 0 0 3
+3 50000 40000

fn=(3116)
1141 10 0 7
+6 3 1 1
cfi=(248)
cfn=(3118) std::thread* std::__niter_base<std::thread*>(std::thread*)
calls=1 316 
* 7 3 2 1 0 0 1
* 4 1 1 1 0 0 1
cfi=(248)
cfn=(3118)
calls=1 316 
* 7 3 2
* 4 1 1
cfi=(248)
cfn=(3118)
calls=1 316 
* 7 3 2
* 6 1 1
cfn=(3120)
calls=1 -56 
* 19 7 7 2 0 0 2
+3 5 4

fn=(3356)
465 152 0 95 3 0 0 1
+4 19 0 19
cfi=(242)
cfn=(1512)
calls=19 3650 
* 114 38 19
* 38
+3 114 57 19
cfn=(3358)
calls=19 312 
* 1332166 760722 380646 45 1 5927 9 0 5927
* 19
+1 38 38

fn=(3380)
163 266 0 152 3 0 0 1
+11 38 0 38
+7 38 0 38
+4 228 114 38 7 0 0 1
cfn=(3382) unsigned short* std::__uninitialized_copy<true>::__uninit_copy<std::move_iterator<unsigned short*>, unsigned short*>(std::move_iterator<unsigned short*>, std::move_iterator<unsigned short*>, unsigned short*)
calls=38 -40 
* 8360 2584 2508 43 0 0 14
+1 76 76

fn=(3382)
145 266 0 152 2 0 0 1
+2 228 114 38
cfi=(248)
cfn=(3384) unsigned short* std::copy<std::move_iterator<unsigned short*>, unsigned short*>(std::move_iterator<unsigned short*>, std::move_iterator<unsigned short*>, unsigned short*)
calls=38 624 
* 7790 2394 2318 41 0 0 13
* 76 76

fn=(1898)
696 12 0 6 1 0 0 1
+3 2 0 2 1 0 0 1
cfi=(242)
cfn=(1512)
calls=2 3650 
* 12 4 2
* 4
+8 2 0 2
+5 10 4 2
cfn=(1900)
calls=2 -52 
* 8961176 5120600 2560338 14 2 80008 14 0 80007
* 2
+1 4 4 0 0 1

fn=(2196)
465 8 0 5 1 0 0 1
+4 1 0 1
cfi=(242)
cfn=(1512)
calls=1 3650 
* 6 2 1
* 2
+3 6 3 1 1 0 0 1
cfn=(2198)
calls=1 312 
* 91686 26757 22439 61 12 864 47 0 862
* 1
+1 2 2

fn=(2796)
637 6 0 3 2 0 0 2
+2 2 1 1
+3 1
+1 30000 10000 10000
cfi=(240)
cfn=(2798)
calls=10000 51 
* 70000 30000 20000 1 0 0 1
* 20000 0 10000
cfi=(250)
cfn=(2800)
calls=10000 109 
* 2460000 700000 750000 10 0 10000 10 0 10000
-1 40002 10001 20000
+2 1 1
+7 2 2

fl=(274)
fn=(3828) std::operator&=(std::_Ios_Fmtflags&, std::_Ios_Fmtflags)
104 312 78 104 2
cfn=(3830) std::operator&(std::_Ios_Fmtflags, std::_Ios_Fmtflags)
calls=26 -20 
* 234 104 78
* 130 104 26

fn=(3832) std::operator|=(std::_Ios_Fmtflags&, std::_Ios_Fmtflags)
100 312 78 104
cfn=(3834) std::operator|(std::_Ios_Fmtflags, std::_Ios_Fmtflags)
calls=26 -12 
* 234 104 78
* 130 104 26

fn=(4540) std::ios_base::precision(long)
741 20 0 12
+2 12 8 4
+1 12 8 4
+1 4 4
+1 8 8

fn=(4532) std::ios_base::flags() const
662 16 0 8 2
+1 16 16

fn=(3824) std::ios_base::setf(std::_Ios_Fmtflags, std::_Ios_Fmtflags)
706 182 0 104 5 0 0 2
+2 78 52 26
+1 78 26 26
cfn=(3826) std::operator~(std::_Ios_Fmtflags)
calls=26 96 
* 208 78 52 3 0 0 1
* 156 26 26
cfn=(3828)
calls=26 104 
* 676 286 208 2
+1 130 52 26 2 0 0 1
cfn=(3830)
calls=26 84 
* 234 104 78
* 156 26 26
cfn=(3832)
calls=26 100 
* 676 286 208
+1 26 26
+1 52 52

fn=(4534) std::ios_base::flags(std::_Ios_Fmtflags)
673 20 0 12
+2 12 8 4
+1 12 8 4
+1 4 4
+1 8 8

fn=(4538) std::ios_base::precision() const
732 16 0 8 1
+1 16 16

fn=(3826)
96 208 78 52 3 0 0 1

fn=(2470)
131 900 400 300 1 0 0 1

fn=(3822) std::fixed(std::ios_base&)
1085 130 0 52 2 0 0 1
+1 130 26 26
cfn=(3824)
calls=26 706 
* 2652 1014 780 12 0 0 4
+1 26 26 0 2 0 0 1
+1 52 52

fn=(3830)
84 468 208 156

fn=(3834)
88 234 104 78

fn=(4536) std::ios_base::getloc() const
806 24 0 12 1 0 0 1
+1 24 8 4 1
cob=(4)
cfi=(175)
cfn=(4508) 0x000000000010fa60
calls=4 0 
* 36 16 4
* 12 12

fl=(373) /usr/include/c++/13/bits/chrono_io.h
fn=(4466) std::formatter<std::chrono::duration<double, std::ratio<1l, 1l> >, char>::parse(std::basic_format_parse_context<char>&)
1596 28 0 16 4 0 0 1
+3 16 4 4
cfn=(4468) std::__format::operator|(std::__format::_ChronoParts, std::__format::_ChronoParts)
calls=4 229 
* 40 16 12 1
* 20 4 4
cfn=(4470) std::basic_format_parse_context<char>::iterator std::__format::__formatter_chrono<char>::_M_parse<std::basic_format_parse_context<char> >(std::basic_format_parse_context<char>&, std::__format::_ChronoParts)
calls=4 240 
* 416 160 120 9 0 0 7
* 4 0 4
+4 4 4
+1 12 12

fn=(4458) std::__format::__formatter_chrono<char>::__formatter_chrono()
233 32 4 12
cfn=(4460) std::__format::_ChronoSpec<char>::_ChronoSpec()
calls=4 -23 
* 140 44 44 1 0 0 1
* 12 8

fn=(4502) std::locale std::__format::__formatter_chrono<char>::_M_locale<std::basic_format_context<std::__format::_Sink_iter<char>, char> >(std::basic_format_context<std::__format::_Sink_iter<char>, char>&) const
672 40 4 20
+2 20 8
+1 4 0 4
cob=(4)
cfi=(175)
cfn=(4504) 0x000000000010fd20
calls=4 0 
* 124 44 16 1 0 0 1
* 20 4 4 1 0 0 1
cob=(4)
cfi=(175)
cfn=(4508)
calls=4 0 
* 36 16 4 2 1 0 2
* 4
+3 24 20

fn=(4460)
210 32 4 12 1 0 0 1
cfi=(233)
cfn=(4462) std::__format::_Spec<char>::_Spec()
calls=4 361 
* 36 12 12
* 16 4 4
cfi=(234) /usr/include/c++/13/string_view
cfn=(4464) std::basic_string_view<char, std::char_traits<char> >::basic_string_view()
calls=4 -78 
* 44 16 16
* 12 8

fn=(4468)
229 40 16 12 1

fn=(4486) std::basic_format_context<std::__format::_Sink_iter<char>, char>::iterator std::__format::__formatter_chrono<char>::_M_format<std::chrono::duration<double, std::ratio<1l, 1l> >, std::basic_format_context<std::__format::_Sink_iter<char>, char> >(std::chrono::duration<double, std::ratio<1l, 1l> > const&, std::basic_format_context<std::__format::_Sink_iter<char>, char>&, bool) const
476 64 4 40 7 0 0 2
+3 16 4 4
cfi=(234)
cfn=(1540) std::basic_string_view<char, std::char_traits<char> >::begin() const
calls=4 187 
* 32 16 8
* 4 0 4
+1 16 4 4
cfi=(234)
cfn=(1542) std::basic_string_view<char, std::char_traits<char> >::end() const
calls=4 192 
* 44 24 8
* 4 0 4
+1 12 8 0 1 0 0 1
+1 28 16 4
cfn=(4488) std::basic_format_context<std::__format::_Sink_iter<char>, char>::iterator std::__format::__formatter_chrono<char>::_M_format_to_ostream<std::chrono::duration<double, std::ratio<1l, 1l> >, std::basic_format_context<std::__format::_Sink_iter<char>, char> >(std::chrono::duration<double, std::ratio<1l, 1l> > const&, std::basic_format_context<std::__format::_Sink_iter<char>, char>&, bool) const
calls=4 687 
* 28326 8236 5733 428 103 53 111 4
* 8
664 44 32 0 1 0 0 1

fn=(4472) std::__format::__formatter_chrono<char>::_M_parse<std::basic_format_parse_context<char> >(std::basic_format_parse_context<char>&, std::__format::_ChronoParts)::{lambda()#2}::operator()() const
251 20 0 8 2 0 0 1
+1 56 40 0 1 0 0 1
+2 16 8 4
cfn=(4474) std::__format::__formatter_chrono<char>::_M_parse<std::basic_format_parse_context<char> >(std::basic_format_parse_context<char>&, std::__format::_ChronoParts)::{lambda()#1}::operator()() const
calls=4 -7 
* 68 36 20
+1 8
-4 8 8

fn=(4556) std::ostreambuf_iterator<char, std::char_traits<char> > std::chrono::__detail::__fmt_units_suffix<std::ratio<1l, 1l>, char, std::ostreambuf_iterator<char, std::char_traits<char> > >(std::ostreambuf_iterator<char, std::char_traits<char> >)
117 56 4 24
+2 24 0 12 1 0 0 1
cfi=(234)
cfn=(1450) std::basic_string_view<char, std::char_traits<char> >::size() const
calls=4 229 
* 32 16 8
* 16
+1 12 0 4
cfi=(240)
cfn=(4558) std::remove_reference<std::ostreambuf_iterator<char, std::char_traits<char> >&>::type&& std::move<std::ostreambuf_iterator<char, std::char_traits<char> >&>(std::ostreambuf_iterator<char, std::char_traits<char> >&)
calls=4 -23 
* 28 12 8 4 0 0 1
* 32 16 4 1 0 0 1
cfi=(233)
cfn=(4560) std::ostreambuf_iterator<char, std::char_traits<char> > std::__format::__write<std::ostreambuf_iterator<char, std::char_traits<char> >, char>(std::ostreambuf_iterator<char, std::char_traits<char> >, std::basic_string_view<char, std::char_traits<char> >)
calls=4 594 
* 616 212 160 12 1 0 7 1
* 4
+8 32 24 0 1 0 0 1

fn=(4470)
240 40 4 20 3 0 0 2
+2 12 4 4
cfi=(233)
cfn=(1550) std::basic_format_parse_context<char>::begin() const
calls=4 -28 
* 32 16 8
* 4 0 4
+1 12 4 4
cfi=(233)
cfn=(1554) std::basic_format_parse_context<char>::end() const
calls=4 -28 
* 32 16 8
* 4 0 4
+2 16 0 12 1 0 0 1
+2 16 4 8
+4 24 0 12
+9 12 0 4
cfn=(4472)
calls=4 -9 
* 176 92 32 3 0 0 2
* 8 0 0 1 0 0 1
+1 8 4
467 20 16 0 1 0 0 1

fn=(4530) std::basic_ostream<char, std::char_traits<char> >& std::chrono::operator<< <char, std::char_traits<char>, double, std::ratio<1l, 1l> >(std::basic_ostream<char, std::char_traits<char> >&, std::chrono::duration<double, std::ratio<1l, 1l> > const&)
139 40 4 20 1 0 1 1
+5 12 0 4
cob=(4)
cfi=(175)
cfn=(4490) 0x000000000010fd10
calls=4 0 
* 2472 752 620
+1 36 16 4 1 1 0 1
cfi=(274)
cfn=(4532)
calls=4 662 
* 32 16 8 2
* 24 0 4
cfi=(274)
cfn=(4534)
calls=4 673 
* 56 28 20
+1 44 16 4 1 0 0 1
cfi=(274)
cfn=(4536)
calls=4 806 
* 96 36 20 2 0 0 1
* 28 0 4 1 0 0 1
cob=(4)
cfi=(175)
cfn=(4512) 0x000000000010f8c0
calls=4 0 
* 1068 388 204
* 12 0 4
cob=(4)
cfi=(175)
cfn=(4528) 0x000000000010fd50
calls=4 0 
* 56 24 8
* 12 0 4
cob=(4)
cfi=(175)
cfn=(4528)
calls=4 0 
* 56 24 8
+1 36 16 4 1 0 0 1
cfi=(274)
cfn=(4538)
calls=4 732 
* 32 16 8 1
* 24 0 4
cfi=(274)
cfn=(4540)
calls=4 741 
* 56 28 20
+1 12 4 4
cfi=(351)
cfn=(4484) std::chrono::duration<double, std::ratio<1l, 1l> >::count() const
calls=4 589 
* 32 16 8
* 20 0 4 1 0 0 1
cob=(4)
cfi=(175)
cfn=(4542) 0x000000000010ff60
calls=4 0 
* 10570 2594 1691 240 47 20 24
+1 20 0 4
cfi=(374)
cfn=(4550)
calls=4 284 
* 124 52 24 4 1 0 4
* 20 8 4 1 0 0 1
cfn=(4556)
calls=4 -32 
* 852 284 220 19 1 0 11 1
+1 12 0 4
cfi=(240)
cfn=(4576) std::remove_reference<std::__cxx11::basic_ostringstream<char, std::char_traits<char>, std::allocator<char> >&>::type&& std::move<std::__cxx11::basic_ostringstream<char, std::char_traits<char>, std::allocator<char> >&>(std::__cxx11::basic_ostringstream<char, std::char_traits<char>, std::allocator<char> >&)
calls=4 -53 
* 28 12 8 1 0 0 1
* 20 0 4
cob=(4)
cfi=(175)
cfn=(4578) 0x000000000010fde0
calls=4 0 
* 456 96 88 17 1 0 7
* 20 4 4
cob=(4)
cfi=(175)
cfn=(1716)
calls=4 0 
* 942 300 172 9 1
* 12 0 4 1 0 0 1
cfi=(239)
cfn=(1712)
calls=4 803 
* 436 132 112 12
+1 4 4
+1 12 0 4
cob=(4)
cfi=(175)
cfn=(4582) 0x000000000010f890
calls=4 0 
* 500 156 104 10 3 0 3
-1 4
+1 24 20

fn=(4474)
247 16 0 8
+1 40 28 12
-1 12 8

fn=(4476) std::basic_format_context<std::__format::_Sink_iter<char>, char>::iterator std::formatter<std::chrono::duration<double, std::ratio<1l, 1l> >, char>::format<std::__format::_Sink_iter<char> >(std::chrono::duration<double, std::ratio<1l, 1l> > const&, std::basic_format_context<std::__format::_Sink_iter<char>, char>&) const
1608 44 4 24 3 0 0 2
+4 4 0 4
cfi=(351)
cfn=(4478) std::chrono::duration<double, std::ratio<1l, 1l> >::zero()
calls=4 673 
* 156 52 40 1 0 0 1
* 24 4 8
cfi=(351)
cfn=(4482) auto std::chrono::operator<=><double, std::ratio<1l, 1l>, double, std::ratio<1l, 1l> >(std::chrono::duration<double, std::ratio<1l, 1l> > const&, std::chrono::duration<double, std::ratio<1l, 1l> > const&)
calls=4 836 
* 220 80 52 6 0 0 2
* 8 0 4
cfi=(247)
cfn=(3696)
calls=4 98 
* 36 12 8
* 8
+2 24 12 4 1 0 0 1
cfn=(4486)
calls=4 476 
* 28598 8344 5809 437 103 53 115 4
* 4
+1 24 20

fn=(4488)
687 56 4 32 1 0 1 1
+10 12 0 4 0 0 1
cob=(4)
cfi=(175)
cfn=(4490)
calls=4 0 
* 2552 770 644 54 26 10 20
+1 24 8 4
cfn=(4502)
calls=4 -26 
* 272 96 48 4 1 0 4
* 28 0 4 1 0 0 1
cob=(4)
cfi=(175)
cfn=(4512)
calls=4 0 
* 2546 892 466 14 21 20 9 3
* 12 0 4
cob=(4)
cfi=(175)
cfn=(4528)
calls=4 0 
* 56 24 8 1
* 12 0 4
cob=(4)
cfi=(175)
cfn=(4528)
calls=4 0 
* 56 24 8
+23 8 4 0 1 0 0 1
+2 20 4 4
cfn=(4530)
calls=4 139 
* 18312 5046 3435 325 55 21 59 1
+3 12 0 4 1 0 0 1
cfi=(240)
cfn=(4576)
calls=4 97 
* 28 12 8
* 20 0 4
cob=(4)
cfi=(175)
cfn=(4578)
calls=4 0 
* 456 96 88
+1 16 4 4
cfi=(239)
cfn=(1664) std::__cxx11::basic_string<char, std::char_traits<char>, std::allocator<char> >::size() const
calls=4 1071 
* 32 16 8 1
* 16 0 4 1 0 0 1
cfi=(239)
cfn=(4586) std::__cxx11::basic_string<char, std::char_traits<char>, std::allocator<char> >::operator std::basic_string_view<char, std::char_traits<char> >() const
calls=4 944 
* 284 108 80 6 0 0 5
* 40 4 4
cfi=(233)
cfn=(4590) std::__format::_Sink_iter<char> std::__format::__write_padded_as_spec<char, std::__format::_Sink_iter<char> >(std::basic_string_view<std::type_identity<char>::type, std::char_traits<std::type_identity<char>::type> >, unsigned long, std::basic_format_context<std::__format::_Sink_iter<char>, char>&, std::__format::_Spec<char> const&, std::__format::_Align)
calls=4 -60 
* 2452 812 640 16 0 0 7
* 4
+1 4
+1 12 0 4
cfi=(239)
cfn=(1712)
calls=4 +74 
* 436 132 112
* 12 0 4 1 0 0 1
cob=(4)
cfi=(175)
cfn=(4582)
calls=4 0 
* 500 156 104
-1 4
+2 32 24 0 1 0 0 1

fn=(4456) std::formatter<std::chrono::duration<double, std::ratio<1l, 1l> >, char>::formatter()
1593 32 4 12 7 0 0 2
cfn=(4458)
calls=4 233 
* 184 56 56 1 0 0 1
* 12 8

fl=(333) /usr/include/c++/13/iomanip
fn=(3836) std::setprecision(int)
198 189 81 54 2 0 0 1

fn=(4852) std::setw(int)
228 42 18 12 1 0 0 1

fl=(329) /usr/include/c++/13/bit
fn=(3622) int std::__countl_zero<unsigned long>(unsigned long)
195 41128 0 20564 1 0 0 1
+3 10282 0 10282
+2 20564 10282 0 1 0 0 1
+3 10282 0 10282
+1 10282 0 10282
+1 10282 0 10282
+9 10282 0 10282
+1 30846 10282
+22 20564 20564

fn=(3620) int std::__bit_width<unsigned long>(unsigned long)
365 51410 0 20564 1 0 0 1
+2 10282 0 10282
+1 30846 10282 10282
cfn=(3622)
calls=10282 195 
* 164512 41128 71974 2 0 0 2
* 30846 0 0 1 0 0 1
+1 20564 20564

fl=(273) /usr/include/c++/13/bits/cpp_type_traits.h
fn=(2392) __gnu_cxx::__normal_iterator<unsigned long const*, std::vector<unsigned long, std::allocator<unsigned long> > > std::__miter_base<__gnu_cxx::__normal_iterator<unsigned long const*, std::vector<unsigned long, std::allocator<unsigned long> > > >(__gnu_cxx::__normal_iterator<unsigned long const*, std::vector<unsigned long, std::allocator<unsigned long> > >)
607 800 0 400 1 0 0 1
+1 600 600

fn=(2232) __gnu_cxx::__normal_iterator<float const*, std::vector<float, std::allocator<float> > > std::__miter_base<__gnu_cxx::__normal_iterator<float const*, std::vector<float, std::allocator<float> > > >(__gnu_cxx::__normal_iterator<float const*, std::vector<float, std::allocator<float> > >)
607 808 0 404
+1 606 606

fn=(2922) int* std::__miter_base<int*>(int*)
607 160000 0 80000
+1 120000 120000

fn=(3708) __gnu_cxx::__normal_iterator<std::pair<float, int>*, std::vector<std::pair<float, int>, std::allocator<std::pair<float, int> > > > std::__miter_base<__gnu_cxx::__normal_iterator<std::pair<float, int>*, std::vector<std::pair<float, int>, std::allocator<std::pair<float, int> > > > >(__gnu_cxx::__normal_iterator<std::pair<float, int>*, std::vector<std::pair<float, int>, std::allocator<std::pair<float, int> > > >)
607 85736 0 42868 1 0 0 1
+1 64302 64302

fn=(2700) __gnu_cxx::__normal_iterator<int const*, std::vector<int, std::allocator<int> > > std::__miter_base<__gnu_cxx::__normal_iterator<int const*, std::vector<int, std::allocator<int> > > >(__gnu_cxx::__normal_iterator<int const*, std::vector<int, std::allocator<int> > >)
607 800 0 400
+1 600 600

fn=(3390) unsigned short* std::__miter_base<unsigned short*>(unsigned short*)
607 304 0 152
+1 228 228

fl=(276)
fn=(2550)
104 80016 10002 30006
cfn=(2552) std::__mutex_base::__mutex_base()
calls=10002 -37 
* 120024 30006 50010 0 0 2
* 30006 20004

fn=(3650) std::lock_guard<std::mutex>::lock_guard(std::mutex&)
248 943830 209740 419480 2 0 0 1
+1 419480 209740 104870
cfn=(3652) std::mutex::lock()
calls=104870 111 
* 7550717 1992544 1468191 24 144872 46 6 200
* 314610 209740

fn=(2552)
67 120024 30006 50010 0 0 2

fn=(3664) std::mutex::unlock()
129 524350 0 209740
+3 314610 104870 104870 1
cfi=(330)
cfn=(3666)
calls=104870 777 
* 5033815 1258450 943840 8 10156 0 2
+1 314610 209740 0 0 1

fn=(3652)
111 524350 0 209740 4 0 0 2
+2 314610 104870 104870
cfi=(330)
cfn=(3654)
calls=104870 747 
* 6082537 1573064 1048711 20 144868 46 4 198
* 104870 0 104870
+3 209740 104870
+2 314610 209740 0 0 4 0 0 2

fn=(3662) std::lock_guard<std::mutex>::~lock_guard()
254 524350 0 209740
+1 419480 209740 104870 1
cfn=(3664)
calls=104870 129 
* 6187385 1573060 1258450 9 10157 0 2
* 314610 209740

fl=(351)
fn=(4432) std::chrono::duration<double, std::ratio<1l, 1l> > std::chrono::__duration_cast_impl<std::chrono::duration<double, std::ratio<1l, 1l> >, std::ratio<1l, 1000000000l>, double, true, false>::__cast<long, std::ratio<1l, 1000000000l> >(std::chrono::duration<long, std::ratio<1l, 1000000000l> > const&)
208 32 4 12 1 0 0 1
+4 12 4 4
cfn=(3982) std::chrono::duration<long, std::ratio<1l, 1000000000l> >::count() const
calls=4 589 
* 32 16 8
* 16 4 0 0 1
-1 24 0 8 1 0 0 1
cfn=(4434) std::chrono::duration<double, std::ratio<1l, 1l> >::duration<double, void>(double const&)
calls=4 573 
* 48 20 16 1 0 0 1
+1 4 4
+1 20 16

fn=(3972) std::chrono::duration<long, std::ratio<1l, 1000l> > std::chrono::__duration_cast_impl<std::chrono::duration<long, std::ratio<1l, 1000l> >, std::ratio<1000l, 1l>, long, false, true>::__cast<long, std::ratio<1l, 1l> >(std::chrono::duration<long, std::ratio<1l, 1l> > const&)
221 192 24 72 2 0 0 1
+4 72 24 24
cfn=(3974) std::chrono::duration<long, std::ratio<1l, 1l> >::count() const
calls=24 589 
* 192 96 48
* 24
-1 144 0 48
cfn=(3952) std::chrono::duration<long, std::ratio<1l, 1000l> >::duration<long, void>(long const&)
calls=24 573 
* 288 120 96
+1 24 24
+1 120 96 0 1 0 0 1

fn=(4594)
756 9 1 4
+4 6 2 2 1 0 0 1
cfn=(4484)
calls=1 589 
* 8 4 2
* 13 2 2
cfn=(4434)
calls=1 573 
* 12 5 4
* 1 1
+1 5 4 0 1 0 0 1

fn=(3954) auto std::chrono::operator<=><long, std::ratio<1l, 1000l>, long, std::ratio<1l, 1000l> >(std::chrono::duration<long, std::ratio<1l, 1000l> > const&, std::chrono::duration<long, std::ratio<1l, 1000l> > const&)
836 240 24 120 1 0 0 1
+5 144 48 48
cfn=(3956) std::chrono::duration<long, std::ratio<1l, 1000l> >::count() const
calls=24 589 
* 192 96 48 1 0 0 1
* 168 48 48 1 0 0 1
cfn=(3956)
calls=24 589 
* 192 96 48
* 144
+1 144 120

fn=(3976) std::enable_if<std::chrono::__is_duration<std::chrono::duration<long, std::ratio<1l, 1000000000l> > >::value, std::chrono::duration<long, std::ratio<1l, 1000000000l> > >::type std::chrono::duration_cast<std::chrono::duration<long, std::ratio<1l, 1000000000l> >, long, std::ratio<1l, 1000l> >(std::chrono::duration<long, std::ratio<1l, 1000l> > const&)
273 120 0 48
+14 72 24 24
cfn=(3978) std::chrono::duration<long, std::ratio<1l, 1000000000l> > std::chrono::__duration_cast_impl<std::chrono::duration<long, std::ratio<1l, 1000000000l> >, std::ratio<1000000l, 1l>, long, false, true>::__cast<long, std::ratio<1l, 1000l> >(std::chrono::duration<long, std::ratio<1l, 1000l> > const&)
calls=24 -66 
* 1056 384 288 2 0 0 1
+4 48 48

fn=(4128) std::common_type<std::chrono::duration<long, std::ratio<1l, 1000000000l> >, std::chrono::duration<long, std::ratio<1l, 1000000000l> > >::type std::chrono::operator-<long, std::ratio<1l, 1000000000l>, long, std::ratio<1l, 1000000000l> >(std::chrono::duration<long, std::ratio<1l, 1000000000l> > const&, std::chrono::duration<long, std::ratio<1l, 1000000000l> > const&)
710 3040 304 1520 1 0 0 1
+6 1824 608 608
cfn=(3982)
calls=304 589 
* 2432 1216 608 1
* 2128 608 608
cfn=(3982)
calls=304 589 
* 2432 1216 608
* 2432 0 608
cfn=(3980) std::chrono::duration<long, std::ratio<1l, 1000000000l> >::duration<long, void>(long const&)
calls=304 573 
* 3648 1520 1216
* 304 304
+1 1824 1520

fn=(3966) std::common_type<std::chrono::duration<long, std::ratio<1l, 1000l> >, std::chrono::duration<long, std::ratio<1l, 1l> > >::type std::chrono::operator-<long, std::ratio<1l, 1000l>, long, std::ratio<1l, 1l> >(std::chrono::duration<long, std::ratio<1l, 1000l> > const&, std::chrono::duration<long, std::ratio<1l, 1l> > const&)
710 240 24 120
+6 144 48 48 1 0 0 1
cfn=(3956)
calls=24 589 
* 192 96 48
* 144 24 24
cfn=(3968) std::chrono::duration<long, std::ratio<1l, 1000l> >::duration<long, std::ratio<1l, 1l>, void>(std::chrono::duration<long, std::ratio<1l, 1l> > const&)
calls=24 581 
* 2064 720 600 6 0 0 4
* 72 0 24
cfn=(3956)
calls=24 589 
* 192 96 48
* 192 0 48 1
cfn=(3952)
calls=24 573 
* 288 120 96
* 24 24
+1 144 120

fn=(3968)
581 216 24 96 1 0 0 1
+1 72 24 24
cfn=(3970) std::enable_if<std::chrono::__is_duration<std::chrono::duration<long, std::ratio<1l, 1000l> > >::value, std::chrono::duration<long, std::ratio<1l, 1000l> > >::type std::chrono::duration_cast<std::chrono::duration<long, std::ratio<1l, 1000l> >, long, std::ratio<1l, 1l> >(std::chrono::duration<long, std::ratio<1l, 1l> > const&)
calls=24 273 
* 1296 456 360 4 0 0 3
* 96 0 48
cfn=(3956)
calls=24 +7 
* 192 96 48
* 192 120 24 1

fn=(3970)
273 120 0 48
+14 72 24 24 1 0 0 1
cfn=(3972)
calls=24 -66 
* 1056 384 288 3 0 0 2
+4 48 48

fn=(3978)
221 192 24 72 2 0 0 1
+4 72 24 24
cfn=(3956)
calls=24 589 
* 192 96 48
* 24
-1 144 0 48
cfn=(3980)
calls=24 573 
* 288 120 96
+1 24 24
+1 120 96

fn=(3948) std::chrono::duration<long, std::ratio<1l, 1000l> >::zero()
673 168 24 48 1 0 0 1
+1 24 0 24
cfn=(3950) std::chrono::duration_values<long>::zero()
calls=24 498 
* 144 48 24 1 0 0 1
* 144 0 48 1 0 0 1
cfn=(3952)
calls=24 573 
* 288 120 96
* 144 120

fn=(3950)
498 72 0 24 1 0 0 1
+1 72 48

fn=(3962) std::chrono::duration<long, std::ratio<1l, 1l> > std::chrono::__duration_cast_impl<std::chrono::duration<long, std::ratio<1l, 1l> >, std::ratio<1l, 1000l>, long, true, false>::__cast<long, std::ratio<1l, 1000l> >(std::chrono::duration<long, std::ratio<1l, 1000l> > const&)
208 192 24 72 2 0 0 1
+4 72 24 24
cfn=(3956)
calls=24 589 
* 192 96 48
* 216
-1 144 0 48 1 0 0 1
cfn=(3964) std::chrono::duration<long, std::ratio<1l, 1l> >::duration<long, void>(long const&)
calls=24 573 
* 288 120 96
+1 24 24
+1 120 96

fn=(4126) std::chrono::time_point<std::chrono::_V2::system_clock, std::chrono::duration<long, std::ratio<1l, 1000000000l> > >::time_since_epoch() const
949 2432 0 1216 1
+1 2432 2432

fn=(3944) std::chrono::duration<long, std::ratio<1l, 1000l> >::duration<int, void>(int const&)
573 120 0 72
+1 192 120 24

fn=(3974)
589 192 0 96
+1 192 192

fn=(4478)
673 28 4 8
+1 4 0 4 1 0 0 1
cfn=(4480) std::chrono::duration_values<double>::zero()
calls=4 498 
* 24 8 4
* 28 0 8
cfn=(4434)
calls=4 573 
* 48 20 16
* 24 20

fn=(4480)
498 12 0 4
+1 12 8

fn=(4482)
836 36 4 16 5 0 0 1
+5 24 8 8
cfn=(4484)
calls=4 589 
* 32 16 8
* 28 8 12 1 0 0 1
cfn=(4484)
calls=4 589 
* 32 16 8
* 48 12
+1 20 16

fn=(4434)
573 45 0 27 1 0 0 1
+1 63 45 9

fn=(3952)
573 360 0 216
+1 504 360 72

fn=(3960) std::enable_if<std::chrono::__is_duration<std::chrono::duration<long, std::ratio<1l, 1l> > >::value, std::chrono::duration<long, std::ratio<1l, 1l> > >::type std::chrono::duration_cast<std::chrono::duration<long, std::ratio<1l, 1l> >, long, std::ratio<1l, 1000l> >(std::chrono::duration<long, std::ratio<1l, 1000l> > const&)
273 120 0 48
+14 72 24 24 1 0 0 1
cfn=(3962)
calls=24 -79 
* 1248 384 288 3 0 0 2
+4 48 48

fn=(3982)
589 3744 0 1872 1
+1 3744 3744

fn=(4130) std::enable_if<std::chrono::__is_duration<std::chrono::duration<long, std::ratio<1l, 1000000000l> > >::value, std::chrono::duration<long, std::ratio<1l, 1000000000l> > >::type std::chrono::duration_cast<std::chrono::duration<long, std::ratio<1l, 1000000000l> >, long, std::ratio<1l, 1000000000l> >(std::chrono::duration<long, std::ratio<1l, 1000000000l> > const&)
273 1200 0 600 2 0 0 1
+4 600 600
+14 600 600

fn=(4430)
273 20 0 8 1 0 0 1
+14 12 4 4
cfn=(4432)
calls=4 -79 
* 188 68 48 3 1 0 3
+4 8 8

fn=(3956)
589 672 0 336 1 0 0 1
+1 672 672

fn=(3964)
573 120 0 72
+1 168 120 24

fn=(3980)
573 1640 0 984
+1 2296 1640 328

fn=(4124)
1141 2736 304 1216 1 0 0 1
+2 912 304 304
cfn=(4126)
calls=304 949 
* 2432 1216 608 1
* 1216 304 608
cfn=(4126)
calls=304 949 
* 2432 1216 608
* 1824 0 608
cfn=(4128)
calls=304 710 
* 20064 7296 5776 2 0 0 1
* 1520 1216

fn=(4484)
589 52 0 26
+1 52 52

fl=(239)
fn=(1516) std::__cxx11::basic_string<char, std::char_traits<char>, std::allocator<char> >::_M_length(unsigned long)
217 1145 0 687 4 0 0 2
+1 1374 916 229

fn=(1664)
1071 904 0 452 1
+1 904 904 0 3 0 0 1

fn=(1682) std::__cxx11::basic_string<char, std::char_traits<char>, std::allocator<char> >::length() const
1078 872 0 436
+1 872 872

fn=(1712)
803 625 0 250 4 0 0 2
+1 375 125 125
cfn=(1700) std::__cxx11::basic_string<char, std::char_traits<char>, std::allocator<char> >::_M_dispose()
calls=125 280 
* 31068 9783 7257 43 26 0 18 1
* 375 125 125
cfn=(1714) std::__cxx11::basic_string<char, std::char_traits<char>, std::allocator<char> >::_Alloc_hider::~_Alloc_hider()
calls=125 181 
* 1250 375 375 2 0 0 1
* 375 250

fn=(1724) std::__cxx11::basic_string<char, std::char_traits<char>, std::allocator<char> >::_M_destroy(unsigned long)
288 872 0 545 5 0 0 2
+1 545 218 109
cfn=(1518) std::__cxx11::basic_string<char, std::char_traits<char>, std::allocator<char> >::_M_data() const
calls=109 -67 
* 872 436 218
* 436 109 109
cfn=(1686) std::__cxx11::basic_string<char, std::char_traits<char>, std::allocator<char> >::_M_get_allocator()
calls=109 +47 
* 763 327 218
* 981 327 654 2 0 0 1
fi=(241)
-84 109 0 109
cfi=(244)
cfn=(1522)
calls=109 541 
* 654 218 109
* 218
+5 654 327 109
cfi=(252)
cfn=(1728) std::__new_allocator<char>::deallocate(char*, unsigned long)
calls=109 -54 
* 13358 4026 2343 26 26 0 15 1
fi=(253)
517 109
fe=(239)
289 654 436

fn=(1498) std::__cxx11::basic_string<char, std::char_traits<char>, std::allocator<char> >::_M_local_data()
227 615 0 246 2 0 0 1
+3 492 123 123
cfi=(238)
cfn=(1500) std::__ptr_traits_ptr_to<char*, char, false>::pointer_to(char&)
calls=123 -89 
* 3321 1107 984 2 0 0 1
+4 246 246

fn=(1518)
222 3176 0 1588 2 0 0 1
+1 3176 3176

fn=(1662) std::__cxx11::basic_string<char, std::char_traits<char>, std::allocator<char> >::_M_get_allocator() const
341 880 0 440 2 0 0 1
+1 660 660

fn=(1688) std::__cxx11::basic_string<char, std::char_traits<char>, std::allocator<char> >::_S_allocate(std::allocator<char>&, unsigned long)
124 3553 1045 1672 2 0 0 1
fi=(241)
+67 209 0 209 2 0 1 1
cfi=(244)
cfn=(1522)
calls=209 541 
* 1254 418 209
* 418
+7 1254 418 209
cfi=(252)
cfn=(1692) std::__new_allocator<char>::allocate(unsigned long, void const*)
calls=209 -72 
* 18827 4676 3377 11 3 4 7 0 3
* 209
fi=(253)
482 209
fe=(239)
126 209 0 209
+10 209 209
+1 1045 836

fn=(1758) std::__cxx11::basic_string<char, std::char_traits<char>, std::allocator<char> >::__sv_wrapper::__sv_wrapper(std::basic_string_view<char, std::char_traits<char> >)
163 54 15 18 1 0 0 1

fn=(4586)
944 36 4 16 2 0 0 2
+1 12 4 4
cfn=(1664)
calls=4 1071 
* 32 16 8
* 16 4 4
cfn=(4588) std::__cxx11::basic_string<char, std::char_traits<char>, std::allocator<char> >::data() const
calls=4 2608 
* 72 28 20 2 0 0 2
* 24 0 4
cfi=(234)
cfn=(1452) std::basic_string_view<char, std::char_traits<char> >::basic_string_view(char const*, unsigned long)
calls=4 146 
* 60 24 24 1
* 32 28 0 1 0 0 1

fn=(1686)
336 1296 0 648 1 0 0 1
+1 972 972

fn=(1714)
181 750 125 375 2 0 0 1
fi=(241)
+3 125
fe=(239)
-3 375 250

fn=(4588)
2608 20 0 8 2 0 0 2
+1 12 4 4
cfn=(1518)
calls=4 222 
* 32 16 8
* 8 8

fn=(1658) std::__cxx11::basic_string<char, std::char_traits<char>, std::allocator<char> >::_M_check_length(unsigned long, unsigned long, char const*) const
397 54 0 36
+2 18 6 6
cfn=(1660) std::__cxx11::basic_string<char, std::char_traits<char>, std::allocator<char> >::max_size() const
calls=6 1084 
* 126 36 36 4 0 0 2
* 24 6 6 2 0 0 1
cfn=(1664)
calls=6 1071 
* 48 24 12 1 0 0 1
* 42 12
+2 24 18

fn=(1660)
1084 1100 0 440 2 0 1 1
+1 660 220 220
cfn=(1662)
calls=220 341 
* 1540 660 440 2 0 0 1
* 220 0 220
fi=(253)
576 220
fe=(239)
1085 880 440

fn=(1700)
280 1155 0 462 3 0 0 1
+2 693 231 231
cfn=(1670) std::__cxx11::basic_string<char, std::char_traits<char>, std::allocator<char> >::_M_is_local() const
calls=231 -20 
* 15965 5095 4158 8
* 693
+1 654 327 109
cfn=(1724)
calls=109 +5 
* 20225 6424 4523 33 26 0 18 1
+1 693 462

fn=(1754)
795 33 3 18 2 0 0 2
+1 18 9 3
cfn=(1756) std::__cxx11::basic_string<char, std::char_traits<char>, std::allocator<char> >::_S_to_string_view(std::basic_string_view<char, std::char_traits<char> >)
calls=3 153 
* 36 12 9 2 0 0 2
* 18 0 3 1 0 0 1
cfn=(1758)
calls=3 163 
* 54 15 18 1 0 0 1
* 18 12 3
cfn=(1760) std::__cxx11::basic_string<char, std::char_traits<char>, std::allocator<char> >::basic_string(std::__cxx11::basic_string<char, std::char_traits<char>, std::allocator<char> >::__sv_wrapper, std::allocator<char> const&)
calls=3 176 
* 1824 582 480 12 6 3 11 1
* 21 15

fn=(1496)
522 972 108 432 2 0 0 1
+2 324 108 108
fi=(252)
88 108
fi=(241)
+75 108
fe=(239)
524 324 108 108 2 0 0 1
cfn=(1498)
calls=108 227 
* 4104 1296 1188 4 0 0 2
* 648 0 108
cfn=(1506) std::__cxx11::basic_string<char, std::char_traits<char>, std::allocator<char> >::_Alloc_hider::_Alloc_hider(char*, std::allocator<char>&&)
calls=108 192 
* 3456 1188 1296 5 0 0 2
fi=(241)
184 324 108 108
fe=(239)
351 108 0 108
cfi=(242)
cfn=(1512)
calls=108 3650 
* 648 216 108 1 0 0 1
* 216
+4 108 0 0 2 0 0 1
527 432 108 108
cfn=(1514) std::__cxx11::basic_string<char, std::char_traits<char>, std::allocator<char> >::_M_set_length(unsigned long)
calls=108 254 
* 7668 2592 2160 12 0 0 6
+1 756 540

fn=(1668) std::__cxx11::basic_string<char, std::char_traits<char>, std::allocator<char> >::capacity() const
1169 1060 0 424 4 0 0 2
+2 636 212 212
cfn=(1670)
calls=212 262 
* 15052 4876 3816 6 0 0 6
* 636
+1 212
+1 424 424

fn=(1764) std::__cxx11::basic_string<char, std::char_traits<char>, std::allocator<char> >::_Alloc_hider::_Alloc_hider(char*, std::allocator<char> const&)
188 42 12 24
fi=(252)
-96 3
fi=(241)
+76 3
fe=(239)
+21 18 12 3

fn=(1506)
192 798 0 456 2 0 0 1
+1 342 114 114
cfi=(240)
cfn=(1508) std::remove_reference<std::allocator<char>&>::type&& std::move<std::allocator<char>&>(std::allocator<char>&)
calls=114 -96 
* 798 342 228 3 0 0 1
* 798 342 456
fi=(252)
92 114
fi=(241)
+76 114
fe=(239)
+25 684 456 114

fn=(1514)
254 2007 223 892 2 0 0 1
+2 1115 446 223
cfn=(1516)
calls=223 -39 
* 2453 892 892 4 0 0 2
+1 892 223 446 2 0 0 1
cfn=(1518)
calls=223 -35 
* 1784 892 446 2 0 0 1
* 1338 223 223
cfi=(243)
cfn=(1520) std::char_traits<char>::assign(char&, char const&)
calls=223 +94 
* 4906 1561 1338 2 0 0 1
+1 1338 892

fn=(1656) std::__cxx11::basic_string<char, std::char_traits<char>, std::allocator<char> >::append(char const*, unsigned long)
1455 42 0 24 2 0 0 1
+3 36 12 6
cfn=(1658)
calls=6 397 
* 336 102 96 7 0 0 4
+1 36 18 6
cfi=(251) /usr/include/c++/13/bits/basic_string.tcc
cfn=(1666) std::__cxx11::basic_string<char, std::char_traits<char>, std::allocator<char> >::_M_append(char const*, unsigned long)
calls=6 413 
* 4803 1545 1167 53 0 1 33 0 1
+1 12 12 0 1

fn=(1670)
262 2694 0 1347 2 0 0 1
+2 1347 449 449
cfn=(1518)
calls=449 -42 
* 3592 1796 898
* 1796 449 449
cfn=(1672) std::__cxx11::basic_string<char, std::char_traits<char>, std::allocator<char> >::_M_local_data() const
calls=449 -26 
* 17062 5388 4939 10 0 0 4
* 1796 0 0 2 0 0 1
+2 1002 668
+2 668
+2 115
+1 1347 1347

fn=(1708) std::__cxx11::basic_string<char, std::char_traits<char>, std::allocator<char> >::basic_string(std::__cxx11::basic_string<char, std::char_traits<char>, std::allocator<char> >&&)
677 48 0 30 2 0 0 1
+1 24 12 6 2 0 0 1
cfn=(1686)
calls=6 336 
* 42 18 12
* 12 0 6
cfi=(240)
cfn=(1508)
calls=6 97 
* 42 18 12
* 24 6 6
cfn=(1498)
calls=6 227 
* 228 72 66
* 24 0 6
cfn=(1506)
calls=6 192 
* 192 66 72
+2 18 6 6
cfn=(1670)
calls=6 262 
* 402 126 108
* 12 0 0 2 0 0 1
+8 18 6 6 2 0 0 1
cfn=(1518)
calls=6 222 
* 48 24 12
* 30 6 6 2 0 0 1
cfn=(1702) std::__cxx11::basic_string<char, std::char_traits<char>, std::allocator<char> >::_M_data(char*)
calls=6 212 
* 66 24 24
+1 36 18 6
cfn=(1704) std::__cxx11::basic_string<char, std::char_traits<char>, std::allocator<char> >::_M_capacity(unsigned long)
calls=6 249 
* 66 24 24 0 0 1
+6 18 6 6
cfn=(1682)
calls=6 1078 
* 48 24 12
* 30 6 6
cfn=(1516)
calls=6 217 
* 66 24 24
* 24 12 12 2 0 0 1
351 6 0 6
cfi=(242)
cfn=(1512)
calls=6 3650 
* 36 12 6
* 12
+4 6
+10 18 6 6 2 0 0 1
cfn=(1498)
calls=6 227 
* 228 72 66
* 12
696 24 6 6
cfn=(1702)
calls=6 212 
* 66 24 24
+1 24 6 6
cfn=(1514)
calls=6 254 
* 426 144 120
+1 36 24

fn=(1756)
153 24 0 9 2 0 0 2
+1 12 12

fn=(1762) std::__cxx11::basic_string<char, std::char_traits<char>, std::allocator<char> >::basic_string(char const*, unsigned long, std::allocator<char> const&)
619 27 0 18 1 0 0 1
+2 12 6 3
cfn=(1498)
calls=3 227 
* 114 36 33
* 18 3 3 1 0 0 1
cfn=(1764)
calls=3 188 
* 66 24 27
+3 6 3
+3 24 12 3
cfi=(251)
cfn=(1766) void std::__cxx11::basic_string<char, std::char_traits<char>, std::allocator<char> >::_M_construct<char const*>(char const*, char const*, std::forward_iterator_tag)
calls=3 221 
* 1407 450 354 8 6 3 7 1
+1 12 9 0 1 0 0 1

fn=(1770) std::__cxx11::basic_string<char, std::char_traits<char>, std::allocator<char> >::_S_copy_chars(char*, char const*, char const*)
482 21 0 12
+2 24 12 3 1 0 0 1
cfn=(1698) std::__cxx11::basic_string<char, std::char_traits<char>, std::allocator<char> >::_S_copy(char*, char const*, unsigned long)
calls=3 -59 
* 180 54 42 0 4 0 0 1
* 9 6

fn=(1672)
238 2245 0 898 2 0 0 1
+3 1796 449 449
cfi=(238)
cfn=(1674) std::__ptr_traits_ptr_to<char const*, char const, false>::pointer_to(char const&)
calls=449 141 
* 12123 4041 3592 8 0 0 3
+4 898 898

fn=(1698)
425 763 0 436
+2 218 109
+3 654 327 109 2 0 0 1
cfi=(243)
cfn=(1602) std::char_traits<char>::copy(char*, char const*, unsigned long)
calls=109 -3 
* 4678 1308 981 0 4 0 0 1
+1 327 218

fn=(1704)
249 575 0 345
+1 690 460 115 0 0 1

fn=(1760)
176 36 0 18
+1 9 0 3
cfi=(234)
cfn=(1450)
calls=3 +52 
* 24 12 6
* 12 0 3 1 0 0 1
cfi=(234)
cfn=(1448) std::basic_string_view<char, std::char_traits<char> >::data() const
calls=3 289 
* 24 12 6
* 21 6 3
cfn=(1762)
calls=3 619 
* 1686 543 441 11 6 3 10 1
* 12 9

fn=(1702)
212 605 0 363
+1 726 484 121

fl=(326)
fn=(3500) void std::__push_heap<__gnu_cxx::__normal_iterator<std::pair<float, int>*, std::vector<std::pair<float, int>, std::allocator<std::pair<float, int> > > >, long, std::pair<float, int>, __gnu_cxx::__ops::_Iter_comp_val<std::less<std::pair<float, int> > > >(__gnu_cxx::__normal_iterator<std::pair<float, int>*, std::vector<std::pair<float, int>, std::allocator<std::pair<float, int> > > >, long, long, std::pair<float, int>, __gnu_cxx::__ops::_Iter_comp_val<std::less<std::pair<float, int> > >&)
135 187833698 14448746 115589968 1 19 24 1 3 4
+4 101141222 14448746 14448746
+1 14448746
+2 68074500 13614900 13614900 0 19 2 0 4
cfi=(236)
cfn=(3502) __gnu_cxx::__normal_iterator<std::pair<float, int>*, std::vector<std::pair<float, int>, std::allocator<std::pair<float, int> > > >::operator+(long) const
calls=13614900 1147 
* 517366200 190608600 136149000 0 20 8 0 4
* 54459600 0 27229800 2 0 6 1 0 1
cfi=(236)
cfn=(3496)
calls=13614900 1099 
* 108919200 54459600 27229800 0 2 2
* 27229800 0 13614900 0 0 2
cfi=(240)
cfn=(3440)
calls=13614900 -45 
* 95304300 40844700 27229800 0 0 2
* 81689400 13614900 13614900 0 5
cfi=(236)
cfn=(3502)
calls=13614900 1147 
* 517366200 190608600 136149000 0 14 15 0 4 1
* 54459600 0 27229800 0 0 5
cfi=(236)
cfn=(3496)
calls=13614900 1099 
* 108919200 54459600 27229800 0 2 2
* 40844700 0 13614900 0 0 1
cfi=(325)
cfn=(3504) std::pair<float, int>::operator=(std::pair<float, int>&&)
calls=13614900 427 
* 490136400 204223500 149763900 0 36 55 0 11 13
+1 27229800 13614900 13614900 0 4 1 0 1
+1 95304300 13614900 13614900
-4 223885058 84066116 27938824 2 0 1 1
cfi=(236)
cfn=(3502)
calls=27938824 1147 
* 1061675312 391143536 279388240 0 20 72 0 9 7
* 167632944 27938824 27938824 0 5
cfi=(328)
cfn=(3686)
calls=27938824 +55 
* 3326910578 1118990652 838182000 5 344470 674 5 828 88
* 153683486 0 0 1 0 0 1
+6 43346238 0 14448746 0 0 1
cfi=(240)
cfn=(3440)
calls=14448746 -49 
* 101141222 43346238 28897492 0 0 1 0 0 1
* 86692476 14448746 14448746 1 8 0 1 1
cfi=(236)
cfn=(3502)
calls=14448746 1147 
* 549052348 202282444 144487460 2 11 8 2 0 1
* 57794984 0 28897492 0 0 10 0 0 1
cfi=(236)
cfn=(3496)
calls=14448746 1099 
* 115589968 57794984 28897492 0 1 2 0 1 1
* 43346238 0 14448746 0 0 2
cfi=(325)
cfn=(3504)
calls=14448746 427 
* 520154856 216731190 158936206 5 3 40 5 0 8
+1 101141222 72243730 0 1 74 0 1 8

fn=(3498)
198 72295140 7229514 36147570 0 3 3
+17 28918056 0 7229514
cfi=(236)
cfn=(3494)
calls=7229514 1157 
* 281951046 101213196 72295140 0 4 26 0 1 1
* 28918056 0 14459028 4 0 0 1
cfi=(236)
cfn=(3496)
calls=7229514 1099 
* 57836112 28918056 14459028
* 14459028 0 7229514
cfi=(240)
cfn=(3440)
calls=7229514 97 
* 50606598 21688542 14459028
* 14459028 7229514 7229514 0 28 2 0 5
+2 21688542 0 7229514
cfi=(240)
cfn=(3440)
calls=7229514 97 
* 50606598 21688542 14459028 0 0 2 0 0 2
* 7229514
-1 36147570 0 7229514
cfi=(236)
cfn=(3466)
calls=7229514 1334 
* 260262504 93983682 72295140 0 6 6 0 1 1
* 65065626 14459028 7229514 4 7 0 1 2
cfn=(3500)
calls=7229514 -81 
* 5659961992 1886616058 1471853903 20 344507 306 18 821 39
+2 50606598 36147570 0 0 40 0 0 4

fn=(3734) void std::__adjust_heap<__gnu_cxx::__normal_iterator<std::pair<float, int>*, std::vector<std::pair<float, int>, std::allocator<std::pair<float, int> > > >, long, std::pair<float, int>, __gnu_cxx::__ops::_Iter_comp_iter<std::greater<void> > >(__gnu_cxx::__normal_iterator<std::pair<float, int>*, std::vector<std::pair<float, int>, std::allocator<std::pair<float, int> > > >, long, long, std::pair<float, int>, __gnu_cxx::__ops::_Iter_comp_iter<std::greater<void> >)
224 58494720 4874560 34121920 0 12 57 0 2 6
+3 9749120 4874560 4874560 2 0 0 1
+1 9749120 4874560 4874560
+1 4874560
+2 147040868 36760217 36760217 0 6 0 0 2
+1 220561302 36760217 36760217 0 0 6 0 0 2
cfi=(236)
cfn=(3502)
calls=36760217 1147 
* 1396888246 514643038 367602170 0 55 85 0 22 12
* 220561302 36760217 36760217 1 14 7 1 4 2
cfi=(236)
cfn=(3502)
calls=36760217 1147 
* 1396888246 514643038 367602170 0 29 27 0 7 5
* 220561302 0 36760217 0 0 3
cfi=(328)
cfn=(3738)
calls=36760217 -75 
* 7098221680 2391305119 1948628761 3 3671938 676 3 6525 84
* 73520434
+2 18757248 0 18757248 0 0 43 0 0 2
+1 93786240 18757248 18757248 0 0 2
cfi=(236)
cfn=(3502)
calls=18757248 1147 
* 712775424 262601472 187572480 0 13 7 0 2
* 90014845 18002969 18002969 0 42 1 0 2
cfi=(236)
cfn=(3502)
calls=18002969 1147 
* 684112822 252041566 180029690 0 13 6 0 1
* 147040868 0 73520434 4 0 16 1
cfi=(236)
cfn=(3496)
calls=36760217 1099 
* 294081736 147040868 73520434 0 4 4
* 73520434 0 36760217 0 0 7 0 0 2
cfi=(240)
cfn=(3440)
calls=36760217 97 
* 257321519 110280651 73520434 0 0 3
* 220561302 36760217 36760217 0 16 6 0 2
cfi=(236)
cfn=(3502)
calls=36760217 1147 
* 1396888246 514643038 367602170 0 34 41 0 7 2
* 147040868 0 73520434 0 0 3
cfi=(236)
cfn=(3496)
calls=36760217 1099 
* 294081736 147040868 73520434 0 3 3 0 1 1
* 110280651 0 36760217 0 0 7 0 0 3
cfi=(325)
cfn=(3504)
calls=36760217 427 
* 1323367812 551403255 404362387 0 135 186 0 33 50
+1 73520434 36760217 36760217 0 38 0 0 7
-7 333078216 83269554 0 4 5 0 1
+9 38996200 9749050 0 1 0 0 1
+2 170052 42513 42513
+1 255078 42513 42513
cfi=(236)
cfn=(3502)
calls=42513 1147 
* 1615494 595182 425130
* 170052 0 85026 1 0 0 1
cfi=(236)
cfn=(3496)
calls=42513 1099 
* 340104 170052 85026
* 85026 0 42513
cfi=(240)
cfn=(3440)
calls=42513 97 
* 297591 127539 85026
* 255078 42513 42513
cfi=(236)
cfn=(3502)
calls=42513 1147 
* 1615494 595182 425130
* 170052 0 85026
cfi=(236)
cfn=(3496)
calls=42513 1099 
* 340104 170052 85026
* 127539 0 42513
cfi=(325)
cfn=(3504)
calls=42513 427 
* 1530468 637695 467643 0 1731 0 0 14
+2 127539 42513 42513
+5 127539 0 42513
cfi=(240)
cfn=(3440)
calls=42513 97 
* 297591 127539 85026
* 14496141 0 4832047 1 0 0 1
cfi=(240)
cfn=(3440)
calls=4832047 97 
* 33824329 14496141 9664094
-1 38996480 19498240 4874560 0 2
cfn=(3514) void std::__push_heap<__gnu_cxx::__normal_iterator<std::pair<float, int>*, std::vector<std::pair<float, int>, std::allocator<std::pair<float, int> > > >, long, std::pair<float, int>, __gnu_cxx::__ops::_Iter_comp_val<std::greater<void> > >(__gnu_cxx::__normal_iterator<std::pair<float, int>*, std::vector<std::pair<float, int>, std::allocator<std::pair<float, int> > > >, long, long, std::pair<float, int>, __gnu_cxx::__ops::_Iter_comp_val<std::greater<void> >&)
calls=4874560 135 
* 2295256947 761889758 621146361 0 134 1218 0 23 149
+2 34121920 24372800 0 3 245 0 1 32

fn=(3552)
317 43970778 4885642 19542568 3 1 0 1
+11 24428210 0 4885642 0 0 1
cfi=(236)
cfn=(3466)
calls=4885642 1334 
* 175883112 63513346 48856420 0 6 19 0 0 2
* 19542568
+4 14623680 0 4874560
cfi=(236)
cfn=(3698) __gnu_cxx::__normal_iterator<std::pair<float, int>*, std::vector<std::pair<float, int>, std::allocator<std::pair<float, int> > > >::operator--()
calls=4874560 1123 
* 58494720 29247360 14623680
+1 29247360 14623680 4874560 0 1 1
cfn=(3732) void std::__pop_heap<__gnu_cxx::__normal_iterator<std::pair<float, int>*, std::vector<std::pair<float, int>, std::allocator<std::pair<float, int> > > >, __gnu_cxx::__ops::_Iter_comp_iter<std::greater<void> > >(__gnu_cxx::__normal_iterator<std::pair<float, int>*, std::vector<std::pair<float, int>, std::allocator<std::pair<float, int> > > >, __gnu_cxx::__normal_iterator<std::pair<float, int>*, std::vector<std::pair<float, int>, std::allocator<std::pair<float, int> > > >, __gnu_cxx::__normal_iterator<std::pair<float, int>*, std::vector<std::pair<float, int>, std::allocator<std::pair<float, int> > > >, __gnu_cxx::__ops::_Iter_comp_iter<std::greater<void> >&)
calls=4874560 -79 
* 20428982439 6839421211 5470842951 23 3837381 2475 13 6996 326
+2 29313852 19542568 0 0 236 0 0 24

fn=(3732)
254 58494720 4874560 34121920 1 4 1 1 1
+8 14623680 0 4874560
cfi=(236)
cfn=(3496)
calls=4874560 1099 
* 38996480 19498240 9749120
* 9749120 0 4874560 0 0 1
cfi=(240)
cfn=(3440)
calls=4874560 97 
* 34121920 14623680 9749120
* 9749120 4874560 4874560 0 162647 1 0 258
+1 14623680 0 4874560
cfi=(236)
cfn=(3496)
calls=4874560 1099 
* 38996480 19498240 9749120 0 0 1
* 9749120 0 4874560 2 0 0 1
cfi=(240)
cfn=(3440)
calls=4874560 97 
* 34121920 14623680 9749120 0 0 2
* 19498240 0 4874560
cfi=(236)
cfn=(3496)
calls=4874560 1099 
* 38996480 19498240 9749120
* 14623680 0 4874560 0 0 1
cfi=(325)
cfn=(3504)
calls=4874560 427 
* 175484160 73118400 53620160 0 24 53 0 5 6
+3 14623680 0 4874560
cfi=(240)
cfn=(3440)
calls=4874560 97 
* 34121920 14623680 9749120
* 4874560
-1 24372800 0 4874560
cfi=(236)
cfn=(3466)
calls=4874560 1334 
* 175484160 63369280 48745600 0 2 1 0 2
* 4874560
-1 34121920 9749120 4874560 0 15 0 0 4
cfn=(3734)
calls=4874560 -40 
* 19590558119 6556696731 5227114951 20 3674469 2414 11 6686 320
+3 34121920 24372800 0 0 220 0 0 40

fn=(3702) void std::__adjust_heap<__gnu_cxx::__normal_iterator<std::pair<float, int>*, std::vector<std::pair<float, int>, std::allocator<std::pair<float, int> > > >, long, std::pair<float, int>, __gnu_cxx::__ops::_Iter_comp_iter<std::less<std::pair<float, int> > > >(__gnu_cxx::__normal_iterator<std::pair<float, int>*, std::vector<std::pair<float, int>, std::allocator<std::pair<float, int> > > >, long, long, std::pair<float, int>, __gnu_cxx::__ops::_Iter_comp_iter<std::less<std::pair<float, int> > >)
224 86630784 7219232 50534624 1 16 14 1 3 2
+3 14438464 7219232 7219232
+1 14438464 7219232 7219232
+1 7219232
+2 199646748 49911687 49911687 0 3 0 0 1
+1 299470122 49911687 49911687 0 0 48 0 0 9
cfi=(236)
cfn=(3502)
calls=49911687 1147 
* 1896644106 698763618 499116870 0 93 100 0 17 15
* 299470122 49911687 49911687 1 21 5 1 2
cfi=(236)
cfn=(3502)
calls=49911687 1147 
* 1896644106 698763618 499116870 0 45 33 0 7 5
* 299470122 0 49911687 0 0 7 0 0 2
cfi=(328)
cfn=(3736)
calls=49911687 -75 
* 6600695759 2203748303 1697455983 1 2584725 554 1 8954 78
* 99823374
+2 23176999 0 23176999 0 0 34 0 0 5
+1 115884995 23176999 23176999 1 0 4 1
cfi=(236)
cfn=(3502)
calls=23176999 1147 
* 880725962 324477986 231769990 0 42 9 0 5 2
* 133673440 26734688 26734688 0 48 1 0 11
cfi=(236)
cfn=(3502)
calls=26734688 1147 
* 1015918144 374285632 267346880 0 41 4 0 6 1
* 199646748 0 99823374 0 0 15 0 0 1
cfi=(236)
cfn=(3496)
calls=49911687 1099 
* 399293496 199646748 99823374 0 7 7 0 1 1
* 99823374 0 49911687 0 0 4 0 0 1
cfi=(240)
cfn=(3440)
calls=49911687 97 
* 349381809 149735061 99823374 0 0 9
* 299470122 49911687 49911687 0 33 6 0 3 1
cfi=(236)
cfn=(3502)
calls=49911687 1147 
* 1896644106 698763618 499116870 0 44 37 0 6 3
* 199646748 0 99823374 0 0 17 0 0 1
cfi=(236)
cfn=(3496)
calls=49911687 1099 
* 399293496 199646748 99823374 0 11 11
* 149735061 0 49911687 0 0 9 0 0 1
cfi=(325)
cfn=(3504)
calls=49911687 427 
* 1796820732 748675305 549028557 0 155 191 0 33 39
+1 99823374 49911687 49911687 0 75 34 0 6 3
-7 457047352 114261838 0 1 2 0 1
+9 67091376 16772844 0 1 0 0 1
+2 1847848 461962 461962
+1 2771772 461962 461962 1 0 0 1
cfi=(236)
cfn=(3502)
calls=461962 1147 
* 17554556 6467468 4619620 0 1 0 0 1
* 1847848 0 923924
cfi=(236)
cfn=(3496)
calls=461962 1099 
* 3695696 1847848 923924
* 923924 0 461962
cfi=(240)
cfn=(3440)
calls=461962 97 
* 3233734 1385886 923924
* 2771772 461962 461962
cfi=(236)
cfn=(3502)
calls=461962 1147 
* 17554556 6467468 4619620
* 1847848 0 923924 0 0 2
cfi=(236)
cfn=(3496)
calls=461962 1099 
* 3695696 1847848 923924
* 1385886 0 461962
cfi=(325)
cfn=(3504)
calls=461962 427 
* 16630632 6929430 5081582 0 48168 1 0 93
+2 1385886 461962 461962 0 1
+5 1385886 0 461962
cfi=(240)
cfn=(3440)
calls=461962 97 
* 3233734 1385886 923924
* 20271810 0 6757270 1 0 0 1
cfi=(240)
cfn=(3440)
calls=6757270 97 
* 47300890 20271810 13514540 0 0 3
-1 57753856 28876928 7219232 1 8 1 1
cfn=(3500)
calls=7219232 135 
* 3482811804 1160932094 904995379 0 206 630 0 53 87
+2 50534624 36096160 0 0 127 0 0 26

fn=(3512)
198 72295140 7229514 36147570 2 1 3 1 0 1
+17 28918056 0 7229514
cfi=(236)
cfn=(3494)
calls=7229514 1157 
* 281951046 101213196 72295140 0 5 18 0 2 4
* 28918056 0 14459028 0 0 2
cfi=(236)
cfn=(3496)
calls=7229514 1099 
* 57836112 28918056 14459028 0 0 6 0 0 2
* 14459028 0 7229514 1 0 0 1
cfi=(240)
cfn=(3440)
calls=7229514 97 
* 50606598 21688542 14459028 0 0 4
* 14459028 7229514 7229514 0 29 9 0 6 1
+2 21688542 0 7229514 0 0 1 0 0 1
cfi=(240)
cfn=(3440)
calls=7229514 97 
* 50606598 21688542 14459028 0 0 1 0 0 1
* 7229514
-1 36147570 0 7229514
cfi=(236)
cfn=(3466)
calls=7229514 1334 
* 260262504 93983682 72295140 0 4
* 65065626 14459028 7229514 1 2 0 1
cfn=(3514)
calls=7229514 -81 
* 5372997575 1799470374 1441008459 12 204717 318 10 842 45
+2 50606598 36147570 0 0 48 0 0 3

fn=(3514)
135 157352962 12104074 96832592 0 17 29 0 6 4
+4 84728518 12104074 12104074 1 0 0 1
+1 12104074
+2 39865190 7973038 7973038 0 20 3 0 3
cfi=(236)
cfn=(3502)
calls=7973038 1147 
* 302975444 111622532 79730380 0 5 5 0 3 1
* 31892152 0 15946076
cfi=(236)
cfn=(3496)
calls=7973038 1099 
* 63784304 31892152 15946076
* 15946076 0 7973038 0 0 2
cfi=(240)
cfn=(3440)
calls=7973038 -45 
* 55811266 23919114 15946076 0 0 1
* 47838228 7973038 7973038 1 5 2 1
cfi=(236)
cfn=(3502)
calls=7973038 1147 
* 302975444 111622532 79730380 0 5 5
* 31892152 0 15946076
cfi=(236)
cfn=(3496)
calls=7973038 1099 
* 63784304 31892152 15946076
* 23919114 0 7973038 0 0 1
cfi=(325)
cfn=(3504)
calls=7973038 427 
* 287029368 119595570 87703418 0 18 28 0 3 5
+1 15946076 7973038 7973038 0 2
+1 55811266 7973038 7973038
-4 159850676 60078092 19923868 1 0 0 1
cfi=(236)
cfn=(3502)
calls=19923868 1147 
* 757106984 278934152 199238680 0 3 45 0 0 3
* 119543208 19923868 19923868 0 4 0 0 1
cfi=(328)
cfn=(3722)
calls=19923868 +55 
* 3574389318 1207408560 976276732 7 204650 1336 5 831 164
* 108052110 0 0 1 0 0 1
+6 36312222 0 12104074 0 0 1
cfi=(240)
cfn=(3440)
calls=12104074 -49 
* 84728518 36312222 24208148 0 0 3 0 0 1
* 72624444 12104074 12104074 0 20 1 0 1
cfi=(236)
cfn=(3502)
calls=12104074 1147 
* 459954812 169457036 121040740 0 7 8 0 1 1
* 48416296 0 24208148 1 0 7 1 0 2
cfi=(236)
cfn=(3496)
calls=12104074 1099 
* 96832592 48416296 24208148 0 1 1
* 36312222 0 12104074 0 0 2
cfi=(325)
cfn=(3504)
calls=12104074 427 
* 435746664 181561110 133144814 0 8 56 0 1 13
+1 84728518 60520370 0 0 86 0 0 15

fn=(3700) void std::__pop_heap<__gnu_cxx::__normal_iterator<std::pair<float, int>*, std::vector<std::pair<float, int>, std::allocator<std::pair<float, int> > > >, __gnu_cxx::__ops::_Iter_comp_iter<std::less<std::pair<float, int> > > >(__gnu_cxx::__normal_iterator<std::pair<float, int>*, std::vector<std::pair<float, int>, std::allocator<std::pair<float, int> > > >, __gnu_cxx::__normal_iterator<std::pair<float, int>*, std::vector<std::pair<float, int>, std::allocator<std::pair<float, int> > > >, __gnu_cxx::__normal_iterator<std::pair<float, int>*, std::vector<std::pair<float, int>, std::allocator<std::pair<float, int> > > >, __gnu_cxx::__ops::_Iter_comp_iter<std::less<std::pair<float, int> > >&)
254 86630784 7219232 50534624 2 7 3 1 0 1
+8 21657696 0 7219232 0 0 29 0 0 3
cfi=(236)
cfn=(3496)
calls=7219232 1099 
* 57753856 28876928 14438464
* 14438464 0 7219232
cfi=(240)
cfn=(3440)
calls=7219232 97 
* 50534624 21657696 14438464
* 14438464 7219232 7219232 0 32069 0 0 223
+1 21657696 0 7219232 1 0 0 1
cfi=(236)
cfn=(3496)
calls=7219232 1099 
* 57753856 28876928 14438464
* 14438464 0 7219232
cfi=(240)
cfn=(3440)
calls=7219232 97 
* 50534624 21657696 14438464
* 28876928 0 7219232
cfi=(236)
cfn=(3496)
calls=7219232 1099 
* 57753856 28876928 14438464 0 1 2
* 21657696 0 7219232 0 0 2 0 0 1
cfi=(325)
cfn=(3504)
calls=7219232 427 
* 259892352 108288480 79411552 0 72 16 0 19 3
+3 21657696 0 7219232
cfi=(240)
cfn=(3440)
calls=7219232 97 
* 50534624 21657696 14438464
* 7219232
-1 36096160 0 7219232 1 0 3 1 0 2
cfi=(236)
cfn=(3466)
calls=7219232 1334 
* 259892352 93850016 72192320 0 10 58 0 2 9
* 7219232
-1 50534624 14438464 7219232 0 7 0 0 1
cfn=(3702)
calls=7219232 -40 
* 24038128995 8023025811 6235008681 9 2633872 1790 9 9228 257
+3 50534624 36096160 0 0 421 0 0 55

fn=(3604)
317 65065626 7229514 28918056 1 2 2 1
+11 36147570 0 7229514 1 0 0 1
cfi=(236)
cfn=(3466)
calls=7229514 1334 
* 260262504 93983682 72295140 0 7 13 0 0 1
* 28918056
+4 21657696 0 7219232 0 0 1
cfi=(236)
cfn=(3698)
calls=7219232 1123 
* 86630784 43315392 21657696 0 1
+1 43315392 21657696 7219232 0 2 2 0 1 1
cfn=(3700)
calls=7219232 -79 
* 25279836899 8441741267 6595970281 13 2666459 1903 12 9528 276
+2 43377084 28918056 0 0 272 0 0 30

fl=(251)
fn=(1684) std::__cxx11::basic_string<char, std::char_traits<char>, std::allocator<char> >::_M_create(unsigned long&, unsigned long)
138 1672 0 1045 2 0 0 1
+5 1045 627 209
cfi=(239)
cfn=(1660)
calls=209 1084 
* 4389 1254 1254 0 0 1
* 836 0 0 2 0 0 1
+6 2090 1254
+2 20 10 5 2 0 0 1
+2 25 15 5
cfi=(239)
cfn=(1660)
calls=5 1084 
* 105 30 30
* 20
+6 1254 627 209 2 0 0 1
cfi=(239)
cfn=(1686)
calls=209 336 
* 1463 627 418 1 0 0 1
* 627 0 209
cfi=(239)
cfn=(1688)
calls=209 -35 
* 27396 7602 5885 15 3 5 9 0 3
+1 627 627

fn=(1766)
221 42 9 21 2 0 0 2
fi=(391) /usr/include/c++/13/bits/stl_iterator_base_types.h
+19 3
fi=(392) /usr/include/c++/13/bits/stl_iterator_base_funcs.h
-89 12 6 6
-45 6 6
+46 3
fe=(251)
+73 3 0 3
+2 9 3
+2 18 3 3 1 0 0 1
cfn=(1684)
calls=3 -91 
* 588 180 132 0 2 3
* 15 3 3
cfi=(239)
cfn=(1702)
calls=3 -17 
* 33 12 12
+1 15 6 3
cfi=(239)
cfn=(1704)
calls=3 +19 
* 33 12 12
* 3
+15 15 3 3 3 0 0 2
cfn=(1768) std::__cxx11::basic_string<char, std::char_traits<char>, std::allocator<char> >::_M_construct<char const*>(char const*, char const*, std::forward_iterator_tag)::_Guard::_Guard(std::__cxx11::basic_string<char, std::char_traits<char>, std::allocator<char> >*)
calls=3 -6 
* 33 12 12
+2 9 3 3
cfi=(239)
cfn=(1518)
calls=3 -25 
* 24 12 6
* 18 6 3
cfi=(239)
cfn=(1770)
calls=3 482 
* 234 72 57 1 4 0 1 1
+2 3 0 3
+2 15 6 3 1 0 0 1
cfi=(239)
cfn=(1514)
calls=3 +3 
* 213 72 60
+1 9 0 3
cfn=(1772) std::__cxx11::basic_string<char, std::char_traits<char>, std::allocator<char> >::_M_construct<char const*>(char const*, char const*, std::forward_iterator_tag)::_Guard::~_Guard()
calls=3 -10 
* 36 12 6
* 15 12

fn=(1666)
413 848 0 530 4 0 0 1
+3 318 106 106
cfi=(239)
cfn=(1664)
calls=106 1071 
* 848 424 212 2
* 318 106 106
+2 318 106 106
cfi=(239)
cfn=(1668)
calls=106 1169 
* 9010 2756 2226 10 0 0 8
* 424 106
+6 318 106 106 3 0 0 2
cfi=(239)
cfn=(1664)
calls=106 1071 
* 848 424 212
* 954 318 106 1
cfn=(1680) std::__cxx11::basic_string<char, std::char_traits<char>, std::allocator<char> >::_M_mutate(unsigned long, unsigned long, char const*, unsigned long)
calls=106 -99 
* 57164 18339 13842 42 1 2 22 0 2
+2 530 212 106
cfi=(239)
cfn=(1514)
calls=106 254 
* 7526 2544 2120
+1 106 106
+1 318 318

fn=(1772)
242 36 12 6

fn=(1680)
325 1272 106 742 4 0 0 2
+4 318 106 106
cfi=(239)
cfn=(1682)
calls=106 1078 
* 848 424 212
* 318 212 106
+2 318 106 106
cfi=(239)
cfn=(1682)
calls=106 1078 
* 848 424 212
* 424 212 106
+1 318 106 106 2 0 0 1
cfi=(239)
cfn=(1668)
calls=106 1169 
* 9010 2756 2226
* 636 106 106
cfn=(1684)
calls=106 138 
* 21236 6467 4726 24 1 2 14 0 2
* 106 0 106
+2 212 106
+2 424 212 0 2 0 0 1
+1 848 424 106
cfi=(239)
cfn=(1698)
calls=106 +88 
* 6460 1908 1484 2 0 0 1
+1 212 106
+4 318 106 106 6 0 0 2
cfi=(239)
cfn=(1700)
calls=106 -62 
* 9010 2756 2226 1 0 0 1
+1 530 212 106
cfi=(239)
cfn=(1702)
calls=106 212 
* 1166 424 424
+1 530 212 106
cfi=(239)
cfn=(1704)
calls=106 -95 
* 1166 424 424
+1 636 424 0 1

fn=(1768)
239 33 12 12

fl=(242)
fn=(1512)
3650 214929 0 71643 1 0 0 1
+4 71643
+2 143286 143286

fl=(371) /usr/include/c++/13/bits/functional_hash.h
fn=(4248) std::hash<int>::operator()(int) const
154 29070 9690 9690

fl=(220) /home/ray847/projects/DataStructures/PJ/src/Eigen/src/Core/util/IndexedViewHelper.h
fn=(1360) Eigen::internal::all_t::all_t()
137 7 2 2 1 0 0 1

fl=(248)
fn=(2242) float* std::__copy_move_a1<false, float const*, float*>(float const*, float const*, float*)
532 707 0 404 1 0 0 1
+1 606 303 101
cfn=(2244) float* std::__copy_move_a2<false, float const*, float*>(float const*, float const*, float*)
calls=101 -36 
* 576794 163824 163015 22 80006 80725 21 0 80725
* 202 202 0 0 1

fn=(2390)
624 800 0 500 1 0 0 1
+9 300 100 100 1 0 0 1
cfi=(273)
cfn=(2392)
calls=100 -26 
* 700 300 200 1 0 0 1
* 400 100 100
cfi=(273)
cfn=(2392)
calls=100 -26 
* 700 300 200
* 600 100 100
cfn=(2394) unsigned long* std::__copy_move_a<false, __gnu_cxx::__normal_iterator<unsigned long const*, std::vector<unsigned long, std::allocator<unsigned long> > >, unsigned long*>(__gnu_cxx::__normal_iterator<unsigned long const*, std::vector<unsigned long, std::allocator<unsigned long> > >, __gnu_cxx::__normal_iterator<unsigned long const*, std::vector<unsigned long, std::allocator<unsigned long> > >, unsigned long*)
calls=100 -95 
* 17900 5400 4800 11 1 50 10 0 50
+1 300 300

fn=(2408) unsigned long* std::__niter_wrap<unsigned long*>(unsigned long* const&, unsigned long*)
338 500 0 300 1 0 0 1
+1 300 300

fn=(2704)
316 360400 0 180200 1 0 0 1
+2 270300 270300

fn=(3394) unsigned short* std::__niter_base<unsigned short*>(unsigned short*)
316 456 0 228
+2 342 342

fn=(3720) __gnu_cxx::__normal_iterator<std::pair<float, int>*, std::vector<std::pair<float, int>, std::allocator<std::pair<float, int> > > > std::__niter_wrap<__gnu_cxx::__normal_iterator<std::pair<float, int>*, std::vector<std::pair<float, int>, std::allocator<std::pair<float, int> > > >, std::pair<float, int>*>(__gnu_cxx::__normal_iterator<std::pair<float, int>*, std::vector<std::pair<float, int>, std::allocator<std::pair<float, int> > > >, std::pair<float, int>*)
331 64302 0 32151
+1 32151 10717 10717
cfi=(236)
cfn=(3712) std::pair<float, int>* std::__niter_base<std::pair<float, int>*, std::vector<std::pair<float, int>, std::allocator<std::pair<float, int> > > >(__gnu_cxx::__normal_iterator<std::pair<float, int>*, std::vector<std::pair<float, int>, std::allocator<std::pair<float, int> > > >)
calls=10717 1357 
* 192906 64302 53585
* 96453 10717 10717 1
cfi=(236)
cfn=(3502)
calls=10717 1147 
* 407246 150038 107170
* 21434 21434

fn=(2394)
538 900 0 600
+2 300 100 100 1 0 0 1
cfn=(2396) unsigned long* std::__niter_base<unsigned long*>(unsigned long*)
calls=100 316 
* 700 300 200 1 0 0 1
* 400 100 100
cfi=(236)
cfn=(2398) unsigned long const* std::__niter_base<unsigned long const*, std::vector<unsigned long, std::allocator<unsigned long> > >(__gnu_cxx::__normal_iterator<unsigned long const*, std::vector<unsigned long, std::allocator<unsigned long> > >)
calls=100 1357 
* 1800 600 500 1 0 0 1
* 400 100 100
cfi=(236)
cfn=(2398)
calls=100 1357 
* 1800 600 500
* 400 0 100
cfn=(2402) unsigned long* std::__copy_move_a1<false, unsigned long const*, unsigned long*>(unsigned long const*, unsigned long const*, unsigned long*)
calls=100 -8 
* 9400 2900 2200 6 1 50 5 0 50
* 500 0 100 1 0 0 1
cfn=(2408)
calls=100 338 
* 800 300 300 1 0 0 1
+4 500 400

fn=(2636) void std::__fill_a<int*, int>(int*, int*, int const&)
976 140007 0 80004 2 0 0 2
+1 120006 60003 20001
cfn=(2638) __gnu_cxx::__enable_if<std::__is_scalar<int>::__value, void>::__type std::__fill_a1<int*, int>(int*, int*, int const&)
calls=20001 -51 
* 9384255 5288142 2684073 2 0 70741 2 0 70726
* 60003 40002

fn=(2712) int* std::__copy_move_a2<false, int const*, int*>(int const*, int const*, int*)
497 700 0 400
+4 100 0 100 1 0 0 1
cfi=(242)
cfn=(1512)
calls=100 3650 
* 600 200 100
* 200
+5 600 300 100
cfn=(2714) int* std::__copy_move<false, true, std::random_access_iterator_tag>::__copy_m<int const, int>(int const*, int const*, int*)
calls=100 -73 
* 4400 1400 800 3 0 0 3
* 100
+1 200 200

fn=(2782)
257 1198145 0 718887 5
+5 1437774 958516
+1 101368 50684
+1 188945 188945
+1 479258 479258 0 3 0 0 1

fn=(3118)
316 12 0 6 1 0 0 1
+2 9 9

fn=(3364) unsigned short* std::__fill_n_a<unsigned short*, unsigned long, unsigned short>(unsigned short*, unsigned long, unsigned short const&, std::random_access_iterator_tag)
1117 133 0 76 13 0 0 2
+6 38 19
+5 171 76 19
cfn=(3366) void std::__fill_a<unsigned short*, unsigned short>(unsigned short*, unsigned short*, unsigned short const&)
calls=19 976 
* 1330627 760209 380190 19 1 5927 4 0 5927
+1 76 38 0 2
+1 38 38

fn=(3400) unsigned short* std::__copy_move<true, true, std::random_access_iterator_tag>::__copy_m<unsigned short, unsigned short>(unsigned short*, unsigned short*, unsigned short*)
433 266 0 152 6 0 0 2
+2 152 76 38
+1 190 38
+2 76 38 0 3 0 0 1
+3 152 76
+1 76 76

fn=(2234) float* std::__copy_move_a<false, __gnu_cxx::__normal_iterator<float const*, std::vector<float, std::allocator<float> > >, float*>(__gnu_cxx::__normal_iterator<float const*, std::vector<float, std::allocator<float> > >, __gnu_cxx::__normal_iterator<float const*, std::vector<float, std::allocator<float> > >, float*)
538 909 0 606 2 0 0 1
+2 303 101 101
cfn=(2236) float* std::__niter_base<float*>(float*)
calls=101 316 
* 707 303 202 2 0 0 1
* 404 101 101
cfi=(236)
cfn=(2238) float const* std::__niter_base<float const*, std::vector<float, std::allocator<float> > >(__gnu_cxx::__normal_iterator<float const*, std::vector<float, std::allocator<float> > >)
calls=101 1357 
* 1818 606 505 3 0 0 3
* 404 101 101 2 0 0 1
cfi=(236)
cfn=(2238)
calls=101 1357 
* 1818 606 505
* 404 0 101
cfn=(2242)
calls=101 -8 
* 578309 164329 163520 23 80007 80725 22 0 80725
* 505 0 101
cfn=(2250) float* std::__niter_wrap<float*>(float* const&, float*)
calls=101 338 
* 808 303 303
+4 505 404 0 0 1

fn=(2244)
497 707 0 404
+4 101 0 101
cfi=(242)
cfn=(1512)
calls=101 3650 
* 606 202 101
* 202 0 0 1 0 0 1
+5 606 303 101
cfn=(2246) float* std::__copy_move<false, true, std::random_access_iterator_tag>::__copy_m<float const, float>(float const*, float const*, float*)
calls=101 -73 
* 574269 163117 162308 21 80006 80725 20 0 80725
* 101
+1 202 202

fn=(2402)
532 700 0 400
+1 600 300 100
cfn=(2404) unsigned long* std::__copy_move_a2<false, unsigned long const*, unsigned long*>(unsigned long const*, unsigned long const*, unsigned long*)
calls=100 -36 
* 7900 2400 1700 6 1 50 5 0 50
* 200 200

fn=(2588)
1152 707 0 404 2 0 0 2
fi=(391)
240 101
fe=(248)
1157 303 101 101
cfn=(1910) std::__size_to_integer(unsigned long)
calls=101 1018 
* 707 303 202
* 606 202 101 1 0 0 1
cfn=(2590) long long* std::__fill_n_a<long long*, unsigned long, long long>(long long*, unsigned long, long long const&, std::random_access_iterator_tag)
calls=101 -40 
* 17776 8888 4949 13 0 0 7
+2 202 202

fn=(2590)
1117 707 0 404 4 0 0 2
+6 202 101
+5 909 404 101
cfn=(2592) void std::__fill_a<long long*, long long>(long long*, long long*, long long const&)
calls=101 976 
* 15352 7979 4444 8 0 0 4
+1 404 202 0 1 0 0 1
+1 202 202

fn=(2714)
433 700 0 400 2 0 0 2
+2 400 200 100
+1 500 100
+1 700 300 100 1 0 0 1
cob=(4)
cfi=(175)
cfn=(2248) 0x000000000010fe40
calls=100 0 
* 1400 400 200
* 100
+4 400 200
+1 200 200

fn=(2716) int* std::__niter_wrap<int*>(int* const&, int*)
338 100500 0 60300
+1 60300 60300

fn=(2878) int const& std::min<int>(int const&, int const&)
233 99995 0 59997 1 0 0 1
+5 119994 79996 0 1 1 0 1 1
+1 4 2
+1 19997 19997
+1 39998 39998

fn=(3362)
1152 133 0 76 3 0 0 1
fi=(391)
240 19
fe=(248)
1157 57 19 19
cfn=(1910)
calls=19 1018 
* 133 57 38 3
* 114 38 19
cfn=(3364)
calls=19 -40 
* 1331083 760380 380285 34 1 5927 6 0 5927
+2 38 38

fn=(1916) __gnu_cxx::__enable_if<std::__is_scalar<float>::__value, void>::__type std::__fill_a1<float*, float>(float*, float*, float const&)
926 12 0 8 1 0 0 1
+3 6 4 2 1 0 0 1
+1 2
+1 3840378 2560252 1280126 0 0 80007 0 0 80007
-1 5120510 2560256 1280126
+2 8 4

fn=(2324)
1152 7 0 4 1 0 0 1
fi=(391)
240 1
fe=(248)
1157 3 1 1
cfn=(1910)
calls=1 1018 
* 7 3 2
* 6 2 1
cfn=(2326) unsigned long* std::__fill_n_a<unsigned long*, unsigned long, unsigned long>(unsigned long*, unsigned long, unsigned long const&, std::random_access_iterator_tag)
calls=1 -40 
* 120 56 33 4 0 1 4 0 1
+2 2 2

fn=(2328) void std::__fill_a<unsigned long*, unsigned long>(unsigned long*, unsigned long*, unsigned long const&)
976 7 0 4
+1 6 3 1 1 0 0 1
cfn=(2330) __gnu_cxx::__enable_if<std::__is_scalar<unsigned long>::__value, void>::__type std::__fill_a1<unsigned long*, unsigned long>(unsigned long*, unsigned long*, unsigned long const&)
calls=1 -51 
* 80 42 23 1 0 1 1 0 1
* 3 2

fn=(2330)
926 6 0 4
+3 3 2 1 1 0 0 1
+1 1
+1 27 18 9 0 0 1 0 0 1
-1 39 20 9
+2 4 2

fn=(2396)
316 400 0 200 1 0 0 1
+2 300 300

fn=(2710) int* std::__copy_move_a1<false, int const*, int*>(int const*, int const*, int*)
532 700 0 400 1 0 0 1
+1 600 300 100
cfn=(2712)
calls=100 -36 
* 6900 2100 1500 4 0 0 4
* 200 200

fn=(2830)
316 12 0 6 1 0 0 1
+2 9 9

fn=(1912) float* std::__fill_n_a<float*, unsigned long, float>(float*, unsigned long, float const&, std::random_access_iterator_tag)
1117 14 0 8 1 0 0 1
+6 4 2
+5 18 8 2 1 0 0 1
cfn=(1914) void std::__fill_a<float*, float>(float*, float*, float const&)
calls=2 976 
* 8960948 5120526 2560272 4 1 80007 4 0 80007
+1 8 4
+1 4 4 0 0 1

fn=(2230)
624 808 0 505 2 0 0 1
+9 303 101 101 2 0 0 1
cfi=(273)
cfn=(2232)
calls=101 -26 
* 707 303 202
* 404 101 101
cfi=(273)
cfn=(2232)
calls=101 -26 
* 707 303 202
* 606 101 101
cfn=(2234)
calls=101 -95 
* 586894 166854 166146 32 80008 80725 28 0 80725
+1 303 303 0 0 1

fn=(2250)
338 505 0 303
+1 303 303

fn=(2594) __gnu_cxx::__enable_if<std::__is_scalar<long long>::__value, void>::__type std::__fill_a1<long long*, long long>(long long*, long long*, long long const&)
926 606 0 404 2 0 0 1
+3 303 202 101 2 0 0 1
+1 101
+1 5151 3434 1717
-1 7171 3636 1717
+2 404 202

fn=(2926) int* std::__copy_move_a1<true, int*, int*>(int*, int*, int*)
532 140000 0 80000 2 0 0 2
+1 120000 60000 20000 0 0 1
cfn=(2928) int* std::__copy_move_a2<true, int*, int*>(int*, int*, int*)
calls=20000 -36 
* 980000 300000 240000 5 0 1 4
* 40000 40000

fn=(2930) int* std::__copy_move<true, true, std::random_access_iterator_tag>::__copy_m<int, int>(int*, int*, int*)
433 140000 0 80000 1 0 1 1
+2 80000 40000 20000
+1 100000 20000
+2 40000 20000 0 1 0 0 1
+3 80000 40000 0 1
+1 40000 40000

fn=(1908)
1152 14 0 8
fi=(391)
240 2
fe=(248)
1157 6 2 2 1 0 0 1
cfn=(1910)
calls=2 1018 
* 14 6 4 1 0 0 1
* 12 4 2
cfn=(1912)
calls=2 -40 
* 8960996 5120544 2560282 6 2 80007 6 0 80007
+2 4 4

fn=(2698)
624 800 0 500 1 0 0 1
+9 300 100 100
cfi=(273)
cfn=(2700)
calls=100 -26 
* 700 300 200
* 400 100 100
cfi=(273)
cfn=(2700)
calls=100 -26 
* 700 300 200
* 600 100 100
cfn=(2702) int* std::__copy_move_a<false, __gnu_cxx::__normal_iterator<int const*, std::vector<int, std::allocator<int> > >, int*>(__gnu_cxx::__normal_iterator<int const*, std::vector<int, std::allocator<int> > >, __gnu_cxx::__normal_iterator<int const*, std::vector<int, std::allocator<int> > >, int*)
calls=100 -95 
* 16900 5100 4600 9 0 0 9
+1 300 300 0 1 0 0 1

fn=(2916)
624 160000 0 100000 1 0 0 1
+9 60000 20000 20000
cfi=(236)
cfn=(2918) decltype (__miter_base(({parm#1}.base)())) std::__miter_base<int*>(std::move_iterator<int*>)
calls=20000 2968 
* 540000 180000 160000 3 0 0 3
* 80000 20000 20000
cfi=(236)
cfn=(2918)
calls=20000 2968 
* 540000 180000 160000
* 120000 20000 20000 1 0 0 1
cfn=(2924) int* std::__copy_move_a<true, int*, int*>(int*, int*, int*)
calls=20000 -95 
* 2540000 780000 740000 8 0 2 7
+1 60000 60000

fn=(3396) unsigned short* std::__copy_move_a1<true, unsigned short*, unsigned short*>(unsigned short*, unsigned short*, unsigned short*)
532 266 0 152 3 0 0 2
+1 228 114 38
cfn=(3398) unsigned short* std::__copy_move_a2<true, unsigned short*, unsigned short*>(unsigned short*, unsigned short*, unsigned short*)
calls=38 -36 
* 1862 570 456 14 0 0 5
* 76 76

fn=(3618) long std::__lg<long>(long)
1515 51410 0 20564 2 0 0 2
+3 30846 10282 10282
cfi=(329)
cfn=(3620)
calls=10282 365 
* 308460 71974 113102 4 0 0 4
* 20564
+10 20564 20564

fn=(3714) std::pair<float, int>* std::__copy_move_backward_a1<true, std::pair<float, int>*, std::pair<float, int>*>(std::pair<float, int>*, std::pair<float, int>*, std::pair<float, int>*)
777 75019 0 42868
+1 64302 32151 10717 1 0 0 1
cfn=(3716) std::pair<float, int>* std::__copy_move_backward_a2<true, std::pair<float, int>*, std::pair<float, int>*>(std::pair<float, int>*, std::pair<float, int>*, std::pair<float, int>*)
calls=10717 -19 
* 1179178 412720 362946 6 0 10 2
* 21434 21434

fn=(1914)
976 14 0 8 1 0 0 1
+1 12 6 2 1 0 0 1
cfn=(1916)
calls=2 -51 
* 8960916 5120516 2560262 2 0 80007 2 0 80007
* 6 4 0 0 1

fn=(2406) unsigned long* std::__copy_move<false, true, std::random_access_iterator_tag>::__copy_m<unsigned long const, unsigned long>(unsigned long const*, unsigned long const*, unsigned long*)
433 700 0 400 1 0 0 1
+2 400 200 100
+1 500 100 0 1 0 0 1
+1 700 300 100
cob=(4)
cfi=(175)
cfn=(2248)
calls=100 0 
* 2400 700 400 1 1 50 0 0 50
* 100
+4 400 200 0 1 0 0 1
+1 200 200

fn=(2924)
538 180000 0 120000
+2 60000 20000 20000
cfn=(2704)
calls=20000 316 
* 140000 60000 40000
* 80000 20000 20000
cfn=(2704)
calls=20000 316 
* 140000 60000 40000
* 80000 20000 20000 1 0 0 1
cfn=(2704)
calls=20000 316 
* 140000 60000 40000
* 80000 0 20000
cfn=(2926)
calls=20000 -8 
* 1280000 400000 340000 7 0 2 6
* 100000 0 20000
cfn=(2716)
calls=20000 338 
* 160000 60000 60000
+4 100000 80000

fn=(3366)
976 133 0 76 3 0 0 1
+1 114 57 19 3 0 0 1
cfn=(3368) __gnu_cxx::__enable_if<std::__is_scalar<unsigned short>::__value, void>::__type std::__fill_a1<unsigned short*, unsigned short>(unsigned short*, unsigned short*, unsigned short const&)
calls=19 -51 
* 1330323 760114 380095 13 1 5927 2 0 5927
* 57 38

fn=(3368)
926 114 0 76 10 0 0 1
+3 57 38 19 3 1 0 1
+1 19
+1 570000 380000 190000 0 0 5927 0 0 5927
-1 760057 380038 190000
+2 76 38

fn=(3384)
624 304 0 190 5 0 0 2
+9 114 38 38
cfi=(236)
cfn=(3386) decltype (__miter_base(({parm#1}.base)())) std::__miter_base<unsigned short*>(std::move_iterator<unsigned short*>)
calls=38 2968 
* 1026 342 304 13 0 0 2
* 152 38 38
cfi=(236)
cfn=(3386)
calls=38 2968 
* 1026 342 304
* 228 38 38
cfn=(3392) unsigned short* std::__copy_move_a<true, unsigned short*, unsigned short*>(unsigned short*, unsigned short*, unsigned short*)
calls=38 -95 
* 4826 1482 1406 23 0 0 9
+1 114 114

fn=(3398)
497 266 0 152 2 0 0 1
+4 38 0 38
cfi=(242)
cfn=(1512)
calls=38 3650 
* 228 76 38
* 76
+5 228 114 38 3 0 0 1
cfn=(3400)
calls=38 -73 
* 912 304 190 9 0 0 3
* 38
+1 76 76

fn=(3718) std::pair<float, int>* std::__copy_move_backward<true, false, std::random_access_iterator_tag>::__copy_move_b<std::pair<float, int>*, std::pair<float, int>*>(std::pair<float, int>*, std::pair<float, int>*, std::pair<float, int>*)
727 75019 0 42868 1 0 3 1
+3 42868 21434 10717
+1 10717
+1 52076 13019 26038
cfi=(240)
cfn=(3440)
calls=13019 97 
* 91133 39057 26038
* 78114 13019 26038
cfi=(325)
cfn=(3504)
calls=13019 427 
* 468684 195285 143209 0 0 5
-1 60491 23736 13019 2
+2 10717 10717
+1 21434 21434

fn=(2236)
316 404 0 202 2 0 0 1
+2 303 303

fn=(2246)
433 707 0 404 2 0 0 1
+2 404 202 101
+1 505 101
+1 707 303 101 1 0 0 1
cob=(4)
cfi=(175)
cfn=(2248)
calls=101 0 
* 571239 162107 161702 17 80005 80725 17 0 80725
* 101
+4 404 202 0 1 0 0 1
+1 202 202 0 0 1

fn=(2326)
1117 7 0 4 1 0 0 1
+6 2 1
+5 9 4 1
cfn=(2328)
calls=1 976 
* 96 47 28 2 0 1 2 0 1
+1 4 2 0 1 0 0 1
+1 2 2

fn=(2404)
497 700 0 400 1 0 0 1
+4 100 0 100
cfi=(242)
cfn=(1512)
calls=100 3650 
* 600 200 100
* 200
+5 600 300 100 1 0 0 1
cfn=(2406)
calls=100 -73 
* 5400 1700 1000 4 1 50 3 0 50
* 100
+1 200 200

fn=(2632)
1152 140007 0 80004 1 0 0 1
fi=(391)
240 20001
fe=(248)
1157 60003 20001 20001
cfn=(1910)
calls=20001 1018 
* 140007 60003 40002
* 120006 40002 20001
cfn=(2634) int* std::__fill_n_a<int*, unsigned long, int>(int*, unsigned long, int const&, std::random_access_iterator_tag)
calls=20001 -40 
* 10184295 5568156 2884083 6 0 70741 6 0 70726
+2 40002 40002

fn=(2638)
926 120006 0 80004 2 0 0 2
+3 60003 40002 20001
+1 20001
+1 3876102 2584068 1292034 0 0 70741 0 0 70726
-1 5228139 2624070 1292034
+2 80004 40002

fn=(2928)
497 140000 0 80000 1 0 0 1
+4 20000 0 20000
cfi=(242)
cfn=(1512)
calls=20000 3650 
* 120000 40000 20000
* 40000
+5 120000 60000 20000 1 0 0 1
cfn=(2930)
calls=20000 -73 
* 480000 160000 100000 3 0 1 2
* 20000
+1 40000 40000

fn=(3392)
538 342 0 228 3 0 0 1
+2 114 38 38
cfn=(3394)
calls=38 316 
* 266 114 76
* 152 38 38
cfn=(3394)
calls=38 316 
* 266 114 76
* 152 38 38 3 0 0 1
cfn=(3394)
calls=38 316 
* 266 114 76
* 152 0 38
cfn=(3396)
calls=38 -8 
* 2432 760 646 17 0 0 7
* 190 0 38
cfn=(3402) unsigned short* std::__niter_wrap<unsigned short*>(unsigned short* const&, unsigned short*)
calls=38 338 
* 304 114 114
+4 190 152

fn=(3706) __gnu_cxx::__normal_iterator<std::pair<float, int>*, std::vector<std::pair<float, int>, std::allocator<std::pair<float, int> > > > std::move_backward<__gnu_cxx::__normal_iterator<std::pair<float, int>*, std::vector<std::pair<float, int>, std::allocator<std::pair<float, int> > > >, __gnu_cxx::__normal_iterator<std::pair<float, int>*, std::vector<std::pair<float, int>, std::allocator<std::pair<float, int> > > > >(__gnu_cxx::__normal_iterator<std::pair<float, int>*, std::vector<std::pair<float, int>, std::allocator<std::pair<float, int> > > >, __gnu_cxx::__normal_iterator<std::pair<float, int>*, std::vector<std::pair<float, int>, std::allocator<std::pair<float, int> > > >, __gnu_cxx::__normal_iterator<std::pair<float, int>*, std::vector<std::pair<float, int>, std::allocator<std::pair<float, int> > > >)
892 85736 0 53585 2 0 0 1
+9 32151 10717 10717
cfi=(273)
cfn=(3708)
calls=10717 607 
* 75019 32151 21434 1 0 0 1
* 42868 10717 10717
cfi=(273)
cfn=(3708)
calls=10717 607 
* 75019 32151 21434
* 64302 10717 10717
cfn=(3710) __gnu_cxx::__normal_iterator<std::pair<float, int>*, std::vector<std::pair<float, int>, std::allocator<std::pair<float, int> > > > std::__copy_move_backward_a<true, __gnu_cxx::__normal_iterator<std::pair<float, int>*, std::vector<std::pair<float, int>, std::allocator<std::pair<float, int> > > >, __gnu_cxx::__normal_iterator<std::pair<float, int>*, std::vector<std::pair<float, int>, std::allocator<std::pair<float, int> > > > >(__gnu_cxx::__normal_iterator<std::pair<float, int>*, std::vector<std::pair<float, int>, std::allocator<std::pair<float, int> > > >, __gnu_cxx::__normal_iterator<std::pair<float, int>*, std::vector<std::pair<float, int>, std::allocator<std::pair<float, int> > > >, __gnu_cxx::__normal_iterator<std::pair<float, int>*, std::vector<std::pair<float, int>, std::allocator<std::pair<float, int> > > >)
calls=10717 -96 
* 3097521 1002155 909513 14 0 10 7
+3 32151 32151

fn=(3710)
805 96453 0 64302
+2 32151 10717 10717
cfi=(236)
cfn=(3712)
calls=10717 1357 
* 192906 64302 53585 2 0 0 2
* 42868 10717 10717 2 0 0 1
cfi=(236)
cfn=(3712)
calls=10717 1357 
* 192906 64302 53585
* 42868 10717 10717
cfi=(236)
cfn=(3712)
calls=10717 1357 
* 192906 64302 53585
* 42868 0 10717
cfn=(3714)
calls=10717 -30 
* 1339933 466305 416531 7 0 10 3
* 53585 10717 10717
cfn=(3720)
calls=10717 331 
* 814492 257208 214340 1
+4 53585 42868 0 2 0 0 1

fn=(1600)
233 2447845 0 1468707 1 0 18 1 0 18
+5 2937414 1958276 0 7 0 0 1
+2 489569 489569
+1 979138 979138

fn=(1910)
1018 140868 60372 40248 4 0 0 1

fn=(2592)
976 707 0 404 2 0 0 1
+1 606 303 101
cfn=(2594)
calls=101 -51 
* 13736 7474 3939 4 0 0 2
* 303 202 0 2 0 0 1

fn=(2634)
1117 140007 0 80004 1 0 0 1
+6 40002 20001
+5 180009 80004 20001 1 0 0 1
cfn=(2636)
calls=20001 976 
* 9704271 5388147 2784078 4 0 70741 4 0 70726
+1 80004 40002
+1 40002 40002

fn=(2702)
538 900 0 600
+2 300 100 100 1 0 0 1
cfn=(2704)
calls=100 316 
* 700 300 200 1 0 0 1
* 400 100 100
cfi=(236)
cfn=(2706) int const* std::__niter_base<int const*, std::vector<int, std::allocator<int> > >(__gnu_cxx::__normal_iterator<int const*, std::vector<int, std::allocator<int> > >)
calls=100 1357 
* 1800 600 500 1 0 0 1
* 400 100 100
cfi=(236)
cfn=(2706)
calls=100 1357 
* 1800 600 500
* 400 0 100
cfn=(2710)
calls=100 -8 
* 8400 2600 2000 5 0 0 5
* 500 0 100 1 0 0 1
cfn=(2716)
calls=100 338 
* 800 300 300
+4 500 400

fn=(3402)
338 190 0 114
+1 114 114

fn=(3486)
316 5152800 0 2576400 1 0 0 1
+2 3864600 3864600 0 1 0 0 1

fn=(3716)
759 75019 0 42868 1 0 2 1
+4 10717 0 10717
cfi=(242)
cfn=(1512)
calls=10717 3650 
* 64302 21434 10717
* 21434
+6 64302 32151 10717 2
cfn=(3718)
calls=10717 -42 
* 911253 337701 287927 3 0 8 1
+2 10717
+1 21434 21434

fn=(3744) void std::iter_swap<__gnu_cxx::__normal_iterator<std::pair<float, int>*, std::vector<std::pair<float, int>, std::allocator<std::pair<float, int> > > >, __gnu_cxx::__normal_iterator<std::pair<float, int>*, std::vector<std::pair<float, int>, std::allocator<std::pair<float, int> > > > >(__gnu_cxx::__normal_iterator<std::pair<float, int>*, std::vector<std::pair<float, int>, std::allocator<std::pair<float, int> > > >, __gnu_cxx::__normal_iterator<std::pair<float, int>*, std::vector<std::pair<float, int>, std::allocator<std::pair<float, int> > > >)
155 19162563 0 10950036 3 0 3 1 0 1
+30 8212527 0 2737509
cfi=(236)
cfn=(3496)
calls=2737509 1099 
* 21900072 10950036 5475018
* 10950036 0 2737509
cfi=(236)
cfn=(3496)
calls=2737509 1099 
* 21900072 10950036 5475018
* 8212527 0 2737509
cfi=(325)
cfn=(3746) std::enable_if<std::__and_<std::__is_swappable<float>, std::__is_swappable<int> >::value, void>::type std::swap<float, int>(std::pair<float, int>&, std::pair<float, int>&)
calls=2737509 879 
* 385988769 142350468 112237869 29 35 25 6 5 3
+2 10950036 8212527 0 2 5

fl=(275)
fn=(4102)
272 1100 100 600 1 0 1 1
+1 510 202 2 1 1 0 1
cob=(4)
cfi=(175)
cfn=(4104) 0x000000000010fee0
calls=1 0 
* 1747 489 234 76 77 25 48 9
+1 400 100 100 1 0 0 1
cfi=(259)
cfn=(3316)
calls=100 992 
* 1300 600 200
* 707 203 1 1 0 0 1
cfn=(3312) Solution::VisitedList::resize(unsigned long)
calls=1 66 
* 73166 40904 20700 56 9 315 0 0 312
* 200 0 100 0 0 1
fi=(252)
88 100
fi=(241)
+75 100
fe=(275)
277 700 0 200
cfi=(259)
cfn=(2556)
calls=100 569 
* 60628 22436 16622 29 1 2 1
fi=(241)
-93 100
fe=(275)
+94 100 0 100 1 0 1 1
+2 300 200 100
+1 300 100 100
cfi=(259)
cfn=(4122)
calls=100 1265 
* 2100 800 600 2 100
* 100 0 100 0 0 1
+1 600 300 100 1 0 0 1
cfn=(3428) Solution::dist_query_sq(float const*, int) const
calls=100 422 
* 63700 34200 25200 0 1725
* 200 0 100
+2 400 100 100
cfn=(3426) Solution::VisitedList::advance()
calls=100 68 
* 2500 1100 500 1
+1 600 200 100 1 0 0 1
cfn=(3516) Solution::VisitedList::visit(int)
calls=100 76 
* 5700 2200 1300 0 35
+3 400 200 100
+1 200 0 200
cob=(4)
cfi=(175)
cfn=(2740)
calls=200 0 
* 6200 2400 600
* 200 0 200
+2 200 0 200
+1 200
+1 553 0 553
+1 3871 1106 553 1 0 0 1
cfi=(259)
cfn=(2880)
calls=553 1126 
* 6636 2765 1659
* 553 0 553
+1 3318 1106 553
cfi=(259)
cfn=(2682)
calls=553 992 
* 7189 3318 1106 0 453 0 0 2
* 2212 0 0 1 0 0 1
+2 3871 1106 553
cfi=(259)
cfn=(3560)
calls=553 1145 
* 6636 2765 1659
* 1106 553 553 0 453
+1 2765 1106 553 1 0 0 1
cfn=(3562) Solution::get_link_offset(int) const
calls=553 426 
* 7189 2212 1659
* 553 0 553
+1 2212 553 553
cfi=(259)
cfn=(3564)
calls=553 1265 
* 11613 4424 3318
* 2765 553 553
+2 1106 0 553 1 0 0 1
+1 27279 11691 3897 0 553 0 0 2
+1 69092 31202 0 0 249 0 0 2
+2 20064 10032 3344
cfn=(3428)
calls=3344 422 
* 2130128 1143648 842688 0 23912
* 3318 1659 553 1 0 0 1
cfn=(3428)
calls=553 422 
* 352261 189126 139356 0 3839
* 7794 0 3897
+1 11691 7794
+1 1060 530 530
+1 1060 530 530
+1 530 0 530
-8 17247 8900 3897
-9 1706 753 0 2 0 0 2
+21 200 0 200
cob=(4)
cfi=(175)
cfn=(2740)
calls=200 0 
* 6200 2400 600 0 22
* 200 0 200
+1 1000 0 200
cfi=(351)
cfn=(4124)
calls=200 1141 
* 21800 7800 6400 4 0 0 2
* 800 0 400
cfi=(351)
cfn=(4130)
calls=200 -41 
* 1600 800 400 2 0 0 1
* 800 0 400
cfi=(351)
cfn=(3982)
calls=200 589 
* 1600 800 400
* 1400 200 200
cfi=(259)
cfn=(4132)
calls=200 1126 
* 2400 1000 600
* 200 0 200
-26 800 300 200 1 0 0 1
+29 200 100 100 1 0 0 1
+3 100 0 100
cob=(4)
cfi=(175)
cfn=(2740)
calls=100 0 
* 3100 1200 300
* 100 0 100
+3 300 0 100
cfi=(324)
cfn=(3414)
calls=100 556 
* 6700 2000 2100 1
+1 300 0 100
cfi=(324)
cfn=(3424)
calls=100 556 
* 6700 2000 2100
+2 600 0 100 1 0 0 1
cfi=(325)
cfn=(3432) std::pair<float, int>::pair<float&, int&>(float&, int&)
calls=100 -11 
* 3600 1400 1200
* 500 0 100
cfi=(324)
cfn=(3438)
calls=100 746 
* 140194 47824 38610 9 49 0 1
+1 600 0 100
cfi=(325)
cfn=(3432)
calls=100 -12 
* 3600 1400 1200
* 500 0 100 1 0 0 1
cfi=(324)
cfn=(3510)
calls=100 746 
* 140247 47830 38617 5 0 1
+1 600 200 100
cfn=(3516)
calls=100 76 
* 5680 2191 1295 0 74
+2 100
+1 75333 0 25111
cfi=(324)
cfn=(3534)
calls=25111 723 
* 1732659 627775 477109
* 125555 25111 50222 1 4 155 1
cfi=(325)
cfn=(3540) std::tuple_element<0ul, std::pair<float, int> >::type&& std::get<0ul, float, int>(std::pair<float, int>&&)
calls=25111 1040 
* 903996 301332 276221
* 100444 0 50222
cfi=(325)
cfn=(3544) std::tuple_element<1ul, std::pair<float, int> >::type&& std::get<1ul, float, int>(std::pair<float, int>&&)
calls=25111 1040 
* 929107 301332 276221
* 25111 0 25111
+1 75333 0 25111
cfi=(324)
cfn=(3550)
calls=25111 773 
* 106004114 35547176 28353407 6 25111
+2 150666 50222 50222 1 0 0 1
cfi=(324)
cfn=(3548)
calls=25111 723 
* 1732659 627775 477109
* 100744 50222 100
cfi=(324)
cfn=(3676)
calls=100 714 
* 2300 900 500
* 75633 0 0 1 0 0 1
+2 200088 75033 25011
cfi=(259)
cfn=(2880)
calls=25011 1126 
* 300132 125055 75033 0 9
* 25011 0 25011
+1 125055 25011 25011 1 0 0 1
cfi=(259)
cfn=(3560)
calls=25011 1145 
* 300132 125055 75033 0 24911 0 0 222
* 50022 25011 25011 0 24911 0 0 157
+1 100044 25011 25011
cfn=(3562)
calls=25011 +88 
* 250110 75033 75033
* 25011 0 25011
+1 100044 25011 25011 1 0 0 1
cfi=(259)
cfn=(3564)
calls=25011 1265 
* 525231 200088 150066
* 125055 25011 25011
+2 50022 0 25011
+1 4154437 1780473 593491 1 61327 0 1 330
+1 11469644 2323942 0 1 0 0 1
+2 3410880 1136960 568480 1 0 0 1
cfn=(3516)
calls=568480 76 
* 24390860 8900935 5387115 0 224757
* 150066 50022 25011
cfn=(3516)
calls=25011 76 
* 1190547 444456 266373 0 10825
* 1780473
+1 181112 0 181112
+1 1086672 543336 181112
cfn=(3428)
calls=181112 +75 
* 115368344 61940304 45640224 0 1626814 0 0 166
* 362224 0 181112 1 0 0 1
+1 543336 0 181112
cfi=(324)
cfn=(3676)
calls=181112 714 
* 4165576 1630008 905560
* 830860 0 156212
cfi=(324)
cfn=(3548)
calls=156212 723 
* 10778628 3905300 2968028
* 1214418 312424 0 1 0 0 1
+1 277404 0 46234
cfi=(325)
cfn=(3432)
calls=46234 -34 
* 1664424 647276 554808
* 231170 0 46234
cfi=(324)
cfn=(3510)
calls=46234 746 
* 68450994 23056006 18921908 2 4133 11016 0 0 109
+1 277404 0 46234 1 0 0 1
cfi=(325)
cfn=(3432)
calls=46234 -35 
* 1664424 647276 554808
* 231170 0 46234
cfi=(324)
cfn=(3438)
calls=46234 746 
* 57084380 19189653 15454953 3 3303 5773 0 0 49
+1 138702 0 46234
cfi=(324)
cfn=(3676)
calls=46234 714 
* 1063382 416106 231170
* 248938 0 21334
cfi=(324)
cfn=(3602)
calls=21334 773 
* 81821533 27395054 21318458 0 10611
-10 2448997 1237004 593491
-11 75333 0 25111 1 0 0 1
cfi=(324)
cfn=(3520)
calls=25111 708 
* 3339763 1180217 929107
* 75333
+4 100
+23 100 0 100 1 0 0 1
cob=(4)
cfi=(175)
cfn=(2740)
calls=100 0 
* 3100 1200 300 0 400
* 100 0 100
+1 500 0 100
cfi=(351)
cfn=(4124)
calls=100 1141 
* 10900 3900 3200
* 400 0 200
cfi=(351)
cfn=(4130)
calls=100 -85 
* 800 400 200
* 400 0 200 1 0 0 1
cfi=(351)
cfn=(3982)
calls=100 589 
* 800 400 200
* 500 0 100
cfi=(259)
cfn=(4132)
calls=100 1126 
* 1200 500 300
* 100 0 100 0 0 100
+3 100 0 100
+1 300 0 200
+1 100
+1 75000 0 25000
cfi=(324)
cfn=(3548)
calls=25000 723 
* 1725000 625000 475000
* 125000 0 25000
cfi=(259)
cfn=(3594)
calls=25000 1281 
* 6232625 2155600 1891400 7 3386 6152 7
+1 75000 0 25000
cfi=(324)
cfn=(3602)
calls=25000 773 
* 75197586 25161912 19650772 0 3068
-2 75300 0 25100 1 0 0 1
cfi=(324)
cfn=(3592)
calls=25100 708 
* 3338300 1179700 928700
* 75300
+4 300 0 100 1 0 0 1
cfi=(259)
cfn=(3448)
calls=100 893 
* 3200 1200 800
* 400 0 100
cfi=(259)
cfn=(3464)
calls=100 873 
* 3100 1200 800
* 300 0 100
cfi=(327) /usr/include/c++/13/bits/stl_algo.h
cfn=(3610) void std::sort<__gnu_cxx::__normal_iterator<std::pair<float, int>*, std::vector<std::pair<float, int>, std::allocator<std::pair<float, int> > > > >(__gnu_cxx::__normal_iterator<std::pair<float, int>*, std::vector<std::pair<float, int>, std::allocator<std::pair<float, int> > > >, __gnu_cxx::__normal_iterator<std::pair<float, int>*, std::vector<std::pair<float, int>, std::allocator<std::pair<float, int> > > >)
calls=100 4851 
* 30385978 10273052 7763300 5
+2 300 0 100
cfi=(259)
cfn=(3522)
calls=100 1088 
* 12300 4400 3400
* 600 0 100 1 0 0 1
cfi=(259)
cfn=(3670)
calls=100 1126 
* 1200 500 300
* 200 100 100
+2 800 400 100 1 100 0 1
+2 500 100 200
cfi=(259)
cfn=(3464)
calls=100 873 
* 3100 1200 800
* 400 100 200 1 0 0 1
cfi=(259)
cfn=(3448)
calls=100 893 
* 3200 1200 800
* 3500 0 1200
cfi=(236)
cfn=(3496)
calls=1100 1099 
* 8800 4400 2200
* 1100 0 1100
+1 2200 1100
+1 9000 4000 2000 0 0 150
-2 3000 0 1000
cfi=(236)
cfn=(3630) __gnu_cxx::__normal_iterator<std::pair<float, int>*, std::vector<std::pair<float, int>, std::allocator<std::pair<float, int> > > >::operator++()
calls=1000 1109 
* 12000 6000 3000
* 5500 0 1100 1 0 0 1
cfi=(236)
cfn=(3616) bool __gnu_cxx::operator==<std::pair<float, int>*, std::vector<std::pair<float, int>, std::allocator<std::pair<float, int> > > >(__gnu_cxx::__normal_iterator<std::pair<float, int>*, std::vector<std::pair<float, int>, std::allocator<std::pair<float, int> > > > const&, __gnu_cxx::__normal_iterator<std::pair<float, int>*, std::vector<std::pair<float, int>, std::allocator<std::pair<float, int> > > > const&)
calls=1100 1197 
* 37400 14300 11000
* 3300 0 0 1 0 0 1
+1 100
+3 300 100
+4 600 100 100 1 0 0 1
cfi=(276)
cfn=(3650)
calls=100 248 
* 8800 2500 1900 0 400 0 0 1
+1 500 300 100 0 100 0 0 1
+1 700 400 100 1 0 0 1
+1 700 400 100 1 0 0 1
+1 200 0 100
+1 10200 1700 1700
cfi=(259)
cfn=(4132)
calls=1700 1126 
* 20400 8500 5100
* 13600 5100 1700 0 100
cfi=(259)
cfn=(4132)
calls=1700 1126 
* 20400 8500 5100
* 5100 1700 1700 0 300
-1 5300 1800 1700 1 0 0 1
+3 300 0 100 1 0 0 1
cfi=(276)
cfn=(3662)
calls=100 254 
* 7100 1900 1500 0 100
+1 300 0 100
cfi=(259)
cfn=(3570)
calls=100 733 
* 34284 10497 7695 0 99
* 300 0 100
cfi=(324)
cfn=(3568)
calls=100 498 
* 37067 11688 7896
* 300 0 100
cfi=(324)
cfn=(3674)
calls=100 498 
* 33800 10500 7500
* 300 0 100
cfi=(259)
cfn=(4138)
calls=100 733 
* 24900 8000 5800 7 0 0 5
* 600 500 0 1 100 0 1

fn=(4824)
85 9 1 4 2 0 0 1
+1 6 1 1
cfi=(276)
cfn=(3650)
calls=1 248 
* 88 25 19 6
+2 4 2 0 1 0 0 1
+2 10 4 1 1 0 0 1
+1 8 4 1
+2 5 0 1 1 0 0 1
cob=(4)
cfi=(175)
cfn=(1384)
calls=1 -93 
* 498 135 79 4 2 0 0 1
+1 5 0 1
cob=(4)
cfi=(175)
cfn=(1384)
calls=1 -94 
* 494 134 79 0 1 0 0 1
+1 5 0 1
cob=(4)
cfi=(175)
cfn=(1384)
calls=1 -95 
* 494 134 79 0 1 0 0 1
+1 5 0 1 1 0 0 1
cob=(4)
cfi=(175)
cfn=(1384)
calls=1 -96 
* 396 108 48
* 6 2 1
cob=(4)
cfi=(175)
cfn=(4826) 0x000000000010f9f0
calls=1 -96 
* 2410 700 329 20 24 0 19 5
* 5 0 1
cob=(4)
cfi=(175)
cfn=(1384)
calls=1 -96 
* 490 132 78 0 1 0 0 1
+1 5 0 1 1 0 0 1
cob=(4)
cfi=(175)
cfn=(1384)
calls=1 -97 
* 396 108 48
* 5 0 1
cob=(4)
cfi=(175)
cfn=(3818) 0x000000000010f900
calls=1 -97 
* 131 49 36 9
* 3 0 1
cfi=(333)
cfn=(3836)
calls=1 198 
* 7 3 2 1
* 3 0 1 1 0 0 1
cob=(4)
cfi=(175)
cfn=(3838) 0x000000000010fe00
calls=1 -97 
* 9 4 1 2 1
* 5 1 1
cob=(4)
cfi=(175)
cfn=(4542)
calls=1 -97 
* 2730 680 438 115 3
* 5 0 1
cob=(4)
cfi=(175)
cfn=(1384)
calls=1 -97 
* 490 132 78
+1 5 0 1 1 0 0 1
cob=(4)
cfi=(175)
cfn=(1384)
calls=1 -98 
* 396 108 48
* 3 0 1
cfi=(333)
cfn=(3836)
calls=1 198 
* 7 3 2
* 3 0 1
cob=(4)
cfi=(175)
cfn=(3838)
calls=1 -98 
* 9 4 1
* 5 1 1
cob=(4)
cfi=(175)
cfn=(4542)
calls=1 -98 
* 1754 421 301 1
* 5 0 1 1 0 0 1
cob=(4)
cfi=(175)
cfn=(1384)
calls=1 -98 
* 485 133 79 0 1 0 0 1
+1 5 0 1
cob=(4)
cfi=(175)
cfn=(1384)
calls=1 -99 
* 494 134 79
+1 5 0 1
cob=(4)
cfi=(175)
cfn=(1384)
calls=1 0 
* 485 133 79 0 1 0 0 1
+2 1 0 1
+2 2 0 1 1 0 0 1
+2 166 79 14 0 1
cfi=(259)
cfn=(4132)
calls=14 1126 
* 168 70 42 1
* 107 14 0 1 0 0 1
+2 21 6 3
cfi=(259)
cfn=(4132)
calls=3 1126 
* 36 15 9
* 27 9 3 1 0 0 1
+1 9 3 3
+2 15 0 3
cob=(4)
cfi=(175)
cfn=(1384)
calls=3 0 
* 939 273 144 1
* 9 0 3 1 0 0 1
cfi=(333)
cfn=(4852)
calls=3 228 
* 21 9 6 1 0 0 1
* 9 0 3
cob=(4)
cfi=(175)
cfn=(4854) 0x000000000010fc90
calls=3 0 
* 27 12 3 1 0 0 1
* 3
+1 12 3 3
cob=(4)
cfi=(175)
cfn=(2986)
calls=3 0 
* 3601 1033 520 15 24 0 9 6
* 15 0 3
cob=(4)
cfi=(175)
cfn=(1384)
calls=3 0 
* 864 255 144
* 9 0 3
cfi=(333)
cfn=(4852)
calls=3 228 
* 21 9 6
* 9 0 3 1 0 0 1
cob=(4)
cfi=(175)
cfn=(4854)
calls=3 0 
* 27 12 3
* 18 3 3
cob=(4)
cfi=(175)
cfn=(4826)
calls=3 0 
* 1809 421 254 4 0 0 4
* 15 0 3
cob=(4)
cfi=(175)
cfn=(1384)
calls=3 0 
* 879 258 144
+2 11 3 1
cob=(4)
cfi=(175)
cfn=(1384)
calls=1 0 
* 348 98 48
* 1
+1 13 6 1 1 0 0 1
cob=(4)
cfi=(175)
cfn=(1384)
calls=1 0 
* 313 91 48 0 1
+1 15 0 3
cob=(4)
cfi=(175)
cfn=(1384)
calls=3 0 
* 1470 396 234
* 3
-10 14
-2 53 18 17 1 0 0 1
+14 5 0 1
cob=(4)
cfi=(175)
cfn=(1384)
calls=1 0 
* 494 134 79
+1 5 0 1 1 0 0 1
cob=(4)
cfi=(175)
cfn=(1384)
calls=1 0 
* 396 108 48
* 9 2 1 1 0 0 1
cob=(4)
cfi=(175)
cfn=(4542)
calls=1 0 
* 3316 835 531 1 1 0 0 1
* 5 0 1
cob=(4)
cfi=(175)
cfn=(1384)
calls=1 0 
* 489 133 79
+1 5 0 1
cob=(4)
cfi=(175)
cfn=(1384)
calls=1 0 
* 494 134 79
+1 4 0 1 1 0 0 1
cfi=(276)
cfn=(3662)
calls=1 254 
* 71 19 15 6
* 9 1 1
cfn=(4880) Solution::SearchStats::~SearchStats()
calls=1 -72 
* 261 83 61 15 1
* 8 1 1 1 0 0 1
cfi=(259)
cfn=(4882)
calls=1 733 
* 9678641 2929611 2079767 40 35020 0 7 529
* 8 1 1
cfi=(259)
cfn=(2252)
calls=1 733 
* 236 73 55 11 2
* 7 5 0 1 2

fn=(2802)
35 90000 10000 30000 1 0 0 1
cfi=(259)
cfn=(2804)
calls=10000 531 
* 520000 160000 160000 2 0 0 2
* 40000 10000 10000
cfi=(259)
cfn=(2804)
calls=10000 531 
* 520000 160000 160000
* 40000 10000 10000
cfi=(280)
cfn=(2810)
calls=10000 304 
* 870000 250000 250000 5 0 0 5
* 30000 20000

fn=(3660) Solution::dist_sq(int, int) const
418 75728352 0 43273344 0 0 1
+1 248821728 140638368 10818336
cfn=(3430) Solution::dist_func_sq(float const*, float const*, int) const
calls=10818336 -25 
* 6620821632 3580869216 2672128992 0 51969856 10365 0 57 59
+1 21636672 21636672 0 0 5

fn=(3812)
237 9 1 4 1 0 0 1
+4 4 2 2
fi=(332) /usr/include/c++/13/bits/atomic_base.h
501 4 1 1
cfn=(3814) std::operator&(std::memory_order, std::__memory_order_modifier)
calls=1 108 
* 9 4 3
fe=(275)
241 96 48 48 1 24 24
fi=(332)
501 96 24 24
cfn=(3814)
calls=24 108 
* 216 96 72
* 25 0 25
+1 25 0 25
cfi=(244)
cfn=(1522)
calls=25 +39 
* 150 50 25
* 100 0 0 2 0 0 1
+1 25 0 25
cfi=(244)
cfn=(1522)
calls=25 +38 
* 150 50 25
* 100
+2 75 50 0 0 23
fe=(275)
241 25 0 25
+2 129 103 1 2 0 0 1
+2 625 200 25 27 25 0 2
+2 125 0 25
cob=(4)
cfi=(175)
cfn=(1384)
calls=25 0 
* 8900 2500 1200 19 468 99 0 1 1
* 125 0 25 1 0 0 1
cob=(4)
cfi=(175)
cfn=(3818)
calls=25 0 
* 3275 1225 900 11 25 0 8
* 75 0 25
cfi=(333)
cfn=(3836)
calls=25 -49 
* 175 75 50 1 0 0 1
* 75 0 25
cob=(4)
cfi=(175)
cfn=(3838)
calls=25 0 
* 225 100 25 2 25 0 1
* 125 25 25
cob=(4)
cfi=(175)
cfn=(3842) 0x000000000010fad0
calls=25 0 
* 62482 15734 9849 400 1444 687 170 42 38
* 125 0 25 1 0 0 1
cob=(4)
cfi=(175)
cfn=(1384)
calls=25 0 
* 7025 2075 1175 0 25
* 100 25 25 0 25
cob=(4)
cfi=(175)
cfn=(3030) 0x000000000010fc10
calls=25 0 
* 7775 2425 1275 75 349 38 19 16
+2 125 100 0 0 38
+2 144 0 48 1 0 0 1
cfi=(351)
cfn=(3944)
calls=24 573 
* 312 120 96
* 72 0 24
cfi=(352) /usr/include/c++/13/bits/this_thread_sleep.h
cfn=(3946) void std::this_thread::sleep_for<long, std::ratio<1l, 1000l> >(std::chrono::duration<long, std::ratio<1l, 1000l> > const&)
calls=24 68 
* 12960 3888 3240 30 144 24 25 13
+2 24 0 0 1
-4 1
+6 5 0 1
cob=(4)
cfi=(175)
cfn=(1384)
calls=1 0 
* 421 113 48
* 4 1 1 1
cob=(4)
cfi=(175)
cfn=(3030)
calls=1 0 
* 519 172 85 24 22 2 4
+2 7 5 0 0 2

fn=(3312)
66 304 57 114 4 0 0 1
cfi=(259)
cfn=(3314)
calls=19 1034 
* 1387651 772305 393819 317 152 6997 102 2 6992
* 114 76 0 2 0 0 1

fn=(3426)
68 92538 10282 41128 1
+1 51410 30846 10282
+1 41128 20564 0 3 0 0 1
+4 71974 51410 0 1 0 0 1

fn=(3516)
76 687876413 0 393072236 1 0 34 0 0 1
+1 589608354 196536118 98268059 2 0 0 1
cfi=(259)
cfn=(3518)
calls=98268059 1126 
* 1179216708 491340295 294804177 2 655 0 1 92
* 849314081 294804177 0 0 16131419 0 0 54545
+1 140393800 70196900 17549225 1 0 0 1
cfi=(259)
cfn=(3518)
calls=17549225 1126 
* 210590700 87746125 52647675 0 6
* 17549225 0 17549225
+1 17549225
+1 294804177 294804177 0 0 9

fn=(3562)
426 25226250 0 15135750 0 0 1 0 0 1
+1 15321912 5107304
+1 10090500 10090500

fn=(3996) Solution::VisitedList::~VisitedList()
62 152 19 57 3 0 0 1
cfi=(259)
cfn=(3998)
calls=19 733 
* 6571 2013 1463 15 40 20 2 12 5
* 57 38

fn=(4892)
35 90000 10000 30000 1 0 0 1
cfi=(280)
cfn=(2974)
calls=10000 398 
* 2820000 820000 590000 15 20014 0 1 213
* 40000 10000 10000
cfi=(259)
cfn=(2718)
calls=10000 733 
* 2789998 850000 570000 0 7
* 40000 10000 10000
cfi=(259)
cfn=(2718)
calls=10000 733 
* 3488400 1089536 759712 0 14992 0 0 316
* 30000 20000

fn=(2534)
20 16 4 7 2 0 1 2
cfi=(259)
cfn=(2536)
calls=1 531 
* 52 16 16 3 0 0 2
* 4 1 1
cfi=(259)
cfn=(2542)
calls=1 531 
* 52 16 16 3 0 1 3
* 8 3 3 1 0 0 1
cfi=(276)
cfn=(2550)
calls=1 +84 
* 23 6 8 0 0 1
* 4 1 1
cfn=(2554) Solution::SearchStats::SearchStats()
calls=1 +35 
* 981 287 210 52 1 0 51
* 4 1 1
cfi=(276)
cfn=(2550)
calls=1 +84 
* 23 6 8 0 0 1
* 4 3 0 1 0 0 1

fn=(2836) Solution::get_random_level(std::mersenne_twister_engine<unsigned long, 32ul, 624ul, 397ul, 31ul, 2567483615ul, 11ul, 4294967295ul, 7ul, 2636928640ul, 15ul, 4022730752ul, 18ul, 1812433253ul>&)
430 90000 10000 40000 2 1 0 2
+1 70000 20000 10000 0 1 0 0 1
cfi=(215)
cfn=(2838)
calls=10000 1840 
* 440000 130000 130000 4 0 0 4
+1 50000 10000 10000 1 0 0 1
cfi=(215)
cfn=(2842)
calls=10000 1899 
* 4819599 1668321 1022007 32 3965 0 32 3
* 30000 0 10000
cob=(4)
cfi=(175)
cfn=(2870) 0x000000000010fb40
calls=10000 0 
* 558230 131770 0 11 1492 0 11 37
* 80000 30000 10000
+1 80000 10000 20000 1 0 0 1
cfi=(248)
cfn=(2878)
calls=10000 233 
* 140000 70000 30000 2 1 0 2 1
* 10000 10000
+1 50000 40000

fn=(3310)
155 216 18 108 2 0 36 1 0 36
+1 54 0 36 0 0 36 0 0 36
+1 126 54 18 1 0 18 1 0 18
cfn=(3312)
calls=18 -91 
* 1314903 731534 373233 267 143 6682 104 2 6680
+1 126 18 18 0 1
cfi=(215)
cfn=(1326)
calls=18 545 
* 864486 280656 269478 37 0 1217 0 0 1206
+3 50085 20034 30051 2 1 20 1 0 19
fi=(332)
635 40068 30051 10017 0 9895
fe=(275)
161 10017 0 10017
+1 50085 40068 0 1 0 0 1
+61 54 0 18
cfn=(3996)
calls=18 62 
* 6426 1962 1440 5 36 18 3 12 5
* 72 36 0 0 18 0 0 12
-59 69993 29997 9999 1 0 0 1
cfi=(259)
cfn=(2880)
calls=9999 1126 
* 119988 49995 29997 0 2
* 19998 9999 9999 0 9999 0 0 707
+1 39996 29997 9999
+1 39996 29997 9999
+1 109989 69993 9999 1 0 0 1
+3 29997 9999 9999
+1 18753 0 18753 1 0 0 1
+1 18753
+1 44206 0 44206
+1 309442 176824 44206
cfn=(3428)
calls=44206 422 
* 28159222 15118452 11139912 0 165137 0 0 3477
* 88412 0 44206
+1 353648 132618 44206 1 0 0 1
cfi=(259)
cfn=(2880)
calls=44206 1126 
* 530472 221030 132618
* 44206 0 44206
+2 265236 88412 44206
cfi=(259)
cfn=(2682)
calls=44206 992 
* 574678 265236 88412 0 34994
* 176824 0 0 2 0 0 1
+2 265236 132618 44206
cfn=(3562)
calls=44206 426 
* 574678 176824 132618
* 44206 0 44206
+1 309442 88412 44206 1 0 0 1
cfi=(259)
cfn=(3560)
calls=44206 1145 
* 530472 221030 132618
* 88412 44206 44206 0 35115
+1 176824 44206 44206
cfi=(259)
cfn=(3564)
calls=44206 1265 
* 928326 353648 265236
* 221030 44206 44206
+2 88412 0 44206 1 0 0 1
+1 1922074 823746 274582 0 55224 0 0 7
+1 1922074 1098328 274582 1 1 1 1
cfn=(3428)
calls=274582 422 
* 174908734 93907044 69194664 0 1928418 17
* 549164 0 274582 0 0 2
+1 823746 549164 0 0 2
+1 81420 40710 40710
+1 81420 40710 40710
+1 40710 0 40710
-6 1230946 637576 274582
-11 144671 62959
-2 105009 57504 18753 1 0 0 1
+26 49995 0 9999
cfi=(248)
cfn=(2878)
calls=9999 +37 
* 139988 69993 29997
* 29997 9999 9999
+1 132366 50910 20364 1 1 0 1
cfn=(3412) Solution::search_layer_build(float const*, int, int, int, Solution::VisitedList&)
calls=10182 437 
* 74575804326 27643207274 20493589453 240 199584319 3012766 161 79902 48756
* 10182
+1 30546 0 20364 1 0 0 1
+1 40728 0 10182
cfi=(278)
cfn=(3588)
calls=10182 67 
* 6263297 1836531 1259667 30 69604 10049 5 827 142
+1 10182
+1 14580681 0 4860227 0 0 2
cfi=(324)
cfn=(3548)
calls=4860227 723 
* 335355663 121505675 92344313 0 16 12 0 3 2
* 24301135 0 4860227
cfi=(259)
cfn=(3594)
calls=4860227 1281 
* 388818160 145806810 111785221 16 327 587611 5 56 10419
+1 14580681 0 4860227 0 0 1
cfi=(324)
cfn=(3602)
calls=4860227 773 
* 16504607899 5521465868 4310244399 15 593710 1164 15 3272 152
-2 14611227 0 4870409 1 0 0 1
cfi=(324)
cfn=(3592)
calls=4870409 708 
* 647764397 228909223 180205133 0 26 22 0 5 2
* 14611227
+5 61092 30546 10182 1 19996 0 1 81
cfn=(3562)
calls=10182 426 
* 102369 30729 30546
* 10182 0 10182 0 0 10012 0 0 115
+1 71274 30546 10182
cfi=(259)
cfn=(2880)
calls=10182 1126 
* 122184 50910 30546 0 2
* 30546 0 10182
cfi=(259)
cfn=(3606)
calls=10182 1260 
* 213822 81456 61092 0 10007 0 0 5
* 50910 10182 10182 2 0 0 1
+1 10182 0 10182
+1 132366 50910 10182 1 0 0 1
cfn=(3608) Solution::get_neighbors_heuristic(int, std::vector<std::pair<float, int>, std::allocator<std::pair<float, int> > >&, int, int*, int&)
calls=10182 477 
* 13489306309 5846488441 4274505876 187 44661832 18118 60 2425 911
+1 81456 40728 10182 0 19866 0 0 11
cfi=(259)
cfn=(2880)
calls=10182 1126 
* 122184 50910 30546 0 9915
* 61092 10182 10182 2 0 0 1
cfi=(259)
cfn=(3632)
calls=10182 1126 
* 122184 50910 30546 0 9946
* 10182 0 10182 0 0 10177 0 0 433
+2 1591869 733369 114949 0 3377 0 0 2
cfn=(3634) Solution::add_connection(int, int, int)
calls=104767 503 
* 746961198 383823984 266821904 49 8413105 16566 21 358 263
* 449614 229898 104767 2 0 9 1 0 1
+1 30546 0 10182 6 0 0 1
cfi=(259)
cfn=(3522)
calls=10182 1088 
* 1252386 448008 346188 0 9944 0 0 5
* 71274 0 10182
cfi=(259)
cfn=(3670)
calls=10182 1126 
* 122184 50910 30546 1 0 0 1
* 20364 10182 10182 0 9932 0 0 8
+1 30546 0 10182
cfi=(259)
cfn=(3570)
calls=10182 733 
* 3759735 1168005 810465 12 157897 0 7 423
* 30546 0 10182 23
cfi=(324)
cfn=(3674)
calls=10182 498 
* 4035063 1258070 807903 3 20559 0 0 67
-17 50544 20181 10182 2 0 0 1
+19 59994 39996 0 0 2
+1 14 4 2 1 0 0 1
cfi=(276)
cfn=(3650)
calls=2 +32 
* 176 50 38
+1 12 8
+1 8 6 2 1 0 0 1
+1 8 6 2
+2 6 0 2
cfi=(276)
cfn=(3662)
calls=2 +33 
* 142 38 30
+1 2
+1 54 54 0 0 18 0 0 12

fn=(3412)
437 162912 20364 101820 2 2 0 2
+4 30546 10182 10182
cfi=(324)
cfn=(3414)
calls=10182 556 
* 682194 203640 213822 5 0 4 5
+1 30546 0 10182
cfi=(324)
cfn=(3424)
calls=10182 556 
* 682194 203640 213822 1 0 0 1
+2 30546 10182 10182
cfn=(3426)
calls=10182 68 
* 254550 112002 50910 4 0 0 2
+1 61092 30546 10182 1 0 0 1
cfn=(3428)
calls=10182 -23 
* 6485934 3482244 2565864 14 403 76 14 8
* 20364 0 10182
+1 61092 0 10182
cfi=(325)
cfn=(3432)
calls=10182 315 
* 366552 142548 122184 3 0 0 2
* 50910 10182 10182 1 0 0 1
cfi=(324)
cfn=(3438)
calls=10182 746 
* 14267952 4867554 3930486 81 50120 20 62 777 18
+1 61092 0 10182
cfi=(325)
cfn=(3432)
calls=10182 315 
* 366552 142548 122184
* 50910 0 10182 1 0 0 1
cfi=(324)
cfn=(3510)
calls=10182 746 
* 14267952 4867554 3930486 9 8574 18 9 201 18
+1 50910 20364 10182
cfn=(3516)
calls=10182 76 
* 580374 224004 132366 4 10006 0 3 82
+2 10182
+1 14609898 0 4869966 0 0 2 0 0 1
cfi=(324)
cfn=(3534)
calls=4869966 723 
* 336027654 121749150 92529354 2 10 5 1 1 2
* 24349830 4869966 9739932 0 784 3 0 109
cfi=(325)
cfn=(3540)
calls=4869966 1040 
* 175318776 58439592 53569626 0 0 5
* 19479864 0 9739932 1 0 16 1 0 1
cfi=(325)
cfn=(3544)
calls=4869966 1040 
* 180188742 58439592 53569626 0 3 5 0 0 2
* 4869966 0 4869966 0 0 4 0 0 1
+1 29219796 14609898 9739932 0 8 1 0 1
cfi=(324)
cfn=(3548)
calls=4869966 723 
* 336027654 121749150 92529354 1 33 10 1 2 1
* 19508169 9749367 9435 0 223 0 0 35
cfi=(324)
cfn=(3676)
calls=9435 714 
* 217005 84915 47175
* 14675943 9435 0 1 0 0 1
+22 9435
-21 14581593 0 4860531 1 0 0 1
cfi=(324)
cfn=(3550)
calls=4860531 773 
* 21280331435 7135997953 5691601876 22 3812999 2502 16 7071 328
+2 38884248 14581593 4860531 0 244 0 0 23
cfi=(259)
cfn=(2880)
calls=4860531 1126 
* 58326372 24302655 14581593 0 808
* 4860531 0 4860531 0 0 1 0 0 1
+1 34023717 9721062 4860531 0 1 0 0 1
cfi=(259)
cfn=(3560)
calls=4860531 1145 
* 58326372 24302655 14581593 1 4847419 0 1 882
* 9721062 4860531 4860531 1 4847315 1 1 556 1
+1 24302655 9721062 4860531
cfn=(3562)
calls=4860531 -31 
* 48654192 14597887 14581593 0 0 1 0 0 1
* 4860531 0 4860531 0 0 2 0 0 1
+1 19442124 4860531 4860531 0 2 1 0 1
cfi=(259)
cfn=(3564)
calls=4860531 1265 
* 102071151 38884248 29163186 1 2 4 1 0 2
* 24302655 4860531 4860531
+2 9721062 0 4860531 1 0 0 1
+1 683649302 292992558 97664186 0 4858602 0 0 687
+1 1875515400 844954034 0 1 5953563 0 0 492
+2 464018330 185607332 92803666 0 19 0 0 1
cfn=(3516)
calls=92803666 76 
* 3746336902 1347118225 820579643 2 15111838 33 0 51353 1
* 24302600 9721040 4860520 2 0 0 2
cfn=(3516)
calls=4860520 76 
* 214392620 78735781 47522505 0 774554 1 0 3202
* 292992558
+1 104146392 52073196 17357732 0 17
cfn=(3428)
calls=17357732 -43 
* 11056875284 5936344344 4374148464 1 155528858 996 0 125 126
* 34715464 0 17357732 0 0 29 0 0 8
+1 52073196 17357732 17357732 1 0 4 1 0 1
cfi=(324)
cfn=(3676)
calls=17357732 714 
* 399227836 156219588 86788660 0 44 11 0 10 2
* 124311721 29865419 12507687 0 5
cfi=(324)
cfn=(3548)
calls=12507687 723 
* 863030403 312692175 237646053 0 78 20 0 13 2
* 109276942 25015374 0 1 327 0 1 98
+1 43037988 0 7172998
cfi=(325)
cfn=(3432)
calls=7172998 315 
* 258227928 100421972 86075976 0 15 31 0 1 3
* 35864990 0 7172998 0 0 1
cfi=(324)
cfn=(3510)
calls=7172998 746 
* 9868614015 3320836228 2741138210 9 661958 1726974 6 2832 34486
+1 43037988 0 7172998 1 0 1 1
cfi=(325)
cfn=(3432)
calls=7172998 315 
* 258227928 100421972 86075976 0 98 67 0 9 7
* 35864990 7172998 7172998
cfi=(324)
cfn=(3438)
calls=7172998 746 
* 9704777974 3259205218 2626869137 24 877407 1280986 9 3969 13599
+1 21518994 7172998 7172998 0 96 1 0 8 1
cfi=(324)
cfn=(3676)
calls=7172998 714 
* 164978954 64556982 35864990 0 58 5 0 7 1
* 50006847 9495951 2322953
cfi=(324)
cfn=(3602)
calls=2322953 773 
* 10034978703 3359232847 2613410456 2 2059771 763 0 6357 126
-9 405238337 205049434 97664186 0 0 122 0 0 13
-10 14612139 0 4870713 1 0 0 1
cfi=(324)
cfn=(3520)
calls=4870713 708 
* 647804829 228923511 180216381 7 49 40 7 7 2
* 14612139
+24 10182
+1 30546 0 10182 5 0 0 1
cfi=(324)
cfn=(3568)
calls=10182 +23 
* 3924661 1219946 795510 17 167987 0 3 916
-1 10182
+1 71274 61092 0 8 10019 0 1 65

fn=(3608)
477 142548 10182 91638 1 0 0 1
+7 40728 10182 183
+1 366 183 183
+1 549 183 183
cfi=(259)
cfn=(3522)
calls=183 1088 
* 22509 8052 6222
-2 9999 0 9999
+1 19998 9999 9999
+1 29997 9999 9999 1 0 0 1
cfi=(259)
cfn=(3522)
calls=9999 1088 
* 1229877 439956 339966
* 20364
+1 30546 10182 10182
cfi=(259)
cfn=(3448)
calls=10182 893 
* 325824 122184 81456
* 40728 10182 10182
cfi=(259)
cfn=(3464)
calls=10182 873 
* 315642 122184 81456
* 30546 0 10182
cfi=(327)
cfn=(3610)
calls=10182 4851 
* 6536964219 2205566460 1665737247 180 9529 1174 53 2019 140
+2 50910 20364 20364 1 79 79 1 6 6
cfi=(259)
cfn=(3464)
calls=10182 873 
* 315642 122184 81456 0 79 0 0 11
* 40728 10182 20364
cfi=(259)
cfn=(3448)
calls=10182 893 
* 325824 122184 81456
* 14601045 0 4870409 0 0 1
cfi=(236)
cfn=(3496)
calls=4860227 1099 
* 38881816 19440908 9720454 0 1
* 4860227 0 4860227 0 0 1
+1 19440908 14580681 0 1 92 0 1 7
+1 14580681 9720454 4860227 0 493912 0 0 357
+1 14580681 9720454 4860227
+1 4860227 0 4860227
+1 9720454 0 4860227
+1 108085230 49129650 9825930 0 5000 1
cfn=(3660)
calls=9825930 -77 
* 6327898920 3399771780 2476134360 0 44143147 345 0 16 39
* 49129650 9825930 0 0 23 0 0 2
+1 9510920 0 4755460
-2 44793258 29792091 5070470 1 13 0 1 1
+5 10872891 5384062 209534 0 0 16513 0 0 726
-10 314301 0 104767
cfi=(236)
cfn=(3630)
calls=104767 1109 
* 1257204 628602 314301
* 14266380 0 4755460
cfi=(236)
cfn=(3630)
calls=4755460 1109 
* 57065520 28532760 14266380
* 24352045 0 4870409 1 0 0 1
cfi=(236)
cfn=(3616)
calls=4870409 1197 
* 165593906 63315317 48704090 0 57 4 0 2
* 14621409 0 0 1 0 0 1
+12 61092 50910 0 0 9900 0 0 4

fn=(2750)
124 13 1 7 2 0 2 2
+1 3 2 1
+1 6 2 1
cfi=(278)
cfn=(2752)
calls=1 +84 
* 564354 160293 160223 45 80017 80015 20 0 80002
+1 4 1 1 1 0 0 1
cfi=(259)
cfn=(2764)
calls=1 1260 
* 21 8 6 3 0 0 3
* 2 1 1
+1 3 1 1
cfi=(259)
cfn=(2214)
calls=1 992 
* 13 6 2 0 1
* 8 3 1 1 0 0 1
+1 7 3 1
cfi=(259)
cfn=(2768)
calls=1 1013 
* 2621095 750342 810239 49 22 10001 48 0 10001
+1 3 2 1 0 1 0 0 1
+2 4 0 1 1 0 0 1
cfi=(215)
cfn=(1326)
calls=1 545 
* 48027 15592 14971 10 0 79
+1 2 0 1 0 0 1
+1 50000 10000 10000
cfn=(2836)
calls=10000 430 
* 6417829 2130091 1282007 53 5460 0 53 42
* 10000 0 10000 1 0 0 1
+1 70000 30000 10000
cfi=(259)
cfn=(2880)
calls=10000 1126 
* 120000 50000 30000
* 10000 0 10000 0 0 1
+1 60000 20000 10000 1 0 0 1
cfi=(259)
cfn=(2880)
calls=10000 1126 
* 120000 50000 30000
* 90000 10000 20000
cfi=(259)
cfn=(2882)
calls=10000 1034 
* 17061639 5450807 4450422 54 10022 5003 53 0 4997
+1 30000 0 10000
cfi=(280)
cfn=(2934)
calls=10000 1069 
* 4020013 980019 820024 5 8 9998 5 0 9996
* 60000 20000 10000 1 0 0 1
cfi=(259)
cfn=(2880)
calls=10000 1126 
* 120000 50000 30000
* 50000 0 10000
cfi=(280)
cfn=(2952)
calls=10000 414 
* 3820000 1240000 1160000 8 0 0 8
* 30000 0 10000
cfi=(280)
cfn=(2974)
calls=10000 398 
* 670000 220000 200000 1 0 0 1
+1 10000 0 10000 1 0 0 1
+1 20724 10181 181
+1 1086 362 181
cfi=(259)
cfn=(2880)
calls=181 1126 
* 2172 905 543
* 58914 19638 9819
cfi=(259)
cfn=(2880)
calls=9819 1126 
* 117828 49095 29457
* 50000 10000 10000
cfi=(259)
cfn=(2976)
calls=10000 1013 
* 19999488 8719131 5124645 34 344 80741 17 0 80725
-7 50004 30003 10000 1 1 0 1
+10 2 1 1 1 0 0 1
+1 5 1 1
cfi=(259)
cfn=(2880)
calls=1 1126 
* 12 5 3
* 3 2 1 0 1
+2 1 0 1
+3 5 0 1 1 0 0 1
cob=(4)
cfi=(175)
cfn=(1384)
calls=1 0 
* 352 97 48 29 18 2 0 1
* 6 2 1
cob=(4)
cfi=(175)
cfn=(2986)
calls=1 0 
* 2369 697 328 24 65 15 23 2 5
* 5 0 1
cob=(4)
cfi=(175)
cfn=(1384)
calls=1 0 
* 291 84 48 0 1 0 0 1
* 3 0 1 1 0 0 1
cob=(4)
cfi=(175)
cfn=(2986)
calls=1 0 
* 428 112 66
* 5 0 1
cob=(4)
cfi=(175)
cfn=(1384)
calls=1 0 
* 301 86 48
* 6 2 1
cob=(4)
cfi=(175)
cfn=(3012) 0x000000000010f870
calls=1 0 
* 2407 697 327 14 17 0 13 2
* 5 0 1 1 0 0 1
cob=(4)
cfi=(175)
cfn=(1384)
calls=1 0 
* 324 91 48 1
* 4 1 1 0 1
cob=(4)
cfi=(175)
cfn=(3030)
calls=1 0 
* 3338 1215 601 48 71 0 35 17
+3 1 0 1
cob=(4)
cfi=(175)
cfn=(3070) 0x000000000010fd30
calls=1 0 
* 1233 374 181 28 24 0 27 8
* 1 0 1
+1 2 1
+70 4 1 2 1 0 0 1
+2 3 0 2
+2 5 1 1 1 0 0 1
cfi=(278)
cfn=(3094)
calls=1 67 
* 539 160 109 24 1 1 24 0 1
+2 2 0 1
+2 108 0 18
cfi=(278)
cfn=(3124)
calls=18 111 
* 43102 11197 9428 316 524 521 151 11 438
-2 111 56 18 1 0 0 1
+8 4 1 2
+20 5 0 1
cfi=(295)
cfn=(3778) std::thread::thread<Solution::build(int, std::vector<float, std::allocator<float> > const&)::{lambda()#1}, , void>(Solution::build(int, std::vector<float, std::allocator<float> > const&)::{lambda()#1}&&)
calls=1 154 
* 1963 476 403 12 9 27 6 0 24
+4 5 1 2 1 0 1 1
cfi=(259)
cfn=(3920)
calls=1 873 
* 31 12 8 1 1 0 1
* 4 1 2
cfi=(259)
cfn=(3240)
calls=1 893 
* 32 12 8
* 56 0 19
cfi=(236)
cfn=(3246)
calls=18 1099 
* 144 72 36 1
* 18 0 18
+2 54 18 18
cob=(4)
cfi=(175)
cfn=(3926) 0x000000000010feb0
calls=18 0 
* 9928 3123 1769 45 260 51 28 10 3
-2 54 0 18 1
cfi=(236)
cfn=(4060) __gnu_cxx::__normal_iterator<std::thread*, std::vector<std::thread, std::allocator<std::thread> > >::operator++()
calls=18 1109 
* 216 108 54 0 3
* 95 0 19 3 0 0 2
cfi=(236)
cfn=(3922) bool __gnu_cxx::operator==<std::thread*, std::vector<std::thread, std::allocator<std::thread> > >(__gnu_cxx::__normal_iterator<std::thread*, std::vector<std::thread, std::allocator<std::thread> > > const&, __gnu_cxx::__normal_iterator<std::thread*, std::vector<std::thread, std::allocator<std::thread> > > const&)
calls=19 1197 
* 646 247 190 2 3 0 1
* 57
+6 3 0 1
cob=(4)
cfi=(175)
cfn=(3926)
calls=1 0 
* 632 200 111 0 10
+1 5 0 1
cob=(4)
cfi=(175)
cfn=(1384)
calls=1 0 
* 485 133 79 3 19 2
+1 3 0 1 1 0 0 1
cfi=(295)
cfn=(4068)
calls=1 -99 
* 56 18 14 4 0 0 3
* 3 0 1
cfi=(259)
cfn=(4074)
calls=1 733 
* 1947 622 508 11 2 0 4
* 6 5 0 1 2 0 1 1

fn=(3430)
394 258211323 0 143450735 2 0 10263 2 0 36
fi=(393) /usr/lib/gcc/x86_64-linux-gnu/13/include/avxintrin.h
1247 28690147
fe=(275)
395 28690147 0 28690147 0 0 78 0 0 7
+1 200831029 57380294 28690147 0 0 205 0 0 16
+1 946774851 459042352 459042352 1 41 21 1 7 5
fi=(393)
905 918084704 918084704 0 0 43869108 0 0 3550
fe=(275)
398 1377127056 459042352 918084704 0 20 58 0 2 7
fi=(393)
905 918084704 918084704 0 0 167379729 0 0 264
fe=(275)
399 2295211760 918084704 1377127056 1 0 202 1 0 27
fi=(393)
-31 918084704 918084704
fe=(275)
+32 2295211760 918084704 1377127056 1 0 148 1 0 19
fi=(393)
-80 2295211760 1377127056 918084704 0 20 77 0 2 12
149 918084704 918084704
fe=(275)
401 459042352 0 459042352
+1 918084704 0 918084704
-5 1520577791 1004155145 28690147 2 0 21 2 0 5
fi=(393)
1472 57380294 28690147
fe=(275)
404 28690147 0 28690147 0 0 75 0 0 13
+1 200831029 86070441 86070441 1 0 83 1 0 12
fi=(394) /usr/lib/gcc/x86_64-linux-gnu/13/include/xmmintrin.h
192 57380294 57380294
fe=(275)
406 143450735 57380294 86070441 0 0 217 0 0 24
fi=(395) /usr/lib/gcc/x86_64-linux-gnu/13/include/pmmintrin.h
59 86070441 57380294
fe=(275)
407 143450735 57380294 86070441 1 0 0 1
fi=(395)
59 86070441 57380294
fe=(275)
408 86070441 28690147 57380294
fi=(394)
975 28690147 28690147 0 1 0 0 1
fe=(275)
409 28690147 0 28690147
+1 86070441 28690147 28690147
+1 143450735 57380294 28690147 2 0 0 2
+4 28690147 28690147
+1 57380294 57380294 0 0 20 0 0 2

fn=(2554)
55 19 5 7 2 0 0 2
fi=(252)
+33 1
fi=(241)
+75 1
fe=(275)
55 7 0 2
cfi=(259)
cfn=(2556)
calls=1 569 
* 946 278 201 49 1 0 48
fi=(241)
184 1
fe=(275)
55 6 4 0 1 0 0 1

fn=(3428)
422 125102677 0 71487244 3 0 6 2 0 2
+1 285948976 160846299 17871811
cfn=(3430)
calls=17871811 -29 
* 10937548332 5915569441 4414337317 12 159279082 1083 12 3770 124
+1 35743622 35743622 0 0 24 0 0 6

fn=(4880)
49 9 1 3
cfi=(259)
cfn=(4138)
calls=1 733 
* 249 80 58 15 1
* 3 2

fn=(3634)
503 1257204 104767 733369 1 0 1 1
+1 733369 209534 104767
cfi=(259)
cfn=(2880)
calls=104767 1126 
* 1257204 523835 314301 0 5
* 104767 0 104767 0 0 1
+1 419068 104767 104767 1 0 0 1
cfi=(280)
cfn=(3636)
calls=104767 -54 
* 8276593 2514408 2304874 12 104239 1 2 103
* 523835 0 104767
cfi=(276)
cfn=(3650)
calls=104767 248 
* 9219573 2619189 1990584 20 144472 46 7 199
+2 733369 209534 104767 0 4 0 0 1
cfi=(259)
cfn=(3632)
calls=104767 1126 
* 1257204 523835 314301 0 104027 0 0 3
* 209534 104767 104767 1 52027 4 1 0 1
+1 523835 209534 104767
cfn=(3562)
calls=104767 -82 
* 1050124 315119 314301
* 104767 0 104767
+1 419068 104767 104767
cfi=(259)
cfn=(3606)
calls=104767 1260 
* 2200107 838136 628602
* 523835 104767 104767
+2 25858515 11902460 2053586 2 171146 0 2 6
+2 419056 104764 818 0 1 0 0 1
+2 2454 1636
-2 103946 0 103946
+2 311838 207892
+2 628584 314292 104764 1 0 0 1
cfn=(3660)
calls=104764 -99 
* 67468016 36248344 26400528 0 550696 10007 0 39 20
* 209528 0 104764
+1 209528 104764 104764
+1 209528 0 104764
+1 9764062 4438210 887642 0 11
cfn=(3660)
calls=887642 418 
* 571641448 307124132 223685784 0 7276018 14 0 2
* 5325852 887642 0 0 2
+1 304446 101482 101482
-2 3458932 1781848 786160 1 0 0 1
+5 20393379 8452737 2430034 2 17 6218 1 0 235
+1 733348 314292 104764 0 0 208 0 0 7
+1 1047640 314292 104764 1 0 0 1
cfi=(259)
cfn=(3632)
calls=104764 1126 
* 1257168 523820 314292 0 40
* 209528 0 104764 0 0 66
+15 419056 0 104764 2 0 0 1
cfi=(276)
cfn=(3662)
calls=104764 254 
* 7438299 1990526 1571470 4 10057 0 2
* 9 0 3
cfi=(276)
cfn=(3662)
calls=3 254 
* 213 57 45
* 733369 523835 0 1 343 0 0 4

fl=(352)
fn=(3946)
68 192 24 72 1 0 0 1
+2 24 0 24
cfi=(351)
cfn=(3948)
calls=24 673 
* 912 312 240 3 0 0 3
* 144 24 48 1 0 0 1
cfi=(351)
cfn=(3954)
calls=24 836 
* 1224 432 312 3 0 0 3
* 48 0 24
cfi=(247)
cfn=(3958) std::operator<=(std::strong_ordering, std::__cmp_cat::__unspec)
calls=24 302 
* 216 72 48
* 48
+2 72 24 24
cfi=(351)
cfn=(3960)
calls=24 273 
* 1488 456 360 4 0 0 3
* 24 0 24
+1 120 24 24
cfi=(351)
cfn=(3966)
calls=24 710 
* 3696 1272 1056 8 0 0 5
* 96 0 48 1 0 0 1
cfi=(351)
cfn=(3976)
calls=24 273 
* 1296 456 360 2 0 0 1
* 24 0 24
+4 72 0 24
cfi=(351)
cfn=(3974)
calls=24 589 
* 192 96 48
-2 24 0 24
+3 72 0 24
cfi=(351)
cfn=(3982)
calls=24 589 
* 192 96 48
-3 24 0 24
+5 144 0 24 1 0 0 1
cob=(4)
cfi=(175)
cfn=(3984) 0x000000000010f8e0
calls=24 -80 
* 2352 504 336 6 120 24 6 13
* 144
+5 120 96 0 0 24

fl=(240)
fn=(1678) char const* std::__addressof<char const>(char const&)
51 1796 0 898 2 0 0 1
+1 1347 1347

fn=(1902)
51 8 0 4 2 0 0 2
+1 6 6

fn=(2908) std::remove_reference<int*&>::type&& std::move<int*&>(int*&)
97 160000 0 80000
+1 120000 120000

fn=(3294)
70 216 0 108
+1 162 162

fn=(4558)
97 16 0 8 4 0 0 1
+1 12 12

fn=(4404) std::__detail::_Hash_node<int, false>* std::__addressof<std::__detail::_Hash_node<int, false> >(std::__detail::_Hash_node<int, false>&)
51 4000 0 2000
+1 3000 3000

fn=(4416) std::__detail::_Hash_node_base** std::addressof<std::__detail::_Hash_node_base*>(std::__detail::_Hash_node_base*&)
138 500 0 200
+1 300 100 100
cfn=(4418) std::__detail::_Hash_node_base** std::__addressof<std::__detail::_Hash_node_base*>(std::__detail::_Hash_node_base*&)
calls=100 -88 
* 700 300 200
* 200 200

fn=(1502) char* std::addressof<char>(char&)
138 615 0 246
+1 369 123 123
cfn=(1504) char* std::__addressof<char>(char&)
calls=123 -88 
* 861 369 246
* 246 246

fn=(1504)
51 492 0 246
+1 369 369

fn=(1508)
97 480 0 240 3 0 0 1
+1 360 360

fn=(2208)
70 400 0 200
+1 300 300

fn=(2320)
51 4 0 2 1 0 0 1
+1 3 3

fn=(3596)
70 39085416 0 19542708 1 0 0 1
+1 29314062 29314062

fn=(3754) std::enable_if<std::__and_<std::__not_<std::__is_tuple_like<int> >, std::is_move_constructible<int>, std::is_move_assignable<int> >::value, void>::type std::swap<int>(int&, int&)
189 24637581 2737509 10950036
+8 8212527 2737509 2737509
cfn=(3756) std::remove_reference<int&>::type&& std::move<int&>(int&)
calls=2737509 97 
* 19162563 8212527 5475018 8
* 5475018 2737509 2737509 6 0 0 1
+1 8212527 2737509 2737509
cfn=(3756)
calls=2737509 97 
* 19162563 8212527 5475018 0 0 1
* 8212527 5475018 2737509 0 2 1
+1 8212527 0 2737509
cfn=(3756)
calls=2737509 97 
* 19162563 8212527 5475018 0 0 1
* 8212527 5475018 2737509 0 2 2 0 0 1
+1 16425054 10950036 0 1 3 0 0 1

fn=(3756)
97 32850108 0 16425054 8 0 2
+1 24637581 24637581

fn=(3798) std::remove_reference<std::tuple<Solution::build(int, std::vector<float, std::allocator<float> > const&)::{lambda()#1}>&>::type&& std::move<std::tuple<Solution::build(int, std::vector<float, std::allocator<float> > const&)::{lambda()#1}>&>(std::tuple<Solution::build(int, std::vector<float, std::allocator<float> > const&)::{lambda()#1}>&)
97 4 0 2 1 0 0 1
+1 3 3

fn=(4324) std::__detail::_Node_iterator<int, true, false>& std::forward<std::__detail::_Node_iterator<int, true, false>&>(std::remove_reference<std::__detail::_Node_iterator<int, true, false>&>::type&)
70 4000 0 2000 1
+1 3000 3000

fn=(4576)
97 32 0 16 1 0 0 1
+1 24 24

fn=(3128)
70 648 0 324
+1 486 486

fn=(3506) float&& std::forward<float>(std::remove_reference<float>::type&)
70 647011872 0 323505936 1 0 19 1
+1 485258904 485258904

fn=(4418)
51 400 0 200
+1 300 300

fn=(1526) std::__format::_Sink<char>* std::__addressof<std::__format::_Sink<char> >(std::__format::_Sink<char>&)
51 24 0 12
+1 18 18

fn=(1626) std::__format::_Formatting_scanner<std::__format::_Sink_iter<char>, char>::_M_format_arg(unsigned long)::{lambda(auto:1&)#1}&& std::forward<std::__format::_Formatting_scanner<std::__format::_Sink_iter<char>, char>::_M_format_arg(unsigned long)::{lambda(auto:1&)#1}>(std::remove_reference<std::__format::_Formatting_scanner<std::__format::_Sink_iter<char>, char>::_M_format_arg(unsigned long)::{lambda(auto:1&)#1}>::type&)
70 48 0 24 2 0 0 1
+1 36 36

fn=(1706) std::remove_reference<std::__cxx11::basic_string<char, std::char_traits<char>, std::allocator<char> >&>::type&& std::move<std::__cxx11::basic_string<char, std::char_traits<char>, std::allocator<char> >&>(std::__cxx11::basic_string<char, std::char_traits<char>, std::allocator<char> >&)
97 24 0 12 2 0 0 1
+1 18 18 0 2 0 0 1

fn=(2204)
51 800 0 400 1
+1 600 600

fn=(2676)
70 400 0 200 1 0 0 1
+1 300 300

fn=(3284) std::remove_reference<std::tuple<Solution::build(int, std::vector<float, std::allocator<float> > const&)::{lambda(int)#1}, unsigned int>&>::type&& std::move<std::tuple<Solution::build(int, std::vector<float, std::allocator<float> > const&)::{lambda(int)#1}, unsigned int>&>(std::tuple<Solution::build(int, std::vector<float, std::allocator<float> > const&)::{lambda(int)#1}, unsigned int>&)
97 144 0 72 2 0 0 1
+1 108 108

fn=(3304)
70 216 0 108
+1 162 162

fn=(3440)
97 1116629428 0 558314714 1 0 57 1 0 9
+1 837472071 837472071

fn=(3446)
70 282478204 0 141239102 1 0 7 1
+1 211858653 211858653

fn=(3508) int&& std::forward<int>(std::remove_reference<int>::type&)
70 647011872 0 323505936 2 0 22 2 0 3
+1 485258904 485258904

fn=(3726)
70 906945360 0 453472680 0 0 263 0 0 37
+1 680209020 680209020

fn=(4180) std::equal_to<int> const& std::forward<std::equal_to<int> const&>(std::remove_reference<std::equal_to<int> const&>::type&)
70 400 0 200
+1 300 300

fn=(4448)
70 16 0 8
+1 12 12

fn=(3680)
51 162202548 0 81101274 2 0 3 1
+1 121651911 121651911

fn=(4402) std::__detail::_Hash_node<int, false>* std::addressof<std::__detail::_Hash_node<int, false> >(std::__detail::_Hash_node<int, false>&)
138 5000 0 2000
+1 3000 1000 1000
cfn=(4404)
calls=1000 -88 
* 7000 3000 2000
* 2000 2000

fn=(2368)
70 400 0 200 1 0 0 1
+1 300 300

fn=(2672)
51 800 0 400 2 0 0 1
+1 600 600

fn=(2754)
51 4 0 2 1
+1 3 3

fn=(3126)
70 720 0 360 1 0 0 1
+1 540 540

fn=(3376) std::remove_reference<unsigned short*&>::type&& std::move<unsigned short*&>(unsigned short*&)
97 304 0 152
+1 228 228

fn=(1524) std::__format::_Sink<char>* std::addressof<std::__format::_Sink<char> >(std::__format::_Sink<char>&)
138 30 0 12
+1 18 6 6 2 0 0 1
cfn=(1526)
calls=6 -88 
* 42 18 12
* 12 12

fn=(1676) char const* std::addressof<char const>(char const&)
138 2245 0 898 2
+1 1347 449 449
cfn=(1678)
calls=449 -88 
* 3143 1347 898 2 0 0 1
* 898 898

fn=(2364)
51 800 0 400 2 0 0 1
+1 600 600

fn=(2972)
70 40000 0 20000
+1 30000 30000

fn=(3436)
70 57888112 0 28944056 1 0 0 1
+1 43416084 43416084

fn=(4080)
51 72 0 36 2 0 0 1
+1 54 54

fn=(4176) std::hash<int> const& std::forward<std::hash<int> const&>(std::remove_reference<std::hash<int> const&>::type&)
70 400 0 200 1
+1 300 300

fn=(4896)
97 40000 0 20000
+1 30000 30000

fn=(3750) std::enable_if<std::__and_<std::__not_<std::__is_tuple_like<float> >, std::is_move_constructible<float>, std::is_move_assignable<float> >::value, void>::type std::swap<float>(float&, float&)
189 24637581 2737509 10950036 7 6 0 1 1
+8 8212527 2737509 2737509 0 0 14 0 0 1
cfn=(3752) std::remove_reference<float&>::type&& std::move<float&>(float&)
calls=2737509 97 
* 19162563 8212527 5475018 2 0 0 1
* 5475018 2737509 2737509 2 10 0 1 2
+1 8212527 2737509 2737509
cfn=(3752)
calls=2737509 97 
* 19162563 8212527 5475018
* 8212527 5475018 2737509 0 7 0 0 1
+1 8212527 0 2737509
cfn=(3752)
calls=2737509 97 
* 19162563 8212527 5475018
* 8212527 5475018 2737509
+1 16425054 10950036 0 2 0 0 1

fn=(3752)
97 32850108 0 16425054 2 0 0 1
+1 24637581 24637581

fn=(4348) int const& std::forward<int const&>(std::remove_reference<int const&>::type&)
70 11568 0 5784 1 0 0 1
+1 8676 8676

fn=(1528) std::remove_reference<std::__format::_Sink_iter<char>&>::type&& std::move<std::__format::_Sink_iter<char>&>(std::__format::_Sink_iter<char>&)
97 264 0 132 2 0 0 1
+1 198 198

fn=(2798)
51 80000 0 40000 2 0 0 1
+1 60000 60000

fn=(4184) std::allocator<std::__detail::_Hash_node<int, false> >&& std::forward<std::allocator<std::__detail::_Hash_node<int, false> > >(std::remove_reference<std::allocator<std::__detail::_Hash_node<int, false> > >::type&)
70 800 0 400
+1 600 600

fn=(2628)
51 40004 0 20002 1 0 0 1
+1 30003 30003

fn=(3434) float& std::forward<float&>(std::remove_reference<float&>::type&)
70 57836112 0 28918056 1
+1 43377084 43377084

fn=(3780)
70 36 0 18
+1 27 27

fn=(4326) bool&& std::forward<bool>(std::remove_reference<bool>::type&)
70 4000 0 2000 1
+1 3000 3000

fl=(252)
fn=(2574)
126 909 101 505 2 0 0 1
233 101
-99 707 101 0 2 0 0 1
+17 404 101 101
cob=(4)
cfi=(175)
cfn=(1694)
calls=101 0 
* 7135 1807 1067 15 2 1 13
* 101
+1 202 202 0 2 0 0 1

fn=(2788)
126 9 1 5 1 0 0 1
233 1
-99 7 1
+17 4 1 1 1 0 0 1
cob=(4)
cfi=(175)
cfn=(1694)
calls=1 0 
* 330 70 43 0 16 1 0 0 1
* 1
+1 2 2

fn=(3338)
126 171 19 95 3 0 0 1
233 19
-99 133 19 0 3 0 0 1
+17 76 19 19
cob=(4)
cfi=(175)
cfn=(1694)
calls=19 0 
* 29246 2843 5801 105 145 905 28 2 903
* 19
+1 38 38 0 0 1

fn=(3474)
126 1978119 219791 1098955 1 0 0 1
233 219791
-99 1538537 219791 0 1 0 0 1
+17 879164 219791 219791
cob=(4)
cfi=(175)
cfn=(1694)
calls=219791 0 
* 25067002 5664339 3261628 22 586253 83496 2 5804 751
* 219791
+1 439582 439582

fn=(4006)
156 133 0 76 2
+16 114 38 19
cob=(4)
cfi=(175)
cfn=(1730)
calls=19 0 
* 3645 1025 627 0 39 19 0 12 5
+1 38 38

fn=(4152)
156 707 0 404 2 0 0 1
+16 606 202 101
cob=(4)
cfi=(175)
cfn=(1730)
calls=101 0 
* 9595 2828 1414 0 1
+1 202 202

fn=(4818)
156 7 0 4 1 0 0 1
+16 10 2 1 1
cob=(4)
cfi=(175)
cfn=(1730)
calls=1 0 
* 189 53 33
+1 2 2

fn=(2658)
126 9 1 5 1 0 0 1
233 1
-99 7 1
+17 7 1 1 1 0 0 1
cob=(4)
cfi=(175)
cfn=(1694)
calls=1 0 
* 385 68 44 0 1
* 1
+1 2 2

fn=(2732)
156 140707 0 80404 1
+16 120606 40202 20101 2 0 0 1
cob=(4)
cfi=(175)
cfn=(1730)
calls=20101 0 
* 3210991 902864 451026 2 14998 0 0 316
+1 40202 40202

fn=(4268) std::__new_allocator<std::__detail::_Hash_node<int, false> >::allocate(unsigned long, void const*)
126 9000 1000 5000 2 0 0 2
233 1000
-99 7000 1000
+17 4000 1000 1000 1 0 0 1
cob=(4)
cfi=(175)
cfn=(1694)
calls=1000 0 
* 84464 21368 11901 0 1 3
* 1000
+1 2000 2000

fn=(1884)
126 927 103 515 2 0 0 2
233 103
-99 721 103
+17 412 103 103 1 0 1 1
cob=(4)
cfi=(175)
cfn=(1694)
calls=103 0 
* 21215 4340 2243 34 14 109 12 1 104
* 103
+1 206 206

fn=(2266)
156 721 0 412 1 0 0 1
+16 618 206 103 2 0 0 1
cob=(4)
cfi=(175)
cfn=(1730)
calls=103 0 
* 23320 6957 3731 2 135 1
+1 206 206

fn=(2350)
126 9 1 5
233 1
-99 7 1 0 1 0 0 1
+17 7 1 1 1 0 0 1
cob=(4)
cfi=(175)
cfn=(1694)
calls=1 0 
* 194 40 21 0 1 1 0 0 1
* 1
+1 2 2

fn=(2616)
126 180909 20101 100505 2 0 0 2
233 20101
-99 140707 20101
+17 80404 20101 20101 1 0 0 1
cob=(4)
cfi=(175)
cfn=(1694)
calls=20101 0 
* 4077491 846283 423642 22 367 15012 5 0 14995
* 20101
+1 40202 40202

fn=(4422) std::__new_allocator<std::__detail::_Hash_node_base*>::deallocate(std::__detail::_Hash_node_base**, unsigned long)
156 700 0 400
+16 600 200 100
cob=(4)
cfi=(175)
cfn=(1730)
calls=100 0 
* 9500 2800 1400
+1 200 200

fn=(3582)
156 1538537 0 879164 2 0 0 1
+16 1318746 439582 219791
cob=(4)
cfi=(175)
cfn=(1730)
calls=219791 0 
* 28990165 8447985 4212210 33 491840 13 7 1505 2
+1 439582 439582

fn=(4306) std::__new_allocator<std::__detail::_Hash_node_base*>::allocate(unsigned long, void const*)
126 900 100 500 1 0 0 1
233 100
-99 700 100
+17 400 100 100
cob=(4)
cfi=(175)
cfn=(1694)
calls=100 0 
* 6751 1738 1022 0 5 3
* 100
+1 200 200

fn=(4906)
156 7 0 4 1
+16 7 2 1
cob=(4)
cfi=(175)
cfn=(1730)
calls=1 0 
* 82 21 11 6 4 0 3
+1 2 2

fn=(4408) std::__new_allocator<std::__detail::_Hash_node<int, false> >::deallocate(std::__detail::_Hash_node<int, false>*, unsigned long)
156 7000 0 4000 1 0 0 1
+16 7000 2000 1000
cob=(4)
cfi=(175)
cfn=(1730)
calls=1000 0 
* 103800 29500 13700
+1 2000 2000

fn=(1692)
126 1881 209 1045 3 0 0 2
233 209
-99 1463 209
+17 627 209 209 2 0 1 1
cob=(4)
cfi=(175)
cfn=(1694)
calls=209 0 
* 14020 3631 2123 6 3 3 4 0 3
* 209
+1 418 418

fn=(2190)
126 9 1 5 1 0 0 1
233 1
-99 7 1
+17 7 1 1 1 0 0 1
cob=(4)
cfi=(175)
cfn=(1694)
calls=1 0 
* 194 40 21 0 1 1 0 0 1
* 1
+1 2 2

fn=(2308)
126 909 101 505 0 0 1
233 101 0 0 1 0 0 1
-99 707 101
+17 404 101 101 1 0 0 1
cob=(4)
cfi=(175)
cfn=(1694)
calls=101 0 
* 21210 4343 2121 0 2 105 0 0 101
* 101
+1 202 202

fn=(4092)
156 7 0 4
+16 6 2 1
cob=(4)
cfi=(175)
cfn=(1730)
calls=1 0 
* 95 28 14 0 2
+1 2 2

fn=(4932)
156 7 0 4
+16 10 2 1 1
cob=(4)
cfi=(175)
cfn=(1730)
calls=1 0 
* 189 53 33
+1 2 2

fn=(1728)
156 763 0 436 2 0 0 1
+16 545 218 109
cob=(4)
cfi=(175)
cfn=(1730)
calls=109 0 
* 11832 3590 1798 24 26 0 14 1
+1 218 218

fn=(2424)
156 707 0 404 2 0 0 2
+16 606 202 101
cob=(4)
cfi=(175)
cfn=(1730)
calls=101 0 
* 12413 3298 1320 0 151
+1 202 202

fn=(3110)
126 9 1 5 2 0 0 2
233 1
-99 7 1
+17 4 1 1 1 0 0 1
cob=(4)
cfi=(175)
cfn=(1694)
calls=1 0 
* 207 42 21 0 1 1 0 0 1
* 1
+1 2 2

fn=(4956)
156 7 0 4 1 0 0 1
+16 10 2 1
cob=(4)
cfi=(175)
cfn=(1730)
calls=1 0 
* 216 63 36 0 1
+1 2 2

fl=(233)
fn=(1532) std::basic_format_context<std::__format::_Sink_iter<char>, char>::basic_format_context(std::basic_format_args<std::basic_format_context<std::__format::_Sink_iter<char>, char> >, std::__format::_Sink_iter<char>)
3454 66 0 30
+2 48 18 18 2 0 0 1
cfi=(240)
cfn=(1528)
calls=6 97 
* 42 18 12
* 36 18 12
691 30 12 12
3457 18 12

fn=(1534) std::__format::_Formatting_scanner<std::__format::_Sink_iter<char>, char>::_Formatting_scanner(std::basic_format_context<std::__format::_Sink_iter<char>, char>&, std::basic_string_view<char, std::char_traits<char> >)
3625 48 0 30 2 0 0 1
+2 36 18 6 2 0 0 1
cfn=(1536) std::__format::_Scanner<char>::_Scanner(std::basic_string_view<char, std::char_traits<char> >, unsigned long)
calls=6 3510 
* 450 150 138 17 0 0 4
* 36 18 12
+1 18 12

fn=(1548) std::__format::_Scanner<char>::begin() const
3514 540 60 180 4 0 0 2
cfn=(1550)
calls=60 214 
* 480 240 120
* 120 120

fn=(1612) std::basic_format_parse_context<char>::advance_to(char const*)
218 120 0 72 2 0 0 1
+1 144 96 24

fn=(1624) decltype(auto) std::visit_format_arg<std::__format::_Formatting_scanner<std::__format::_Sink_iter<char>, char>::_M_format_arg(unsigned long)::{lambda(auto:1&)#1}, std::basic_format_context<std::__format::_Sink_iter<char>, char> >(std::__format::_Formatting_scanner<std::__format::_Sink_iter<char>, char>::_M_format_arg(unsigned long)::{lambda(auto:1&)#1}&&, std::basic_format_arg<std::basic_format_context<std::__format::_Sink_iter<char>, char> >)
3190 36 0 18 2 0 0 1
+2 30 12 6
cfi=(240)
cfn=(1626)
calls=6 70 
* 42 18 12 2 0 0 1
* 24 0 6
cfn=(1628) decltype(auto) std::basic_format_arg<std::basic_format_context<std::__format::_Sink_iter<char>, char> >::_M_visit<std::__format::_Formatting_scanner<std::__format::_Sink_iter<char>, char>::_M_format_arg(unsigned long)::{lambda(auto:1&)#1}>(std::__format::_Formatting_scanner<std::__format::_Sink_iter<char>, char>::_M_format_arg(unsigned long)::{lambda(auto:1&)#1}&&, std::__format::_Arg_t)
calls=6 -68 
* 33599 9841 7029 580 115 61 239 15
* 6
+1 18 18

fn=(1638) std::basic_format_context<std::__format::_Sink_iter<char>, char>::iterator std::formatter<std::basic_string_view<char, std::char_traits<char> >, char>::format<std::__format::_Sink_iter<char> >(std::basic_string_view<char, std::char_traits<char> >, std::basic_format_context<std::__format::_Sink_iter<char>, char>&) const
1995 11 0 5 2 0 0 2
+2 6 4 1
cfn=(1640) std::__format::_Sink_iter<char> std::__format::__formatter_str<char>::format<std::__format::_Sink_iter<char> >(std::basic_string_view<char, std::char_traits<char> >, std::basic_format_context<std::__format::_Sink_iter<char>, char>&) const
calls=1 819 
* 582 192 150 3 1 5 3 1
* 2 2

fn=(4608) std::__format::__formatter_fp<char>::parse(std::basic_format_parse_context<char>&)
1325 9 1 4 1 0 0 1
+2 2 0 2 1 0 0 1
+1 3 1 1
cfn=(1554)
calls=1 215 
* 8 4 2
* 1 0 1
+1 3 1 1
cfn=(1550)
calls=1 214 
* 8 4 2
* 1 0 1
+2 4 1 2
+4 6 0 3 1 0 0 1
+9 3 0 1
cfn=(4610) std::__format::__formatter_fp<char>::parse(std::basic_format_parse_context<char>&)::{lambda()#2}::operator()() const
calls=1 -9 
* 42 22 7 1 0 0 1
* 2
+1 2 1
+73 5 4 0 2 0 0 2

fn=(1442)
3821 18 3 8 2 0 0 2
3366 3 1 1
cfn=(1444) std::__format::_Arg_value<std::basic_format_context<std::__format::_Sink_iter<char>, char> > std::__format::_Arg_store<std::basic_format_context<std::__format::_Sink_iter<char>, char>, std::basic_string_view<char, std::char_traits<char> > >::_S_make_elt<std::basic_string_view<char, std::char_traits<char> > >(std::basic_string_view<char, std::char_traits<char> >&)
calls=1 -13 
* 129 49 38 12 0 0 12
* 2 0 2
+1 1
+49 8 4 4
3822 9 2 3 1 0 0 1
cfn=(1456) std::basic_format_args<std::basic_format_context<std::__format::_Sink_iter<char>, char> >::basic_format_args<std::basic_string_view<char, std::char_traits<char> > >(std::__format::_Arg_store<std::basic_format_context<std::__format::_Sink_iter<char>, char>, std::basic_string_view<char, std::char_traits<char> > > const&)
calls=1 3377 
* 327 105 91 12 0 0 12
123 2 2
3822 13 3 1 1 0 0 1
cfn=(1480) std::vformat[abi:cxx11](std::basic_string_view<char, std::char_traits<char> >, std::basic_format_args<std::basic_format_context<std::__format::_Sink_iter<char>, char> >)
calls=1 -37 
* 6372 2074 1658 218 5 8 218 2 1
* 6 5

fn=(1536)
3510 66 0 30 5 0 0 1
+1 66 30 12 6 0 0 1
cfn=(1538) std::basic_format_parse_context<char>::basic_format_parse_context(std::basic_string_view<char, std::char_traits<char> >, unsigned long)
calls=6 206 
* 300 108 96 6 0 0 2
+1 18 12

fn=(1554)
215 336 168 84

fn=(1632) std::__format::__formatter_str<char>::parse(std::basic_format_parse_context<char>&)
767 9 1 4 2 0 1 2
+2 3 1 1
cfn=(1550)
calls=1 214 
* 8 4 2
* 1 0 1
+1 3 1 1
cfn=(1554)
calls=1 215 
* 8 4 2
* 1 0 1
+1 2 0 2
+2 4 1 2 1 0 0 1
+4 6 0 3
+9 3 0 1
cfn=(1634) std::__format::__formatter_str<char>::parse(std::basic_format_parse_context<char>&)::{lambda()#2}::operator()() const
calls=1 -9 
* 42 22 7 1 0 1 1
* 2
+1 2 1
+28 5 4 0 1 0 0 1

fn=(1634)
777 5 0 2 1 0 0 1
+1 14 10
+2 4 2 1
cfn=(1636) std::__format::__formatter_str<char>::parse(std::basic_format_parse_context<char>&)::{lambda()#1}::operator()() const
calls=1 -7 
* 15 8 4 0 0 1
+1 2
-4 2 2

fn=(4454) void std::basic_format_arg<std::basic_format_context<std::__format::_Sink_iter<char>, char> >::handle::_S_format<std::chrono::duration<double, std::ratio<1l, 1l> > const>(std::basic_format_parse_context<char>&, std::basic_format_context<std::__format::_Sink_iter<char>, char>&, void const*)
2873 40 4 20 1 0 0 1
+4 12 0 4
cfi=(373)
cfn=(4456)
calls=4 1593 
* 228 68 68 8 0 0 3
+1 20 4 4
cfi=(373)
cfn=(4466)
calls=4 1596 
* 540 200 160 14 0 0 8
* 20 4 4
cfn=(1612)
calls=4 218 
* 44 16 16
+1 8 4 4
+1 24 8 4 1
cfi=(373)
cfn=(4476)
calls=4 1608 
* 29150 8528 5953 448 103 53 121 4
* 20 4 4
cfn=(1610) std::basic_format_context<std::__format::_Sink_iter<char>, char>::advance_to(std::__format::_Sink_iter<char>)
calls=4 3490 
* 88 28 28
+1 24 16

fn=(1458) auto std::__format::__pack_arg_types<5, 1ul>(std::array<std::__format::_Arg_t, 1ul> const&)
3232 54 6 24 4 0 0 2
+2 6 0 6
+1 30 6 6
cfi=(235)
cfn=(1460)
calls=6 151 
* 276 90 84 6 0 0 3
* 6
+1 36 6 6
cfi=(236)
cfn=(1476) std::reverse_iterator<std::__format::_Arg_t const*>::operator*() const
calls=6 264 
* 66 30 24
* 24 6 6
-1 18 0 6
cfi=(236)
cfn=(1478) std::reverse_iterator<std::__format::_Arg_t const*>::operator++()
calls=6 296 
* 72 36 18 1
* 60 12 12 2 0 0 1
cfi=(235)
cfn=(1468)
calls=12 161 
* 540 180 168 4 0 0 4
* 60 0 12
cfi=(236)
cfn=(1472) bool std::operator==<std::__format::_Arg_t const*>(std::reverse_iterator<std::__format::_Arg_t const*> const&, std::reverse_iterator<std::__format::_Arg_t const*> const&)
calls=12 593 
* 420 156 120 2 0 0 2
* 36
+2 6 6
+1 36 30

fn=(1546) std::__format::_Scanner<char>::_M_fmt_str() const
3581 162 18 72 4 0 0 2
+1 54 18 18
cfn=(1548)
calls=18 -68 
* 342 126 90 4 0 0 2
* 72 18 18
cfn=(1552) std::__format::_Scanner<char>::end() const
calls=18 -67 
* 342 126 90 2 0 0 1
* 90 0 18
cfi=(234)
cfn=(1556) std::basic_string_view<char, std::char_traits<char> >::basic_string_view<char const*, char const*>(char const*, char const*)
calls=18 155 
* 666 234 216 4 0 0 2
* 144 126

fn=(1552)
3515 324 36 108 2 0 0 1
cfn=(1554)
calls=36 215 
* 288 144 72
* 72 72

fn=(1640)
819 11 0 5 1 0 0 1
+8 5 2
+1 5 2 0 1 0 0 1
+1 3 1 1
cfn=(1578) std::basic_format_context<std::__format::_Sink_iter<char>, char>::out()
calls=1 3488 
* 19 7 5
* 7 2 1
cfn=(1580) std::__format::_Sink_iter<char> std::__format::__write<std::__format::_Sink_iter<char>, char>(std::__format::_Sink_iter<char>, std::basic_string_view<char, std::char_traits<char> >)
calls=1 594 
* 529 176 138 0 1 5 0 1
* 1
+16 2 2 0 1 0 0 1

fn=(4592) unsigned long std::__format::_Spec<char>::_M_get_width<std::basic_format_context<std::__format::_Sink_iter<char>, char> >(std::basic_format_context<std::__format::_Sink_iter<char>, char>&) const
552 45 5 20 3 0 0 2
+2 5 0 5
+1 25 10
+2 25 10
+2 5 5 0 3 0 0 1
+1 25 20 0 4 0 0 1

fn=(4614) std::basic_format_context<std::__format::_Sink_iter<char>, char>::iterator std::formatter<double, char>::format<std::__format::_Sink_iter<char> >(double, std::basic_format_context<std::__format::_Sink_iter<char>, char>&) const
2092 7 0 4 1 0 0 1
+1 7 3 1 1 0 0 1
cfn=(4616) std::basic_format_context<std::__format::_Sink_iter<char>, char>::iterator std::__format::__formatter_fp<char>::format<double, std::__format::_Sink_iter<char> >(double, std::basic_format_context<std::__format::_Sink_iter<char>, char>&) const
calls=1 1422 
* 2057 497 415 70 9 1 70 9
* 2 2

fn=(1582) std::__format::_Sink<char>::_M_write(std::basic_string_view<char, std::char_traits<char> >)
2456 306 36 126 4 0 2 2
-26 108 36 18 2 0 0 1
cfi=(237)
cfn=(1492)
calls=18 301 
* 558 216 144 0 0 2
* 126 18 36
cfi=(236)
cfn=(1584) __gnu_cxx::__normal_iterator<char*, std::span<char, 18446744073709551615ul> >::difference_type __gnu_cxx::operator-<char*, std::span<char, 18446744073709551615ul> >(__gnu_cxx::__normal_iterator<char*, std::span<char, 18446744073709551615ul> > const&, __gnu_cxx::__normal_iterator<char*, std::span<char, 18446744073709551615ul> > const&)
calls=18 1334 
* 630 234 180 4 0 0 2
* 72 0 18
cfi=(237)
cfn=(1588)
calls=18 420 
* 2232 774 630 14 0 2 7
* 18
+28 36 0 36
+1 72 0 18 4 0 0 2
cfi=(237)
cfn=(1590)
calls=18 253 
* 342 126 90
* 72 0 18
cfi=(234)
cfn=(1450)
calls=18 229 
* 144 72 36
* 72 0 0 2 0 0 1
+8 54 0 18
cfi=(234)
cfn=(1450)
calls=18 229 
* 144 72 36
* 72
+2 54 0 18
cfi=(234)
cfn=(1450)
calls=18 229 
* 144 72 36
* 72 0 18
cfi=(237)
cfn=(1594)
calls=18 294 
* 144 72 36
* 108 0 18 2 0 0 1
cfi=(234)
cfn=(1596) std::basic_string_view<char, std::char_traits<char> >::copy(char*, unsigned long, unsigned long) const
calls=18 321 
* 2446 858 606 25 2 0 14 1
+1 54 0 18
cfi=(234)
cfn=(1450)
calls=18 229 
* 144 72 36
* 108 18 18
cfi=(236)
cfn=(1608) __gnu_cxx::__normal_iterator<char*, std::span<char, 18446744073709551615ul> >::operator+=(long)
calls=18 1142 
* 252 126 72 2 0 0 2
+2 126 90 0 2 0 0 1

fn=(1630) auto std::__format::_Formatting_scanner<std::__format::_Sink_iter<char>, char>::_M_format_arg(unsigned long)::{lambda(auto:1&)#1}::operator()<std::basic_string_view<char, std::char_traits<char> > >(std::basic_string_view<char, std::char_traits<char> >&) const
3648 10 1 5 2 0 0 2
+9 2 0 2
+1 7 4 1
1991 5 1 1 1 0 0 1
cfn=(1632)
calls=1 767 
* 99 39 27 5 0 2 5
* 1
3658 3 0 1
cfn=(1612)
calls=1 218 
* 11 4 4
+1 12 9 1 1 0 0 1
cfn=(1638)
calls=1 1995 
* 601 198 156 5 1 5 5 1
* 3 0 1
cfn=(1610)
calls=1 3490 
* 22 7 7
-11 7 5

fn=(1648) std::__format::_Seq_sink<std::__cxx11::basic_string<char, std::char_traits<char>, std::allocator<char> > >::get() &&
2536 60 6 30 2 0 0 1
+2 12 6 6
2424 36 12 6
cfi=(237)
cfn=(1492)
calls=6 301 
* 186 72 48
* 42 6 12 2 0 0 1
cfi=(236)
cfn=(1584)
calls=6 1334 
* 210 78 60
* 18 0 6
cfi=(237)
cfn=(1650)
calls=6 358 
* 558 186 156 4 0 0 2
* 6
2538 30 0 18
cfi=(237)
cfn=(1590)
calls=6 253 
* 114 42 30
* 24 0 0 2 0 0 1
+1 18 6 6
cfn=(1652) std::__format::_Seq_sink<std::__cxx11::basic_string<char, std::char_traits<char>, std::allocator<char> > >::_M_overflow()
calls=6 -30 
* 7149 2313 1815 69 0 1 41 0 1
+1 24 6 6
cfi=(240)
cfn=(1706)
calls=6 97 
* 42 18 12 4 0 0 2
* 30 6 6
cfi=(239)
cfn=(1708)
calls=6 677 
* 2412 792 708 14 0 1 7
+1 42 36 0 2 0 0 1

fn=(1652)
2509 60 6 30 2 0 0 1
+2 12 6 6
-87 36 12 6
cfi=(237)
cfn=(1492)
calls=6 301 
* 186 72 48
* 42 6 12 2 0 0 1
cfi=(236)
cfn=(1584)
calls=6 1334 
* 210 78 60
* 18 0 6
cfi=(237)
cfn=(1650)
calls=6 358 
* 558 186 156
* 6
+87 12 0 12
+1 18 0 6
cfi=(237)
cfn=(1654)
calls=6 263 
* 186 60 48
* 12
+3 30 6 6 2 0 0 1
cfi=(237)
cfn=(1590)
calls=6 253 
* 114 42 30
* 24 0 6
cfi=(237)
cfn=(1594)
calls=6 294 
* 48 24 12
* 24 0 6
cfi=(239)
cfn=(1656)
calls=6 1455 
* 5265 1689 1299 63 0 1 38 0 1
+3 12 6 6
-82 30 12 6
cfi=(237)
cfn=(1492)
calls=6 301 
* 186 72 48
* 12 0 6
+83 48 36

fn=(4440) std::basic_format_arg<std::basic_format_context<std::__format::_Sink_iter<char>, char> >::basic_format_arg<std::chrono::duration<double, std::ratio<1l, 1l> > >(std::chrono::duration<double, std::ratio<1l, 1l> >&)
3102 36 4 16 1 0 0 1
+1 8 4 4
2762 4
3111 20 4 4
cfn=(4442) std::basic_format_arg<std::basic_format_context<std::__format::_Sink_iter<char>, char> >::handle::handle<std::chrono::duration<double, std::ratio<1l, 1l> > >(std::chrono::duration<double, std::ratio<1l, 1l> >&)
calls=4 2885 
* 64 24 24 3 0 0 1
* 24 12 4 1 0 0 1
cfn=(4444) void std::basic_format_arg<std::basic_format_context<std::__format::_Sink_iter<char>, char> >::_M_set<std::basic_format_arg<std::basic_format_context<std::__format::_Sink_iter<char>, char> >::handle>(std::basic_format_arg<std::basic_format_context<std::__format::_Sink_iter<char>, char> >::handle)
calls=4 -18 
* 288 92 92 9 0 0 2
+1 24 16

fn=(4596)
3821 18 3 8 2 0 0 2
3366 3 1 1
cfn=(4598) std::__format::_Arg_value<std::basic_format_context<std::__format::_Sink_iter<char>, char> > std::__format::_Arg_store<std::basic_format_context<std::__format::_Sink_iter<char>, char>, double>::_S_make_elt<double>(double&)
calls=1 -13 
* 62 24 19 2 0 0 1
* 2 0 2
+1 1
+49 8 4 4 1 0 0 1
3822 9 2 3
cfn=(4604) std::basic_format_args<std::basic_format_context<std::__format::_Sink_iter<char>, char> >::basic_format_args<double>(std::__format::_Arg_store<std::basic_format_context<std::__format::_Sink_iter<char>, char>, double> const&)
calls=1 3377 
* 327 105 91 3 0 0 3
123 2 2 0 1 0 0 1
3822 13 3 1
cfn=(1480)
calls=1 -37 
* 7700 2351 1911 85 9 1 84 9
* 6 5 0 1 0 0 1

fn=(4598)
3353 8 1 3 1 0 0 1
+2 5 1 1
cfn=(4600) std::basic_format_arg<std::basic_format_context<std::__format::_Sink_iter<char>, char> >::basic_format_arg<double>(double&)
calls=1 3102 
* 38 14 13 1
+2 6 4 2
+3 5 4

fn=(4612) std::__format::__formatter_fp<char>::parse(std::basic_format_parse_context<char>&)::{lambda()#1}::operator()() const
1331 4 0 2
+1 8 6 2
-1 3 2

fn=(1480)
3785 114 6 48 6 0 0 3
2527 12 0 6
-33 42 12 6
cfi=(237)
cfn=(1482)
calls=6 189 
* 384 120 120 16 0 0 9
* 30 12 18 2 0 0 1
-77 72 30 24 2 0 0 1
cfi=(237)
cfn=(1492)
calls=6 301 
* 186 72 48 4 0 0 2
* 6 0 6
+1 6
+76 18 6 6
+1 6
+32 36 0 12 2 0 0 1
cfi=(239)
cfn=(1496)
calls=6 522 
* 1128 354 324 27 0 0 14
* 18 0 6
2365 18 6 6
cfi=(240)
cfn=(1524)
calls=6 138 
* 102 36 30 2 0 0 1
* 12 0 6
2481 60 30 30 2 0 0 1
3760 18 0 6 2 0 0 1
cfi=(240)
cfn=(1528)
calls=6 97 
* 42 18 12 2 0 0 1
* 42 18 6
cfn=(1530) std::__format::_Sink_iter<char> std::__format::__do_vformat_to<std::__format::_Sink_iter<char>, char, std::basic_format_context<std::__format::_Sink_iter<char>, char> >(std::__format::_Sink_iter<char>, std::basic_string_view<char, std::char_traits<char> >, std::basic_format_args<std::basic_format_context<std::__format::_Sink_iter<char>, char> > const&, std::locale const*)
calls=6 -46 
* 51883 15895 11763 792 122 62 347 17
* 6
+28 18 0 6 2 0 0 1
cfi=(250)
cfn=(1646)
calls=6 97 
* 42 18 12 2 0 0 1
* 30 6 6
cfn=(1648)
calls=6 2536 
* 11013 3585 2925 99 0 2 56 0 1
* 6
+1 18 0 6
cfn=(1710) std::__format::_Seq_sink<std::__cxx11::basic_string<char, std::char_traits<char>, std::allocator<char> > >::~_Seq_sink()
calls=6 2501 
* 744 222 192 5 0 0 4
-1 6
+1 42 36 0 3 0 0 2

fn=(1530)
3714 96 6 48 4 0 0 2
+4 18 0 6
cfi=(240)
cfn=(1528)
calls=6 97 
* 42 18 12
* 18 6 12 2 0 0 1
2587 12 0 6
-93 42 12 6
cfi=(237)
cfn=(1482)
calls=6 189 
* 384 120 120
* 30 12 18 2 0 0 1
-77 72 30 24 2 0 0 1
cfi=(237)
cfn=(1492)
calls=6 301 
* 186 72 48
* 6 0 6
+1 6
+76 18 6 6
+1 6
+92 30 0 12 2 0 0 1
cfi=(240)
cfn=(1528)
calls=6 97 
* 42 18 12
* 30 12 18
+1 6
3719 6 0 6
+3 12 6 6 2 0 0 1
+5 12 6
-1 42 24 6
cfn=(1532)
calls=6 3454 
* 240 78 84 2 0 0 1
* 6
+3 42 12 6 4 0 0 2
cfn=(1534)
calls=6 3625 
* 588 198 186 21 0 0 6
+1 18 0 6
cfn=(1544) std::__format::_Scanner<char>::_M_scan()
calls=6 3518 
* 49525 15145 11037 745 122 62 328 17
+3 18 0 6
cfn=(1578)
calls=6 3488 
* 114 42 30
* 12
+3 18 0 6 2 0 0 1
cfn=(1642) std::basic_format_context<std::__format::_Sink_iter<char>, char>::~basic_format_context()
calls=6 3472 
* 144 42 30 4 0 0 2
-3 6
+3 36 30

fn=(1610)
3490 162 0 72 2 0 0 1
cfi=(240)
cfn=(1528)
calls=18 97 
* 126 54 36
* 108 72 18 1 0 0 1

fn=(1620) std::basic_format_context<std::__format::_Sink_iter<char>, char>::arg(unsigned long) const
3481 42 0 24
+1 24 12 12
2910 12 6 6
2762 6
2910 18 6 6 2 0 0 1
3305 36 18
+2 30 12 6
cfn=(1622) std::basic_format_args<std::basic_format_context<std::__format::_Sink_iter<char>, char> >::_M_type(unsigned long) const
calls=6 -29 
* 126 36 24 2 0 0 1
* 12 6 6
+1 60 36 12 2 0 0 2
+4 12 0 0 2 0 0 2
3482 24 18

fn=(1622)
3278 30 0 18
+2 72 18 6
+1 12 6 0 2 0 0 1
+1 12 12

fn=(1642)
3472 54 6 18
cfn=(1644) std::__format::_Optional_locale::~_Optional_locale()
calls=6 725 
* 72 24 12 4 0 0 2
* 18 12

fn=(4438) std::__format::_Arg_value<std::basic_format_context<std::__format::_Sink_iter<char>, char> > std::__format::_Arg_store<std::basic_format_context<std::__format::_Sink_iter<char>, char>, std::basic_format_arg<std::basic_format_context<std::__format::_Sink_iter<char>, char> >::handle>::_S_make_elt<std::chrono::duration<double, std::ratio<1l, 1l> > >(std::chrono::duration<double, std::ratio<1l, 1l> >&)
3353 32 4 12 1 0 0 1
+2 20 4 4
cfn=(4440)
calls=4 3102 
* 468 156 144 14 0 0 5
+2 24 16 8 1 0 0 1
+3 20 16

fn=(4442)
2885 20 0 12 3 0 0 1
+2 12 8 4
+1 8 0 4
+1 12 8 4
+1 12 8

fn=(4444)
3093 56 4 20 4 0 0 1
+2 8 4 4
+1 24 12 12 4 0 0 1
2839 20 4 4
cfi=(250)
cfn=(4446)
calls=4 94 
* 152 52 52 1
+3 4
3097 24 16

fn=(4616)
1422 11 1 6 2 0 0 2
+2 3 0 1
cfi=(239)
cfn=(1496)
calls=1 522 
* 188 59 54
+2 2 0 2 1 0 0 1
+2 1 0 1
+1 6 2 1
+1 3 1
+3 3 0 1 1 0 0 1
+1 3 0 1 1 0 0 1
+2 1 0 1
+1 1 0 1
+1 1 0 1
+1 1 0 1
+2 13 3 0 1 1 0 1 1
+36 3 1 0 1 0 0 1
+2 1 0 0 1 0 0 1
+6 8 0 4
+10 6 2 1 1 0 0 1
cfn=(4618) std::__format::__formatter_fp<char>::format<double, std::__format::_Sink_iter<char> >(double, std::basic_format_context<std::__format::_Sink_iter<char>, char>&) const::{lambda(char*, char*)#1}::operator()(char*, char*) const
calls=1 -10 
* 687 69 51 47 8 0 47 8
* 2 0 2
+2 6 1 0 1 0 0 1
+46 2 1 0 1 0 0 1
+6 1 0 1 1 0 0 1
+2 5 1 0 1 0 0 1
+2 5 2
+2 5 2
+3 1 0 1 1 0 0 1
+3 8 3 1
cfi=(234)
cfn=(1452)
calls=1 146 
* 15 6 6
+4 5 2 0 1 0 0 1
691 3 0 2 1 0 0 1
1651 3 0 1
cfi=(239)
cfn=(1496)
calls=1 522 
* 188 59 54
+1 2 0 2
+2 4 2 2 1 0 0 1
+15 5 2
+10 5 2 1 1 0 0 1
cfn=(4592)
calls=1 552 
* 26 10 5
* 1 0 1 0 0 1
+2 3 0 1
cfi=(234)
cfn=(1450)
calls=1 229 
* 8 4 2
* 4 1 0 1 0 0 1
+1 3 1 1
cfn=(1578)
calls=1 3488 
* 19 7 5
* 7 2 1
cfn=(1580)
calls=1 594 
* 531 176 138
* 2 0 0 1 0 0 1
+25 3 0 1 1 0 0 1
cfi=(239)
cfn=(1712)
calls=1 803 
* 109 33 28
* 3 0 1 1 0 0 1
cfn=(1644)
calls=1 725 
* 12 4 2
* 3 0 1
cfi=(239)
cfn=(1712)
calls=1 803 
* 109 33 28
* 7 5 0 1 0 0 1

fn=(1618) std::__format::_Formatting_scanner<std::__format::_Sink_iter<char>, char>::_M_format_arg(unsigned long)
3643 54 6 24 2 0 0 1
+20 12 12
-15 30 6 6 2 0 0 1
cfn=(1620)
calls=6 3481 
* 402 150 96 8 0 0 6
* 90 30 36 2 0 0 1
cfn=(1624)
calls=6 3190 
* 33755 9889 7071 584 115 61 241 15
* 6
+16 36 24

fn=(1644)
725 84 28 14 4 0 0 2

fn=(1710)
2501 72 12 24 2 0 0 1
cfi=(239)
cfn=(1712)
calls=6 803 
* 654 198 168 3 0 0 3
* 18 12

fn=(4462)
361 36 12 12

fn=(4590)
667 64 0 32 1 0 0 1
+6 20 8 4
cfn=(4592)
calls=4 552 
* 104 40 20 10 0 0 4
* 4 0 4
+2 12 8
+1 12 4 4
cfn=(1578)
calls=4 3488 
* 76 28 20
* 28 8 4 4 0 0 1
cfn=(1580)
calls=4 -82 
* 2116 704 552
* 4
+9 12 12 0 1 0 0 1

fn=(4600)
3102 6 0 3
+1 2 1 1
2762 1
3111 6 3 1
cfn=(4602) void std::basic_format_arg<std::basic_format_context<std::__format::_Sink_iter<char>, char> >::_M_set<double>(double)
calls=1 -18 
* 20 8 8 1
+1 3 2

fn=(4606) auto std::__format::_Formatting_scanner<std::__format::_Sink_iter<char>, char>::_M_format_arg(unsigned long)::{lambda(auto:1&)#1}::operator()<double>(double&) const
3648 10 1 5 2 0 0 2
+9 2 0 2
+1 7 4 1
2088 5 1 1 1 0 0 1
cfn=(4608)
calls=1 1325 
* 99 39 27 6 0 0 6
* 1
3658 3 0 1
cfn=(1612)
calls=1 218 
* 11 4 4
+1 13 8 1 1 0 0 1
cfn=(4614)
calls=1 2092 
* 2073 502 420 72 9 1 72 9
* 3 0 1
cfn=(1610)
calls=1 3490 
* 22 7 7
-11 7 5

fn=(4618)
1485 7 0 4 2 0 0 2
+1 5 3
+2 5 3 0 1 0 0 1
+3 9 5 1 1 0 0 1
cob=(4)
cfi=(175)
cfn=(4620) 0x000000000010f8b0
calls=1 0 
* 658 56 46 43 8 0 43 8
* 1
-6 2 2

fn=(1444)
3353 8 1 3 2 0 0 2
+2 5 1 1
cfn=(1446) std::basic_format_arg<std::basic_format_context<std::__format::_Sink_iter<char>, char> >::basic_format_arg<std::basic_string_view<char, std::char_traits<char> > >(std::basic_string_view<char, std::char_traits<char> >&)
calls=1 3102 
* 105 39 32 9 0 0 9
+2 6 4 2
+3 5 4 0 1 0 0 1

fn=(1544)
3518 54 6 24 4 0 0 2
+2 18 6 6
cfn=(1546)
calls=6 +61 
* 624 222 174 14 0 0 7
* 12 0 12
+2 18 0 6
cfi=(234)
cfn=(1450)
calls=6 229 
* 48 24 12
* 30 0 0 2 0 0 1
+7 30 0 6 2 0 0 1
cfi=(245)
cfn=(1562)
calls=6 80 
* 522 174 96 14 2 0 7
* 6 0 6
+1 30 0 6
cfi=(245)
cfn=(1562)
calls=6 80 
* 522 174 96
* 6 0 6 2 0 0 1
+2 6
+2 78 24 12
+1 18 6 6
cfi=(247)
cfn=(1570) std::operator==(std::strong_ordering, std::__cmp_cat::__unspec)
calls=6 283 
* 54 18 12
* 18 6 6
cfi=(247)
cfn=(1570)
calls=6 283 
* 54 18 12 1 0 0 1
* 24
+2 36 24 6 2 0 0 1
cfn=(1552)
calls=6 -22 
* 114 42 30
* 30 6 6
cfn=(1576) std::__format::_Formatting_scanner<std::__format::_Sink_iter<char>, char>::_M_on_chars(char const*)
calls=6 +99 
* 4026 1338 1056 1 0 0 1
+1 30 12 6
cfn=(1552)
calls=6 -23 
* 114 42 30
* 18 0 6
cfn=(1612)
calls=6 218 
* 66 24 24
* 6
+3 18 6 6 2 0 0 1
cfi=(247)
cfn=(1572) std::operator<(std::strong_ordering, std::__cmp_cat::__unspec)
calls=6 292 
* 48 18 12
* 12
+2 30 6 6
cfi=(234)
cfn=(1450)
calls=6 229 
* 48 24 12
+1 30 6 0 2 0 0 1
-1 12
+3 36 6 6 2 0 0 1
cfi=(234)
cfn=(1574) std::basic_string_view<char, std::char_traits<char> >::operator[](unsigned long) const
calls=6 254 
* 138 42 30
* 24 6 6
+1 18 6 6
cfn=(1548)
calls=6 -33 
* 114 42 30
* 30 12 6
+1 48 30 6 2 2 0 1
cfn=(1576)
calls=6 +88 
* 4004 1344 1062 75 1 1 41
+1 42 12 6
cfn=(1612)
calls=6 218 
* 66 24 24 2 0 0 1
+1 18 6 6
cfn=(1546)
calls=6 +31 
* 624 222 174
* 12 0 12 2 0 0 1
+1 12 6
+8 18 6 6 2 0 0 1
cfn=(1614) std::__format::_Scanner<char>::_M_on_replacement_field()
calls=6 +27 
* 35579 10537 7527 612 115 61 257 15
+1 18 6 6
cfn=(1546)
calls=6 +21 
* 624 222 174
* 12 0 12
+1 30 0 6
cfi=(245)
cfn=(1562)
calls=6 80 
* 492 156 90 0 2 0 0 2
* 6 0 6
+1 30 0 6 2 0 0 1
cfi=(245)
cfn=(1562)
calls=6 80 
* 492 156 90
* 12 0 6
-30 36 0 12
cfi=(234)
cfn=(1450)
calls=12 229 
* 96 48 24
* 48
+46 36 30

fn=(1576)
3636 120 12 60 4 0 0 3
+2 36 12 12
cfn=(1548)
calls=12 3514 
* 228 84 60
* 72 12 12
cfi=(234)
cfn=(1556)
calls=12 155 
* 444 156 144
+1 72 48 12
cfn=(1578)
calls=12 3488 
* 228 84 60
* 84 24 12 2 0 0 1
cfn=(1580)
calls=12 594 
* 6362 2106 1650 67 1 1 36
* 36 0 12
cfn=(1610)
calls=12 3490 
* 264 84 84 3 0 0 2
+1 84 60

fn=(1578)
3488 216 24 72
cfi=(240)
cfn=(1528)
calls=24 97 
* 168 72 48
* 72 72

fn=(1580)
594 252 18 90 4 0 0 2
+4 54 0 18
cfi=(234)
cfn=(1450)
calls=18 229 
* 144 72 36
* 144 36 36
2379 108 54 18 2 0 0 1
cfn=(1582)
calls=18 +77 
* 8710 2892 2280 61 2 6 33 1
+1 18
604 18 18
+1 90 72

fn=(1614)
3586 54 6 24 4 0 0 2
+2 18 6 6
cfn=(1548)
calls=6 -74 
* 114 42 30
* 6 0 6
+3 24 12
+1 24 6 6
cfn=(1616) std::basic_format_parse_context<char>::next_arg_id()
calls=6 222 
* 162 60 36 4 0 0 2
* 12 0 6
+19 54 30 6 2 0 0 1
cfn=(1618)
calls=6 +32 
* 34385 10117 7233 598 115 61 250 15
+1 18 6 6
cfn=(1548)
calls=6 -98 
* 114 42 30
* 24 6 6 2 0 0 1
cfn=(1552)
calls=6 -97 
* 114 42 30
* 30 6 6
cfn=(1548)
calls=6 -98 
* 114 42 30
* 36 6
+2 30 12 6 2 0 0 1
cfn=(1548)
calls=6 3514 
* 114 42 30
* 24 0 6
cfn=(1612)
calls=6 218 
* 66 24 24
+1 42 30

fn=(4436)
3821 72 12 32 2 0 0 2
3366 12 4 4
cfn=(4438)
calls=4 -13 
* 564 196 168 16 0 0 7
* 8 0 8
+1 4
+49 32 16 16 1 0 0 1
3822 36 8 12
cfn=(4450) std::basic_format_args<std::basic_format_context<std::__format::_Sink_iter<char>, char> >::basic_format_args<std::basic_format_arg<std::basic_format_context<std::__format::_Sink_iter<char>, char> >::handle>(std::__format::_Arg_store<std::basic_format_context<std::__format::_Sink_iter<char>, char>, std::basic_format_arg<std::basic_format_context<std::__format::_Sink_iter<char>, char> >::handle> const&)
calls=4 3377 
* 1308 420 364 12 0 0 5
123 8 8 0 1 0 0 1
3822 52 12 4
cfn=(1480)
calls=4 -37 
* 52088 16057 12061 667 108 55 144 6
* 24 20 0 1 0 0 1

fn=(4452) auto std::__format::_Formatting_scanner<std::__format::_Sink_iter<char>, char>::_M_format_arg(unsigned long)::{lambda(auto:1&)#1}::operator()<std::basic_format_arg<std::basic_format_context<std::__format::_Sink_iter<char>, char> >::handle>(std::basic_format_arg<std::basic_format_context<std::__format::_Sink_iter<char>, char> >::handle&) const
3648 24 0 12 2 0 0 1
+6 40 24 12 1 0 0 1
2904 12 8 4
+1 32 20 4 1 0 0 1
cfn=(4454)
calls=4 -32 
* 30218 8884 6269 472 103 53 133 4
+1 4
3648 12 8

fn=(4602)
3093 5 0 3 1
+2 2 1 1
+1 4 2 2
2841 3 2 1
-51 1 1
+51 1 0 1
+1 1
3097 3 2

fn=(4604)
3377 9 1 4 2 0 0 2
+12 5 2 1
+3 4 0 2
cfn=(1458)
calls=1 3232 
* 291 94 82
* 9 2 1 1 0 0 1
+2 3 2 1
+11 6 4

fn=(4610)
1335 5 0 2 1 0 0 1
+1 14 10
+2 4 2 1
cfn=(4612)
calls=1 -7 
* 15 8 4
+1 2
-4 2 2

fn=(1446)
3102 10 1 5 1 0 0 1
+1 2 1 1
2762 1
3106 3 1 1
cfi=(234)
cfn=(1448)
calls=1 289 
* 8 4 2 1 0 0 1
* 4 1 1 1 0 0 1
cfi=(234)
cfn=(1450)
calls=1 229 
* 8 4 2 1 0 0 1
* 5 0 1
cfi=(234)
cfn=(1452)
calls=1 146 
* 15 6 6 1 0 0 1
* 6 3 1
cfn=(1454) void std::basic_format_arg<std::basic_format_context<std::__format::_Sink_iter<char>, char> >::_M_set<std::basic_string_view<char, std::char_traits<char> > >(std::basic_string_view<char, std::char_traits<char> >)
calls=1 -13 
* 36 13 12 3 0 0 3
+6 7 5 0 1 0 0 1

fn=(1454)
3093 14 1 5 2 0 0 2
+2 2 1 1
+1 8 4 4
2803 1 1
+38 4 2 2
+1 1
3097 6 4 0 1 0 0 1

fn=(1538)
206 66 0 30 3 0 0 1
+2 18 0 6
cfi=(234)
cfn=(1540)
calls=6 -21 
* 48 24 12 2 0 0 1
* 30 6 12
cfi=(234)
cfn=(1542)
calls=6 -16 
* 66 36 12 1
* 54 30 24
+1 18 12

fn=(1616)
222 30 0 12 2 0 0 1
+2 24 12
+2 12 6 6
+4 6 0 6
cfi=(242)
cfn=(1512)
calls=6 3650 
* 36 12 6
* 12
+3 30 18 6 2 0 0 1
+1 12 12

fn=(1636)
773 4 0 2 0 0 1
+1 8 6 2
-1 3 2

fn=(4450)
3377 36 4 16 1 0 0 1
+12 20 8 4
+3 16 0 8
cfn=(1458)
calls=4 3232 
* 1164 376 328 10 0 0 3
* 36 8 4 1 0 0 1
+2 12 8 4
+11 24 16

fn=(4560)
594 56 0 24
+8 20 4 8 1 0 0 1
cfi=(234)
cfn=(1540)
calls=4 187 
* 32 16 8
* 16 4 8
cfi=(234)
cfn=(1542)
calls=4 192 
* 44 24 8
* 20 8 8 0 1 0 0 1
+1 20 4 4
cfi=(374)
cfn=(4562)
calls=4 309 
* 32 12 12 6 0 0 1
* 8 0 4
cfi=(374)
cfn=(4564)
calls=4 304 
* 28 12 8
* 12 0 4
cfi=(374)
cfn=(4566)
calls=4 293 
* 280 92 60 4 0 0 4
-1 28 16 4 1 0 0 1
+2 8 8
+1 12 12

fn=(1456)
3377 9 1 4 1 0 0 1
+12 5 2 1
+3 4 0 2 1 0 0 1
cfn=(1458)
calls=1 3232 
* 291 94 82 9 0 0 9
* 9 2 1
+2 3 2 1
+11 6 4 0 1 0 0 1

fn=(1550)
214 528 264 132

fn=(1628)
3124 48 0 24 2 0 0 1
+3 54 12 0 2 2 0 2 1
+20 3 1 1 1 0 0 1
cfi=(240)
cfn=(1626)
calls=1 70 
* 7 3 2
* 5 1 1
cfn=(4606)
calls=1 3648 
* 2256 571 470 82 9 1 82 9
* 1 0 0 1 0 0 1
+14 3 1 1 1 0 0 1
cfi=(240)
cfn=(1626)
calls=1 70 
* 7 3 2
* 5 1 1
cfn=(1630)
calls=1 3648 
* 783 268 206 14 1 7 14 1
* 1
+5 8 4 4 1 0 0 1
+1 12 4 4
cfi=(240)
cfn=(1626)
calls=4 70 
* 28 12 8
* 20 4 4
cfn=(4452)
calls=4 3648 
* 30342 8944 6301 476 103 53 136 4
* 4
+18 12 12

fl=(243)
fn=(1564)
403 168 0 96 2 0 0 1
+2 48 24
+3 24 0 24
cfi=(244)
cfn=(1522)
calls=24 541 
* 144 48 24
* 48
+3 192 96 24 2 0 0 1
cob=(4)
cfi=(175)
cfn=(1566) 0x000000000010fc70
calls=24 0 
* 504 72 0 6 4 0 3 2
* 24
+1 48 48

fn=(4574)
461 20 0 12
+1 32 24

fn=(4568)
466 12 0 4 1 0 0 1
+1 12 8

fn=(1520)
351 1338 0 669 2 0 0 1
+3 223 0 223
cfi=(244)
cfn=(1522)
calls=223 541 
* 1338 446 223
* 446
+4 892 669 223
+1 669 446

fn=(1602)
427 889 0 508 2 0 0 1
+2 254 127
+3 127 0 127
cfi=(244)
cfn=(1522)
calls=127 541 
* 762 254 127
* 254
+3 1016 381 127 2 0 0 1
cob=(4)
cfi=(175)
cfn=(1604) 0x000000000010fb60
calls=127 0 
* 1803 502 248 7 6 0 4 2
* 127
+1 254 254

fl=(332)
fn=(3814)
108 125 0 75
+1 50 50
+1 50 50

fl=(369)
fn=(4172) std::__detail::_Hash_code_base<int, int, std::__detail::_Identity, std::hash<int>, std::__detail::_Mod_range_hashing, std::__detail::_Default_ranged_hash, false>::_Hash_code_base(std::hash<int> const&)
1303 1100 200 400 2 0 0 1
cfn=(4174) std::__detail::_Hashtable_ebo_helper<1, std::hash<int>, true>::_Hashtable_ebo_helper<std::hash<int> const&>(std::hash<int> const&)
calls=100 -82 
* 1900 600 600 3 0 0 1
* 300 200

fn=(4192)
313 9900 3300 3300 1 0 1 1 0 1

fn=(4202) std::__detail::_Insert_base<int, int, std::allocator<int>, std::__detail::_Identity, std::equal_to<int>, std::hash<int>, std::__detail::_Mod_range_hashing, std::__detail::_Default_ranged_hash, std::__detail::_Prime_rehash_policy, std::__detail::_Hashtable_traits<false, true, true> >::_M_conjure_hashtable()
903 800 0 400 1 0 0 1
+1 600 600

fn=(4204) std::__detail::_AllocNode<std::allocator<std::__detail::_Hash_node<int, false> > >::_AllocNode(std::__detail::_Hashtable_alloc<std::allocator<std::__detail::_Hash_node<int, false> > >&)
242 500 0 300
+1 600 400 100

fn=(4336)
380 10492 0 5246 1 0 0 1
+1 10492 10492

fn=(4356) bool std::__detail::_Hashtable_base<int, int, std::__detail::_Identity, std::equal_to<int>, std::hash<int>, std::__detail::_Mod_range_hashing, std::__detail::_Default_ranged_hash, std::__detail::_Hashtable_traits<false, true, true> >::_M_key_equals_tr<int>(int const&, std::__detail::_Hash_node_value<int, false> const&) const
1720 3641 331 1986 1 0 0 1
+8 993 331 331
cfn=(4358) std::__detail::_Hashtable_base<int, int, std::__detail::_Identity, std::equal_to<int>, std::hash<int>, std::__detail::_Mod_range_hashing, std::__detail::_Default_ranged_hash, std::__detail::_Hashtable_traits<false, true, true> >::_M_eq() const
calls=331 +32 
* 5627 1986 1655
* 1655 662 662
338 993 331 331
cfi=(372)
cfn=(4342)
calls=331 120 
* 5627 1986 1655
* 662
+10 331
1728 1324 0 331
cfn=(4346) int const& std::__detail::_Identity::operator()<int const&>(int const&) const
calls=331 89 
* 5958 1986 1986
* 1655 331 331
cfi=(331)
cfn=(4362)
calls=331 377 
* 4634 1986 1324
+1 1986 1655

fn=(4234)
436 7200 0 3600 1 0 0 1
+1 6000 2400 1200
cfn=(4236) std::__detail::_Node_iterator_base<int, false>::_Node_iterator_base(std::__detail::_Hash_node<int, false>*)
calls=1200 -44 
* 13200 4800 4800 1 0 0 1
* 3600 2400

fn=(4254) std::__detail::_Mod_range_hashing::operator()(unsigned long, unsigned long) const
526 19980 0 13320
+2 19980 13320

fn=(4382)
483 6000 0 3000 1 0 0 1
+1 5000 2000 1000
cfn=(4236)
calls=1000 -91 
* 11000 4000 4000
* 3000 2000

fn=(4170)
1703 700 0 400 2 0 0 1
+1 500 200 100
cfn=(4172)
calls=100 1303 
* 3300 1000 1000 5 0 0 2
* 500 200 100
cfn=(4178) std::__detail::_Hashtable_ebo_helper<0, std::equal_to<int>, true>::_Hashtable_ebo_helper<std::equal_to<int> const&>(std::equal_to<int> const&)
calls=100 1221 
* 1900 600 600
+1 300 200

fn=(4200)
972 1000 100 500 1 0 0 1
+2 300 100 100
cfn=(4202)
calls=100 -71 
* 700 300 200 1 0 0 1
* 100 0 100
+1 500 100 100
cfn=(4204)
calls=100 242 
* 1100 400 400
+1 600 300 100
cfn=(4206) void std::__detail::_Insert_base<int, int, std::allocator<int>, std::__detail::_Identity, std::equal_to<int>, std::hash<int>, std::__detail::_Mod_range_hashing, std::__detail::_Default_ranged_hash, std::__detail::_Prime_rehash_policy, std::__detail::_Hashtable_traits<false, true, true> >::_M_insert_range<__gnu_cxx::__normal_iterator<int*, std::vector<int, std::allocator<int> > >, std::__detail::_AllocNode<std::allocator<std::__detail::_Hash_node<int, false> > > >(__gnu_cxx::__normal_iterator<int*, std::vector<int, std::allocator<int> > >, __gnu_cxx::__normal_iterator<int*, std::vector<int, std::allocator<int> > >, std::__detail::_AllocNode<std::allocator<std::__detail::_Hash_node<int, false> > > const&, std::integral_constant<bool, true>)
calls=100 +10 
* 1374148 447529 379993 123 125 27 113 2
* 100
+1 500 400

fn=(4218)
89 6000 0 3000
+1 3000 1000 1000
cfi=(240)
cfn=(3436)
calls=1000 -20 
* 7000 3000 2000
* 2000 2000

fn=(4240)
401 500 0 300 1 0 0 1
+2 800 600

fn=(4256)
171 7000 0 4000 1 0 0 1
+2 3000 1000 1000
cfi=(240)
cfn=(3436)
calls=1000 70 
* 7000 3000 2000
* 5000 1000 1000
cfn=(4258) std::__detail::_Hash_node<int, false>* std::__detail::_AllocNode<std::allocator<std::__detail::_Hash_node<int, false> > >::operator()<int&>(int&) const
calls=1000 +74 
* 353464 106368 95901 18 1 3 16
* 2000 2000

fn=(4258)
247 7000 0 4000 1 0 0 1
+1 5000 3000 1000
cfi=(240)
cfn=(3436)
calls=1000 70 
* 7000 3000 2000
* 3000 0 1000
cfn=(4260) std::__detail::_Hash_node<int, false>* std::__detail::_Hashtable_alloc<std::allocator<std::__detail::_Hash_node<int, false> > >::_M_allocate_node<int&>(int&)
calls=1000 1987 
* 328464 97368 87901 17 1 3 15
* 3000 3000

fn=(4264) std::__detail::_Hashtable_ebo_helper<0, std::allocator<std::__detail::_Hash_node<int, false> >, true>::_M_get()
1226 29400 12600 8400

fn=(4354) std::__detail::_Hashtable_base<int, int, std::__detail::_Identity, std::equal_to<int>, std::hash<int>, std::__detail::_Mod_range_hashing, std::__detail::_Default_ranged_hash, std::__detail::_Hashtable_traits<false, true, true> >::_S_equals(unsigned long, std::__detail::_Hash_node_code_cache<false> const&)
1683 8310 0 4986 1 0 0 1
+1 4986 3324

fn=(4228)
297 9000 0 3000 2 0 0 2
+1 9000 6000

fn=(4244) std::__detail::_Hash_code_base<int, int, std::__detail::_Identity, std::hash<int>, std::__detail::_Mod_range_hashing, std::__detail::_Default_ranged_hash, false>::_M_hash() const
1375 25840 3230 9690 1 0 0 1
cfn=(4246) std::__detail::_Hashtable_ebo_helper<1, std::hash<int>, true>::_M_cget() const
calls=3230 1225 
* 22610 9690 6460 1 0 0 1
* 6460 6460

fn=(4246)
1225 22610 9690 6460 1 0 0 1

fn=(4206)
986 800 0 500 1 0 0 1
+6 300 100 100
cfn=(4202)
calls=100 -89 
* 700 300 200
* 100 0 100
+1 100
+1 3000 0 1000
cfi=(236)
cfn=(4210) __gnu_cxx::__normal_iterator<int*, std::vector<int, std::allocator<int> > >::operator*() const
calls=1000 1099 
* 8000 4000 2000 1 0 0 1
* 6000 2000 1000
cfi=(368)
cfn=(4212)
calls=1000 -83 
* 1293548 420629 358993 117 125 27 108 2
-1 3000 0 1000
cfi=(236)
cfn=(4330) __gnu_cxx::__normal_iterator<int*, std::vector<int, std::allocator<int> > >::operator++()
calls=1000 1109 
* 12000 6000 3000
* 5500 0 1100 1 0 0 1
cfi=(236)
cfn=(4208) bool __gnu_cxx::operator==<int*, std::vector<int, std::allocator<int> > >(__gnu_cxx::__normal_iterator<int*, std::vector<int, std::allocator<int> > > const&, __gnu_cxx::__normal_iterator<int*, std::vector<int, std::allocator<int> > > const&)
calls=1100 1197 
* 37400 14300 11000 3 0 0 2
* 3300
+2 400 200

fn=(4260)
1987 11000 1000 6000 1 0 0 1
+3 3000 1000 1000
cfn=(4262) std::__detail::_Hashtable_alloc<std::allocator<std::__detail::_Hash_node<int, false> > >::_M_node_allocator()
calls=1000 -40 
* 17000 6000 5000 1 0 0 1
* 6000 2000 4000 1 0 0 1
fi=(241)
191 1000 0 1000
cfi=(244)
cfn=(1522)
calls=1000 541 
* 6000 2000 1000
* 2000
+7 6000 2000 1000 2 0 0 2
cfi=(252)
cfn=(4268)
calls=1000 -72 
* 108464 26368 17901 3 1 3 3
* 1000
fi=(253)
482 1000
fe=(369)
1990 1000 0 1000
+1 3000 1000 1000
cfi=(238)
cfn=(4270) std::__detail::_Hash_node<int, false>* std::__to_address<std::__detail::_Hash_node<int, false> >(std::__detail::_Hash_node<int, false>*)
calls=1000 212 
* 7000 3000 2000 1
* 1000 0 1000
+3 4000 1000 1000
cfi=(263)
cfn=(1906)
calls=1000 175 
* 8000 3000 3000
* 2000 0 1000
cfn=(4272) std::__detail::_Hash_node<int, false>::_Hash_node()
calls=1000 375 
* 20000 6000 6000 1 0 0 1
+1 3000 1000 1000 1 0 0 1
cfi=(240)
cfn=(3436)
calls=1000 70 
* 7000 3000 2000
* 4000 1000 1000
333 3000 1000 1000
cfi=(372)
cfn=(4274)
calls=1000 116 
* 17000 6000 5000 2 0 0 2
* 2000
1995 3000 1000 1000
cfn=(4262)
calls=1000 -45 
* 17000 6000 5000
* 3000 0 3000 1 0 0 1
fi=(253)
540 3000 1000 1000
cfi=(240)
cfn=(3436)
calls=1000 70 
* 7000 3000 2000
* 5000 1000 1000
cfi=(250)
cfn=(4280)
calls=1000 94 
* 36000 12000 12000 2 0 0 1
+2 1000
fe=(369)
1998 1000 1000
+7 8000 6000 0 1 0 0 1

fn=(4262)
1950 21000 0 8400 1 0 0 1
+1 12600 4200 4200
cfn=(4264)
calls=4200 1226 
* 29400 12600 8400
* 8400 8400

fn=(4340)
1335 12300 1230 6150 1 0 0 1
+6 4920 2460 2460 1 0 0 1
338 3690 1230 1230
cfi=(372)
cfn=(4342)
calls=1230 120 
* 20910 7380 6150 2 0 0 2
* 2460
+10 1230
1341 4920 0 1230
cfn=(4346)
calls=1230 89 
* 22140 7380 7380 2 0 0 2
* 6150 1230 1230
cfn=(4350)
calls=1230 -35 
* 52890 17220 15990
* 7380 1230 1230
cfn=(4254)
calls=1230 526 
* 14760 4920 4920
+2 6150 4920

fn=(4412)
2052 1000 100 500 1 0 0 1
+5 300 100 100
cfi=(238)
cfn=(4414) std::__ptr_traits_ptr_to<std::__detail::_Hash_node_base**, std::__detail::_Hash_node_base*, false>::pointer_to(std::__detail::_Hash_node_base*&)
calls=100 141 
* 2700 900 800
* 100 0 100
+1 300 100 100 1 0 0 1
cfn=(4262)
calls=100 1950 
* 1700 600 500
* 300 0 200
fi=(252)
88 100
fi=(241)
+90 1100 400 500
+27 100 0 100
cfi=(244)
cfn=(1522)
calls=100 541 
* 600 200 100
* 200 0 0 1 0 0 1
+5 600 300 100
cfi=(252)
cfn=(4422)
calls=100 -54 
* 11000 3200 1900
fi=(253)
517 100
fi=(241)
184 100
fe=(369)
2060 600 400

fn=(4178)
1221 600 0 300
+1 300 100 100
cfi=(240)
cfn=(4180)
calls=100 70 
* 700 300 200
+1 300 200

fn=(4194)
544 500 0 300 1 0 0 1
+1 800 500 200

fn=(4236)
393 11000 0 6600 1 0 0 1
+1 13200 8800 2200

fn=(4242)
1315 6000 0 3000 1 0 0 1
+4 3000 1000 1000
cfn=(4244)
calls=1000 +56 
* 17000 6000 5000 2 0 0 2
* 6000 2000 1000 0 74
cfi=(371)
cfn=(4248)
calls=1000 154 
* 9000 3000 3000
+1 2000 2000

fn=(4272)
375 8000 1000 3000 1 0 0 1
cfn=(4192)
calls=1000 -62 
* 9000 3000 3000
* 3000 2000

fn=(4426)
1912 800 100 300
cfn=(4428) std::__detail::_Hashtable_ebo_helper<0, std::allocator<std::__detail::_Hash_node<int, false> >, true>::~_Hashtable_ebo_helper()
calls=100 1215 
* 1000 300 300
* 300 200

fn=(4428)
1215 600 100 300
fi=(241)
184 100
fe=(369)
1215 300 200

fn=(4252)
1331 21000 2100 10500 1 0 0 1
+1 12600 4200 2100
cfn=(4254)
calls=2100 526 
* 25200 8400 8400
* 10500 8400 0 1 0 0 1

fn=(4286)
571 4000 0 2000
+1 4000 4000

fn=(4318)
1353 6000 0 4000 1 0 0 1
+1 3000 2000

fn=(4346)
89 17352 0 8676 1 0 0 1
+1 8676 2892 2892
cfi=(240)
cfn=(4348)
calls=2892 -20 
* 20244 8676 5784 1 0 0 1
* 5784 5784

fn=(4360) std::__detail::_Hashtable_ebo_helper<0, std::equal_to<int>, true>::_M_cget() const
1225 11634 4986 3324

fn=(4380) std::__detail::_Hashtable_base<int, int, std::__detail::_Identity, std::equal_to<int>, std::hash<int>, std::__detail::_Mod_range_hashing, std::__detail::_Default_ranged_hash, std::__detail::_Hashtable_traits<false, true, true> >::_M_key_equals(int const&, std::__detail::_Hash_node_value<int, false> const&) const
1708 14641 1331 7986 1 0 0 1
+7 3993 1331 1331
cfn=(4358)
calls=1331 +45 
* 22627 7986 6655
* 6655 2662 2662
338 3993 1331 1331 1 0 0 1
cfi=(372)
cfn=(4342)
calls=1331 120 
* 22627 7986 6655
* 2662
+10 1331
1715 5324 0 1331
cfn=(4346)
calls=1331 89 
* 23958 7986 7986
* 6655 1331 1331
cfi=(331)
cfn=(4362)
calls=1331 377 
* 18634 7986 5324
+1 7986 6655

fn=(4390)
2027 600 0 300
+2 100
+2 2000 1000 1000
+1 3000 1000 1000
cfn=(4336)
calls=1000 380 
* 8000 4000 2000
* 1000 0 1000
+1 5000 2000 1000
cfn=(4392) std::__detail::_Hashtable_alloc<std::allocator<std::__detail::_Hash_node<int, false> > >::_M_deallocate_node(std::__detail::_Hash_node<int, false>*)
calls=1000 -24 
* 279800 84500 69700 4 0 0 3
-4 2200 1100
+6 400 200

fn=(4392)
2009 7000 0 4000
+2 3000 1000 1000 1 0 0 1
333 3000 1000 1000
cfi=(372)
cfn=(4274)
calls=1000 116 
* 17000 6000 5000
* 2000
2011 3000 1000 1000
cfn=(4262)
calls=1000 -61 
* 17000 6000 5000
* 2000 0 2000
fi=(253)
560 3000 1000 1000
cfi=(250)
cfn=(4394)
calls=1000 80 
* 7000 2000 2000 1
+2 1000
fe=(369)
2012 5000 2000 1000
cfn=(4398) std::__detail::_Hashtable_alloc<std::allocator<std::__detail::_Hash_node<int, false> > >::_M_deallocate_node_ptr(std::__detail::_Hash_node<int, false>*)
calls=1000 +5 
* 205800 61500 46700 2 0 0 2
+1 4000 3000

fn=(4174)
1221 600 0 300 1
+1 300 100 100
cfi=(240)
cfn=(4176)
calls=100 70 
* 700 300 200 1
+1 300 200 0 1 0 0 1

fn=(4182)
1945 600 0 300 1 0 0 1
+1 300 100 100
cfi=(240)
cfn=(4184)
calls=100 70 
* 700 300 200
* 500 100 100
cfn=(4186) std::__detail::_Hashtable_ebo_helper<0, std::allocator<std::__detail::_Hash_node<int, false> >, true>::_Hashtable_ebo_helper<std::allocator<std::__detail::_Hash_node<int, false> > >(std::allocator<std::__detail::_Hash_node<int, false> >&&)
calls=100 1221 
* 2800 900 1000 1 0 0 1
+1 300 200

fn=(4186)
1221 600 0 300 1 0 0 1
+1 300 100 100
cfi=(240)
cfn=(4184)
calls=100 70 
* 700 300 200
* 700 300 400
fi=(252)
92 100
fi=(241)
+76 100
fe=(369)
1223 300 200

fn=(4214)
124 6000 0 3000 1 0 0 1
+1 3000 1000 1000
cfi=(240)
cfn=(3436)
calls=1000 -55 
* 7000 3000 2000
* 2000 2000

fn=(4302)
2039 900 100 400 1 0 0 1
+3 300 100 100
cfn=(4262)
calls=100 -92 
* 1700 600 500
* 300 0 200
fi=(252)
88 100
fi=(241)
+90 700 200 300 1 0 0 1
+13 100 0 100
cfi=(244)
cfn=(1522)
calls=100 541 
* 600 200 100
* 200
+7 600 200 100 2 0 0 2
cfi=(252)
cfn=(4306)
calls=100 -72 
* 9151 2238 1622 1 5 3 1
* 100
fi=(253)
482 100
fe=(369)
2044 100 0 100
+1 300 100 100
cfi=(238)
cfn=(4308) std::__detail::_Hash_node_base** std::__to_address<std::__detail::_Hash_node_base*>(std::__detail::_Hash_node_base**)
calls=100 212 
* 700 300 200
* 100 0 100
+1 600 200 100
cob=(4)
cfi=(175)
cfn=(4310)
calls=100 0 
* 2100 300 400 3 2 0 1
+1 100 100
fi=(241)
184 100
fe=(369)
2048 500 400

fn=(4350)
1306 13380 0 6690
+4 6690 2230 2230
cfn=(4244)
calls=2230 +65 
* 37910 13380 11150
* 13380 4460 2230
cfi=(371)
cfn=(4248)
calls=2230 154 
* 20070 6690 6690
+1 4460 4460

fn=(4378)
1732 10648 0 6655 1 0 0 1
+2 6655 2662 1331
cfn=(4354)
calls=1331 -51 
* 10648 2662 3993
* 10648 3993 1331
cfn=(4380)
calls=1331 -26 
* 141086 46585 42592 2 0 0 2
* 7647 2662

fn=(4398)
2017 6000 0 3000
+3 3000 1000 1000
cfi=(238)
cfn=(4400) std::__ptr_traits_ptr_to<std::__detail::_Hash_node<int, false>*, std::__detail::_Hash_node<int, false>, false>::pointer_to(std::__detail::_Hash_node<int, false>&)
calls=1000 141 
* 27000 9000 8000
* 1000 0 1000
+2 3000 1000 1000
cfn=(4262)
calls=1000 -72 
* 17000 6000 5000
* 10000 4000 6000 1 0 0 1
fi=(241)
205 1000 0 1000
cfi=(244)
cfn=(1522)
calls=1000 541 
* 6000 2000 1000
* 2000
+5 6000 3000 1000
cfi=(252)
cfn=(4408)
calls=1000 -54 
* 119800 33500 18700 1 0 0 1
fi=(253)
517 1000
fe=(369)
2023 3000 2000

fn=(4352)
1738 2648 0 1655 1
+3 1655 662 331
cfn=(4354)
calls=331 -58 
* 2648 662 993 1 0 0 1
* 2648 993 331
cfn=(4356)
calls=331 -21 
* 35086 11585 10592 1 0 0 1
* 1655 662

fn=(4358)
1760 13296 1662 4986
cfn=(4360)
calls=1662 1225 
* 11634 4986 3324
* 3324 3324

fl=(234)
fn=(1450)
229 564 0 282 1 0 0 1
+1 564 564

fn=(1556)
155 210 0 120
+2 240 120 60 2 0 0 1
cfi=(238)
cfn=(1558) char const* std::to_address<char const>(char const*)
calls=30 +93 
* 510 180 150 2 0 0 1
* 60 30 30
+1 90 60

fn=(1574)
254 36 0 18
+2 6 0 6
cfi=(244)
cfn=(1522)
calls=6 541 
* 36 12 6
* 24
+1 24 18
+1 12 12

fn=(1452)
146 36 0 24 2 0 0 1
+1 36 24 12
+1 18 12

fn=(1596)
321 198 18 108 4 0 0 2
+3 54 18 18
cfn=(1450)
calls=18 -95 
* 144 72 36
* 108 18 18 2 0 0 1
cfn=(1598) std::__sv_check(unsigned long, unsigned long, char const*)
calls=18 71 
* 234 90 72 3 0 0 2
* 18 0 18
+1 162 54 36
cfi=(248)
cfn=(1600)
calls=18 -92 
* 252 126 54 2 0 0 2
* 36 18 18
+3 54 18 18 2 0 0 1
cfn=(1448)
calls=18 -39 
* 144 72 36 1
* 126 54 18
cfi=(243)
cfn=(1602)
calls=18 +99 
* 808 210 156 11 2 0 6 1
+1 18 18
+1 90 72

fn=(1540)
187 56 0 28 2 0 0 1
+1 56 56

fn=(1598)
71 126 0 72 1 0 0 1
+1 54 36 0 2 0 0 1
+3 18 18
+1 36 36

fn=(1448)
289 88 0 44 2 0 0 1
+1 88 88

fn=(4464)
132 16 0 8
+1 16 8 8
+1 12 8

fn=(1542)
192 56 0 28
+1 98 84 0 1

fl=(295)
fn=(3280) std::thread::_Invoker<std::tuple<Solution::build(int, std::vector<float, std::allocator<float> > const&)::{lambda(int)#1}, unsigned int> >::operator()()
295 90 0 36 1
+4 54 18 18
cfn=(3282) void std::thread::_Invoker<std::tuple<Solution::build(int, std::vector<float, std::allocator<float> > const&)::{lambda(int)#1}, unsigned int> >::_M_invoke<0ul, 1ul>(std::_Index_tuple<0ul, 1ul>)
calls=18 -8 
* 107009108465 40013232525 29836573304 965 255833423 3674556 420 91703 69196
* 18 0 0 1
+1 36 36 0 0 18 0 0 12

fn=(4068)
170 95 0 38 1 0 0 1
+2 57 19 19
cfn=(4070) std::thread::joinable() const
calls=19 +24 
* 817 285 209 3 0 0 2
* 38
+2 57 38

fn=(3134)
154 234 18 144 9 0 0 1
+1 54 18 18
cfn=(3136) std::thread::id::id()
calls=18 -58 
* 162 54 54 1 0 10 1 0 2
+9 36 0 18
cob=(4)
cfi=(175)
cfn=(1694)
calls=18 0 
* 4018 825 412 1 91 26 1 0 18
* 90 18 18
cfi=(240)
cfn=(3126)
calls=18 -94 
* 126 54 36
* 72 18 18 1 0 0 1
cfi=(240)
cfn=(3128)
calls=18 -94 
* 126 54 36
* 72 0 18
cfn=(3138) std::thread::_State_impl<std::thread::_Invoker<std::tuple<Solution::build(int, std::vector<float, std::allocator<float> > const&)::{lambda(int)#1}, unsigned int> > >::_State_impl<Solution::build(int, std::vector<float, std::allocator<float> > const&)::{lambda(int)#1}&, unsigned int&>(Solution::build(int, std::vector<float, std::allocator<float> > const&)::{lambda(int)#1}&, unsigned int&)
calls=18 +75 
* 4536 1476 1440 28 8 0 12
* 90 0 18
cfi=(280)
cfn=(3154)
calls=18 317 
* 2628 792 792 11 0 0 11
* 108 18 18 1 0 0 1
cob=(4)
cfi=(175)
cfn=(3180) 0x000000000010fb90
calls=18 0 
* 24846 5782 4714 224 385 477 105 11 418
* 54 0 18 6
cfi=(280)
cfn=(3236)
calls=18 398 
* 1206 396 360 2 0 8 2
+3 180 126 0 9 8 0 1

fn=(3796) void std::thread::_Invoker<std::tuple<Solution::build(int, std::vector<float, std::allocator<float> > const&)::{lambda()#1}> >::_M_invoke<0ul>(std::_Index_tuple<0ul>)
291 5 0 2 1 0 0 1
+1 3 1 1
cfi=(240)
cfn=(3798)
calls=1 97 
* 7 3 2 1 0 0 1
* 2 0 1
cfi=(281)
cfn=(3800)
calls=1 1815 
* 46 15 14 1 0 0 1
* 2 0 1
cfi=(323)
cfn=(3808)
calls=1 90 
* 107104 29224 18534 600 2640 874 236 72 39
* 3 2 0 1

fn=(4054) std::thread::_State_impl<std::thread::_Invoker<std::tuple<Solution::build(int, std::vector<float, std::allocator<float> > const&)::{lambda()#1}> > >::~_State_impl()
234 8 1 3
cfn=(4055) std::thread::_State_impl<std::thread::_Invoker<std::tuple<Solution::build(int, std::vector<float, std::allocator<float> > const&)::{lambda()#1}> > >::~_State_impl()'2
calls=1 * 
* 18 6 4
* 4 1 1
cob=(4)
cfi=(175)
cfn=(1730)
calls=1 0 
* 532 76 128 2 6 1 2 2 1
* 2 2

fn=(4055)
234 11 2 4
cob=(4)
cfi=(175)
cfn=(4016) 0x000000000010f990
calls=1 0 
* 4 2
* 3 2

fn=(4070)
196 152 19 57 1 0 0 1
+1 57 0 19
cfn=(3136)
calls=19 97 
* 171 57 57
* 114 57 19 1 0 0 1
cfn=(4072) std::operator==(std::thread::id, std::thread::id)
calls=19 325 
* 209 76 57 1
* 114 76

fn=(4014) std::thread::_State_impl<std::thread::_Invoker<std::tuple<Solution::build(int, std::vector<float, std::allocator<float> > const&)::{lambda(int)#1}, unsigned int> > >::~_State_impl()
234 144 18 54 2 0 0 2
cfn=(4015) std::thread::_State_impl<std::thread::_Invoker<std::tuple<Solution::build(int, std::vector<float, std::allocator<float> > const&)::{lambda(int)#1}, unsigned int> > >::~_State_impl()'2
calls=18 * 
* 324 108 72 2 15 0 1
* 72 18 18
cob=(4)
cfi=(175)
cfn=(1730)
calls=18 0 
* 1710 504 252 0 51 0 0 24
* 36 36

fn=(4015)
234 198 36 72
cob=(4)
cfi=(175)
cfn=(4016)
calls=18 0 
* 72 36 0 2 15 0 1
* 54 36

fn=(3282)
291 108 0 54 1 0 0 1
+1 54 18 18
cfi=(240)
cfn=(3284)
calls=18 97 
* 126 54 36 2 0 0 1
* 36 0 18
cfi=(281)
cfn=(3286)
calls=18 1815 
* 828 270 252 26 0 0 7
* 72 18 18
cfi=(240)
cfn=(3284)
calls=18 97 
* 126 54 36
* 36 0 18 2 0 0 1
cfi=(281)
cfn=(3296)
calls=18 1815 
* 846 270 252 1 0 0 1
* 54 0 18
cfi=(323)
cfn=(3306)
calls=18 90 
* 107009106107 40013231787 29836572584 933 255833405 3674556 409 91691 69196
* 72 54 0 0 18 0 0 12

fn=(3278) std::thread::_State_impl<std::thread::_Invoker<std::tuple<Solution::build(int, std::vector<float, std::allocator<float> > const&)::{lambda(int)#1}, unsigned int> > >::_M_run()
244 162 18 54 2 0 0 1
cfn=(3280)
calls=18 +51 
* 107009108663 40013232579 29836573358 967 255833441 3674556 420 91715 69196
* 54 36

fn=(3792) std::thread::_State_impl<std::thread::_Invoker<std::tuple<Solution::build(int, std::vector<float, std::allocator<float> > const&)::{lambda()#1}> > >::_M_run()
244 9 1 3 1 0 0 1
cfn=(3794) std::thread::_Invoker<std::tuple<Solution::build(int, std::vector<float, std::allocator<float> > const&)::{lambda()#1}> >::operator()()
calls=1 +51 
* 107183 29248 18558 605 2641 874 240 72 39
* 3 2

fn=(3794)
295 5 0 2 1 0 0 1
+4 3 1 1
cfn=(3796)
calls=1 -8 
* 107172 29245 18555 604 2640 874 239 72 39
* 1
+1 2 2 0 0 1

fn=(3142) std::thread::_Invoker<std::tuple<Solution::build(int, std::vector<float, std::allocator<float> > const&)::{lambda(int)#1}, unsigned int> >::_Invoker<Solution::build(int, std::vector<float, std::allocator<float> > const&)::{lambda(int)#1}&, unsigned int&>(Solution::build(int, std::vector<float, std::allocator<float> > const&)::{lambda(int)#1}&, unsigned int&)
276 162 0 108 2 0 0 2
+1 72 36 18
cfi=(240)
cfn=(3126)
calls=18 70 
* 126 54 36
* 72 18 18
cfi=(240)
cfn=(3128)
calls=18 70 
* 126 54 36
* 72 0 18
cfi=(281)
cfn=(3144)
calls=18 1345 
* 2754 918 882 22 8 0 6
+1 108 72

fn=(3778)
154 12 1 7 1 0 0 1
+1 3 1 1
cfn=(3136)
calls=1 -58 
* 9 3 3
+9 2 0 1
cob=(4)
cfi=(175)
cfn=(1694)
calls=1 0 
* 224 46 23
* 5 1 1 1 0 0 1
cfi=(240)
cfn=(3780)
calls=1 -94 
* 7 3 2
* 3 0 1
cfn=(3782) std::thread::_State_impl<std::thread::_Invoker<std::tuple<Solution::build(int, std::vector<float, std::allocator<float> > const&)::{lambda()#1}> > >::_State_impl<Solution::build(int, std::vector<float, std::allocator<float> > const&)::{lambda()#1}>(Solution::build(int, std::vector<float, std::allocator<float> > const&)::{lambda()#1}&&)
calls=1 +75 
* 141 46 45 2 0 0 2
* 5 0 1
cfi=(280)
cfn=(3154)
calls=1 317 
* 146 44 44
* 6 1 1
cob=(4)
cfi=(175)
cfn=(3180)
calls=1 0 
* 1320 301 252 4 8 26 0 0 24
* 3 0 1 1 0 0 1
cfi=(280)
cfn=(3236)
calls=1 398 
* 67 22 20 2 0 1
+3 10 7 0 1 1 0 1

fn=(3136)
97 342 114 114 1 0 10 1 0 2

fn=(3138)
239 162 0 108 1 0 0 1
+1 54 18 18
cfn=(3140) std::thread::_State::_State()
calls=18 -15 
* 180 54 54 1 0 0 1
* 144 54 36 1 0 0 1
cfi=(240)
cfn=(3126)
calls=18 70 
* 126 54 36
* 72 18 18
cfi=(240)
cfn=(3128)
calls=18 70 
* 126 54 36
* 72 0 18
cfn=(3142)
calls=18 +36 
* 3492 1152 1116 24 8 0 8
+1 108 72 0 1 0 0 1

fn=(3140)
225 190 57 57 1 0 0 1

fn=(3782)
239 7 0 4 1 0 0 1
+1 3 1 1
cfn=(3140)
calls=1 -15 
* 10 3 3
* 8 3 2
cfi=(240)
cfn=(3780)
calls=1 70 
* 7 3 2
* 3 0 1
cfn=(3784) std::thread::_Invoker<std::tuple<Solution::build(int, std::vector<float, std::allocator<float> > const&)::{lambda()#1}> >::_Invoker<Solution::build(int, std::vector<float, std::allocator<float> > const&)::{lambda()#1}>(Solution::build(int, std::vector<float, std::allocator<float> > const&)::{lambda()#1}&&)
calls=1 +36 
* 99 33 32 1 0 0 1
+1 4 3

fn=(3784)
276 7 0 4
+1 4 2 1
cfi=(240)
cfn=(3780)
calls=1 70 
* 7 3 2
* 3 0 1
cfi=(281)
cfn=(3786)
calls=1 889 
* 74 25 24 1 0 0 1
+1 4 3

fn=(4072)
325 95 0 57
+5 76 38 0 1
+1 38 38

fl=(327)
fn=(3742) void std::__move_median_to_first<__gnu_cxx::__normal_iterator<std::pair<float, int>*, std::vector<std::pair<float, int>, std::allocator<std::pair<float, int> > > >, __gnu_cxx::__ops::_Iter_less_iter>(__gnu_cxx::__normal_iterator<std::pair<float, int>*, std::vector<std::pair<float, int>, std::allocator<std::pair<float, int> > > >, __gnu_cxx::__normal_iterator<std::pair<float, int>*, std::vector<std::pair<float, int>, std::allocator<std::pair<float, int> > > >, __gnu_cxx::__normal_iterator<std::pair<float, int>*, std::vector<std::pair<float, int>, std::allocator<std::pair<float, int> > > >, __gnu_cxx::__normal_iterator<std::pair<float, int>*, std::vector<std::pair<float, int>, std::allocator<std::pair<float, int> > > >, __gnu_cxx::__ops::_Iter_less_iter)
85 2441840 0 1526150 2 0 0 2
+3 1831380 610460 305230
cfi=(328)
cfn=(3704)
calls=305230 -44 
* 33636464 11029056 8546440 1 364 893 0 83 108
* 610460
+2 1770216 590072 295036 1 0 0 1
cfi=(328)
cfn=(3704)
calls=295036 -46 
* 32453960 10621296 8261008 0 22 0 0 5
* 590072
+1 1475180 590072 295036
cfi=(248)
cfn=(3744)
calls=295036 +64 
* 52516408 18587268 15341872 1 5 2
+12 295036
-6 61164 20388 10194 1 0 0 1
cfi=(328)
cfn=(3704)
calls=10194 -53 
* 1182504 407760 285432
* 20388 0 0 1 0 0 1
+2 61164 20388 10194
cfi=(328)
cfn=(3704)
calls=10194 -55 
* 1182504 407760 285432
* 20388
+3 50970 20388 10194 1 0 0 1
cfi=(248)
cfn=(3744)
calls=10194 +53 
* 1814532 642222 530088 33 0 0 7
+1 915690 610460 0 0 1

fn=(3766) void std::__unguarded_linear_insert<__gnu_cxx::__normal_iterator<std::pair<float, int>*, std::vector<std::pair<float, int>, std::allocator<std::pair<float, int> > > >, __gnu_cxx::__ops::_Val_less_iter>(__gnu_cxx::__normal_iterator<std::pair<float, int>*, std::vector<std::pair<float, int>, std::allocator<std::pair<float, int> > > >, __gnu_cxx::__ops::_Val_less_iter)
1792 43778052 4864228 19456912 3 8 5 1 3 1
+4 14592684 0 4864228
cfi=(236)
cfn=(3496)
calls=4864228 1099 
* 38913824 19456912 9728456
* 9728456 0 4864228 0 0 1
cfi=(240)
cfn=(3440)
calls=4864228 97 
* 34049596 14592684 9728456
* 9728456 4864228 4864228 0 1890 2 0 265
+1 9728456 4864228 4864228 0 1
+1 14592684 0 4864228 14 0 0 1
cfi=(236)
cfn=(3698)
calls=4864228 1123 
* 58370736 29185368 14592684
+1 4864228
+2 13676994 0 4558998 0 0 2 0 0 1
cfi=(236)
cfn=(3496)
calls=4558998 1099 
* 36471984 18235992 9117996
* 9117996 0 4558998
cfi=(240)
cfn=(3440)
calls=4558998 97 
* 31912986 13676994 9117996 0 0 1 0 0 1
* 18235992 0 4558998 0 0 2 0 0 1
cfi=(236)
cfn=(3496)
calls=4558998 1099 
* 36471984 18235992 9117996 0 0 1
* 13676994 0 4558998
cfi=(325)
cfn=(3504)
calls=4558998 427 
* 164123928 68384970 50148978 0 12 12 0 2 2
+1 9117996 4558998 4558998
+1 13676994 0 4558998
cfi=(236)
cfn=(3698)
calls=4558998 1123 
* 54707976 27353988 13676994
-4 56539356 9423226 9423226 2 1 0 1
cfi=(328)
cfn=(3768)
calls=9423226 97 
* 953829090 321340196 226491744 1 74 88 0 12 12
* 18846452
+6 14592684 0 4864228
cfi=(240)
cfn=(3440)
calls=4864228 97 
* 34049596 14592684 9728456
* 19456912 0 4864228 1 0 1
cfi=(236)
cfn=(3496)
calls=4864228 1099 
* 38913824 19456912 9728456 0 0 1
* 14592684 0 4864228
cfi=(325)
cfn=(3504)
calls=4864228 427 
* 175112208 72963420 53506508 0 12 14 0 2 1
+1 34049596 24321140 0 0 6 0 0 1

fn=(3624) void std::__introsort_loop<__gnu_cxx::__normal_iterator<std::pair<float, int>*, std::vector<std::pair<float, int>, std::allocator<std::pair<float, int> > > >, long, __gnu_cxx::__ops::_Iter_less_iter>(__gnu_cxx::__normal_iterator<std::pair<float, int>*, std::vector<std::pair<float, int>, std::allocator<std::pair<float, int> > > >, __gnu_cxx::__normal_iterator<std::pair<float, int>*, std::vector<std::pair<float, int>, std::allocator<std::pair<float, int> > > >, long, __gnu_cxx::__ops::_Iter_less_iter)
1918 102820 10282 51410 1 0 0 1
+4 10282
+2 100090 50045
+5 50045 0 50045
+2 250225 100090 50045
cfn=(3740) __gnu_cxx::__normal_iterator<std::pair<float, int>*, std::vector<std::pair<float, int>, std::allocator<std::pair<float, int> > > > std::__unguarded_partition_pivot<__gnu_cxx::__normal_iterator<std::pair<float, int>*, std::vector<std::pair<float, int>, std::allocator<std::pair<float, int> > > >, __gnu_cxx::__ops::_Iter_less_iter>(__gnu_cxx::__normal_iterator<std::pair<float, int>*, std::vector<std::pair<float, int>, std::allocator<std::pair<float, int> > > >, __gnu_cxx::__normal_iterator<std::pair<float, int>*, std::vector<std::pair<float, int>, std::allocator<std::pair<float, int> > > >, __gnu_cxx::__ops::_Iter_less_iter)
calls=50045 -38 
* 1966773592 666919152 498767373 105 6744 56 21 1544 4
* 50045 0 50045 0 0 22 0 0 1
+1 300270 150135 50045
cfn=(3625) void std::__introsort_loop<__gnu_cxx::__normal_iterator<std::pair<float, int>*, std::vector<std::pair<float, int>, std::allocator<std::pair<float, int> > > >, long, __gnu_cxx::__ops::_Iter_less_iter>(__gnu_cxx::__normal_iterator<std::pair<float, int>*, std::vector<std::pair<float, int>, std::allocator<std::pair<float, int> > > >, __gnu_cxx::__normal_iterator<std::pair<float, int>*, std::vector<std::pair<float, int>, std::allocator<std::pair<float, int> > > >, long, __gnu_cxx::__ops::_Iter_less_iter)'2
calls=50045 -14 
* 2241586547 740500106 558887880 2 600 944 0 169 114
+1 100090 50045 50045 0 18 0 0 4
-11 250225 0 50045
cfi=(236)
cfn=(3466)
calls=50045 1334 
* 1801620 650585 500450
* 51410 0 10282 2 0 0 1
cfi=(236)
cfn=(3466)
calls=10282 1334 
* 370152 133666 102820
* 241308 0 0 2 0 0 1
+13 51410 41128

fn=(3625)
1918 3052300 305230 1526150
+4 305230
+2 510370 255185
+5 255185 0 255185
+2 1275925 510370 255185
cfn=(3740)
calls=255185 -38 
* 2207146047 729902266 549921240 2 592 926 0 168 112
* 255185 0 255185 0 0 18 0 0 2
+1 1531110 765555 255185
cfn=(3625)
calls=255185 -14 
* 1497428710 493981719 374103670 1 132 1348 0 30 146
+1 510370 255185 255185 0 8 0 0 1
-11 1275925 0 255185
cfi=(236)
cfn=(3466)
calls=255185 1334 
* 9186660 3317405 2551850
* 1526150 0 305230
cfi=(236)
cfn=(3466)
calls=305230 1334 
* 10988280 3967990 3052300
* 2241660
+13 1526150 1220920

fn=(3628) void std::__insertion_sort<__gnu_cxx::__normal_iterator<std::pair<float, int>*, std::vector<std::pair<float, int>, std::allocator<std::pair<float, int> > > >, __gnu_cxx::__ops::_Iter_less_iter>(__gnu_cxx::__normal_iterator<std::pair<float, int>*, std::vector<std::pair<float, int>, std::allocator<std::pair<float, int> > > >, __gnu_cxx::__normal_iterator<std::pair<float, int>*, std::vector<std::pair<float, int>, std::allocator<std::pair<float, int> > > >, __gnu_cxx::__ops::_Iter_less_iter)
1812 102820 10282 51410 2 0 0 2
+3 51410 0 10282
cfi=(236)
cfn=(3616)
calls=10282 1197 
* 349588 133666 102820
* 20564
+2 41128 0 10282 1 0 0 1
cfi=(236)
cfn=(3502)
calls=10282 1147 
* 390716 143948 102820
* 20564 0 10282
+2 920598 306866 153433
cfi=(328)
cfn=(3704)
calls=153433 44 
* 17733926 6094452 4296124 2 5 2 2
* 306866
+3 32151 0 10717
cfi=(236)
cfn=(3496)
calls=10717 1099 
* 85736 42868 21434
* 21434 0 10717
cfi=(240)
cfn=(3440)
calls=10717 97 
* 75019 32151 21434
* 21434 10717 10717 1 0 0 1
+1 42868 0 10717
cfi=(236)
cfn=(3502)
calls=10717 1147 
* 407246 150038 107170
* 64302 21434 10717
cfi=(248)
cfn=(3706)
calls=10717 892 
* 3504767 1130759 1038117 17 0 10 9
+1 32151 0 10717
cfi=(240)
cfn=(3440)
calls=10717 97 
* 75019 32151 21434
* 42868 0 10717
cfi=(236)
cfn=(3496)
calls=10717 1099 
* 85736 42868 21434
* 32151 0 10717
cfi=(325)
cfn=(3504)
calls=10717 427 
* 385812 160755 117887
* 10717
+4 142716 0 142716
cfi=(328)
cfn=(3764)
calls=142716 109 
* 856296 285432 142716
-1 428148 142716 142716
cfn=(3766)
calls=142716 -35 
* 58402786 20167538 15181962 21 0 1 3
-10 460299 0 153433
cfi=(236)
cfn=(3630)
calls=153433 1109 
* 1841196 920598 460299
* 818575 0 163715 2 0 0 2
cfi=(236)
cfn=(3616)
calls=163715 1197 
* 5566310 2128295 1637150
* 501427
+13 61692 51410 0 0 1

fn=(3770) void std::__unguarded_insertion_sort<__gnu_cxx::__normal_iterator<std::pair<float, int>*, std::vector<std::pair<float, int>, std::allocator<std::pair<float, int> > > >, __gnu_cxx::__ops::_Iter_less_iter>(__gnu_cxx::__normal_iterator<std::pair<float, int>*, std::vector<std::pair<float, int>, std::allocator<std::pair<float, int> > > >, __gnu_cxx::__normal_iterator<std::pair<float, int>*, std::vector<std::pair<float, int>, std::allocator<std::pair<float, int> > > >, __gnu_cxx::__ops::_Iter_less_iter)
1836 91746 10194 40776 1 0 0 1
+3 30582 10194 10194
+2 4721512 0 4721512 0 0 3
cfi=(328)
cfn=(3764)
calls=4721512 109 
* 28329072 9443024 4721512 0 0 1
-1 14164536 4721512 4721512 0 5 1 0 1 1
cfn=(3766)
calls=4721512 -48 
* 1941118612 670204622 504650708 0 2004 129 0 285 19
-1 14164536 0 4721512
cfi=(236)
cfn=(3630)
calls=4721512 1109 
* 56658144 28329072 14164536 0 31 1 0 3
* 23658530 0 4731706 1 0 1
cfi=(236)
cfn=(3616)
calls=4731706 1197 
* 160878004 61512178 47317060 0 3 3 0 2 1
* 14195118
+3 61164 40776

fn=(3614) void std::__sort<__gnu_cxx::__normal_iterator<std::pair<float, int>*, std::vector<std::pair<float, int>, std::allocator<std::pair<float, int> > > >, __gnu_cxx::__ops::_Iter_less_iter>(__gnu_cxx::__normal_iterator<std::pair<float, int>*, std::vector<std::pair<float, int>, std::allocator<std::pair<float, int> > > >, __gnu_cxx::__normal_iterator<std::pair<float, int>*, std::vector<std::pair<float, int>, std::allocator<std::pair<float, int> > > >, __gnu_cxx::__ops::_Iter_less_iter)
1942 61692 0 30846
+3 51410 0 10282
cfi=(236)
cfn=(3616)
calls=10282 1197 
* 349588 133666 102820
* 30846
+3 51410 0 10282 1 0 0 1
cfi=(236)
cfn=(3466)
calls=10282 1334 
* 370152 133666 102820
* 20564 0 10282
cfi=(248)
cfn=(3618)
calls=10282 1515 
* 431844 102820 143948 6 0 0 6
-1 61692 20564 10282
cfn=(3624)
calls=10282 -29 
* 4212090131 1408605234 1058620485 112 7362 1022 24 1717 119
+3 51410 20564 10282
cfn=(3626) void std::__final_insertion_sort<__gnu_cxx::__normal_iterator<std::pair<float, int>*, std::vector<std::pair<float, int>, std::allocator<std::pair<float, int> > > >, __gnu_cxx::__ops::_Iter_less_iter>(__gnu_cxx::__normal_iterator<std::pair<float, int>*, std::vector<std::pair<float, int>, std::allocator<std::pair<float, int> > > >, __gnu_cxx::__normal_iterator<std::pair<float, int>*, std::vector<std::pair<float, int>, std::allocator<std::pair<float, int> > > >, __gnu_cxx::__ops::_Iter_less_iter)
calls=10282 -96 
* 2353532690 806740742 614386526 65 2088 152 22 297 21
+2 30846 20564 0 1 79 0 0 5

fn=(3626)
1854 61692 0 30846
+3 51410 0 10282
cfi=(236)
cfn=(3466)
calls=10282 1334 
* 370152 133666 102820
* 41128 0 0 3 0 0 1
+2 40776 0 10194
cfi=(236)
cfn=(3502)
calls=10194 1147 
* 387372 142716 101940
* 50970 10194 10194
cfn=(3628)
calls=10194 -47 
* 93470146 31849862 24060936 27 6 13 3
+1 40776 0 10194
cfi=(236)
cfn=(3502)
calls=10194 1147 
* 387372 142716 101940 0 1
* 50970 10194 10194 13
cfn=(3770)
calls=10194 -24 
* 2258071556 774271572 589801028 2 2043 139 1 291 21
+5 10194
-1 440 176 88 1
cfn=(3628)
calls=88 -52 
* 466890 159082 135870 19 0 0 17
+1 30846 20564 0 0 38 0 0 6

fn=(3610)
4851 61692 0 30846
+10 10282 0 10282
cfi=(328)
cfn=(3612)
calls=10282 51 
* 61692 20564 10282
* 51410 20564 10282
cfn=(3614)
calls=10282 1942 
* 6567134275 2215777820 1673438855 185 9529 1174 53 2019 140
+1 30846 20564

fn=(3758) __gnu_cxx::__normal_iterator<std::pair<float, int>*, std::vector<std::pair<float, int>, std::allocator<std::pair<float, int> > > > std::__unguarded_partition<__gnu_cxx::__normal_iterator<std::pair<float, int>*, std::vector<std::pair<float, int>, std::allocator<std::pair<float, int> > > >, __gnu_cxx::__ops::_Iter_less_iter>(__gnu_cxx::__normal_iterator<std::pair<float, int>*, std::vector<std::pair<float, int>, std::allocator<std::pair<float, int> > > >, __gnu_cxx::__normal_iterator<std::pair<float, int>*, std::vector<std::pair<float, int>, std::allocator<std::pair<float, int> > > >, __gnu_cxx::__normal_iterator<std::pair<float, int>*, std::vector<std::pair<float, int>, std::allocator<std::pair<float, int> > > >, __gnu_cxx::__ops::_Iter_less_iter)
1871 2136610 0 1220920
+6 305230
+1 27981639 0 9327213 0 0 1
cfi=(236)
cfn=(3630)
calls=9327213 1109 
* 111926556 55963278 27981639
-1 72388332 24129444 12064722 1 1 0 1
cfi=(328)
cfn=(3704)
calls=12064722 44 
* 1343622626 445305540 337832496 0 4734 43 0 1116 4
* 24129444
+2 8212527 0 2737509
cfi=(236)
cfn=(3698)
calls=2737509 1123 
* 32850108 16425054 8212527
+1 2737509
+1 29481681 0 9827227
cfi=(236)
cfn=(3698)
calls=9827227 1123 
* 117926724 58963362 29481681
-1 75388416 25129472 12564736 1 1 0 1 1
cfi=(328)
cfn=(3704)
calls=12564736 44 
* 1398695970 463326793 351853573 0 2087 13 0 489
* 25129472
+2 13687545 0 2737509
cfi=(236)
cfn=(3760) decltype (std::__detail::__synth3way((declval<std::pair<float, int>*&>)(), (declval<std::pair<float, int>*&>)())) __gnu_cxx::operator<=><std::pair<float, int>*, std::vector<std::pair<float, int>, std::allocator<std::pair<float, int> > > >(__gnu_cxx::__normal_iterator<std::pair<float, int>*, std::vector<std::pair<float, int>, std::allocator<std::pair<float, int> > > > const&, __gnu_cxx::__normal_iterator<std::pair<float, int>*, std::vector<std::pair<float, int>, std::allocator<std::pair<float, int> > > > const&)
calls=2737509 1208 
* 158775522 57487689 41062635 37 4 1 3 1
* 5475018 0 2737509
cfi=(247)
cfn=(1572)
calls=2737509 292 
* 21900072 8212527 5475018 9 0 2
* 8212527
+1 610460 305230
+1 12161395 4864558 2432279 0 1
cfi=(248)
cfn=(3744)
calls=2432279 155 
* 432945662 153233577 126478508 0 35 26 0 5 4
+1 7296837 0 2432279
cfi=(236)
cfn=(3630)
calls=2432279 1109 
* 29187348 14593674 7296837
-8 2432279
+10 610460 610460 0 0 39 0 0 6

fn=(3740)
1893 3052300 305230 1526150 16 0 0 2
+3 1526150 0 305230
cfi=(236)
cfn=(3466)
calls=305230 1334 
* 10988280 3967990 3052300
* 2747070 0 305230
cfi=(236)
cfn=(3502)
calls=305230 1147 
* 11598740 4273220 3052300 0 0 1
* 305230 0 305230
+1 1220920 0 305230 1 0 0 1
cfi=(236)
cfn=(3494)
calls=305230 1157 
* 11903970 4273220 3052300
* 1526150 0 305230
cfi=(236)
cfn=(3502)
calls=305230 1147 
* 11598740 4273220 3052300
* 1831380 610460 305230
cfn=(3742)
calls=305230 85 
* 132930320 44157590 35702306 41 392 895 13 88 108
+2 1220920 0 305230 1
cfi=(236)
cfn=(3502)
calls=305230 1147 
* 11598740 4273220 3052300
* 1831380 610460 305230
cfn=(3758)
calls=305230 -28 
* 3966207969 1328550658 993756817 48 6902 86 5 1618 8
+1 1831380 1526150 0 0 42 0 0 6

fl=(325)
fn=(3748) std::pair<float, int>::swap(std::pair<float, int>&)
206 16425054 0 8212527 1 0 6 1 0 1
+5 13687545 5475018 2737509
cfi=(240)
cfn=(3750)
calls=2737509 -22 
* 145087977 57487689 43800144 13 23 14 4 4 1
+1 19162563 5475018 2737509
cfi=(240)
cfn=(3754)
calls=2737509 -23 
* 145087977 57487689 43800144 15 7 5 1 1 1
+1 8212527 5475018 0 0 3

fn=(3504)
427 941147346 0 470573673 1 0 14 1 0 2
+4 470573673 156857891 156857891 0 0 108 0 0 14
cfi=(240)
cfn=(3506)
calls=156857891 70 
* 1098005237 470573673 313715782 1 0 19 1
* 470573673 313715782 156857891 0 50317 455 0 198 110
+1 627431564 156857891 156857891 1 0 12 1 0 1
cfi=(240)
cfn=(3508)
calls=156857891 70 
* 1098005237 470573673 313715782 2 0 22 2 0 3
* 470573673 313715782 156857891 0 57 27 0 18 10
+1 156857891 156857891
+1 313715782 313715782

fn=(3540)
1040 24475385 0 9790154 0 0 2
+1 14685231 4895077 4895077 0 0 3
cfi=(240)
cfn=(3440)
calls=4895077 97 
* 34265539 14685231 9790154
* 9790154 0 4895077
cfn=(3542) float&& std::__pair_get<0ul>::__move_get<float, int>(std::pair<float, int>&&)
calls=4895077 -51 
* 83216309 29370462 24475385
* 9790154 9790154

fn=(3690)
819 1524252303 169361367 677445468 0 100 670 0 20 75
+2 1016168202 338722734 169361367 1 0 904 1 0 100
cfi=(247)
cfn=(3692) auto std::__detail::_Synth3way::operator()<float, float>(float const&, float const&) const
calls=169361367 1214 
* 4533614986 2006295830 677445468 1 6812394 1202 1 18747 143
* 677445468 169361367 338722734 0 0 33 0 0 1
cfi=(247)
cfn=(3694) std::operator==(std::partial_ordering, std::__cmp_cat::__unspec)
calls=169361367 89 
* 1524252303 508084101 338722734 1 0 20 1 0 2
* 508084101
+1 338560610 169280305 0 0 33 0 0 4
+1 648496 162124 81062
cfi=(247)
cfn=(3772) auto std::__detail::_Synth3way::operator()<int, int>(int const&, int const&) const
calls=81062 1214 
* 1783364 810620 324248 1 0 0 1
* 324248 0 162124
cfi=(247)
cfn=(3774) std::strong_ordering::operator std::partial_ordering() const
calls=81062 273 
* 2593984 972744 648496 1 0 160 1 0 45
* 81062
+1 846806835 677445468 0 1 79 0 1 21

fn=(4322)
315 7000 0 4000 1 0 0 1
+2 3000 1000 1000
cfi=(240)
cfn=(4324)
calls=1000 70 
* 7000 3000 2000 1
* 6000 3000 2000
cfi=(240)
cfn=(4326)
calls=1000 70 
* 7000 3000 2000 1
* 3000 2000 1000
+1 3000 2000

fn=(3542)
990 24475385 0 9790154
+1 14685231 4895077 4895077
cfi=(240)
cfn=(3506)
calls=4895077 70 
* 34265539 14685231 9790154
* 9790154 9790154

fn=(3546) int&& std::__pair_get<1ul>::__move_get<float, int>(std::pair<float, int>&&)
1014 24475385 0 9790154
+1 19580308 4895077 4895077
cfi=(240)
cfn=(3508)
calls=4895077 70 
* 34265539 14685231 9790154
* 9790154 9790154 0 0 1

fn=(3544)
1040 24475385 0 9790154 0 0 1 0 0 1
+1 14685231 4895077 4895077 0 0 3 0 0 1
cfi=(240)
cfn=(3440)
calls=4895077 97 
* 34265539 14685231 9790154 0 0 1
* 9790154 0 4895077
cfn=(3546)
calls=4895077 -27 
* 88111386 29370462 24475385 0 1
* 9790154 9790154 0 0 2

fn=(3432)
315 101213196 0 57836112 0 0 4 0 0 1
+2 43377084 14459028 14459028
cfi=(240)
cfn=(3434)
calls=14459028 70 
* 101213196 43377084 28918056 1
* 86754168 43377084 28918056 1 107 91 1 10 9
cfi=(240)
cfn=(3436)
calls=14459028 70 
* 101213196 43377084 28918056 1 0 0 1
* 43377084 28918056 14459028 0 6 3
+1 43377084 28918056

fn=(3746)
879 16425054 0 8212527
+2 13687545 5475018 2737509
cfn=(3748)
calls=2737509 206 
* 347663643 131400432 101287833 29 33 25 6 5 3
* 8212527 5475018 0 0 2

fl=(236)
fn=(1584)
1334 210 0 120
+3 90 30 30 2 0 0 1
cfn=(1586) __gnu_cxx::__normal_iterator<char*, std::span<char, 18446744073709551615ul> >::base() const
calls=30 1162 
* 210 90 60 2 0 0 1
* 120 60 30
cfn=(1586)
calls=30 1162 
* 210 90 60
* 210 120

fn=(2280) __gnu_cxx::__normal_iterator<std::vector<float, std::allocator<float> >*, std::vector<std::vector<float, std::allocator<float> >, std::allocator<std::vector<float, std::allocator<float> > > > >::base() const
1162 808 0 404 1 0 0 1
+1 606 606

fn=(2886)
1076 51000 0 30600 2 0 0 1
+1 71400 51000 10200 0 37

fn=(2906) std::move_iterator<int*>::move_iterator(int*)
1519 240000 0 120000 1 0 0 1
+1 120000 0 40000 1 0 0 1
cfi=(240)
cfn=(2908)
calls=40000 97 
* 280000 120000 80000
* 240000 160000 40000

fn=(3502)
1147 4196301732 466255748 1865022992 1 256 308 1 57 31
+1 5128813228 1398767244 932511496 0 78 119 0 9 17
cfn=(3450)
calls=466255748 -72 
* 5595068976 2331278740 1865022992 0 14 89 0 4 11
* 2797534488 2331278740 0 1 148 0 1 32

fn=(3526)
1076 234814370 0 140888622 1 0 26 1 0 2
+1 328740118 234814370 46962874 1 10015 3 1 13

fn=(3924) __gnu_cxx::__normal_iterator<std::thread*, std::vector<std::thread, std::allocator<std::thread> > >::base() const
1162 152 0 76
+1 114 114

fn=(4208)
1197 7700 0 4400 2 0 0 2
+6 3300 1100 1100
cfn=(2890)
calls=1100 -41 
* 7700 3300 2200 1
* 4400 2200 1100
cfn=(2890)
calls=1100 -41 
* 7700 3300 2200
* 6600 4400

fn=(3698)
1123 136327016 0 68163508
+2 170408770 102245262 34081754 0 1
+1 34081754 34081754
+1 68163508 68163508

fn=(1466)
195 90 0 54
+2 54 36 18
+1 54 36

fn=(1474) std::reverse_iterator<std::__format::_Arg_t const*>::base() const
248 96 0 48 2 0 0 2
+2 96 96

fn=(1608)
1142 90 0 54 2 0 0 2
+1 162 126 18

fn=(2380)
1076 1000 0 600
+1 1400 1000 200

fn=(3372)
1832 608 76 228
+1 380 76 76 1 0 0 1
cfn=(3374) std::move_iterator<unsigned short*>::move_iterator(unsigned short*)
calls=76 1519 
* 1672 532 532 3 0 0 2
* 456 380

fn=(3616)
1197 68512458 0 39149976
+6 29362482 9787494 9787494 0 0 5
cfn=(3468)
calls=9787494 -41 
* 68512458 29362482 19574988
* 39149976 19574988 9787494 0 5 2 0 2 1
cfn=(3468)
calls=9787494 -41 
* 68512458 29362482 19574988
* 58724964 39149976 0 0 55 0 0 2

fn=(4330)
1109 4000 0 2000
+2 5000 3000 1000
+1 1000 1000
+1 2000 2000

fn=(1924)
1197 9050307 0 5171604 1 0 0 1
+6 3878703 1292901 1292901
cfn=(1926) __gnu_cxx::__normal_iterator<float*, std::vector<float, std::allocator<float> > >::base() const
calls=1292901 -41 
* 9050307 3878703 2585802 1 0 0 1
* 5171604 2585802 1292901
cfn=(1926)
calls=1292901 -41 
* 9050307 3878703 2585802
* 7757406 5171604

fn=(2282)
1099 400 0 200
+1 400 400

fn=(2400) __gnu_cxx::__normal_iterator<unsigned long const*, std::vector<unsigned long, std::allocator<unsigned long> > >::base() const
1162 800 0 400 1 0 0 1
+1 600 600

fn=(2688)
1076 1000 0 600 1 0 0 1
+1 1400 1000 200

fn=(2708) __gnu_cxx::__normal_iterator<int const*, std::vector<int, std::allocator<int> > >::base() const
1162 800 0 400 1 0 0 1
+1 600 600

fn=(3324)
1162 76 0 38 4 0 18 2 0 18
+1 57 57

fn=(3538)
1099 109357120 0 54678560 0 0 1 0 0 1
+1 109357120 109357120

fn=(3760)
1208 19162563 0 10950036 29 0 0 1
+3 8212527 2737509 2737509
cfn=(3468)
calls=2737509 -49 
* 19162563 8212527 5475018 0 0 1
* 10950036 2737509 2737509 0 1
cfn=(3468)
calls=2737509 -49 
* 19162563 8212527 5475018
* 13687545 0 2737509 2 0 0 1
cfi=(247)
cfn=(3762) auto std::__detail::_Synth3way::operator()<std::pair<float, int>*, std::pair<float, int>*>(std::pair<float, int>* const&, std::pair<float, int>* const&) const
calls=2737509 +3 
* 60225198 27375090 10950036 6 2 0 1
* 8212527 8212527 0 0 1 0 0 1

fn=(4060)
1109 72 0 36
+2 90 54 18 0 3
+1 18 18
+1 36 36

fn=(4210)
1099 4000 0 2000 1 0 0 1
+1 4000 4000

fn=(1920)
1076 1010 0 606
+1 1414 1010 202 1 38 0 1

fn=(2220)
1076 1010 0 606 2 0 0 1
+1 1414 1010 202

fn=(2438) __gnu_cxx::__normal_iterator<std::vector<unsigned long, std::allocator<unsigned long> >*, std::vector<std::vector<unsigned long, std::allocator<unsigned long> >, std::allocator<std::vector<unsigned long, std::allocator<unsigned long> > > > >::base() const
1162 808 0 404
+1 606 606

fn=(2532)
1109 400 0 200
+2 500 300 100
+1 100 100
+1 200 200

fn=(2890)
1162 48800 0 24400 2 0 0 1
+1 36600 36600

fn=(3320)
1076 95 0 57 8 0 0 1
+1 133 95 19

fn=(3630)
1109 85982656 0 42991328 0 0 1
+2 107478320 64486992 21495664 0 31 0 0 3
+1 21495664 21495664
+1 42991328 42991328

fn=(1586)
1162 240 0 120 2 0 0 1
+1 180 180

fn=(1926)
1162 10343208 0 5171604 1 0 0 1
+1 7757406 7757406

fn=(2060)
1109 5171200 0 2585600
+2 6464000 3878400 1292800
+1 1292800 1292800
+1 2585600 2585600

fn=(2238)
1357 1010 0 404 1 0 0 1
+2 606 0 202
cfn=(2240) __gnu_cxx::__normal_iterator<float const*, std::vector<float, std::allocator<float> > >::base() const
calls=202 1162 
* 1414 606 404 2 0 0 2
* 606 606

fn=(2240)
1162 808 0 404 2 0 0 2
+1 606 606

fn=(2278)
1197 707 0 404
+6 303 101 101
cfn=(2280)
calls=101 -41 
* 707 303 202 1 0 0 1
* 404 202 101
cfn=(2280)
calls=101 -41 
* 707 303 202
* 606 404

fn=(2432)
1076 10 0 6
+1 14 10 2

fn=(2526)
1109 4000 0 2000
+2 5000 3000 1000
+1 1000 1000
+1 2000 2000

fn=(3386)
2968 380 0 152 3 0 0 1
+2 228 0 76
cfn=(3388) std::move_iterator<unsigned short*>::base() const &
calls=76 1550 
* 532 228 152 10 0 0 1
* 228 76 76
cfi=(273)
cfn=(3390)
calls=76 607 
* 532 228 152
* 152 152

fn=(3466)
1334 278768847 0 159296484 1 0 17 1 0 2
+3 119472363 39824121 39824121 0 0 18 0 0 2
cfn=(3468)
calls=39824121 1162 
* 278768847 119472363 79648242 1 0 52 1 0 6
* 159296484 79648242 39824121 0 20 1 0 3
cfn=(3468)
calls=39824121 1162 
* 278768847 119472363 79648242 0 0 9 0 0 3
* 318592968 159296484 0 0 15 0 0 2

fn=(3922)
1197 133 0 76 1 0 0 1
+6 57 19 19 1
cfn=(3924)
calls=19 -41 
* 133 57 38
* 76 38 19
cfn=(3924)
calls=19 -41 
* 133 57 38
* 114 76 0 0 3

fn=(1478)
296 24 0 12
+2 30 18 6
+1 6 6 0 1
+1 12 12

fn=(1494)
1076 240 0 144
+1 336 240 48

fn=(1928)
1099 5171200 0 2585600
+1 5171200 5171200

fn=(2498)
1076 1000 0 600 1 0 0 1
+1 1400 1000 200 0 1

fn=(2918)
2968 200000 0 80000 1 0 0 1
+2 120000 0 40000
cfn=(2920) std::move_iterator<int*>::base() const &
calls=40000 1550 
* 280000 120000 80000 1 0 0 1
* 120000 40000 40000 1 0 0 1
cfi=(273)
cfn=(2922)
calls=40000 607 
* 280000 120000 80000
* 80000 80000

fn=(3244)
1157 162 18 72
+1 216 54 36 1 0 0 1
cfn=(3242)
calls=18 -82 
* 216 90 72
* 108 90

fn=(3374)
1519 456 0 228 1 0 0 1
+1 228 0 76
cfi=(240)
cfn=(3376)
calls=76 97 
* 532 228 152
* 456 304 76 2 0 0 1

fn=(3532) __gnu_cxx::__normal_iterator<std::pair<float, int> const*, std::vector<std::pair<float, int>, std::allocator<std::pair<float, int> > > >::base() const
1162 78494376 0 39247188 0 0 1
+1 58870782 58870782

fn=(1472)
593 84 0 48
+3 36 12 12
cfn=(1474)
calls=12 248 
* 96 48 24 2 0 0 2
* 48 12 12
cfn=(1474)
calls=12 248 
* 96 48 24
* 60 36

fn=(2706)
1357 1000 0 400
+2 600 0 200
cfn=(2708)
calls=200 1162 
* 1400 600 400 1 0 0 1
* 600 600

fn=(3242)
1076 190 0 114
+1 266 190 38 1 1 0 1

fn=(3388)
1550 304 0 152 10 0 0 1
+1 228 228

fn=(3468)
1162 420641336 0 210320668 1 0 62 1 0 9
+1 315481002 315481002

fn=(3494)
1157 263009574 29223286 116893144 2 3 19 1 1 3
+1 350679432 87669858 58446572 0 1 6
cfn=(3450)
calls=29223286 -82 
* 350679432 146116430 116893144 0 1 27 0 1 3
* 175339716 146116430 0 1 14 0 1 5

fn=(2274)
1076 10 0 6
+1 14 10 2 1 0 0 1

fn=(2284)
1109 400 0 200
+2 500 300 100
+1 100 100
+1 200 200

fn=(2436)
1197 707 0 404 1 0 0 1
+6 303 101 101
cfn=(2438)
calls=101 -41 
* 707 303 202
* 404 202 101
cfn=(2438)
calls=101 -41 
* 707 303 202
* 606 404

fn=(2502)
1197 7700 0 4400
+6 3300 1100 1100
cfn=(2504) __gnu_cxx::__normal_iterator<unsigned long*, std::vector<unsigned long, std::allocator<unsigned long> > >::base() const
calls=1100 -41 
* 7700 3300 2200 1 0 0 1
* 4400 2200 1100
cfn=(2504)
calls=1100 -41 
* 7700 3300 2200
* 6600 4400

fn=(2504)
1162 8800 0 4400 1 0 0 1
+1 6600 6600

fn=(2506)
1099 4000 0 2000
+1 4000 4000

fn=(3246)
1099 144 0 72 10 0 0 1
+1 144 144

fn=(3450)
1076 2817733880 0 1690640328 1 0 126 1 0 14
+1 3944827432 2817733880 563546776 1 133 25 1 20 4

fn=(3496)
1099 2479687732 0 1239843866 0 0 93 0 0 12
+1 2479687732 2479687732 0 0 43 0 0 5

fn=(3712)
1357 214340 0 85736 2 0 0 2
+2 128604 0 42868
cfn=(3468)
calls=42868 1162 
* 300076 128604 85736
* 128604 128604

fn=(1476)
264 24 0 12
+2 18 12 6
+1 12 6 6
+1 12 12

fn=(2398)
1357 1000 0 400
+2 600 0 200
cfn=(2400)
calls=200 1162 
* 1400 600 400 1 0 0 1
* 600 600

fn=(2440)
1099 400 0 200
+1 400 400

fn=(2904)
1832 320000 40000 120000 1 0 0 1
+1 200000 40000 40000
cfn=(2906)
calls=40000 1519 
* 880000 280000 280000 2 0 0 2
* 240000 200000

fn=(2920)
1550 160000 0 80000 1 0 0 1
+1 120000 120000

fn=(3530)
1197 68682579 0 39247188 1 0 3 1
+6 29435391 9811797 9811797
cfn=(3532)
calls=9811797 -41 
* 68682579 29435391 19623594 0 0 1
* 39247188 19623594 9811797
cfn=(3532)
calls=9811797 -41 
* 68682579 29435391 19623594
* 58870782 39247188 0 0 3

fl=(238)
fn=(1500)
141 615 0 246
+1 369 123 123 2 0 0 1
cfi=(240)
cfn=(1502)
calls=123 -4 
* 2091 738 615
* 246 246

fn=(1560) char const* std::__to_address<char const>(char const*)
212 120 0 60 2 0 0 1
+3 30 30
+1 60 60

fn=(4400)
141 5000 0 2000
+1 3000 1000 1000
cfi=(240)
cfn=(4402)
calls=1000 -4 
* 17000 6000 5000
* 2000 2000

fn=(4414)
141 500 0 200
+1 300 100 100
cfi=(240)
cfn=(4416)
calls=100 -4 
* 1700 600 500
* 200 200

fn=(1558)
250 150 0 60
+1 90 30 30
cfn=(1560)
calls=30 -39 
* 210 90 60 2 0 0 1
* 60 60

fn=(4308)
212 400 0 200
+3 100 100
+1 200 200

fn=(1486)
250 210 0 84 2 0 1 1
+1 126 42 42
cfn=(1488) char* std::__to_address<char>(char*)
calls=42 -39 
* 294 126 84 4 0 0 2
* 84 84

fn=(1488)
212 168 0 84 4 0 0 2
+3 42 42
+1 84 84

fn=(1674)
141 2245 0 898 4 0 0 2
+1 1347 449 449
cfi=(240)
cfn=(1676)
calls=449 -4 
* 7633 2694 2245 4 0 0 1
* 898 898

fn=(4270)
212 4000 0 2000 1
+3 1000 1000
+1 2000 2000

fl=(282) /usr/include/c++/13/cmath
fn=(2852) std::log(long double)
327 120000 40000 80000
cob=(4)
cfi=(175)
cfn=(2854) 0x000000000010f9b0
calls=20000 0 
* 720000 160000 40000 5 3 0 5 2
* 60000 40000

fl=(216)
fn=(1328)
326 120 0 60 21 0 0 2
+5 60 20 20
cfi=(215)
cfn=(1330)
calls=20 150 
* 440 140 160 6 0 0 2
-1 40 20 20 0 0 1
+3 40 0 20
+2 62300 37380 12460
+1 37380 12460 12460 10 0 0 1
+1 37380 12460 12460
+1 37380 12460 12460
cfi=(215)
cfn=(1334)
calls=12460 150 
* 386260 99680 99680 5 0 0 2
* 12460 0 12460
+2 37380 12460 12460
cfi=(215)
cfn=(1330)
calls=12460 150 
* 274120 87220 99680
-1 37380 24920 12460 0 0 1372 0 0 1283
-6 37420 12480 12460 2 0 0 1
+9 40 20 20
+1 60 40

fn=(2862) std::mersenne_twister_engine<unsigned long, 32ul, 624ul, 397ul, 31ul, 2567483615ul, 11ul, 4294967295ul, 7ul, 2636928640ul, 15ul, 4022730752ul, 18ul, 1812433253ul>::_M_gen_rand()
397 132 0 66 1 0 0 1
+4 33 0 33
+1 33 0 33
+2 66 0 33
+2 37455 22473 0 1 0 0 1
+1 37455 22473 0 0 928
-1 14982 0 7491
+2 52437 29964 0 0 453
+1 48668 7491
-1 11166 7444 3722
-4 11166 3722 3722

ob=(3)
fl=(184)
fn=(624)
0 12 1 0 3 0 0 3

fn=(5104) 0x0000000000010430
0 5 1 0 2 0 0 1

fn=(5094)
0 9 3 2 2 2
cob=(4)
cfi=(175)
cfn=(5100) 0x0000000004ae0220
calls=1 0 
0 134 31 13 1 0 0 1
0 1 0 1
cfn=(5104)
calls=1 0 
0 5 1 0 2 0 0 1
0 3 2 1

fl=(153)
fn=(476)
27 1 0 0 1 0 0 1
fi=(142) ./math/../sysdeps/x86_64/fpu/multiarch/ifunc-fma.h
+2 4 2
+1 3 1 0 1 0 0 1
fe=(153)
-3 1 1

fl=(146)
fn=(452)
34 1 0 0 1 0 0 1
fi=(144) ./math/../sysdeps/x86_64/fpu/multiarch/ifunc-avx-fma4.h
-2 5 2 0 1 0 0 1
+1 2 1
fe=(146)
+1 1 1

fn=(514)
27 1 0 0 1 0 0 1
fi=(144)
+5 5 2
+1 2 1
fe=(146)
-6 1 1

fl=(158)
fn=(496)
49 6 3 0 2 0 0 2

fl=(145)
fn=(448)
27 1 0 0 1 0 0 1
fi=(142)
+2 4 2 0 1 0 0 1
+1 3 1
fe=(145)
-3 1 1

fl=(151)
fn=(472)
27 1 0 0 1 0 0 1
fi=(152) ./math/../sysdeps/x86_64/fpu/multiarch/ifunc-fma4.h
+4 4 2 0 1 0 0 1
+1 2 1
fe=(151)
-5 1 1

fl=(285) ./math/./w_log_template.c
fn=(2872) log@@GLIBC_2.29
31 10000 0 0 1 0 0 1
+1 30000
+9 10000 0 0 1 0 0 1
cob=(4)
cfi=(175)
cfn=(2874) 0x0000000004ae0340
calls=10000 -41 
* 488230 121770 0 9 1491 0 9 37

fl=(143)
fn=(444)
27 1 0 0 1 0 0 1
fi=(144)
+5 5 2
+1 2 1
fe=(143)
-6 1 1 0 1 0 0 1

fl=(283) ./math/./math/w_logl_compat.c
fn=(2856) logl
29 100000 20000 20000 1 0 0 1
+1 100000
+14 20000 0 20000 1 0 0 1
+1 20000 20000
-1 20000
cfi=(284) ./math/../sysdeps/x86_64/fpu/e_logl.S
cfn=(2858) __ieee754_logl
calls=20000 -14 
* 420000 100000 0 2 2 0 2 2

fl=(157)
fn=(492)
26 1 0 0 1 0 0 1
fi=(142)
+3 4 2
+1 3 1
fe=(157)
-4 1 1

fl=(150)
fn=(468)
30 1 0 0 1 0 0 1
fi=(142)
-1 4 2
+1 4 2
fe=(150)

fl=(161)
fn=(510)
26 1 0 0 1 0 0 1
fi=(144)
+6 5 2
+1 2 1 0 1 0 0 1
fe=(161)
-7 1 1

fl=(156)
fn=(498)
27 1 0 0 1 0 0 1
fi=(152)
+4 4 2
+1 2 1
fe=(156)
-5 1 1

fn=(488)
35 1 0 0 1 0 0 1
fi=(152)
-4 4 2
+1 2 1 0 1 0 0 1
+3 1 1
fe=(156)

fl=(149)
fn=(464)
26 1 0 0 1 0 0 1
fi=(142)
+3 4 2 0 1 0 0 1
+1 3 1
fe=(149)
-4 1 1

fl=(286) ./math/../sysdeps/ieee754/dbl-64/e_log.c
fn=(2876) __ieee754_log_fma
49 10000 0 0 1 0 0 1
+12 10000
fi=(396) ./math/../sysdeps/ieee754/dbl-64/math_config.h
+24 10000
fe=(286)
-24 10000
-22 10000
+22 10000
-22 10000
+22 20000
+24 28230 0 0 1 0 0 1
+17 9410
+4 9410
+13 9410
-5 9410 9410 0 0 1 0 0 1
-12 9410
+20 9410 9410 0 0 1 0 0 1
+8 9410 9410
-27 9410 0 0 1 0 0 1
+27 9410 9410
-27 9410
+3 37640
-1 18820
-1 9410
+1 9410
+14 9410
-5 9410
+8 9410 9410 0 0 1443 0 0 32
-8 9410 9410 0 1 0 0 1
+16 9410 9410
-7 9410
+4 9410
-3 28230 9410
+6 56460 18820 0 1 0 0 1
+1 9410 9410
-66 1770
+2 590 590
+3 590 590 0 0 19 0 0 1
+1 590 590
-1 590 590 0 1 0 0 1
+1 590 590
+1 590 590
-4 590
+4 590 590
-2 590 590
+1 590 590
-2 590
+3 1770 1180 0 1 9 0 1 1
+3 590 590 0 0 17 0 0 1
-4 590
+4 1770
+2 1180 590
-1 590
+2 1180 0 0 1 0 0 1
+1 590
+1 590
-1 590
+1 1180
+1 590
+1 590
+1 590 590

fl=(148)
fn=(460)
27 1 0 0 1 0 0 1
fi=(142)
+2 4 2
+1 3 1
fe=(148)
-3 1 1

fl=(159)
fn=(502)
26 1 0 0 1 0 0 1
fi=(142)
+3 4 2
+1 3 1 0 1 0 0 1
fe=(159)
-4 1 1

fl=(147)
fn=(456)
27 1 0 0 1 0 0 1
fi=(142)
+2 4 2
+1 3 1
fe=(147)
-3 1 1

fl=(154)
fn=(480)
26 1 0 0 1 0 0 1
fi=(142)
+3 4 2
+1 3 1
fe=(154)
-4 1 1

ob=(8)
fl=(216)
fn=(2862)
409 7538
-1 11307 7538 3769
-4 11373 3802 3769 1 0 0 1
+8 66 0 33 1 0 0 1
+2 65340 39204
+1 65340 39204 0 0 640
-1 26136 0 13068
+2 91476 52272
+1 85004 13068
-1 19788 13192 6596
-4 19788 6596 6596
+5 12944
-1 19416 12944 6472
-4 19482 6505 6472 1 0 0 1
+8 132 66
+1 99 66
-1 66 0 33
+2 165 99 0 1 0 0 1
+1 198 33
-1 30 15 15
+2 30 15 15
+1 45 30
-2 18
-1 36 18 18
+2 36 18 18
+1 54 36

fn=(2860) std::mersenne_twister_engine<unsigned long, 32ul, 624ul, 397ul, 31ul, 2567483615ul, 11ul, 4294967295ul, 7ul, 2636928640ul, 15ul, 4022730752ul, 18ul, 1812433253ul>::operator()()
453 100000 0 40000 1 0 0 1
+5 80000 40000 0 1 0 0 1
+1 99 33 33
cfn=(2862)
calls=33 -62 
* 669500 288288 61974 6 2021 0 6
+3 160000 100000 40000 0 1940
+1 80000 20000 20000 1 0 0 1
+1 80000 20000 20000
+1 80000 20000 20000
+1 60000 20000 20000
+2 20000 20000
+1 40000 40000 0 1 0 0 1

fn=(2850)
3349 90000 10000 40000 2 0 0 2
+5 10000 0 10000
+3 20000 10000 10000
+2 40000 10000 20000
cfi=(282)
cfn=(2852)
calls=10000 327 
* 450000 120000 60000 5 3 0 5 2
* 60000 10000 30000 1 1 0 1 1
cfi=(282)
cfn=(2852)
calls=10000 327 
* 450000 120000 60000
* 180000 60000 40000 2 0 0 2
+2 50000 20000 10000
-1 60000 0 20000 1 0 0 1
cfi=(248)
cfn=(2782)
calls=10000 257 
* 150000 70000 30000
* 20000 10000 10000
+3 20000 0 10000
+1 20000 10000 10000
+1 30000 10000 10000
+2 60000 20000 20000 1 0 0 1
cfn=(2860)
calls=20000 453 
* 1369599 568321 222007 10 3961 0 10
* 40000 0 20000
cfi=(215)
cfn=(2864)
calls=20000 570 
* 120000 40000 20000
* 240000 40000 20000
+1 80000 40000 20000
-3 80000 30000 20000 1 0 0 1
+5 30000 20000 10000
+1 70000 20000 0 1 0 0 1
+9 10000 10000
+1 60000 50000 0 1 0 0 1

fl=(217) /home/ray847/projects/DataStructures/PJ/src/FinalSolution.cpp
fn=(1338) _GLOBAL__sub_I__ZN13FinalSolution4Sift8SolutionC2Ev
983 4 0 2 1 0 0 1
cfn=(1340) __static_initialization_and_destruction_0()
calls=1 * 
* 132 30 37 14 0 0 14
* 2 2

fn=(1340)
983 3 0 1 1 0 0 1
fi=(220)
38 3 0 1
cfi=(218) /home/ray847/projects/DataStructures/PJ/src/Eigen/src/Core/util/SymbolicIndex.h
cfn=(1342) Eigen::symbolic::SymbolExpr<Eigen::internal::symbolic_last_tag>::SymbolExpr()
calls=1 219 
* 7 2 2 1 0 0 1
fi=(219)
189 3 0 1
cfn=(1346)
calls=1 56 
* 7 2 2 1 0 0 1
fi=(220)
57 3 0 1 1 0 0 1
cfi=(219)
cfn=(1350)
calls=1 +25 
* 7 2 2
* 3 0 1
cfi=(218)
cfn=(1352) Eigen::symbolic::AddExpr<Eigen::symbolic::SymbolExpr<Eigen::internal::symbolic_last_tag>, Eigen::symbolic::ValueExpr<Eigen::internal::FixedInt<1> > > Eigen::symbolic::BaseExpr<Eigen::symbolic::SymbolExpr<Eigen::internal::symbolic_last_tag> >::operator+<1>(Eigen::internal::FixedInt<1>) const
calls=1 +60 
* 49 13 14 4 0 0 4
171 3 0 1
cfn=(1360)
calls=1 -34 
* 7 2 2 1 0 0 1
fi=(214)
-76 4 1
fi=(219)
+94 3 0 1 1 0 0 1
cfn=(1362)
calls=1 56 
* 7 2 2 1 0 0 1
* 3 0 1
cfn=(1364)
calls=1 56 
* 7 2 2 1 0 0 1
* 3 0 1 1 0 0 1
cfn=(1366)
calls=1 56 
* 7 2 2 1 0 0 1
fe=(217)
983 3 2

fl=(247)
fn=(3694)
89 677445468 0 338722734 1 0 20 1 0 2
+1 846806835 508084101

fn=(1570)
283 48 0 24 1 0 0 1
+1 60 36

fn=(3762)
1214 16425054 0 10950036 6 0 0 1
+9 38325126 21900072 0 0 2
+10 5475018 5475018

fn=(3774)
273 648496 81062 243186 1 0 0 1
+1 486372 162124 81062 0 0 2 0 0 1
cfn=(3776) std::partial_ordering::partial_ordering(std::__cmp_cat::_Ord)
calls=81062 67 
* 972744 324248 324248 0 0 158 0 0 44
* 486372 405310

fn=(3776)
67 486372 0 243186 0 0 158 0 0 44
+1 243186 162124 81062
+1 243186 162124

fn=(3692)
1214 1016168202 0 677445468 0 0 1202 0 0 143
+9 3178724050 1667573096 0 1 6812394 0 1 18747
+10 338722734 338722734

fn=(3696)
98 450709144 0 225354572 0 0 17 0 0 2
+1 563386430 338031858

ob=(3)
fl=(141)
fn=(440)
26 1 0 0 1 0 0 1
fi=(142)
+3 4 2
+1 3 1
fe=(141)
-4 1 1

fl=(284)
fn=(2858)
30 20000 0 0 1 0 0 1
+1 20000
+1 20000 20000
+1 20000
+1 20000
+1 20000
+1 20000
+1 20000
+1 20000 20000
+1 20000
+1 20000
+1 20000 20000 0 0 1 0 0 1
+1 20000
+1 20000
+1 20000 20000 0 1 1 0 1 1
+1 20000
+1 20000
+1 20000
+11 20000
+1 20000
+1 20000 20000

fl=(160)
fn=(506)
27 1 0 0 1 0 0 1
fi=(142)
+2 4 2
+1 3 1
fe=(160)
-3 1 1

fl=(162)
fn=(518)
26 1 0 0 1 0 0 1
fi=(152)
+5 3 2 0 1 0 0 1
fe=(162)

ob=(8)
fl=(247)
fn=(1572)
292 10950060 0 5475030 9 0 2
+1 10950060 8212545

fn=(3730)
103 226736340 0 113368170 0 0 5
+1 283420425 170052255

fn=(3772)
1214 486372 0 324248 1 0 0 1
+9 1134868 648496
+10 162124 162124

fn=(3958)
302 96 0 48
+1 120 72

fl=(218)
fn=(1356) Eigen::symbolic::BaseExpr<Eigen::symbolic::SymbolExpr<Eigen::internal::symbolic_last_tag> >::derived() const
80 7 3 2 1 0 0 1

fn=(1352)
117 8 1 3
+1 3 0 1 1 0 0 1
cfn=(1354) Eigen::symbolic::ValueExpr<Eigen::internal::FixedInt<1> >::ValueExpr()
calls=1 -52 
* 7 2 2 1 0 0 1
* 3 1 1
cfn=(1356)
calls=1 -38 
* 7 3 2 1 0 0 1
* 6 0 1
cfn=(1358) Eigen::symbolic::AddExpr<Eigen::symbolic::SymbolExpr<Eigen::internal::symbolic_last_tag>, Eigen::symbolic::ValueExpr<Eigen::internal::FixedInt<1> > >::AddExpr(Eigen::symbolic::SymbolExpr<Eigen::internal::symbolic_last_tag> const&, Eigen::symbolic::ValueExpr<Eigen::internal::FixedInt<1> > const&)
calls=1 254 
* 9 2 4
* 4 2

ob=(3)
fl=(162)
fn=(518)
fi=(152)
31 1
+1 2 1
fe=(162)
-6 1 1

fl=(155)
fn=(484)
27 1 0 0 1 0 0 1
fi=(144)
+5 4 2
fe=(155)

ob=(8)
fl=(218)
fn=(1352)
118 2 2 0 1 0 0 1

fn=(1354)
66 7 2 2 1 0 0 1

fn=(1342)
219 7 2 2 1 0 0 1

fn=(1358)
254 9 2 4

ob=(3)
fl=(155)
fn=(484)
fi=(144)
32 1
+1 2 1
fe=(155)
-6 1 1 0 1 0 0 1

ob=(7)
fl=(185)
fn=(1398) std::basic_ostream<char, std::char_traits<char> >& std::__ostream_insert<char, std::char_traits<char> >(std::basic_ostream<char, std::char_traits<char> >&, char const*, long)
0 1824 96 960 3 0 1 1 0 1
cob=(4)
cfi=(175)
cfn=(1400) 0x00000000048f7360
calls=96 0 
0 3018 1112 705 13 122 2 5 2
0 3168 2016 288 17 58 0 5
cfn=(4546) std::basic_streambuf<char, std::char_traits<char> >::xsputn(char const*, long)
calls=4 0 
0 586 152 96
cfn=(1406) __gnu_cxx::stdio_sync_filebuf<char, std::char_traits<char> >::xsputn(char const*, long)
calls=92 0 
0 26693 6770 3460 113 280 106 54 2 2
0 480 192

fn=(676) std::locale::facet::_S_get_c_name()
0 21 7 0 1 0 0 1

fn=(844) std::__cxx11::moneypunct<wchar_t, false>::_M_initialize_moneypunct(__locale_struct*, char const*)
0 109 30 31 5 0 0 5

fn=(1054) std::locale::~locale()
0 7056 2940 1176 5 0 0 4

fn=(1226)
0 34 17 8 2 4 0 2 1

fn=(1270)
0 50 25 12 3 4 0 3 1

fn=(1776) std::basic_ifstream<char, std::char_traits<char> >::basic_ifstream(std::__cxx11::basic_string<char, std::char_traits<char>, std::allocator<char> > const&, std::_Ios_Openmode)
0 48 0 24 1 0 0 1
cob=(4)
cfi=(175)
cfn=(1026) 0x00000000048f4300
calls=3 0 
0 282 42 93 0 4 2
0 39 0 24 1 0 0 1
cob=(4)
cfi=(175)
cfn=(1032) 0x00000000048f66e0
calls=3 0 
0 555 201 123 3 23
0 24 3 9 1 0 0 1
cob=(4)
cfi=(175)
cfn=(1778) 0x00000000048f6ea0
calls=3 0 
0 2023 626 372 10 26 3 10 4
0 9 0 3
cob=(4)
cfi=(175)
cfn=(1032)
calls=3 0 
0 555 201 123
0 15 6 3
cob=(4)
cfi=(175)
cfn=(1790) 0x00000000048f5c00
calls=3 0 
0 7589 2249 1294 69 78 11 65 17 7
0 21 6 3 1 1 0 1
cob=(4)
cfi=(175)
cfn=(1858) 0x00000000048f6e20
calls=3 0 
0 965 298 132 4 9 0 4 1
0 24 21

fn=(1782) std::basic_filebuf<char, std::char_traits<char> >::basic_filebuf()
0 68 4 40 4 0 0 2
cob=(4)
cfi=(175)
cfn=(650) 0x00000000048f48d0
calls=4 0 
0 142 52 30
0 40 4 20 2 0 0 1
cob=(4)
cfi=(175)
cfn=(1784) 0x00000000048f6f80
calls=4 0 
0 883 279 137 5 12 1 3 2
0 60 4 52 4 3 0 2
cob=(4)
cfi=(175)
cfn=(726) 0x00000000048f4800
calls=4 0 
0 32 12 0 0 4
0 32 24 4

fn=(1800) std::__basic_file<char>::is_open() const
0 108 54

fn=(1852) operator new[](unsigned long)
0 8 0 0 2 0 0 1
cob=(4)
cfi=(175)
cfn=(1854) 0x00000000048f3cc0
calls=4 0 
0 1838 501 296 33 13 2 3 0 2

fn=(1932) std::istream::operator>>(float&)
0 2585600 0 0 1 0 0 1
cob=(4)
cfi=(175)
cfn=(1934) 0x00000000048f43f0
calls=1292800 0 
0 2168367003 606226804 313881155 161 574 80854 149 161 1

fn=(1938) std::istream& std::istream::_M_extract<float>(float&)
0 18099200 1292800 6464000 1 0 0 1
cob=(4)
cfi=(175)
cfn=(1940) 0x00000000048f6ab0
calls=1292800 0 
0 84058866 34914319 10347017 33 141 5 27 28
0 31027200 9049600 5171200 2 4 0 2
cfn=(1974) std::num_get<char, std::istreambuf_iterator<char, std::char_traits<char> > >::do_get(std::istreambuf_iterator<char, std::char_traits<char> >, std::istreambuf_iterator<char, std::char_traits<char> >, std::ios_base&, std::_Ios_Iostate&, float&) const
calls=1292800 0 
0 2014496147 548041817 291898802 125 385 80830 119 131 1
0 18099200 11635200

fn=(1946) std::basic_filebuf<char, std::char_traits<char> >::underflow()
0 49995 15150 12120 3 12 0 3
cfn=(1948) std::codecvt<char, char, __mbstate_t>::do_always_noconv() const
calls=1515 0 
0 4545 1515 0 1 0 0 1
0 27270 16665 1515 2 2 0 2
cob=(4)
cfi=(175)
cfn=(1950) 0x00000000048f5010
calls=1515 0 
0 83433 25338 11135 17 79 3 11 11
0 25755 3030 7575 1 0 0 1

fn=(1960) std::__basic_file<char>::fd()
0 4548 1516
cob=(4)
cfi=(175)
cfn=(1962) 0x00000000048f35c0
calls=1516 0 
0 14460 6358 136 9 43 0 3 4

fn=(2450) std::ctype<char>::_M_widen_init() const
0 741 53 40 11 4 4 11
cob=(4)
cfi=(175)
cfn=(2452) 0x00000000048f6620
calls=1 0 
0 855 315 138 9 38 6 5 2
0 13 7 1

fn=(2488) std::__cxx11::basic_stringbuf<char, std::char_traits<char>, std::allocator<char> >::_M_sync(char*, unsigned long, unsigned long)
0 3584 724 624 8 0 0 3
cob=(4)
cfi=(175)
cfn=(2490) 0x00000000048f4fb0
calls=100 0 
0 2606 498 429 3 7 0 3 2
0 24 0 8 4
cob=(4)
cfi=(175)
cfn=(2490)
calls=8 0 
0 128 16 24
0 80 32 16 1 0 0 1

fn=(3002) std::ostreambuf_iterator<char, std::char_traits<char> > std::num_put<char, std::ostreambuf_iterator<char, std::char_traits<char> > >::_M_insert_int<long>(std::ostreambuf_iterator<char, std::char_traits<char> >, std::ios_base&, char, long) const
0 19095 1005 10050 4 0 0 2
cfn=(2000) 0x0000000000142070
calls=1005 0 
0 30150 13065 6030 0 5
0 21116 1005 2014 2 0 0 1
cfn=(3004) 0x0000000000146900
calls=1 0 
0 27 2 1
0 8032 0 4016 2 0 0 1
cfn=(3004)
calls=1004 0 
0 67820 4916 3912 4 1 0 2
0 28140 7035 3015 4 2 0 2
cfn=(4768) std::basic_filebuf<char, std::char_traits<char> >::xsputn(char const*, long)
calls=1000 0 
0 104254 28303 16141 38 10 23 14
cfn=(1406)
calls=5 0 
0 832 210 120
0 16152 9051 6 4 0 0 3
cob=(4)
cfi=(175)
cfn=(4858) 0x00000000048f56d0
calls=3 0 
0 2251 676 316 12 24 0 6 6
0 21 9 3 1 0 0 1

fn=(3928) std::thread::join()
0 209 19 57 1 3 0 1
cob=(4)
cfi=(175)
cfn=(3930) 0x00000000048f35d0
calls=19 0 
0 10199 3228 1804 42 263 48 25 10 3
0 114 57 19 1 0 3 1

fn=(4526) std::basic_streambuf<char, std::char_traits<char> >::imbue(std::locale const&)
0 16 8 0 1 0 0 1

fn=(4544) std::ostream::operator<<(double)
0 14 0 0 2
cob=(4)
cfi=(175)
cfn=(3846) 0x00000000048f73a0
calls=7 0 
0 18342 4523 2961 354 50 20 23 1

fn=(4548) std::__cxx11::basic_stringbuf<char, std::char_traits<char>, std::allocator<char> >::overflow(int)
0 376 120 72 4 0 0 4
cob=(4)
cfi=(175)
cfn=(2490)
calls=8 0 
0 128 16 24 3 1
0 56 16 8 1 0 0 1

fn=(4554) std::basic_ios<char, std::char_traits<char> >::rdbuf() const
0 12 8 0 1 0 0 1

fn=(4738) 0x000000000019cf80
0 70 20 18 6 4 0 6 4

fn=(4782) std::basic_ofstream<char, std::char_traits<char> >::~basic_ofstream()
0 18 2 5 2 0 0 2
cob=(4)
cfi=(175)
cfn=(2082) 0x00000000048f6af0
calls=1 0 
0 3571 1138 584 74 61 0 15 6
0 2 0 1
cob=(4)
cfi=(175)
cfn=(2144) 0x00000000048f4810
calls=1 0 
0 29 10 5
0 5 1 2
cob=(4)
cfi=(175)
cfn=(1050) 0x00000000048f5ea0
calls=1 0 
0 14 6 2
0 9 3 2 1 0 0 1
cob=(4)
cfi=(175)
cfn=(2150) 0x00000000048f6140
calls=1 0 
0 75 25 16

fn=(4862) std::num_put<char, std::ostreambuf_iterator<char, std::char_traits<char> > >::_M_pad(char, long, std::ios_base&, char*, char const*, int&) const
0 70 10 20 1 0 0 1
cfn=(4864) 0x0000000000145850
calls=5 0 
0 1212 364 196 10 15 0 6 4
0 25 20 5

fn=(5036) 0x00000000000e8920
0 2 1 0 1 0 0 1

fn=(5048) 0x00000000000b8da0
0 4 0 1 1 0 0 1
cob=(4)
cfi=(175)
cfn=(5042) 0x00000000048f5320
calls=1 0 
0 4 2

fn=(5056) std::uncaught_exception()
0 8 0 4 1 0 0 1
cob=(4)
cfi=(175)
cfn=(5058) 0x00000000048f5e80
calls=2 0 
0 1671 587 275 10 47 0 8 12
0 10 6

fn=(662) 0x00000000000e9850
0 12 5 3 1 0 0 1

fn=(838) std::__cxx11::numpunct<wchar_t>::_M_initialize_numpunct(__locale_struct*)
0 353 75 75 5 1 3 5 1 3

fn=(850) std::__cxx11::moneypunct<wchar_t, true>::_M_initialize_moneypunct(__locale_struct*, char const*)
0 109 30 31 6 0 0 6

fn=(870) 0x00000000000ed260
0 25 4 12 3 0 2 3 0 2
cob=(4)
cfi=(175)
cfn=(872) 0x00000000048f4750
calls=1 0 
0 1354 424 205 7 9 0 7 1
0 8 4 3
cob=(4)
cfi=(175)
cfn=(726)
calls=1 0 
0 17 6 2
0 7 2 4 1 0 0 1
cob=(4)
cfi=(175)
cfn=(684) 0x00000000048f63c0
calls=1 0 
0 25 8 3
0 7 3 3 1 0 0 1
cob=(4)
cfi=(175)
cfn=(726)
calls=1 0 
0 17 6 2
0 13 2 5 1 0 1 1 0 1
cob=(4)
cfi=(175)
cfn=(890) 0x00000000048f3a50
calls=1 0 
0 1130 339 160 6 10 0 6 3
0 7 3 3
cob=(4)
cfi=(175)
cfn=(726)
calls=1 0 
0 17 6 2
0 13 3 5 1 1 0 1
cob=(4)
cfi=(175)
cfn=(902) 0x00000000048f7050
calls=1 0 
0 1176 351 167 8 10 0 8 1
0 7 3 3 1 0 0 1
cob=(4)
cfi=(175)
cfn=(726)
calls=1 0 
0 17 6 2
0 12 5 5 1 0 0 1
cob=(4)
cfi=(175)
cfn=(726)
calls=1 0 
0 17 6 2
0 12 4 5 1 1 0 1
cob=(4)
cfi=(175)
cfn=(726)
calls=1 0 
0 17 6 2
0 12 4 5 1 0 0 1
cob=(4)
cfi=(175)
cfn=(726)
calls=1 0 
0 17 6 2
0 6 0 2 1 0 0 1
cob=(4)
cfi=(175)
cfn=(926) 0x00000000048f7510
calls=1 0 
0 771 265 141 4 8 1 4 1 1
0 7 3 3
cob=(4)
cfi=(175)
cfn=(726)
calls=1 0 
0 17 6 2
0 16 5 7 2 0 1 2 0 1
cob=(4)
cfi=(175)
cfn=(938) 0x00000000048f50a0
calls=1 0 
0 1298 362 204 7 6 0 7
0 7 3 3 0 1
cob=(4)
cfi=(175)
cfn=(726)
calls=1 0 
0 17 6 2
0 7 2 4 1 0 0 1
cob=(4)
cfi=(175)
cfn=(684)
calls=1 0 
0 25 8 3
0 7 3 3 1 1 0 1
cob=(4)
cfi=(175)
cfn=(726)
calls=1 0 
0 17 6 2
0 13 2 5 1 0 1 1 0 1
cob=(4)
cfi=(175)
cfn=(956) 0x00000000048f56f0
calls=1 0 
0 1150 332 160 7 10 0 7 2
0 7 3 3 0 1
cob=(4)
cfi=(175)
cfn=(726)
calls=1 0 
0 17 6 2
0 13 3 5 1 1 0 1
cob=(4)
cfi=(175)
cfn=(968) 0x00000000048f6280
calls=1 0 
0 1126 329 160 8 9 0 8
0 7 3 3 1 0 0 1
cob=(4)
cfi=(175)
cfn=(726)
calls=1 0 
0 17 6 2
0 12 5 5 1 1 0 1
cob=(4)
cfi=(175)
cfn=(726)
calls=1 0 
0 17 6 2
0 12 4 5 1 0 1 1 0 1
cob=(4)
cfi=(175)
cfn=(726)
calls=1 0 
0 17 6 2
0 12 4 5 1 0 0 1
cob=(4)
cfi=(175)
cfn=(726)
calls=1 0 
0 17 6 2
0 6 0 2 1 0 0 1
cob=(4)
cfi=(175)
cfn=(992) 0x00000000048f5c70
calls=1 0 
0 771 265 141 4 7 0 4 1
0 6 3 2
cob=(4)
cfi=(175)
cfn=(726)
calls=1 0 
0 17 6 2
0 4 2 2 1 0 0 1
cob=(4)
cfi=(175)
cfn=(726)
calls=1 0 
0 8 3
0 4 2 2
cob=(4)
cfi=(175)
cfn=(726)
calls=1 0 
0 8 3
0 5 3 2
cob=(4)
cfi=(175)
cfn=(726)
calls=1 0 
0 8 3
0 5 3 2 1 0 0 1
cob=(4)
cfi=(175)
cfn=(726)
calls=1 0 
0 8 3
0 4 2 2
cob=(4)
cfi=(175)
cfn=(726)
calls=1 0 
0 8 3
0 5 3 2
cob=(4)
cfi=(175)
cfn=(726)
calls=1 0 
0 8 3
0 10 8 1 1 0 0 1

fn=(1106)
0 4 0 2 1 0 0 1
cob=(4)
cfi=(175)
cfn=(1108) 0x00000000048f4560
calls=1 0 
0 750 251 129 2 6 0 2
0 4 3 1

fn=(1112) std::future_category()
0 3 1 0 1 0 0 1

fn=(1204)
0 10 0 3 1 0 0 1
cob=(4)
cfi=(175)
cfn=(1076) 0x00000000048f4620
calls=1 0 
0 78 17 18 0 0 1 0 0 1
0 7 2
cob=(4)
cfi=(175)
cfn=(1076)
calls=1 0 
0 78 17 18

fn=(1208)
0 34 17 8 2 2 0 2 1

fn=(1296)
0 10 0 3 1 0 0 1
cob=(4)
cfi=(175)
cfn=(1076)
calls=1 0 
0 78 17 18 0 0 1 0 0 1
0 4 0 1
cob=(4)
cfi=(175)
cfn=(1076)
calls=1 0 
0 78 17 18
0 7 2 0 1 0 0 1
cob=(4)
cfi=(175)
cfn=(1076)
calls=1 0 
0 78 17 18 0 0 1 0 0 1

fn=(2098) std::basic_filebuf<char, std::char_traits<char> >::_M_destroy_internal_buffer()
0 48 8 12 3 0 0 1
cob=(4)
cfi=(175)
cfn=(2100) 0x00000000048f3230
calls=4 0 
0 707 203 118 20 10 0 11
0 48 16 20 1 0 0 1

fn=(3040) std::ostream::put(char)
0 16530 1102 6612 6 0 0 2
cob=(4)
cfi=(175)
cfn=(1400)
calls=1102 0 
0 26448 9918 6612
0 28654 18738 2202 8 4 7 3
cfn=(3042) __gnu_cxx::stdio_sync_filebuf<char, std::char_traits<char> >::overflow(int)
calls=2 0 
0 1271 423 210 38 46 2 13 7
0 4

fn=(3820) std::ostream::operator<<(std::ios_base& (*)(std::ios_base&))
0 260 52 78 2 0 0 1
cob=(8)
cfi=(274)
cfn=(3822)
calls=26 1085 
0 2990 1118 858 16 0 0 6
0 104 78

fn=(3844) std::ostream::operator<<(float)
0 75 0 0 1 0 0 1
cob=(4)
cfi=(175)
cfn=(3846)
calls=25 0 
0 62357 15709 9849 398 1419 687 169 42 38

fn=(3914) std::basic_ostream<char, std::char_traits<char> >& std::flush<char, std::char_traits<char> >(std::basic_ostream<char, std::char_traits<char> >&)
0 50 0 0 1 0 0 1
cob=(4)
cfi=(175)
cfn=(3052) 0x00000000048f58a0
calls=25 0 
0 7625 2400 1275 74 340 38 18 16

fn=(4626) 0x000000000018ec00
0 22 7 4 2 3 0 2 3

fn=(4834) std::ostream& std::ostream::_M_insert<long long>(long long)
0 68 4 32 2 0 0 2
cob=(4)
cfi=(175)
cfn=(1400)
calls=4 0 
0 96 36 24
0 84 36 4 1 1 0 1
cfn=(4836) std::num_put<char, std::ostreambuf_iterator<char, std::char_traits<char> > >::do_put(std::ostreambuf_iterator<char, std::char_traits<char> >, std::ios_base&, char, long long) const
calls=4 0 
0 3119 731 392 16 11 0 15 3
0 80 52 0 1 0 0 1

fn=(5032) 0x00000000000eca40
0 2 1 0 1 0 0 1

fn=(5080) std::basic_ostream<wchar_t, std::char_traits<wchar_t> >::sentry::sentry(std::basic_ostream<wchar_t, std::char_traits<wchar_t> >&)
0 48 10 16 1 1 0 1
cob=(4)
cfi=(175)
cfn=(5071) 0x00000000048f6980'2
calls=1 0 
0 144 57 24
0 27 17 3 1 0 0 1

fn=(5081) std::basic_ostream<wchar_t, std::char_traits<wchar_t> >::sentry::sentry(std::basic_ostream<wchar_t, std::char_traits<wchar_t> >&)'2
0 22 8 6

fn=(656) 0x00000000000e98b0
0 12 1 4 1 0 0 1
cob=(4)
cfi=(175)
cfn=(666) 0x00000000048f4410
calls=1 0 
0 73032 21710 9827 325 426 102 325 91 95
0 9 3 2
cob=(4)
cfi=(175)
cfn=(1018) 0x00000000048f3780
calls=1 0 
0 744 254 130 2 6 1 2 1
0 4631 2215 80 4 2 0 4 1
cob=(4)
cfi=(175)
cfn=(690) 0x00000000048f4790
calls=40 0 
0 400 138 24 12 3 2 1
0 201 120

fn=(812) std::ctype<wchar_t>::_M_convert_to_wmask(unsigned short) const
0 88 1 0 1 0 0 1
cob=(4)
cfi=(175)
cfn=(814) 0x00000000048f4580
calls=1 0 
0 505 97 25
0 24 1 0 2 0 0 2
cob=(4)
cfi=(175)
cfn=(814)
calls=1 0 
0 395 77 21 0 1 0 0 1
0 3 1
cob=(4)
cfi=(175)
cfn=(814)
calls=1 0 
0 560 107 27
0 9 1 0 1 0 0 1
cob=(4)
cfi=(175)
cfn=(814)
calls=1 0 
0 205 43 14
0 3 1
cob=(4)
cfi=(175)
cfn=(814)
calls=1 0 
0 150 33 12 1 1 0 1 1
0 3 1 0 1 0 0 1
cob=(4)
cfi=(175)
cfn=(814)
calls=1 0 
0 890 318 146 10 17 0 10 5
0 3 1
cob=(4)
cfi=(175)
cfn=(814)
calls=1 0 
0 260 53 16
0 7 3
cob=(4)
cfi=(175)
cfn=(814)
calls=1 0 
0 340 67 19 0 2 0 0 1
0 3 1 0 1 0 0 1
cob=(4)
cfi=(175)
cfn=(814)
calls=1 0 
0 195 39 14
0 3 1
cob=(4)
cfi=(175)
cfn=(814)
calls=1 0 
0 615 117 29

fn=(1090)
0 10 0 5 2 0 1 2
cob=(4)
cfi=(175)
cfn=(1092) 0x00000000048f50c0
calls=1 0 
0 756 253 130 1 10 0 1 2
0 7 0 2
cob=(4)
cfi=(175)
cfn=(1076)
calls=1 0 
0 78 17 18 0 0 1 0 0 1
0 3 0 2 1 0 0 1
cob=(4)
cfi=(175)
cfn=(1092)
calls=1 0 
0 7 3 1
0 9 3 1
cob=(4)
cfi=(175)
cfn=(1076)
calls=1 0 
0 78 17 18

fn=(1948)
0 7551 2517 0 2 0 0 1

fn=(1980) std::string::reserve(unsigned long)
0 24563200 5171200 6464000 2 2 0 2 1
cob=(4)
cfi=(175)
cfn=(1982) 0x00000000048f56c0
calls=1292800 0 
0 153844857 38784538 28441869 7 35 2 7 2 1
0 16806400 10342400 1292800 1 0 0 1

fn=(1992) std::string::_Rep::_S_create(unsigned long, unsigned long, std::allocator<char> const&)
0 24563200 0 3878400 3 0 0 3
cob=(4)
cfi=(175)
cfn=(1854)
calls=1292800 0 
0 84032145 21977626 12928011 0 16 1 0 0 1
0 6464000 3878400 2585600

fn=(2080) std::basic_ifstream<char, std::char_traits<char> >::close()
0 24 0 9 1 0 0 1
cob=(4)
cfi=(175)
cfn=(2082)
calls=3 0 
0 6712 2062 1099 67 157 15 61 10
0 15 9 0 1 0 0 1

fn=(2112) std::__basic_file<char>::close()
0 56 0 24 2 0 0 1
cob=(4)
cfi=(175)
cfn=(1796) 0x00000000048f64f0
calls=8 0 
0 48 24
0 48 20 4
cob=(4)
cfi=(175)
cfn=(2114) 0x00000000048f67b0
calls=4 0 
0 2495 776 456 72 75 0 37 2
0 28 12 4 1

fn=(2142) std::basic_ifstream<char, std::char_traits<char> >::~basic_ifstream()
0 48 6 18 2 4 0 2
cob=(4)
cfi=(175)
cfn=(2082)
calls=3 0 
0 105 36 18 1 0 0 1
0 6 0 3
cob=(4)
cfi=(175)
cfn=(2144)
calls=3 0 
0 818 281 144 1 6
0 15 3 6 1 0 0 1
cob=(4)
cfi=(175)
cfn=(1050)
calls=3 0 
0 42 18 6 0 2
0 30 9 9 1 2 0 1
cob=(4)
cfi=(175)
cfn=(2150)
calls=3 0 
0 2626 854 435 14 32 0 12 3

fn=(2160) std::ios_base::_M_call_callbacks(std::ios_base::event)
0 1920 720 480 4 0 0 2

fn=(2166) std::ios_base::_M_dispose_callbacks()
0 2016 672 560 2 0 0 1

fn=(2742) std::chrono::_V2::system_clock::now()
0 5427 603 1809 2 0 0 1
cob=(4)
cfi=(175)
cfn=(2744) 0x00000000048f3c30
calls=603 0 
0 8708 2713 136 11 341 0 2 5
0 4221 3618 0 2 0 0 1

fn=(2988) std::ostream::operator<<(int)
0 11055 3015 0 2 0 0 1
cob=(4)
cfi=(175)
cfn=(2990) 0x00000000048f44c0
calls=1005 0 
0 389271 100035 60963 93 100 38 44 8 5

fn=(3058) __gnu_cxx::stdio_sync_filebuf<char, std::char_traits<char> >::sync()
0 96 32 0 4 3 0 1
cob=(4)
cfi=(175)
cfn=(3060) 0x00000000048f74b0
calls=32 0 
0 7165 2098 1195 92 261 38 29 26

fn=(3852) std::num_put<char, std::ostreambuf_iterator<char, std::char_traits<char> > >::do_put(std::ostreambuf_iterator<char, std::char_traits<char> >, std::ios_base&, char, double) const
0 128 0 0 3 0 0 1
cob=(4)
cfi=(175)
cfn=(3854) 0x00000000048f5560
calls=32 0 
0 77103 18876 12159 702 1350 693 174 40 25

fn=(3858) std::ostreambuf_iterator<char, std::char_traits<char> > std::num_put<char, std::ostreambuf_iterator<char, std::char_traits<char> > >::_M_insert_float<double>(std::ostreambuf_iterator<char, std::char_traits<char> >, std::ios_base&, char, char, double) const
0 640 32 384 7 0 0 2
cfn=(2000)
calls=32 0 
0 960 416 192 6 127 1
0 352 32 64
cob=(4)
cfi=(175)
cfn=(3860) 0x00000000048f51d0
calls=32 0 
0 1725 374 259 18 35 3 6 3 3
0 416 32 96 4 0 0 2
cob=(4)
cfi=(175)
cfn=(684)
calls=32 0 
0 800 256 96 10 102 24 2
0 352 64 96
cfn=(3866) 0x000000000010d1d0
calls=32 0 
0 60662 14636 9657 577 842 661 143 34 18
0 160 32 64 3 25 0 1
cob=(4)
cfi=(175)
cfn=(726)
calls=32 0 
0 256 96 0 0 25
0 1056 224 96 9 50 0 3
cob=(4)
cfi=(175)
cfn=(2462) 0x00000000048f3bd0
calls=32 0 
0 672 96 0 8 25
0 832 320 96 9 53 0 3
cfn=(4546)
calls=4 0 
0 588 152 96 11 2 0 8
cfn=(1406)
calls=28 0 
0 4920 1270 672
0 768 320 64 28 0 0 1
cob=(4)
cfi=(175)
cfn=(2480) 0x00000000048f7260
calls=32 0 
0 540 128 64 2 26
0 128 32 32 6 0 0 1

fn=(4584) std::__cxx11::basic_ostringstream<char, std::char_traits<char>, std::allocator<char> >::~basic_ostringstream()
0 200 32 48 3 0 0 3
cob=(4)
cfi=(175)
cfn=(1050)
calls=8 0 
0 112 48 16
0 72 24 16 0 1
cob=(4)
cfi=(175)
cfn=(2150)
calls=8 0 
0 600 200 128 6 2

fn=(4622) std::to_chars(char*, char*, double)
0 20 1 9 1 0 0 1
cfn=(4626)
calls=1 0 
0 22 7 4 2 3 0 2 3
0 527 27 15 31 1 0 31 1
cfn=(4738)
calls=1 0 
0 70 20 18 6 4 0 6 4
0 17 0 0 3 0 0 3

fn=(4768)
0 17000 4000 6000 2 1 0 2
cfn=(1948)
calls=1000 0 
0 3000 1000 0 1
0 22004 9001 0 2 0 0 2
cob=(4)
cfi=(175)
cfn=(4770) 0x00000000048f5a10
calls=1000 0 
0 62250 14302 10141 33 9 23 10

fn=(4844) 0x0000000000147400
0 374 27 23 2 0 0 2

fn=(5014)
0 9 3 2 2 3 0 2
cob=(4)
cfi=(175)
cfn=(5020) 0x00000000048f32b0
calls=1 0 
0 6808 2328 1103 59 155 13 36 25
0 1 0 1
cfn=(5086) 0x00000000000b7a30
calls=1 0 
0 5 1 0 2 0 0 2
0 3 2 1

fn=(5022) 0x00000000001d0060
0 5 2 0 1 1 0 1 1

fn=(5028) 0x00000000001b4e90
0 2 1

fn=(5040) 0x00000000000b8d50
0 4 0 1 1 0 1 1
cob=(4)
cfi=(175)
cfn=(5042)
calls=1 0 
0 775 255 131 9 32 11 3 2

fn=(5086)
0 5 1 0 2 0 0 2

fn=(1386) std::basic_ostream<char, std::char_traits<char> >& std::operator<< <std::char_traits<char> >(std::basic_ostream<char, std::char_traits<char> >&, char const*)
0 946 0 344 4 0 0 1
cob=(4)
cfi=(175)
cfn=(1388) 0x00000000048f4cf0
calls=86 0 
0 2334 580 145 10 105 6 5 11
0 344 0 86
cob=(4)
cfi=(175)
cfn=(1394) 0x00000000048f5b20
calls=86 0 
0 33468 9715 5031 107 480 107 61 6 3
0 430 344 0 4 0 0 1

fn=(670) std::locale::_Impl::_Impl(unsigned long)
0 142 1 121 3 0 16 3 0 16
cob=(4)
cfi=(175)
cfn=(672) 0x00000000048f43e0
calls=1 0 
0 822 263 129 2 11 3 2 2
0 7 1 2 0 1 0 0 1
cob=(4)
cfi=(175)
cfn=(678) 0x00000000048f37a0
calls=1 0 
0 4706 1507 796 34 62 12 34 18 9
0 4 1 1 1 1 0 1
cob=(4)
cfi=(175)
cfn=(720) 0x00000000048f50e0
calls=1 0 
0 2066 653 270 12 13 0 12 4
0 4 0 1
cob=(4)
cfi=(175)
cfn=(732) 0x00000000048f49e0
calls=1 0 
0 901 291 146 4 8 1 4 1 1
0 4 1 1 0 1
cob=(4)
cfi=(175)
cfn=(720)
calls=1 0 
0 400 118 12 0 1
0 24 1 15 3 0 4 3 0 4
cob=(4)
cfi=(175)
cfn=(738) 0x00000000048f6700
calls=1 0 
0 1426 435 205 7 15 0 7 5
0 4 1 1 0 1
cob=(4)
cfi=(175)
cfn=(720)
calls=1 0 
0 400 118 12 0 1 0 0 1
0 8 2 3 1 2 0 1
cob=(4)
cfi=(175)
cfn=(720)
calls=1 0 
0 400 118 12 0 1 0 0 1
0 8 2 3 1 2 0 1
cob=(4)
cfi=(175)
cfn=(720)
calls=1 0 
0 400 118 12
0 5 1 3 0 1
cob=(4)
cfi=(175)
cfn=(684)
calls=1 0 
0 25 8 3
0 5 1 2 1 1 0 1
cob=(4)
cfi=(175)
cfn=(720)
calls=1 0 
0 400 118 12
0 29 1 19 3 1 3 3 0 3
cob=(4)
cfi=(175)
cfn=(744) 0x00000000048f4e30
calls=1 0 
0 1187 346 160 8 11 0 8 3
0 4 1 1 1 1 0 1
cob=(4)
cfi=(175)
cfn=(720)
calls=1 0 
0 400 118 12
0 29 1 19 3 1 2 3 0 2
cob=(4)
cfi=(175)
cfn=(750) 0x00000000048f6530
calls=1 0 
0 1188 346 160 7 7 0 7
0 4 1 1
cob=(4)
cfi=(175)
cfn=(720)
calls=1 0 
0 400 118 12
0 8 2 3 1 2 0 1
cob=(4)
cfi=(175)
cfn=(720)
calls=1 0 
0 400 118 12
0 8 2 3 1 2 1 1 0 1
cob=(4)
cfi=(175)
cfn=(720)
calls=1 0 
0 400 118 12
0 35 0 28 4 0 7 4 0 7
cob=(4)
cfi=(175)
cfn=(756) 0x00000000048f5a00
calls=1 0 
0 2039 611 301 19 17 0 19 3
0 4 1 1 0 1
cob=(4)
cfi=(175)
cfn=(720)
calls=1 0 
0 400 118 12
0 8 2 3 1 2 1 1 0 1
cob=(4)
cfi=(175)
cfn=(720)
calls=1 0 
0 400 118 12
0 8 2 3 0 1
cob=(4)
cfi=(175)
cfn=(720)
calls=1 0 
0 400 118 12 0 1 0 0 1
0 4 0 1 1 0 0 1
cob=(4)
cfi=(175)
cfn=(768) 0x00000000048f3630
calls=1 0 
0 839 284 148 4 9 0 4
0 4 1 1
cob=(4)
cfi=(175)
cfn=(720)
calls=1 0 
0 400 118 12
0 4 0 1
cob=(4)
cfi=(175)
cfn=(774) 0x00000000048f3b70
calls=1 0 
0 27076 7822 4010 47 92 21 47 25 21
0 4 1 1 1 1 0 1
cob=(4)
cfi=(175)
cfn=(720)
calls=1 0 
0 400 118 12 0 1 0 0 1
0 4 0 1
cob=(4)
cfi=(175)
cfn=(828) 0x00000000048f45a0
calls=1 0 
0 833 274 139 3 6 2 3 2 2
0 4 1 1
cob=(4)
cfi=(175)
cfn=(720)
calls=1 0 
0 400 118 12
0 23 1 15 3 1 3 3 0 3
cob=(4)
cfi=(175)
cfn=(834) 0x00000000048f3c60
calls=1 0 
0 1338 369 204 7 8 3 7 3 3
0 4 1 1 0 1
cob=(4)
cfi=(175)
cfn=(720)
calls=1 0 
0 400 118 12 0 1 0 0 1
0 8 2 3 1 0 0 1
cob=(4)
cfi=(175)
cfn=(720)
calls=1 0 
0 400 118 12 0 1 0 0 1
0 8 2 3 1 1 0 1
cob=(4)
cfi=(175)
cfn=(720)
calls=1 0 
0 400 118 12
0 5 1 3
cob=(4)
cfi=(175)
cfn=(684)
calls=1 0 
0 25 8 3
0 18 4 5 2 2 0 2
cob=(4)
cfi=(175)
cfn=(720)
calls=1 0 
0 400 118 12
0 28 1 19 4 0 4 4 0 4
cob=(4)
cfi=(175)
cfn=(840) 0x00000000048f5d70
calls=1 0 
0 1198 340 160 7 10 0 7 2
0 4 1 1
cob=(4)
cfi=(175)
cfn=(720)
calls=1 0 
0 400 118 12
0 27 1 19 3 1 2 3 0 2
cob=(4)
cfi=(175)
cfn=(846) 0x00000000048f4060
calls=1 0 
0 1166 336 160 8 8 0 8 1
0 4 1 1 0 1
cob=(4)
cfi=(175)
cfn=(720)
calls=1 0 
0 400 118 12
0 8 2 3 1 2 0 1
cob=(4)
cfi=(175)
cfn=(720)
calls=1 0 
0 400 118 12
0 8 2 3 1 1 0 1
cob=(4)
cfi=(175)
cfn=(720)
calls=1 0 
0 400 118 12
0 35 0 28 4 0 6 4 0 6
cob=(4)
cfi=(175)
cfn=(852) 0x00000000048f63b0
calls=1 0 
0 2068 614 300 18 18 1 18 3 1
0 4 1 1
cob=(4)
cfi=(175)
cfn=(720)
calls=1 0 
0 400 118 12
0 8 2 3 1 0 0 1
cob=(4)
cfi=(175)
cfn=(720)
calls=1 0 
0 400 118 12
0 8 2 3 1 1 0 1
cob=(4)
cfi=(175)
cfn=(720)
calls=1 0 
0 400 118 12 0 1 0 0 1
0 4 0 1
cob=(4)
cfi=(175)
cfn=(864) 0x00000000048f3ca0
calls=1 0 
0 839 284 148 3 6 1 3 1 1
0 4 1 1
cob=(4)
cfi=(175)
cfn=(720)
calls=1 0 
0 400 118 12
0 8 2 3 1 1 0 1
cob=(4)
cfi=(175)
cfn=(720)
calls=1 0 
0 400 118 12
0 8 2 3 1 0 0 1
cob=(4)
cfi=(175)
cfn=(720)
calls=1 0 
0 400 118 12
0 8 2 3 1 0 0 1
cob=(4)
cfi=(175)
cfn=(720)
calls=1 0 
0 400 118 12
0 8 2 3
cob=(4)
cfi=(175)
cfn=(720)
calls=1 0 
0 400 118 12
0 9 3 4 1 0 1 1
cfn=(870)
calls=1 0 
0 9444 2900 1499 77 76 7 77 9 7
0 3 2 1
cob=(4)
cfi=(175)
cfn=(726)
calls=1 0 
0 8 3
0 5 2 2 1 0 0 1
cob=(4)
cfi=(175)
cfn=(726)
calls=1 0 
0 8 3
0 4 2 2
cob=(4)
cfi=(175)
cfn=(726)
calls=1 0 
0 8 3
0 5 2 2
cob=(4)
cfi=(175)
cfn=(726)
calls=1 0 
0 8 3
0 5 2 2 1 0 0 1
cob=(4)
cfi=(175)
cfn=(726)
calls=1 0 
0 8 3
0 4 2 2
cob=(4)
cfi=(175)
cfn=(726)
calls=1 0 
0 8 3
0 5 2 2 1 0 0 1
cob=(4)
cfi=(175)
cfn=(726)
calls=1 0 
0 8 3
0 4 2 2
cob=(4)
cfi=(175)
cfn=(726)
calls=1 0 
0 8 3
0 13 9 1 1 0 0 1

fn=(748) std::__cxx11::moneypunct<char, false>::_M_initialize_moneypunct(__locale_struct*, char const*)
0 114 38 31 6 2 0 6 1

fn=(1036) std::basic_ios<char, std::char_traits<char> >::init(std::basic_streambuf<char, std::char_traits<char> >*)
0 2624 0 1312 2 0 0 1
cob=(4)
cfi=(175)
cfn=(1038) 0x00000000048f6780
calls=328 0 
0 35517 12621 7639 25 35 0 17 2
0 984 0 328 2 0 0 1
cob=(4)
cfi=(175)
cfn=(1056) 0x00000000048f6920
calls=328 0 
0 20014 8822 3081 12 34 0 6 3
0 4264 1312 1640

fn=(1104)
0 3 1 1 0 0 1

fn=(1172)
0 78 7 36 3 1 4 3

fn=(1302)
0 5
cob=(4)
cfi=(175)
cfn=(1076)
calls=1 0 
0 78 17 18

fn=(1788) std::__basic_file<char>::__basic_file(pthread_mutex_t*)
0 16 4 8 2 0 0 1

fn=(1794) std::basic_filebuf<char, std::char_traits<char> >::open(char const*, std::_Ios_Openmode)
0 52 0 24 4 0 0 2
cob=(4)
cfi=(175)
cfn=(1796)
calls=4 0 
0 807 271 129 3 10 0 2 1
0 28 0 4
cob=(4)
cfi=(175)
cfn=(1802) 0x00000000048f4240
calls=4 0 
0 3945 1106 773 98 42 15 56 13 6
0 8 0 4
cob=(4)
cfi=(175)
cfn=(1796)
calls=4 0 
0 24 12
0 16 0 4 2 0 0 1
cob=(4)
cfi=(175)
cfn=(1844) 0x00000000048f3dc0
calls=4 0 
0 2940 831 445 44 30 2 9 3 2
0 92 32 32 2 0 0 1

fn=(1862) std::basic_ios<char, std::char_traits<char> >::clear(std::_Ios_Iostate)
0 28 12 4 4 0 0 2

fn=(1986) std::string::_Rep::_M_clone(std::allocator<char> const&, unsigned long)
0 14220800 2585600 5171200 1 0 0 1
cob=(4)
cfi=(175)
cfn=(1988) 0x00000000048f3610
calls=1292800 0 
0 117645699 27149082 19392140 4 26 2 4 1 1
0 19392000 7756800 3878400 1 0 0 1

fn=(2092) std::basic_filebuf<char, std::char_traits<char> >::_M_terminate_output()
0 68 14 29 3 0 0 1
cfn=(4774) std::basic_filebuf<char, std::char_traits<char> >::overflow(int)
calls=1 0 
0 2799 910 435 15 53 0 10 6
0 15 7 1 1 0 0 1
cfn=(1948)
calls=1 0 
0 3 1
0 51 36 0 2 0 0 1

fn=(2148) std::__basic_file<char>::~__basic_file()
0 16 0 8
cob=(4)
cfi=(175)
cfn=(2108) 0x00000000048f6a20
calls=4 0 
0 84 28 12
0 8 8

fn=(2154) std::ios_base::~ios_base()
0 1232 112 448 4 2 0 2
cob=(4)
cfi=(175)
cfn=(2156) 0x00000000048f54d0
calls=112 0 
0 2901 1056 577 6 14 0 4 1
0 224 0 112
cob=(4)
cfi=(175)
cfn=(2162) 0x00000000048f3870
calls=112 0 
0 3065 1047 689 5 7 0 3 1
0 896 336 0 2 2 0 1
cob=(4)
cfi=(175)
cfn=(1050)
calls=112 0 
0 1568 672 224

fn=(2460) std::basic_istream<char, std::char_traits<char> >& std::getline<char, std::char_traits<char>, std::allocator<char> >(std::basic_istream<char, std::char_traits<char> >&, std::__cxx11::basic_string<char, std::char_traits<char>, std::allocator<char> >&, char)
0 1900 100 900 2 0 0 2
cob=(4)
cfi=(175)
cfn=(1940)
calls=100 0 
0 3100 1100 700
0 5299 2399 900 3 0 0 3
cob=(4)
cfi=(175)
cfn=(2462)
calls=100 0 
0 4253 753 138 11 35 0 9 2
0 1500 300 200 1 0 0 1
cob=(4)
cfi=(175)
cfn=(2466) 0x00000000048f56a0
calls=100 0 
0 76274 24801 18736 15 16 1 1 4 1
0 1803 602 201 3 0 0 3
cfn=(1946)
calls=1 0 
0 124 40 21 0 3
0 1

fn=(2474) std::__cxx11::basic_stringstream<char, std::char_traits<char>, std::allocator<char> >::basic_stringstream(std::__cxx11::basic_string<char, std::char_traits<char>, std::allocator<char> > const&, std::_Ios_Openmode)
0 2600 300 900 2 1 0 2
cob=(4)
cfi=(175)
cfn=(1026)
calls=100 0 
0 9400 1400 3100
0 1300 0 800 1 0 0 1
cob=(4)
cfi=(175)
cfn=(1032)
calls=100 0 
0 18500 6700 4100
0 700 0 300 1 0 0 1
cob=(4)
cfi=(175)
cfn=(1032)
calls=100 0 
0 18500 6700 4100
0 1700 300 800 1 0 0 1
cob=(4)
cfi=(175)
cfn=(650)
calls=100 0 
0 3200 1200 700
0 2500 400 900 2 1 0 2
cob=(4)
cfi=(175)
cfn=(2484) 0x00000000048f5e40
calls=100 0 
0 7212 1595 1158 8 16 0 8 3
0 300 0 100
cob=(4)
cfi=(175)
cfn=(1032)
calls=100 0 
0 18500 6700 4100
0 1600 1000 200 1 0 0 1
cob=(4)
cfi=(175)
cfn=(2476) 0x00000000048f5810
calls=100 0 
0 20937 6394 4536 7 12 1 2 3 1
0 800 200 300 1 0 0 1
cob=(4)
cfi=(175)
cfn=(2480)
calls=100 0 
0 2456 749 358 6 20 0 0 1
0 300 200

fn=(2518) std::num_get<char, std::istreambuf_iterator<char, std::char_traits<char> > >::do_get(std::istreambuf_iterator<char, std::char_traits<char> >, std::istreambuf_iterator<char, std::char_traits<char> >, std::ios_base&, std::_Ios_Iostate&, unsigned long&) const
0 2000 0 0 1 0 0 1
cob=(4)
cfi=(175)
cfn=(2520) 0x00000000048f43c0
calls=1000 0 
0 396601 104588 54939 20 13 3 20 2

fn=(2524) std::istreambuf_iterator<char, std::char_traits<char> > std::num_get<char, std::istreambuf_iterator<char, std::char_traits<char> > >::_M_extract_int<unsigned long>(std::istreambuf_iterator<char, std::char_traits<char> >, std::istreambuf_iterator<char, std::char_traits<char> >, std::ios_base&, std::_Ios_Iostate&, unsigned long&) const
0 23000 3000 14000 2 0 0 2
cfn=(2000)
calls=1000 0 
0 30000 13000 6000
0 15000 1000 2000 1 0 0 1
cfn=(2006) 0x0000000000147b90
calls=1000 0 
0 36000 11000 4000
0 10000 2000 4000 1 0 0 1
cfn=(2016) 0x00000000001164e0
calls=1000 0 
0 19000 8000 2000
0 220295 48240 19810 12 1 0 12
cfn=(2034) 0x000000000013eae0
calls=1000 0 
0 13000 6000 2000
0 27000 11000 1000 3 0 3 3

fn=(2996) std::num_put<char, std::ostreambuf_iterator<char, std::char_traits<char> > >::do_put(std::ostreambuf_iterator<char, std::char_traits<char> >, std::ios_base&, char, long) const
0 3015 0 0 2 0 0 1
cob=(4)
cfi=(175)
cfn=(2998) 0x00000000048f5c20
calls=1005 0 
0 301090 66610 45753 73 54 24 33 7 1

fn=(3004)
0 67930 4924 3918 4 1 0 2

fn=(3056) std::ostream::flush()
0 510 120 150 2 8 0 1
cob=(4)
cfi=(175)
cfn=(1400)
calls=30 0 
0 873 330 205 0 3
0 210 180 30 2 31 0 1
cfn=(3058)
calls=30 0 
0 7107 2076 1171 96 264 38 30 26
0 511 300 1 2 57 0 1
cob=(4)
cfi=(175)
cfn=(5052) 0x00000000048f4970
calls=1 0 
0 2391 831 406 13 57 1 11 14
0 7 3 1
cfn=(3058)
calls=1 0 
0 77 27 12
0 2

fn=(3057) std::ostream::flush()'2
0 17 4 5
cob=(4)
cfi=(175)
cfn=(1401) 0x00000000048f7360'2
calls=1 0 
0 24 9 6
0 7 6 1
cfn=(3058)
calls=1 0 
0 77 27 12
0 17 10

fn=(3182) std::thread::_M_start_thread(std::unique_ptr<std::thread::_State, std::default_delete<std::thread::_State> >, void (*)())
0 190 19 57 1 0 0 1
cob=(4)
cfi=(175)
cfn=(3184) 0x00000000048f4b60
calls=19 0 
0 25824 5988 4890 226 393 494 104 11 442
0 114 57 19 0 0 9

fn=(4510) std::locale::locale(std::locale const&)
0 224 96 32 1 1 0 1

fn=(4794) std::__basic_file<char>::xsputn(char const*, long)
0 11 0 6 1 0 0 1
cob=(4)
cfi=(175)
cfn=(1956) 0x00000000048f40d0
calls=1 0 
0 14 6 0 2 1
0 5 0 1
cob=(4)
cfi=(175)
cfn=(4796) 0x00000000048f7040
calls=1 0 
0 855 309 147 2 35 0 0 3
0 11 6 0 1 0 0 1

fn=(4828) std::ostream::operator<<(long long)
0 8 0 0 1 0 0 1
cob=(4)
cfi=(175)
cfn=(4830) 0x00000000048f62e0
calls=4 0 
0 4203 1117 583 22 23 0 21 5

fn=(5050) std::ios_base::Init::~Init()
0 13 4 3 2 3 0 2
cob=(4)
cfi=(175)
cfn=(3052)
calls=1 0 
0 144 57 24 14 14
0 2 1 1 0 1
cob=(4)
cfi=(175)
cfn=(3052)
calls=1 0 
0 2775 978 469 13 66 1 11 16
0 2 1 1 0 1
cob=(4)
cfi=(175)
cfn=(3052)
calls=1 0 
0 144 57 24 0 2
0 2 1 1 0 1
cob=(4)
cfi=(175)
cfn=(5070) 0x00000000048f6980
calls=1 0 
0 1963 621 286 10 25 0 10 6
0 2 1 1 1 1 0 1
cob=(4)
cfi=(175)
cfn=(5070)
calls=1 0 
0 419 162 67 0 5
0 2 1 1 0 1
cob=(4)
cfi=(175)
cfn=(5070)
calls=1 0 
0 144 57 24 0 2
0 2 2

fn=(5062) __cxa_get_globals
0 10 0 4 1 0 0 1
cob=(4)
cfi=(175)
cfn=(5064) 0x00000000048f5140
calls=2 0 
0 950 336 140 8 37 0 6 10
0 6 4

fn=(5074) std::basic_ostream<wchar_t, std::char_traits<wchar_t> >::flush()
0 51 12 15 2 7 0 2
cob=(4)
cfi=(175)
cfn=(5076) 0x00000000048f5340
calls=3 0 
0 1160 374 174 3 11 0 3 4
0 21 18 3 1 3 0 1
cfn=(5082) __gnu_cxx::stdio_sync_filebuf<wchar_t, std::char_traits<wchar_t> >::sync()
calls=3 0 
0 231 81 36 1 2 0 1
0 52 30 1 1 0 0 1
cob=(4)
cfi=(175)
cfn=(5052)
calls=1 0 
0 35 15 4
0 7 3 1
cfn=(5082)
calls=1 0 
0 77 27 12
0 2

fn=(5075) std::basic_ostream<wchar_t, std::char_traits<wchar_t> >::flush()'2
0 17 4 5
cob=(4)
cfi=(175)
cfn=(5077) 0x00000000048f5340'2
calls=1 0 
0 24 9 6
0 7 6 1
cfn=(5082)
calls=1 0 
0 77 27 12
0 17 10

fn=(5082)
0 15 5 0 1 2 0 1
cob=(4)
cfi=(175)
cfn=(3060)
calls=5 0 
0 370 130 60

fn=(1406)
0 780 130 0 3 28 0 1
cob=(4)
cfi=(175)
cfn=(1408) 0x00000000048f6d00
calls=130 0 
0 32593 8355 4372 110 252 106 53 2 2

fn=(648) std::ios_base::Init::Init()
0 40 7 17 5 5 3 5 1
cob=(4)
cfi=(175)
cfn=(650)
calls=1 0 
0 74508 22221 10099 335 437 105 335 93 96
0 16 3 11 2 1 2 2
cob=(4)
cfi=(175)
cfn=(650)
calls=1 0 
0 32 12 7
0 14 2 11 2 0 2 2
cob=(4)
cfi=(175)
cfn=(650)
calls=1 0 
0 32 12 7
0 7 1 4
cob=(4)
cfi=(175)
cfn=(1026)
calls=1 0 
0 777 257 160 5 7 4 5 1
0 11 1 6 1 0 1 1
cob=(4)
cfi=(175)
cfn=(1032)
calls=1 0 
0 4342 1402 686 20 40 0 20 6
0 4 1 1 1 0 0 1
cob=(4)
cfi=(175)
cfn=(1026)
calls=1 0 
0 94 14 31 0 0 4 0 0 3
0 15 1 8 1 0 0 1
cob=(4)
cfi=(175)
cfn=(1032)
calls=1 0 
0 185 67 41
0 4 1 1 0 1
cob=(4)
cfi=(175)
cfn=(1026)
calls=1 0 
0 94 14 31 0 0 4 0 0 4
0 11 1 6 1 0 1 1 0 1
cob=(4)
cfi=(175)
cfn=(1032)
calls=1 0 
0 185 67 41
0 4 1 2 1 0 0 1
cob=(4)
cfi=(175)
cfn=(1026)
calls=1 0 
0 94 14 31 0 0 4 0 0 4
0 11 2 6 1 0 0 1
cob=(4)
cfi=(175)
cfn=(1032)
calls=1 0 
0 185 67 41
0 23 4 12 2 2 1 2
cob=(4)
cfi=(175)
cfn=(650)
calls=1 0 
0 32 12 7
0 16 3 11 2 0 3 2
cob=(4)
cfi=(175)
cfn=(650)
calls=1 0 
0 32 12 7
0 14 2 11 2 0 1 2
cob=(4)
cfi=(175)
cfn=(650)
calls=1 0 
0 32 12 7
0 7 1 4 1 0 0 1
cob=(4)
cfi=(175)
cfn=(1026)
calls=1 0 
0 94 14 31 0 0 4 0 0 4
0 11 1 7 1 0 1 1 0 1
cob=(4)
cfi=(175)
cfn=(1062) 0x00000000048f5b50
calls=1 0 
0 2165 656 300 8 17 0 8 6
0 4 1 1
cob=(4)
cfi=(175)
cfn=(1026)
calls=1 0 
0 94 14 31 0 0 4 0 0 4
0 15 1 9 2 0 0 2
cob=(4)
cfi=(175)
cfn=(1062)
calls=1 0 
0 185 67 42
0 4 1 1
cob=(4)
cfi=(175)
cfn=(1026)
calls=1 0 
0 94 14 31 0 0 4 0 0 3
0 11 1 7 1 0 1 1 0 1
cob=(4)
cfi=(175)
cfn=(1062)
calls=1 0 
0 185 67 42
0 4 1 2 1 0 0 1
cob=(4)
cfi=(175)
cfn=(1026)
calls=1 0 
0 94 14 31 0 0 4
0 11 2 7 1 0 0 1
cob=(4)
cfi=(175)
cfn=(1062)
calls=1 0 
0 185 67 42
0 15 9 4 1 1 0 1

fn=(654) std::locale::locale()
0 5700 0 3420 2 0 2 2 0 1
cfn=(656)
calls=570 0 
0 78941 24409 10059 344 437 105 333 93 95
0 6840 3990 570 4 0 0 4

fn=(730) std::locale::id::_M_id() const
0 7776192 2592064 96 4 69 0 3 7

fn=(832) std::codecvt<wchar_t, char, __mbstate_t>::codecvt(unsigned long)
0 14 1 6 2 0 1 2 0 1
cob=(4)
cfi=(175)
cfn=(684)
calls=1 0 
0 25 8 3
0 5 4 1 0 0 1 0 0 1

fn=(1084)
0 12 1 0 3 0 0 3

fn=(1116)
0 23 1 13 2 0 1 2
cob=(4)
cfi=(175)
cfn=(1118) 0x00000000048f4cb0
calls=1 0 
0 1494 464 155 16 58 0 14 6
0 27 9 8 2 0 0 2
cob=(4)
cfi=(175)
cfn=(1136) 0x00000000048f4210
calls=1 0 
0 2719 508 460 66 45 47 65 14 45
0 8 0 4

fn=(1718) std::basic_ostream<char, std::char_traits<char> >& std::operator<< <char, std::char_traits<char>, std::allocator<char> >(std::basic_ostream<char, std::char_traits<char> >&, std::__cxx11::basic_string<char, std::char_traits<char>, std::allocator<char> > const&)
0 40 20 0 2 0 0 1
cob=(4)
cfi=(175)
cfn=(1394)
calls=10 0 
0 3547 1024 607 43 17 2 5

fn=(1808) 0x00000000000f8e30
0 36 8 0 5 4 0 2 2

fn=(1954) std::__basic_file<char>::xsgetn(char*, long)
0 19695 0 9090 2 0 0 2
cob=(4)
cfi=(175)
cfn=(1956)
calls=1515 0 
0 22781 9638 265 9 52 1 5 5
0 6060 0 1515
cob=(4)
cfi=(175)
cfn=(1968) 0x00000000048f41e0
calls=1515 0 
0 15934 4836 136 4 16 0 2 4
0 15150 9090

fn=(1974)
0 37491200 5171200 19392000 3 2 0 3
cob=(4)
cfi=(175)
cfn=(1976) 0x00000000048f3c20
calls=1292800 0 
0 197800731 55591180 36198798 13 47 2 12 4 1
0 12928000 6464000 3878400
cob=(4)
cfi=(175)
cfn=(1994) 0x00000000048f7380
calls=1292800 0 
0 885845782 271338086 136649470 37 271 2 37 115
0 7756800 2585600 3878400 1 0 0 1
cob=(4)
cfi=(175)
cfn=(684)
calls=1292800 0 
0 32320000 10342400 3878400 2 8
0 10342400 2585600 3878400
cob=(4)
cfi=(175)
cfn=(2040) 0x00000000048f5290
calls=1292800 0 
0 639968880 130616295 63460005 60 43 80826 58 11
0 65932800 27148800 2585600 6 0 0 5
cob=(4)
cfi=(175)
cfn=(2054) 0x00000000048f3a00
calls=1292800 0 
0 122816754 36198656 18099329 3 14 0 3 1
0 1292800

fn=(2000)
0 11653578 1294842 7769052 8 29 1 2
cob=(4)
cfi=(175)
cfn=(726)
calls=1294842 0 
0 10358736 3884526 0 0 56
0 16832946 11653578 0 0 57

fn=(2016)
0 30242338 12733616 3183404 2 1 0 2 1

fn=(2102) operator delete[](void*)
0 8 0 0 2 0 0 1
cob=(4)
cfi=(175)
cfn=(1734) 0x00000000048f4430
calls=4 0 
0 691 199 118 16 6 0 9

fn=(2494) std::__cxx11::basic_stringbuf<char, std::char_traits<char>, std::allocator<char> >::_M_pbump(char*, char*, long)
0 1624 116 348 4 0 0 2

fn=(2530) std::__cxx11::basic_stringstream<char, std::char_traits<char>, std::allocator<char> >::~basic_stringstream()
0 2300 300 600 2 0 0 2
cob=(4)
cfi=(175)
cfn=(1734)
calls=100 0 
0 9100 2700 1400
0 500 100 200 1 0 0 1
cob=(4)
cfi=(175)
cfn=(1050)
calls=100 0 
0 1400 600 200
0 1200 300 400 1 0 0 1
cob=(4)
cfi=(175)
cfn=(2150)
calls=100 0 
0 7500 2500 1600

fn=(3020) std::ostream& std::ostream::_M_insert<unsigned long>(unsigned long)
0 17 1 8 1 0 0 1
cob=(4)
cfi=(175)
cfn=(1400)
calls=1 0 
0 24 9 6
0 21 9 1 2 0 0 2
cfn=(3022) std::num_put<char, std::ostreambuf_iterator<char, std::char_traits<char> > >::do_put(std::ostreambuf_iterator<char, std::char_traits<char> >, std::ios_base&, char, unsigned long) const
calls=1 0 
0 1577 410 183 8 9 0 8 1
0 20 13 0 1 0 0 1

fn=(3072) std::thread::hardware_concurrency()
0 4 0 2 1 0 0 1
cob=(4)
cfi=(175)
cfn=(3074) 0x00000000048f6260
calls=1 0 
0 1222 371 179 26 23 0 25 8
0 5 2

fn=(4290) std::__detail::_Prime_rehash_policy::_M_need_rehash(unsigned long, unsigned long, unsigned long) const
0 19200 3400 1100 6 1 0 6 1
cob=(4)
cfi=(175)
cfn=(4292) 0x00000000048f4610
calls=100 0 
0 4893 1078 231 7 41 21 5 1
0 800 200

fn=(4546)
0 30294 2034 7056 2 0 0 2
cob=(4)
cfi=(175)
cfn=(2480)
calls=1008 0 
0 17393 4031 2015 0 0 23
0 12159 7092 1017 1 1 0 1
cfn=(4774)
calls=1 0 
0 53 14 10 7 0 0 7
cfn=(4548)
calls=8 0 
0 560 152 104 8 1 0 5
0 45

fn=(5038) 0x00000000000e75a0
0 2 1 0 1 0 0 1

fn=(1404) std::ostream::sentry::sentry(std::ostream&)
0 31786 6811 11351 8 87 0 2
cob=(4)
cfi=(175)
cfn=(3053) 0x00000000048f58a0'2
calls=1 0 
0 144 57 24
0 18163 11352 2270 5 0 0 1

fn=(1405) std::ostream::sentry::sentry(std::ostream&)'2
0 22 8 6

fn=(634)
0 8 0 3 2 0 0 2
cob=(4)
cfi=(175)
cfn=(636) 0x00000000048f6040
calls=1 0 
0 84717 25394 12024 411 525 160 411 107 122
0 7 3
cob=(4)
cfi=(175)
cfn=(1076)
calls=1 0 
0 1024 337 162 9 17 1 9 6

fn=(700) 0x00000000000d0450
0 7 1 0 1 0 0 1
cob=(4)
cfi=(175)
cfn=(704) 0x00000000048f4500
calls=1 0 
0 1852 606 278 11 21 2 11 7

fn=(724) std::locale::_Impl::_M_install_facet(std::locale::id const*, std::locale::facet const*)
0 480 0 224 1 0 0 1
cob=(4)
cfi=(175)
cfn=(726)
calls=32 0 
0 1263 441 193 4 13 0 4 8
0 11712 3552 96 5 0 0 5

fn=(766) std::__timepunct<char>::_M_initialize_timepunct(__locale_struct*)
0 13 2 5 2 0 0 2
cob=(4)
cfi=(175)
cfn=(684)
calls=1 0 
0 25 8 3
0 119 25 25 11 3 0 11

fn=(772) std::__cxx11::messages<char>::messages(unsigned long)
0 14 1 6 2 1 0 2
cob=(4)
cfi=(175)
cfn=(684)
calls=1 0 
0 25 8 3
0 2 0 2
cob=(4)
cfi=(175)
cfn=(672)
calls=1 0 
0 5 2
0 5 4 1

fn=(784) std::ctype<wchar_t>::_M_initialize_ctype()
0 11 1 6 1 0 0 1
cob=(4)
cfi=(175)
cfn=(786) 0x00000000048f6000
calls=1 0 
0 879 321 147 5 16 0 5 6
0 770 0 256 1 0 2 1 0 2
cob=(4)
cfi=(175)
cfn=(792) 0x00000000048f5040
calls=128 0 
0 4363 1464 783 4 15 0 4 4
0 262 0 2 1 0 0 1
cob=(4)
cfi=(175)
cfn=(798) 0x00000000048f6b80
calls=1 0 
0 812 302 141 5 10 0 5 1
0 510 0 255
cob=(4)
cfi=(175)
cfn=(798)
calls=255 0 
0 11618 3959 1403 3 6 0 3
0 1086 0 272 1 0 16 1 0 16
cob=(4)
cfi=(175)
cfn=(808) 0x00000000048f4f00
calls=8 0 
0 3359 911 371 19 30 0 19 11
0 72 0 16 0 0 1 0 0 1
cob=(4)
cfi=(175)
cfn=(808)
calls=4 0 
0 1745 329 81
0 23 5 4 0 0 1 0 0 1
cob=(4)
cfi=(175)
cfn=(786)
calls=1 0 
0 24 10 4 0 1
0 2 0 0 1 0 0 1

fn=(856) std::__timepunct<wchar_t>::__timepunct(std::__timepunct_cache<wchar_t>*, unsigned long)
0 16 1 8 1 1 1 1 0 1
cob=(4)
cfi=(175)
cfn=(672)
calls=1 0 
0 5 2
0 4 0 2 1 0 0 1
cob=(4)
cfi=(175)
cfn=(858) 0x00000000048f5300
calls=1 0 
0 1147 328 161 15 10 0 15 3
0 4 4

fn=(868) std::__cxx11::messages<wchar_t>::messages(unsigned long)
0 14 1 6 1 0 1 1 0 1
cob=(4)
cfi=(175)
cfn=(684)
calls=1 0 
0 25 8 3
0 2 0 2
cob=(4)
cfi=(175)
cfn=(672)
calls=1 0 
0 5 2
0 5 4 1

fn=(906) std::moneypunct<char, true>::_M_initialize_moneypunct(__locale_struct*, char const*)
0 115 38 31 6 0 0 6

fn=(960) std::moneypunct<wchar_t, false>::_M_initialize_moneypunct(__locale_struct*, char const*)
0 109 30 31 5 0 0 5

fn=(1042) std::ios_base::_M_init()
0 4980 664 2324 5 4 0 3 1
cob=(4)
cfi=(175)
cfn=(650)
calls=332 0 
0 10876 4056 2360
0 996 0 332
cob=(4)
cfi=(175)
cfn=(1044) 0x00000000048f59c0
calls=332 0 
0 8999 3233 1457 8 12 0 5
0 664 0 332 2 0 0 2
cob=(4)
cfi=(175)
cfn=(1050)
calls=332 0 
0 5359 2238 793 7 10 0 5
0 2656 1992

fn=(1096) std::error_category::error_category()
0 10 4 2 1 0 0 1

fn=(1198)
0 48 11 28 6 4 6 6 4 6

fn=(2044) void std::__convert_to_v<float>(char const*, float&, std::_Ios_Iostate&, __locale_struct* const&)
0 19392000 2585600 7756800 2 0 0 2
cob=(4)
cfi=(175)
cfn=(2046) 0x00000000048f3460
calls=1292800 0 
0 590841493 112516802 54410276 55 31 0 53 9
0 27148800 14220800 1292800 1 2 80826 1 1

fn=(3022)
0 3 0 0 1 0 0 1
cob=(4)
cfi=(175)
cfn=(3024) 0x00000000048f6e10
calls=1 0 
0 1574 410 183 7 9 0 7 1

fn=(3034) std::basic_ostream<char, std::char_traits<char> >& std::endl<char, std::char_traits<char> >(std::basic_ostream<char, std::char_traits<char> >&)
0 32 10 8 4 0 0 2
cob=(4)
cfi=(175)
cfn=(3036) 0x00000000048f40f0
calls=2 0 
0 2061 721 365 50 59 2 19 7
0 10 6
cob=(4)
cfi=(175)
cfn=(3052)
calls=2 0 
0 1746 648 313 17 33 0 17 10

fn=(4106) __cxa_thread_atexit
0 4 0 2 1 0 1 1
cob=(4)
cfi=(175)
cfn=(4108) 0x00000000048f4de0
calls=1 0 
0 1739 486 232 74 77 24 47 9
0 2 2

fn=(4514) std::basic_ios<char, std::char_traits<char> >::imbue(std::locale const&)
0 136 8 64 1 0 0 1
cob=(4)
cfi=(175)
cfn=(4516) 0x00000000048f3b90
calls=8 0 
0 769 277 139 3 10 20 2
0 32 0 8
cob=(4)
cfi=(175)
cfn=(4520) 0x00000000048f5740
calls=8 0 
0 1421 475 267 6 9 0 3 3
0 16 0 8
cob=(4)
cfi=(175)
cfn=(1050)
calls=8 0 
0 112 48 16
0 24 0 8
cob=(4)
cfi=(175)
cfn=(1056)
calls=8 0 
0 464 208 72
0 56 8 8 1 0 0 1
cob=(4)
cfi=(175)
cfn=(4516)
calls=8 0 
0 72 32 8
0 32 16 8 0 1
cfn=(4526)
calls=8 0 
0 16 8 0 1 0 0 1
0 24 0 8
cob=(4)
cfi=(175)
cfn=(1044)
calls=8 0 
0 200 72 32
0 16 0 8
cob=(4)
cfi=(175)
cfn=(1050)
calls=8 0 
0 112 48 16
0 96 72 0 1 0 0 1

fn=(4760) std::basic_ofstream<char, std::char_traits<char> >::basic_ofstream(char const*, std::_Ios_Openmode)
0 16 0 8 1 0 0 1
cob=(4)
cfi=(175)
cfn=(1026)
calls=1 0 
0 108 18 33 1
0 12 0 7 1 0 0 1
cob=(4)
cfi=(175)
cfn=(1032)
calls=1 0 
0 199 71 43
0 8 1 3 1 1 0 1
cob=(4)
cfi=(175)
cfn=(1778)
calls=1 0 
0 112 31 40 8 4
0 3 0 1
cob=(4)
cfi=(175)
cfn=(1032)
calls=1 0 
0 199 71 43
0 5 1 1
cob=(4)
cfi=(175)
cfn=(1790)
calls=1 0 
0 1317 301 250 88 16 6 8 3 1
0 7 2 1 1 1 0 1
cob=(4)
cfi=(175)
cfn=(1858)
calls=1 0 
0 9 4 1 3 1
0 8 7

fn=(4856) std::basic_ostream<char, std::char_traits<char> >& std::operator<< <char, std::char_traits<char> >(std::basic_ostream<char, std::char_traits<char> >&, std::_Setw)
0 42 18 6 1 0 0 1

fn=(5034) 0x00000000000eca30
0 2 1 0 1 0 0 1

fn=(736) std::codecvt<char, char, __mbstate_t>::codecvt(unsigned long)
0 14 1 6 1 1 1 1 0 1
cob=(4)
cfi=(175)
cfn=(684)
calls=1 0 
0 25 8 3
0 5 4 1 1 0 0 1

fn=(754) std::__cxx11::moneypunct<char, true>::_M_initialize_moneypunct(__locale_struct*, char const*)
0 115 38 31 5 0 0 5

fn=(930) std::messages<char>::messages(unsigned long)
0 14 1 6 2 0 1 2 0 1
cob=(4)
cfi=(175)
cfn=(684)
calls=1 0 
0 25 8 3
0 2 0 2
cob=(4)
cfi=(175)
cfn=(672)
calls=1 0 
0 5 2
0 5 4 1

fn=(1030) std::ios_base::ios_base()
0 7200 120 2880 13 1 37 6 0 21
cob=(4)
cfi=(175)
cfn=(650)
calls=120 0 
0 4046 1494 882 18 7 4 6 0 1

fn=(1202)
0 5 0 0 1 0 0 1
cob=(4)
cfi=(175)
cfn=(1076)
calls=1 0 
0 78 17 18

fn=(1696) operator new(unsigned long)
0 16987883 0 4633059 3 0 2 2
cob=(4)
cfi=(175)
cfn=(1136)
calls=1544353 0 
0 87669077 22782313 12217269 232 547395 109666 65 5807 26878
0 7721765 4633059

fn=(1732) operator delete(void*, unsigned long)
0 502898 0 0 2 0 0 1
cob=(4)
cfi=(175)
cfn=(1734)
calls=251449 0 
0 32622478 9480196 4817733 66 466835 34 24 1946 8

fn=(1738) operator delete(void*)
0 3088706
cob=(4)
cfi=(175)
cfn=(1740) 0x00000000048f4c60
calls=1544353 0 
0 144099046 42844111 22918322 80 417469 34 32 1946 8

fn=(1848) std::basic_filebuf<char, std::char_traits<char> >::_M_allocate_internal_buffer()
0 60 24 12 4 0 0 2
cob=(4)
cfi=(175)
cfn=(1850) 0x00000000048f32a0
calls=4 0 
0 1854 505 296 37 16 2 5 0 2
0 12 0 8

fn=(2058) std::string::_Rep::_M_destroy(std::allocator<char> const&)
0 2585600 0 0 1 0 0 1
cob=(4)
cfi=(175)
cfn=(1734)
calls=1292800 0 
0 117644800 34905600 18099200 0 5

fn=(2444) std::basic_istream<char, std::char_traits<char> >& std::getline<char, std::char_traits<char>, std::allocator<char> >(std::basic_istream<char, std::char_traits<char> >&, std::__cxx11::basic_string<char, std::char_traits<char>, std::allocator<char> >&)
0 2491 895 400 1 0 0 1
cob=(4)
cfi=(175)
cfn=(2456) 0x00000000048f3970
calls=99 0 
0 91396 29256 21285 6 24 0 6
0 8 4
cob=(4)
cfi=(175)
cfn=(2456)
calls=1 0 
0 4285 1272 640 31 41 1 15 9 1
0 2 0 1
cob=(4)
cfi=(175)
cfn=(2446) 0x00000000048f4fc0
calls=1 0 
0 2416 635 308 23 84 21 18 2
0 5 3 0 0 1

fn=(2510) std::istream::operator>>(unsigned long&)
0 2000 0 0 1 0 0 1
cob=(4)
cfi=(175)
cfn=(2512) 0x00000000048f4f20
calls=1000 0 
0 517047 149342 71968 26 24 3 25 4

fn=(2516) std::istream& std::istream::_M_extract<unsigned long>(unsigned long&)
0 14000 1000 5000 1 0 0 1
cob=(4)
cfi=(175)
cfn=(1940)
calls=1000 0 
0 63700 26500 7900 0 1
0 24000 7000 4000 2 1 0 2
cfn=(2518)
calls=1000 0 
0 398601 104588 54939 21 13 3 21 2
0 14000 9000

fn=(2994) std::ostream& std::ostream::_M_insert<long>(long)
0 17085 1005 8040 4 0 0 2
cob=(4)
cfi=(175)
cfn=(1400)
calls=1005 0 
0 24120 9045 6030
0 21083 9037 1003 2 1 0 1
cfn=(2996)
calls=1003 0 
0 301268 65836 45385 15 24 23 9 6
0 20 6 2 2 2 0 1
cfn=(2996)
calls=2 0 
0 2837 774 368 60 30 1 25 1 1
0 20130 13077 6 6 1 0 3

fn=(3014) std::ostream::operator<<(unsigned long)
0 2 0 0 1 0 0 1
cob=(4)
cfi=(175)
cfn=(3016) 0x00000000048f6d10
calls=1 0 
0 2403 696 327 13 16 0 12 2

fn=(3028) std::ostreambuf_iterator<char, std::char_traits<char> > std::num_put<char, std::ostreambuf_iterator<char, std::char_traits<char> > >::_M_insert_int<unsigned long>(std::ostreambuf_iterator<char, std::char_traits<char> >, std::ios_base&, char, unsigned long) const
0 19 1 10 2 0 0 2
cfn=(2000)
calls=1 0 
0 30 13 6
0 27 1 6 1 0 0 1
cfn=(3004)
calls=1 0 
0 83 6 5
0 24 7 3 2 0 0 2
cfn=(1406)
calls=1 0 
0 175 43 24
0 16 9 0 1 0 0 1

fn=(3276) 0x00000000000ecda0
0 152 38 76 1 29 0 1
cob=(8)
cfi=(295)
cfn=(3792)
calls=1 244 
0 107195 29251 18561 606 2641 874 241 72 39
cob=(8)
cfi=(295)
cfn=(3278)
calls=18 244 
0 107009108879 40013232633 29836573412 969 255833441 3674556 421 91715 69196
0 57 38 19 0 17
cob=(8)
cfi=(295)
cfn=(4054)
calls=1 234 
0 564 86 136 2 6 1 2 2 1
cob=(8)
cfi=(295)
cfn=(4014)
calls=18 234 
0 2286 684 396 4 66 0 3 24
0 95 76 0 0 19 0 0 12

fn=(3850) std::ostream& std::ostream::_M_insert<double>(double)
0 544 32 288 7 0 0 2
cob=(4)
cfi=(175)
cfn=(1400)
calls=32 0 
0 768 288 192 4
0 628 300 28 2 75 0 1
cfn=(3852)
calls=28 0 
0 67061 16438 10540 483 1308 673 153 40 25
0 40 16 4 1 2
cfn=(3852)
calls=4 0 
0 10170 2438 1619 222 42 20 22
0 692 436 8 14 1 0 3

fn=(3864) std::__num_base::_S_format_float(std::ios_base const&, char*, char)
0 764 64 128 10 0 0 4

fn=(3866)
0 896 64 544 11 0 72 2
cob=(4)
cfi=(175)
cfn=(786)
calls=32 0 
0 768 320 128 11 135 24
0 384 0 160 5 0 0 2
cob=(4)
cfi=(175)
cfn=(3872) 0x00000000048f5c90
calls=32 0 
0 57398 13676 8665 550 681 565 139 34 18
0 96 0 32
cob=(4)
cfi=(175)
cfn=(786)
calls=32 0 
0 768 320 128 0 26
0 352 256

fn=(4018) std::thread::_State::~_State()
0 38 19 0 1 0 0 1

fn=(4506) std::locale::classic()
0 16 0 8 1 0 0 1
cfn=(656)
calls=4 0 
0 88 32 8
0 12 8

fn=(4788) std::basic_filebuf<char, std::char_traits<char> >::_M_convert_to_external(char*, long)
0 19 4 8 2 0 0 1
cfn=(1948)
calls=1 0 
0 3 1
0 6 0 1 1 0 0 1
cob=(4)
cfi=(175)
cfn=(4790) 0x00000000048f4bb0
calls=1 0 
0 1699 584 285 8 43 0 4 4
0 13 9 0 1 0 0 1

fn=(4864)
0 140 5 40 3 0 0 3
cob=(4)
cfi=(175)
cfn=(4872) 0x00000000048f3890
calls=5 0 
0 909 307 149 7 15 0 3 4
0 75 35
cob=(4)
cfi=(175)
cfn=(2480)
calls=5 0 
0 88 17 7

fn=(5030) 0x00000000001b4e80
0 2 1

fn=(4580) std::__cxx11::basic_ostringstream<char, std::char_traits<char>, std::allocator<char> >::str() &&
0 248 40 88 2 0 0 2
cob=(4)
cfi=(175)
cfn=(2484)
calls=8 0 
0 432 80 72 11 1 0 1
0 216 64 16 3 0 0 3

fn=(688) std::locale::facet::_S_get_c_locale()
0 10342768 0 3878538 3 0 24 2
cob=(4)
cfi=(175)
cfn=(690)
calls=1292846 0 
0 10345744 3879500 448 28 99 2 24 16
0 9049922 5171384 0 2 27 0 1

fn=(708) std::locale::facet::_S_create_c_locale(__locale_struct*&, char const*, __locale_struct*)
0 8 0 3 1 0 0 1
cob=(4)
cfi=(175)
cfn=(710) 0x00000000048f5490
calls=1 0 
0 861 311 145 8 13 0 8 5
0 6 3 1

fn=(760) std::__timepunct<char>::__timepunct(std::__timepunct_cache<char>*, unsigned long)
0 16 1 8 1 0 0 1
cob=(4)
cfi=(175)
cfn=(672)
calls=1 0 
0 5 2
0 4 0 2 1 0 0 1
cob=(4)
cfi=(175)
cfn=(762) 0x00000000048f5ec0
calls=1 0 
0 1126 326 162 15 10 0 15 2
0 4 4

fn=(942) std::numpunct<wchar_t>::_M_initialize_numpunct(__locale_struct*)
0 353 75 75 5 0 0 5

fn=(1022) std::locale::locale(std::locale::_Impl*)
0 3 1 1 1 0 1 1

fn=(1072) std::basic_ios<wchar_t, std::char_traits<wchar_t> >::_M_cache_locale(std::locale const&)
0 36 4 16 1 0 0 1
cob=(4)
cfi=(175)
cfn=(726)
calls=4 0 
0 32 12
0 28 16 8
cob=(4)
cfi=(175)
cfn=(726)
calls=4 0 
0 32 12
0 28 16 8 1 0 0 1
cob=(4)
cfi=(175)
cfn=(726)
calls=4 0 
0 32 12
0 36 28 4

fn=(1200)
0 5
cob=(4)
cfi=(175)
cfn=(1076)
calls=1 0 
0 78 17 18 0 0 1 0 0 1

fn=(1806) std::__basic_file<char>::open(char const*, std::_Ios_Openmode, int)
0 40 0 20 4 0 0 2
cfn=(1808)
calls=4 0 
0 36 8 0 5 4 0 2 2
0 24 0 4
cob=(4)
cfi=(175)
cfn=(1796)
calls=4 0 
0 24 12
0 20 0 4
cob=(4)
cfi=(175)
cfn=(1814) 0x00000000048f4220
calls=4 0 
0 2870 787 608 84 31 15 49 8 6
0 44 20 8 2 0 0 1

fn=(1944) std::istream::sentry::sentry(std::istream&, bool)
0 81511322 33639464 10351176 5 39 0 5 17
cfn=(1946)
calls=178 0 
0 22072 7120 3738
0 362 4 2 1 2 0 1
cfn=(1946)
calls=2 0 
0 3386 1178 572 24 90 3 18 11
0 18 6 0 1 0 0 1

fn=(2030) 0x000000000013e850
0 1787412 893706 297902 1 0 0 1

fn=(2034)
0 16819400 7762800 2587600 2 0 0 2

fn=(2086) std::basic_filebuf<char, std::char_traits<char> >::close()
0 91 7 42 4 0 0 2
cob=(4)
cfi=(175)
cfn=(1796)
calls=7 0 
0 42 21 0 0 2
0 26 0 8
cob=(4)
cfi=(175)
cfn=(2088) 0x00000000048f4c20
calls=4 0 
0 3910 1263 594 25 64 2 15 9
0 20 0 12 2 0 0 1
cob=(4)
cfi=(175)
cfn=(2094) 0x00000000048f4e60
calls=4 0 
0 1837 531 279 27 23 0 15 3
0 60 8 32 2 0 0 1
cob=(4)
cfi=(175)
cfn=(2108)
calls=4 0 
0 3378 1069 605 78 86 0 40 3
0 92 49 0 1 0 0 1

fn=(4492) std::__cxx11::basic_ostringstream<char, std::char_traits<char>, std::allocator<char> >::basic_ostringstream()
0 176 16 64 2 2 1 2
cob=(4)
cfi=(175)
cfn=(1026)
calls=8 0 
0 944 162 288 28 7 7 9
0 96 0 56 1 0 1 1
cob=(4)
cfi=(175)
cfn=(1032)
calls=8 0 
0 1592 568 344 20 15 0 6
0 88 8 48 1 0 1 1
cob=(4)
cfi=(175)
cfn=(650)
calls=8 0 
0 368 128 72
0 88 8 48 0 1
cob=(4)
cfi=(175)
cfn=(1032)
calls=8 0 
0 1592 568 344
0 64 56 0 1 0 0 1

fn=(4524) std::ios_base::imbue(std::locale const&)
0 104 0 48 1 0 0 1
cob=(4)
cfi=(175)
cfn=(4516)
calls=8 0 
0 72 32 8
0 24 0 8
cob=(4)
cfi=(175)
cfn=(1044)
calls=8 0 
0 200 72 32
0 24 0 8
cob=(4)
cfi=(175)
cfn=(2156)
calls=8 0 
0 144 56 32 3 1
0 56 48

fn=(4774)
0 43 10 9 4 0 0 4
cob=(4)
cfi=(175)
cfn=(4784) 0x00000000048f7090
calls=1 0 
0 2746 896 425 14 53 0 9 6
0 63 18 11 4 0 0 4

fn=(4836)
0 12 0 0 1 0 0 1
cob=(4)
cfi=(175)
cfn=(4838) 0x00000000048f74c0
calls=4 0 
0 3107 731 392 15 11 0 14 3

fn=(5026) 0x00000000001b4ea0
0 2 1 0 1 0 0 1

fn=(5046) std::error_category::~error_category()
0 4 2

fn=(4572) std::basic_streambuf<char, std::char_traits<char> >::sputc(char)
0 36 12 8 1 0 0 1

fn=(682) std::ctype<char>::ctype(unsigned short const*, bool, unsigned long)
0 18 1 7 2 1 1 2 0 1
cob=(4)
cfi=(175)
cfn=(684)
calls=1 0 
0 3832 1236 580 27 51 3 27 18
0 103 8 73 3 1 8 3 0 8

fn=(742) std::__cxx11::numpunct<char>::_M_initialize_numpunct(__locale_struct*)
0 417 138 76 5 5 0 5 3

fn=(778) std::ctype<wchar_t>::ctype(unsigned long)
0 14 1 6 1 0 1 1 0 1
cob=(4)
cfi=(175)
cfn=(684)
calls=1 0 
0 25 8 3
0 7 3 2 1 0 0 1
cob=(4)
cfi=(175)
cfn=(780) 0x00000000048f4a90
calls=1 0 
0 26337 7565 3870 43 85 20 43 24 20

fn=(862) std::__timepunct<wchar_t>::_M_initialize_timepunct(__locale_struct*)
0 12 2 4 2 0 0 2
cob=(4)
cfi=(175)
cfn=(684)
calls=1 0 
0 25 8 3
0 117 24 25 11 2 0 11

fn=(876) std::numpunct<char>::_M_initialize_numpunct(__locale_struct*)
0 417 138 76 5 0 0 5

fn=(894) std::moneypunct<char, false>::_M_initialize_moneypunct(__locale_struct*, char const*)
0 114 38 31 4 0 0 4

fn=(972) std::moneypunct<wchar_t, true>::_M_initialize_moneypunct(__locale_struct*, char const*)
0 109 30 31 6 0 0 6

fn=(996) std::messages<wchar_t>::messages(unsigned long)
0 14 1 6 1 0 0 1
cob=(4)
cfi=(175)
cfn=(684)
calls=1 0 
0 25 8 3
0 2 0 2 1 0 0 1
cob=(4)
cfi=(175)
cfn=(672)
calls=1 0 
0 5 2
0 5 4 1

fn=(1048) std::locale::operator=(std::locale const&)
0 8004 2784 1392 5 0 0 3

fn=(1060) std::basic_ios<char, std::char_traits<char> >::_M_cache_locale(std::locale const&)
0 3024 336 1344 2 3 0 1
cob=(4)
cfi=(175)
cfn=(726)
calls=336 0 
0 2688 1008 0 3 4 0 1
0 2352 1344 672 2 8 0 1
cob=(4)
cfi=(175)
cfn=(726)
calls=336 0 
0 2688 1008 0 0 1
0 2352 1344 672 2 6 0 1
cob=(4)
cfi=(175)
cfn=(726)
calls=336 0 
0 2688 1008
0 3024 2352 336

fn=(1066) std::basic_ios<wchar_t, std::char_traits<wchar_t> >::init(std::basic_streambuf<wchar_t, std::char_traits<wchar_t> >*)
0 32 0 16 1 0 0 1
cob=(4)
cfi=(175)
cfn=(1038)
calls=4 0 
0 404 144 88
0 12 0 4
cob=(4)
cfi=(175)
cfn=(1068) 0x00000000048f7270
calls=4 0 
0 1222 398 165 4 8 0 4 2
0 52 16 24 1 0 0 1

fn=(1244)
0 50 25 12 3 7 0 3 1

fn=(1998) std::num_get<char, std::istreambuf_iterator<char, std::char_traits<char> > >::_M_extract_float(std::istreambuf_iterator<char, std::char_traits<char> >, std::istreambuf_iterator<char, std::char_traits<char> >, std::ios_base&, std::_Ios_Iostate&, std::string&) const
0 25856000 3878400 16806400 2 0 0 2
cfn=(2000)
calls=1292800 0 
0 38784000 16806400 7756800 2 10 0 2
0 9049600 0 3878400 1 0 0 1
cfn=(2006)
calls=1292800 0 
0 46540800 14220800 5171200 2 0 0 2
0 10342400 2585600 3878400 1 0 0 1
cfn=(2034)
calls=1292800 0 
0 16806400 7756800 2585600 2 0 0 2
0 23270400 15513600 2585600 2 0 0 2
cfn=(2016)
calls=1292800 0 
0 24563200 10342400 2585600 2 0 0 2
0 35698114 10640302 1590702 2 4 0 2
cfn=(2030)
calls=297902 0 
0 1787412 893706 297902 1 0 0 1
0 2085314 595804 1489510 1 0 0 1
cfn=(2006)
calls=297902 0 
0 10727592 3277954 1192160 1 0 0 1
0 1787412 893706 297902
cfn=(2016)
calls=297902 0 
0 5660138 2383216 595804 0 1 0 0 1
0 3276922 1191608 297902 1 0 0 1
cob=(4)
cfi=(175)
cfn=(2024) 0x00000000048f5ed0
calls=297902 0 
0 11320962 4468774 2681247 4 10 2 4 1
0 494747704 148687468 32416406 7 231 0 7 111
cfn=(1946)
calls=1310 0 
0 162440 52400 27510
0 47102458 2585600 31122296 3 0 0 3
cob=(4)
cfi=(175)
cfn=(2024)
calls=1292800 0 
0 49126400 19392000 11635200 0 1
0 24563200 3878400 7756800 2 2 0 2

fn=(2006)
0 57301344 17508770 6366856 3 0 0 3
cfn=(1946)
calls=24 0 
0 2976 960 504
0 72 24

fn=(2028) std::string::push_back(char)
0 57265272 22269828 14316318 4 1 0 4

fn=(3032) std::ostream::operator<<(std::ostream& (*)(std::ostream&))
0 54 0 0 1 0 0 1
cfn=(3914)
calls=25 0 
0 7675 2400 1275 75 340 38 19 16
cfn=(3034)
calls=2 0 
0 3849 1385 686 71 92 2 38 17

fn=(3042)
0 14 2 0 4 0 0 2
cob=(4)
cfi=(175)
cfn=(3044) 0x00000000048f5b60
calls=2 0 
0 1257 421 210 34 46 2 11 7

fn=(3840) std::basic_ostream<char, std::char_traits<char> >& std::operator<< <char, std::char_traits<char> >(std::basic_ostream<char, std::char_traits<char> >&, std::_Setprecision)
0 189 81 27 2 0 0 1

fn=(4198) std::__detail::_Prime_rehash_policy::_M_next_bkt(unsigned long) const
0 4600 800 100 6 1 0 6 1

fn=(4778) std::basic_ostream<char, std::char_traits<char> >& std::operator<< <std::char_traits<char> >(std::basic_ostream<char, std::char_traits<char> >&, char)
0 14300 4400 4400 2 0 0 2
cob=(4)
cfi=(175)
cfn=(3036)
calls=1100 0 
0 73700 30800 15400 5 1 7
0 4400 3300 0 1

fn=(4842) std::ostreambuf_iterator<char, std::char_traits<char> > std::num_put<char, std::ostreambuf_iterator<char, std::char_traits<char> > >::_M_insert_int<long long>(std::ostreambuf_iterator<char, std::char_traits<char> >, std::ios_base&, char, long long) const
0 76 4 40 2 0 0 2
cfn=(2000)
calls=4 0 
0 120 52 24
0 116 4 24 2 0 0 2
cfn=(4844)
calls=4 0 
0 374 27 23 2 0 0 2
0 112 28 12 2 0 0 2
cfn=(1406)
calls=4 0 
0 753 192 96
0 112 40 4 3 0 0 3
cob=(4)
cfi=(175)
cfn=(4858)
calls=2 0 
0 202 42 36 1 0 0 1
0 14 6 2 1 0 0 1

ob=(2)
fl=(319) ./stdio-common/./stdio-common/_itoa.c
fn=(3268) _itoa_word
169 19 0 0 1 0 0 1
+3 76 0 0 1 0 0 1
+2 38
+9 1900 133 133 2 19 0 2 1
+9 38 19

fl=(83)
fn=(284)
31 2 0 0 1 0 0 1
fi=(84) ./string/../sysdeps/x86_64/multiarch/ifunc-avx2.h
+9 6 4
-2 8
fe=(83)
-7 4 2
fi=(84)
+10 4 2 0 1 0 0 1
+1 6 2
+3 4
+4 6
+3 10
fe=(83)

fl=(131)
fn=(406)
29 1
fi=(93) ./debug/../sysdeps/x86_64/multiarch/ifunc-memmove.h
+28 3 2
-1 2
+4 3 1
+14 2
+3 2 0 0 1 0 0 1
+8 2
+8 2
+3 5 1
fe=(131)

fl=(321) ./stdio-common/./stdio-common/Xprintf_buffer_done.c
fn=(3272) __printf_buffer_done
25 51 0 0 11 0 0 1
+1 153 51
+5 102 102 0 10 0 0 1
+2 612 51
+7 51 51

fl=(221) ./csu/../sysdeps/nptl/libc_start_call_main.h
fn=(1372) (below main)
29 4 0 2 1 0 0 1
+15 1
-15 5 1 3
+15 1 0 1 1 0 0 1
cfi=(222) ./setjmp/../sysdeps/x86_64/bsd-_setjmp.S
cfn=(1374) _setjmp
calls=1 -16 
* 38 8 11 4 1 0 4
* 1
+2 2
+5 2 1 1 0 1
+1 2 1 1 0 1
+3 2 0 1
+3 6 5 1 1 0 0 1
cob=(8)
cfi=(213)
cfn=(1380)
calls=1 -40 
* 2983937100 904159633 538542998 4106 2191023 372408 2457 1800 267740
+16 2 0 1 1 0 0 1
cfi=(375) ./stdlib/./stdlib/exit.c
cfn=(4962) exit
calls=1 +63 
* 9995 3211 1636 193 246 32 136 42 4

fl=(258) ./string/../sysdeps/x86_64/multiarch/strchr-avx2.S
fn=(3260) __strchrnul_avx2
53 102 0 0 3 0 0 1
+2 102
+1 102
+1 102
+1 102
+1 102
+3 102
+1 102 0 0 3 0 0 1
+4 102 102 0 0 38 0 0 2
+1 102
+1 102
+1 102
+1 102
+1 102
+1 102
+1 102
+13 102
+2 204 102

fn=(1842) __strchr_avx2
53 4 0 0 2 0 0 1
+2 4
+1 4
+1 4
+1 4
+1 4
+3 4
+1 4 0 0 2 0 0 1
+4 4 4 0 0 3 0 0 1
+1 4
+1 4
+1 4
+1 4
+1 4
+1 4
+1 4
+3 4 4
+8 4
+8 4
+1 8 4

fl=(287) ./libio/./libio/putc.c
fn=(3048) putc
25 18 0 8 4 0 0 2
+3 4 2
+2 2 1
+1 4 2
fi=(231) ./libio/./libio/libioP.h
979 2 1
+1 4 3 0 1 0 0 1
fe=(287)
34 6 5 0 0 1
-4 14 5 2 2 0 0 1
-1 4 2 0 1 0 0 1
fi=(231)
980 6 1 2 1 0 0 1
fe=(287)
31 3 0 1 1 0 0 1
cfi=(228) ./libio/./libio/genops.c
cfn=(3050) __overflow
calls=1 199 
* 218 55 35 6 7 2
* 1
+3 1 0 0 1 0 0 1
-5 2
+5 4 4
-5 1
cfi=(228)
cfn=(3050)
calls=1 199 
* 169 44 26 14 1 0 2

fl=(119)
fn=(366)
31 1 0 0 1 0 0 1
fi=(114) ./string/../sysdeps/x86_64/multiarch/ifunc-strcasecmp.h
+6 2 2 0 1 0 0 1
-1 4
fe=(119)
-5 2 1
fi=(114)
+7 3 1 0 1 0 0 1
+3 2
+4 3
+3 4
fe=(119)

fl=(301) ./misc/../sysdeps/unix/sysv/linux/getpagesize.c
fn=(3198) getpagesize
27 38 0 0 2 0 0 2
+1 152 76 0 10 48 0 2
+2 38 38

fl=(334) ./stdio-common/./stdio-common/printf_fp.c
fn=(3882) __printf_fp_buffer_1.isra.0
138 576 32 416 5 0 79 2 0 3
+21 32 32 0 2 0 0 1
+18 32 0 32
+10 32 0 32 0 0 26 0 0 1
-28 224 0 32
+62 64
1030 352 288
226 96 32 0 4 0 0 1
+4 224 96 0 34 52 0 2 1
+36 32 32 0 4 0 0 1
+5 32
-49 32 0 32
+44 128 0 0 3 0 0 1
+1 32
+1 64
+3 416 0 32 4 0 0 1
+1 32
-1 32
+1 96
-1 32
+1 64
-1 32 0 32
+1 256 0 32 3 0 25 1 0 1
+1 32
-1 64 0 32
+1 416 0 32 6 0 26 2 0 1
+6 32 0 32
-6 64 0 32
+7 64
+17 30
+4 120
-4 60
+16 60 0 0 2 0 0 1
+11 30 0 0 4 0 0 1
-41 30
+10 30
+31 30 30
-30 210 0 30 4 0 0 1
+33 123 82
+41 41 41
+1 41
-1 41 0 41
+1 123 41 0 0 14
fi=(338) ./stdio-common/../string/bits/string_fortified.h
29 41 0 41
cob=(4)
cfi=(175)
cfn=(3264) 0x0000000004c0f6b0
calls=41 -29 
* 533 164 82 2 53 0 0 2
fe=(334)
385 182 88
+18 13 13
-9 13
+2 26
-2 343
+2 686
-74 720 720 0 0 117 0 0 5
-4 360
+4 1470 30 0 2 26 0 1 1
-4 30
+4 120
+15 47 47 0 3 0 0 1
-13 94
+53 6 6
-2 36 12 6
cfi=(364) ./stdlib/./stdlib/mul.c
cfn=(4050) __mpn_mul
calls=6 48 
* 462 102 84 29 0 5 8
+5 12 12
+1 12
fi=(338)
29 68 68 0 4 0 0 1
fe=(334)
388 68 0 34
fi=(338)
29 34 0 34
cob=(4)
cfi=(175)
cfn=(3264)
calls=34 -29 
* 442 136 68
fe=(334)
389 102 102
+1 102
+1 34 0 0 4 0 0 1
+3 34
-4 34
-1 34
+1 34
+1 102
+5 68
+1 60 30 30
+6 60
+4 30 30
+4 30 30
-4 30 30 0 4 0 0 1
+4 90
-4 305 61 0 27 0 0 1
+6 58
665 32 32
+9 32 32
-9 32 32
+9 32 32
+6 32 32
-15 32 0 32
+9 64 32 0 4 0 0 1
+6 32 0 32
-6 64 32 32 0 26 0 0 1
+2 64
+10 64 32
+20 20 0 4
+1 4 4 0 1 0 0 1
-13 4 4
+13 8
+1 2
+13 4 1 2
+7 1 1
+3 2 1
-11 1 0 1
+11 1 0 1
-3 1
+3 2 1
-3 1 0 1
+10 1
-7 1 0 1
+7 2 1
-10 3 3
+3 6 3 0 1
-11 3 0 3
+11 3 0 3
-3 3
+3 6 3
-3 3 0 3
+10 3
-7 3 0 3
+7 62 31 0 1 0 0 1
+8 64 32 0 3 0 0 1
fi=(341) ./stdio-common/../sysdeps/pthread/allocalim.h
27 32
fe=(334)
746 32 0 32
fi=(341)
27 32 0 32
cfi=(340) ./nptl/./nptl/alloca_cutoff.c
cfn=(3892) __libc_alloca_cutoff
calls=32 * 
* 352 64 0 6 25 0 2 15
+2 64
fe=(334)
759 448 32 32 3 0 0 1
fi=(341)
29 32 0 32
fe=(334)
759 96 0 32 2 0 0 1
+4 32 32
-3 64 0 32
+3 66 1
+3 93 62 0 3 0 0 1
+7 186 93 0 4 0 0 1
+2 62 31
-4 31 0 31
+4 31 0 31
+14 62 31 31
-2 31
+1 155 31 62 2 0 0 1
+1 31
+1 62
-1 2 1 1
-2 1
+1 5 1 2
+1 1
+1 2
-1 46
+1 212 14
91 46 46
792 46
+2 46
91 104 6 0 2 0 0 1
+2 46 46
+2 92 92
-2 92
+8 74
+4 222 74 37 2 0 0 1
cfi=(342) ./stdlib/./stdlib/divrem.c
cfn=(3898) __mpn_divrem
calls=37 -59 
* 1651 397 364 1
+2 37 37
+4 37 37
-6 37
+2 111 74 37
+1 37 37
+2 74 37 37
+1 74
+1 2 0 1
-1 75 37 0 3 0 0 1
+7 36
+4 108 0 36
cfi=(343) ./stdlib/../sysdeps/x86_64/mul_1.S
cfn=(3900) __mpn_mul_1
calls=36 -91 
* 756 108 72
+1 72
+1 155 62 62 3 0 0 1
793 31 0 31
+1 62
-1 15 0 15
+1 30
+1 92 0 46
230 192 0 32 3 0 26 1 0 1
cfi=(336) ./stdlib/../sysdeps/ieee754/dbl-64/dbl2mpn.c
cfn=(3884) __mpn_extract_double
calls=32 33 
* 704 32 128 6 0 25 2 0 1
* 128
+4 32
382 18 0 6 2 0 0 1
91 30 6 6
796 21 7 0 2 0 0 1
95 9 0 0 2 0 0 1
+1 27
-1 18 9 9
+1 9 0 9
cfi=(343)
cfn=(3900)
calls=9 -65 
* 189 27 18
* 9 0 9
+31 27 9
790 6 4
+15 160 128 0 3 0 0 1
+1 96 0 64 3 0 0 1
cfn=(3896) hack_digit
calls=32 88 
* 3568 1005 614 1 0 0 1
+2 64 32
-2 32
+2 160
+2 30 10
+3 12 6
-4 7
fi=(344) ./stdio-common/../sysdeps/generic/get-rounding-mode.h
94 7 0 7
+1 28 7
-1 25 0 25 2 0 0 1
+1 196 25 0 3 0 0 1
fi=(345) ./stdio-common/../include/rounding-mode.h
-37 26
fe=(334)
935 13 13
-11 52 4 0 1
+7 36 0 0 2 0 0 1
+4 64 0 0 3 0 0 1
+45 160 96 0 3 0 0 1
+3 64 0 32 3 0 0 1
+8 64 32
-4 32 32
+4 32
+5 64
-9 128
+9 128 64 0 3 0 0 1
fi=(320) ./stdio-common/../include/printf_buffer.h
163 96 32
fe=(334)
999 128 64 0 3 0 0 1
+2 96
+5 64
fi=(320)
163 96 64 0 3 0 0 1
fe=(334)
1009 96 32
+13 128 32 32 3 0 0 1
cfi=(317) ./stdio-common/./stdio-common/Xprintf_buffer_write.c
cfn=(3262) __printf_buffer_write
calls=32 27 
* 1756 448 288 2
+2 96 64
+4 96 32 0 2 0 0 1
117 1 0 1 1 0 0 1
+1 2
483 4 0 0 1
655 3
+4 2 0 1
cfi=(267) ./stdlib/../sysdeps/x86_64/lshift.S
cfn=(2064) __mpn_lshift
calls=1 28 
* 16 2 1
* 1
+1 5 2 2
+1 2 0 1
385 141 94 47 3 0 0 1
cfi=(337) ./stdlib/./stdlib/cmp.c
cfn=(3886) __mpn_cmp
calls=47 31 
* 569 143 0 6 0 0 2
* 94
+3 68 34 0 2 0 0 1
fi=(345)
52 104 0 0 2 0 0 1
fe=(334)
835 19 19
-5 38
+5 84 4 0 2 0 0 1
+2 2 0 2
-2 10 2
+3 4
+2 72 24 0 2 0 0 1
+1 15 0 5
+1 38 19
+2 34 0 17
+80 51 34
-69 34 17
+69 6 4
-69 4 2
+80 17 17
-11 48
766 93 31 0 3 0 0 1
+92 6 4 0 1 0 0 1
+3 18 6 0 1 0 0 1
+3 6 2
+2 2 0 2
+69 4 2
688 56 0 28 26 0 0 1
+1 56
+3 84 28 0 3 0 0 1
+2 28 28
+2 56 0 28
+42 56
-31 6 3 0 3 0 0 1
+15 3 3
-1 6 0 3
+1 12 0 3
994 128 32 32 4 0 0 1
+2 64
308 30 0 0 4 0 0 1
-2 30
+2 30
-3 30
+3 120
-3 60 0 30 0 0 1
cfi=(267)
cfn=(2064)
calls=30 28 
* 480 60 30 7
+4 60 60 0 3 0 0 1
-4 30
+4 210 0 30
+1 60
+1 212 92 60 3 0 0 1
766 93
+3 62 0 31 0 0 24 0 0 1
cfn=(3896)
calls=31 88 
* 3600 1014 626 25 0 48 10 0 2
* 82 0 41
cfn=(3896)
calls=41 88 
* 4801 1361 835
* 72 0 72
-3 247
+8 18 8 0 1 0 0 1
+7 1 1
+2 1 1 0 1 0 0 1
669 2 0 1
782 1 0 1
-1 1 0 1
+2 3 0 1
+27 12 8 0 1 0 0 1
+3 2 1
407 1 0 0 1 0 0 1
+6 2
+86 3 0 1 1 0 0 1
cfi=(267)
cfn=(2064)
calls=1 28 
* 16 2 1
+1 5 2 2
+1 2
+3 1 1 0 1 0 0 1
-8 1
+7 1 0 1
+1 1
-18 1 0 1
+18 2 0 1
+2 1
623 12
-2 12
+2 46
509 12 0 0 1 0 0 1
+2 24 12
647 3 1 1 1 0 0 1
1003 64 0 0 2 0 0 1
625 2 0 0 1 0 0 1
+4 5 3 1
cfi=(343)
cfn=(3900)
calls=1 31 
* 33 4 3
+1 1 1
+1 1 1
-1 1 0 1
+1 2
+3 1 1 0 1 0 0 1
-1 1
+1 1
-1 1 1
+3 1 1
-2 4
+9 1 1 0 1 0 0 1
+1 1 0 1
-1 1 0 1
+2 2 1
439 58 29 0 3 0 0 1
+3 237
+16 87 0 29 3 0 0 1
+2 29
-2 29 0 29
cfi=(339) ./stdlib/../sysdeps/x86_64/rshift.S
cfn=(3890) __mpn_rshift
calls=29 28 
* 522 87 58 9 0 0 3
+3 58 58
-1 29
+1 29 29
-1 29 0 29
+1 87 0 29
cfi=(339)
cfn=(3890)
calls=29 28 
* 522 87 58
+2 180 87 0 3 0 0 1
+14 60 0 30
-4 1
-21 2
+19 1
-1 3 0 1 1 0 0 1
+1 1
-1 3 0 1
cfi=(339)
cfn=(3890)
calls=1 28 
* 18 3 2
+4 3 3
-1 1 0 1
+1 3 0 1
cfi=(339)
cfn=(3890)
calls=1 28 
* 18 3 2
+3 1 1
+1 5 2
-1 3
845 2 2 0 1 0 0 1
+10 2 2
-10 2
430 1 1 0 1 0 0 1
+4 1
-5 1 0 0 1 0 0 1
+5 6
694 224 28 140 4 0 0 2
-52 1 0 1
cfi=(339)
cfn=(3890)
calls=1 28 
* 18 3 2
+3 2 1
834 34 0 0 3 0 0 1

fn=(3896)
88 416 0 312
+3 104 104
-3 104
+3 210 1
+2 104 104 0 3 0 0 1
+2 208 208
-2 208
+8 202
+21 285 0 95
cfi=(343)
cfn=(3900)
calls=95 -91 
* 1995 285 190 4 0 0 3
+1 190
+1 370 148 148
+4 475 380
-23 606 202 101 3 0 0 1
cfi=(342)
cfn=(3898)
calls=101 -59 
* 4625 1097 1002 12 0 48 4 0 2
+2 101 101
-2 101
+2 303 202 101 3 0 0 1
+3 101 101
-2 101 101
+2 101 0 101
+1 404 101
+1 12 0 6
-1 208 101
+11 95 95
-4 190
-23 3
+1 9
-1 3 3
+1 3 0 3
cfi=(343)
cfn=(3900)
calls=3 -65 
* 63 9 6
+31 3
-31 3 0 3
+32 15 12
-37 6 1 1 1 0 0 1
+27 6
-1 6 0 6
+11 30 24

fn=(3878) __printf_fp_l_buffer
1099 384 0 224 28 0 27 1 0 1
+3 32 32
-3 224 32 64 6 0 1 1
+3 64
+13 64 0 32 7 0 0 1
+2 32
-2 32 0 32
cob=(4)
cfi=(175)
cfn=(820) 0x0000000004c0f500
calls=32 0 
* 512 96 0 5 52 0 0 1
* 64 32 32
+1 160 64 0 0 26
+31 352 288 0 4 0 0 1
-30 64 0 0 2 0 0 1
fi=(335) ./stdio-common/../include/../locale/localeinfo.h
331 64 64 0 3 52 0 1
fe=(334)
1111 32 0 32 0 0 25 0 0 1
fi=(335)
331 32 32 0 0 26
fe=(334)
1112 64 0 32 0 0 1
+10 224 96 32 2 0 0 1
cfn=(3882)
calls=32 138 
* 43218 10147 6063 390 313 285 117 25 11
+4 32

fl=(112)
fn=(352)
67 1 0 0 1 0 0 1
-23 2 2 0 1 0 0 1
-1 4
+24 2 1
-22 3 1 0 1 0 0 1
+3 2
+4 3
+3 4

fl=(121)
fn=(374)
29 3 0 0 2 0 0 1
fi=(122) ./string/../sysdeps/x86_64/multiarch/ifunc-memcmp.h
+5 15 6 0 2 2 0 1
+1 6 3 0 0 2
+1 6
+1 9 3
+3 6
+4 9
+3 12 0 0 2 0 0 1
fe=(121)
-18 6 3

fl=(375)
fn=(4962)
137 2 0 1 1 0 0 1
+1 3
-1 1
+1 1 0 1
cfn=(4964) __run_exit_handlers
calls=1 38 
* 9988 3211 1634 192 246 32 135 42 4

fn=(4964)
38 12 0 8 1 0 0 1
+2 2
+3 5 0 1 1 0 1 1
+11 2 2 0 0 1
+2 2
+38 2
-30 39 13 0 0 1
+2 12
+1 12 12
-1 12 0 12 1 0 0 1
+3 106 12 0 0 1
+44 3 1 0 1 0 0 1
+13 1 0 0 1 0 0 1
-66 1 0 1 0 0 1
+66 3 1 1
+2 2 1
+3 2 0 1
cfi=(382) ./posix/../sysdeps/unix/sysv/linux/_exit.c
cfn=(5152) _Exit
calls=1 27 
* 6 1 0 1 0 0 1
-29 1 1 0 1 0 0 1
+1 1 1 0 0 1
-2 1 0 1
+3 1
+3 1
-3 2 1
+3 3 1 1
+1 3 0 1
cob=(1)
cfi=(376)
cfn=(4966)
calls=1 -82 
* 8733 2846 1398 138 227 27 97 41 4
+1 4 0 1 1 0 0 1
+10 3 2 1 1 0 0 1
+1 2
-79 1 0 1 1 0 0 1
cfi=(356) ./stdlib/./stdlib/cxa_thread_atexit_impl.c
cfn=(4022) __call_tls_dtors
calls=1 148 
* 499 152 100 16 8 3
* 1
+88 1 0 1
cfi=(228)
cfn=(5142) _IO_cleanup
calls=1 842 
* 506 164 105 28 7 0 28 1
* 1

fl=(355) ./nptl/./nptl/lowlevellock.c
fn=(3990) __lll_lock_wait
41 3 0 0 1 0 0 1
+1 3 3
-1 3
+1 6
+3 20 5 5 0 2
+3 3
fi=(191) ./nptl/../sysdeps/nptl/futex-internal.h
+98 24
-59 3 3 0 1 3 0 1 1
fe=(355)

fn=(3992) __lll_lock_wake
63 5 0 0 1 0 0 1
+1 25
+1 5 5 0 0 1

fl=(92)
fn=(304)
29 1 0 0 1 0 0 1
fi=(93)
+28 3 2 0 1 0 0 1
-1 2
+4 3 1
+14 2
+3 2
+8 2
+8 2 0 0 1 0 0 1
+3 5 1 0 2 0 0 2
fe=(92)

fl=(337)
fn=(3886)
31 47 0 0 3 0 0 1
+4 98
+2 48 48 0 3 0 0 1
+1 48 48
+1 96
+8 230 46
-5 1
+6 1 1

fl=(339)
fn=(3890)
28 61 0 0 3 0 0 1
+1 61
+1 61
+1 61
+13 61
+1 61 0 0 3 0 0 1
+16 61
+1 61 61
+1 61 61
+1 61
+1 61
+1 61
+1 61
+5 61 0 0 3 0 0 1
+1 61 0 61
+1 61
+1 61 0 61
+1 61 61

fl=(300) ./nptl/./nptl/allocatestack.c
fn=(3250) name_stack_maps
587 228 0 152 1 0 22 1 0 19
+2 38 38 0 0 13
+4 38 38
-4 152 76 38 2 3 0 1
+4 38
+2 76
+5 19 19
+1 19
-2 19 19 0 0 10
+2 38
-1 19
+3 57 0 19 0 0 19 0 0 19
cfi=(314) ./stdio-common/./stdio-common/snprintf.c
cfn=(3252) snprintf
calls=19 26 
* 10982 2166 1862 120 152 209 50 6 209
* 76 0 19
cfi=(261) ./misc/../sysdeps/unix/sysv/linux/setvmaname.c
cfn=(1890) __set_vma_name
calls=19 33 
* 399 171 95 1 10 19 0 0 19
+2 171 133
-2 57 0 0 2 0 0 1
-7 57 38 0 1
+9 19
-9 57
+9 76 76
-9 19
cfi=(261)
cfn=(1890)
calls=19 33 
* 399 171 95 0 13

fl=(229) ./libio/./libio/filedoalloc.c
fn=(1420) _IO_file_doallocate
78 11 1 5 2 0 0 2
+6 4 2 0 0 1
fi=(231)
1025 3
+1 2
fe=(229)
84 3 1 1 1 1 0 1
cfi=(227) ./libio/./libio/fileops.c
cfn=(1422) _IO_file_stat
calls=1 1147 
* 9 2 0 3 0 0 3
* 2
+2 4 1
+11 4 1
+4 2 0 1
cob=(4)
cfi=(175)
cfn=(1426) 0x0000000004c0f3f0
calls=1 0 
* 179 37 18 1 1 1 1 0 1
* 1
+1 2
+2 4 0 1 1 0 0 1
cfi=(228)
cfn=(1428) _IO_setb
calls=1 329 
* 29 8 8 2 0 0 2
+1 1
+1 9 7
-15 1 1 0 1 0 0 1
fi=(397) ./libio/../include/sys/sysmacros.h
-44 6
fe=(229)
+44 1
-2 2 0 0 1 0 0 1
+5 2 0 1

fl=(103)
fn=(330)
65 1 0 0 1 0 0 1
-22 2 2
+1 1 1
-2 4
+2 2 0 0 1 0 0 1
+3 2
+4 3
+3 3
+11 1 1

fl=(104)
fn=(332)
29 1
fi=(105) ./debug/../sysdeps/x86_64/multiarch/ifunc-memset.h
+25 5 2
+3 3 1
+7 2 0 0 1 0 0 1
+9 2
+2 2
+10 2
+8 2
+3 5 1
fe=(104)

fl=(132)
fn=(410)
33 1 0 0 1 0 0 1
fi=(118) ./string/../sysdeps/x86_64/multiarch/ifunc-strcpy.h
+5 2 2
+1 1 1
-1 2
+1 2
+3 2
+4 3
+3 3
fe=(132)
-16 1 1

fl=(365) ./nptl/./nptl/nptl_free_tcb.c
fn=(4056) __nptl_free_tcb
25 19
+2 38 19 19 0 18 0 0 1
-2 95 0 38 1 0 0 1
+6 57 19 0 0 18 0 0 1
+11 19
+2 38 38
-2 19
cfi=(307) ./nptl/./nptl/nptl-stack.c
cfn=(4058) __nptl_deallocate_stack
calls=19 +70 
* 7111 2384 1228 13 118 25 11 1 3

fl=(378) ./stdlib/./stdlib/cxa_finalize.c
fn=(4978) __cxa_finalize
30 10 0 5 1 0 0 1
+3 10
-3 40 0 25
+3 25 0 5
+3 20 5 0 1 0 0 1
+4 162 5
+1 132 66 0 1 4 0 1
+2 11 11
+2 11 11
+36 11
-5 11 0 11
-33 11 0 11
+35 33 22
+3 33 11 11
+1 33 0 11
cob=(7)
cfi=(185)
cfn=(5050)
calls=1 -82 
* 5614 1943 902 40 122 1 24 22
cob=(7)
cfi=(185)
cfn=(5048)
calls=1 -82 
* 8 2 1 1 0 0 1
cob=(7)
cfi=(185)
cfn=(5040)
calls=1 -82 
* 779 255 132 10 32 12 4 2
cob=(7)
cfi=(185)
cfn=(5038)
calls=1 -82 
* 2 1 0 1 0 0 1
cob=(7)
cfi=(185)
cfn=(5036)
calls=1 -82 
* 2 1 0 1 0 0 1
cob=(7)
cfi=(185)
cfn=(5034)
calls=1 -82 
* 2 1 0 1 0 0 1
cob=(7)
cfi=(185)
cfn=(5032)
calls=1 -82 
* 2 1 0 1 0 0 1
cob=(7)
cfi=(185)
cfn=(5030)
calls=1 -82 
* 2 1
cob=(7)
cfi=(185)
cfn=(5028)
calls=1 -82 
* 2 1
cob=(7)
cfi=(185)
cfn=(5026)
calls=1 -82 
* 2 1 0 1 0 0 1
cob=(7)
cfi=(185)
cfn=(5022)
calls=1 -82 
* 5 2 0 1 1 0 1 1
+1 44 0 11
+4 33 22
-47 34
-4 15 5 0 1 0 0 1
+57 20 5 0 1 1 0 1
+4 30 5 0 0 1 0 0 1
-4 15 5 0 1 0 0 1
+12 10 0 5
cfi=(379) ./posix/./posix/register-atfork.c
cfn=(4980) __unregister_atfork
calls=5 -23 
* 100 25 20 3 1 1 3 1 1
+1 20 5 5
+1 40 35

fl=(123)
fn=(378)
31 2 0 0 1 0 0 1
fi=(124) ./wcsmbs/../sysdeps/x86_64/multiarch/ifunc-wmemset.h
+5 10 4
+1 6 2 0 1 0 0 1
fe=(123)
-6 2 2

fl=(222)
fn=(1374)
28 20 0 0 2 0 0 2
+2 20
+2 20
cfi=(223) ./setjmp/../sysdeps/x86_64/setjmp.S
cfn=(1376) __sigsetjmp
calls=20 -1 
* 700 160 220 6 11 19 4 0 19

fl=(86)
fn=(290)
79 1 0 0 1 0 0 1
-31 2 2
+1 1 1
-2 4 0 0 1 0 0 1
+2 2
+3 2
+4 3 0 0 1 0 0 1
+3 3
+20 1 1

fl=(346) ./nptl/./nptl/cancellation.c
fn=(3916) __pthread_enable_asynccancel
31 75
+1 75 75
+1 150 75 0 0 2
+4 150
+2 150
+3 300 0 75
fi=(347) ./nptl/../nptl/descr.h
439 150 0 0 3 0 0 1
fe=(346)
45 150
+11 150 75

fn=(3942) __pthread_disable_asynccancel
63 75 0 0 2 0 0 1
+3 225 75
+5 225 150 0 0 94 0 0 29
+3 75
+2 75
-2 75
+2 150 0 75 2 0 0 1
+7 225

fl=(120)
fn=(370)
31 1 0 0 1 0 0 1
fi=(84)
+9 3 2
-2 4
fe=(120)
-7 2 1
fi=(84)
+10 2 1 0 1 0 0 1
+1 3 1
+3 2
+4 3
+3 5
fe=(120)

fl=(271) ./libio/./libio/iofclose.c
fn=(2118) fclose@@GLIBC_2.2.5
34 32 0 16 2 0 0 1
+14 12 4
+9 4 4 0 2 0 0 1
fi=(231)
1025 12
+1 8
fe=(271)
57 12 4 4 0 3
cfi=(227)
cfn=(2134) _IO_file_finish@@GLIBC_2.2.5
calls=4 168 
* 136 44 20 8 0 0 4
+1 12 4
+13 8 4
fi=(231)
951 16 8 0 2 5 0 1
+1 16 4 0 0 3
+6 8 0 4
cob=(4)
cfi=(175)
cfn=(2138) 0x0000000004c0f3e0
calls=4 0 
* 348 104 56 0 9
fe=(271)
76 28 20
-27 4 0 4 2 0 0 1
cfi=(228)
cfn=(2120) _IO_un_link
calls=4 +4 
* 434 127 100 24 10 0 13
+2 40 21 2 1
+1 9 1 0 1 0 0 1
+1 8 0 4
cfi=(227)
cfn=(2124) _IO_file_close_it@@GLIBC_2.2.5
calls=4 +75 
* 448 112 96 22 7 0 12
fi=(231)
979 4 4
fe=(271)
53 4
fi=(231)
979 12
+1 31 12 6 1
fe=(271)
51 15 0 6 1 0 0 1
fi=(231)
980 6 1 2 1 0 0 1
fe=(271)

fl=(309) ./misc/../sysdeps/unix/sysv/linux/clone-internal.c
fn=(3226) __clone_internal
97 228 0 114 2 0 0 2
+2 38 38 0 0 14
-19 57 19 0 0 9
+2 4 0 1
cfi=(310) ./misc/../sysdeps/unix/sysv/linux/x86_64/clone3.S
cfn=(3228) clone3
calls=1 -40 
* 16 2 1 2 0 0 2
+1 4 1 0 1 0 0 1
+3 1 0 1
+20 1 0 1
-42 1
-11 1 1
+11 1
-2 1 1
-9 1 1
+11 2
-2 1 1 0 1 0 0 1
+2 4 3 2
cfi=(311) ./misc/../sysdeps/unix/sysv/linux/x86_64/clone.S
cfn=(3230) clone
calls=1 -12 
* 19 2 2 2 0 1 2 0 1
+42 18 0 18
-42 18
-11 18 18
+11 18
-2 18 18
-9 18 18
+11 36
-2 18 18
+2 72 54 36
cfi=(311)
cfn=(3230)
calls=18 -12 
* 342 36 36 0 9 18 0 0 18
+45 38 38
+1 152 133 0 0 9

fl=(358) ./malloc/./malloc/thread-freeres.c
fn=(4026) __libc_thread_freeres
31 57 0 19 1 0 0 1
+2 19 0 19
cfi=(359) ./sunrpc/./sunrpc/rpc_thread.c
cfn=(4028) __rpc_thread_destroy
calls=19 -12 
* 247 114 57 3 18 0 3 2
+2 19 0 19
cfi=(360) ./resolv/./resolv/res-close.c
cfn=(4030) __res_thread_freeres
calls=19 +96 
* 779 323 228 5 34 0 5 19
+1 19 0 19
cfi=(362) ./string/../sysdeps/unix/sysv/linux/tls-internal.c
cfn=(4034) __glibc_tls_internal_free
calls=19 -12 
* 456 171 57 4 35 0 2 15
+1 19 0 19
cfi=(363) ./dlfcn/./dlfcn/libc_dlerror_result.c
cfn=(4036) __libc_dlerror_result_free
calls=19 -8 
* 228 95 38 2 15 0 2
+5 19 19
-1 19 0 0 1 0 0 1
cfi=(205) ./malloc/./malloc/arena.c
cfn=(4038) __malloc_arena_thread_freeres
calls=19 893 
* 68475 19031 9324 19 429 52 19 292 24

fl=(266) ./stdlib/./stdlib/strtod_l.c
fn=(2062) str_to_mpn.isra.0
365 9948980 994898 6964286 1 0 0 1
+13 994898 0 994898
+1 5969388 0 0 1 0 0 1
-4 994898
-1 1989796
+52 1755432
+1 3510864
-14 7021728 1755432
+13 3510864
+3 3510864
-47 3510864 0 0 1 0 0 1
+49 3979592 1989796 0 1 0 0 1
+7 2984694 994898 0 0 2 0 0 1
+2 2984694 994898 0 1 0 0 1
+2 994898 0 994898
+1 994898 0 994898
+15 8954082 6964286

fn=(2066) round_and_return
215 15918368 994898 6964286 1 0 0 1
fi=(268) ./stdlib/../sysdeps/generic/get-rounding-mode.h
94 994898 0 994898 1 0 0 1
+1 8954082 994898
fe=(266)
218 1989796
355 2984694 1989796 0 1 0 0 1
+1 994898
-1 1989796
+1 5969388 5969388
-1 994898
cfi=(270) ./stdlib/../sysdeps/ieee754/flt-32/mpn2flt.c
cfn=(2072) __mpn_construct_float
calls=994898 29 
* 10943878 1989796 0 1 0 0 1
-42 1989796 0 0 1 0 0 1
-80 994898 994898
+83 994898 994898 994898
-90 994898
+90 994898 0 0 1 0 0 1
+4 1989796
-1 6964286
fi=(269) ./stdlib/../include/rounding-mode.h
46 4974490 0 0 1 0 0 1
fe=(266)
350 1989796 0 0 1 0 0 1
fi=(269)
52 1989796 0 0 1 0 0 1
fe=(266)
355 2984694 0 0 1 0 0 1

fn=(2052) ____strtof_l_internal
508 2585600 0 1292800 1 0 0 1
+45 1292800
-45 12928000 0 9049600
+53 3878400 2585600 1292800 0 2
+26 1292800 0 1292800 1 0 0 1
-24 2585600
+32 2585600 1292800 1292800 0 2
+1 2585600 0 1292800
cob=(4)
cfi=(175)
cfn=(820)
calls=1292800 0 
* 20684800 3878400 0 1 4 0 0 1
+1 2585600 1292800
-1 1292800 0 1292800
+1 1292800
+14 1292800 1292800 0 1 0 0 1
-4 1292800
-6 1292800 0 1292800
+10 2585600 1292800 0 0 2
-1 5171200 1292800
+1 2585600 1292800
+3 2585600
-12 1292800 0 1292800
+17 2585600 0 0 1 0 0 1
+13 7756800 1292800
+1 2585600 1292800
+8 3878400 0 0 1 0 0 1
+91 2585600 2585600
-43 2585600
+19 994898 0 994898
514 994898 0 994898
708 4575396 1292800
+67 9144696 0 0 1 0 0 1
+1 2585600 1292800
+12 2585600
+16 5171200 1292800
+42 2585600
+9 10342400 1292800 0 1 0 0 1
+1 2585600 1292800
980 2585600 0 0 1 0 0 1
+33 2585600
+2 2585600 1292800
877 2585600
1017 1292800
-2 2585600 1292800
+2 6464000
-2 14220800 6464000
+3 1292800
+2 3878400
+3 7160996 0 0 1 0 0 1
+19 2984694 994898
+1 994898 0 994898
+5 1989796
685 297902 0 0 1 0 0 1
1770 14220800 11635200
779 3510864 0 0 1 0 0 1
+22 3510864 1755432
-26 1755432
-36 2085314 297902 0 1 0 0 1
+1 595804 297902
-7 893706 0 297902 1 0 0 1
862 3878400 2585600 0 1 0 0 1
+1 1292800 1292800
+1 1292800
1175 9948980 0 0 1 0 0 1
+2 994898
-1 994898
+1 1989796 0 994898
+3 3979592 0 0 2 0 0 1
+12 1989796
+3 1989796
1042 893706 297902 0 1 0 0 1
+1 297902 0 297902
+2 595804
765 1489510 595804 0 0 2 0 0 1
-76 893706 595804 0 1 2 0 1 1
514 297902 0 297902
708 893706
514 595804
710 595804 297902
-1 893706 0 297902 1 0 0 1
+24 893706
-1 297902
+2 297902 297902
-2 297902 297902
+2 1489510
882 6464000 1292800 0 1 0 0 1
1081 1989796 994898 0 1 0 0 1
-9 1989796 994898
739 1191608 297902 0 1 0 0 1
+8 595804 297902 0 1 0 0 1
1198 12933674 1989796 5969388 2 0 0 2
cfn=(2062)
calls=994898 365 
* 63611434 13694208 9948980 5 2 0 5 1
+6 994898 994898
+20 994898 994898
-26 994898 0 994898
+6 4974490 2984694 0 1 0 0 1
+44 994898 0 0 1 0 0 1
+1 994898
-1 994898 994898 0 1 0 0 1
+1 994898
-1 994898
+1 1989796 0 994898
+4 1989796
+6 1989796
+32 1989796
+3 994898
+4 1989796 0 0 1 0 0 1
-4 994898
+4 1989796
-4 4974490
+2 994898
+2 994898
-2 1989796
+10 4974490 994898 994898 1 0 0 1
cfi=(267)
cfn=(2064)
calls=994898 28 
* 15918368 1989796 994898 2 0 0 2
+4 1989796
+15 6964286 994898 994898
cfn=(2066)
calls=994898 215 
* 78596942 13928572 8954082 10 0 0 10
* 994898
864 2585600 0 0 1 0 0 1
+1 2585600
+9 2585600
+6 3878400 3878400 0 0 2 0 0 1
+1 2585600
-16 6464000
+3 17301012 0 0 1 0 0 1
+1 1787412
-1 1787412
+1 7149648 0 0 1 0 0 1
+2 1787412 1787412
-6 1787412
-1 1787412
+1 3574824
+6 5969388 5969388
-6 5969388
-1 5969388
+1 14524376
+5 2585600

fn=(2050) strtof_l
1782 2585600 0 0 1 0 0 1
+1 2585600
cfn=(2052)
calls=1292800 508 
* 583083890 111223706 54410140 52 18 0 50 5

fl=(314)
fn=(3252)
26 228 19 95 3 0 38 3 0 38
+4 19
+1 38
-1 95 0 76 1 0 0 1
+1 19 0 19
cfi=(315) ./libio/./libio/vsnprintf.c
cfn=(3254) __vsnprintf_internal
calls=19 +62 
* 10488 2071 1672 116 152 171 46 6 171
+4 95 76

fl=(106)
fn=(336)
28 1
fi=(84)
+12 3 2
-2 4
fe=(106)
-10 2 1
fi=(84)
+13 2 1 0 1 0 0 1
+1 3 1
+3 2
+4 3
+3 5
fe=(106)

fl=(133)
fn=(414)
29 2 0 0 1 0 0 1
fi=(99) ./string/../sysdeps/x86_64/multiarch/ifunc-memmove.h
+28 6 4
-1 4
+4 6 2
+14 4
+3 4
+8 4
+8 4 0 0 1 0 0 1
+3 10 2 0 2 0 0 2
fe=(133)

fl=(272) ./io/../sysdeps/unix/sysv/linux/close_nocancel.c
fn=(2130) __close_nocancel
25 6 0 0 2 0 0 2
+1 24 0 0 2 0 0 2
+1 6 6

fl=(313) ./nptl/./nptl/pthread_attr_destroy.c
fn=(3234) pthread_attr_destroy
26 19 0 0 1 0 0 1
+10 57 19
+8 38 19 0 1 0 0 1

fl=(188) ./nptl/./nptl/pthread_once.c
fn=(694) pthread_once@@GLIBC_2.34
136 1292886 0 0 3 0 0 1
+3 1292886 1292886 0 0 30 0 0 1
+1 2585772
+4 2585768 1292884
-1 2
cfn=(696) __pthread_once_slow
calls=2 -75 
* 2009 640 323 31 24 4 22 8

fn=(696)
68 22 2 10 4 0 1 2
+8 2 2
+4 4
+52 20 14
-44 4 2 0 0 2 0 0 1
+4 4 0 2
+9 4 0 0 2 0 0 1
+13 26 0 14 4 0 1 2
cfi=(189) ./nptl/./nptl/cleanup_compat.c
cfn=(698) _pthread_cleanup_push@@GLIBC_2.34
calls=2 -89 
* 14 4 8 4 1 0 2
+2 2 0 2
cob=(7)
cfi=(185)
cfn=(662)
calls=1 0 
* 12 5 3 1 0 0 1
cob=(7)
cfi=(185)
cfn=(700)
calls=1 0 
* 1859 607 278 12 21 2 12 7
+2 6 0 2
cfi=(189)
cfn=(716) _pthread_cleanup_pop@@GLIBC_2.34
calls=2 -78 
* 12 4 2 2 0 0 1
fi=(191)
+91 6
fe=(188)
-85 2 0 2
fi=(191)
+85 10 0 0 2 0 0 1
fe=(188)

fl=(307)
fn=(3218) __nptl_stack_list_add
43 19 0 0 1 0 0 1
+1 76 19 19
fi=(398) ./nptl/../include/list.h
-1 95 19 19 0 0 19 0 0 19
+2 19 0 19 9 0 8 1
+2 19 0 19
fe=(307)
+5 19 0 19
+1 19 19

fn=(4062) __nptl_free_stacks
58 150 0 90 1
+7 90 45 0 1 1 0 1
+5 45 15
-41 15 0 15
fi=(398)
+26 45 30 15
+1 15 0 15
fe=(307)
+23 15
-3 15 15 0 1 0 0 1
-7 15
+7 15 15 0 0 2
-39 15 0 15
+39 15 0 15
+3 15 0 15
cob=(4)
cfi=(175)
cfn=(4064) 0x0000000004c0f550
calls=15 -79 
* 5465 1852 714 5 112 3 4 1
+4 45 30 15
cfi=(303) ./misc/../sysdeps/unix/syscall-template.S
cfn=(3348) munmap
calls=15 +34 
* 90 15
* 30
+4 30 15
+4 120 105

fn=(4058)
112 38 0 19 1 0 0 1
+1 38
-1 76 0 38
+1 57 19 19 1 3 3 1
+4 19
-88 19 0 19
fi=(398)
+26 57 38 19
+1 19 0 19 0 0 17 0 0 3
fe=(307)
+67 19 19
-86 19 0 19 1 0 0 1
+86 19
-79 57 0 19
fi=(398)
-1 19 19
+1 38 0 19
-1 19 0 19
+2 19 0 19 0 0 2
+2 19 0 19 1 0 0 1
fe=(307)
+58 19 19
-1 19 19
-52 19 0 19
+52 38 19 19
+1 38
+24 76 19 19
+1 76 76
-23 15 0 15 1 0 0 1
cfn=(4062)
calls=15 -49 
* 6245 2137 909 8 115 3 6 1
* 15

fl=(343)
fn=(3900)
31 150 0 0 3 0 0 1
+1 150 0 150
+3 150
+1 150 150
+1 150
+1 150 0 0 4 0 0 1
+1 150
+2 150
+1 150
+2 150
+1 150
+1 150
+1 150
+1 143
+2 143
+1 143
+1 143 0 143
+1 143
+26 7 0 0 3 0 0 1
+1 7
+1 7
+1 7
+1 7
+1 7 0 0 3 0 0 1
+1 7 7
+1 7
+1 7
+26 7 0 0 3 0 0 1
+1 7
+1 7
+2 7 0 7
+1 7
+1 7
+1 7 0 7 2
+1 7
+1 7
+2 7 7
+3 7 7
-5 143 0 0 1 0 0 1
+2 143 143
+3 143 143

fl=(189)
fn=(698)
25 21 0 0 4 0 0 1
+3 21 0 21
+1 21 0 21
+1 42 21 21 3 2 0 1
+2 21 0 21
+1 21 21

fn=(716)
40 21 0 0 1
+3 42 21 21 0 3 3
+4 42
+2 21 21 0 3 0 0 1

fl=(270)
fn=(2072)
29 994898 0 0 1 0 0 1
+6 994898 994898
-2 994898
+2 4974490
+5 994898
+1 1989796 994898

fl=(348) ./nptl/./nptl/pthread_join.c
fn=(3934) pthread_join@@GLIBC_2.34
23 19 0 0 1 0 0 1
+1 76 0 0 1 0 0 1
cfi=(349) ./nptl/./nptl/pthread_join_common.c
cfn=(3936) __pthread_clockjoin_ex
calls=19 +15 
* 9245 2910 1666 34 197 32 23 4 3

fl=(174) ./nptl/./nptl/pthread_mutex_conf.c
fn=(562) __pthread_tunables_init
55 2 0 1 1 0 0 1
+1 2
-1 2 0 1
+1 2
-1 4 1 1
+1 1 0 1 1 0 0 1
cob=(4)
cfi=(175)
cfn=(564) 0x0000000004c0f720
calls=1 -56 
* 26 5 1 1 3 0 1 1
+2 4 0 1
cob=(4)
cfi=(175)
cfn=(564)
calls=1 -58 
* 25 5 1 0 2 0 0 1
+2 4 0 1
cob=(4)
cfi=(175)
cfn=(564)
calls=1 -60 
* 26 5 1 0 1
+2 6 5 0 1 0 0 1

fl=(208) ./misc/./misc/sbrk.c
fn=(1156) sbrk
37 384 0 192 3 0 1 1
+3 48 48 0 0 46
+3 48 48 0 3 46 0 1
-3 48 48 0 0 46
+3 48
+35 7 5
-20 96
+4 96
+4 188 0 0 2 0 0 1
+8 47 0 47 2
cfi=(209) ./misc/../sysdeps/unix/sysv/linux/brk.c
cfn=(1158) brk
calls=47 -38 
* 423 94 47 2
* 94
+4 329 235
-19 2 0 1 1 0 0 1
cfi=(209)
cfn=(1158)
calls=1 -23 
* 9 2 1 1 0 0 1
* 2
+4 2 1

fl=(303)
fn=(3202) mprotect
117 185 0 0 1 0 0 1
+5 37 37

fn=(3348)
117 180 0 0 6 0 0 2
+5 36 36

fn=(4048) madvise
117 95 0 0 1 0 0 1
+5 19 19 0 0 3

fl=(228)
fn=(1418) _IO_doallocbuf
343 1 0 0 1 0 0 1
+1 2 1
-1 7 0 4
+3 3 1
+1 1 1 0 1 0 0 1
fi=(231)
1025 3
+1 2
fe=(228)
347 2 1 1 0 1
cfi=(229)
cfn=(1420)
calls=1 78 
* 281 61 35 12 3 1 12 0 1
* 2
+3 6 5 0 1 0 0 1

fn=(1820) _IO_no_init
563 44 0 20 2 0 0 1
+1 4 0 4
cfn=(1822) _IO_old_init
calls=4 -33 
* 100 12 48 4 2 4 2 1 2
+1 4 0 4 2 0 2 1 0 1
+1 8
+2 4 0 4
+4 4
+7 4 0 4 0 0 4 0 0 1
+2 4 0 4
-9 20 0 20
+15 4 0 4 2 0 0 1
+1 24 24

fn=(5144) _IO_flush_all
686 5 0 3 1 0 0 1
+5 1
-5 1 0 1
+5 1
-5 6 1 3
+5 4 0 3 1 0 0 1
cfi=(255) ./nptl/./nptl/libc-cleanup.c
cfn=(1828) __libc_cleanup_push_defer
calls=1 24 
* 13 4 3 0 1
+1 12 3 2 1 1 0 1
+3 3 1
-8 1
fi=(231)
1025 2
fe=(228)
708 18 12 0 2 0 0 2
+1 3 0 3
-14 9 3 0 0 1
+2 3 0 3 1 0 0 1
+1 45 18 6 1 2 0 1
+2 21 9 0 1 2 0 1 1
+8 18 3 6 1 0 0 1
+5 3 2
+1 2 0 1 1 0 0 1
cfi=(255)
cfn=(1830) __libc_cleanup_pop_restore
calls=1 54 
* 9 5 1
+4 12 9
-5 6 1 2 1 0 0 1

fn=(1826) _IO_link_in
87 56 0 32 2 0 0 1
+1 40 16 8
+18 72 56
-16 4 0 0 2 0 0 1
+2 12 0 4
-2 4 0 4
+2 16 0 8
cfi=(255)
cfn=(1828)
calls=4 -68 
* 52 16 12 4 0 0 2
+1 33 12 2 2 0 0 1
+2 1 1
-1 1 0 1 1 0 0 1
+1 2 1
+6 1 0 1
+1 9 2 2 1
+1 8 0 4 1 0 0 1
cfi=(255)
cfn=(1830)
calls=4 -49 
* 36 20 4 2 0 0 1
+3 4
-11 11 3 1 1 0 0 1
+2 1 1 0 1 1 0 1
-2 1 1
+5 2 2
-2 1 0 1
-3 1 0 1
+2 1 0 1
+3 7 1
-5 15 9 0 2 0 0 2
+2 3 3 0 0 1
-2 3 0 3
+3 3 0 3
-3 3 0 3
+2 3 0 3
+3 12 3 3
+2 3 3 0 1 0 0 1
-2 3 0 3
+1 3 0 3
+1 15 0 6
-9 6 0 6 2 0 0 1
+1 3 0 3
+1 6 3
+5 4 1 2 1 0 0 1
+2 2 1

fn=(1822)
531 4 0 0 2 0 0 1
+3 4 4 0 0 2 0 0 1
-2 4
+2 4 0 0 2 0 0 1
+5 4
-7 4 0 4
+2 4
+10 4 0 4
-10 4
+16 4
-11 4 0 4 0 0 2 0 0 1
-5 4
+16 4 0 4
-16 4 0 4
+21 4 4
-16 20 0 20
+16 8
+1 8 0 8 0 0 2 0 0 1
+2 4 4

fn=(2136) _IO_default_finish
601 24 0 8 2 0 0 1
+2 12 4
+6 12 4
+3 12 4 0 2 0 0 1
54 8 4
624 12 12

fn=(5142)
842 6 0 4 1 0 0 1
-66 1
+66 6 1 3 1 0 0 1
+1 1 0 1
cfn=(5144)
calls=1 686 
* 198 71 37 11 7 0 11 1
-67 2 0 1
+67 1
-67 3 0 2
cfi=(255)
cfn=(1828)
calls=1 24 
* 13 4 3
+1 12 3 2 1 0 0 1
+3 3 1 0 1 0 0 1
fi=(231)
1025 1
fe=(228)
785 1 1
-1 1 0 1
+1 4 2
-1 2 0 2
+1 40 15 3 1 0 0 1
+7 3 3
-7 3 0 3
+7 6
+2 6 2
+2 4 1 0 1 0 0 1
+4 1 1
-2 1
+3 1 0 1
-3 1 0 1
+2 2 1 1
+5 1 1
fi=(231)
1025 2
+1 2
fe=(228)
805 4 1 1
cfi=(227)
cfn=(5148) _IO_file_setbuf@@GLIBC_2.2.5
calls=1 382 
* 87 22 23 5 0 0 5
+2 3 1
+9 1 1
-2 1 0 1
+2 2
-2 2 0 2 1 0 0 1
+2 4
+1 3 0 3
-37 9 3 0 1 0 0 1
+41 3 2
+1 2 0 1
cfi=(255)
cfn=(1830)
calls=1 54 
* 9 5 1
+33 12 9 0 1 0 0 1
-78 3 3 0 1 0 0 1
+39 27 9 6 1 0 0 1
+5 6 1 2 1 0 0 1

fn=(5150) _IO_default_setbuf
452 8 0 4 1 0 0 1
fi=(231)
1025 1
fe=(228)
452 1 0 1
+1 1 1 0 1 0 0 1
-1 1
fi=(231)
1025 2
+1 2
fe=(228)
453 2 1 1
cfi=(227)
cfn=(3066) _IO_file_sync@@GLIBC_2.2.5
calls=1 793 
* 21 8 4
* 2
+4 1 1
330 1 1
462 1
-7 2
332 1 0 1
466 1
337 1
-4 1 0 1
+4 1 0 1
467 1
-1 3 0 3
+2 6 6
-11 1 0 0 1 0 0 1
+1 2 0 0 1 0 0 1
-1 1 0 1
330 4

fn=(3220) _IO_enable_locks
518 1 0 0 1 0 0 1
+3 3 1 0 0 1
1044 1 1 0 1 1
523 1 0 1
+1 3
+1 1 0 1 0 0 1 0 0 1
1058 1 1
524 2
+1 2 0 2 0 0 1
1058 2 2
524 4
+2 1 1

fn=(1432) _IO_default_xsputn
371 11 0 7 1 0 0 1
+3 4
fi=(231)
1025 1
fe=(228)
373 2
+26 185 61 0 1 0 0 1
fi=(231)
1025 122
+1 122
fe=(228)
399 244 122 61
cfi=(227)
cfn=(1416) _IO_file_overflow@@GLIBC_2.2.5
calls=61 732 
* 2491 639 384 7 0 1 7 0 1
* 122
+2 61
-2 61
-20 248 124 0 1 0 0 1
-4 1 1 0 1 0 0 1
+29 8 7

fn=(1428)
329 55 0 25 4 0 0 2
+1 20 10
+5 10
-3 5 0 5
+3 10
-2 5 0 5
+2 10 0 5
+3 30 30

fn=(2120)
53 8 0 0 2 0 0 1
+1 16 8
+28 8 4
cfn=(2122) __GI__IO_un_link.part.0
calls=4 -30 
* 418 123 100 22 10 0 12

fn=(2122)
52 16 0 12 2 0 0 1
+6 4
-6 8 0 4
+6 4 0 0 2 0 0 1
-6 16 4 4
+6 16 0 12
cfi=(255)
cfn=(1828)
calls=4 -34 
* 52 16 12 0 4
+1 33 12 2 2 2 0 1
+2 2 2 0 1
-1 1 0 1
+1 6 3 0 1 0 0 1
-1 3 0 3
+1 41 12 1 1 2
+13 1 1
-13 1 1
+2 1 1
+13 2 1
-15 1 0 1
+15 1
-13 2
+2 8 0 0 2 0 0 1
+9 8 0 4
+2 26 8 0 2 0 0 1
+1 1 0 1 1 0 0 1
+1 9 2 2 1
+1 8 0 4 1 0 0 1
cfi=(255)
cfn=(1830)
calls=4 -25 
* 36 20 4
+3 36 28 0 1
-19 3 3 0 1 2 0 1
-2 6 0 6
+2 6
+13 9 0 3 1 0 0 1
+2 3 3
-2 3 0 3
+1 3 0 3
+1 15 0 6
-12 12 4 4 1
-7 9 0 6 1 0 0 1
+17 4 1 2 1 0 0 1
+2 2 1

fn=(2126) _IO_unsave_markers
937 24 0 8 2 0 0 1
+2 8 4
+5 12 4 0 0 2
+2 12 12 0 2 0 0 1

fn=(3050)
199 10 0 4 2 0 0 1
+2 6 2
+2 2 2
fi=(231)
1025 6
+1 4
fe=(228)
203 2 2 0 2 0 0 1
+1 4 4
-1 2
cfi=(227)
cfn=(1416)
calls=2 732 
* 351 89 57 16 8 2

fl=(192) ./locale/./locale/uselocale.c
fn=(790) uselocale
30 66 0 0 4 0 0 1
+1 198 132 0 4 49 0 1
+2 132
+3 132
+1 66 0 66
+28 198 132 66 0 63 24
+1 198 132 66
+2 198 132 66 4 25 0 1
+4 198
+1 66 66

fl=(190) ./locale/./locale/newlocale.c
fn=(714) newlocale
43 15 1 8 2 0 0 2
+12 2
277 12 9 0 1 0 0 1
63 2 0 0 1 0 0 1
+3 1
-10 1 0 1
+10 2
+7 3 2 0 1 0 0 1
+2 1
-2 1 0 0 1 0 0 1

fl=(199) ./string/../sysdeps/x86_64/multiarch/memcmp-avx2-movbe.S
fn=(826) __memcmp_avx2_movbe
73 50 0 0 2 0 0 1
+7 50
+1 50
+3 1 1
+1 1 1
+1 1
+4 1
+1 1 0 0 1 0 0 1
+2 1
+1 1
+3 1 1
+1 1 1
+1 1
+3 1
+1 1
+3 1
+1 1
+3 1 1
+1 1 1
+1 1
+1 1
+1 1 0 0 1 0 0 1
+1 1 1
+1 1 1
+1 1
+1 1
+1 1
+3 1
+1 1
+6 1 1
+1 1 1
+1 1
+1 1
+4 1 1 0 1 0 0 1
+1 1 1
+2 1 1
+1 1 1
+1 1 1
+1 1 1
+3 1
+1 1
+1 1
+1 1
+1 1
+1 1
+2 2 1
+4 39 0 0 1 0 0 1
+10 39 39
+1 39 39
+1 39
+3 78 39
401 49 0 0 1 0 0 1
+1 49
+5 49
+1 49
+1 49
+1 49
+1 49
+3 49 49
+1 49 49
+1 49
+1 49
+3 49
+1 49
+1 10
+1 20 10

fl=(342)
fn=(3898)
46 1932 0 966 2 0 24 1 0 1
+3 276
234 1242 1104 0 3 0 0 1
62 138 138 0 3 0 0 1
+1 138 138
-16 138 0 138 0 0 24 0 0 1
+18 276
+7 756
+1 114 114
-1 228
+1 228 0 114 2
-1 228
+4 276
+3 138 0 138
+2 138
-13 10 0 10 3 0 0 1
-1 10
+1 10

fl=(363)
fn=(4036)
29 95 0 38 1 0 0 1
+1 76 38 0 1 15 0 1
+9 57 57

fl=(171) ./ctype/./ctype/ctype-info.c
fn=(556) __ctype_init
29 20 0 0 2 0 0 2
+2 140 100 20 2 64 10 2
+2 80 40 20 0 1
+2 80 40 20
+1 20 20

fl=(261)
fn=(1890)
33 413 0 236 5 0 1 2
+2 295 118 59 0 27 19 0 1 19
+14 534 413 0 1 0 0 1
-9 4 0 1
cob=(4)
cfi=(175)
cfn=(564)
calls=1 -40 
* 26 5 1 1 1
* 3 1
+7 1 0 1
+1 1

fl=(107)
fn=(340)
30 1 0 0 1 0 0 1
fi=(101) ./wcsmbs/../sysdeps/x86_64/multiarch/ifunc-avx2.h
+10 3 2
-2 4
fe=(107)
-8 2 1
fi=(101)
+11 2 1 0 1 0 0 1
+1 3 1
+3 2
+4 3
+3 5
fe=(107)

fl=(201) ./stdlib/./stdlib/secure-getenv.c
fn=(1122) secure_getenv
28 1 0 0 1 0 0 1
+1 5 2 0 0 2
cfi=(202) ./stdlib/./stdlib/getenv.c
cfn=(1124) getenv
calls=1 -5 
* 525 142 12 11 35 0 11 2

fl=(203) ./string/../sysdeps/x86_64/multiarch/strcmp-avx2.S
fn=(1128) __strncmp_avx2
206 5 0 0 1 0 0 1
+24 5
+5 5
+14 5
+25 5
+1 5
+1 5
+2 5
+1 5 0 0 1 0 0 1
+4 4 4
+4 4 4 0 0 2
+2 4
+2 4
+3 4
+2 4
+1 4
+11 4
+10 4 4
+1 4 4
+3 4
+4 8 4
+5 4
+1 4
+1 4
957 1 0 0 1 0 0 1
+1 1
+1 1
+1 1
+2 1
+3 1
+1 1
+27 1 1 0 1 0 0 1
+1 1 1
+1 1
+1 1
+1 1
+1 1
+2 1
+47 1 1 0 1 0 0 1
+1 1 1
+3 1
+1 1
+1 1
+3 2 1
+7 1
+1 1
+1 1
+1 1
+10 1 0 0 1 0 0 1
+1 1
+3 1
+1 1
+1 1
+1 1
+6 1 0 0 1 0 0 1
+2 1
+3 1
+1 1

fl=(290) ./io/../sysdeps/unix/sysv/linux/open64_nocancel.c
fn=(3082) __open_nocancel
28 4 0 2 1 0 0 1
+3 2
-3 12 2 4 1 0 1 1 0 1
+3 12
+8 14
+2 10 8 0 0 3

fl=(292) ./stdlib/../stdlib/strtol.c
fn=(3088) __isoc23_strtoul
125 4 0 0 1 0 0 1
+1 20 8 0 0 4
cfi=(293) ./stdlib/../stdlib/strtol_l.c
cfn=(3090) ____strtoul_l_internal
calls=4 238 
* 500 84 48 11 14 0 10 2

fl=(212)
fn=(1308)
242 13 0 7 1 0 0 1
+69 3
+1 3 0 1
cfi=(200) ./stdlib/./stdlib/cxa_atexit.c
cfn=(1080) __cxa_atexit
calls=1 67 
* 76 16 18 0 0 1 0 0 1
+25 6 2 1 1 0 0 1
+6 2 2
-3 2
+10 2 1 1
cob=(4)
cfi=(175)
cfn=(1368) 0x0000000004c0f7b0
calls=1 0 
* 7 3 0 2 2 0 2
+2 2
+8 4 1 1
cfi=(221)
cfn=(1372)
calls=1 29 
* 2983947161 904162860 538544656 4307 2191272 372440 2601 1842 267744
128 2 2 0 1 1 0 1
+6 3 1 0 0 1
+1 6 2 2 0 1
cob=(4)
cfi=(175)
cfn=(1310) 0x000000000010f000
calls=1 0 
* 7 2 0 1 0 0 1
* 1 1
+3 1 1 0 0 1
+1 2 0 0 1 0 0 1
+3 2 2
+1 2 2
-1 1
+2 11 2 1
+1 8 2 4
cob=(8)
cfi=(217)
cfn=(1338)
calls=1 983 
* 138 32 39 15 0 0 15
cob=(8)
cfi=(213)
cfn=(1320)
calls=1 -9 
* 48049 15597 14976 12 1 77 12 1 77
* 4 1 2 1 1 0 1
cob=(8)
cfi=(211)
cfn=(1314)
calls=1 0 
* 12 1 0 3 0 0 3
-1 10 3

fl=(125)
fn=(382)
29 1 0 0 1 0 0 1
fi=(118)
+9 2 2
+1 1 1
-1 2
+1 2 0 0 1 0 0 1
+3 2
+4 3
+3 3
fe=(125)
-20 1 1

fl=(181) ./string/../sysdeps/x86_64/multiarch/strrchr-avx2.S
fn=(604) __strrchr_avx2
53 1 0 0 1 0 0 1
+1 1
+1 1
+2 1
+1 1 0 0 1 0 0 1
+4 1
+1 1
+1 1
322 1 0 0 1 0 0 1
+1 1
+1 1 1 0 0 1
+1 1
+1 1
+3 1
+1 1
+1 1
+1 1
+1 1
+4 1
+1 1
+2 1
+1 1
+1 1
+1 1 0 0 1 0 0 1
+5 2 1

fl=(336)
fn=(3884)
33 32 0 0 3 0 0 1
+2 32
-2 64
+4 96 0 32
+1 160 0 32
+9 64
+9 32
-9 32 0 32 3 0 25 1 0 1
+9 64
+47 32
+4 32
-4 32 0 32
+4 32 32

fl=(230) ./io/../sysdeps/unix/sysv/linux/fstat64.c
fn=(1424) fstat
30 1 0 0 1 0 0 1
+9 4 0 0 1 0 0 1
+33 1 1

fl=(340)
fn=(3892)
27 32 0 0 4 0 0 1
+1 288 32 0 2 25 0 1 15
+7 32 32

fl=(353) ./posix/../sysdeps/unix/sysv/linux/nanosleep.c
fn=(3986) nanosleep
24 96 0 24 1 0 0 1
+1 48
-1 24
+1 24 0 24
cfi=(354) ./time/../sysdeps/unix/sysv/linux/clock_nanosleep.c
cfn=(3988) clock_nanosleep@@GLIBC_2.17
calls=24 +38 
* 2016 432 288 4 96 24 4 13
+1 48
+6 48 48

fl=(196) ./iconv/./iconv/gconv_simple.c
fn=(806) __gconv_btwoc_ascii
49 128 0 0 1 0 0 1
+2 512
+3 128 128

fl=(316) ./stdio-common/./stdio-common/vfprintf-internal.c
fn=(3256) __printf_buffer
600 612 0 306 2 0 0 1
fi=(399) ./stdio-common/./stdio-common/printf-parse.h
82 51
fe=(316)
600 102 0 51 0 0 44 0 0 19
fi=(399)
82 51
fe=(316)
600 51 0 51
+27 153 102 51 2 0 43 1 0 19
+11 51 51
-11 51 51
+11 51 0 51 0 0 44 0 0 19
-11 51 0 51
+11 102 51 51
fi=(399)
82 51 0 51 0 0 1
cob=(4)
cfi=(175)
cfn=(3258) 0x0000000004c0f590
calls=51 -82 
* 1071 153 0 9 63 0 2 1
fe=(316)
653 102
+1 51
fi=(399)
82 102 0 51 9 0 0 1
fe=(316)
654 51
-1 51 0 51
cfi=(317)
cfn=(3262)
calls=51 27 
* 1577 490 331 15 19 43 3 0 19
+2 153 51
+4 102 51
+4 408 153 51 36 44 43 1 1 19
-32 51 0 51
973 51
642 51 0 51 0 0 1
973 102 0 51
634 51 0 51
+71 204 51 0 2 0 0 1
1044 561 459 0 6 0 0 1
705 102 0 0 3 0 0 1
-13 51
+7 51 0 51 0 0 43 0 0 19
+6 102
-14 51
-4 51
+18 51
-10 51
+10 51 0 0 3 0 0 1
-7 51 0 51
-4 51 0 51
+11 102 51 0 0 45 0 0 2
-19 51 0 51
-1 51 0 51
+20 51 51 0 0 44 0 0 1
-12 51
-9 51 0 51 3 0 0 1
-1 51 0 51
+22 51
-15 102
891 64 0 0 3 0 0 1
+82 64 32 0 3 0 0 1
+3 1088 224 192 5 0 1 2
+20 352 96 64 3 0 0 1
+1 32
263 32
+1 32
997 32 0 32
744 32 32
264 64
744 32 32 0 1
263 64
1024 51 0 0 1 0 0 1
fi=(399)
82 51
fe=(316)
1018 51 0 51
fi=(399)
82 102 0 51
cob=(4)
cfi=(175)
cfn=(3258)
calls=51 -82 
* 1071 153 0 0 19 0 0 1
fe=(316)
1028 102
+1 51
fi=(399)
82 51
fe=(316)
1029 51
-1 51 0 51 3 0 0 1
cfi=(317)
cfn=(3262)
calls=51 27 
* 969 357 255
+3 102 51
709 32 0 0 2 0 0 1
814 32 32
-1 32
+1 64
+41 416 64 0 4 51 0 1 1
-71 19 19 0 2 0 0 1
fi=(318) ./stdio-common/./stdio-common/vfprintf-process-arg.c
126 38 0 0 1 0 0 1
+75 19 19
92 19
+1 19 0 19
+1 19 0 19
201 38 0 19 1 0 0 1
-65 38
+19 247 19 114 1 0 0 1
cfi=(319)
cfn=(3268)
calls=19 +14 
* 2071 152 133 4 19 0 4 1
+11 38 38
-11 38 19 19
+11 76 38 19 1 0 0 1
-5 152 38 19
+25 95 0 0 1 0 0 1
+15 38 19
-4 57 19
+2 57 19
+2 38
+7 19 19 0 1 0 0 1
-2 38
+2 57 19
+3 38 19
+13 38
fi=(320)
-61 38
fi=(318)
+70 38 0 0 1 0 0 1
+3 38 19
128 38 0 0 1 0 0 1
+8 19 0 0 1 0 0 1
+2 38
fe=(316)
883 19 0 0 9 0 0 1
fi=(318)
66 19 0 19 1 0 0 1
+1 19
+94 19 0 19 1 0 0 1
+9 38 0 19 1 0 0 1
+17 19 19 0 1 0 0 1
+8 19
-8 19
+12 19 0 0 2 0 0 1
-12 19
+8 76
-8 114 38 0 2 0 0 1
+53 76 38 19 12 0 0 2
cfi=(317)
cfn=(3262)
calls=19 27 
* 1045 266 171
* 19
130 38 0 0 9 0 0 1
+1 152 38 19
fe=(316)
266 32 0 32 3 0 0 1
cfi=(334)
cfn=(3878)
calls=32 1099 
* 45650 10883 6543 447 469 339 124 26 13
1001 32
fi=(320)
163 38 0 0 1 0 0 1
fe=(316)
819 32 32 0 4 0 0 1
-1 32 0 0 3 0 0 1
+1 96
+15 224 64 32
+3 64 32
+18 32 32
-37 32
+19 128

fl=(265) ./io/../sysdeps/unix/sysv/linux/read.c
fn=(1972) read
25 1515 0 0 1 0 0 1
+1 9090 1515 0 0 1
+1 1515 1515

fl=(299) ./nptl/./nptl/pthread_attr_copy.c
fn=(3194) __pthread_attr_copy
25 190 0 95 1 0 8 1
+4 38 38
-4 57 19 19
+4 38 38 0 0 9
+9 19 19
-9 57 0 57 1 0 0 1
+3 19 0 19
-3 19 0 19
+9 38
+23 38 38
+1 19
-1 114 38 76 1 0 0 1
+2 209 152

fl=(356)
fn=(4112) __cxa_thread_atexit_impl
102 5 0 2 1 0 0 1
+4 1
-4 3 0 2
+1 1
+3 1
-4 1 0 1
+1 2 1
+3 1 0 1 1 0 0 1
cob=(4)
cfi=(175)
cfn=(4114) 0x0000000004c0f450
calls=1 0 
* 473 99 55 17 4 0 9
+1 2
+3 2 0 1
+7 1 1
-6 1 0 1
+1 1 1
+5 1
-5 2 1 1
+1 1 0 1
+4 1 0 1
cfi=(305)
cfn=(3214)
calls=1 -40 
* 44 11 6 3 1
+3 2
+16 1 1 1 1 1 0 1
+1 2 0 1
cfi=(306)
cfn=(3216)
calls=1 367 
* 37 9 5 1
+2 2 1 1
+3 7 6
-18 2 0 1
cob=(4)
cfi=(175)
cfn=(4116) 0x0000000004c0f4e0
calls=1 0 
* 33 13 5 5 3 0 5 1
+4 5 1 1

fn=(4022)
148 80 0 40 2 0 1 1
+1 20 20 0 2 0 0 1
-1 20 0 20
+1 61 20
+6 1 1 0 0 1
-2 3 2
+2 1 0 1
+1 2 1 1
cob=(8)
cfi=(275)
cfn=(3996)
calls=1 -94 
* 354 108 80 13 4 2
+6 2 2 1 0 1
+1 2 0 1 1
cob=(4)
cfi=(175)
cfn=(2138)
calls=1 0 
* 117 31 13 0 2
-14 3 1
+16 80 80 0 1 0 0 1

fl=(224) ./setjmp/./setjmp/sigjmp.c
fn=(1378) __sigjmp_save
28 120 0 40
+2 40
-1 20 0 20
+5 80 60

fl=(116)
fn=(360)
60 1 0 0 1 0 0 1
-17 2 2 0 1 0 0 1
-1 4
+2 3 1
+2 2 0 0 1 0 0 1
+4 3
+10 1 1

fl=(136)
fn=(422)
29 1 0 0 1 0 0 1
fi=(400) ./string/../sysdeps/x86_64/multiarch/ifunc-sse4_2.h
+7 5 2 0 1 0 0 1
fe=(136)
-7 1 1

fl=(315)
fn=(3876) vsnprintf
102 96 0 32 3 0 0 1
fi=(401) ./libio/../include/printf_buffer.h
+22 32
fe=(315)
-22 32
fi=(401)
+22 32
fe=(315)
-22 224 32 64 3 0 24 1
fi=(401)
+35 32
-13 32 0 32 0 0 24
+13 32 0 32
-10 32 0 32
+1 32 0 32
fe=(315)
-65 64
+3 32 0 32
+30 128 0 32 3 0 24 1
cfi=(316)
cfn=(3256)
calls=32 600 
* 54738 12931 8175 531 621 488 134 28 13
-21 96 64
+1 32 0 32
+11 64 0 32
cfi=(321)
cfn=(3272)
calls=32 -62 
* 608 160 0 3
+17 192 160 0 3 0 0 1

fn=(3254)
93 95 0 19 1 0 0 1
fi=(401)
+31 19
fe=(315)
-31 38
fi=(401)
+31 19
fe=(315)
-31 114 19 38 1 0 19 1 0 19
fi=(401)
+44 19
-13 19 0 19 0 0 19 0 0 19
+13 19 0 19
-10 19 0 19
+1 19 0 19
fe=(315)
-65 38
+3 19 0 19
+30 57 0 19 1 0 19 1 0 19
cfi=(316)
cfn=(3256)
calls=19 600 
* 9405 1824 1463 95 152 114 41 6 114
-21 57 38
+1 19 0 19
+11 38 0 19
cfi=(321)
cfn=(3272)
calls=19 -62 
* 361 95 0 18 0 0 2
+11 114 95

fl=(232) ./io/../sysdeps/unix/sysv/linux/write.c
fn=(1438) write
25 50 0 0 28 0 0 14
+1 112 50
+1 3 3
-2 282 0 188 3 0 0 2
+1 47 0 47
cfi=(346)
cfn=(3916)
calls=47 +5 
* 846 141 47 3 1 0 1
* 517 141 94 0 0 40
cfi=(346)
cfn=(3942)
calls=47 +37 
* 705 141 47 4 40 0 2 16
* 47 47
+1 94 94

fl=(267)
fn=(2064)
28 994930 0 0 5 0 0 1
+1 994930
+1 994930
+2 994930
+1 994930
+1 994930
+12 994930
+1 994930
+1 994930 994930
+1 994930
+1 994930 0 0 4 0 0 1
+1 994930
+1 994930
+6 994930
+1 994930 0 994930
+1 994930 994930

fl=(255)
fn=(1828)
24 10 0 0 2 0 0 1
+1 10 10
+2 20 10 10 0 2
+2 20 10 0 0 3
+3 20
+14 30 0 10 2 0 0 1
+2 10 0 10
+1 10 10

fn=(1830)
54 10
+1 10 10
+2 20 10 10
+2 10 10
+1 30 10 0 2 0 0 1
+11 10 10

fl=(87)
fn=(292)
30 1 0 0 1 0 0 1
fi=(88) ./wcsmbs/../sysdeps/x86_64/multiarch/ifunc-wcslen.h
+11 2 2 0 1 0 0 1
-1 4
+2 3 1
+3 2 0 0 1 0 0 1
+4 3
+3 3
fe=(87)
-22 1 1

fl=(293)
fn=(3090)
238 20 0 12
+54 4
-54 4 0 4
+19 4
-19 16 0 12
+14 4 4 0 1 2 0 1
-14 12 0 8
+26 8
+31 16
+9 24 16 0 0 4
+2 8 0 0 1 0 0 1
+5 8
-1 4 0 4
+6 8
+4 8 0 0 1 0 0 1
+15 4
+10 16
-87 4
390 12 4 0 0 2 0 0 1
+1 12 4 4 0 2 0 0 1
+4 4
+56 20 4 0 1 2 0 1
+26 4 4
+1 4
-84 4
-1 4
+96 8
-5 12
+5 6
+1 18
-41 12 6
+2 24
+2 30 0 0 1 0 0 1
+7 8
+17 8 4 0 0 2
+4 18
+3 12 0 0 1 0 0 1
+11 8
+5 12 4
+1 4 0 4
+12 8
+11 20 4
+22 36 28
327 4 2 0 3 0 0 2
+15 8
-20 4 0 0 1 0 0 1
+5 4 0 0 1 0 0 1

fl=(202)
fn=(1124)
24 9 0 6 2 0 0 2
+1 8 3 0 0 1 0 0 1
+3 1 0 1
cob=(4)
cfi=(175)
cfn=(820)
calls=1 -28 
* 16 3 0 0 1 0 0 1
+1 1 1 0 0 1
-1 1
+1 198 49 0 0 6
+2 98 49 0 1 23 0 1
+1 20 0 5
cob=(4)
cfi=(175)
cfn=(1126) 0x0000000004c0f600
calls=5 -32 
* 154 30 0 8 3 0 8
* 10
+5 9 7

fl=(288) ./libio/./libio/iofflush.c
fn=(3064) fflush
32 37 0 0 2 0 0 1
+1 74
-1 185 0 111 2 0 0 1
+7 74 37 0 0 2
+1 37 37 0 0 2 0 0 1
fi=(231)
1025 111
+1 74
fe=(288)
40 74 37 37 0 27
cfi=(227)
cfn=(3066)
calls=37 793 
* 4802 1271 823 77 153 38 21 17
* 74
fi=(231)
979 74 37
+1 152 111 2 0 31
fe=(288)
44 185 148
-5 511 184 72 4 3 0 2
fi=(231)
980 216 36 72 1
fe=(288)
39 3 0 2 2 0 0 2

fl=(350) ./nptl/./nptl/futex-internal.c
fn=(3938) __futex_abstimed_wait_cancelable64
138 24 0 12 1 0 0 1
-61 6
+3 6
+3 9
+1 6 0 0 1 0 0 1
-27 9 3
+46 24 3 3 0 0 2
+10 3 0 0 1 0 0 1
+28 18 15 0 0 2
fi=(191)
-54 6 0 6 1 0 0 1
fe=(350)
-30 6 0 6
cfi=(346)
cfn=(3916)
calls=3 -26 
* 54 9 3 0 1
* 36 9 3 1 0 2
cfi=(346)
cfn=(3942)
calls=3 +6 
* 45 9 3 0 6
* 3 0 0 1 0 0 1

fl=(176) ./nptl/../sysdeps/unix/sysv/linux/x86/elision-conf.c
fn=(566) __lll_elision_init
92 2 0 1 1 0 0 1
+4 1
-4 2 0 1
+4 2
-4 1
+4 1
-4 3 1 1
+4 1 0 1 1 0 0 1
cob=(4)
cfi=(175)
cfn=(564)
calls=1 -96 
* 26 5 1 0 2 0 0 1
+2 4 0 1
cob=(4)
cfi=(175)
cfn=(564)
calls=1 -98 
* 26 5 1 0 2 0 0 1
+2 4 0 1
cob=(4)
cfi=(175)
cfn=(564)
calls=1 0 
* 26 5 1 0 2 0 0 1
+2 4 0 1
cob=(4)
cfi=(175)
cfn=(564)
calls=1 0 
* 26 5 1 0 2 0 0 1
+2 4 0 1 1 0 0 1
cob=(4)
cfi=(175)
cfn=(564)
calls=1 0 
* 26 5 1 0 1
+3 3 1 0 0 1 0 0 1
+1 1 0 1 0 0 1 0 0 1
+1 6 5

fl=(349)
fn=(3936)
39 228 19 133 2 0 0 1
+4 114 19 0 0 1
+5 95 19 0 1 19 0 1 1
+4 19 19
+3 19
+2 38
+1 38 19 0 0 3
+16 95 0 19
+10 38
+34 19 0 19 1 0 0 1
-4 19 19 0 0 2
+7 38
+4 38 0 19
cfi=(365)
cfn=(4056)
calls=19 25 
* 7396 2460 1285 14 154 25 12 3 3
* 19
+5 19
+3 209 171 0 0 3
-44 114 0 38 3 0 0 2
cfi=(189)
cfn=(698)
calls=19 -64 
* 133 38 76 3 1
+5 19
+8 15 0 3
cfi=(350)
cfn=(3938)
calls=3 +36 
* 255 48 36 6 9 4 5
+2 12 0 0 1
-10 66 22 0 0 2
+17 57 19 19
cfi=(189)
cfn=(716)
calls=19 -71 
* 114 38 19 2 3 3
* 19 0 0 1 0 0 1

fl=(359)
fn=(4028)
21 76 0 38 1 0 0 1
+1 19 19 0 1 0 0 1
-1 19 0 19
+1 19 19 0 0 18 0 0 2
+2 38
+15 76 76 0 1 0 0 1

fl=(223)
fn=(1376)
31 20 0 0 2 0 0 2
+2 20 0 20
+9 20
+1 40 20
+1 20 0 20
+4 20 0 20
+1 20 0 20
+1 20 0 20 0 0 19 0 0 19
+1 20 0 20
+1 20
+2 40 20 0 2 0 0 1
+2 20 0 20
+1 20 20
+1 20
+2 40 20
+2 20 0 20
+5 20 20 0 0 11
+1 20
+17 20 0 0 2 0 0 1
cfi=(224)
cfn=(1378)
calls=20 -57 
* 260 60 60

fl=(127)
fn=(394)
29 3 0 0 1 0 0 1
fi=(84)
+11 9 6 0 0 3
-2 12
fe=(127)
-9 6 3
fi=(84)
+12 6 3
+1 9 3 0 1 1 0 1
+3 6
+4 9
+3 15
fe=(127)

fl=(296) ./nptl/./nptl/pthread_create.c
fn=(3188) pthread_create@@GLIBC_2.34
626 304 19 209 2 0 0 2
+6 38 19
+13 76 19
+2 57 0 19
cfi=(298) ./nptl/./nptl/pthread_getattr_default_np.c
cfn=(3192) pthread_getattr_default_np@@GLIBC_2.34
calls=19 24 
* 1235 418 380 5 9 17 5
* 19 0 19
+1 38
+2 38 0 19 1 0 0 1
fi=(300)
219 19 0 19
cfi=(301)
cfn=(3198)
calls=19 27 
* 114 57 0 10 17 0 2
fi=(302) ./nptl/./nptl-stack.h
61 19
fi=(300)
219 38
fi=(302)
61 19 19
fi=(300)
219 19
fi=(302)
61 133 38 0 1 9 0 1
fi=(300)
223 19
fi=(302)
61 19 0 19
fi=(300)
223 38 0 19
+5 57 19
+10 38 19 0 1 0 0 1
+91 38 19 0 0 9
+4 38 0 19
-4 19 19 0 0 9
+4 19
+10 114 19
+4 38
fe=(296)
897 38 19 0 1 0 0 1
+1 38 0 19
cfi=(313)
cfn=(3234)
calls=19 26 
* 114 38 0 2 0 0 2
+3 247 209 0 1 18 0 1
fi=(300)
347 76
+5 57 19
+1 19
-2 38
66 76 0 19 1 0 9 1
329 19
74 19 19
329 38 0 19
-1 38 0 19
74 57
477 57 19 0 1 0 0 1
+29 95 19 0 1 0 0 1
+26 19 0 19
fe=(296)
755 19
fi=(300)
547 19
fe=(296)
674 19 0 19
fi=(300)
558 19 19
-11 19
+11 19
+5 19 19
-26 19 0 19
+21 19
-11 19 0 0 1 0 0 1
fe=(296)
677 19 0 19
+12 19 19
fi=(300)
558 19
fe=(296)
683 19 19
fi=(300)
542 19 0 19
+21 19
fe=(296)
+81 19 19
fi=(300)
-97 19 0 19
fe=(296)
689 19
-6 19 0 19
+1 19 19 0 9 0 0 1
+1 19 0 19 0 0 19 0 0 19
+4 19
-5 19 0 19 0 0 19 0 0 19
fi=(300)
545 19 0 19
fe=(296)
688 19 19
+2 57 19 0 0 9
+4 19 19 0 0 9
+1 19
+8 19 19 0 1 9 0 1
-8 57
+5 38
+3 19 0 19
-3 19
-11 19 0 19 0 0 19 0 0 19
+11 19 0 19
+3 38 19 19
+5 19 19 0 1 9 0 1
+1 19 19
-1 19 0 19
+1 19 0 19
+4 38 19 19
+5 38 19 19
fi=(402) ./nptl/../sysdeps/x86/nptl/tls-setup.h
22 38 19 19 0 9 19 0 0 19
fe=(296)
730 38 0 0 7 0 0 1
+21 38 19
+4 38 19 19
+2 19
+10 19 19 19
fi=(312) ./nptl/../sysdeps/unix/sysv/linux/internal-signals.h
81 95
fe=(296)
772 38 0 38 9 0 0 1
fi=(312)
81 38
fe=(296)
780 57 19
fi=(308) ./nptl/../sysdeps/unix/sysv/linux/internal-sigset.h
34 19 0 19
fe=(296)
609 76 19 0 1 0 0 1
836 114 0 19
cfn=(3224) create_thread
calls=19 236 
* 2248 668 592 24 77 28 14 0 19
fi=(312)
89 57 0 0 1
fe=(296)
836 19
fi=(312)
89 57
fe=(296)
843 38 0 0 1
+40 38 19
+10 38 0 19
83 2 0 0 1 0 0 1
-2 1
+2 1 0 0 1 0 0 1
fi=(403) ./nptl/../sysdeps/unix/sysv/linux/sigsetops.h
-29 1 0 1
fe=(296)
+27 1 0 1
+1 1 0 1
+1 1 0 1
cfi=(297) ./signal/../sysdeps/unix/sysv/linux/libc_sigaction.c
cfn=(3190) __libc_sigaction
calls=1 -40 
* 52 15 13 5 0 0 5
+7 2
fi=(403)
+14 1
fe=(296)
-14 1
fi=(403)
+14 1 0 1 1 0 0 1
fe=(296)
-14 3
638 1 1 0 0 1
-3 1 0 1
+3 2 0 1
791 38 19 19 1 0 19 1 0 19
fi=(308)
102 19
+1 19
fi=(300)
-4 76 19 19 2 0 0 2
366 209 19 57
cfi=(260) ./misc/../sysdeps/unix/sysv/linux/mmap64.c
cfn=(1888) mmap
calls=19 47 
* 494 76 57
+3 57 38 0 1 0 0 1
-3 19 0 19
+3 19
+5 76 19 0 0 9 0 0 1
+6 38 19
+5 38 19 0 9 0 0 1
+1 19
+9 38
170 38 38
-4 57 0 38
+4 19 0 19
cfi=(303)
cfn=(3202)
calls=19 -53 
* 114 19 0 1 0 0 1
* 76 38 0 1 0 0 1
407 19 19
+1 19 0 19 0 0 19 0 0 19
+21 19
-18 19 0 19
-4 19 0 19
+9 38 0 19 0 0 19 0 0 19
+3 19 0 19 0 0 19 0 0 19
+7 19 0 19 1 0 19 1 0 19
-18 19 0 19
+3 19 0 19
+18 19 0 19
cob=(4)
cfi=(175)
cfn=(3204) 0x0000000004c0f700
calls=19 0 
* 14497 2964 2204 94 163 237 39 3 229
* 76 38
fe=(296)
663 1 0 1 1 0 0 1
+89 1 0 1
cfi=(228)
cfn=(3220)
calls=1 518 
* 22 6 4 2 2 2 1 0 1
* 2 1
fi=(300)
442 76 0 19 9 0 0 1
+3 133 0 76
cfi=(307)
cfn=(3218)
calls=19 43 
* 266 57 95 10 0 27 2 0 19
+2 114 57 19 1 0 0 1
+7 95 38
-88 38 0 19 1 0 0 1
fe=(296)

fn=(3224)
236 228 0 114 1 0 0 1
+4 95 38 19 1 0 0 1
+4 38 19 0 1 0 0 1
+3 38 19 19
+1 38
+42 19
-3 19 0 0 1 0 0 1
+10 19
-10 19 0 19
+10 38
-10 171 0 171 1 0 0 1
+10 19 0 19
cfi=(309)
cfn=(3226)
calls=19 97 
* 1146 402 212 8 41 19 8 0 19
+1 38 0 0 1
+5 19 0 19 0 0 9
+6 38
+12 38 19 0 10 9 0 1
+11 19
+1 209 171 0 0 27

fn=(3248) start_thread
338 209 19 114 10 10 19 2 0 19
+7 38 19 0 0 10
+22 76 38 19 2 19 10 1
+3 19 0 19
cfi=(171)
cfn=(556)
calls=19 29 
* 323 190 57 2 60 10 2
+3 57 0 19
cfi=(300)
cfn=(3250)
calls=19 587 
* 12141 2584 2090 125 182 266 53 6 266
+4 19 19 0 1 10 0 1
fi=(322) ./nptl/../sysdeps/unix/sysv/linux/rseq-internal.h
32 38
+8 19 0 19 0 0 10
fe=(296)
388 95 19
+17 38 0 19
cfi=(222)
cfn=(1374)
calls=19 28 
* 722 152 209 4 10 19 2 0 19
* 19 0 0 1 0 0 1
+14 19
-14 19
+18 19 19
-4 19 0 19
+4 95 19 19
+3 38
+3 38 0 19
+2 19 19 0 1 0 0 1
fi=(312)
89 76
fe=(296)
431 19
fi=(312)
89 19
fe=(296)
433 19
+4 38 19
+11 19 0 19 1 0 19 1 0 15
+4 19 0 19
cfi=(356)
cfn=(4022)
calls=19 148 
* 247 114 57 3 0 0 3
+3 19 0 19
cfi=(357) ./nptl/./nptl/nptl_deallocate_tsd.c
cfn=(4024) __nptl_deallocate_tsd
calls=19 23 
* 114 38 0 2 0 0 2
+3 19 0 19
cfi=(358)
cfn=(4026)
calls=19 31 
* 70356 19753 9799 35 531 52 33 328 24
+3 57 38
+31 38 38 19 0 18 0 0 14
+2 38 19 19 1 15 0 1
fi=(308)
102 19 19
fe=(296)
508 57
fi=(308)
102 38 0 19 0 0 19 0 0 15
fe=(296)
508 57
+7 95 0 19 1 0 0 1
+1 38 19 19
+1 76 19 19
+35 57 38
+1 57 57 0 1 19 0 1 14
fi=(300)
189 19 0 19
cfi=(301)
cfn=(3198)
calls=19 27 
* 114 57 0 2 31 0 2
* 19
+2 95
+1 38
+1 38
fe=(296)
556 19 19 0 1 0 0 1
fi=(191)
146 19
fe=(296)
556 38 19 0 0 3
+17 57 38 0 0 3
+5 57 19 19
cfi=(300)
cfn=(3250)
calls=19 +9 
* 912 361 190 2 19 3
* 19
447 57 57 19 1 10 0 1
cob=(7)
cfi=(185)
cfn=(3276)
calls=19 0 
* 107009219228 40013262806 29836592600 1582 255836219 3675431 668 91825 69236
* 19 0 0 1
fi=(300)
194 76 0 19 2 0 0 2
cfi=(303)
cfn=(4048)
calls=19 -77 
* 114 19 0 1 3 0 1
* 19
fe=(296)

fl=(311)
fn=(3230)
52 19 0 0 1 0 0 1
+2 19
+1 19
+1 19
+3 19
+1 19
+3 19 0 19 0 0 19 0 0 19
+2 19
+4 19 0 19 1 0 0 1
+3 19
+1 19
+1 19
+1 19 19
+1 19
+5 19
+2 38
+1 38
+1 38
+2 19 19 0 0 9
+8 19
+3 19 19 0 0 10
+1 19 19
+1 19 0 19
cfi=(296)
cfn=(3248)
calls=19 338 
* 107009306722 40013286663 29836605534 1783 255837172 3675858 781 92187 69594

fl=(94)
fn=(308)
29 1 0 0 1 0 0 1
fi=(93)
+28 3 2 0 1 0 0 1
-1 2
+4 3 1
+14 2
+3 2
+8 2
+8 2 0 0 1 0 0 1
+3 5 1 0 2 0 0 2
fe=(94)

fl=(198) ./string/../sysdeps/x86_64/multiarch/strlen-avx2.S
fn=(822) __strlen_avx2
52 1292987 0 0 3 0 0 1
+13 1292987
+1 1292987
+1 1292987
+3 1292987
+2 1292987
+1 1292987
+3 1292987 1292987 0 0 94 0 0 17
+1 1292987
+8 1292987
+1 1292987
+1 1292980
+5 2585960 1292980
+26 5
+13 5
+1 5
+1 5
+6 10 5
+4 2 0 0 2 0 0 1
+13 2
+1 2
+1 2
+6 4 2
+57 7 0 0 2 0 0 1
+15 7 7 0 0 1 0 0 1
+6 7
+1 7
+1 7
+2 2 2 0 0 1 0 0 1
+1 2
+1 2
+1 2

fl=(260)
fn=(1888)
47 42 0 0 1 0 0 1
+3 84
-3 252 0 126 0 0 18 0 0 18
+6 84
+5 252 0 0 2 0 0 1
+2 168 168
-7 170 0 0 1 0 0 1

fl=(297)
fn=(3190)
43 8 1 2 1 0 0 1
+5 2
+2 1 1
fi=(404) ./signal/../string/bits/string_fortified.h
-21 1 1
fe=(297)
+29 1
fi=(404)
-29 2 2 0 1 0 0 1
fe=(297)
+21 1 0 1
+3 1 1
fi=(404)
-24 3 2 1
fe=(297)
+24 1
fi=(404)
-24 3 2 1
fe=(297)
+24 2 0 1 1 0 0 1
fi=(404)
-24 1 1
fe=(297)
+29 1
-5 1 0 1
+5 3
fi=(404)
-29 6 0 6 1 0 0 1
fe=(297)
+29 6
+5 2
+8 6 4 0 1 0 0 1

fl=(172) ./resource/../sysdeps/unix/sysv/linux/getrlimit64.c
fn=(558) getrlimit
38 2 0 0 1 0 0 1
+1 7
+1 1 1

fl=(304) ./string/../sysdeps/x86_64/multiarch/memset-vec-unaligned-erms.S
fn=(3212) __memset_avx2_unaligned_erms
158 224 0 0 2 0 0 1
+1 448
+5 224
+1 224
+1 219
+1 219
+1 219
+13 200 0 200
+1 200 0 200
+2 400 200
+53 219 219 0 2 10 0 1
+1 219
+6 219 0 219 0 0 1 0 0 1
+1 219 0 219 0 0 18 0 0 18
+12 219
+3 219
+1 219
+12 19 0 19 0 0 1 0 0 1
+1 19 0 19 0 0 18 0 0 18
+13 19
+1 19
+2 19
+3 19
+3 19
+3 19 0 19 1 0 1 1 0 1
+1 19 0 19
+1 19 0 19 0 0 19 0 0 19
+1 19 0 19
+1 19
+1 19
+1 38
+3 19 0 19
+1 19 0 19 0 0 19 0 0 19
+1 19 0 19
+1 19 0 19
+3 38 19
+23 5 0 0 1 0 0 1
+9 5
+1 5
+5 5
+1 5
+1 5
+1 5
+1 5
+1 5
+1 3
+1 3 0 3
+2 3 3
+55 2 0 2 1 0 0 1
+1 2 0 2
+1 2 0 2
+5 2 2

fl=(100)
fn=(324)
31 2 0 0 1 0 0 1
fi=(101)
+9 6 4
-2 8 0 0 1 0 0 1
fi=(102) ./wcsmbs/../sysdeps/x86_64/multiarch/wcschr.c
-7 4 2
fi=(101)
+10 4 2
+1 6 2
+3 4
+4 6
+3 10 0 0 1 0 0 1
fe=(100)

fn=(390)
31 1 0 0 1 0 0 1
fi=(97) ./wcsmbs/../sysdeps/x86_64/multiarch/ifunc-wcs.h
+9 3 2
-1 4
+2 3 1
+3 2
+4 4
fe=(100)
-17 1 1

fl=(108)
fn=(344)
31 1 0 0 1 0 0 1
fi=(109) ./string/../sysdeps/x86_64/multiarch/ifunc-strncpy.h
+4 5 2 0 1 0 0 1
+1 3 1
+3 2
+4 3
+3 4
fe=(108)
-15 1 1

fl=(170)
fn=(554)
33 9 1 3 1 0 0 1
+2 1 0 1 1 0 0 1
cfi=(171)
cfn=(556)
calls=1 -6 
* 17 10 3 2 5 0 2
+3 1 1 0 0 1
fi=(173) ./elf/../sysdeps/nptl/pthread_early_init.h
-5 2
fe=(170)
+8 1 0 1 0 0 1 0 0 1
-3 1 0 1 0 0 1 0 0 1
+3 1 0 1
fi=(173)
-8 1 0 1
cfi=(172)
cfn=(558)
calls=1 +5 
* 10 1 0 1 0 0 1
* 3
+1 1 1
+4 5 0 0 1 0 0 1
+7 1 1
fi=(405) ./elf/../nptl/nptl-stack.h
+16 3 2 0 0 1
fi=(173)
-16 1 1
fi=(405)
+16 2
fi=(173)
-7 1 0 1 0 0 1 0 0 1
fi=(405)
+7 3
fi=(173)
-9 1
-6 1 0 0 1 0 0 1
+2 2
+4 4 0 1
+1 1 0 1 0 0 1 0 0 1
+3 1 0 1
cfi=(174)
cfn=(562)
calls=1 -1 
* 104 21 9 4 6 0 4 2
fe=(170)
-9 3 2
+2 2 2
-2 1
cfi=(176)
cfn=(566)
calls=1 +45 
* 169 32 14 3 10 1 3 5 1

fl=(179)
fn=(598)
46 6 0 2 1 0 0 1
+5 2 1
+4 5 4 0 1 2 0 1 1
+8 1 1 0 0 1
-2 1 0 1 0 0 1
+10 1
-9 1 0 1
+1 1 0 1 0 0 1 0 0 1
+9 3 2
-1 1
cfi=(180) ./misc/./misc/init-misc.c
cfn=(600) __init_misc
calls=1 -41 
* 54 11 6 7 2 1 7

fl=(207) ./malloc/./malloc/morecore.c
fn=(1154) __glibc_morecore
25 48 0 0 3 0 0 1
+1 96 48
-1 96 0 48
+4 48 0 48
cfi=(208)
cfn=(1156)
calls=48 +8 
* 1871 481 288 14 138 1 5
+1 96
+4 96 96

fl=(256) ./io/../sysdeps/unix/sysv/linux/open64.c
fn=(1836) open
30 8 0 4 2 0 0 2
+3 4
-3 40 4 16
+3 20 0 0 1 0 0 1
+8 27 3
+2 32 24 0 2 0 0 2
-7 1 0 0 1 0 0 1
+5 1 1
-5 3 0 2
+1 1 1
-1 1 0 1
+5 3 0 2
cfi=(346)
cfn=(3916)
calls=1 -10 
* 18 3 1
* 12 1 2 1 0 0 1
cfi=(346)
cfn=(3942)
calls=1 +22 
* 15 3 1
* 2 1

fl=(193) ./wcsmbs/./wcsmbs/wctob.c
fn=(796) wctob
30 1280 128 640 1 0 0 1
+9 384
+6 128
-1 256
+35 1152 896 0 1 0 0 1

fl=(277) ./time/../sysdeps/unix/sysv/linux/clock_gettime.c
fn=(2748) clock_gettime@@GLIBC_2.17
30 603 0 0 2 0 0 1
+8 1206 1206 0 0 203
+2 1206
+28 1206
+1 1206 0 0 2 0 0 1
-25 1206 603

fl=(209)
fn=(1158)
36 48 0 0 3 0 0 1
fi=(406) ./misc/../sysdeps/unix/sysv/linux/brk_call.h
-12 96
fe=(209)
+13 96 48 48
+1 96
+6 48
+1 48 48

fl=(357)
fn=(4024)
23 19 0 0 1 0 0 1
+5 76 19
+82 19 19 0 1 0 0 1

fl=(195) ./elf/./elf/libc-dl-profstub.c
fn=(804) _dl_mcount_wrapper_check
36 128 0 0 1 0 0 1
+1 384 256
+1 128 128

fl=(360)
fn=(4030)
131 133 0 76 2 0 0 2
+1 19 0 19
cfi=(361) ./resolv/./resolv/resolv_context.c
cfn=(4032) __resolv_context_freeres
calls=19 242 
* 418 171 133 3 0 0 3
+2 95 57 0 0 34 0 0 19
+8 114 95

fl=(117)
fn=(362)
29 1 0 0 1 0 0 1
fi=(118)
+9 2 2
+1 1 1
-1 2
+1 2 0 0 1 0 0 1
+3 2
+4 3
+3 3
fe=(117)
-20 1 1

fl=(354)
fn=(3988)
63 288 24 168 2 0 0 2
+1 120
+2 48
+14 48
-2 72 24
+2 48 0 0 1 0 0 1
+33 24
+1 264 216 0 0 48
-36 48 0 48 1 0 0 1
cfi=(346)
cfn=(3916)
calls=24 -47 
* 432 72 24
* 240 24 24 0 0 24
cfi=(346)
cfn=(3942)
calls=24 -15 
* 360 72 24 0 48 0 0 13
* 24

fl=(139)
fn=(432)
31 1 0 0 1 0 0 1
fi=(114)
+6 2 2
-1 4
fe=(139)
-5 2 1
fi=(114)
+7 3 1 0 1 0 0 1
+3 2
+4 3
+3 4
fe=(139)

fl=(197) ./wctype/./wctype/wctype_l.c
fn=(818) wctype_l
26 80 0 50 1 0 0 1
+7 10
-7 30 0 10
+3 10 0 10 1 0 0 1
cob=(4)
cfi=(175)
cfn=(820)
calls=10 -29 
* 160 30 0 2 4 0 2 3
* 10
+3 30 20 10 0 1
+1 10
+7 48
+1 96 48
-8 48
+2 96 0 48
cob=(4)
cfi=(175)
cfn=(820)
calls=48 -35 
* 768 144 0 0 1 0 0 1
* 20 0 10
cob=(4)
cfi=(175)
cfn=(820)
calls=10 -35 
* 160 30 0 0 1 0 0 1
* 58
+2 312 0 49 1 0 0 1
cob=(4)
cfi=(175)
cfn=(824) 0x0000000004c0f580
calls=49 -37 
* 1146 274 0 4 1 0 4
* 98
+8 20 20 0 0 1
+1 10 10 0 0 2
+1 80 70

fl=(362)
fn=(4034)
24 95 0 38 1 0 0 1
+1 19 19
+1 38 19 19 0 19 0 0 15
cob=(4)
cfi=(175)
cfn=(2138)
calls=19 -26 
* 114 38 0 2 16 0 1
+1 19 19
+1 38 38
-1 19 0 0 1
cob=(4)
cfi=(175)
cfn=(2138)
calls=19 -27 
* 114 38

fl=(382)
fn=(5152)
27 2 1 0 1 0 0 1
+3 2

fl=(110)
fn=(348)
31 2 0 0 1 0 0 1
fi=(111) ./wcsmbs/../sysdeps/x86_64/multiarch/ifunc-evex.h
+7 6 4 0 1 0 0 1
-1 8
+2 6 2
+6 4
-3 4
+9 6
+3 8 0 0 1 0 0 1
fe=(110)
-23 2 2

fl=(246) ./string/../sysdeps/x86_64/multiarch/memchr-avx2.S
fn=(1568) __memchr_avx2
61 158 0 0 5 0 0 1
+7 158
+2 158
+3 158
+1 158
+2 158
+1 158
+1 158
+1 158
+3 157 157 0 0 18 0 0 3
+1 157
+3 157
+1 157
+2 99
+1 99
+11 58 0 0 4 0 0 1
+5 58
+7 58
+1 58
+1 46
+1 46 46
+5 47
+1 47
+1 47
+1 94 47
+4 12
+1 12 12
+4 50
+1 50
+1 50
+1 100 50
+25 100 0 0 1 0 0 1
+1 100
+1 100
+2 100
+10 100 100 0 0 2
+1 100
+3 100
+1 100
+2 97
+1 97
+2 50 50 0 0 8
+1 50
+1 50
+1 50 0 0 1 0 0 1
+69 3 0 0 1 0 0 1
+1 3
+3 1
+1 1
+48 2 0 0 1 0 0 1
+2 2
+2 2
+1 2
+1 2
+1 2
+1 4 2
+20 1 0 0 1 0 0 1
+4 1
+2 1
+1 2 1
+21 1 1 0 1 0 0 1
+1 1
+1 1
+1 1
+43 1 0 0 1 0 0 1
+3 1
+1 1 1
+1 1
+3 1
+1 1
+7 1
+3 1
+1 1
+2 1
+1 1

fl=(257) ./string/../string/strstr.c
fn=(1838) __GI_strstr
77 36 0 24 2 0 0 1
+5 4 4 0 0 4 0 0 1
-5 12 4 4
+5 8 0 0 2 0 0 1
+2 16 0 4 0 0 1
cob=(4)
cfi=(175)
cfn=(1840) 0x0000000004c0f680
calls=4 -84 
* 92 16 0 5 6 0 3 1
* 4
+1 8
+1 8 0 0 2 0 0 1
+75 48 36

fl=(291) ./io/../sysdeps/unix/sysv/linux/read_nocancel.c
fn=(3084) __read_nocancel
25 2 0 0 1 0 0 1
+1 8
+1 2 2

fl=(317)
fn=(3262)
27 153 0 0 2 0 0 1
+1 459 153
-1 1071 0 765 0 0 43 0 0 19
+4 446
+2 140 70
+3 70
fi=(338)
-7 70
fe=(317)
+8 140
fi=(338)
-8 70
fe=(317)
+12 70
fi=(338)
-12 70 0 70
cob=(4)
cfi=(175)
cfn=(3264)
calls=70 -29 
* 1110 280 140 9 19
fe=(317)
+11 210 70 70
-9 140
+2 210 70 0 3 0 0 1
+11 918 918 0 3 0 0 1

fl=(180)
fn=(600)
30 1 0 0 1 0 0 1
+1 2
-1 4 0 3
+1 4 1
+2 3 0 1 1 0 0 1
cob=(4)
cfi=(175)
cfn=(602) 0x0000000004c0f660
calls=1 -33 
* 28 3 0 5 2 0 5
+4 5 1 1 0 0 1
+1 3 2 1
+2 4 4

fl=(254) ./libio/./libio/iofopen.c
fn=(1818) fopen@@GLIBC_2.2.5
85 28 0 12 2 0 0 1
-20 4
+20 8 0 8
-20 4 0 4
cob=(4)
cfi=(175)
cfn=(1426)
calls=4 -65 
* 330 77 39 1 6 1 0 1 1
+2 12 0 0 2 0 0 1
+3 4
+2 8
-2 4 0 4 0 0 2 0 0 1
+2 20 0 4
cfi=(228)
cfn=(1820)
calls=4 563 
* 224 36 112 10 2 10 5 1 4
+1 4
+1 4 0 0 2 0 0 1
-1 4 0 4
+1 4 0 4
cfi=(227)
cfn=(1824) _IO_new_file_init_internal
calls=4 +32 
* 431 131 128 25 2 0 16
+1 20 0 4
cfi=(227)
cfn=(1832) _IO_file_fopen@@GLIBC_2.2.5
calls=4 213 
* 906 217 149 40 14 1 24 4
* 8
-38 8 4
+50 28 24 0 2 0 0 1

fl=(305)
fn=(3214)
77 104891 0 0 1 0 0 1
+3 314673 104891 0 0 104474 0 0 4
+2 104891
+2 209782 0 0 2 0 0 1
-7 419564 0 209782
+11 209782
+2 314610 104870 0 0 10130
-46 104870 104870
+1 419480 104870 0 0 9999
+3 419480 0 104870 1 0 46
+46 314610 104870
+85 104891 104891 0 1 10150 0 1 193
+3 104891 0 104891
+2 104891 0 104891
+3 104891
-63 104891
+66 314673 314673
-93 42 0 0 3 0 0 1
+11 84 21 0 3 0 0 1
+4 21 21 0 0 10
+3 42 21
-67 6 0 6 3
cfi=(355)
cfn=(3990)
calls=3 -7 
* 65 11 5 2 5 0 2 1
* 6 3 0 1
-4 21 21 0 8 0 0 1
+1 84 21
+85 63 21
+1 42 0 21
-83 84 0 21 11 0 0 1

fl=(95)
fn=(312)
29 1 0 0 1 0 0 1
fi=(84)
+11 3 2
-2 4
fe=(95)
-9 2 1
fi=(84)
+12 2 1
+1 3 1 0 1 0 0 1
+3 2
+4 3
+3 5
fe=(95)

fl=(264) ./libio/./libio/fileno.c
fn=(1966) fileno
32 1516 0 0 2 0 0 1
+3 7580 3032 0 0 4
+7 1516 1516

fl=(91)
fn=(300)
29 1 0 0 1 0 0 1
fi=(88)
+12 2 2
-1 4
+2 3 1 0 1 0 0 1
+3 2
+4 3
+3 3 0 0 1 0 0 1
fe=(91)
-23 1 1

fl=(204)
fn=(1160) alloc_perturb
1985 230637 76879 0 2 0 0 1
+2 76879 76879

fn=(1140) malloc
3294 12354872 0 6177436 1 0 1 1
+7 3088718 1544359 0 0 20481 0 0 1
1326 3088716
+19 7691135 0 0 1 0 0 1
3311 3027398
+2 6177436 3088718 0 0 39249 0 0 22
+3 3088680 1544340 0 0 18380
+10 173326 86663 0 1 27027 0 1
+8 450752 112688 56344 0 37347 27561 0 184 40
+2 169032 0 56344
cfn=(1152) _int_malloc
calls=56344 3846 
* 9634399 1709139 1066480 53 175674 55988 2 1760 748
+3 112688
+8 225376 56344 56344 1 0 0 1
+4 169032 56344
fi=(205)
153 169032
-98 55805 55805 0 0 19230
+92 279025
fe=(204)
3351 55805
fi=(205)
147 55805
+6 55805 55805
fe=(204)
3351 112688 0 0 1
+3 519978 433315 0 0 1
3248 76 38 19 1 0 0 1
cfn=(1150) tcache_init.part.0
calls=19 -6 
* 24038 1704 5234 144 105 895 73 3 895
+68 38 19 0 1 5 0 1
+2 4465239 1488413 0 3 21078 0 0 571
3178 2915392 1457696 0 0 48510 0 0 1039
+4 2915392
+4 1457696
+4 1457696
-4 4373088 1457696 1457696 1 99399 0 0 2229
+4 1457696 0 1457696
+1 1457696 0 1457696
3354 8746176 7288480
-26 121276 0 30319 1 0 1 1
cfn=(1152)
calls=30319 3846 
* 4222298 770308 395874 76 395 25234 36 1 25209
+1 151595 30319 0 1 0 0 1
fi=(205)
153 60632
264 1 0 1 1 0 0 1
cfn=(1144) ptmalloc_init.part.0
calls=1 -2 
* 1151 70 160 8 26 35 8 11 33
fe=(204)
1326 2

fn=(2104) _int_free_merge_chunk
4665 330985 0 264788 2 0 1 1
+1 66197
-1 198591 0 132394
+5 397182 66197 0 0 19639 0 0 190
+3 132394 66197 0 1 2 0 1
+5 198591 66197 0 0 37829 0 0 468
+3 132394
+1 132394
+1 132394 66197 0 0 19592 0 0 244
1992 198591 66197
4689 132394 66197 0 2 0 0 1
+2 26465 26465
+2 26465
-1 26465
+2 105860 26465 0 0 7308 0 0 81
+2 52930 0 26465
cfn=(2576) unlink_chunk.isra.0
calls=26465 1608 
* 719247 302040 98117 6 7397 0 0 83
+18 132394 66197
+6 92450 46225 0 0 15123 0 0 127
+4 36597 0 36597
+9 36597 36597 0 3 0 0 1
-1 36597
+1 109791
+1 73194 36597
-1 9628 9628
-1 9628
+1 28884
+1 19256 9628
+2 46225 0 46225 0 0 5 0 0 1
+2 92450
+5 46225 0 46225
+1 46225 0 46225
+2 138675 0 46225
+1 46225 0 46225
-45 46225
-1 92450
+1 277350 277350
-1 46225
cfn=(2106) _int_free_maybe_consolidate
calls=46225 +69 
* 1109400 462250 323575 3 17 0 2 5
+1 19972
-1 39944
+1 119832 119832
-1 19972
cfn=(2106)
calls=19972 +69 
* 1025620 341504 161723 16 0 36 13 0 24
+39 108444 0 36148 2 0 26 1 0 6
+16 19972 0 0 2
+1 59916 0 19972
+1 39944 0 19972 2 0 0 1
-37 9628
+1 9628
-1 9628 0 9628
cfn=(2576)
calls=9628 1608 
* 202191 86653 28884
+1 9628
-47 31497 10499 0 3 100 0 1
-2 20998

fn=(2106)
4770 728167 66197 463379 4 17 0 1 5
+6 132394
+22 728167 595773 0 1 0 0 1
-20 79080 19770 0 1
+3 59310
fi=(205)
55 19770 19770
fe=(204)
4792 19770 19770
fi=(205)
55 39540 0 0 1 0 0 1
+92 19770
fe=(204)
4794 39540 19770
+1 19770 19770
fi=(205)
545 19770
fe=(204)
4795 19770 0 19770
fi=(205)
545 39540
+27 19770 0 0 1 0 0 1
55 39540
585 19770 0 0 1 0 0 1
+1 39540 19770
+5 222 37
+4 111 37
+1 111 0 0 1 0 0 1
fe=(204)
4779 18 0 18 1 0 0 1
cfn=(4042) malloc_consolidate
calls=18 +32 
* 12022 3320 2131 7 0 36 7 0 24
* 18
fi=(205)
585 39540 19770 0 1 0 0 1
fe=(204)

fn=(1152)
3846 953733 86703 606921 5 0 3 2
1326 173406
+19 510184
3887 153338
1794 76669 76669 0 1 0 0 1
3914 153338
+65 20854
-63 41708
+3 10427 10427 0 0 1
+2 20854
+2 200
-6 100
+9 200 100 0 1 0 0 1
+6 200 100
+1 200
+7 100 100
-1 200
+1 500 200 0 1 0 0 1
+5 200 200
3165 100
3945 100
+1 200
3165 205 205 0 0 1
-2 205 205
+4 205
-2 205 0 205
3945 205
3163 205 0 205
+3 205 0 205
+1 205 0 205
3946 1322 304 0 1 0 0 1
+2 410
+2 615 205
+27 132484 0 0 1 0 0 1
+62 460951 0 0 4 0 0 1
+1 167967 55989 0 1 1
+20 86602 86602 0 1 0 0 1
-1 86602
-1 86602
+1 173204 0 86602 0 0 10 0 0 1
+1 173204 86602 0 0 1
-2 173164 86582 0 1
+12 433010 86602 86602 1 27126 0 1 46
-1 38408 0 19204
+4 38408 19204 0 0 9786 0 0 41
+1 19204
+2 38408
-3 16 8
+1 8
+2 16
+1 57636 19212 0 2 7519 0 1 32
+2 19212 19212 0 0 103
+1 76848
+2 76848 19212
-10 19212 19212 0 0 9829 0 0 36
+12 38424 19212 0 1 0 0 1
+1 38424 19212
+2 38424
+11 76832
+29 19089 0 19089
+1 19089 0 19089
+4 38178
+29 37946 0 0 3 0 0 1
+8 162248 0 9600 1 0 0 1
+1 9600
+1 9600 9600 0 0 9599 0 0 77
-1 9600
+4 19200
-4 9362 0 0 2
+1 9362 9362 0 0 9356 0 0 22
-1 9362
+4 18724
3929 1800 200 100 1 0 0 1
-42 20068 0 0 1 0 0 1
+27 20068 10034
+66 30614 0 0 1 0 0 1
+2 30614 30614 0 0 117
-2 30614
+2 61228
+2 1 1
+1 2 1
+6 1 0 0 1 0 0 1
-4 1 0 1
+1 1 0 1
+1 1 0 1
+2 2
+7 4 2
-1 2
+1 2 1
+5 5 2
+1 2
-50 3294 410 205 3 1 0 2
-40 30102 0 0 1
1345 10034
3919 20068 10034 0 0 19 0 0 18
+2 20068
+9 61083 0 0 2 0 0 2
4041 4 0 2 2
cfn=(4042)
calls=2 4811 
* 1238 333 218 8 4 1
* 2
+93 116
+1 116
-1 116 0 116
+1 232
+1 15 0 15
-15 15
+19 30
-19 101
+19 202
1985 648 216
4487 1040436 780327 0 3 0 0 2
1985 1 1
4020 1
1985 2
3165 615 205
+2 410 205 0 1 0 0 1
4163 30 0 15 2
+1 45
+1 15 15 0 0 7
-1 15
+57 30 15
+9 15 0 15
-9 30
+9 15 15
-9 45 0 15 2 0 1
+1 15 0 15
+1 15 0 15
+1 15 0 15 0 0 1
+1 15 0 15
+6 30
-10 37924 18962 0 3 0 0 1
+9 18962 0 18962
-9 37924
+9 18962 18962
-9 56886 0 18962 2 0 0 1
+1 18962 0 18962
+1 18962 0 18962
+1 18962 0 18962
+1 18962 0 18962
+6 37924
4070 56931 18977 0 1
4246 37938
+11 259101 0 0 1 0 0 1
+2 167619
+3 55873 55873 0 0 37659 0 0 961
-3 55873
+3 111746
+1 86367 0 0 2 0 0 1
+71 259101
-4 86367
+1 86367
+1 86367
-1 86367
+1 86367
+1 172734 86367 0 0 19742 0 0 27
+1 259101
+5 374036 0 0 2 0 0 1
+16 28373
+2 56746
-4 95140
+8 19197 19197 0 0 16490 0 0 294
+3 38394
+2 9590
+1 9590
+1 9590
-2 38360 0 9590
-27 9590
-99 75908 18977 18977 3 0 0 1
4099 250 125 0 2 0 0 1
+2 123
-1 246
+27 4 0 4 1 0 0 1
+1 4 0 4
+4 8
+29 9370 0 0 1
+8 46810 0 9362 1 0 0 1
+49 18962
-48 18962
+48 56886 0 18962
4343 258495 0 0 2 0 0 1
+3 200784 50196
-3 122385
+3 121948 30487 0 1 0 0 1
-3 91455
+3 81344 20336
-3 40668
4443 76760 76760 0 2 0 0 1
+1 153520 76760 0 0 14416 0 0 16
+2 153520 76760 0 0 209
+3 230280
+17 200 50 50 0 1
4070 10253 0 0 3 0 0 1
-91 61518
4343 9405 0 0 1 0 0 1
+5 37620
+1 18810
+24 38428 9607 0 1 6907 0 0 97
+3 19214
+2 9607 0 0 2 0 0 1
+3 19214 0 9607
-3 19214 0 9607
+3 9607 0 9607
cfn=(2576)
calls=9607 1608 
* 316959 134468 48023 3 6907 0 3 94
+3 38428 19214
+15 19212 9606
-5 9606
+5 19212
+1 19212 9606 0 2 0 0 1
+3 9606 0 9606 0 0 9601 0 0 118
+1 9606 0 9606
+1 9606 0 9606
+3 19212
+1 8 0 8
+1 19212
+2 8 0 4
+3 32 0 4 1 0 0 1
+2 12 0 4
+1 4 0 4
1985 4 4
4421 4
1985 8
4415 76816 0 9602 1
+2 28806 0 9602 0 0 1
+1 9602 0 9602
1985 9602 9602
4421 9602
1985 19205 1
4421 1
1985 2
4387 1 0 0 1 0 0 1
-1 1 0 1
+1 2
4105 119 0 0 2 0 0 1
-1 119
+3 119
-1 119 0 119
+1 238 0 119
+1 357 0 119 2 0 22 1
+1 238
+2 194 0 97 0 0 4
+4 97
+6 97
-6 97
+7 97
-7 582 0 97
+2 291 0 97 0 0 1
+5 97
-4 97 0 97
+4 97 0 97
cfn=(1160)
calls=97 1985 
* 388 194
-7 22
+6 22
-6 22
+7 22
-7 132 0 22
+2 66 0 22 1 0 1
+5 22
-4 22 0 22
+4 22 0 22
cfn=(1160)
calls=22 1985 
* 88 44
+1 119
2552 50 50 0 1 48 0 1
+12 50 50 0 0 48
-12 250 50 100 0 47
+12 50 0 0 1 0 0 1
+1 9 6
+3 12 3
+8 15 3 6
cfn=(1886) sysmalloc_mmap.isra.0
calls=3 2400 
* 368 75 63 19 4 5 11 1 3
* 3
+1 6
4482 6
-22 230280 0 76760 1 0 35 1 0 21
cfn=(1160)
calls=76760 1985 
* 307040 153520 0 2 0 0 1
+1 76760
-9 153420 0 0 1
+2 153420
-1 76710 0 76710
+1 76710 0 0 2 0 0 1
-3 76710
+3 76710
+2 76710
-2 306840 0 76710
+2 76710 0 76710 0 0 71535 0 0 25806
+3 153420
2553 47 0 47 3 0 0 1
+36 141 47
+1 47
-1 47 0 47
+1 47 0 47
+9 464 138 0 3 0 0 1
+6 138 92
+3 141 0 0 3 0 0 1
2921 141 94 0 2 0 0 1
+1 47 0 47
+4 47 47
+4 235 94 0 3 0 0 1
+5 47
-2 47
+5 47
-3 94
-3 47
+2 47 0 47
+1 47
+1 47
-1 141 0 47
+1 47 0 47 0 0 46 0 0 46
4482 47
2669 141 47 47 3 0 0 1
+8 94 47
+1 141 47 47
+13 47 47
+2 47 47
-2 94 0 0 3 0 0 1
+8 235 47 47
+8 94
+48 4 2 0 1 0 0 1
+40 3 0 0 1 0 0 1
+19 2 1
+3 2
+1 6 1 0 1 0 0 1
+2 1
+1 5 0 4
cfi=(207)
cfn=(1154)
calls=1 25 
* 33 11 6
+12 4 3
-12 1
+12 1
2008 4 1 0 1 0 0 1
3882 1
2873 1
+3 1
-1 1 0 1
+1 4 0 1 0 0 1 0 0 1
+12 1 1
-11 1 0 1
+11 2 0 0 1 0 0 1
2783 1
-1 2
2017 2 2 0 1 0 0 1
2745 1 0 1 1 0 0 1
+1 1
+6 3 1
-6 1 0 1
+6 3
-6 46 0 0 2
+6 138 46
-6 46 0 46
+6 230
+1 276 46 46
-44 141 0 94 3 0 0 1
cfi=(207)
cfn=(1154)
calls=47 25 
* 2318 614 378 17 138 1 6
+1 94 47
-1 47 0 0 3 0 0 1
+1 47
2008 47 47
2711 47
2008 141
2712 47
+3 94
+29 325 139 0 2 1 0 1 1

fn=(1744)
3359 1544700 0 0 2 0 0 1
+4 3089400
-4 4633176 0 3088784 2 0 0 1
+14 1544392
-14 4633176 0 3088784 0 0 1
+12 1544392 1544392 0 0 40522
+4 1544392 1544392 0 0 30067 0 0 212
-4 1544392 1544392 0 0 40698 0 0 154
+4 3088784
+17 4633167 3088778 0 0 39515 0 0 129
fi=(205)
153 4633167
-98 217029 217029 0 1 20177
+92 1302174
+6 217029 217029 0 0 24028 0 0 199
fe=(204)
3398 651087 0 217029
cfn=(1748) _int_free
calls=217029 4495 
* 18059747 5105711 2865023 27 157520 31 7 823 7
* 3982080 0 1327360 1 0 0 1
cfn=(1748)
calls=1327360 4495 
* 73343132 20317491 10787649 37 25644 3 15 427
+3 1544389 0 1544389
+1 9266334 7721945
-23 9 3 0 1 0 0 1
+2 12 3 0 0 1
+2 3
+1 3
-1 3 0 3
+1 3 0 3
+1 3
+3 6 0 3
cfn=(4908) munmap_chunk
calls=3 3024 
* 108 24 9 4 2 0 2
+13 3 0 3
+1 326 323 0 2 0 0 1
3248 81 40 21
cfn=(1150)
calls=1 -6 
* 429 44 112 2 4 1 2 2 1
3395 3 2

fn=(1886)
2400 15 0 12 2 0 1 1
+13 9
-13 3
+18 6
+3 27 0 3 2 0 0 1
cfi=(260)
cfn=(1888)
calls=3 47 
* 78 12 9 3 0 0 3
* 3
+3 6 0 0 2 0 0 1
+4 6
2008 12 3
2432 12 0 3
cfi=(261)
cfn=(1890)
calls=3 33 
* 101 33 18 6 4 1 3 1
+16 9
+19 3 0 0 2 0 0 1
-1 3 0 3 0 0 3 0 0 3
+5 3
-4 6 0 3
+4 6 3 3
+1 15 3 3
+3 9 3 3 2 0 0 1
+1 15 3 3
+5 21 15

fn=(4908)
3024 3 0 3 1 0 0 1
+2 3 3
-1 3 3 0 0 1
+1 6
+2 3
-3 3 3 0 0 1
-1 3
+4 3
+3 6 3
+7 3
-8 3
+9 3
-8 3
+1 3
+6 9
+1 12 0 0 1 0 0 1
+3 3 3 3
+1 9 3 3
+6 3 3
-1 6
cfi=(303)
cfn=(3348)
calls=3 117 
* 18 3 0 2

fn=(1150)
3242 80 0 40 3 0 0 1
+9 84 40 1 0 11 0 0 1
+1 6 0 2 1 0 0 1
cfn=(1152)
calls=2 3846 
* 634 106 65 42 6 2 42 2 2
+1 4
+8 8 2 2
+9 20 20 0 1
fi=(210) ./malloc/../string/bits/string_fortified.h
59 40
fe=(204)
3270 20 0 20
fi=(210)
59 1720 0 1620 1 0 172 1 0 172
fe=(204)
3274 60 60 0 0 1
fi=(205)
824 19 0 19 1 0 18 0 0 18
cfn=(3342) get_free_list
calls=19 703 
* 364 156 82 7 0 0 5
* 19
+1 92 0 18
cfn=(3344) arena_get2.part.0
calls=18 -7 
* 18669 932 3207 86 90 686 23 2 686
fe=(204)
3252 72 0 18 1 0 0 1
cfn=(1152)
calls=18 3846 
* 2376 414 234 1 1 18 0 0 18
+1 36
+7 36
+8 36
-7 72 18 18 2 0 0 1

fn=(3208)
3699 40 0 20 2 0 0 1
+10 20
-10 140 0 100
+10 160 0 0 2 0 0 1
+8 40 20
+3 60 40
+2 40 20 0 2 0 0 1
+3 160 40 20 0 2
+7 20 20
+8 20
-7 40 20
+7 40 0 0 1 0 0 1
+14 60 0 20
cfn=(1152)
calls=20 +92 
* 3036 553 290 8 11 27 7 0 19
+2 140 20 0 2 0 0 1
fi=(205)
153 40
fe=(204)
3837 8 7 0 1 0 0 1
-68 80 20 20 1 0 0 1
+15 20 20
+3 80
+9 20 20
-12 20
+12 40
+3 100
+8 20 0 0 2 0 0 1
+2 40
+2 40
+5 1
+2 1 0 1
-2 1 0 1
+3 2
+2 1 0 1
+2 2
-67 60 0 0 2 0 0 1
+3 40 20 0 2 0 0 1
+78 19 0 0 1 0 0 1
fi=(210)
59 38
fe=(204)
3837 114 114
fi=(210)
59 19
cob=(4)
cfi=(175)
cfn=(3210) 0x0000000004c0f740
calls=19 -59 
* 722 57 228 4 9 77 4 0 77
fe=(204)

fn=(1748)
4495 10812746 0 6178712 6 0 2 1
+4 4634034 1544678 0 4 0 0 1
+6 6178712
+1 3089356
+4 7723390
+8 6178712 3089356 0 6 0 0 1
-1 3088740
+1 3088740 1544370 0 0 19793
+29 1488428 1488428
-20 1488428 1488428 0 0 11937 0 0 1
-6 1488428
+6 2976856 1488428 0 0 5076 0 0 46
+20 5953712 1488428 0 3 3042 0 1 24
1792 86837 86837 0 0 19623
4561 173674
+11 82560 20640 0 0 5158 0 0 71
+2 61920 20640 0 0 15
1992 20640 20640 0 2 0 0 1
4593 20640
1992 41280
4595 20640 0 20640 0 0 16
+1 20640
+4 41280
+2 20640 20640
-2 20640 20640 0 0 18 0 0 14
+2 20640
+26 82242
+30 9268050 7723375 0 2 0 0 1
-21 132394 66197
+3 132394 66197 0 0 9609
+3 132388 0 0 2
+15 3 0 0 1 0 0 1
-12 3
+12 12 12
-12 3
cfn=(2104)
calls=3 +19 
* 282 81 60 8 6 0 8
-49 20640
+22 20640
-22 41280
+22 61920 0 20640
+2 82560 20640 20640
+1 41280
-6 41280 0 0 2 0 0 1
3163 1457841 1457841 0 2 0 0 1
+4 1457841
-4 1457841 0 1457841
+2 5831364 1457841 1457841 0 2097 0 0 24
+1 1457841 0 1457841
+1 1457841 0 1457841
4550 1457841
+94 264776 0 66194 2 0 0 1
+2 132388 0 66194
cfn=(2104)
calls=66194 +19 
* 7328762 2255031 1389328 34 107001 68 14 1198 31
+3 264776 66194 66194 1 0 0 1

fn=(2576)
1608 45844 0 45844 4 0 0 1
+2 137532 45844
-2 45844
+2 91688 45844 0 0 3
+3 45844 45844 0 0 7310 0 0 95
+1 91688 45844
+2 183376 91688 0 4 87 0 1 1
-3 45844 45844
+6 45844 0 45844
+1 45844 0 45844
+1 200000 36104 0 0 6904 0 0 81
+2 37924 18962
+1 56886 37924
+3 37924 18962
+14 18962 0 18962
+1 18962 0 18962 2 0 0 1
+3 91688 91688

fn=(4042)
4811 20 0 20 2 0 0 1
+17 20
-17 100 0 60 2 0 1 1
+28 20
-28 60 0 40 0 0 18 0 0 12
+15 20 0 20
+2 20 0 20
+13 40 20 20
+1 40
-1 360 180 180
+1 360
+62 600 200
+1 160 140
-31 252 126 0 2 2 0 1
+4 142 0 71
+2 71 71
+1 142 0 71
+1 142 71 71
+2 142
-4 55 55
+1 110 0 55
+1 110 55 55
+2 110
+1 148 0 74
+4 74
+2 74 0 74
-2 148 0 74
+3 74 0 74
+9 148
-12 52
+2 52 0 52
-2 104 0 52
+3 52 0 52
+9 215
-56 280 0 0 2 0 0 1
+4 420 140 0 0 1
+1 560
+8 140
-3 280 140 0 2 0 0 1
+3 140
-3 140
+4 140
-4 140
+5 140 140 0 0 1
-5 140
+5 280
+2 280
+1 89 89
+2 89
-1 89
+2 356 89
+2 623 0 534 0 0 10 0 0 7
cfn=(2576)
calls=89 1608 
* 2097 877 267
* 445 445
+3 280 140 0 2 0 0 1
+25 14
+1 28 0 14
+1 28 0 14
-23 55 0 0 2 0 0 1
+1 165 0 110
+16 110 0 55
-16 55 0 55 0 0 8 0 0 5
cfn=(2576)
calls=55 1608 
* 1200 510 165 1
* 220 165

fl=(227)
fn=(1824)
106 24 0 8 2 0 0 1
+5 4 0 4
-1 4 0 4
+3 4 0 4
cfi=(228)
cfn=(1826)
calls=4 -26 
* 379 119 104 23 2 0 15
+1 4 0 4
+1 12 12

fn=(2124)
128 28 0 16 2 0 0 1
+2 12 4
+4 8 4
+3 4
-3 4
-1 8 0 0 2 0 0 1
+6 4
+3 4
-3 4 0 4
cfi=(228)
cfn=(2126)
calls=4 937 
* 56 20 8 4 2 0 2
+3 12 8
fi=(231)
1025 12
+1 8
fe=(227)
142 8 4 4 2 3 0 1
cfn=(2128) _IO_file_close
calls=4 1165 
* 36 8 0 6 0 0 5
* 4
+3 12 4 0 0 2
+8 20 0 4 2 0 0 1
cfi=(228)
cfn=(1428)
calls=4 329 
* 116 32 32 2
+1 4
+3 4
-3 12 0 12
+3 4 0 4
cfi=(228)
cfn=(2120)
calls=4 53 
* 16 8
+5 4
-4 4 0 4
+1 4 0 4
+3 4 0 0 2 0 0 1
-2 4 0 4
+3 28 20

fn=(1430) _IO_do_write@@GLIBC_2.2.5
424 50 0 0 5 0 0 1
+2 150
+1 1 1
-3 147 0 98
fi=(231)
1025 49
fe=(227)
424 392 0 196
+20 49 49
-10 98 49 0 5 0 0 1
+7 196 98
fi=(231)
1025 98 0 0 5 0 0 1
+1 98
fe=(227)
449 196 49 49 0 3
cfn=(1436) _IO_file_write@@GLIBC_2.2.5
calls=49 1174 
* 4508 1045 708 44 81 40 21 16
* 49
+1 147 49
+2 49 49 0 28 20 0 1
+4 98 49 0 0 20
-3 98 0 49
-1 98 0 98
+4 98
-30 98
+28 49 0 49
-28 98
+1 392 343 0 0 20
+28 98 49 0 5 0 0 1

fn=(1832)
213 48 4 28 2 0 0 1
+9 8 4
+2 26 4 0 3 4 0 1 2
+23 24 4 0 2 0 0 1
357 48 36 0 1 0 0 1
224 4 0 0 1
+57 16 0 4 2 0 0 1
cfn=(1834) _IO_file_open
calls=4 -99 
* 424 105 81 15 0 0 11
* 4
+3 8
+3 12 0 4
cfi=(257)
cfn=(1838)
calls=4 77 
* 236 60 32 11 10 1 6 2
* 4
+1 8
-74 3 0 0 1 0 0 1
+13 3
+1 6
+19 24 0 0 2 0 0 1

fn=(1834)
182 8 0 4 2 0 0 1
+3 4
-3 40 0 12
+2 8 4 0 2 0 0 1
+4 4 0 4
cfi=(256)
cfn=(1836)
calls=4 30 
* 188 41 29 7 0 0 7
* 4
+1 8
+3 8 4
+3 4
-4 4 0 4
+1 12
+3 4
-3 4 0 4
+3 4
+10 8 0 4 2 0 0 1
cfi=(228)
cfn=(1826)
calls=4 87 
* 84 36 20
+1 4
+1 24 20 0 2 0 0 1

fn=(3066)
793 266 0 114 3 0 0 1
+5 152 76 0 0 1 0 0 1
+1 75 25
+1 38 38 0 4 0 0 1
+1 76 38
+11 76 0 38 2 0 0 1
+4 190 152 0 0 19
-17 50 0 25 2
cfn=(1430)
calls=25 424 
* 3850 950 650 64 133 38 17 16
* 50 0 0 2 0 0 1

fn=(1416)
732 680 0 340 8 0 0 2
+1 340 85
+7 423 85
+37 84 84
-2 168
+3 126 63
+3 189 0 126 2 0 1 0 0 1
+1 189 63
+1 252
+4 63
+1 378 315
-45 2 0 0 1 0 0 1
+12 2 0 0 1 0 0 1
+9 3 1
+5 3 1 2
+2 2
-5 1 0 1
+5 1 0 1
+1 1 1
-5 1 0 1
+1 1 0 1
+4 2
-7 1
+10 2 0 0 1 0 0 1
+13 22 0 0 1
-12 22
+1 22
+11 88 88
-12 22
cfn=(1430)
calls=22 424 
* 3190 788 537 13 3 0 2
+9 6 6 0 2
-1 3
+1 3
-1 3 0 3
cfn=(1430)
calls=3 424 
* 364 92 60 15 8 2 7
* 6
-12 2 0 0 1 0 0 1
+1 2 0 1
-28 2 0 1 1 0 0 1
cfi=(228)
cfn=(1418)
calls=1 343 
* 310 70 40 15 4 1 15 0 1
+1 1 1
+9 1 1
-9 5 0 2

fn=(5148)
382 6 0 2 1 0 0 1
+1 1 0 1
cfi=(228)
cfn=(5150)
calls=1 +69 
* 69 18 17 4 0 0 4
* 2
+3 1 1
+4 2
-2 3 0 3
+3 3 3

fn=(1414) _IO_file_xsputn@@GLIBC_2.2.5
1198 910 0 650 3 0 0 1
+7 130
-7 260 0 130 0 0 24
+6 520 0 0 4 0 0 1
+9 260 130
-2 520 130
+17 3 1
+1 108
+5 108
+2 216 0 108
+2 108
-4 108
+2 108
+2 108
-1 108
-1 108 0 108
cob=(4)
cfi=(175)
cfn=(1720) 0x0000000004c0f430
calls=108 0 
* 1969 407 191 8 26 52
-2 21
+2 42 0 21
+2 21
-4 21
+2 21
+2 21
-1 21
-1 21 0 21
cob=(4)
cfi=(175)
cfn=(1720)
calls=21 0 
* 350 79 37 4 3 4 2
+2 129 129
-2 129 0 129
+4 258
+28 1170 910 0 1 0 0 1
-55 129 129 0 3 28
+4 129
-4 129
+1 258
-14 1 0 0 1 0 0 1
+44 1 1
fi=(231)
1025 3
+1 2
fe=(227)
1244 21 21 0 2
fi=(231)
1025 63
+1 42
fe=(227)
1244 66 22 22
cfn=(1416)
calls=22 732 
* 4146 1016 675 38 7 1 24 0 1
* 44
+6 44 44
+1 110 0 0 3 0 0 1
+2 66
+11 44
+1 4 0 1
cfi=(228)
cfn=(1432)
calls=1 371 
* 3683 954 452 11 0 1 11 0 1
+2 3
-48 2601 867
-2 2058 0 0 4 0 0 1
446 42
1221 21
+11 63
444 42 0 0 3 0 0 1

fn=(2134)
168 20 0 12 2 0 0 1
+1 4 4
-1 4
+1 4
+6 8 0 0 2 0 0 1
+1 12 12
-1 4
cfi=(228)
cfn=(2136)
calls=4 601 
* 80 28 8 4 0 0 2

fn=(1422)
1147 1 0 0 1 0 0 1
+1 2 1
cfi=(230)
cfn=(1424)
calls=1 30 
* 6 1 0 2 0 0 2

fn=(1436)
1174 392 0 245 3 0 0 1
+2 196
-1 98
+6 49 0 49
cfi=(232)
cfn=(1438)
calls=49 25 
* 2646 604 414 38 41 40 19 16
+1 98
+5 49
+1 49
-12 98
+4 147 49 0 3 0 0 1
+1 98 49
+10 147 49 0 0 20
+3 294 294 0 0 20
-4 147

fn=(2128)
1165 4 0 0 2 0 0 1
+3 8 4
cfi=(272)
cfn=(2130)
calls=4 25 
* 24 4 0 4 0 0 4

fl=(128)
fn=(398)
29 1 0 0 1 0 0 1
fi=(109)
+6 5 2
+1 3 1
+3 2
+4 3 0 0 1 0 0 1
+3 4
fe=(128)
-17 1 1

fl=(115)
fn=(358)
29 1 0 0 1 0 0 1
fi=(400)
+7 5 2
fe=(115)
-7 1 1

fl=(134)
fn=(418)
29 3 0 0 2 0 0 1
fi=(135) ./string/../sysdeps/x86_64/multiarch/ifunc-evex.h
+9 9 6 0 2 0 0 1
-1 12
+2 9 3
+6 6
-3 6
+9 9
+3 12
fe=(134)
-25 3 3

fl=(81)
fn=(280)
86 1 0 0 1 0 0 1
fi=(82) ./string/../sysdeps/x86/cacheinfo.h
-27 1 1
+3 3 1 0 1 1 0 1
+2 1
+1 1 0 1 0 0 1 0 0 1
-1 2 0 1
+7 3 1
+2 1
+1 1 0 1
-1 2 0 1 1 0 0 1
+5 2 1 1 0 0 1 0 0 1
+2 2 1 1
+1 2 1 1
+1 2 1 1
+2 2 1 0 1 1 0 1
+2 2 1
fe=(81)

fl=(200)
fn=(1080)
67 84 0 60 1 0 0 1
-26 24 0 0 1 0 0 1
+2 96 0 12 0 0 1
+1 24 0 12
cfn=(1082) __new_exitfn
calls=12 +36 
* 440 96 73 4 3 0 4 1
+2 24
+8 12 0 12 0 0 6 0 0 6
-2 12
+3 12 0 12 1 0 0 1
+1 12 0 12
-4 24 12
+1 12 0 12
+4 48 12 12
+1 12
+11 72 72

fn=(1082)
80 12 0 0 1 0 0 1
+6 24 12 0 0 1 0 0 1
-6 48 0 36
+11 24 12 0 0 1
-10 12
+10 48
+2 24 12 0 0 1
+1 55 11
-1 24 0 0 1 0 0 1
-2 1 1
+10 1 0 1
-10 3
+13 22
+25 11
+1 22 0 11
-1 22
+7 11 0 11
+5 33 22
-4 11 0 11
+4 22 22
-5 1 0 1 1 0 0 1
+5 3 2
-4 1 0 1
+4 2 2
-18 1 0 1 1 0 0 1
-1 1
+12 1

fl=(298)
fn=(3192)
24 38 0 19 1 0 0 1
+1 38
-1 76 0 19
+1 38 0 19 0 0 9
+1 57 0 19
cfi=(299)
cfn=(3194)
calls=19 -1 
* 855 342 285 3 9 8 3
+1 76 19 19 1 0 0 1
+2 57 57

fl=(98)
fn=(320)
29 3 0 0 2 0 0 1
fi=(99)
+28 9 6
-1 6
+4 9 3 0 2 0 0 1
+14 6
+3 6
+8 6
+8 6 0 0 2 0 0 1
+3 15 3 0 2 0 0 1
fe=(98)

fl=(310)
fn=(3228)
42 1 0 0 1 0 0 1
+2 1
+1 1
+1 1
+1 1
+1 1
+4 1
+3 1
+5 1
+2 1
+1 1
+23 5 2 1 1 0 0 1

fl=(126)
fn=(386)
31 1
fi=(114)
+6 2 2 0 1 0 0 1
-1 4
fe=(126)
-5 2 1
fi=(114)
+7 3 1 0 1 0 0 1
+3 2
+4 3
+3 4
fe=(126)

fl=(306)
fn=(3216)
367 104891 0 0 2 0 0 1
51 314673 104891 0 0 7
+1 209782 0 0 2 0 0 1
367 314673 0 104891
57 209782
+8 104891 0 104891
-3 104891 0 104891
-23 104891 104891
+1 419564 104891 0 0 4
+30 104891
+2 104891
369 209782 209782 0 0 1
43 419574 104891 104901 1
cfi=(355)
cfn=(3992)
calls=5 +20 
* 35 5 0 1 1 0 1
* 10 5
+31 42 0 0 1 0 0 1
+6 84 21 0 3 0 0 1
+4 63 42
+3 42 0 21

fl=(96)
fn=(316)
31 1 0 0 1 0 0 1
fi=(97)
+9 3 2
-1 4
+2 3 1
+3 2
+4 4
fe=(96)
-17 1 1

fl=(138)
fn=(428)
33 1
fi=(99)
+24 3 2
-1 2
+4 3 1 0 1 0 0 1
+14 2
+3 2
+8 2
+8 2 0 0 1 0 0 1
+3 5 1 0 1 0 0 1
fe=(138)

fl=(249) ./string/../sysdeps/x86_64/multiarch/memmove-vec-unaligned-erms.S
fn=(1722) __mempcpy_avx_unaligned_erms
242 129 0 0 4 0 0 1
+1 129
+1 129
+1 129
+17 129
+1 129
+2 6 6
+1 6
+1 6
+3 6 6
+1 6 0 6
+1 6 0 6
+3 12 6
+30 123
+1 123
+2 83
+1 83
+2 73
+4 73
+1 42
+1 42
+1 42 42
+1 42
+1 12 12
+1 12 0 12
+2 12 0 12
+2 12 12
-2 30 0 30
+2 30 30
+6 31 31
+1 31 31
+1 31 0 31
+1 31 0 31
+1 31 31
+7 40 40 0 1
+1 40 40
+1 40 0 40 0 0 28
+1 40 0 40 0 0 28
+2 40 40
+17 10 10 0 2
+1 10 10
+1 10 0 10
+1 10 0 10
+1 10 10

fn=(1606) __memcpy_avx_unaligned_erms
255 1718 0 0 2 0 0 1
+1 1718
+6 1718
+1 1718
+2 501 501 0 0 1
+1 501
+1 501
+3 300 300
+1 300 0 300
+1 300 0 300
+3 600 300
+30 1217
+1 1217
+2 1112
+1 1112
+2 1098
+4 1098
+1 96 0 0 1 0 0 1
+1 96
+1 96 96
+1 96
+1 86 86
+1 86 0 86 0 0 1
+2 86 0 86
+2 86 86
-2 10 0 10
+2 10 10
+6 1002 1002
+1 1002 1002
+1 1002 0 1002 0 0 22
+1 1002 0 1002
+1 1002 1002
+7 105 105 0 1 30 0 0 3
+1 105 105
+1 105 0 105
+1 105 0 105
+2 105 105
+17 14 14 0 2 1 0 1 1
+1 14 14
+1 14 0 14
+1 14 0 14
+1 14 14
+7 100 100 0 1
+1 100 100
+1 100 0 100 0 0 50 0 0 50
+1 100 0 100
+1 100 0 100
+1 100 0 100
+1 200 100
+5 201 201 0 1 2 0 1
+1 201
+5 200
+1 200
+2 100 100
+1 100
+1 100
+20 100 0 0 1 0 0 1
+1 100
+4 100
+2 100 0 0 1 0 0 1
+4 100 100 0 0 1
+1 100
+11 100
+3 100
+2 100
+2 100
+4 100
+1 100
+9 94 94
+1 94 94
+2 94
+2 94
+1 94 94 0 1 0 0 1
+1 94 94
+3 94
+2 94
+2 94
+2 188
+6 94 94
+1 94 94
+1 94 94
+1 94 94
+1 94
+1 94 0 94 0 0 71 0 0 71
+1 94 0 94 0 0 46 0 0 46
+1 94 0 94 1 0 48 1 0 48
+1 94 0 94 0 0 46 0 0 46
+1 94
+1 94
+1 94
-11 188 188
+1 188 188
+1 188 188
+1 188 188
+1 188
+1 188 0 188 0 0 96 0 0 96
+1 188 0 188 0 0 92 0 0 92
+1 188 0 188 0 0 96 0 0 96
+1 188 0 188 0 0 92 0 0 92
+1 188
+1 188
+1 188
+2 94 0 94 0 0 46 0 0 46
+1 94 0 94 0 0 48 0 0 48
+1 94 0 94
+1 94 0 94
+2 94 0 94
+4 188 94
+13 6 6
+1 6 6
+2 6 0 0 1 0 0 1
+1 6 6
+1 6 6
+2 6
+2 6
+2 12
+6 6 6
+1 6 6
+1 6 6
+1 6 6
+1 6
+1 6 0 6 0 0 4 0 0 4
+1 6 0 6 1 0 4 1 0 4
+1 6 0 6 0 0 2 0 0 2
+1 6 0 6 0 0 4 0 0 4
+1 6
+1 6
+1 6
-11 12 12
+1 12 12
+1 12 12
+1 12 12
+1 12
+1 12 0 12 0 0 4 0 0 4
+1 12 0 12 0 0 8 0 0 8
+1 12 0 12 0 0 4 0 0 4
+1 12 0 12 0 0 8 0 0 8
+1 12
+1 12
+1 12
+2 6 0 6 0 0 4 0 0 4
+1 6 0 6 0 0 2 0 0 2
+1 6 0 6
+1 6 0 6
+2 6 0 6
+1 12 6
+47 1 0 0 1 0 0 1
+1 1
+4 1
+2 1
+3 1
+4 1 1 0 0 1
+1 1
+68 1 1 0 1 0 0 1
+1 1
+1 1
+5 1
+1 1
+1 1
+7 1 1 0 1 1 0 1
+6 1 0 1
+2 1 0 1 0 0 1 0 0 1
+8 1
+1 1
+2 1
+2 1
+2 1
+2 1
+8 1
+1 1
+1 1
+1 1
+5 1
+1 1
+1 1
+3 1 0 0 1 0 0 1
+2 2
+5 1
+2 2
+1 2
+1 2
+1 2 0 0 1 0 0 1
+2 4 4 0 0 1
+1 4 4 0 0 2
+1 1 0 0 1 0 0 1
+2 4 0 4 0 0 1 0 0 1
+1 4 0 4 0 0 2 0 0 2
+1 1
+1 1
+1 1 0 0 1 0 0 1
-15 623
+2 1246
+1 1246
+1 1246
+1 1246
+2 2492 2492 0 0 1246
+1 2492 2492 0 0 1246
+1 623
+2 2492 0 2492 0 0 1246 0 0 1246
+1 2492 0 2492 0 0 1246 0 0 1246
+1 623
+1 623
+1 623
-13 38688
+1 38688
+1 38688
+1 38688
+2 77376 77376 0 0 38688
+1 77376 77376 0 0 38688
+1 19344
+2 77376 0 77376 0 0 38688 0 0 38688
+1 77376 0 77376 0 0 38688 0 0 38688
+1 19344
+1 19344
+1 19344
+1 624
+1 624
+1 624
+1 624
+1 1
+3 1
+1 1
+5 126
+1 126 0 0 1 0 0 1
+1 63 63 0 0 63
+1 63 63
+1 63 63 0 0 63
+1 63 63
+1 63
+1 63
+1 63 0 63 0 0 63 0 0 63
+1 63 0 63
+1 63 0 63 0 0 63 0 0 63
+1 63 0 63
+1 63
+1 63
+1 63
+4 1 1
+1 1 1 0 1 1 0 1
+1 1 1
+1 1 1 0 0 1
+2 1 0 1
+1 1 0 1 0 0 1 0 0 1
+1 1 0 1
+1 1 0 1 0 0 1 0 0 1
+1 2 1 0 0 1

fl=(85)
fn=(288)
29 1 0 0 1 0 0 1
fi=(400)
+7 5 2 0 1 1 0 1
fe=(85)
-7 1 1

fl=(182)
fn=(606)
545 1 0 0 1 0 0 1
+1 4 2 0 0 2
+1 3 2 0 1 1 0 1
+1 3 2 0 0 1
+2 1 1

fl=(361)
fn=(4032)
242 171 0 114 1 0 0 1
+2 38 38
+1 19 0 19
+1 38
+6 152 133 0 2 0 0 2

fl=(113)
fn=(354)
31 1 0 0 1 0 0 1
fi=(114)
+6 2 2
-1 4
fe=(113)
-5 2 1
fi=(114)
+7 3 1 0 1 0 0 1
+3 2
+4 3
+3 4 0 0 1 0 0 1
fe=(113)

fl=(129)
fn=(402)
29 1
fi=(130) ./wcsmbs/../sysdeps/x86_64/multiarch/ifunc-memcmp.h
+5 5 2 0 1 0 0 1
+1 2 1
+1 2
+1 3 1
+3 2
+4 3
+3 4 0 0 1 0 0 1
fe=(129)
-18 2 1

fl=(137)
fn=(424)
31 1 0 0 1 0 0 1
fi=(97)
+9 3 2
-1 4 0 0 1 0 0 1
+2 3 1
+3 2
+4 4
fi=(407) ./wcsmbs/../sysdeps/x86_64/multiarch/wcpncpy.c
-17 1 1
fe=(137)

fl=(364)
fn=(4050)
48 102 6 42 5 0 2 2
+6 12
+12 12
+76 66 54
-71 6 6 0 3 0 0 1
+1 12
+69 6 0 6 3 0 1 1
-60 12 0 12 0 0 2
cfi=(343)
cfn=(3900)
calls=6 -50 
* 198 24 18 15 0 0 3
* 12 12
+2 6 0 6
+1 6
+4 12 0 0 3 0 0 1

fl=(89)
fn=(296)
29 3 0 0 2 0 0 1
fi=(90) ./string/../sysdeps/x86_64/multiarch/ifunc-memset.h
+25 15 6
+3 9 3 0 0 1
+7 6 0 0 2 0 0 1
+9 6
+2 6
+10 6
+8 6
+3 15 3
fe=(89)

fl=(194) ./wcsmbs/./wcsmbs/btowc.c
fn=(802) btowc
32 512 0 256 1 0 0 1
+5 256
-5 2048 256 1024
+5 1536 0 0 1 0 0 1
+5 512
+4 384 384 0 0 1
fi=(408) ./wcsmbs/./wcsmbsload.h
+23 128 128 0 0 1
+1 384 128 0 0 1
fe=(194)
-23 128 128 0 0 1
+1 128 128 0 0 1
-1 128 128 0 1 1 0 1
+1 128
+4 512 128
+3 256 0 128
cfi=(195)
cfn=(804)
calls=128 -19 
* 640 384 0 1 0 0 1
* 512 384
+39 128
-39 256
+39 512 512
-39 128
cfi=(196)
cfn=(806)
calls=128 -6 
* 768 128 0 1 0 0 1
+39 1152 896 0 1 0 0 1

fl=(379)
fn=(4980)
82 10 0 5 1 0 0 1
+1 10
-1 20 0 5
+1 10 0 5 0 0 1 0 0 1
fi=(380) ./posix/../malloc/dynarray-skeleton.c
243 5 5 0 0 1 0 0 1
fe=(379)
71 10 0 0 1 0 0 1
+38 20 5 5 1 0 0 1
+1 15 15

fl=(205)
fn=(1144)
262 1 0 1 1 0 0 1
fi=(206) ./malloc/../sysdeps/unix/sysv/linux/not-cancel.h
97 3 0 0 1 0 0 1
fe=(205)
262 7 1 3
+5 1 0 1
fi=(206)
97 3
fi=(204)
3143 2
fe=(205)
292 2 1 0 1 1 0 1
+4 3 1 1 0 1 1
fi=(204)
1946 4
+3 1
-3 1 0 0 1 0 0 1
+3 2 0 1 0 0 1 0 0 1
-3 2
+3 126
-3 126
+3 252 0 126 0 0 32 0 0 31
-3 252
+11 1 0 1
fe=(205)
300 3
fi=(204)
1958 1 0 1 0 0 1 0 0 1
+2 1 0 1
fe=(205)
300 1 0 1
cob=(4)
cfi=(175)
cfn=(564)
calls=1 0 
* 25 5 1 0 3 0 0 1
+1 4 0 1 1 0 0 1
cob=(4)
cfi=(175)
cfn=(564)
calls=1 0 
* 26 5 1 0 1
+1 4 0 1
cob=(4)
cfi=(175)
cfn=(564)
calls=1 0 
* 25 5 1 0 2 0 0 1
+1 4 0 1
cob=(4)
cfi=(175)
cfn=(564)
calls=1 0 
* 25 5 1 0 2 0 0 1
+1 4 0 1 1 0 0 1
cob=(4)
cfi=(175)
cfn=(564)
calls=1 0 
* 26 5 1 0 2 0 0 1
+1 4 0 1
cob=(4)
cfi=(175)
cfn=(564)
calls=1 0 
* 25 5 1 0 2 0 0 1
+1 4 0 1
cob=(4)
cfi=(175)
cfn=(564)
calls=1 0 
* 25 5 1 0 2 0 0 1
+2 4 0 1 1 0 0 1
cob=(4)
cfi=(175)
cfn=(564)
calls=1 0 
* 25 5 1 0 1
+1 4 0 1
cob=(4)
cfi=(175)
cfn=(564)
calls=1 0 
* 25 5 1 0 2 0 0 1
+1 4 0 1
cob=(4)
cfi=(175)
cfn=(564)
calls=1 0 
* 25 5 1 0 2 0 0 1
+3 4 0 1
cob=(4)
cfi=(175)
cfn=(564)
calls=1 0 
* 25 5 1 0 2 0 0 1
+1 4 0 1 1 0 0 1
cob=(4)
cfi=(175)
cfn=(564)
calls=1 0 
* 25 5 1 0 2 0 0 1
+2 2 1 0 0 1 0 0 1
+10 8 6

fn=(3344)
818 180 0 108 1 0 18 1 0 18
+10 18 18 0 0 12
+4 18 18 0 0 18 0 0 1
-4 36
+2 27 9 0 0 3
+23 54 0 0 2 0 0 1
+12 162 126 0 2 1 0 1
-33 18 9 0 1 0 0 1
+2 1 0 1
cfi=(289) ./misc/../sysdeps/unix/sysv/linux/getsysstats.c
cfn=(3078) get_nprocs
calls=1 215 
* 418 73 43 3 16 3 0 1 3
+2 2
+1 1
+8 1 1 0 0 1
-8 3 0 1
+18 126 18 18 2 0 0 1
463 18 18 0 2 7 0 1
638 36 18
463 36
+7 126 36 18 9 20 0 1
cfn=(3346) alloc_new_heap
calls=18 -90 
* 2592 480 426 40 1 53 11 0 53
* 18
640 36
+9 54 0 18
fi=(204)
1946 36
+3 18 0 0 2 0 0 1
-3 18
+3 36 0 18 0 0 18 0 0 18
-3 36
+3 2268
-3 2268
+3 4536 0 2268 0 0 576 0 0 576
-3 4536
+7 54
+2 18 0 18
+3 18 0 18
fe=(205)
657 18
-1 18
-5 18 0 18 2 0 0 1
+2 54 18 36 0 0 18 0 0 18
+5 36
+1 36
+2 18
-1 18 0 18
+1 54 0 18
+2 18
+1 18 18 0 2 0 0 1
+4 18
-4 18 18 0 0 1
+1 18 0 18
+3 18
-2 18 0 18
+2 36 0 18
+3 36 18 18 0 10
+7 18
-2 18 0 18
+2 54 18 18 9 0 0 1
+2 72 0 18
-61 36
+63 72 18 18 9 0 0 1
+12 72 0 18
857 36

fn=(3346)
380 162 0 108 2 0 17 2 0 17
49 54 18
387 54
+2 36
+1 18
+5 36
+7 18 18
+2 18 0 0 2 0 0 1
-9 18
+9 18
-9 72 0 18
+7 36
+2 40 0 8
cfi=(260)
cfn=(1888)
calls=8 47 
* 168 32 24 0 0 8 0 0 8
+1 8 0 8
-1 8 0 0 5
+2 48 0 8
+35 72 0 18 4 0 0 1
cfi=(303)
cfn=(3202)
calls=18 117 
* 108 18
* 36
+7 72 0 18
cfi=(261)
cfn=(1890)
calls=18 33 
* 378 162 90 0 1
fi=(204)
2008 72 18 0 2 0 0 1
fe=(205)
453 18 18
+2 18 0 18 0 0 18 0 0 18
-2 18 0 18
+3 18
+2 162 126
-50 6 0 2
cfi=(303)
cfn=(3348)
calls=2 117 
* 12 2
+6 84 0 12 2 0 0 1
cfi=(260)
cfn=(1888)
calls=12 47 
* 312 48 36 1 0 10 0 0 10
* 12
+1 24
+2 12
+1 60 0 12
+5 12 0 0 7 0 0 1
-3 36
+3 8 0 8
+1 32 0 8
cfi=(303)
cfn=(3348)
calls=8 117 
* 48 8
* 16 0 4
cfi=(303)
cfn=(3348)
calls=4 117 
* 24 4
* 12
49 18 0 0 9 0 0 1
+6 36
421 12 0 8 2 0 0 1
cfi=(303)
cfn=(3348)
calls=4 117 
* 24 4 0 4 0 0 2
* 8 4

fn=(4038)
893 171 0 114 1 0 0 1
fi=(204)
3213 19 19
+2 19 19
-2 19 19
+2 19 0 19
+2 38
+4 57 0 19 1 0 0 1
+4 19 0 19
+2 3775 1216 0 0 126 0 0 102
+3 578
+3 289
3371 289 289
+2 289
3233 867 289 289 0 90 0 0 60
3375 289 289 0 1 2 0 1 2
-4 289 289
+4 578
+26 289 0 289 1 0 0 1
3227 867 289
-2 3648 1216
+13 38 0 19
cfn=(1744)
calls=19 3359 
* 3895 1102 570
* 19
fe=(205)
899 38 38 0 1 0 0 1
+1 19 0 19
+2 38
+2 76 0 19
+3 57 19
+1 57 0 19 1 0 0 1
+2 19 19
+1 19 0 19
-1 19 0 19
+3 76 19 19
+2 152 133
fi=(204)
3392 578 289 0 1 0 0 1
fe=(205)
153 867
-98 270 270
+92 1620
+6 270 270
fi=(204)
3398 540 0 270
cfn=(1748)
calls=270 4495 
* 44572 12075 7161 11 178 36 11 128 24
* 38 0 19
cfn=(1748)
calls=19 4495 
* 1345 285 133 0 33 16
* 289
3231 289 0 289 1 0 0 1
+17 867 578
fe=(205)

fn=(3342)
703 114 0 76 2 0 0 1
+1 19 19
+2 19 19
-2 19 19 0 1 0 0 1
+2 19
+2 4 0 1
+1 1 1
+1 2
+2 1 1
+3 1 1
-3 1 0 1
+3 1 0 0 1 0 0 1
+1 1 0 1
-97 2
724 1
+1 4 0 1
+1 1 0 1
+5 7 5
-26 18 0 0 2 0 0 1
+26 126 90
-11 3 1 1 1 0 0 1

fl=(289)
fn=(3078)
215 4 0 2 1 0 0 1
+1 2
-1 2
+1 2 0 2
cfn=(3080) read_sysfs_file
calls=2 -77 
* 818 142 82 26 26 3 23 3 3
+1 4
+5 4 4

fn=(3080)
139 2 0 2 1 0 0 1
+9 2
-9 22 2 12 1 0 1 1 0 1
+9 2 0 2 0 0 1 0 0 1
cfi=(290)
cfn=(3082)
calls=2 28 
* 54 10 6 2 3 1 2 0 1
* 2 0 2
+3 4
+39 24 18 0 0 2
72 10 0 2 1 0 0 1
cfi=(291)
cfn=(3084)
calls=2 -47 
* 12 2 0 1 0 0 1
* 2
+1 4
+5 4
-2 2 0 0 1 0 0 1
+2 4 0 2
cob=(4)
cfi=(175)
cfn=(3086) 0x0000000004c0f480
calls=2 -78 
* 42 6 0 3 3 0 1 1
+1 4
fi=(294) ./misc/../sysdeps/unix/sysv/linux/not-cancel.h
-4 4 2 2 1 0 0 1
cfi=(272)
cfn=(2130)
calls=2 -50 
* 12 2
+1 2
fe=(289)
+29 4 0 0 1 0 0 1
+45 6
+28 6
+3 6 2
-1 2
+1 4
+3 4
-26 8 0 2 1 0 0 1
cfi=(292)
cfn=(3088)
calls=2 -33 
* 246 46 24 12 16 0 11 2
+1 2 2
-1 2
+1 4
+7 4 2
+2 2
+1 8 0 2
cfi=(292)
cfn=(3088)
calls=2 -44 
* 278 46 24 0 2
+1 6 2
+7 6
-75 2 0 0 1 0 0 1
+1 4

fl=(226) ./libio/./libio/iofwrite.c
fn=(1412) fwrite
31 780 0 520 3 0 0 1
+1 130
-1 130 0 130
+1 130
-1 260 0 130
+4 780
+2 2147 1013 372 4 93 24 1 1
+1 391 130 1 2 28 0 1
+1 1 1
fi=(231)
1025 1
fe=(226)
39 1 0 1
fi=(231)
1025 1
+1 2 0 0 1 0 0 1
fe=(226)
39 129 129
fi=(231)
1025 129
fe=(226)
39 129 0 129
fi=(231)
1025 129
+1 258 0 0 2
fe=(226)
39 650 260 130 0 29
cfi=(227)
cfn=(1414)
calls=130 1198 
* 21692 4840 2545 85 64 82 44 0 2
+6 260
fi=(231)
979 260 130
fe=(226)
45 260
+1 130
+3 1170 910
-11 258 0 0 2
fi=(231)
980 1291 511 260 4 0 0 2
fe=(226)
37 36 9 18 2 0 0 1

ob=(4)
fl=(175)
fn=(1394)
0 192 96 0 4 29 0 1
cob=(7)
cfi=(185)
cfn=(1398)
calls=96 0 
0 35769 10338 5509 146 460 109 65 4 3
cob=(1)
cfi=(186)
cfn=(642)
calls=1 71 
0 1049 303 127 0 8 0 0 2
0 5 2 2

fn=(630)
0 7 2 0 1 1 0 1

fn=(774)
0 2 1 0 1 1 0 1
cob=(7)
cfi=(185)
cfn=(778)
calls=1 0 
0 26383 7577 3881 45 85 21 45 24 21
cob=(1)
cfi=(186)
cfn=(642)
calls=1 71 
0 686 242 127 0 6 0 0 1
0 5 2 2 1 0 0 1

fn=(834)
0 2 1 0 1 1 0 1
cob=(7)
cfi=(185)
cfn=(838)
calls=1 0 
0 353 75 75 5 1 3 5 1 3
cob=(1)
cfi=(186)
cfn=(642)
calls=1 71 
0 978 291 127 0 6 0 0 2
0 5 2 2 1 0 0 1

fn=(992)
0 2 1 0 1 1 0 1
cob=(7)
cfi=(185)
cfn=(996)
calls=1 0 
0 51 15 12 2 0 0 2
cob=(1)
cfi=(186)
cfn=(642)
calls=1 71 
0 713 247 127 0 6 0 0 1
0 5 2 2 1 0 0 1

fn=(1062)
0 8 4 0 1 1 0 1
cob=(7)
cfi=(185)
cfn=(1066)
calls=4 0 
0 1722 558 297 6 8 0 6 2
cob=(1)
cfi=(186)
cfn=(642)
calls=1 71 
0 985 293 127 0 8 0 0 4
0 5 2 2 1 0 0 1

fn=(1994)
0 2585600 1292800 0 1 2 0 1
cob=(7)
cfi=(185)
cfn=(1998)
calls=1292800 0 
0 883258868 270044938 136649341 36 259 2 36 113
cob=(1)
cfi=(186)
cfn=(642)
calls=1 71 
0 1309 346 127 0 10 0 0 2
0 5 2 2

fn=(2024)
0 3181404 1590702 0 0 2
cob=(7)
cfi=(185)
cfn=(2028)
calls=1590702 0 
0 57265272 22269828 14316318 4 1 0 4
cob=(1)
cfi=(186)
cfn=(642)
calls=1 71 
0 681 242 127 0 8 2 0 1
0 5 2 2

fn=(2078)
0 6 3
cob=(7)
cfi=(185)
cfn=(2080)
calls=3 0 
0 6751 2071 1108 69 157 15 63 10

fn=(2156)
0 240 120 0 2 3 0 1
cob=(7)
cfi=(185)
cfn=(2160)
calls=120 0 
0 1920 720 480 4 0 0 2
cob=(1)
cfi=(186)
cfn=(642)
calls=1 71 
0 880 270 127 2 12 0 0 1
0 5 2 2 1 0 0 1

fn=(2446)
0 2 1 0 1 1 0 1
cob=(7)
cfi=(185)
cfn=(2450)
calls=1 0 
0 1609 375 179 20 42 10 16 2
cob=(1)
cfi=(186)
cfn=(642)
calls=1 71 
0 800 257 127 1 40 11
0 5 2 2 1 1 0 1

fn=(2462)
0 264 132 0 5 25 0 1
cob=(2)
cfi=(246)
cfn=(1568)
calls=132 61 
0 3825 415 0 11 24 0 7
cob=(1)
cfi=(186)
cfn=(642)
calls=1 71 
0 831 300 136 2 11 0 0 2
0 5 2 2 1 0 0 1

fn=(2990)
0 2010 1005 0 2 2 0 1
cob=(7)
cfi=(185)
cfn=(2994)
calls=1005 0 
0 386543 98780 60834 89 58 24 41 7 1
cob=(1)
cfi=(186)
cfn=(642)
calls=1 71 
0 713 248 127 1 39 14 1 1 4
0 5 2 2 1 1 0 1

fn=(2998)
0 2010 1005 0 1 1
cob=(7)
cfi=(185)
cfn=(3002)
calls=1005 0 
0 297890 65277 45624 71 42 23 32 6
cob=(1)
cfi=(186)
cfn=(642)
calls=1 71 
0 1185 326 127 0 11 1 0 1 1
0 5 2 2 1 0 0 1

fn=(3086)
0 4 2 0 2 2 0 1
cob=(2)
cfi=(246)
cfn=(1568)
calls=2 61 
0 38 4 0 1 1 0 0 1

fn=(3258)
0 204 102 0 3 44
cob=(2)
cfi=(258)
cfn=(3260)
calls=102 53 
0 1938 204 0 6 38 0 2 2

fn=(3668)
0 209740 104870 0 3 10143 0 1
cob=(2)
cfi=(306)
cfn=(3216)
calls=104870 367 
0 2726675 629230 419490 4 13 0 1

fn=(4104)
0 2 1 0 1
cob=(7)
cfi=(185)
cfn=(4106)
calls=1 0 
0 1745 488 234 75 77 25 48 9

fn=(4582)
0 16 8 0 1
cob=(7)
cfi=(185)
cfn=(4584)
calls=8 0 
0 984 304 208 9 3 0 3

fn=(4758)
0 2 1
cob=(7)
cfi=(185)
cfn=(4760)
calls=1 0 
0 2003 507 431 104 23 6 12 3 1

fn=(4770)
0 2000 1000 0 1 1
cob=(7)
cfi=(185)
cfn=(4546)
calls=1000 0 
0 59330 13019 10010 7 0 23 7
cob=(1)
cfi=(186)
cfn=(642)
calls=1 71 
0 915 281 129 24 8 0 3
0 5 2 2 1

fn=(4976)
0 2 1 0 1
cob=(2)
cfi=(378)
cfn=(4978)
calls=1 30 
0 132 30 13 8 7 1 8 2 1

fn=(5064)
0 4 2 0 1 1 0 1
cob=(1)
cfi=(381)
cfn=(5068)
calls=2 29 
0 24 14 0 2 4 0 2
cob=(1)
cfi=(186)
cfn=(642)
calls=1 71 
0 917 318 138 4 32 0 2 10
0 5 2 2 1 0 0 1

fn=(5110)
0 4 1 0 1 0 0 1

fn=(1384)
0 172 86 0 1 12 0 1
cob=(7)
cfi=(185)
cfn=(1386)
calls=86 0 
0 37522 10639 5606 125 585 113 68 17 3

fn=(620)
0 7 2 0 1 1 0 1

fn=(858)
0 2 1 0 1 1 0 1
cob=(7)
cfi=(185)
cfn=(862)
calls=1 0 
0 154 34 32 13 2 0 13
cob=(1)
cfi=(186)
cfn=(642)
calls=1 71 
0 986 291 127 0 7 0 0 3
0 5 2 2 1 0 0 1

fn=(902)
0 2 1 0 1 1 0 1
cob=(7)
cfi=(185)
cfn=(906)
calls=1 0 
0 115 38 31 6 0 0 6
cob=(1)
cfi=(186)
cfn=(642)
calls=1 71 
0 1054 310 134 0 9 0 0 1
0 5 2 2 1 0 0 1

fn=(968)
0 2 1 0 1 1 0 1
cob=(7)
cfi=(185)
cfn=(972)
calls=1 0 
0 109 30 31 6 0 0 6
cob=(1)
cfi=(186)
cfn=(642)
calls=1 71 
0 1010 296 127 0 8
0 5 2 2 1 0 0 1

fn=(1118)
0 2 1 0 1 1 0 1
cob=(2)
cfi=(201)
cfn=(1122)
calls=1 28 
0 531 144 12 12 37 0 12 2
cob=(1)
cfi=(186)
cfn=(642)
calls=1 71 
0 956 317 141 2 20 0 0 4
0 5 2 2 1 0 0 1

fn=(1784)
0 8 4 0 2 4 0 1
cob=(7)
cfi=(185)
cfn=(1788)
calls=4 0 
0 16 4 8 2 0 0 1
cob=(1)
cfi=(186)
cfn=(642)
calls=1 71 
0 854 269 127 0 8 1 0 2
0 5 2 2 1 0 0 1

fn=(1934)
0 2585600 1292800 0 0 1
cob=(7)
cfi=(185)
cfn=(1938)
calls=1292800 0 
0 2165780613 604933736 313881019 161 530 80835 149 159 1
cob=(1)
cfi=(186)
cfn=(642)
calls=1 71 
0 785 266 134 0 42 19 0 2
0 5 2 2 0 1

fn=(2088)
0 8 4 0 3 3 0 1
cob=(7)
cfi=(185)
cfn=(2092)
calls=4 0 
0 2936 968 465 21 53 0 13 6
cob=(1)
cfi=(186)
cfn=(642)
calls=1 71 
0 961 289 127 0 8 2 0 3
0 5 2 2 1 0 0 1

fn=(2138)
0 86 43 0 1 20
cob=(2)
cfi=(204)
cfn=(1744)
calls=43 3359 
0 607 168 69 1 7 0 1

fn=(2144)
0 8 4
cob=(7)
cfi=(185)
cfn=(2148)
calls=4 0 
0 108 36 20
cob=(1)
cfi=(186)
cfn=(642)
calls=1 71 
0 726 249 127 0 6
0 5 2 2 1

fn=(2162)
0 224 112 0 2 3 0 1
cob=(7)
cfi=(185)
cfn=(2166)
calls=112 0 
0 2016 672 560 2 0 0 1
cob=(1)
cfi=(186)
cfn=(642)
calls=1 71 
0 820 261 127 0 4 0 0 1
0 5 2 2 1 0 0 1

fn=(2248)
0 602 301 0 1 0 0 1
cob=(2)
cfi=(249)
cfn=(1606)
calls=301 255 
0 574437 162906 162302 17 80006 80775 16 0 80775

fn=(2472)
0 200 100
cob=(7)
cfi=(185)
cfn=(2474)
calls=100 0 
0 110505 33838 26452 30 50 1 19 7 1

fn=(2480)
0 2290 1145 0 3 27
cob=(2)
cfi=(249)
cfn=(1606)
calls=1145 255 
0 17131 3431 2286 0 0 23
cob=(1)
cfi=(186)
cfn=(642)
calls=1 71 
0 1051 347 156 4 19 0 0 1
0 5 2 2 1

fn=(3210)
0 38 19 0 1 0 0 1
cob=(2)
cfi=(304)
cfn=(3212)
calls=19 158 
0 684 38 228 3 9 77 3 0 77

fn=(3860)
0 64 32 0 7 26 0 1
cob=(7)
cfi=(185)
cfn=(3864)
calls=32 0 
0 764 64 128 10 0 0 4
cob=(1)
cfi=(186)
cfn=(642)
calls=1 71 
0 892 276 129 0 9 3 0 3 3
0 5 2 2 1 0 0 1

fn=(3872)
0 64 32 0 3 26 0 1
cob=(2)
cfi=(315)
cfn=(3876)
calls=32 102 
0 56530 13347 8527 546 621 560 138 28 13
cob=(1)
cfi=(186)
cfn=(642)
calls=1 71 
0 799 295 136 0 34 5 0 6 5
0 5 2 2 1

fn=(4504)
0 8 4
cob=(7)
cfi=(185)
cfn=(4506)
calls=4 0 
0 116 40 16 1 0 0 1

fn=(4780)
0 2 1 0 1
cob=(7)
cfi=(185)
cfn=(4782)
calls=1 0 
0 3723 1185 617 77 61 0 18 6

fn=(4826)
0 8 4 0 1 1 0 1
cob=(7)
cfi=(185)
cfn=(4828)
calls=4 0 
0 4211 1117 583 23 23 0 22 5

fn=(4858)
0 10 5 0 1
cob=(7)
cfi=(185)
cfn=(4862)
calls=5 0 
0 1307 394 221 11 15 0 7 4
cob=(1)
cfi=(186)
cfn=(642)
calls=1 71 
0 1131 317 129 0 9 0 0 2
0 5 2 2 1

fn=(5012)
0 4 1 0 1 0 0 1

fn=(5130)
0 2 1 0 1 0 0 1
cob=(2)
cfi=(378)
cfn=(4978)
calls=1 30 
0 132 30 13

fn=(1368)
0 2 1 0 1 1 0 1
cob=(1)
cfi=(48)
cfn=(1370)
calls=1 118 
0 5 2 0 1 1 0 1

fn=(636)
0 2 1 0 1 1 0 1
cob=(7)
cfi=(185)
cfn=(648)
calls=1 0 
0 83992 25144 11895 397 511 153 397 107 121
cob=(1)
cfi=(186)
cfn=(642)
calls=1 71 
0 718 247 127 12 12 7 12 0 1
0 5 2 2 1 1 0 1

fn=(588)
0 7 2 0 1 1 0 1

fn=(650)
0 1140 570 0 2 4 0 1
cob=(7)
cfi=(185)
cfn=(654)
calls=570 0 
0 91481 28399 14049 350 437 107 339 93 96
cob=(1)
cfi=(186)
cfn=(642)
calls=1 71 
0 674 240 127 0 3 2 0 0 1
0 5 2 2 1 0 0 1

fn=(710)
0 2 1 0 1 1 0 1
cob=(2)
cfi=(190)
cfn=(714)
calls=1 43 
0 40 12 9 6 0 0 6
cob=(1)
cfi=(186)
cfn=(642)
calls=1 71 
0 814 296 134 0 12 0 0 5
0 5 2 2 1 0 0 1

fn=(726)
0 2591920 1295960 0 2 30 0 1
cob=(7)
cfi=(185)
cfn=(730)
calls=1295960 0 
0 7776192 2592064 96 4 69 0 3 7
cob=(1)
cfi=(186)
cfn=(642)
calls=1 71 
0 714 247 127 0 4 0 0 1
0 5 2 2 1 0 0 1

fn=(750)
0 2 1 0 1 1 0 1
cob=(7)
cfi=(185)
cfn=(754)
calls=1 0 
0 115 38 31 5 0 0 5
cob=(1)
cfi=(186)
cfn=(642)
calls=1 71 
0 1066 305 127 0 6
0 5 2 2 1 0 0 1

fn=(824)
0 98 49 0 1 1 0 1
cob=(2)
cfi=(199)
cfn=(826)
calls=49 73 
0 1048 225 0 3 0 0 3

fn=(840)
0 2 1 0 1 1 0 1
cob=(7)
cfi=(185)
cfn=(844)
calls=1 0 
0 109 30 31 5 0 0 5
cob=(1)
cfi=(186)
cfn=(642)
calls=1 71 
0 1082 307 127 0 9 0 0 2
0 5 2 2 1 0 0 1

fn=(1038)
0 664 332 0 2 2 0 1
cob=(7)
cfi=(185)
cfn=(1042)
calls=332 0 
0 34530 12183 7598 22 26 0 15 1
cob=(1)
cfi=(186)
cfn=(642)
calls=1 71 
0 722 248 127 0 7 0 0 1
0 5 2 2 1 0 0 1

fn=(1050)
0 1144 572 0 2 3 0 1
cob=(7)
cfi=(185)
cfn=(1054)
calls=572 0 
0 6864 2860 1144 5 0 0 4
cob=(1)
cfi=(186)
cfn=(642)
calls=1 71 
0 706 244 127 0 9
0 5 2 2

fn=(1426)
0 10 5 0 2 3 0 1
cob=(2)
cfi=(204)
cfn=(1140)
calls=5 3294 
0 499 109 57 0 4 2 0 1 2

fn=(1566)
0 48 24 0 2 1 0 1
cob=(2)
cfi=(246)
cfn=(1568)
calls=24 61 
0 456 48 0 4 3 0 2 2

fn=(1604)
0 254 127 0 2 3 0 1
cob=(2)
cfi=(249)
cfn=(1606)
calls=127 255 
0 1549 375 248 5 3 0 3 2

fn=(1814)
0 8 4
cob=(2)
cfi=(254)
cfn=(1818)
calls=4 85 
0 2063 489 472 84 24 14 49 6 6
cob=(1)
cfi=(186)
cfn=(642)
calls=1 71 
0 794 292 134 0 7 1 0 2
0 5 2 2

fn=(2040)
0 2585600 1292800 0 1 2 0 1
cob=(7)
cfi=(185)
cfn=(2044)
calls=1292800 0 
0 637382293 129323202 63459876 58 33 80826 56 10
cob=(1)
cfi=(186)
cfn=(642)
calls=1 71 
0 982 291 127 0 8 0 0 1
0 5 2 2 1 0 0 1

fn=(2094)
0 8 4 0 2 4 0 1
cob=(7)
cfi=(185)
cfn=(2098)
calls=4 0 
0 803 227 150 24 10 0 13
cob=(1)
cfi=(186)
cfn=(642)
calls=1 71 
0 1021 298 127 0 9 0 0 3
0 5 2 2 1 0 0 1

fn=(2100)
0 8 4 0 2 4 0 1
cob=(7)
cfi=(185)
cfn=(2102)
calls=4 0 
0 699 199 118 18 6 0 10

fn=(2108)
0 16 8 0 2 3 0 1
cob=(7)
cfi=(185)
cfn=(2112)
calls=8 0 
0 2675 832 488 75 75 0 38 2
cob=(1)
cfi=(186)
cfn=(642)
calls=1 71 
0 766 255 127 0 8 0 0 1
0 5 2 2 1 0 0 1

fn=(2114)
0 8 4 0 0 2
cob=(2)
cfi=(271)
cfn=(2118)
calls=4 34 
0 1667 478 320 67 37 0 36
cob=(1)
cfi=(186)
cfn=(642)
calls=1 71 
0 815 292 134 4 36 0 0 2
0 5 2 2 1 0 0 1

fn=(2466)
0 200 100 0 1 0 0 1
cob=(8)
cfi=(251)
cfn=(1666)
calls=100 413 
0 75045 24426 18611 9 1 1 0 0 1
cob=(1)
cfi=(186)
cfn=(642)
calls=1 71 
0 1024 273 123 5 15 0 0 4
0 5 2 2

fn=(2476)
0 200 100 0 1 1 0 1
cob=(8)
cfi=(251)
cfn=(1684)
calls=100 138 
0 19745 6026 4411 0 0 1 0 0 1
cob=(1)
cfi=(186)
cfn=(642)
calls=1 71 
0 987 266 123 5 11 0 0 3
0 5 2 2 1 0 0 1

fn=(2870)
0 20000 10000 0 0 1
cob=(3)
cfi=(285)
cfn=(2872)
calls=10000 31 
0 538230 121770 0 11 1491 0 11 37

fn=(3060)
0 74 37 0 3 28 0 1
cob=(2)
cfi=(288)
cfn=(3064)
calls=37 32 
0 6683 1898 1119 88 218 38 27 18
cob=(1)
cfi=(186)
cfn=(642)
calls=1 71 
0 773 291 134 0 15 0 0 8
0 5 2 2 1 0 0 1

fn=(3930)
0 38 19 0 2 3
cob=(2)
cfi=(348)
cfn=(3934)
calls=19 23 
0 9340 2910 1666 36 197 32 25 4 3
cob=(1)
cfi=(186)
cfn=(642)
calls=1 71 
0 816 297 136 3 62 16 0 6
0 5 2 2 1 1

fn=(4108)
0 2 1 0 1 1 0 1
cob=(2)
cfi=(356)
cfn=(4112)
calls=1 102 
0 635 145 87 29 9 0 17 1
cob=(1)
cfi=(186)
cfn=(642)
calls=1 71 
0 1097 338 143 42 66 24 28 8
0 5 2 2 2 1 0 1

fn=(4114)
0 2 1 0 1 1 0 1
cob=(2)
cfi=(204)
cfn=(3208)
calls=1 3699 
0 471 98 55 16 3 0 8

fn=(4490)
0 16 8 0 1 1
cob=(7)
cfi=(185)
cfn=(4492)
calls=8 0 
0 5008 1514 1264 53 25 10 20

fn=(4854)
0 12 6
cob=(7)
cfi=(185)
cfn=(4856)
calls=6 0 
0 42 18 6 1 0 0 1

fn=(5076)
0 6 3 0 1 0 0 1
cob=(7)
cfi=(185)
cfn=(5080)
calls=3 0 
0 219 84 43 2 1 0 2
cob=(1)
cfi=(186)
cfn=(642)
calls=1 71 
0 930 285 129 0 10 0 0 4
0 5 2 2

fn=(5077)
0 2 1
cob=(7)
cfi=(185)
cfn=(5081)
calls=1 0 
0 22 8 6

fn=(4578)
0 16 8 0 1 0 0 1
cob=(7)
cfi=(185)
cfn=(4580)
calls=8 0 
0 896 184 176 16 1 0 6

fn=(608)
0 7 2 0 1 1 0 1

fn=(678)
0 2 1 0 1 1 0 1
cob=(7)
cfi=(185)
cfn=(682)
calls=1 0 
0 3953 1245 660 32 53 12 32 18 9
cob=(1)
cfi=(186)
cfn=(642)
calls=1 71 
0 746 259 134 0 8
0 5 2 2 1 0 0 1

fn=(762)
0 2 1 0 1 1 0 1
cob=(7)
cfi=(185)
cfn=(766)
calls=1 0 
0 157 35 33 13 3 0 13
cob=(1)
cfi=(186)
cfn=(642)
calls=1 71 
0 962 288 127 0 6 0 0 2
0 5 2 2 1 0 0 1

fn=(846)
0 2 1 0 1 1 0 1
cob=(7)
cfi=(185)
cfn=(850)
calls=1 0 
0 109 30 31 6 0 0 6
cob=(1)
cfi=(186)
cfn=(642)
calls=1 71 
0 1050 303 127 0 7 0 0 1
0 5 2 2 1 0 0 1

fn=(852)
0 2 1 0 1 0 0 1
cob=(7)
cfi=(185)
cfn=(856)
calls=1 0 
0 1176 335 171 17 11 1 17 3 1
cob=(1)
cfi=(186)
cfn=(642)
calls=1 71 
0 885 276 127 0 7
0 5 2 2

fn=(1126)
0 10 5 0 1 1 0 1
cob=(2)
cfi=(203)
cfn=(1128)
calls=5 206 
0 144 25 0 7 2 0 7

fn=(1740)
0 3088706 1544353 0 2 39299 0 1
cob=(2)
cfi=(204)
cfn=(1744)
calls=1544353 3359 
0 141009474 41299451 22918179 77 378157 34 30 1946 8
cob=(1)
cfi=(186)
cfn=(642)
calls=1 71 
0 861 305 141 0 13
0 5 2 2 1 0 0 1

fn=(1778)
0 8 4 0 2 4 0 1
cob=(7)
cfi=(185)
cfn=(1782)
calls=4 0 
0 1257 379 283 15 19 1 8 2
cob=(1)
cfi=(186)
cfn=(642)
calls=1 71 
0 865 272 127 0 7 2 0 2
0 5 2 2 1 0 0 1

fn=(1790)
0 8 4 0 3 4 0 1
cob=(7)
cfi=(185)
cfn=(1794)
calls=4 0 
0 7912 2252 1415 153 82 17 71 17 8
cob=(1)
cfi=(186)
cfn=(642)
calls=1 71 
0 981 292 127 0 8 0 0 3
0 5 2 2 1 0 0 1

fn=(1840)
0 8 4 0 1 3 0 1
cob=(2)
cfi=(258)
cfn=(1842)
calls=4 53 
0 84 12 0 4 3 0 2 1

fn=(1968)
0 3030 1515 0 1 1 0 1
cob=(2)
cfi=(265)
cfn=(1972)
calls=1515 25 
0 12120 3030 0 1 1 0 1
cob=(1)
cfi=(186)
cfn=(642)
calls=1 71 
0 779 289 134 2 14 0 0 4
0 5 2 2

fn=(1976)
0 2585600 1292800 0 2 2 0 1
cob=(7)
cfi=(185)
cfn=(1980)
calls=1292800 0 
0 195214457 54298138 36198669 10 37 2 10 3 1
cob=(1)
cfi=(186)
cfn=(642)
calls=1 71 
0 669 240 127 0 8 0 0 1
0 5 2 2 1 0 0 1

fn=(1988)
0 2585600 1292800 0 0 2
cob=(7)
cfi=(185)
cfn=(1992)
calls=1292800 0 
0 115059345 25856026 19392011 3 16 1 3 0 1
cob=(1)
cfi=(186)
cfn=(642)
calls=1 71 
0 749 254 127 0 8 1 0 1
0 5 2 2 1 0 0 1

fn=(2452)
0 2 1 0 1 1 0 1
cob=(2)
cfi=(199)
cfn=(826)
calls=1 73 
0 47 17 0 4 0 0 3
cob=(1)
cfi=(186)
cfn=(642)
calls=1 71 
0 801 295 136 3 37 6 0 2
0 5 2 2 1 0 0 1

fn=(2456)
0 200 100 0 1 1 0 1
cob=(7)
cfi=(185)
cfn=(2460)
calls=100 0 
0 94254 30095 21796 35 54 1 19 6 1
cob=(1)
cfi=(186)
cfn=(642)
calls=1 71 
0 1222 331 127 0 10 0 0 3
0 5 2 2 1 0 0 1

fn=(2744)
0 1206 603 0 2 121
cob=(2)
cfi=(277)
cfn=(2748)
calls=603 30 
0 6633 1809 0 4 203 0 2
cob=(1)
cfi=(186)
cfn=(642)
calls=1 71 
0 864 299 134 4 17 0 0 5
0 5 2 2 1

fn=(2854)
0 40000 20000 0 1 1 0 1
cob=(3)
cfi=(283)
cfn=(2856)
calls=20000 29 
0 680000 140000 40000 4 2 0 4 2

fn=(3854)
0 64 32 0 3 26 0 1
cob=(7)
cfi=(185)
cfn=(3858)
calls=32 0 
0 75827 18512 12028 698 1312 689 172 37 21
cob=(1)
cfi=(186)
cfn=(642)
calls=1 71 
0 1207 330 129 0 12 4 0 3 4
0 5 2 2 1 0 0 1

fn=(4196)
0 200 100 0 1 1 0 1
cob=(7)
cfi=(185)
cfn=(4198)
calls=100 0 
0 800 100 0 2 0 0 2

fn=(4310)
0 400 200 0 1 1 0 1
cob=(2)
cfi=(304)
cfn=(3212)
calls=200 158 
0 3800 400 800 2 1

fn=(4552)
0 8 4 0 1 1 0 1
cob=(7)
cfi=(185)
cfn=(4554)
calls=4 0 
0 12 8 0 1 0 0 1

fn=(5100)
0 2 1 0 1 0 0 1
cob=(2)
cfi=(378)
cfn=(4978)
calls=1 30 
0 132 30 13

fn=(4570)
0 8 4
cob=(7)
cfi=(185)
cfn=(4572)
calls=4 0 
0 36 12 8 1 0 0 1

fn=(1310)
0 7 2 0 1 0 0 1

fn=(798)
0 512 256 0 1 1 0 1
cob=(2)
cfi=(194)
cfn=(802)
calls=256 32 
0 11136 3712 1408 6 6 0 6
cob=(1)
cfi=(186)
cfn=(642)
calls=1 71 
0 777 291 134 0 9 0 0 1
0 5 2 2 1 0 0 1

fn=(808)
0 24 12 0 1 1 0 1
cob=(7)
cfi=(185)
cfn=(812)
calls=12 0 
0 4261 963 323 17 21 0 17 8
cob=(1)
cfi=(186)
cfn=(642)
calls=1 71 
0 814 263 127 0 8 0 0 3
0 5 2 2 1 0 0 1

fn=(814)
0 20 10 0 1 1 0 1
cob=(2)
cfi=(197)
cfn=(818)
calls=10 26 
0 3300 646 187 9 11 0 9 5
cob=(1)
cfi=(186)
cfn=(642)
calls=1 71 
0 790 293 134 0 9 0 0 3
0 5 2 2 1 0 0 1

fn=(890)
0 2 1 0 1 1 0 1
cob=(7)
cfi=(185)
cfn=(894)
calls=1 0 
0 114 38 31 4 0 0 4
cob=(1)
cfi=(186)
cfn=(642)
calls=1 71 
0 1009 298 127 0 9 0 0 3
0 5 2 2 1 0 0 1

fn=(1018)
0 2 1
cob=(7)
cfi=(185)
cfn=(1022)
calls=1 0 
0 3 1 1 1 0 1 1
cob=(1)
cfi=(186)
cfn=(642)
calls=1 71 
0 734 250 127 0 6 0 0 1
0 5 2 2 1 0 0 1

fn=(1032)
0 656 328 0 2 3 0 1
cob=(7)
cfi=(185)
cfn=(1036)
calls=328 0 
0 63403 22755 14000 41 69 0 25 5
cob=(1)
cfi=(186)
cfn=(642)
calls=1 71 
0 1025 298 127 0 6 0 0 1
0 5 2 2

fn=(1044)
0 696 348 0 2 5 0 1
cob=(7)
cfi=(185)
cfn=(1048)
calls=348 0 
0 8004 2784 1392 5 0 0 3
cob=(1)
cfi=(186)
cfn=(642)
calls=1 71 
0 694 243 127 0 7
0 5 2 2 1 0 0 1

fn=(1068)
0 8 4 0 1 1 0 1
cob=(7)
cfi=(185)
cfn=(1072)
calls=4 0 
0 224 100 36 2 0 0 2
cob=(1)
cfi=(186)
cfn=(642)
calls=1 71 
0 985 292 127 0 7 0 0 2
0 5 2 2 1 0 0 1

fn=(1730)
0 502898 251449 0 1 50433 0 1
cob=(7)
cfi=(185)
cfn=(1732)
calls=251449 0 
0 33125376 9480196 4817733 68 466835 34 25 1946 8

fn=(1774)
0 6 3 0 1 3 0 1
cob=(7)
cfi=(185)
cfn=(1776)
calls=3 0 
0 12149 3653 2203 90 141 16 83 22 7

fn=(2046)
0 2585600 1292800 0 1 2 0 1
cob=(2)
cfi=(266)
cfn=(2050)
calls=1292800 1782 
0 588255090 111223706 54410140 53 18 0 51 5
cob=(1)
cfi=(186)
cfn=(642)
calls=1 71 
0 798 294 134 0 11 0 0 4
0 5 2 2 1 0 0 1

fn=(2508)
0 2000 1000 0 1 1 0 1
cob=(7)
cfi=(185)
cfn=(2510)
calls=1000 0 
0 519047 149342 71968 27 24 3 26 4

fn=(2986)
0 2010 1005 0 2 2 0 1
cob=(7)
cfi=(185)
cfn=(2988)
calls=1005 0 
0 400326 103050 60963 95 100 38 45 8 5

fn=(3012)
0 2 1 0 0 1
cob=(7)
cfi=(185)
cfn=(3014)
calls=1 0 
0 2405 696 327 14 16 0 13 2

fn=(3842)
0 50 25 0 1 25
cob=(7)
cfi=(185)
cfn=(3844)
calls=25 0 
0 62432 15709 9849 399 1419 687 170 42 38

fn=(4016)
0 38 19 0 1 15
cob=(7)
cfi=(185)
cfn=(4018)
calls=19 0 
0 38 19 0 1 0 0 1

fn=(4508)
0 16 8 0 1 0 0 1
cob=(7)
cfi=(185)
cfn=(4510)
calls=8 0 
0 56 24 8 1 1 0 1

fn=(4776)
0 2200 1100 0 1 0 0 1
cob=(7)
cfi=(185)
cfn=(4778)
calls=1100 0 
0 92400 38500 19800 8 1 7 2

fn=(4796)
0 2 1 0 1 1
cob=(2)
cfi=(232)
cfn=(1438)
calls=1 25 
0 57 13 9
cob=(1)
cfi=(186)
cfn=(642)
calls=1 71 
0 791 293 136 0 34 0 0 3
0 5 2 2 1

fn=(4830)
0 8 4 0 1 1 0 1
cob=(7)
cfi=(185)
cfn=(4834)
calls=4 0 
0 3447 859 452 20 12 0 19 3
cob=(1)
cfi=(186)
cfn=(642)
calls=1 71 
0 743 252 129 0 10 0 0 2
0 5 2 2 1 0 0 1

fn=(5002)
0 2 1 0 1
cob=(2)
cfi=(378)
cfn=(4978)
calls=1 30 
0 132 30 13

fn=(1388)
0 172 86 0 3 29 0 1
cob=(2)
cfi=(198)
cfn=(822)
calls=86 52 
0 1268 181 0 5 62 0 2 11
cob=(1)
cfi=(186)
cfn=(642)
calls=1 71 
0 889 311 143 1 14 6 1
0 5 2 2 1 0 0 1

fn=(564)
0 42 21 0 1 2 0 1
cob=(1)
cfi=(11)
cfn=(28)
calls=21 387 
0 493 84 21 1 37 0 0 16

fn=(602)
0 2 1 0 1 1 0 1
cob=(2)
cfi=(181)
cfn=(604)
calls=1 53 
0 26 2 0 4 1 0 4

fn=(756)
0 2 1 0 1 1 0 1
cob=(7)
cfi=(185)
cfn=(760)
calls=1 0 
0 1155 333 172 17 10 0 17 2
cob=(1)
cfi=(186)
cfn=(642)
calls=1 71 
0 877 275 127 0 6 0 0 1
0 5 2 2 1 0 0 1

fn=(828)
0 2 1
cob=(7)
cfi=(185)
cfn=(832)
calls=1 0 
0 44 13 10 2 0 2 2 0 2
cob=(1)
cfi=(186)
cfn=(642)
calls=1 71 
0 782 258 127 0 6 0 0 2
0 5 2 2 1 0 0 1

fn=(1056)
0 672 336 0 2 5 0 1
cob=(7)
cfi=(185)
cfn=(1060)
calls=336 0 
0 18816 8400 3024 9 22 0 4
cob=(1)
cfi=(186)
cfn=(642)
calls=1 71 
0 985 292 127 0 7 0 0 3
0 5 2 2 1 0 0 1

fn=(1076)
0 22 11 0 1 1 0 1
cob=(2)
cfi=(200)
cfn=(1080)
calls=11 67 
0 832 176 199 7 3 6 7 1 5
cob=(1)
cfi=(186)
cfn=(642)
calls=1 71 
0 945 318 141 0 13 0 0 5
0 5 2 2 1 0 0 1

fn=(1720)
0 258 129 0 5 29 0 1
cob=(2)
cfi=(249)
cfn=(1722)
calls=129 242 
0 2061 357 228 7 0 56 1

fn=(1802)
0 8 4 0 2 0 0 1
cob=(7)
cfi=(185)
cfn=(1806)
calls=4 0 
0 3058 827 644 95 35 15 54 10 6
cob=(1)
cfi=(186)
cfn=(642)
calls=1 71 
0 874 273 127 0 7 0 0 3
0 5 2 2 1 0 0 1

fn=(1858)
0 8 4 0 2 4 0 1
cob=(7)
cfi=(185)
cfn=(1862)
calls=4 0 
0 28 12 4 4 0 0 2
cob=(1)
cfi=(186)
cfn=(642)
calls=1 71 
0 933 284 127 0 6 0 0 1
0 5 2 2 1 0 0 1

fn=(1940)
0 2587800 1293900 0 1 2 0 1
cob=(7)
cfi=(185)
cfn=(1944)
calls=1293900 0 
0 81537160 33647772 10355488 31 131 3 25 28
cob=(1)
cfi=(186)
cfn=(642)
calls=1 71 
0 701 245 127 0 9 2
0 5 2 2 1 0 0 1

fn=(2740)
0 1206 603 0 2 103 0 1
cob=(7)
cfi=(185)
cfn=(2742)
calls=603 0 
0 18356 6934 1945 15 341 0 4 5

fn=(3074)
0 2 1 0 1 1 0 1
cob=(2)
cfi=(289)
cfn=(3078)
calls=1 215 
0 418 73 43 24 10 0 24 2
cob=(1)
cfi=(186)
cfn=(642)
calls=1 71 
0 797 295 134 0 12 0 0 6
0 5 2 2 1

fn=(3818)
0 52 26 0 2 25 0 1
cob=(7)
cfi=(185)
cfn=(3820)
calls=26 0 
0 3354 1248 936 18 0 0 7

fn=(3838)
0 54 27 0 2 26
cob=(7)
cfi=(185)
cfn=(3840)
calls=27 0 
0 189 81 27 2 0 0 1

fn=(4064)
0 30 15 0 1 1 0 1
cob=(1)
cfi=(46)
cfn=(4066)
calls=15 636 
0 5435 1837 714 4 111 3 3 1

fn=(4512)
0 16 8 0 1 1
cob=(7)
cfi=(185)
cfn=(4514)
calls=8 0 
0 3598 1272 670 13 20 20 9 3

fn=(4516)
0 48 24 0 1 1 0 1
cob=(7)
cfi=(185)
cfn=(4510)
calls=24 0 
0 168 72 24
cob=(1)
cfi=(186)
cfn=(642)
calls=1 71 
0 692 243 129 1 9 20 1
0 5 2 2 1

fn=(4528)
0 32 16 0 1
cob=(7)
cfi=(185)
cfn=(1054)
calls=16 0 
0 192 80 32

fn=(4620)
0 2 1
cob=(7)
cfi=(185)
cfn=(4622)
calls=1 0 
0 656 55 46 43 8 0 43 8

fn=(1400)
0 4540 2270 0 3 30 0 1
cob=(7)
cfi=(185)
cfn=(1404)
calls=2270 0 
0 50093 18220 13645 13 87 0 3
cob=(1)
cfi=(186)
cfn=(642)
calls=1 71 
0 709 246 127 0 8 2 0 2
0 5 2 2 1 0 0 1

fn=(1401)
0 2 1
cob=(7)
cfi=(185)
cfn=(1405)
calls=1 0 
0 22 8 6

fn=(666)
0 2 1 0 1 1 0 1
cob=(7)
cfi=(185)
cfn=(670)
calls=1 0 
0 72323 21462 9698 323 419 101 323 90 94
cob=(1)
cfi=(186)
cfn=(642)
calls=1 71 
0 702 245 127 0 6 1 0 1 1
0 5 2 2 1 0 0 1

fn=(672)
0 14 7 0 1 0 0 1
cob=(7)
cfi=(185)
cfn=(676)
calls=7 0 
0 21 7 0 1 0 0 1
cob=(1)
cfi=(186)
cfn=(642)
calls=1 71 
0 812 259 127 0 11 3 0 2
0 5 2 2

fn=(768)
0 2 1 0 1 1 0 1
cob=(7)
cfi=(185)
cfn=(772)
calls=1 0 
0 51 15 12 2 1 0 2
cob=(1)
cfi=(186)
cfn=(642)
calls=1 71 
0 781 266 134 0 7
0 5 2 2 1 0 0 1

fn=(786)
0 132 66 0 3 26 0 1
cob=(2)
cfi=(192)
cfn=(790)
calls=66 30 
0 1452 594 264 12 137 24 3
cob=(1)
cfi=(186)
cfn=(642)
calls=1 71 
0 850 309 141 0 15 0 0 6
0 5 2 2 1 0 0 1

fn=(792)
0 256 128 0 1 1 0 1
cob=(2)
cfi=(193)
cfn=(796)
calls=128 30 
0 3200 1024 640 2 0 0 2
cob=(1)
cfi=(186)
cfn=(642)
calls=1 71 
0 902 310 141 0 14 0 0 4
0 5 2 2 1 0 0 1

fn=(864)
0 2 1 0 1 0 0 1
cob=(7)
cfi=(185)
cfn=(868)
calls=1 0 
0 51 15 12 1 0 1 1 0 1
cob=(1)
cfi=(186)
cfn=(642)
calls=1 71 
0 781 266 134 0 6 0 0 1
0 5 2 2 1 0 0 1

fn=(938)
0 2 1 0 1 1 0 1
cob=(7)
cfi=(185)
cfn=(942)
calls=1 0 
0 353 75 75 5 0 0 5
cob=(1)
cfi=(186)
cfn=(642)
calls=1 71 
0 938 284 127 0 5
0 5 2 2 1 0 0 1

fn=(1136)
0 3088708 1544354 0 1 40524 0 1
cob=(2)
cfi=(204)
cfn=(1140)
calls=1544354 3294 
0 84582182 21238154 12217586 295 506903 109713 128 5820 26923
cob=(1)
cfi=(186)
cfn=(642)
calls=1 71 
0 901 311 141 1 13 0 0 1
0 5 2 2 1 0 0 1

fn=(1694)
0 503098 251549 0 0 39533
cob=(7)
cfi=(185)
cfn=(1696)
calls=251549 0 
0 30931001 6730293 3922157 205 547378 109665 65 5807 26875

fn=(1854)
0 2585608 1292804 0 2 4 0 1
cob=(7)
cfi=(185)
cfn=(1696)
calls=1292804 0 
0 81447724 20685079 12928171 30 17 3 2 0 3
cob=(1)
cfi=(186)
cfn=(642)
calls=1 71 
0 646 242 134 0 8
0 5 2 2 1

fn=(1956)
0 3032 1516 0 1 2 0 1
cob=(7)
cfi=(185)
cfn=(1960)
calls=1516 0 
0 19008 7874 136 9 43 0 3 4
cob=(1)
cfi=(186)
cfn=(642)
calls=1 71 
0 750 252 127 0 8 1 0 1
0 5 2 2 1 0 0 1

fn=(1962)
0 3032 1516 0 2 3 0 1
cob=(2)
cfi=(264)
cfn=(1966)
calls=1516 32 
0 10612 4548 0 2 4 0 1
cob=(1)
cfi=(186)
cfn=(642)
calls=1 71 
0 811 292 134 4 36 0 0 4
0 5 2 2 1 0 0 1

fn=(1982)
0 2585600 1292800 0 0 2
cob=(7)
cfi=(185)
cfn=(1986)
calls=1292800 0 
0 151258499 37491482 28441740 6 26 2 6 1 1
cob=(1)
cfi=(186)
cfn=(642)
calls=1 71 
0 753 254 127 0 7 0 0 1
0 5 2 2 1 0 0 1

fn=(2140)
0 6 3 0 1 3 0 1
cob=(7)
cfi=(185)
cfn=(2142)
calls=3 0 
0 3690 1207 639 20 46 0 17 3

fn=(2150)
0 224 112 0 2 3 0 1
cob=(7)
cfi=(185)
cfn=(2154)
calls=112 0 
0 9886 3223 2050 17 25 0 10 2
cob=(1)
cfi=(186)
cfn=(642)
calls=1 71 
0 686 242 127 0 6 0 0 1
0 5 2 2 1 0 0 1

fn=(2490)
0 232 116 0 2 1 0 1
cob=(7)
cfi=(185)
cfn=(2494)
calls=116 0 
0 1624 116 348 4 0 0 2
cob=(1)
cfi=(186)
cfn=(642)
calls=1 71 
0 1001 296 127 0 7 0 0 2
0 5 2 2

fn=(2520)
0 2000 1000 0 0 1
cob=(7)
cfi=(185)
cfn=(2524)
calls=1000 0 
0 393295 103240 54810 19 1 3 19
cob=(1)
cfi=(186)
cfn=(642)
calls=1 71 
0 1301 346 127 0 11 0 0 2
0 5 2 2 1 0 0 1

fn=(3024)
0 2 1 0 0 1
cob=(7)
cfi=(185)
cfn=(3028)
calls=1 0 
0 374 80 54 6 0 0 6
cob=(1)
cfi=(186)
cfn=(642)
calls=1 71 
0 1193 327 127 0 8 0 0 1
0 5 2 2 1 0 0 1

fn=(3030)
0 54 27 0 0 10
cob=(7)
cfi=(185)
cfn=(3032)
calls=27 0 
0 11578 3785 1961 147 432 40 58 33

fn=(3184)
0 38 19 0 1 9 0 1
cob=(2)
cfi=(296)
cfn=(3188)
calls=19 626 
0 24823 5631 4741 224 368 491 102 4 439
cob=(1)
cfi=(186)
cfn=(642)
calls=1 71 
0 958 336 147 0 16 3 0 7 3
0 5 2 2 1 0 0 1

fn=(3658)
0 209740 104870 0 2 10116 0 1
cob=(2)
cfi=(305)
cfn=(3214)
calls=104870 77 
0 3775397 943844 524361 8 134748 46 2 197

fn=(3984)
0 48 24 0 1 24 0 1
cob=(2)
cfi=(353)
cfn=(3986)
calls=24 24 
0 2304 480 336 5 96 24 5 13

fn=(4288)
0 2000 1000 0 1 1 0 1
cob=(7)
cfi=(185)
cfn=(4290)
calls=1000 0 
0 24893 4678 1331 13 42 21 11 2

fn=(4790)
0 2 1 0 1 1 0 1
cob=(7)
cfi=(185)
cfn=(4794)
calls=1 0 
0 896 321 154 6 36 0 2 3
cob=(1)
cfi=(186)
cfn=(642)
calls=1 71 
0 796 260 129 0 6 0 0 1
0 5 2 2 1 0 0 1

fn=(4872)
0 10 5 0 1 0 0 1
cob=(2)
cfi=(304)
cfn=(3212)
calls=5 158 
0 87 5 9 2 0 0 2
cob=(1)
cfi=(186)
cfn=(642)
calls=1 71 
0 807 295 138 3 15 0 0 4
0 5 2 2 1

fn=(4992)
0 4 1 0 2 0 0 2

fn=(5020)
0 2 1 0 1
cob=(2)
cfi=(378)
cfn=(4978)
calls=1 30 
0 6806 2327 1103 58 155 13 36 25

fn=(5058)
0 4 2 0 0 1
cob=(7)
cfi=(185)
cfn=(5062)
calls=2 0 
0 966 340 144 9 37 0 7 10
cob=(1)
cfi=(186)
cfn=(642)
calls=1 71 
0 696 243 129 0 9 0 0 2
0 5 2 2 1 0 0 1

fn=(720)
0 64 32 0 1 1 0 1
cob=(7)
cfi=(185)
cfn=(724)
calls=32 0 
0 13455 3993 513 10 13 0 10 8
cob=(1)
cfi=(186)
cfn=(642)
calls=1 71 
0 942 284 127 0 7 0 0 3
0 5 2 2 1 0 0 1

fn=(732)
0 2 1 0 1 1 0 1
cob=(7)
cfi=(185)
cfn=(736)
calls=1 0 
0 44 13 10 2 1 1 2 0 1
cob=(1)
cfi=(186)
cfn=(642)
calls=1 71 
0 850 275 134 0 6 0 0 1
0 5 2 2 1 0 0 1

fn=(738)
0 2 1 0 1 1 0 1
cob=(7)
cfi=(185)
cfn=(742)
calls=1 0 
0 417 138 76 5 5 0 5 3
cob=(1)
cfi=(186)
cfn=(642)
calls=1 71 
0 1002 294 127 0 9 0 0 2
0 5 2 2 1 0 0 1

fn=(820)
0 2585802 1292901 0 6 29 0 1
cob=(2)
cfi=(198)
cfn=(822)
calls=1292901 52 
0 18100614 2585802 0 2 34 0 1 8

fn=(872)
0 2 1 0 1 0 0 1
cob=(7)
cfi=(185)
cfn=(876)
calls=1 0 
0 417 138 76 5 0 0 5
cob=(1)
cfi=(186)
cfn=(642)
calls=1 71 
0 930 283 127 0 9 0 0 1
0 5 2 2 1 0 0 1

fn=(926)
0 2 1 0 1 1 0 1
cob=(7)
cfi=(185)
cfn=(930)
calls=1 0 
0 51 15 12 2 0 1 2 0 1
cob=(1)
cfi=(186)
cfn=(642)
calls=1 71 
0 713 247 127 0 7 0 0 1
0 5 2 2 1 0 0 1

fn=(956)
0 2 1 0 1 1 0 1
cob=(7)
cfi=(185)
cfn=(960)
calls=1 0 
0 109 30 31 5 0 0 5
cob=(1)
cfi=(186)
cfn=(642)
calls=1 71 
0 1034 299 127 0 9 0 0 2
0 5 2 2 1 0 0 1

fn=(1108)
0 2 1 0 1 0 0 1
cob=(7)
cfi=(185)
cfn=(1112)
calls=1 0 
0 3 1 0 1 0 0 1
cob=(1)
cfi=(186)
cfn=(642)
calls=1 71 
0 740 247 127 0 6
0 5 2 2

fn=(1734)
0 3088706 1544353 0 1 49371
cob=(7)
cfi=(185)
cfn=(1738)
calls=1544353 0 
0 147187752 42844111 22918322 80 417469 34 32 1946 8
cob=(1)
cfi=(186)
cfn=(642)
calls=1 71 
0 606 229 127 0 6
0 5 2 2 1 0 0 1

fn=(1796)
0 54 27 0 2 4 0 1
cob=(7)
cfi=(185)
cfn=(1800)
calls=27 0 
0 108 54
cob=(1)
cfi=(186)
cfn=(642)
calls=1 71 
0 778 257 127 0 8 0 0 1
0 5 2 2 1 0 0 1

fn=(1850)
0 8 4 0 2 3 0 1
cob=(7)
cfi=(185)
cfn=(1852)
calls=4 0 
0 1846 501 296 35 13 2 4 0 2

fn=(1930)
0 2585600 1292800 0 1 2 0 1
cob=(7)
cfi=(185)
cfn=(1932)
calls=1292800 0 
0 2170952603 606226804 313881155 162 574 80854 150 161 1

fn=(1950)
0 3030 1515 0 1 3 0 1
cob=(7)
cfi=(185)
cfn=(1954)
calls=1515 0 
0 79620 23564 11006 15 68 1 9 9
cob=(1)
cfi=(186)
cfn=(642)
calls=1 71 
0 778 257 127 0 8 2 0 2
0 5 2 2 1 0 0 1

fn=(2054)
0 2585600 1292800 0 1 2 0 1
cob=(7)
cfi=(185)
cfn=(2058)
calls=1292800 0 
0 120230400 34905600 18099200 1 5 0 1
cob=(1)
cfi=(186)
cfn=(642)
calls=1 71 
0 749 254 127 0 7 0 0 1
0 5 2 2 1 0 0 1

fn=(2082)
0 14 7 0 2 3 0 1
cob=(7)
cfi=(185)
cfn=(2086)
calls=7 0 
0 9456 2948 1572 139 175 2 75 15
cob=(1)
cfi=(186)
cfn=(642)
calls=1 71 
0 913 279 127 0 39 13 0 1
0 5 2 2 1 1 0 1

fn=(2442)
0 200 100 0 1 0 0 1
cob=(7)
cfi=(185)
cfn=(2444)
calls=100 0 
0 100603 32065 22634 61 150 22 40 11 1

fn=(2484)
0 216 108 0 2 2 0 1
cob=(7)
cfi=(185)
cfn=(2488)
calls=108 0 
0 6422 1270 1101 16 7 0 7 2
cob=(1)
cfi=(186)
cfn=(642)
calls=1 71 
0 1001 295 127 0 8 0 0 1
0 5 2 2 1 0 0 1

fn=(2512)
0 2000 1000 0 1 1
cob=(7)
cfi=(185)
cfn=(2516)
calls=1000 0 
0 514301 148088 71839 24 15 3 24 2
cob=(1)
cfi=(186)
cfn=(642)
calls=1 71 
0 741 252 127 0 8 0 0 2
0 5 2 2 1 0 0 1

fn=(2874)
0 20000 10000 0 1 1 0 1
cob=(3)
cfi=(286)
cfn=(2876)
calls=10000 49 
0 468230 111770 0 8 1490 0 8 37

fn=(3016)
0 2 1
cob=(7)
cfi=(185)
cfn=(3020)
calls=1 0 
0 1659 442 198 12 9 0 12 1
cob=(1)
cfi=(186)
cfn=(642)
calls=1 71 
0 737 251 127 0 7 0 0 1
0 5 2 2 1

fn=(3036)
0 2204 1102 0 2 3
cob=(7)
cfi=(185)
cfn=(3040)
calls=1102 0 
0 72907 30181 15636 52 50 9 18 7
cob=(1)
cfi=(186)
cfn=(642)
calls=1 71 
0 645 236 127 0 7
0 5 2 2 1 0 0 1

fn=(3180)
0 38 19 0 1
cob=(7)
cfi=(185)
cfn=(3182)
calls=19 0 
0 26128 6064 4966 227 393 503 105 11 442

fn=(3204)
0 38 19 0 9 9
cob=(1)
cfi=(46)
cfn=(3206)
calls=19 626 
0 14459 2945 2204 85 154 237 39 3 229

fn=(3846)
0 64 32 0 2 1
cob=(7)
cfi=(185)
cfn=(3850)
calls=32 0 
0 79903 19948 12679 733 1428 693 181 40 25
cob=(1)
cfi=(186)
cfn=(642)
calls=1 71 
0 727 250 129 15 39 14 10 3 13
0 5 2 2 2 1 0 1

fn=(4116)
0 2 1 0 1 1 0 1
cob=(1)
cfi=(366)
cfn=(4118)
calls=1 214 
0 31 12 5 4 2 0 4 1

fn=(4520)
0 16 8 0 1 1 0 1
cob=(7)
cfi=(185)
cfn=(4524)
calls=8 0 
0 624 208 136 4 1 0 1
cob=(1)
cfi=(186)
cfn=(642)
calls=1 71 
0 776 257 129 0 7 0 0 3
0 5 2 2 1 0 0 1

fn=(4542)
0 14 7 0 1 1 0 1
cob=(7)
cfi=(185)
cfn=(4544)
calls=7 0 
0 18356 4523 2961 356 50 20 23 1

fn=(5052)
0 4 2 0 1 1 0 1
cob=(7)
cfi=(185)
cfn=(5056)
calls=2 0 
0 1689 593 279 11 47 0 9 12
cob=(1)
cfi=(186)
cfn=(642)
calls=1 71 
0 728 249 129 0 9 1 0 2
0 5 2 2 1 0 0 1

fn=(5092)
0 4 1 0 1 0 0 1

fn=(5140)
0 4 1 0 1 0 0 1

fn=(1408)
0 260 130 0 4 29 0 1
cob=(2)
cfi=(226)
cfn=(1412)
calls=130 31 
0 31535 7933 4236 105 214 106 51 1 2
cob=(1)
cfi=(186)
cfn=(642)
calls=1 71 
0 793 290 134 0 9 0 0 1
0 5 2 2 1 0 0 1

fn=(684)
0 2585692 1292846 0 5 29 0 1
cob=(7)
cfi=(185)
cfn=(688)
calls=1292846 0 
0 29738434 9050884 3878986 33 126 26 27 16
cob=(1)
cfi=(186)
cfn=(642)
calls=1 71 
0 826 264 127 0 6 1 0 2
0 5 2 2 1 0 0 1

fn=(690)
0 2585772 1292886 0 5 29 0 1
cob=(2)
cfi=(188)
cfn=(694)
calls=1292886 136 
0 7759323 2586410 323 34 54 4 23 9
cob=(1)
cfi=(186)
cfn=(642)
calls=1 71 
0 1044 340 147 0 19 0 0 7
0 5 2 2 1 0 0 1

fn=(704)
0 2 1 0 1 1 0 1
cob=(7)
cfi=(185)
cfn=(708)
calls=1 0 
0 875 314 149 9 13 0 9 5
cob=(1)
cfi=(186)
cfn=(642)
calls=1 71 
0 970 289 127 0 7 2 0 2
0 5 2 2 1 0 0 1

fn=(744)
0 2 1 0 1 1 0 1
cob=(7)
cfi=(185)
cfn=(748)
calls=1 0 
0 114 38 31 6 2 0 6 1
cob=(1)
cfi=(186)
cfn=(642)
calls=1 71 
0 1066 305 127 0 8 0 0 2
0 5 2 2 1 0 0 1

fn=(780)
0 2 1 0 1 1 0 1
cob=(7)
cfi=(185)
cfn=(784)
calls=1 0 
0 25536 7302 3741 41 78 20 41 22 20
cob=(1)
cfi=(186)
cfn=(642)
calls=1 71 
0 794 260 127 0 6 0 0 2
0 5 2 2 1 0 0 1

fn=(1026)
0 240 120 0 2 4 0 1
cob=(7)
cfi=(185)
cfn=(1030)
calls=120 0 
0 11246 1614 3762 31 8 41 12 0 22
cob=(1)
cfi=(186)
cfn=(642)
calls=1 71 
0 678 241 127 0 6 0 0 1
0 5 2 2 1 0 0 1

fn=(1092)
0 4 2
cob=(7)
cfi=(185)
cfn=(1096)
calls=2 0 
0 10 4 2 1 0 0 1
cob=(1)
cfi=(186)
cfn=(642)
calls=1 71 
0 744 248 127 0 10 0 0 2
0 5 2 2

fn=(1716)
0 20 10 0 2 0 0 1
cob=(7)
cfi=(185)
cfn=(1718)
calls=10 0 
0 3587 1044 607 45 17 2 6

fn=(1844)
0 8 4 0 2 4 0 1
cob=(7)
cfi=(185)
cfn=(1848)
calls=4 0 
0 1926 529 316 41 16 2 7 0 2
cob=(1)
cfi=(186)
cfn=(642)
calls=1 71 
0 1001 296 127 0 10 0 0 3
0 5 2 2 1 0 0 1

fn=(2528)
0 200 100 0 1 1 0 1
cob=(7)
cfi=(185)
cfn=(2530)
calls=100 0 
0 22000 6500 4400 4 0 0 4

fn=(3044)
0 4 2 0 2 2
cob=(2)
cfi=(287)
cfn=(3048)
calls=2 25 
0 463 125 74 31 9 2 10
cob=(1)
cfi=(186)
cfn=(642)
calls=1 71 
0 785 292 134 0 35 0 0 7
0 5 2 2 1 0 0 1

fn=(3052)
0 60 30 0 2 28 0 1
cob=(7)
cfi=(185)
cfn=(3056)
calls=30 0 
0 11688 3867 1976 115 420 39 44 40
cob=(1)
cfi=(186)
cfn=(642)
calls=1 71 
0 681 241 127 0 7 0 0 2
0 5 2 2 1 0 0 1

fn=(3053)
0 2 1
cob=(7)
cfi=(185)
cfn=(3057)
calls=1 0 
0 142 56 24

fn=(3070)
0 2 1 0 1 1 0 1
cob=(7)
cfi=(185)
cfn=(3072)
calls=1 0 
0 1231 373 181 27 23 0 26 8

fn=(3264)
0 290 145 0 10 44
cob=(2)
cfi=(249)
cfn=(1606)
calls=145 255 
0 1795 435 290 1 28 0 0 2

fn=(3926)
0 38 19 0 1 4 0 1
cob=(7)
cfi=(185)
cfn=(3928)
calls=19 0 
0 10522 3304 1880 44 266 51 27 10 3

fn=(4292)
0 200 100 0 1 1
cob=(7)
cfi=(185)
cfn=(4198)
calls=100 0 
0 3800 700 100 4 1 0 4 1
cob=(1)
cfi=(186)
cfn=(642)
calls=1 71 
0 888 276 129 1 38 21
0 5 2 2 1 1 0 1

fn=(4784)
0 2 1 0 1 1 0 1
cob=(7)
cfi=(185)
cfn=(4788)
calls=1 0 
0 1740 598 294 12 43 0 7 4
cob=(1)
cfi=(186)
cfn=(642)
calls=1 71 
0 999 295 129 0 9 0 0 2
0 5 2 2 1 0 0 1

fn=(4838)
0 8 4 0 1 1 0 1
cob=(7)
cfi=(185)
cfn=(4842)
calls=4 0 
0 1879 395 261 13 0 0 13
cob=(1)
cfi=(186)
cfn=(642)
calls=1 71 
0 1215 330 129 0 10 0 0 3
0 5 2 2 1

fn=(5042)
0 4 2 0 1 1
cob=(7)
cfi=(185)
cfn=(5046)
calls=2 0 
0 4 2
cob=(1)
cfi=(186)
cfn=(642)
calls=1 71 
0 766 251 129 7 30 11 2 2
0 5 2 2 1 1 0 1

fn=(5070)
0 6 3 0 1 1 0 1
cob=(7)
cfi=(185)
cfn=(5074)
calls=3 0 
0 1636 560 246 8 23 0 8 4
cob=(1)
cfi=(186)
cfn=(642)
calls=1 71 
0 879 275 129 0 8 0 0 2
0 5 2 2 1 0 0 1

fn=(5071)
0 2 1
cob=(7)
cfi=(185)
cfn=(5075)
calls=1 0 
0 142 56 24

totals: 109995299854 40917992322 30375349737 7824 258041118 4050931 5111 101618 339238
